src_ref	dst_ref	rel
1.1.1	1.1.3	anuvritti
1.1.2	1.1.3	anuvritti
1.1.3	1.1.4	anuvritti
1.1.3	1.1.5	anuvritti
1.1.3	1.1.6	anuvritti
1.1.4	1.1.5	anuvritti
1.1.4	1.1.6	anuvritti
1.1.9	1.1.10	anuvritti
1.1.11	1.1.12	anuvritti
1.1.11	1.1.13	anuvritti
1.1.11	1.1.14	anuvritti
1.1.11	1.1.15	anuvritti
1.1.11	1.1.16	anuvritti
1.1.11	1.1.17	anuvritti
1.1.11	1.1.18	anuvritti
1.1.11	1.1.19	anuvritti
1.1.14	1.1.15	anuvritti
1.1.15	1.1.16	anuvritti
1.1.16	1.1.17	anuvritti
1.1.16	1.1.18	anuvritti
1.1.17	1.1.18	anuvritti
1.1.23	1.1.24	anuvritti
1.1.23	1.1.25	anuvritti
1.1.24	1.1.25	anuvritti
1.1.27	1.1.28	anuvritti
1.1.27	1.1.29	anuvritti
1.1.27	1.1.30	anuvritti
1.1.27	1.1.31	anuvritti
1.1.27	1.1.32	anuvritti
1.1.27	1.1.33	anuvritti
1.1.27	1.1.34	anuvritti
1.1.27	1.1.35	anuvritti
1.1.27	1.1.36	anuvritti
1.1.29	1.1.30	anuvritti
1.1.29	1.1.31	anuvritti
1.1.29	1.1.32	anuvritti
1.1.31	1.1.32	anuvritti
1.1.32	1.1.33	anuvritti
1.1.32	1.1.34	anuvritti
1.1.32	1.1.35	anuvritti
1.1.32	1.1.36	anuvritti
1.1.37	1.1.38	anuvritti
1.1.37	1.1.39	anuvritti
1.1.37	1.1.40	anuvritti
1.1.37	1.1.41	anuvritti
1.1.42	1.1.43	anuvritti
1.1.49	1.1.51	anuvritti
1.1.49	1.1.52	anuvritti
1.1.49	1.1.53	anuvritti
1.1.49	1.1.54	anuvritti
1.1.49	1.1.55	anuvritti
1.1.50	1.1.60	anuvritti
1.1.52	1.1.53	anuvritti
1.1.52	1.1.54	anuvritti
1.1.56	1.1.57	anuvritti
1.1.56	1.1.58	anuvritti
1.1.56	1.1.59	anuvritti
1.1.57	1.1.58	anuvritti
1.1.60	1.1.61	anuvritti
1.1.62	1.1.63	anuvritti
1.1.66	1.1.67	anuvritti
1.1.68	1.1.69	anuvritti
1.1.68	1.1.70	anuvritti
1.1.68	1.1.71	anuvritti
1.1.68	1.1.72	anuvritti
1.1.69	1.1.70	anuvritti
1.1.73	1.1.74	anuvritti
1.1.73	1.1.75	anuvritti
1.2.1	1.2.2	anuvritti
1.2.1	1.2.3	anuvritti
1.2.1	1.2.4	anuvritti
1.2.2	1.2.3	anuvritti
1.2.4	1.2.5	anuvritti
1.2.5	1.2.6	anuvritti
1.2.5	1.2.7	anuvritti
1.2.5	1.2.8	anuvritti
1.2.5	1.2.9	anuvritti
1.2.5	1.2.10	anuvritti
1.2.5	1.2.11	anuvritti
1.2.5	1.2.12	anuvritti
1.2.5	1.2.13	anuvritti
1.2.5	1.2.14	anuvritti
1.2.5	1.2.15	anuvritti
1.2.5	1.2.16	anuvritti
1.2.5	1.2.17	anuvritti
1.2.5	1.2.18	anuvritti
1.2.5	1.2.19	anuvritti
1.2.5	1.2.20	anuvritti
1.2.5	1.2.21	anuvritti
1.2.5	1.2.22	anuvritti
1.2.5	1.2.23	anuvritti
1.2.5	1.2.24	anuvritti
1.2.5	1.2.25	anuvritti
1.2.5	1.2.26	anuvritti
1.2.7	1.2.8	anuvritti
1.2.8	1.2.9	anuvritti
1.2.8	1.2.10	anuvritti
1.2.9	1.2.10	anuvritti
1.2.9	1.2.11	anuvritti
1.2.9	1.2.12	anuvritti
1.2.9	1.2.13	anuvritti
1.2.10	1.2.11	anuvritti
1.2.11	1.2.12	anuvritti
1.2.11	1.2.13	anuvritti
1.2.11	1.2.14	anuvritti
1.2.11	1.2.15	anuvritti
1.2.11	1.2.16	anuvritti
1.2.11	1.2.17	anuvritti
1.2.14	1.2.15	anuvritti
1.2.14	1.2.16	anuvritti
1.2.14	1.2.17	anuvritti
1.2.15	1.2.16	anuvritti
1.2.18	1.2.19	anuvritti
1.2.18	1.2.20	anuvritti
1.2.18	1.2.21	anuvritti
1.2.18	1.2.22	anuvritti
1.2.18	1.2.23	anuvritti
1.2.18	1.2.24	anuvritti
1.2.18	1.2.25	anuvritti
1.2.18	1.2.26	anuvritti
1.2.19	1.2.20	anuvritti
1.2.19	1.2.21	anuvritti
1.2.19	1.2.22	anuvritti
1.2.22	1.2.23	anuvritti
1.2.22	1.2.24	anuvritti
1.2.22	1.2.25	anuvritti
1.2.22	1.2.26	anuvritti
1.2.23	1.2.24	anuvritti
1.2.23	1.2.25	anuvritti
1.2.23	1.2.26	anuvritti
1.2.27	1.2.28	anuvritti
1.2.27	1.2.29	anuvritti
1.2.27	1.2.30	anuvritti
1.2.27	1.2.31	anuvritti
1.2.33	1.2.34	anuvritti
1.2.33	1.2.35	anuvritti
1.2.33	1.2.36	anuvritti
1.2.33	1.2.37	anuvritti
1.2.33	1.2.38	anuvritti
1.2.33	1.2.39	anuvritti
1.2.34	1.2.35	anuvritti
1.2.37	1.2.38	anuvritti
1.2.39	1.2.40	anuvritti
1.2.43	1.2.44	anuvritti
1.2.45	1.2.46	anuvritti
1.2.47	1.2.48	anuvritti
1.2.48	1.2.49	anuvritti
1.2.49	1.2.50	anuvritti
1.2.51	1.2.52	anuvritti
1.2.53	1.2.54	anuvritti
1.2.53	1.2.55	anuvritti
1.2.53	1.2.56	anuvritti
1.2.53	1.2.57	anuvritti
1.2.56	1.2.57	anuvritti
1.2.56	1.2.58	anuvritti
1.2.58	1.2.59	anuvritti
1.2.58	1.2.60	anuvritti
1.2.58	1.2.61	anuvritti
1.2.58	1.2.62	anuvritti
1.2.59	1.2.60	anuvritti
1.2.59	1.2.61	anuvritti
1.2.60	1.2.61	anuvritti
1.2.60	1.2.62	anuvritti
1.2.61	1.2.62	anuvritti
1.2.64	1.2.65	anuvritti
1.2.64	1.2.66	anuvritti
1.2.64	1.2.67	anuvritti
1.2.64	1.2.68	anuvritti
1.2.64	1.2.69	anuvritti
1.2.64	1.2.70	anuvritti
1.2.64	1.2.71	anuvritti
1.2.64	1.2.72	anuvritti
1.2.64	1.2.73	anuvritti
1.2.65	1.2.66	anuvritti
1.2.65	1.2.67	anuvritti
1.2.65	1.2.68	anuvritti
1.2.65	1.2.69	anuvritti
1.2.69	1.2.70	anuvritti
1.2.69	1.2.71	anuvritti
1.3.2	1.3.3	anuvritti
1.3.2	1.3.4	anuvritti
1.3.2	1.3.5	anuvritti
1.3.2	1.3.6	anuvritti
1.3.2	1.3.7	anuvritti
1.3.2	1.3.8	anuvritti
1.3.2	1.3.12	anuvritti
1.3.3	1.3.4	anuvritti
1.3.5	1.3.6	anuvritti
1.3.5	1.3.7	anuvritti
1.3.5	1.3.8	anuvritti
1.3.6	1.3.7	anuvritti
1.3.6	1.3.8	anuvritti
1.3.12	1.3.13	anuvritti
1.3.12	1.3.14	anuvritti
1.3.12	1.3.15	anuvritti
1.3.12	1.3.16	anuvritti
1.3.12	1.3.17	anuvritti
1.3.12	1.3.18	anuvritti
1.3.12	1.3.19	anuvritti
1.3.12	1.3.20	anuvritti
1.3.12	1.3.21	anuvritti
1.3.12	1.3.22	anuvritti
1.3.12	1.3.23	anuvritti
1.3.12	1.3.24	anuvritti
1.3.12	1.3.25	anuvritti
1.3.12	1.3.26	anuvritti
1.3.12	1.3.27	anuvritti
1.3.12	1.3.28	anuvritti
1.3.12	1.3.29	anuvritti
1.3.12	1.3.30	anuvritti
1.3.12	1.3.31	anuvritti
1.3.12	1.3.32	anuvritti
1.3.12	1.3.33	anuvritti
1.3.12	1.3.34	anuvritti
1.3.12	1.3.35	anuvritti
1.3.12	1.3.36	anuvritti
1.3.12	1.3.37	anuvritti
1.3.12	1.3.38	anuvritti
1.3.12	1.3.39	anuvritti
1.3.12	1.3.40	anuvritti
1.3.12	1.3.41	anuvritti
1.3.12	1.3.42	anuvritti
1.3.12	1.3.43	anuvritti
1.3.12	1.3.44	anuvritti
1.3.12	1.3.45	anuvritti
1.3.12	1.3.46	anuvritti
1.3.12	1.3.47	anuvritti
1.3.12	1.3.48	anuvritti
1.3.12	1.3.49	anuvritti
1.3.12	1.3.50	anuvritti
1.3.12	1.3.51	anuvritti
1.3.12	1.3.52	anuvritti
1.3.12	1.3.53	anuvritti
1.3.12	1.3.54	anuvritti
1.3.12	1.3.55	anuvritti
1.3.12	1.3.56	anuvritti
1.3.12	1.3.57	anuvritti
1.3.12	1.3.58	anuvritti
1.3.12	1.3.59	anuvritti
1.3.12	1.3.60	anuvritti
1.3.12	1.3.61	anuvritti
1.3.12	1.3.62	anuvritti
1.3.12	1.3.63	anuvritti
1.3.12	1.3.64	anuvritti
1.3.12	1.3.65	anuvritti
1.3.12	1.3.66	anuvritti
1.3.12	1.3.67	anuvritti
1.3.12	1.3.68	anuvritti
1.3.12	1.3.69	anuvritti
1.3.12	1.3.70	anuvritti
1.3.12	1.3.71	anuvritti
1.3.12	1.3.72	anuvritti
1.3.12	1.3.73	anuvritti
1.3.12	1.3.74	anuvritti
1.3.12	1.3.75	anuvritti
1.3.12	1.3.76	anuvritti
1.3.12	1.3.77	anuvritti
1.3.14	1.3.15	anuvritti
1.3.14	1.3.16	anuvritti
1.3.14	1.3.78	anuvritti
1.3.14	1.3.79	anuvritti
1.3.14	1.3.80	anuvritti
1.3.14	1.3.81	anuvritti
1.3.14	1.3.82	anuvritti
1.3.14	1.3.83	anuvritti
1.3.14	1.3.84	anuvritti
1.3.14	1.3.85	anuvritti
1.3.14	1.3.86	anuvritti
1.3.14	1.3.87	anuvritti
1.3.14	1.3.88	anuvritti
1.3.14	1.3.89	anuvritti
1.3.14	1.3.90	anuvritti
1.3.14	1.3.91	anuvritti
1.3.14	1.3.92	anuvritti
1.3.14	1.3.93	anuvritti
1.3.15	1.3.16	anuvritti
1.3.20	1.3.21	anuvritti
1.3.22	1.3.23	anuvritti
1.3.22	1.3.24	anuvritti
1.3.22	1.3.25	anuvritti
1.3.22	1.3.26	anuvritti
1.3.25	1.3.26	anuvritti
1.3.26	1.3.27	anuvritti
1.3.26	1.3.28	anuvritti
1.3.26	1.3.29	anuvritti
1.3.30	1.3.31	anuvritti
1.3.32	1.3.33	anuvritti
1.3.32	1.3.34	anuvritti
1.3.32	1.3.35	anuvritti
1.3.34	1.3.35	anuvritti
1.3.36	1.3.37	anuvritti
1.3.38	1.3.39	anuvritti
1.3.38	1.3.40	anuvritti
1.3.38	1.3.41	anuvritti
1.3.38	1.3.42	anuvritti
1.3.38	1.3.43	anuvritti
1.3.44	1.3.45	anuvritti
1.3.44	1.3.46	anuvritti
1.3.47	1.3.48	anuvritti
1.3.47	1.3.49	anuvritti
1.3.47	1.3.50	anuvritti
1.3.48	1.3.49	anuvritti
1.3.48	1.3.50	anuvritti
1.3.51	1.3.52	anuvritti
1.3.53	1.3.54	anuvritti
1.3.54	1.3.55	anuvritti
1.3.57	1.3.58	anuvritti
1.3.57	1.3.59	anuvritti
1.3.58	1.3.59	anuvritti
1.3.60	1.3.61	anuvritti
1.3.67	1.3.68	anuvritti
1.3.67	1.3.69	anuvritti
1.3.67	1.3.70	anuvritti
1.3.67	1.3.71	anuvritti
1.3.69	1.3.70	anuvritti
1.3.72	1.3.73	anuvritti
1.3.72	1.3.74	anuvritti
1.3.72	1.3.75	anuvritti
1.3.72	1.3.76	anuvritti
1.3.72	1.3.77	anuvritti
1.3.78	1.3.79	anuvritti
1.3.78	1.3.80	anuvritti
1.3.78	1.3.81	anuvritti
1.3.78	1.3.82	anuvritti
1.3.78	1.3.83	anuvritti
1.3.78	1.3.84	anuvritti
1.3.78	1.3.85	anuvritti
1.3.78	1.3.86	anuvritti
1.3.78	1.3.87	anuvritti
1.3.78	1.3.88	anuvritti
1.3.78	1.3.89	anuvritti
1.3.78	1.3.90	anuvritti
1.3.78	1.3.91	anuvritti
1.3.78	1.3.92	anuvritti
1.3.78	1.3.93	anuvritti
1.3.83	1.3.84	anuvritti
1.3.83	1.3.85	anuvritti
1.3.84	1.3.85	anuvritti
1.3.86	1.3.87	anuvritti
1.3.86	1.3.88	anuvritti
1.3.86	1.3.89	anuvritti
1.3.90	1.3.91	anuvritti
1.3.90	1.3.92	anuvritti
1.3.90	1.3.93	anuvritti
1.3.92	1.3.93	anuvritti
1.4.1	1.4.2	adhikara
1.4.1	1.4.3	adhikara
1.4.1	1.4.4	adhikara
1.4.1	1.4.5	adhikara
1.4.1	1.4.6	adhikara
1.4.1	1.4.7	adhikara
1.4.1	1.4.8	adhikara
1.4.1	1.4.9	adhikara
1.4.1	1.4.10	adhikara
1.4.1	1.4.11	adhikara
1.4.1	1.4.12	adhikara
1.4.1	1.4.13	adhikara
1.4.1	1.4.14	adhikara
1.4.1	1.4.15	adhikara
1.4.1	1.4.16	adhikara
1.4.1	1.4.17	adhikara
1.4.1	1.4.18	adhikara
1.4.1	1.4.19	adhikara
1.4.1	1.4.20	adhikara
1.4.1	1.4.21	adhikara
1.4.1	1.4.22	adhikara
1.4.1	1.4.23	adhikara
1.4.1	1.4.24	adhikara
1.4.1	1.4.25	adhikara
1.4.1	1.4.26	adhikara
1.4.1	1.4.27	adhikara
1.4.1	1.4.28	adhikara
1.4.1	1.4.29	adhikara
1.4.1	1.4.30	adhikara
1.4.1	1.4.31	adhikara
1.4.1	1.4.32	adhikara
1.4.1	1.4.33	adhikara
1.4.1	1.4.34	adhikara
1.4.1	1.4.35	adhikara
1.4.1	1.4.36	adhikara
1.4.1	1.4.37	adhikara
1.4.1	1.4.38	adhikara
1.4.1	1.4.39	adhikara
1.4.1	1.4.40	adhikara
1.4.1	1.4.41	adhikara
1.4.1	1.4.42	adhikara
1.4.1	1.4.43	adhikara
1.4.1	1.4.44	adhikara
1.4.1	1.4.45	adhikara
1.4.1	1.4.46	adhikara
1.4.1	1.4.47	adhikara
1.4.1	1.4.48	adhikara
1.4.1	1.4.49	adhikara
1.4.1	1.4.50	adhikara
1.4.1	1.4.51	adhikara
1.4.1	1.4.52	adhikara
1.4.1	1.4.53	adhikara
1.4.1	1.4.54	adhikara
1.4.1	1.4.55	adhikara
1.4.1	1.4.56	adhikara
1.4.1	1.4.57	adhikara
1.4.1	1.4.58	adhikara
1.4.1	1.4.59	adhikara
1.4.1	1.4.60	adhikara
1.4.1	1.4.61	adhikara
1.4.1	1.4.62	adhikara
1.4.1	1.4.63	adhikara
1.4.1	1.4.64	adhikara
1.4.1	1.4.65	adhikara
1.4.1	1.4.66	adhikara
1.4.1	1.4.67	adhikara
1.4.1	1.4.68	adhikara
1.4.1	1.4.69	adhikara
1.4.1	1.4.70	adhikara
1.4.1	1.4.71	adhikara
1.4.1	1.4.72	adhikara
1.4.1	1.4.73	adhikara
1.4.1	1.4.74	adhikara
1.4.1	1.4.75	adhikara
1.4.1	1.4.76	adhikara
1.4.1	1.4.77	adhikara
1.4.1	1.4.78	adhikara
1.4.1	1.4.79	adhikara
1.4.1	1.4.80	adhikara
1.4.1	1.4.81	adhikara
1.4.1	1.4.82	adhikara
1.4.1	1.4.83	adhikara
1.4.1	1.4.84	adhikara
1.4.1	1.4.85	adhikara
1.4.1	1.4.86	adhikara
1.4.1	1.4.87	adhikara
1.4.1	1.4.88	adhikara
1.4.1	1.4.89	adhikara
1.4.1	1.4.90	adhikara
1.4.1	1.4.91	adhikara
1.4.1	1.4.92	adhikara
1.4.1	1.4.93	adhikara
1.4.1	1.4.94	adhikara
1.4.1	1.4.95	adhikara
1.4.1	1.4.96	adhikara
1.4.1	1.4.97	adhikara
1.4.1	1.4.98	adhikara
1.4.1	1.4.99	adhikara
1.4.1	1.4.100	adhikara
1.4.1	1.4.101	adhikara
1.4.1	1.4.102	adhikara
1.4.1	1.4.103	adhikara
1.4.1	1.4.104	adhikara
1.4.1	1.4.105	adhikara
1.4.1	1.4.106	adhikara
1.4.1	1.4.107	adhikara
1.4.1	1.4.108	adhikara
1.4.1	1.4.109	adhikara
1.4.1	1.4.110	adhikara
1.4.1	2.1.1	adhikara
1.4.1	2.1.2	adhikara
1.4.1	2.1.3	adhikara
1.4.1	2.1.4	adhikara
1.4.1	2.1.5	adhikara
1.4.1	2.1.6	adhikara
1.4.1	2.1.7	adhikara
1.4.1	2.1.8	adhikara
1.4.1	2.1.9	adhikara
1.4.1	2.1.10	adhikara
1.4.1	2.1.11	adhikara
1.4.1	2.1.12	adhikara
1.4.1	2.1.13	adhikara
1.4.1	2.1.14	adhikara
1.4.1	2.1.15	adhikara
1.4.1	2.1.16	adhikara
1.4.1	2.1.17	adhikara
1.4.1	2.1.18	adhikara
1.4.1	2.1.19	adhikara
1.4.1	2.1.20	adhikara
1.4.1	2.1.21	adhikara
1.4.1	2.1.22	adhikara
1.4.1	2.1.23	adhikara
1.4.1	2.1.24	adhikara
1.4.1	2.1.25	adhikara
1.4.1	2.1.26	adhikara
1.4.1	2.1.27	adhikara
1.4.1	2.1.28	adhikara
1.4.1	2.1.29	adhikara
1.4.1	2.1.30	adhikara
1.4.1	2.1.31	adhikara
1.4.1	2.1.32	adhikara
1.4.1	2.1.33	adhikara
1.4.1	2.1.34	adhikara
1.4.1	2.1.35	adhikara
1.4.1	2.1.36	adhikara
1.4.1	2.1.37	adhikara
1.4.1	2.1.38	adhikara
1.4.1	2.1.39	adhikara
1.4.1	2.1.40	adhikara
1.4.1	2.1.41	adhikara
1.4.1	2.1.42	adhikara
1.4.1	2.1.43	adhikara
1.4.1	2.1.44	adhikara
1.4.1	2.1.45	adhikara
1.4.1	2.1.46	adhikara
1.4.1	2.1.47	adhikara
1.4.1	2.1.48	adhikara
1.4.1	2.1.49	adhikara
1.4.1	2.1.50	adhikara
1.4.1	2.1.51	adhikara
1.4.1	2.1.52	adhikara
1.4.1	2.1.53	adhikara
1.4.1	2.1.54	adhikara
1.4.1	2.1.55	adhikara
1.4.1	2.1.56	adhikara
1.4.1	2.1.57	adhikara
1.4.1	2.1.58	adhikara
1.4.1	2.1.59	adhikara
1.4.1	2.1.60	adhikara
1.4.1	2.1.61	adhikara
1.4.1	2.1.62	adhikara
1.4.1	2.1.63	adhikara
1.4.1	2.1.64	adhikara
1.4.1	2.1.65	adhikara
1.4.1	2.1.66	adhikara
1.4.1	2.1.67	adhikara
1.4.1	2.1.68	adhikara
1.4.1	2.1.69	adhikara
1.4.1	2.1.70	adhikara
1.4.1	2.1.71	adhikara
1.4.1	2.1.72	adhikara
1.4.1	2.2.1	adhikara
1.4.1	2.2.2	adhikara
1.4.1	2.2.3	adhikara
1.4.1	2.2.4	adhikara
1.4.1	2.2.5	adhikara
1.4.1	2.2.6	adhikara
1.4.1	2.2.7	adhikara
1.4.1	2.2.8	adhikara
1.4.1	2.2.9	adhikara
1.4.1	2.2.10	adhikara
1.4.1	2.2.11	adhikara
1.4.1	2.2.12	adhikara
1.4.1	2.2.13	adhikara
1.4.1	2.2.14	adhikara
1.4.1	2.2.15	adhikara
1.4.1	2.2.16	adhikara
1.4.1	2.2.17	adhikara
1.4.1	2.2.18	adhikara
1.4.1	2.2.19	adhikara
1.4.1	2.2.20	adhikara
1.4.1	2.2.21	adhikara
1.4.1	2.2.22	adhikara
1.4.1	2.2.23	adhikara
1.4.1	2.2.24	adhikara
1.4.1	2.2.25	adhikara
1.4.1	2.2.26	adhikara
1.4.1	2.2.27	adhikara
1.4.1	2.2.28	adhikara
1.4.1	2.2.29	adhikara
1.4.1	2.2.30	adhikara
1.4.1	2.2.31	adhikara
1.4.1	2.2.32	adhikara
1.4.1	2.2.33	adhikara
1.4.1	2.2.34	adhikara
1.4.1	2.2.35	adhikara
1.4.1	2.2.36	adhikara
1.4.1	2.2.37	adhikara
1.4.1	2.2.38	adhikara
1.4.3	1.4.4	anuvritti
1.4.3	1.4.5	anuvritti
1.4.3	1.4.6	anuvritti
1.4.4	1.4.5	anuvritti
1.4.4	1.4.6	anuvritti
1.4.5	1.4.6	anuvritti
1.4.6	1.4.7	anuvritti
1.4.7	1.4.8	anuvritti
1.4.7	1.4.9	anuvritti
1.4.8	1.4.9	anuvritti
1.4.10	1.4.11	anuvritti
1.4.11	1.4.12	anuvritti
1.4.14	1.4.15	anuvritti
1.4.14	1.4.16	anuvritti
1.4.14	1.4.17	anuvritti
1.4.17	1.4.18	anuvritti
1.4.18	1.4.19	anuvritti
1.4.18	1.4.20	anuvritti
1.4.23	1.4.24	adhikara
1.4.23	1.4.25	adhikara
1.4.23	1.4.26	adhikara
1.4.23	1.4.27	adhikara
1.4.23	1.4.28	adhikara
1.4.23	1.4.29	adhikara
1.4.23	1.4.30	adhikara
1.4.23	1.4.31	adhikara
1.4.23	1.4.32	adhikara
1.4.23	1.4.33	adhikara
1.4.23	1.4.34	adhikara
1.4.23	1.4.35	adhikara
1.4.23	1.4.36	adhikara
1.4.23	1.4.37	adhikara
1.4.23	1.4.38	adhikara
1.4.23	1.4.39	adhikara
1.4.23	1.4.40	adhikara
1.4.23	1.4.41	adhikara
1.4.23	1.4.42	adhikara
1.4.23	1.4.43	adhikara
1.4.23	1.4.44	adhikara
1.4.23	1.4.45	adhikara
1.4.23	1.4.46	adhikara
1.4.23	1.4.47	adhikara
1.4.23	1.4.48	adhikara
1.4.23	1.4.49	adhikara
1.4.23	1.4.50	adhikara
1.4.23	1.4.51	adhikara
1.4.23	1.4.52	adhikara
1.4.23	1.4.53	adhikara
1.4.23	1.4.54	adhikara
1.4.23	1.4.55	adhikara
1.4.24	1.4.25	anuvritti
1.4.24	1.4.26	anuvritti
1.4.24	1.4.27	anuvritti
1.4.24	1.4.28	anuvritti
1.4.24	1.4.29	anuvritti
1.4.24	1.4.30	anuvritti
1.4.24	1.4.31	anuvritti
1.4.30	1.4.31	anuvritti
1.4.32	1.4.33	anuvritti
1.4.32	1.4.34	anuvritti
1.4.32	1.4.35	anuvritti
1.4.32	1.4.36	anuvritti
1.4.32	1.4.37	anuvritti
1.4.32	1.4.38	anuvritti
1.4.32	1.4.39	anuvritti
1.4.32	1.4.40	anuvritti
1.4.32	1.4.41	anuvritti
1.4.37	1.4.38	anuvritti
1.4.40	1.4.41	anuvritti
1.4.42	1.4.43	anuvritti
1.4.42	1.4.44	anuvritti
1.4.45	1.4.46	anuvritti
1.4.45	1.4.47	anuvritti
1.4.45	1.4.48	anuvritti
1.4.46	1.4.47	anuvritti
1.4.46	1.4.48	anuvritti
1.4.49	1.4.50	anuvritti
1.4.49	1.4.51	anuvritti
1.4.49	1.4.52	anuvritti
1.4.49	1.4.53	anuvritti
1.4.52	1.4.53	anuvritti
1.4.54	1.4.55	anuvritti
1.4.56	1.4.57	adhikara
1.4.56	1.4.58	adhikara
1.4.56	1.4.59	adhikara
1.4.56	1.4.60	adhikara
1.4.56	1.4.61	adhikara
1.4.56	1.4.62	adhikara
1.4.56	1.4.63	adhikara
1.4.56	1.4.64	adhikara
1.4.56	1.4.65	adhikara
1.4.56	1.4.66	adhikara
1.4.56	1.4.67	adhikara
1.4.56	1.4.68	adhikara
1.4.56	1.4.69	adhikara
1.4.56	1.4.70	adhikara
1.4.56	1.4.71	adhikara
1.4.56	1.4.72	adhikara
1.4.56	1.4.73	adhikara
1.4.56	1.4.74	adhikara
1.4.56	1.4.75	adhikara
1.4.56	1.4.76	adhikara
1.4.56	1.4.77	adhikara
1.4.56	1.4.78	adhikara
1.4.56	1.4.79	adhikara
1.4.56	1.4.80	adhikara
1.4.56	1.4.81	adhikara
1.4.56	1.4.82	adhikara
1.4.56	1.4.83	adhikara
1.4.56	1.4.84	adhikara
1.4.56	1.4.85	adhikara
1.4.56	1.4.86	adhikara
1.4.56	1.4.87	adhikara
1.4.56	1.4.88	adhikara
1.4.56	1.4.89	adhikara
1.4.56	1.4.90	adhikara
1.4.56	1.4.91	adhikara
1.4.56	1.4.92	adhikara
1.4.56	1.4.93	adhikara
1.4.56	1.4.94	adhikara
1.4.56	1.4.95	adhikara
1.4.56	1.4.96	adhikara
1.4.56	1.4.97	adhikara
1.4.57	1.4.58	anuvritti
1.4.58	1.4.59	anuvritti
1.4.58	1.4.60	anuvritti
1.4.59	1.4.60	anuvritti
1.4.59	1.4.61	anuvritti
1.4.59	1.4.62	anuvritti
1.4.59	1.4.63	anuvritti
1.4.59	1.4.64	anuvritti
1.4.59	1.4.65	anuvritti
1.4.59	1.4.66	anuvritti
1.4.59	1.4.67	anuvritti
1.4.59	1.4.68	anuvritti
1.4.59	1.4.69	anuvritti
1.4.59	1.4.70	anuvritti
1.4.59	1.4.71	anuvritti
1.4.59	1.4.72	anuvritti
1.4.59	1.4.73	anuvritti
1.4.59	1.4.74	anuvritti
1.4.59	1.4.75	anuvritti
1.4.59	1.4.76	anuvritti
1.4.59	1.4.77	anuvritti
1.4.59	1.4.78	anuvritti
1.4.59	1.4.79	anuvritti
1.4.60	1.4.61	anuvritti
1.4.60	1.4.62	anuvritti
1.4.60	1.4.63	anuvritti
1.4.60	1.4.64	anuvritti
1.4.60	1.4.65	anuvritti
1.4.60	1.4.66	anuvritti
1.4.60	1.4.67	anuvritti
1.4.60	1.4.68	anuvritti
1.4.60	1.4.69	anuvritti
1.4.60	1.4.70	anuvritti
1.4.60	1.4.71	anuvritti
1.4.60	1.4.72	anuvritti
1.4.60	1.4.73	anuvritti
1.4.60	1.4.74	anuvritti
1.4.60	1.4.75	anuvritti
1.4.60	1.4.76	anuvritti
1.4.60	1.4.77	anuvritti
1.4.60	1.4.78	anuvritti
1.4.60	1.4.79	anuvritti
1.4.67	1.4.68	anuvritti
1.4.67	1.4.69	anuvritti
1.4.71	1.4.72	anuvritti
1.4.72	1.4.73	anuvritti
1.4.72	1.4.74	anuvritti
1.4.72	1.4.75	anuvritti
1.4.72	1.4.76	anuvritti
1.4.72	1.4.77	anuvritti
1.4.72	1.4.78	anuvritti
1.4.72	1.4.79	anuvritti
1.4.75	1.4.76	anuvritti
1.4.80	1.4.81	anuvritti
1.4.80	1.4.82	anuvritti
1.4.81	1.4.82	anuvritti
1.4.83	1.4.84	adhikara
1.4.83	1.4.84	anuvritti
1.4.83	1.4.85	adhikara
1.4.83	1.4.85	anuvritti
1.4.83	1.4.86	adhikara
1.4.83	1.4.86	anuvritti
1.4.83	1.4.87	adhikara
1.4.83	1.4.87	anuvritti
1.4.83	1.4.88	adhikara
1.4.83	1.4.88	anuvritti
1.4.83	1.4.89	adhikara
1.4.83	1.4.89	anuvritti
1.4.83	1.4.90	adhikara
1.4.83	1.4.90	anuvritti
1.4.83	1.4.91	adhikara
1.4.83	1.4.91	anuvritti
1.4.83	1.4.92	adhikara
1.4.83	1.4.92	anuvritti
1.4.83	1.4.93	adhikara
1.4.83	1.4.93	anuvritti
1.4.83	1.4.94	adhikara
1.4.83	1.4.94	anuvritti
1.4.83	1.4.95	adhikara
1.4.83	1.4.95	anuvritti
1.4.83	1.4.96	adhikara
1.4.83	1.4.96	anuvritti
1.4.83	1.4.97	adhikara
1.4.83	1.4.97	anuvritti
1.4.83	1.4.98	adhikara
1.4.83	1.4.98	anuvritti
1.4.84	1.4.85	anuvritti
1.4.84	1.4.86	anuvritti
1.4.86	1.4.87	anuvritti
1.4.90	1.4.91	anuvritti
1.4.90	1.4.92	anuvritti
1.4.94	1.4.95	anuvritti
1.4.97	1.4.98	anuvritti
1.4.99	1.4.100	anuvritti
1.4.101	1.4.102	anuvritti
1.4.101	1.4.103	anuvritti
1.4.101	1.4.104	anuvritti
1.4.102	1.4.103	anuvritti
1.4.103	1.4.104	anuvritti
1.4.105	1.4.106	anuvritti
1.4.105	1.4.107	anuvritti
1.4.105	1.4.108	anuvritti
2.1.3	2.1.4	adhikara
2.1.3	2.1.5	adhikara
2.1.3	2.1.6	adhikara
2.1.3	2.1.7	adhikara
2.1.3	2.1.8	adhikara
2.1.3	2.1.9	adhikara
2.1.3	2.1.10	adhikara
2.1.3	2.1.11	adhikara
2.1.3	2.1.12	adhikara
2.1.3	2.1.13	adhikara
2.1.3	2.1.14	adhikara
2.1.3	2.1.15	adhikara
2.1.3	2.1.16	adhikara
2.1.3	2.1.17	adhikara
2.1.3	2.1.18	adhikara
2.1.3	2.1.19	adhikara
2.1.3	2.1.20	adhikara
2.1.3	2.1.21	adhikara
2.1.3	2.1.22	adhikara
2.1.3	2.1.23	adhikara
2.1.3	2.1.24	adhikara
2.1.3	2.1.25	adhikara
2.1.3	2.1.26	adhikara
2.1.3	2.1.27	adhikara
2.1.3	2.1.28	adhikara
2.1.3	2.1.29	adhikara
2.1.3	2.1.30	adhikara
2.1.3	2.1.31	adhikara
2.1.3	2.1.32	adhikara
2.1.3	2.1.33	adhikara
2.1.3	2.1.34	adhikara
2.1.3	2.1.35	adhikara
2.1.3	2.1.36	adhikara
2.1.3	2.1.37	adhikara
2.1.3	2.1.38	adhikara
2.1.3	2.1.39	adhikara
2.1.3	2.1.40	adhikara
2.1.3	2.1.41	adhikara
2.1.3	2.1.42	adhikara
2.1.3	2.1.43	adhikara
2.1.3	2.1.44	adhikara
2.1.3	2.1.45	adhikara
2.1.3	2.1.46	adhikara
2.1.3	2.1.47	adhikara
2.1.3	2.1.48	adhikara
2.1.3	2.1.49	adhikara
2.1.3	2.1.50	adhikara
2.1.3	2.1.51	adhikara
2.1.3	2.1.52	adhikara
2.1.3	2.1.53	adhikara
2.1.3	2.1.54	adhikara
2.1.3	2.1.55	adhikara
2.1.3	2.1.56	adhikara
2.1.3	2.1.57	adhikara
2.1.3	2.1.58	adhikara
2.1.3	2.1.59	adhikara
2.1.3	2.1.60	adhikara
2.1.3	2.1.61	adhikara
2.1.3	2.1.62	adhikara
2.1.3	2.1.63	adhikara
2.1.3	2.1.64	adhikara
2.1.3	2.1.65	adhikara
2.1.3	2.1.66	adhikara
2.1.3	2.1.67	adhikara
2.1.3	2.1.68	adhikara
2.1.3	2.1.69	adhikara
2.1.3	2.1.70	adhikara
2.1.3	2.1.71	adhikara
2.1.3	2.1.72	adhikara
2.1.3	2.2.1	adhikara
2.1.3	2.2.2	adhikara
2.1.3	2.2.3	adhikara
2.1.3	2.2.4	adhikara
2.1.3	2.2.5	adhikara
2.1.3	2.2.6	adhikara
2.1.3	2.2.7	adhikara
2.1.3	2.2.8	adhikara
2.1.3	2.2.9	adhikara
2.1.3	2.2.10	adhikara
2.1.3	2.2.11	adhikara
2.1.3	2.2.12	adhikara
2.1.3	2.2.13	adhikara
2.1.3	2.2.14	adhikara
2.1.3	2.2.15	adhikara
2.1.3	2.2.16	adhikara
2.1.3	2.2.17	adhikara
2.1.3	2.2.18	adhikara
2.1.3	2.2.19	adhikara
2.1.3	2.2.20	adhikara
2.1.3	2.2.21	adhikara
2.1.3	2.2.22	adhikara
2.1.3	2.2.23	adhikara
2.1.3	2.2.24	adhikara
2.1.3	2.2.25	adhikara
2.1.3	2.2.26	adhikara
2.1.3	2.2.27	adhikara
2.1.3	2.2.28	adhikara
2.1.3	2.2.29	adhikara
2.1.3	2.2.30	adhikara
2.1.3	2.2.31	adhikara
2.1.3	2.2.32	adhikara
2.1.3	2.2.33	adhikara
2.1.3	2.2.34	adhikara
2.1.3	2.2.35	adhikara
2.1.3	2.2.36	adhikara
2.1.3	2.2.37	adhikara
2.1.3	2.2.38	adhikara
2.1.4	2.1.5	adhikara
2.1.4	2.1.6	adhikara
2.1.4	2.1.7	adhikara
2.1.4	2.1.8	adhikara
2.1.4	2.1.9	adhikara
2.1.4	2.1.10	adhikara
2.1.4	2.1.11	adhikara
2.1.4	2.1.12	adhikara
2.1.4	2.1.13	adhikara
2.1.4	2.1.14	adhikara
2.1.4	2.1.15	adhikara
2.1.4	2.1.16	adhikara
2.1.4	2.1.17	adhikara
2.1.4	2.1.18	adhikara
2.1.4	2.1.19	adhikara
2.1.4	2.1.20	adhikara
2.1.4	2.1.21	adhikara
2.1.4	2.1.22	adhikara
2.1.4	2.1.23	adhikara
2.1.4	2.1.24	adhikara
2.1.4	2.1.25	adhikara
2.1.4	2.1.26	adhikara
2.1.4	2.1.27	adhikara
2.1.4	2.1.28	adhikara
2.1.4	2.1.29	adhikara
2.1.4	2.1.30	adhikara
2.1.4	2.1.31	adhikara
2.1.4	2.1.32	adhikara
2.1.4	2.1.33	adhikara
2.1.4	2.1.34	adhikara
2.1.4	2.1.35	adhikara
2.1.4	2.1.36	adhikara
2.1.4	2.1.37	adhikara
2.1.4	2.1.38	adhikara
2.1.4	2.1.39	adhikara
2.1.4	2.1.40	adhikara
2.1.4	2.1.41	adhikara
2.1.4	2.1.42	adhikara
2.1.4	2.1.43	adhikara
2.1.4	2.1.44	adhikara
2.1.4	2.1.45	adhikara
2.1.4	2.1.46	adhikara
2.1.4	2.1.47	adhikara
2.1.4	2.1.48	adhikara
2.1.4	2.1.49	adhikara
2.1.4	2.1.50	adhikara
2.1.4	2.1.51	adhikara
2.1.4	2.1.52	adhikara
2.1.4	2.1.53	adhikara
2.1.4	2.1.54	adhikara
2.1.4	2.1.55	adhikara
2.1.4	2.1.56	adhikara
2.1.4	2.1.57	adhikara
2.1.4	2.1.58	adhikara
2.1.4	2.1.59	adhikara
2.1.4	2.1.60	adhikara
2.1.4	2.1.61	adhikara
2.1.4	2.1.62	adhikara
2.1.4	2.1.63	adhikara
2.1.4	2.1.64	adhikara
2.1.4	2.1.65	adhikara
2.1.4	2.1.66	adhikara
2.1.4	2.1.67	adhikara
2.1.4	2.1.68	adhikara
2.1.4	2.1.69	adhikara
2.1.4	2.1.70	adhikara
2.1.4	2.1.71	adhikara
2.1.4	2.1.72	adhikara
2.1.4	2.2.1	adhikara
2.1.4	2.2.2	adhikara
2.1.4	2.2.3	adhikara
2.1.4	2.2.4	adhikara
2.1.4	2.2.5	adhikara
2.1.4	2.2.6	adhikara
2.1.4	2.2.7	adhikara
2.1.4	2.2.8	adhikara
2.1.4	2.2.9	adhikara
2.1.4	2.2.10	adhikara
2.1.4	2.2.11	adhikara
2.1.4	2.2.12	adhikara
2.1.4	2.2.13	adhikara
2.1.4	2.2.14	adhikara
2.1.4	2.2.15	adhikara
2.1.4	2.2.16	adhikara
2.1.4	2.2.17	adhikara
2.1.4	2.2.18	adhikara
2.1.4	2.2.19	adhikara
2.1.4	2.2.20	adhikara
2.1.4	2.2.21	adhikara
2.1.4	2.2.22	adhikara
2.1.4	2.2.23	adhikara
2.1.4	2.2.24	adhikara
2.1.4	2.2.25	adhikara
2.1.4	2.2.26	adhikara
2.1.4	2.2.27	adhikara
2.1.4	2.2.28	adhikara
2.1.4	2.2.29	adhikara
2.1.4	2.2.30	adhikara
2.1.4	2.2.31	adhikara
2.1.4	2.2.32	adhikara
2.1.4	2.2.33	adhikara
2.1.4	2.2.34	adhikara
2.1.4	2.2.35	adhikara
2.1.4	2.2.36	adhikara
2.1.4	2.2.37	adhikara
2.1.4	2.2.38	adhikara
2.1.5	2.1.6	adhikara
2.1.5	2.1.7	adhikara
2.1.5	2.1.8	adhikara
2.1.5	2.1.9	adhikara
2.1.5	2.1.10	adhikara
2.1.5	2.1.11	adhikara
2.1.5	2.1.12	adhikara
2.1.5	2.1.13	adhikara
2.1.5	2.1.14	adhikara
2.1.5	2.1.15	adhikara
2.1.5	2.1.16	adhikara
2.1.5	2.1.17	adhikara
2.1.5	2.1.18	adhikara
2.1.5	2.1.19	adhikara
2.1.5	2.1.20	adhikara
2.1.5	2.1.21	adhikara
2.1.6	2.1.7	anuvritti
2.1.6	2.1.8	anuvritti
2.1.11	2.1.12	adhikara
2.1.11	2.1.13	adhikara
2.1.11	2.1.14	adhikara
2.1.11	2.1.15	adhikara
2.1.11	2.1.16	adhikara
2.1.11	2.1.17	adhikara
2.1.11	2.1.18	adhikara
2.1.11	2.1.19	adhikara
2.1.11	2.1.20	adhikara
2.1.11	2.1.21	adhikara
2.1.11	2.1.22	adhikara
2.1.11	2.1.23	adhikara
2.1.11	2.1.24	adhikara
2.1.11	2.1.25	adhikara
2.1.11	2.1.26	adhikara
2.1.11	2.1.27	adhikara
2.1.11	2.1.28	adhikara
2.1.11	2.1.29	adhikara
2.1.11	2.1.30	adhikara
2.1.11	2.1.31	adhikara
2.1.11	2.1.32	adhikara
2.1.11	2.1.33	adhikara
2.1.11	2.1.34	adhikara
2.1.11	2.1.35	adhikara
2.1.11	2.1.36	adhikara
2.1.11	2.1.37	adhikara
2.1.11	2.1.38	adhikara
2.1.11	2.1.39	adhikara
2.1.11	2.1.40	adhikara
2.1.11	2.1.41	adhikara
2.1.11	2.1.42	adhikara
2.1.11	2.1.43	adhikara
2.1.11	2.1.44	adhikara
2.1.11	2.1.45	adhikara
2.1.11	2.1.46	adhikara
2.1.11	2.1.47	adhikara
2.1.11	2.1.48	adhikara
2.1.11	2.1.49	adhikara
2.1.11	2.1.50	adhikara
2.1.11	2.1.51	adhikara
2.1.11	2.1.52	adhikara
2.1.11	2.1.53	adhikara
2.1.11	2.1.54	adhikara
2.1.11	2.1.55	adhikara
2.1.11	2.1.56	adhikara
2.1.11	2.1.57	adhikara
2.1.11	2.1.58	adhikara
2.1.11	2.1.59	adhikara
2.1.11	2.1.60	adhikara
2.1.11	2.1.61	adhikara
2.1.11	2.1.62	adhikara
2.1.11	2.1.63	adhikara
2.1.11	2.1.64	adhikara
2.1.11	2.1.65	adhikara
2.1.11	2.1.66	adhikara
2.1.11	2.1.67	adhikara
2.1.11	2.1.68	adhikara
2.1.11	2.1.69	adhikara
2.1.11	2.1.70	adhikara
2.1.11	2.1.71	adhikara
2.1.11	2.1.72	adhikara
2.1.11	2.2.1	adhikara
2.1.11	2.2.2	adhikara
2.1.11	2.2.3	adhikara
2.1.11	2.2.4	adhikara
2.1.11	2.2.5	adhikara
2.1.11	2.2.6	adhikara
2.1.11	2.2.7	adhikara
2.1.11	2.2.8	adhikara
2.1.11	2.2.9	adhikara
2.1.11	2.2.10	adhikara
2.1.11	2.2.11	adhikara
2.1.11	2.2.12	adhikara
2.1.11	2.2.13	adhikara
2.1.11	2.2.14	adhikara
2.1.11	2.2.15	adhikara
2.1.11	2.2.16	adhikara
2.1.11	2.2.17	adhikara
2.1.11	2.2.18	adhikara
2.1.11	2.2.19	adhikara
2.1.11	2.2.20	adhikara
2.1.11	2.2.21	adhikara
2.1.11	2.2.22	adhikara
2.1.11	2.2.23	adhikara
2.1.11	2.2.24	adhikara
2.1.11	2.2.25	adhikara
2.1.11	2.2.26	adhikara
2.1.11	2.2.27	adhikara
2.1.11	2.2.28	adhikara
2.1.11	2.2.29	adhikara
2.1.11	2.2.30	adhikara
2.1.11	2.2.31	adhikara
2.1.11	2.2.32	adhikara
2.1.11	2.2.33	adhikara
2.1.11	2.2.34	adhikara
2.1.11	2.2.35	adhikara
2.1.11	2.2.36	adhikara
2.1.11	2.2.37	adhikara
2.1.11	2.2.38	adhikara
2.1.12	2.1.13	anuvritti
2.1.14	2.1.15	anuvritti
2.1.14	2.1.16	anuvritti
2.1.15	2.1.16	anuvritti
2.1.19	2.1.20	anuvritti
2.1.20	2.1.21	anuvritti
2.1.22	2.1.23	adhikara
2.1.22	2.1.24	adhikara
2.1.22	2.1.25	adhikara
2.1.22	2.1.26	adhikara
2.1.22	2.1.27	adhikara
2.1.22	2.1.28	adhikara
2.1.22	2.1.29	adhikara
2.1.22	2.1.30	adhikara
2.1.22	2.1.31	adhikara
2.1.22	2.1.32	adhikara
2.1.22	2.1.33	adhikara
2.1.22	2.1.34	adhikara
2.1.22	2.1.35	adhikara
2.1.22	2.1.36	adhikara
2.1.22	2.1.37	adhikara
2.1.22	2.1.38	adhikara
2.1.22	2.1.39	adhikara
2.1.22	2.1.40	adhikara
2.1.22	2.1.41	adhikara
2.1.22	2.1.42	adhikara
2.1.22	2.1.43	adhikara
2.1.22	2.1.44	adhikara
2.1.22	2.1.45	adhikara
2.1.22	2.1.46	adhikara
2.1.22	2.1.47	adhikara
2.1.22	2.1.48	adhikara
2.1.22	2.1.49	adhikara
2.1.22	2.1.50	adhikara
2.1.22	2.1.51	adhikara
2.1.22	2.1.52	adhikara
2.1.22	2.1.53	adhikara
2.1.22	2.1.54	adhikara
2.1.22	2.1.55	adhikara
2.1.22	2.1.56	adhikara
2.1.22	2.1.57	adhikara
2.1.22	2.1.58	adhikara
2.1.22	2.1.59	adhikara
2.1.22	2.1.60	adhikara
2.1.22	2.1.61	adhikara
2.1.22	2.1.62	adhikara
2.1.22	2.1.63	adhikara
2.1.22	2.1.64	adhikara
2.1.22	2.1.65	adhikara
2.1.22	2.1.66	adhikara
2.1.22	2.1.67	adhikara
2.1.22	2.1.68	adhikara
2.1.22	2.1.69	adhikara
2.1.22	2.1.70	adhikara
2.1.22	2.1.71	adhikara
2.1.22	2.1.72	adhikara
2.1.22	2.2.1	adhikara
2.1.22	2.2.2	adhikara
2.1.22	2.2.3	adhikara
2.1.22	2.2.4	adhikara
2.1.22	2.2.5	adhikara
2.1.22	2.2.6	adhikara
2.1.22	2.2.7	adhikara
2.1.22	2.2.8	adhikara
2.1.22	2.2.9	adhikara
2.1.22	2.2.10	adhikara
2.1.22	2.2.11	adhikara
2.1.22	2.2.12	adhikara
2.1.22	2.2.13	adhikara
2.1.22	2.2.14	adhikara
2.1.22	2.2.15	adhikara
2.1.22	2.2.16	adhikara
2.1.22	2.2.17	adhikara
2.1.22	2.2.18	adhikara
2.1.22	2.2.19	adhikara
2.1.22	2.2.20	adhikara
2.1.22	2.2.21	adhikara
2.1.22	2.2.22	adhikara
2.1.24	2.1.25	anuvritti
2.1.24	2.1.26	anuvritti
2.1.24	2.1.27	anuvritti
2.1.24	2.1.28	anuvritti
2.1.24	2.1.29	anuvritti
2.1.25	2.1.26	anuvritti
2.1.25	2.1.27	anuvritti
2.1.25	2.1.28	anuvritti
2.1.28	2.1.29	anuvritti
2.1.30	2.1.31	anuvritti
2.1.30	2.1.32	anuvritti
2.1.30	2.1.33	anuvritti
2.1.30	2.1.34	anuvritti
2.1.30	2.1.35	anuvritti
2.1.32	2.1.33	anuvritti
2.1.37	2.1.38	anuvritti
2.1.37	2.1.39	anuvritti
2.1.40	2.1.41	anuvritti
2.1.40	2.1.42	anuvritti
2.1.40	2.1.43	anuvritti
2.1.40	2.1.44	anuvritti
2.1.40	2.1.45	anuvritti
2.1.40	2.1.46	anuvritti
2.1.40	2.1.47	anuvritti
2.1.40	2.1.48	anuvritti
2.1.45	2.1.46	anuvritti
2.1.45	2.1.47	anuvritti
2.1.47	2.1.48	anuvritti
2.1.49	2.1.50	anuvritti
2.1.49	2.1.51	anuvritti
2.1.49	2.1.52	anuvritti
2.1.49	2.1.53	anuvritti
2.1.49	2.1.54	anuvritti
2.1.49	2.1.55	anuvritti
2.1.49	2.1.56	anuvritti
2.1.49	2.1.57	anuvritti
2.1.49	2.1.58	anuvritti
2.1.49	2.1.59	anuvritti
2.1.49	2.1.60	anuvritti
2.1.49	2.1.61	anuvritti
2.1.49	2.1.62	anuvritti
2.1.49	2.1.63	anuvritti
2.1.49	2.1.64	anuvritti
2.1.49	2.1.65	anuvritti
2.1.49	2.1.66	anuvritti
2.1.49	2.1.67	anuvritti
2.1.49	2.1.68	anuvritti
2.1.49	2.1.69	anuvritti
2.1.49	2.1.70	anuvritti
2.1.49	2.1.71	anuvritti
2.1.49	2.1.72	anuvritti
2.1.50	2.1.51	anuvritti
2.1.57	2.1.58	anuvritti
2.1.65	2.1.66	anuvritti
2.2.1	2.2.2	anuvritti
2.2.1	2.2.3	anuvritti
2.2.8	2.2.9	anuvritti
2.2.8	2.2.10	anuvritti
2.2.8	2.2.11	anuvritti
2.2.8	2.2.12	anuvritti
2.2.8	2.2.13	anuvritti
2.2.8	2.2.14	anuvritti
2.2.8	2.2.15	anuvritti
2.2.8	2.2.16	anuvritti
2.2.8	2.2.17	anuvritti
2.2.10	2.2.11	anuvritti
2.2.10	2.2.12	anuvritti
2.2.10	2.2.13	anuvritti
2.2.10	2.2.14	anuvritti
2.2.10	2.2.15	anuvritti
2.2.10	2.2.16	anuvritti
2.2.12	2.2.13	anuvritti
2.2.15	2.2.16	anuvritti
2.2.15	2.2.17	anuvritti
2.2.17	2.2.18	anuvritti
2.2.17	2.2.19	anuvritti
2.2.19	2.2.20	anuvritti
2.2.19	2.2.21	anuvritti
2.2.19	2.2.22	anuvritti
2.2.20	2.2.21	anuvritti
2.2.21	2.2.22	anuvritti
2.2.24	2.2.25	anuvritti
2.2.24	2.2.26	anuvritti
2.2.24	2.2.27	anuvritti
2.2.24	2.2.28	anuvritti
2.2.24	2.2.29	anuvritti
2.2.30	2.2.31	anuvritti
2.2.30	2.2.32	anuvritti
2.2.30	2.2.33	anuvritti
2.2.30	2.2.34	anuvritti
2.2.30	2.2.35	anuvritti
2.2.30	2.2.36	anuvritti
2.2.30	2.2.37	anuvritti
2.2.30	2.2.38	anuvritti
2.2.32	2.2.33	anuvritti
2.2.32	2.2.34	anuvritti
2.2.35	2.2.36	anuvritti
2.2.35	2.2.37	anuvritti
2.2.36	2.2.37	anuvritti
2.2.37	2.2.38	anuvritti
2.3.1	2.3.2	adhikara
2.3.1	2.3.3	adhikara
2.3.1	2.3.4	adhikara
2.3.1	2.3.5	adhikara
2.3.1	2.3.6	adhikara
2.3.1	2.3.7	adhikara
2.3.1	2.3.8	adhikara
2.3.1	2.3.9	adhikara
2.3.1	2.3.10	adhikara
2.3.1	2.3.11	adhikara
2.3.1	2.3.12	adhikara
2.3.1	2.3.13	adhikara
2.3.1	2.3.14	adhikara
2.3.1	2.3.15	adhikara
2.3.1	2.3.16	adhikara
2.3.1	2.3.17	adhikara
2.3.1	2.3.18	adhikara
2.3.1	2.3.19	adhikara
2.3.1	2.3.20	adhikara
2.3.1	2.3.21	adhikara
2.3.1	2.3.22	adhikara
2.3.1	2.3.23	adhikara
2.3.1	2.3.24	adhikara
2.3.1	2.3.25	adhikara
2.3.1	2.3.26	adhikara
2.3.1	2.3.27	adhikara
2.3.1	2.3.28	adhikara
2.3.1	2.3.29	adhikara
2.3.1	2.3.30	adhikara
2.3.1	2.3.31	adhikara
2.3.1	2.3.32	adhikara
2.3.1	2.3.33	adhikara
2.3.1	2.3.34	adhikara
2.3.1	2.3.35	adhikara
2.3.1	2.3.36	adhikara
2.3.1	2.3.37	adhikara
2.3.1	2.3.38	adhikara
2.3.1	2.3.39	adhikara
2.3.1	2.3.40	adhikara
2.3.1	2.3.41	adhikara
2.3.1	2.3.42	adhikara
2.3.1	2.3.43	adhikara
2.3.1	2.3.44	adhikara
2.3.1	2.3.45	adhikara
2.3.1	2.3.46	adhikara
2.3.1	2.3.47	adhikara
2.3.1	2.3.48	adhikara
2.3.1	2.3.49	adhikara
2.3.1	2.3.50	adhikara
2.3.1	2.3.51	adhikara
2.3.1	2.3.52	adhikara
2.3.1	2.3.53	adhikara
2.3.1	2.3.54	adhikara
2.3.1	2.3.55	adhikara
2.3.1	2.3.56	adhikara
2.3.1	2.3.57	adhikara
2.3.1	2.3.58	adhikara
2.3.1	2.3.59	adhikara
2.3.1	2.3.60	adhikara
2.3.1	2.3.61	adhikara
2.3.1	2.3.62	adhikara
2.3.1	2.3.63	adhikara
2.3.1	2.3.64	adhikara
2.3.1	2.3.65	adhikara
2.3.1	2.3.66	adhikara
2.3.1	2.3.67	adhikara
2.3.1	2.3.68	adhikara
2.3.1	2.3.69	adhikara
2.3.1	2.3.70	adhikara
2.3.1	2.3.71	adhikara
2.3.1	2.3.72	adhikara
2.3.2	2.3.3	anuvritti
2.3.2	2.3.4	anuvritti
2.3.2	2.3.5	anuvritti
2.3.5	2.3.6	anuvritti
2.3.5	2.3.7	anuvritti
2.3.8	2.3.9	anuvritti
2.3.8	2.3.10	anuvritti
2.3.8	2.3.11	anuvritti
2.3.10	2.3.11	anuvritti
2.3.13	2.3.14	anuvritti
2.3.13	2.3.15	anuvritti
2.3.13	2.3.16	anuvritti
2.3.13	2.3.17	anuvritti
2.3.18	2.3.19	anuvritti
2.3.18	2.3.20	anuvritti
2.3.18	2.3.21	anuvritti
2.3.18	2.3.22	anuvritti
2.3.18	2.3.23	anuvritti
2.3.23	2.3.24	anuvritti
2.3.23	2.3.25	anuvritti
2.3.23	2.3.26	anuvritti
2.3.23	2.3.27	anuvritti
2.3.24	2.3.25	anuvritti
2.3.26	2.3.27	anuvritti
2.3.28	2.3.29	anuvritti
2.3.28	2.3.30	anuvritti
2.3.28	2.3.32	anuvritti
2.3.28	2.3.33	anuvritti
2.3.28	2.3.34	anuvritti
2.3.28	2.3.35	anuvritti
2.3.31	2.3.32	anuvritti
2.3.32	2.3.33	anuvritti
2.3.33	2.3.34	anuvritti
2.3.33	2.3.35	anuvritti
2.3.35	2.3.36	anuvritti
2.3.36	2.3.37	anuvritti
2.3.36	2.3.38	anuvritti
2.3.36	2.3.39	anuvritti
2.3.36	2.3.40	anuvritti
2.3.36	2.3.41	anuvritti
2.3.36	2.3.44	anuvritti
2.3.36	2.3.45	anuvritti
2.3.37	2.3.38	anuvritti
2.3.38	2.3.39	anuvritti
2.3.38	2.3.40	anuvritti
2.3.38	2.3.41	anuvritti
2.3.41	2.3.42	anuvritti
2.3.43	2.3.44	anuvritti
2.3.43	2.3.45	anuvritti
2.3.44	2.3.45	anuvritti
2.3.46	2.3.47	anuvritti
2.3.46	2.3.48	anuvritti
2.3.46	2.3.49	anuvritti
2.3.47	2.3.48	anuvritti
2.3.47	2.3.49	anuvritti
2.3.50	2.3.51	anuvritti
2.3.50	2.3.52	anuvritti
2.3.50	2.3.53	anuvritti
2.3.50	2.3.54	anuvritti
2.3.50	2.3.55	anuvritti
2.3.50	2.3.56	anuvritti
2.3.50	2.3.57	anuvritti
2.3.50	2.3.58	anuvritti
2.3.50	2.3.59	anuvritti
2.3.50	2.3.60	anuvritti
2.3.50	2.3.61	anuvritti
2.3.50	2.3.62	anuvritti
2.3.50	2.3.63	anuvritti
2.3.50	2.3.64	anuvritti
2.3.50	2.3.65	anuvritti
2.3.50	2.3.66	anuvritti
2.3.50	2.3.67	anuvritti
2.3.50	2.3.68	anuvritti
2.3.50	2.3.69	anuvritti
2.3.50	2.3.70	anuvritti
2.3.50	2.3.71	anuvritti
2.3.50	2.3.72	anuvritti
2.3.50	2.3.73	anuvritti
2.3.52	2.3.53	anuvritti
2.3.52	2.3.54	anuvritti
2.3.52	2.3.55	anuvritti
2.3.52	2.3.56	anuvritti
2.3.52	2.3.57	anuvritti
2.3.52	2.3.58	anuvritti
2.3.52	2.3.59	anuvritti
2.3.52	2.3.60	anuvritti
2.3.52	2.3.61	anuvritti
2.3.57	2.3.58	anuvritti
2.3.58	2.3.59	anuvritti
2.3.58	2.3.60	anuvritti
2.3.62	2.3.63	anuvritti
2.3.67	2.3.68	anuvritti
2.3.69	2.3.70	anuvritti
2.3.72	2.3.73	anuvritti
2.4.1	2.4.2	anuvritti
2.4.1	2.4.3	anuvritti
2.4.1	2.4.4	anuvritti
2.4.1	2.4.5	anuvritti
2.4.1	2.4.6	anuvritti
2.4.1	2.4.7	anuvritti
2.4.1	2.4.8	anuvritti
2.4.1	2.4.9	anuvritti
2.4.1	2.4.10	anuvritti
2.4.1	2.4.11	anuvritti
2.4.1	2.4.12	anuvritti
2.4.1	2.4.13	anuvritti
2.4.1	2.4.14	anuvritti
2.4.1	2.4.15	anuvritti
2.4.1	2.4.16	anuvritti
2.4.2	2.4.3	anuvritti
2.4.2	2.4.4	anuvritti
2.4.2	2.4.5	anuvritti
2.4.2	2.4.6	anuvritti
2.4.2	2.4.7	anuvritti
2.4.2	2.4.8	anuvritti
2.4.2	2.4.9	anuvritti
2.4.2	2.4.10	anuvritti
2.4.2	2.4.11	anuvritti
2.4.2	2.4.12	anuvritti
2.4.2	2.4.13	anuvritti
2.4.2	2.4.14	anuvritti
2.4.2	2.4.15	anuvritti
2.4.2	2.4.16	anuvritti
2.4.12	2.4.13	anuvritti
2.4.14	2.4.15	anuvritti
2.4.15	2.4.16	anuvritti
2.4.17	2.4.18	anuvritti
2.4.17	2.4.19	anuvritti
2.4.17	2.4.20	anuvritti
2.4.17	2.4.21	anuvritti
2.4.17	2.4.22	anuvritti
2.4.17	2.4.23	anuvritti
2.4.17	2.4.24	anuvritti
2.4.17	2.4.25	anuvritti
2.4.19	2.4.20	adhikara
2.4.19	2.4.21	adhikara
2.4.19	2.4.22	adhikara
2.4.19	2.4.23	adhikara
2.4.19	2.4.24	adhikara
2.4.19	2.4.25	adhikara
2.4.23	2.4.24	anuvritti
2.4.27	2.4.28	anuvritti
2.4.30	2.4.31	anuvritti
2.4.32	2.4.33	anuvritti
2.4.32	2.4.34	anuvritti
2.4.33	2.4.34	anuvritti
2.4.35	2.4.36	adhikara
2.4.35	2.4.37	adhikara
2.4.35	2.4.38	adhikara
2.4.35	2.4.39	adhikara
2.4.35	2.4.40	adhikara
2.4.35	2.4.41	adhikara
2.4.35	2.4.42	adhikara
2.4.35	2.4.43	adhikara
2.4.35	2.4.44	adhikara
2.4.35	2.4.45	adhikara
2.4.35	2.4.46	adhikara
2.4.35	2.4.47	adhikara
2.4.35	2.4.48	adhikara
2.4.35	2.4.49	adhikara
2.4.35	2.4.50	adhikara
2.4.35	2.4.51	adhikara
2.4.35	2.4.52	adhikara
2.4.35	2.4.53	adhikara
2.4.35	2.4.54	adhikara
2.4.35	2.4.55	adhikara
2.4.35	2.4.56	adhikara
2.4.35	2.4.57	adhikara
2.4.36	2.4.37	anuvritti
2.4.36	2.4.38	anuvritti
2.4.36	2.4.39	anuvritti
2.4.36	2.4.40	anuvritti
2.4.37	2.4.38	anuvritti
2.4.37	2.4.39	anuvritti
2.4.37	2.4.40	anuvritti
2.4.40	2.4.41	anuvritti
2.4.42	2.4.43	anuvritti
2.4.42	2.4.44	anuvritti
2.4.43	2.4.44	anuvritti
2.4.45	2.4.46	anuvritti
2.4.45	2.4.47	anuvritti
2.4.46	2.4.47	anuvritti
2.4.46	2.4.48	anuvritti
2.4.47	2.4.48	anuvritti
2.4.48	2.4.49	anuvritti
2.4.48	2.4.50	anuvritti
2.4.48	2.4.51	anuvritti
2.4.49	2.4.50	anuvritti
2.4.49	2.4.51	anuvritti
2.4.50	2.4.51	anuvritti
2.4.54	2.4.55	anuvritti
2.4.56	2.4.57	anuvritti
2.4.58	2.4.59	anuvritti
2.4.58	2.4.60	anuvritti
2.4.58	2.4.61	anuvritti
2.4.58	2.4.62	anuvritti
2.4.58	2.4.63	anuvritti
2.4.58	2.4.64	anuvritti
2.4.58	2.4.65	anuvritti
2.4.58	2.4.66	anuvritti
2.4.58	2.4.67	anuvritti
2.4.58	2.4.68	anuvritti
2.4.58	2.4.69	anuvritti
2.4.58	2.4.70	anuvritti
2.4.58	2.4.71	anuvritti
2.4.58	2.4.72	anuvritti
2.4.58	2.4.73	anuvritti
2.4.58	2.4.74	anuvritti
2.4.58	2.4.77	anuvritti
2.4.58	2.4.78	anuvritti
2.4.58	2.4.79	anuvritti
2.4.58	2.4.80	anuvritti
2.4.58	2.4.81	anuvritti
2.4.58	2.4.82	anuvritti
2.4.58	2.4.83	anuvritti
2.4.62	2.4.63	anuvritti
2.4.62	2.4.64	anuvritti
2.4.62	2.4.65	anuvritti
2.4.62	2.4.66	anuvritti
2.4.62	2.4.67	anuvritti
2.4.62	2.4.68	anuvritti
2.4.62	2.4.69	anuvritti
2.4.62	2.4.70	anuvritti
2.4.63	2.4.64	anuvritti
2.4.63	2.4.65	anuvritti
2.4.63	2.4.66	anuvritti
2.4.63	2.4.67	anuvritti
2.4.63	2.4.68	anuvritti
2.4.63	2.4.69	anuvritti
2.4.63	2.4.70	anuvritti
2.4.72	2.4.73	anuvritti
2.4.72	2.4.75	anuvritti
2.4.72	2.4.76	anuvritti
2.4.73	2.4.74	anuvritti
2.4.75	2.4.76	anuvritti
2.4.77	2.4.78	anuvritti
2.4.77	2.4.79	anuvritti
2.4.78	2.4.79	anuvritti
2.4.80	2.4.81	anuvritti
2.4.82	2.4.83	anuvritti
2.4.82	2.4.84	anuvritti
2.4.83	2.4.84	anuvritti
3.1.1	3.1.2	adhikara
3.1.1	3.1.3	adhikara
3.1.1	3.1.4	adhikara
3.1.1	3.1.5	adhikara
3.1.1	3.1.6	adhikara
3.1.1	3.1.7	adhikara
3.1.1	3.1.8	adhikara
3.1.1	3.1.9	adhikara
3.1.1	3.1.10	adhikara
3.1.1	3.1.11	adhikara
3.1.1	3.1.12	adhikara
3.1.1	3.1.13	adhikara
3.1.1	3.1.14	adhikara
3.1.1	3.1.15	adhikara
3.1.1	3.1.16	adhikara
3.1.1	3.1.17	adhikara
3.1.1	3.1.18	adhikara
3.1.1	3.1.19	adhikara
3.1.1	3.1.20	adhikara
3.1.1	3.1.21	adhikara
3.1.1	3.1.22	adhikara
3.1.1	3.1.23	adhikara
3.1.1	3.1.24	adhikara
3.1.1	3.1.25	adhikara
3.1.1	3.1.26	adhikara
3.1.1	3.1.27	adhikara
3.1.1	3.1.28	adhikara
3.1.1	3.1.29	adhikara
3.1.1	3.1.30	adhikara
3.1.1	3.1.31	adhikara
3.1.1	3.1.32	adhikara
3.1.1	3.1.33	adhikara
3.1.1	3.1.34	adhikara
3.1.1	3.1.35	adhikara
3.1.1	3.1.36	adhikara
3.1.1	3.1.37	adhikara
3.1.1	3.1.38	adhikara
3.1.1	3.1.39	adhikara
3.1.1	3.1.40	adhikara
3.1.1	3.1.41	adhikara
3.1.1	3.1.42	adhikara
3.1.1	3.1.43	adhikara
3.1.1	3.1.44	adhikara
3.1.1	3.1.45	adhikara
3.1.1	3.1.46	adhikara
3.1.1	3.1.47	adhikara
3.1.1	3.1.48	adhikara
3.1.1	3.1.49	adhikara
3.1.1	3.1.50	adhikara
3.1.1	3.1.51	adhikara
3.1.1	3.1.52	adhikara
3.1.1	3.1.53	adhikara
3.1.1	3.1.54	adhikara
3.1.1	3.1.55	adhikara
3.1.1	3.1.56	adhikara
3.1.1	3.1.57	adhikara
3.1.1	3.1.58	adhikara
3.1.1	3.1.59	adhikara
3.1.1	3.1.60	adhikara
3.1.1	3.1.61	adhikara
3.1.1	3.1.62	adhikara
3.1.1	3.1.63	adhikara
3.1.1	3.1.64	adhikara
3.1.1	3.1.65	adhikara
3.1.1	3.1.66	adhikara
3.1.1	3.1.67	adhikara
3.1.1	3.1.68	adhikara
3.1.1	3.1.69	adhikara
3.1.1	3.1.70	adhikara
3.1.1	3.1.71	adhikara
3.1.1	3.1.72	adhikara
3.1.1	3.1.73	adhikara
3.1.1	3.1.74	adhikara
3.1.1	3.1.75	adhikara
3.1.1	3.1.76	adhikara
3.1.1	3.1.77	adhikara
3.1.1	3.1.78	adhikara
3.1.1	3.1.79	adhikara
3.1.1	3.1.80	adhikara
3.1.1	3.1.81	adhikara
3.1.1	3.1.82	adhikara
3.1.1	3.1.83	adhikara
3.1.1	3.1.84	adhikara
3.1.1	3.1.85	adhikara
3.1.1	3.1.86	adhikara
3.1.1	3.1.87	adhikara
3.1.1	3.1.88	adhikara
3.1.1	3.1.89	adhikara
3.1.1	3.1.90	adhikara
3.1.1	3.1.91	adhikara
3.1.1	3.1.92	adhikara
3.1.1	3.1.93	adhikara
3.1.1	3.1.94	adhikara
3.1.1	3.1.95	adhikara
3.1.1	3.1.96	adhikara
3.1.1	3.1.97	adhikara
3.1.1	3.1.98	adhikara
3.1.1	3.1.99	adhikara
3.1.1	3.1.100	adhikara
3.1.1	3.1.101	adhikara
3.1.1	3.1.102	adhikara
3.1.1	3.1.103	adhikara
3.1.1	3.1.104	adhikara
3.1.1	3.1.105	adhikara
3.1.1	3.1.106	adhikara
3.1.1	3.1.107	adhikara
3.1.1	3.1.108	adhikara
3.1.1	3.1.109	adhikara
3.1.1	3.1.110	adhikara
3.1.1	3.1.111	adhikara
3.1.1	3.1.112	adhikara
3.1.1	3.1.113	adhikara
3.1.1	3.1.114	adhikara
3.1.1	3.1.115	adhikara
3.1.1	3.1.116	adhikara
3.1.1	3.1.117	adhikara
3.1.1	3.1.118	adhikara
3.1.1	3.1.119	adhikara
3.1.1	3.1.120	adhikara
3.1.1	3.1.121	adhikara
3.1.1	3.1.122	adhikara
3.1.1	3.1.123	adhikara
3.1.1	3.1.124	adhikara
3.1.1	3.1.125	adhikara
3.1.1	3.1.126	adhikara
3.1.1	3.1.127	adhikara
3.1.1	3.1.128	adhikara
3.1.1	3.1.129	adhikara
3.1.1	3.1.130	adhikara
3.1.1	3.1.131	adhikara
3.1.1	3.1.132	adhikara
3.1.1	3.1.133	adhikara
3.1.1	3.1.134	adhikara
3.1.1	3.1.135	adhikara
3.1.1	3.1.136	adhikara
3.1.1	3.1.137	adhikara
3.1.1	3.1.138	adhikara
3.1.1	3.1.139	adhikara
3.1.1	3.1.140	adhikara
3.1.1	3.1.141	adhikara
3.1.1	3.1.142	adhikara
3.1.1	3.1.143	adhikara
3.1.1	3.1.144	adhikara
3.1.1	3.1.145	adhikara
3.1.1	3.1.146	adhikara
3.1.1	3.1.147	adhikara
3.1.1	3.1.148	adhikara
3.1.1	3.1.149	adhikara
3.1.1	3.1.150	adhikara
3.1.1	3.2.1	adhikara
3.1.1	3.2.2	adhikara
3.1.1	3.2.3	adhikara
3.1.1	3.2.4	adhikara
3.1.1	3.2.5	adhikara
3.1.1	3.2.6	adhikara
3.1.1	3.2.7	adhikara
3.1.1	3.2.8	adhikara
3.1.1	3.2.9	adhikara
3.1.1	3.2.10	adhikara
3.1.1	3.2.11	adhikara
3.1.1	3.2.12	adhikara
3.1.1	3.2.13	adhikara
3.1.1	3.2.14	adhikara
3.1.1	3.2.15	adhikara
3.1.1	3.2.16	adhikara
3.1.1	3.2.17	adhikara
3.1.1	3.2.18	adhikara
3.1.1	3.2.19	adhikara
3.1.1	3.2.20	adhikara
3.1.1	3.2.21	adhikara
3.1.1	3.2.22	adhikara
3.1.1	3.2.23	adhikara
3.1.1	3.2.24	adhikara
3.1.1	3.2.25	adhikara
3.1.1	3.2.26	adhikara
3.1.1	3.2.27	adhikara
3.1.1	3.2.28	adhikara
3.1.1	3.2.29	adhikara
3.1.1	3.2.30	adhikara
3.1.1	3.2.31	adhikara
3.1.1	3.2.32	adhikara
3.1.1	3.2.33	adhikara
3.1.1	3.2.34	adhikara
3.1.1	3.2.35	adhikara
3.1.1	3.2.36	adhikara
3.1.1	3.2.37	adhikara
3.1.1	3.2.38	adhikara
3.1.1	3.2.39	adhikara
3.1.1	3.2.40	adhikara
3.1.1	3.2.41	adhikara
3.1.1	3.2.42	adhikara
3.1.1	3.2.43	adhikara
3.1.1	3.2.44	adhikara
3.1.1	3.2.45	adhikara
3.1.1	3.2.46	adhikara
3.1.1	3.2.47	adhikara
3.1.1	3.2.48	adhikara
3.1.1	3.2.49	adhikara
3.1.1	3.2.50	adhikara
3.1.1	3.2.51	adhikara
3.1.1	3.2.52	adhikara
3.1.1	3.2.53	adhikara
3.1.1	3.2.54	adhikara
3.1.1	3.2.55	adhikara
3.1.1	3.2.56	adhikara
3.1.1	3.2.57	adhikara
3.1.1	3.2.58	adhikara
3.1.1	3.2.59	adhikara
3.1.1	3.2.60	adhikara
3.1.1	3.2.61	adhikara
3.1.1	3.2.62	adhikara
3.1.1	3.2.63	adhikara
3.1.1	3.2.64	adhikara
3.1.1	3.2.65	adhikara
3.1.1	3.2.66	adhikara
3.1.1	3.2.67	adhikara
3.1.1	3.2.68	adhikara
3.1.1	3.2.69	adhikara
3.1.1	3.2.70	adhikara
3.1.1	3.2.71	adhikara
3.1.1	3.2.72	adhikara
3.1.1	3.2.73	adhikara
3.1.1	3.2.74	adhikara
3.1.1	3.2.75	adhikara
3.1.1	3.2.76	adhikara
3.1.1	3.2.77	adhikara
3.1.1	3.2.78	adhikara
3.1.1	3.2.79	adhikara
3.1.1	3.2.80	adhikara
3.1.1	3.2.81	adhikara
3.1.1	3.2.82	adhikara
3.1.1	3.2.83	adhikara
3.1.1	3.2.84	adhikara
3.1.1	3.2.85	adhikara
3.1.1	3.2.86	adhikara
3.1.1	3.2.87	adhikara
3.1.1	3.2.88	adhikara
3.1.1	3.2.89	adhikara
3.1.1	3.2.90	adhikara
3.1.1	3.2.91	adhikara
3.1.1	3.2.92	adhikara
3.1.1	3.2.93	adhikara
3.1.1	3.2.94	adhikara
3.1.1	3.2.95	adhikara
3.1.1	3.2.96	adhikara
3.1.1	3.2.97	adhikara
3.1.1	3.2.98	adhikara
3.1.1	3.2.99	adhikara
3.1.1	3.2.100	adhikara
3.1.1	3.2.101	adhikara
3.1.1	3.2.102	adhikara
3.1.1	3.2.103	adhikara
3.1.1	3.2.104	adhikara
3.1.1	3.2.105	adhikara
3.1.1	3.2.106	adhikara
3.1.1	3.2.107	adhikara
3.1.1	3.2.108	adhikara
3.1.1	3.2.109	adhikara
3.1.1	3.2.110	adhikara
3.1.1	3.2.111	adhikara
3.1.1	3.2.112	adhikara
3.1.1	3.2.113	adhikara
3.1.1	3.2.114	adhikara
3.1.1	3.2.115	adhikara
3.1.1	3.2.116	adhikara
3.1.1	3.2.117	adhikara
3.1.1	3.2.118	adhikara
3.1.1	3.2.119	adhikara
3.1.1	3.2.120	adhikara
3.1.1	3.2.121	adhikara
3.1.1	3.2.122	adhikara
3.1.1	3.2.123	adhikara
3.1.1	3.2.124	adhikara
3.1.1	3.2.125	adhikara
3.1.1	3.2.126	adhikara
3.1.1	3.2.127	adhikara
3.1.1	3.2.128	adhikara
3.1.1	3.2.129	adhikara
3.1.1	3.2.130	adhikara
3.1.1	3.2.131	adhikara
3.1.1	3.2.132	adhikara
3.1.1	3.2.133	adhikara
3.1.1	3.2.134	adhikara
3.1.1	3.2.135	adhikara
3.1.1	3.2.136	adhikara
3.1.1	3.2.137	adhikara
3.1.1	3.2.138	adhikara
3.1.1	3.2.139	adhikara
3.1.1	3.2.140	adhikara
3.1.1	3.2.141	adhikara
3.1.1	3.2.142	adhikara
3.1.1	3.2.143	adhikara
3.1.1	3.2.144	adhikara
3.1.1	3.2.145	adhikara
3.1.1	3.2.146	adhikara
3.1.1	3.2.147	adhikara
3.1.1	3.2.148	adhikara
3.1.1	3.2.149	adhikara
3.1.1	3.2.150	adhikara
3.1.1	3.2.151	adhikara
3.1.1	3.2.152	adhikara
3.1.1	3.2.153	adhikara
3.1.1	3.2.154	adhikara
3.1.1	3.2.155	adhikara
3.1.1	3.2.156	adhikara
3.1.1	3.2.157	adhikara
3.1.1	3.2.158	adhikara
3.1.1	3.2.159	adhikara
3.1.1	3.2.160	adhikara
3.1.1	3.2.161	adhikara
3.1.1	3.2.162	adhikara
3.1.1	3.2.163	adhikara
3.1.1	3.2.164	adhikara
3.1.1	3.2.165	adhikara
3.1.1	3.2.166	adhikara
3.1.1	3.2.167	adhikara
3.1.1	3.2.168	adhikara
3.1.1	3.2.169	adhikara
3.1.1	3.2.170	adhikara
3.1.1	3.2.171	adhikara
3.1.1	3.2.172	adhikara
3.1.1	3.2.173	adhikara
3.1.1	3.2.174	adhikara
3.1.1	3.2.175	adhikara
3.1.1	3.2.176	adhikara
3.1.1	3.2.177	adhikara
3.1.1	3.2.178	adhikara
3.1.1	3.2.179	adhikara
3.1.1	3.2.180	adhikara
3.1.1	3.2.181	adhikara
3.1.1	3.2.182	adhikara
3.1.1	3.2.183	adhikara
3.1.1	3.2.184	adhikara
3.1.1	3.2.185	adhikara
3.1.1	3.2.186	adhikara
3.1.1	3.2.187	adhikara
3.1.1	3.2.188	adhikara
3.1.1	3.3.1	adhikara
3.1.1	3.3.2	adhikara
3.1.1	3.3.3	adhikara
3.1.1	3.3.4	adhikara
3.1.1	3.3.5	adhikara
3.1.1	3.3.6	adhikara
3.1.1	3.3.7	adhikara
3.1.1	3.3.8	adhikara
3.1.1	3.3.9	adhikara
3.1.1	3.3.10	adhikara
3.1.1	3.3.11	adhikara
3.1.1	3.3.12	adhikara
3.1.1	3.3.13	adhikara
3.1.1	3.3.14	adhikara
3.1.1	3.3.15	adhikara
3.1.1	3.3.16	adhikara
3.1.1	3.3.17	adhikara
3.1.1	3.3.18	adhikara
3.1.1	3.3.19	adhikara
3.1.1	3.3.20	adhikara
3.1.1	3.3.21	adhikara
3.1.1	3.3.22	adhikara
3.1.1	3.3.23	adhikara
3.1.1	3.3.24	adhikara
3.1.1	3.3.25	adhikara
3.1.1	3.3.26	adhikara
3.1.1	3.3.27	adhikara
3.1.1	3.3.28	adhikara
3.1.1	3.3.29	adhikara
3.1.1	3.3.30	adhikara
3.1.1	3.3.31	adhikara
3.1.1	3.3.32	adhikara
3.1.1	3.3.33	adhikara
3.1.1	3.3.34	adhikara
3.1.1	3.3.35	adhikara
3.1.1	3.3.36	adhikara
3.1.1	3.3.37	adhikara
3.1.1	3.3.38	adhikara
3.1.1	3.3.39	adhikara
3.1.1	3.3.40	adhikara
3.1.1	3.3.41	adhikara
3.1.1	3.3.42	adhikara
3.1.1	3.3.43	adhikara
3.1.1	3.3.44	adhikara
3.1.1	3.3.45	adhikara
3.1.1	3.3.46	adhikara
3.1.1	3.3.47	adhikara
3.1.1	3.3.48	adhikara
3.1.1	3.3.49	adhikara
3.1.1	3.3.50	adhikara
3.1.1	3.3.51	adhikara
3.1.1	3.3.52	adhikara
3.1.1	3.3.53	adhikara
3.1.1	3.3.54	adhikara
3.1.1	3.3.55	adhikara
3.1.1	3.3.56	adhikara
3.1.1	3.3.57	adhikara
3.1.1	3.3.58	adhikara
3.1.1	3.3.59	adhikara
3.1.1	3.3.60	adhikara
3.1.1	3.3.61	adhikara
3.1.1	3.3.62	adhikara
3.1.1	3.3.63	adhikara
3.1.1	3.3.64	adhikara
3.1.1	3.3.65	adhikara
3.1.1	3.3.66	adhikara
3.1.1	3.3.67	adhikara
3.1.1	3.3.68	adhikara
3.1.1	3.3.69	adhikara
3.1.1	3.3.70	adhikara
3.1.1	3.3.71	adhikara
3.1.1	3.3.72	adhikara
3.1.1	3.3.73	adhikara
3.1.1	3.3.74	adhikara
3.1.1	3.3.75	adhikara
3.1.1	3.3.76	adhikara
3.1.1	3.3.77	adhikara
3.1.1	3.3.78	adhikara
3.1.1	3.3.79	adhikara
3.1.1	3.3.80	adhikara
3.1.1	3.3.81	adhikara
3.1.1	3.3.82	adhikara
3.1.1	3.3.83	adhikara
3.1.1	3.3.84	adhikara
3.1.1	3.3.85	adhikara
3.1.1	3.3.86	adhikara
3.1.1	3.3.87	adhikara
3.1.1	3.3.88	adhikara
3.1.1	3.3.89	adhikara
3.1.1	3.3.90	adhikara
3.1.1	3.3.91	adhikara
3.1.1	3.3.92	adhikara
3.1.1	3.3.93	adhikara
3.1.1	3.3.94	adhikara
3.1.1	3.3.95	adhikara
3.1.1	3.3.96	adhikara
3.1.1	3.3.97	adhikara
3.1.1	3.3.98	adhikara
3.1.1	3.3.99	adhikara
3.1.1	3.3.100	adhikara
3.1.1	3.3.101	adhikara
3.1.1	3.3.102	adhikara
3.1.1	3.3.103	adhikara
3.1.1	3.3.104	adhikara
3.1.1	3.3.105	adhikara
3.1.1	3.3.106	adhikara
3.1.1	3.3.107	adhikara
3.1.1	3.3.108	adhikara
3.1.1	3.3.109	adhikara
3.1.1	3.3.110	adhikara
3.1.1	3.3.111	adhikara
3.1.1	3.3.112	adhikara
3.1.1	3.3.113	adhikara
3.1.1	3.3.114	adhikara
3.1.1	3.3.115	adhikara
3.1.1	3.3.116	adhikara
3.1.1	3.3.117	adhikara
3.1.1	3.3.118	adhikara
3.1.1	3.3.119	adhikara
3.1.1	3.3.120	adhikara
3.1.1	3.3.121	adhikara
3.1.1	3.3.122	adhikara
3.1.1	3.3.123	adhikara
3.1.1	3.3.124	adhikara
3.1.1	3.3.125	adhikara
3.1.1	3.3.126	adhikara
3.1.1	3.3.127	adhikara
3.1.1	3.3.128	adhikara
3.1.1	3.3.129	adhikara
3.1.1	3.3.130	adhikara
3.1.1	3.3.131	adhikara
3.1.1	3.3.132	adhikara
3.1.1	3.3.133	adhikara
3.1.1	3.3.134	adhikara
3.1.1	3.3.135	adhikara
3.1.1	3.3.136	adhikara
3.1.1	3.3.137	adhikara
3.1.1	3.3.138	adhikara
3.1.1	3.3.139	adhikara
3.1.1	3.3.140	adhikara
3.1.1	3.3.141	adhikara
3.1.1	3.3.142	adhikara
3.1.1	3.3.143	adhikara
3.1.1	3.3.144	adhikara
3.1.1	3.3.145	adhikara
3.1.1	3.3.146	adhikara
3.1.1	3.3.147	adhikara
3.1.1	3.3.148	adhikara
3.1.1	3.3.149	adhikara
3.1.1	3.3.150	adhikara
3.1.1	3.3.151	adhikara
3.1.1	3.3.152	adhikara
3.1.1	3.3.153	adhikara
3.1.1	3.3.154	adhikara
3.1.1	3.3.155	adhikara
3.1.1	3.3.156	adhikara
3.1.1	3.3.157	adhikara
3.1.1	3.3.158	adhikara
3.1.1	3.3.159	adhikara
3.1.1	3.3.160	adhikara
3.1.1	3.3.161	adhikara
3.1.1	3.3.162	adhikara
3.1.1	3.3.163	adhikara
3.1.1	3.3.164	adhikara
3.1.1	3.3.165	adhikara
3.1.1	3.3.166	adhikara
3.1.1	3.3.167	adhikara
3.1.1	3.3.168	adhikara
3.1.1	3.3.169	adhikara
3.1.1	3.3.170	adhikara
3.1.1	3.3.171	adhikara
3.1.1	3.3.172	adhikara
3.1.1	3.3.173	adhikara
3.1.1	3.3.174	adhikara
3.1.1	3.3.175	adhikara
3.1.1	3.3.176	adhikara
3.1.1	3.4.1	adhikara
3.1.1	3.4.2	adhikara
3.1.1	3.4.3	adhikara
3.1.1	3.4.4	adhikara
3.1.1	3.4.5	adhikara
3.1.1	3.4.6	adhikara
3.1.1	3.4.7	adhikara
3.1.1	3.4.8	adhikara
3.1.1	3.4.9	adhikara
3.1.1	3.4.10	adhikara
3.1.1	3.4.11	adhikara
3.1.1	3.4.12	adhikara
3.1.1	3.4.13	adhikara
3.1.1	3.4.14	adhikara
3.1.1	3.4.15	adhikara
3.1.1	3.4.16	adhikara
3.1.1	3.4.17	adhikara
3.1.1	3.4.18	adhikara
3.1.1	3.4.19	adhikara
3.1.1	3.4.20	adhikara
3.1.1	3.4.21	adhikara
3.1.1	3.4.22	adhikara
3.1.1	3.4.23	adhikara
3.1.1	3.4.24	adhikara
3.1.1	3.4.25	adhikara
3.1.1	3.4.26	adhikara
3.1.1	3.4.27	adhikara
3.1.1	3.4.28	adhikara
3.1.1	3.4.29	adhikara
3.1.1	3.4.30	adhikara
3.1.1	3.4.31	adhikara
3.1.1	3.4.32	adhikara
3.1.1	3.4.33	adhikara
3.1.1	3.4.34	adhikara
3.1.1	3.4.35	adhikara
3.1.1	3.4.36	adhikara
3.1.1	3.4.37	adhikara
3.1.1	3.4.38	adhikara
3.1.1	3.4.39	adhikara
3.1.1	3.4.40	adhikara
3.1.1	3.4.41	adhikara
3.1.1	3.4.42	adhikara
3.1.1	3.4.43	adhikara
3.1.1	3.4.44	adhikara
3.1.1	3.4.45	adhikara
3.1.1	3.4.46	adhikara
3.1.1	3.4.47	adhikara
3.1.1	3.4.48	adhikara
3.1.1	3.4.49	adhikara
3.1.1	3.4.50	adhikara
3.1.1	3.4.51	adhikara
3.1.1	3.4.52	adhikara
3.1.1	3.4.53	adhikara
3.1.1	3.4.54	adhikara
3.1.1	3.4.55	adhikara
3.1.1	3.4.56	adhikara
3.1.1	3.4.57	adhikara
3.1.1	3.4.58	adhikara
3.1.1	3.4.59	adhikara
3.1.1	3.4.60	adhikara
3.1.1	3.4.61	adhikara
3.1.1	3.4.62	adhikara
3.1.1	3.4.63	adhikara
3.1.1	3.4.64	adhikara
3.1.1	3.4.65	adhikara
3.1.1	3.4.66	adhikara
3.1.1	3.4.67	adhikara
3.1.1	3.4.68	adhikara
3.1.1	3.4.69	adhikara
3.1.1	3.4.70	adhikara
3.1.1	3.4.71	adhikara
3.1.1	3.4.72	adhikara
3.1.1	3.4.73	adhikara
3.1.1	3.4.74	adhikara
3.1.1	3.4.75	adhikara
3.1.1	3.4.76	adhikara
3.1.1	3.4.77	adhikara
3.1.1	3.4.78	adhikara
3.1.1	3.4.79	adhikara
3.1.1	3.4.80	adhikara
3.1.1	3.4.81	adhikara
3.1.1	3.4.82	adhikara
3.1.1	3.4.83	adhikara
3.1.1	3.4.84	adhikara
3.1.1	3.4.85	adhikara
3.1.1	3.4.86	adhikara
3.1.1	3.4.87	adhikara
3.1.1	3.4.88	adhikara
3.1.1	3.4.89	adhikara
3.1.1	3.4.90	adhikara
3.1.1	3.4.91	adhikara
3.1.1	3.4.92	adhikara
3.1.1	3.4.93	adhikara
3.1.1	3.4.94	adhikara
3.1.1	3.4.95	adhikara
3.1.1	3.4.96	adhikara
3.1.1	3.4.97	adhikara
3.1.1	3.4.98	adhikara
3.1.1	3.4.99	adhikara
3.1.1	3.4.100	adhikara
3.1.1	3.4.101	adhikara
3.1.1	3.4.102	adhikara
3.1.1	3.4.103	adhikara
3.1.1	3.4.104	adhikara
3.1.1	3.4.105	adhikara
3.1.1	3.4.106	adhikara
3.1.1	3.4.107	adhikara
3.1.1	3.4.108	adhikara
3.1.1	3.4.109	adhikara
3.1.1	3.4.110	adhikara
3.1.1	3.4.111	adhikara
3.1.1	3.4.112	adhikara
3.1.1	3.4.113	adhikara
3.1.1	3.4.114	adhikara
3.1.1	3.4.115	adhikara
3.1.1	3.4.116	adhikara
3.1.1	3.4.117	adhikara
3.1.1	4.1.1	adhikara
3.1.1	4.1.2	adhikara
3.1.1	4.1.3	adhikara
3.1.1	4.1.4	adhikara
3.1.1	4.1.5	adhikara
3.1.1	4.1.6	adhikara
3.1.1	4.1.7	adhikara
3.1.1	4.1.8	adhikara
3.1.1	4.1.9	adhikara
3.1.1	4.1.10	adhikara
3.1.1	4.1.11	adhikara
3.1.1	4.1.12	adhikara
3.1.1	4.1.13	adhikara
3.1.1	4.1.14	adhikara
3.1.1	4.1.15	adhikara
3.1.1	4.1.16	adhikara
3.1.1	4.1.17	adhikara
3.1.1	4.1.18	adhikara
3.1.1	4.1.19	adhikara
3.1.1	4.1.20	adhikara
3.1.1	4.1.21	adhikara
3.1.1	4.1.22	adhikara
3.1.1	4.1.23	adhikara
3.1.1	4.1.24	adhikara
3.1.1	4.1.25	adhikara
3.1.1	4.1.26	adhikara
3.1.1	4.1.27	adhikara
3.1.1	4.1.28	adhikara
3.1.1	4.1.29	adhikara
3.1.1	4.1.30	adhikara
3.1.1	4.1.31	adhikara
3.1.1	4.1.32	adhikara
3.1.1	4.1.33	adhikara
3.1.1	4.1.34	adhikara
3.1.1	4.1.35	adhikara
3.1.1	4.1.36	adhikara
3.1.1	4.1.37	adhikara
3.1.1	4.1.38	adhikara
3.1.1	4.1.39	adhikara
3.1.1	4.1.40	adhikara
3.1.1	4.1.41	adhikara
3.1.1	4.1.42	adhikara
3.1.1	4.1.43	adhikara
3.1.1	4.1.44	adhikara
3.1.1	4.1.45	adhikara
3.1.1	4.1.46	adhikara
3.1.1	4.1.47	adhikara
3.1.1	4.1.48	adhikara
3.1.1	4.1.49	adhikara
3.1.1	4.1.50	adhikara
3.1.1	4.1.51	adhikara
3.1.1	4.1.52	adhikara
3.1.1	4.1.53	adhikara
3.1.1	4.1.54	adhikara
3.1.1	4.1.55	adhikara
3.1.1	4.1.56	adhikara
3.1.1	4.1.57	adhikara
3.1.1	4.1.58	adhikara
3.1.1	4.1.59	adhikara
3.1.1	4.1.60	adhikara
3.1.1	4.1.61	adhikara
3.1.1	4.1.62	adhikara
3.1.1	4.1.63	adhikara
3.1.1	4.1.64	adhikara
3.1.1	4.1.65	adhikara
3.1.1	4.1.66	adhikara
3.1.1	4.1.67	adhikara
3.1.1	4.1.68	adhikara
3.1.1	4.1.69	adhikara
3.1.1	4.1.70	adhikara
3.1.1	4.1.71	adhikara
3.1.1	4.1.72	adhikara
3.1.1	4.1.73	adhikara
3.1.1	4.1.74	adhikara
3.1.1	4.1.75	adhikara
3.1.1	4.1.76	adhikara
3.1.1	4.1.77	adhikara
3.1.1	4.1.78	adhikara
3.1.1	4.1.79	adhikara
3.1.1	4.1.80	adhikara
3.1.1	4.1.81	adhikara
3.1.1	4.1.82	adhikara
3.1.1	4.1.83	adhikara
3.1.1	4.1.84	adhikara
3.1.1	4.1.85	adhikara
3.1.1	4.1.86	adhikara
3.1.1	4.1.87	adhikara
3.1.1	4.1.88	adhikara
3.1.1	4.1.89	adhikara
3.1.1	4.1.90	adhikara
3.1.1	4.1.91	adhikara
3.1.1	4.1.92	adhikara
3.1.1	4.1.93	adhikara
3.1.1	4.1.94	adhikara
3.1.1	4.1.95	adhikara
3.1.1	4.1.96	adhikara
3.1.1	4.1.97	adhikara
3.1.1	4.1.98	adhikara
3.1.1	4.1.99	adhikara
3.1.1	4.1.100	adhikara
3.1.1	4.1.101	adhikara
3.1.1	4.1.102	adhikara
3.1.1	4.1.103	adhikara
3.1.1	4.1.104	adhikara
3.1.1	4.1.105	adhikara
3.1.1	4.1.106	adhikara
3.1.1	4.1.107	adhikara
3.1.1	4.1.108	adhikara
3.1.1	4.1.109	adhikara
3.1.1	4.1.110	adhikara
3.1.1	4.1.111	adhikara
3.1.1	4.1.112	adhikara
3.1.1	4.1.113	adhikara
3.1.1	4.1.114	adhikara
3.1.1	4.1.115	adhikara
3.1.1	4.1.116	adhikara
3.1.1	4.1.117	adhikara
3.1.1	4.1.118	adhikara
3.1.1	4.1.119	adhikara
3.1.1	4.1.120	adhikara
3.1.1	4.1.121	adhikara
3.1.1	4.1.122	adhikara
3.1.1	4.1.123	adhikara
3.1.1	4.1.124	adhikara
3.1.1	4.1.125	adhikara
3.1.1	4.1.126	adhikara
3.1.1	4.1.127	adhikara
3.1.1	4.1.128	adhikara
3.1.1	4.1.129	adhikara
3.1.1	4.1.130	adhikara
3.1.1	4.1.131	adhikara
3.1.1	4.1.132	adhikara
3.1.1	4.1.133	adhikara
3.1.1	4.1.134	adhikara
3.1.1	4.1.135	adhikara
3.1.1	4.1.136	adhikara
3.1.1	4.1.137	adhikara
3.1.1	4.1.138	adhikara
3.1.1	4.1.139	adhikara
3.1.1	4.1.140	adhikara
3.1.1	4.1.141	adhikara
3.1.1	4.1.142	adhikara
3.1.1	4.1.143	adhikara
3.1.1	4.1.144	adhikara
3.1.1	4.1.145	adhikara
3.1.1	4.1.146	adhikara
3.1.1	4.1.147	adhikara
3.1.1	4.1.148	adhikara
3.1.1	4.1.149	adhikara
3.1.1	4.1.150	adhikara
3.1.1	4.1.151	adhikara
3.1.1	4.1.152	adhikara
3.1.1	4.1.153	adhikara
3.1.1	4.1.154	adhikara
3.1.1	4.1.155	adhikara
3.1.1	4.1.156	adhikara
3.1.1	4.1.157	adhikara
3.1.1	4.1.158	adhikara
3.1.1	4.1.159	adhikara
3.1.1	4.1.160	adhikara
3.1.1	4.1.161	adhikara
3.1.1	4.1.162	adhikara
3.1.1	4.1.163	adhikara
3.1.1	4.1.164	adhikara
3.1.1	4.1.165	adhikara
3.1.1	4.1.166	adhikara
3.1.1	4.1.167	adhikara
3.1.1	4.1.168	adhikara
3.1.1	4.1.169	adhikara
3.1.1	4.1.170	adhikara
3.1.1	4.1.171	adhikara
3.1.1	4.1.172	adhikara
3.1.1	4.1.173	adhikara
3.1.1	4.1.174	adhikara
3.1.1	4.1.175	adhikara
3.1.1	4.1.176	adhikara
3.1.1	4.1.177	adhikara
3.1.1	4.1.178	adhikara
3.1.1	4.2.1	adhikara
3.1.1	4.2.2	adhikara
3.1.1	4.2.3	adhikara
3.1.1	4.2.4	adhikara
3.1.1	4.2.5	adhikara
3.1.1	4.2.6	adhikara
3.1.1	4.2.7	adhikara
3.1.1	4.2.8	adhikara
3.1.1	4.2.9	adhikara
3.1.1	4.2.10	adhikara
3.1.1	4.2.11	adhikara
3.1.1	4.2.12	adhikara
3.1.1	4.2.13	adhikara
3.1.1	4.2.14	adhikara
3.1.1	4.2.15	adhikara
3.1.1	4.2.16	adhikara
3.1.1	4.2.17	adhikara
3.1.1	4.2.18	adhikara
3.1.1	4.2.19	adhikara
3.1.1	4.2.20	adhikara
3.1.1	4.2.21	adhikara
3.1.1	4.2.22	adhikara
3.1.1	4.2.23	adhikara
3.1.1	4.2.24	adhikara
3.1.1	4.2.25	adhikara
3.1.1	4.2.26	adhikara
3.1.1	4.2.27	adhikara
3.1.1	4.2.28	adhikara
3.1.1	4.2.29	adhikara
3.1.1	4.2.30	adhikara
3.1.1	4.2.31	adhikara
3.1.1	4.2.32	adhikara
3.1.1	4.2.33	adhikara
3.1.1	4.2.34	adhikara
3.1.1	4.2.35	adhikara
3.1.1	4.2.36	adhikara
3.1.1	4.2.37	adhikara
3.1.1	4.2.38	adhikara
3.1.1	4.2.39	adhikara
3.1.1	4.2.40	adhikara
3.1.1	4.2.41	adhikara
3.1.1	4.2.42	adhikara
3.1.1	4.2.43	adhikara
3.1.1	4.2.44	adhikara
3.1.1	4.2.45	adhikara
3.1.1	4.2.46	adhikara
3.1.1	4.2.47	adhikara
3.1.1	4.2.48	adhikara
3.1.1	4.2.49	adhikara
3.1.1	4.2.50	adhikara
3.1.1	4.2.51	adhikara
3.1.1	4.2.52	adhikara
3.1.1	4.2.53	adhikara
3.1.1	4.2.54	adhikara
3.1.1	4.2.55	adhikara
3.1.1	4.2.56	adhikara
3.1.1	4.2.57	adhikara
3.1.1	4.2.58	adhikara
3.1.1	4.2.59	adhikara
3.1.1	4.2.60	adhikara
3.1.1	4.2.61	adhikara
3.1.1	4.2.62	adhikara
3.1.1	4.2.63	adhikara
3.1.1	4.2.64	adhikara
3.1.1	4.2.65	adhikara
3.1.1	4.2.66	adhikara
3.1.1	4.2.67	adhikara
3.1.1	4.2.68	adhikara
3.1.1	4.2.69	adhikara
3.1.1	4.2.70	adhikara
3.1.1	4.2.71	adhikara
3.1.1	4.2.72	adhikara
3.1.1	4.2.73	adhikara
3.1.1	4.2.74	adhikara
3.1.1	4.2.75	adhikara
3.1.1	4.2.76	adhikara
3.1.1	4.2.77	adhikara
3.1.1	4.2.78	adhikara
3.1.1	4.2.79	adhikara
3.1.1	4.2.80	adhikara
3.1.1	4.2.81	adhikara
3.1.1	4.2.82	adhikara
3.1.1	4.2.83	adhikara
3.1.1	4.2.84	adhikara
3.1.1	4.2.85	adhikara
3.1.1	4.2.86	adhikara
3.1.1	4.2.87	adhikara
3.1.1	4.2.88	adhikara
3.1.1	4.2.89	adhikara
3.1.1	4.2.90	adhikara
3.1.1	4.2.91	adhikara
3.1.1	4.2.92	adhikara
3.1.1	4.2.93	adhikara
3.1.1	4.2.94	adhikara
3.1.1	4.2.95	adhikara
3.1.1	4.2.96	adhikara
3.1.1	4.2.97	adhikara
3.1.1	4.2.98	adhikara
3.1.1	4.2.99	adhikara
3.1.1	4.2.100	adhikara
3.1.1	4.2.101	adhikara
3.1.1	4.2.102	adhikara
3.1.1	4.2.103	adhikara
3.1.1	4.2.104	adhikara
3.1.1	4.2.105	adhikara
3.1.1	4.2.106	adhikara
3.1.1	4.2.107	adhikara
3.1.1	4.2.108	adhikara
3.1.1	4.2.109	adhikara
3.1.1	4.2.110	adhikara
3.1.1	4.2.111	adhikara
3.1.1	4.2.112	adhikara
3.1.1	4.2.113	adhikara
3.1.1	4.2.114	adhikara
3.1.1	4.2.115	adhikara
3.1.1	4.2.116	adhikara
3.1.1	4.2.117	adhikara
3.1.1	4.2.118	adhikara
3.1.1	4.2.119	adhikara
3.1.1	4.2.120	adhikara
3.1.1	4.2.121	adhikara
3.1.1	4.2.122	adhikara
3.1.1	4.2.123	adhikara
3.1.1	4.2.124	adhikara
3.1.1	4.2.125	adhikara
3.1.1	4.2.126	adhikara
3.1.1	4.2.127	adhikara
3.1.1	4.2.128	adhikara
3.1.1	4.2.129	adhikara
3.1.1	4.2.130	adhikara
3.1.1	4.2.131	adhikara
3.1.1	4.2.132	adhikara
3.1.1	4.2.133	adhikara
3.1.1	4.2.134	adhikara
3.1.1	4.2.135	adhikara
3.1.1	4.2.136	adhikara
3.1.1	4.2.137	adhikara
3.1.1	4.2.138	adhikara
3.1.1	4.2.139	adhikara
3.1.1	4.2.140	adhikara
3.1.1	4.2.141	adhikara
3.1.1	4.2.142	adhikara
3.1.1	4.2.143	adhikara
3.1.1	4.2.144	adhikara
3.1.1	4.2.145	adhikara
3.1.1	4.3.1	adhikara
3.1.1	4.3.2	adhikara
3.1.1	4.3.3	adhikara
3.1.1	4.3.4	adhikara
3.1.1	4.3.5	adhikara
3.1.1	4.3.6	adhikara
3.1.1	4.3.7	adhikara
3.1.1	4.3.8	adhikara
3.1.1	4.3.9	adhikara
3.1.1	4.3.10	adhikara
3.1.1	4.3.11	adhikara
3.1.1	4.3.12	adhikara
3.1.1	4.3.13	adhikara
3.1.1	4.3.14	adhikara
3.1.1	4.3.15	adhikara
3.1.1	4.3.16	adhikara
3.1.1	4.3.17	adhikara
3.1.1	4.3.18	adhikara
3.1.1	4.3.19	adhikara
3.1.1	4.3.20	adhikara
3.1.1	4.3.21	adhikara
3.1.1	4.3.22	adhikara
3.1.1	4.3.23	adhikara
3.1.1	4.3.24	adhikara
3.1.1	4.3.25	adhikara
3.1.1	4.3.26	adhikara
3.1.1	4.3.27	adhikara
3.1.1	4.3.28	adhikara
3.1.1	4.3.29	adhikara
3.1.1	4.3.30	adhikara
3.1.1	4.3.31	adhikara
3.1.1	4.3.32	adhikara
3.1.1	4.3.33	adhikara
3.1.1	4.3.34	adhikara
3.1.1	4.3.35	adhikara
3.1.1	4.3.36	adhikara
3.1.1	4.3.37	adhikara
3.1.1	4.3.38	adhikara
3.1.1	4.3.39	adhikara
3.1.1	4.3.40	adhikara
3.1.1	4.3.41	adhikara
3.1.1	4.3.42	adhikara
3.1.1	4.3.43	adhikara
3.1.1	4.3.44	adhikara
3.1.1	4.3.45	adhikara
3.1.1	4.3.46	adhikara
3.1.1	4.3.47	adhikara
3.1.1	4.3.48	adhikara
3.1.1	4.3.49	adhikara
3.1.1	4.3.50	adhikara
3.1.1	4.3.51	adhikara
3.1.1	4.3.52	adhikara
3.1.1	4.3.53	adhikara
3.1.1	4.3.54	adhikara
3.1.1	4.3.55	adhikara
3.1.1	4.3.56	adhikara
3.1.1	4.3.57	adhikara
3.1.1	4.3.58	adhikara
3.1.1	4.3.59	adhikara
3.1.1	4.3.60	adhikara
3.1.1	4.3.61	adhikara
3.1.1	4.3.62	adhikara
3.1.1	4.3.63	adhikara
3.1.1	4.3.64	adhikara
3.1.1	4.3.65	adhikara
3.1.1	4.3.66	adhikara
3.1.1	4.3.67	adhikara
3.1.1	4.3.68	adhikara
3.1.1	4.3.69	adhikara
3.1.1	4.3.70	adhikara
3.1.1	4.3.71	adhikara
3.1.1	4.3.72	adhikara
3.1.1	4.3.73	adhikara
3.1.1	4.3.74	adhikara
3.1.1	4.3.75	adhikara
3.1.1	4.3.76	adhikara
3.1.1	4.3.77	adhikara
3.1.1	4.3.78	adhikara
3.1.1	4.3.79	adhikara
3.1.1	4.3.80	adhikara
3.1.1	4.3.81	adhikara
3.1.1	4.3.82	adhikara
3.1.1	4.3.83	adhikara
3.1.1	4.3.84	adhikara
3.1.1	4.3.85	adhikara
3.1.1	4.3.86	adhikara
3.1.1	4.3.87	adhikara
3.1.1	4.3.88	adhikara
3.1.1	4.3.89	adhikara
3.1.1	4.3.90	adhikara
3.1.1	4.3.91	adhikara
3.1.1	4.3.92	adhikara
3.1.1	4.3.93	adhikara
3.1.1	4.3.94	adhikara
3.1.1	4.3.95	adhikara
3.1.1	4.3.96	adhikara
3.1.1	4.3.97	adhikara
3.1.1	4.3.98	adhikara
3.1.1	4.3.99	adhikara
3.1.1	4.3.100	adhikara
3.1.1	4.3.101	adhikara
3.1.1	4.3.102	adhikara
3.1.1	4.3.103	adhikara
3.1.1	4.3.104	adhikara
3.1.1	4.3.105	adhikara
3.1.1	4.3.106	adhikara
3.1.1	4.3.107	adhikara
3.1.1	4.3.108	adhikara
3.1.1	4.3.109	adhikara
3.1.1	4.3.110	adhikara
3.1.1	4.3.111	adhikara
3.1.1	4.3.112	adhikara
3.1.1	4.3.113	adhikara
3.1.1	4.3.114	adhikara
3.1.1	4.3.115	adhikara
3.1.1	4.3.116	adhikara
3.1.1	4.3.117	adhikara
3.1.1	4.3.118	adhikara
3.1.1	4.3.119	adhikara
3.1.1	4.3.120	adhikara
3.1.1	4.3.121	adhikara
3.1.1	4.3.122	adhikara
3.1.1	4.3.123	adhikara
3.1.1	4.3.124	adhikara
3.1.1	4.3.125	adhikara
3.1.1	4.3.126	adhikara
3.1.1	4.3.127	adhikara
3.1.1	4.3.128	adhikara
3.1.1	4.3.129	adhikara
3.1.1	4.3.130	adhikara
3.1.1	4.3.131	adhikara
3.1.1	4.3.132	adhikara
3.1.1	4.3.133	adhikara
3.1.1	4.3.134	adhikara
3.1.1	4.3.135	adhikara
3.1.1	4.3.136	adhikara
3.1.1	4.3.137	adhikara
3.1.1	4.3.138	adhikara
3.1.1	4.3.139	adhikara
3.1.1	4.3.140	adhikara
3.1.1	4.3.141	adhikara
3.1.1	4.3.142	adhikara
3.1.1	4.3.143	adhikara
3.1.1	4.3.144	adhikara
3.1.1	4.3.145	adhikara
3.1.1	4.3.146	adhikara
3.1.1	4.3.147	adhikara
3.1.1	4.3.148	adhikara
3.1.1	4.3.149	adhikara
3.1.1	4.3.150	adhikara
3.1.1	4.3.151	adhikara
3.1.1	4.3.152	adhikara
3.1.1	4.3.153	adhikara
3.1.1	4.3.154	adhikara
3.1.1	4.3.155	adhikara
3.1.1	4.3.156	adhikara
3.1.1	4.3.157	adhikara
3.1.1	4.3.158	adhikara
3.1.1	4.3.159	adhikara
3.1.1	4.3.160	adhikara
3.1.1	4.3.161	adhikara
3.1.1	4.3.162	adhikara
3.1.1	4.3.163	adhikara
3.1.1	4.3.164	adhikara
3.1.1	4.3.165	adhikara
3.1.1	4.3.166	adhikara
3.1.1	4.3.167	adhikara
3.1.1	4.3.168	adhikara
3.1.1	4.4.1	adhikara
3.1.1	4.4.2	adhikara
3.1.1	4.4.3	adhikara
3.1.1	4.4.4	adhikara
3.1.1	4.4.5	adhikara
3.1.1	4.4.6	adhikara
3.1.1	4.4.7	adhikara
3.1.1	4.4.8	adhikara
3.1.1	4.4.9	adhikara
3.1.1	4.4.10	adhikara
3.1.1	4.4.11	adhikara
3.1.1	4.4.12	adhikara
3.1.1	4.4.13	adhikara
3.1.1	4.4.14	adhikara
3.1.1	4.4.15	adhikara
3.1.1	4.4.16	adhikara
3.1.1	4.4.17	adhikara
3.1.1	4.4.18	adhikara
3.1.1	4.4.19	adhikara
3.1.1	4.4.20	adhikara
3.1.1	4.4.21	adhikara
3.1.1	4.4.22	adhikara
3.1.1	4.4.23	adhikara
3.1.1	4.4.24	adhikara
3.1.1	4.4.25	adhikara
3.1.1	4.4.26	adhikara
3.1.1	4.4.27	adhikara
3.1.1	4.4.28	adhikara
3.1.1	4.4.29	adhikara
3.1.1	4.4.30	adhikara
3.1.1	4.4.31	adhikara
3.1.1	4.4.32	adhikara
3.1.1	4.4.33	adhikara
3.1.1	4.4.34	adhikara
3.1.1	4.4.35	adhikara
3.1.1	4.4.36	adhikara
3.1.1	4.4.37	adhikara
3.1.1	4.4.38	adhikara
3.1.1	4.4.39	adhikara
3.1.1	4.4.40	adhikara
3.1.1	4.4.41	adhikara
3.1.1	4.4.42	adhikara
3.1.1	4.4.43	adhikara
3.1.1	4.4.44	adhikara
3.1.1	4.4.45	adhikara
3.1.1	4.4.46	adhikara
3.1.1	4.4.47	adhikara
3.1.1	4.4.48	adhikara
3.1.1	4.4.49	adhikara
3.1.1	4.4.50	adhikara
3.1.1	4.4.51	adhikara
3.1.1	4.4.52	adhikara
3.1.1	4.4.53	adhikara
3.1.1	4.4.54	adhikara
3.1.1	4.4.55	adhikara
3.1.1	4.4.56	adhikara
3.1.1	4.4.57	adhikara
3.1.1	4.4.58	adhikara
3.1.1	4.4.59	adhikara
3.1.1	4.4.60	adhikara
3.1.1	4.4.61	adhikara
3.1.1	4.4.62	adhikara
3.1.1	4.4.63	adhikara
3.1.1	4.4.64	adhikara
3.1.1	4.4.65	adhikara
3.1.1	4.4.66	adhikara
3.1.1	4.4.67	adhikara
3.1.1	4.4.68	adhikara
3.1.1	4.4.69	adhikara
3.1.1	4.4.70	adhikara
3.1.1	4.4.71	adhikara
3.1.1	4.4.72	adhikara
3.1.1	4.4.73	adhikara
3.1.1	4.4.74	adhikara
3.1.1	4.4.75	adhikara
3.1.1	4.4.76	adhikara
3.1.1	4.4.77	adhikara
3.1.1	4.4.78	adhikara
3.1.1	4.4.79	adhikara
3.1.1	4.4.80	adhikara
3.1.1	4.4.81	adhikara
3.1.1	4.4.82	adhikara
3.1.1	4.4.83	adhikara
3.1.1	4.4.84	adhikara
3.1.1	4.4.85	adhikara
3.1.1	4.4.86	adhikara
3.1.1	4.4.87	adhikara
3.1.1	4.4.88	adhikara
3.1.1	4.4.89	adhikara
3.1.1	4.4.90	adhikara
3.1.1	4.4.91	adhikara
3.1.1	4.4.92	adhikara
3.1.1	4.4.93	adhikara
3.1.1	4.4.94	adhikara
3.1.1	4.4.95	adhikara
3.1.1	4.4.96	adhikara
3.1.1	4.4.97	adhikara
3.1.1	4.4.98	adhikara
3.1.1	4.4.99	adhikara
3.1.1	4.4.100	adhikara
3.1.1	4.4.101	adhikara
3.1.1	4.4.102	adhikara
3.1.1	4.4.103	adhikara
3.1.1	4.4.104	adhikara
3.1.1	4.4.105	adhikara
3.1.1	4.4.106	adhikara
3.1.1	4.4.107	adhikara
3.1.1	4.4.108	adhikara
3.1.1	4.4.109	adhikara
3.1.1	4.4.110	adhikara
3.1.1	4.4.111	adhikara
3.1.1	4.4.112	adhikara
3.1.1	4.4.113	adhikara
3.1.1	4.4.114	adhikara
3.1.1	4.4.115	adhikara
3.1.1	4.4.116	adhikara
3.1.1	4.4.117	adhikara
3.1.1	4.4.118	adhikara
3.1.1	4.4.119	adhikara
3.1.1	4.4.120	adhikara
3.1.1	4.4.121	adhikara
3.1.1	4.4.122	adhikara
3.1.1	4.4.123	adhikara
3.1.1	4.4.124	adhikara
3.1.1	4.4.125	adhikara
3.1.1	4.4.126	adhikara
3.1.1	4.4.127	adhikara
3.1.1	4.4.128	adhikara
3.1.1	4.4.129	adhikara
3.1.1	4.4.130	adhikara
3.1.1	4.4.131	adhikara
3.1.1	4.4.132	adhikara
3.1.1	4.4.133	adhikara
3.1.1	4.4.134	adhikara
3.1.1	4.4.135	adhikara
3.1.1	4.4.136	adhikara
3.1.1	4.4.137	adhikara
3.1.1	4.4.138	adhikara
3.1.1	4.4.139	adhikara
3.1.1	4.4.140	adhikara
3.1.1	4.4.141	adhikara
3.1.1	4.4.142	adhikara
3.1.1	4.4.143	adhikara
3.1.1	4.4.144	adhikara
3.1.1	5.1.1	adhikara
3.1.1	5.1.2	adhikara
3.1.1	5.1.3	adhikara
3.1.1	5.1.4	adhikara
3.1.1	5.1.5	adhikara
3.1.1	5.1.6	adhikara
3.1.1	5.1.7	adhikara
3.1.1	5.1.8	adhikara
3.1.1	5.1.9	adhikara
3.1.1	5.1.10	adhikara
3.1.1	5.1.11	adhikara
3.1.1	5.1.12	adhikara
3.1.1	5.1.13	adhikara
3.1.1	5.1.14	adhikara
3.1.1	5.1.15	adhikara
3.1.1	5.1.16	adhikara
3.1.1	5.1.17	adhikara
3.1.1	5.1.18	adhikara
3.1.1	5.1.19	adhikara
3.1.1	5.1.20	adhikara
3.1.1	5.1.21	adhikara
3.1.1	5.1.22	adhikara
3.1.1	5.1.23	adhikara
3.1.1	5.1.24	adhikara
3.1.1	5.1.25	adhikara
3.1.1	5.1.26	adhikara
3.1.1	5.1.27	adhikara
3.1.1	5.1.28	adhikara
3.1.1	5.1.29	adhikara
3.1.1	5.1.30	adhikara
3.1.1	5.1.31	adhikara
3.1.1	5.1.32	adhikara
3.1.1	5.1.33	adhikara
3.1.1	5.1.34	adhikara
3.1.1	5.1.35	adhikara
3.1.1	5.1.36	adhikara
3.1.1	5.1.37	adhikara
3.1.1	5.1.38	adhikara
3.1.1	5.1.39	adhikara
3.1.1	5.1.40	adhikara
3.1.1	5.1.41	adhikara
3.1.1	5.1.42	adhikara
3.1.1	5.1.43	adhikara
3.1.1	5.1.44	adhikara
3.1.1	5.1.45	adhikara
3.1.1	5.1.46	adhikara
3.1.1	5.1.47	adhikara
3.1.1	5.1.48	adhikara
3.1.1	5.1.49	adhikara
3.1.1	5.1.50	adhikara
3.1.1	5.1.51	adhikara
3.1.1	5.1.52	adhikara
3.1.1	5.1.53	adhikara
3.1.1	5.1.54	adhikara
3.1.1	5.1.55	adhikara
3.1.1	5.1.56	adhikara
3.1.1	5.1.57	adhikara
3.1.1	5.1.58	adhikara
3.1.1	5.1.59	adhikara
3.1.1	5.1.60	adhikara
3.1.1	5.1.61	adhikara
3.1.1	5.1.62	adhikara
3.1.1	5.1.63	adhikara
3.1.1	5.1.64	adhikara
3.1.1	5.1.65	adhikara
3.1.1	5.1.66	adhikara
3.1.1	5.1.67	adhikara
3.1.1	5.1.68	adhikara
3.1.1	5.1.69	adhikara
3.1.1	5.1.70	adhikara
3.1.1	5.1.71	adhikara
3.1.1	5.1.72	adhikara
3.1.1	5.1.73	adhikara
3.1.1	5.1.74	adhikara
3.1.1	5.1.75	adhikara
3.1.1	5.1.76	adhikara
3.1.1	5.1.77	adhikara
3.1.1	5.1.78	adhikara
3.1.1	5.1.79	adhikara
3.1.1	5.1.80	adhikara
3.1.1	5.1.81	adhikara
3.1.1	5.1.82	adhikara
3.1.1	5.1.83	adhikara
3.1.1	5.1.84	adhikara
3.1.1	5.1.85	adhikara
3.1.1	5.1.86	adhikara
3.1.1	5.1.87	adhikara
3.1.1	5.1.88	adhikara
3.1.1	5.1.89	adhikara
3.1.1	5.1.90	adhikara
3.1.1	5.1.91	adhikara
3.1.1	5.1.92	adhikara
3.1.1	5.1.93	adhikara
3.1.1	5.1.94	adhikara
3.1.1	5.1.95	adhikara
3.1.1	5.1.96	adhikara
3.1.1	5.1.97	adhikara
3.1.1	5.1.98	adhikara
3.1.1	5.1.99	adhikara
3.1.1	5.1.100	adhikara
3.1.1	5.1.101	adhikara
3.1.1	5.1.102	adhikara
3.1.1	5.1.103	adhikara
3.1.1	5.1.104	adhikara
3.1.1	5.1.105	adhikara
3.1.1	5.1.106	adhikara
3.1.1	5.1.107	adhikara
3.1.1	5.1.108	adhikara
3.1.1	5.1.109	adhikara
3.1.1	5.1.110	adhikara
3.1.1	5.1.111	adhikara
3.1.1	5.1.112	adhikara
3.1.1	5.1.113	adhikara
3.1.1	5.1.114	adhikara
3.1.1	5.1.115	adhikara
3.1.1	5.1.116	adhikara
3.1.1	5.1.117	adhikara
3.1.1	5.1.118	adhikara
3.1.1	5.1.119	adhikara
3.1.1	5.1.120	adhikara
3.1.1	5.1.121	adhikara
3.1.1	5.1.122	adhikara
3.1.1	5.1.123	adhikara
3.1.1	5.1.124	adhikara
3.1.1	5.1.125	adhikara
3.1.1	5.1.126	adhikara
3.1.1	5.1.127	adhikara
3.1.1	5.1.128	adhikara
3.1.1	5.1.129	adhikara
3.1.1	5.1.130	adhikara
3.1.1	5.1.131	adhikara
3.1.1	5.1.132	adhikara
3.1.1	5.1.133	adhikara
3.1.1	5.1.134	adhikara
3.1.1	5.1.135	adhikara
3.1.1	5.1.136	adhikara
3.1.1	5.2.1	adhikara
3.1.1	5.2.2	adhikara
3.1.1	5.2.3	adhikara
3.1.1	5.2.4	adhikara
3.1.1	5.2.5	adhikara
3.1.1	5.2.6	adhikara
3.1.1	5.2.7	adhikara
3.1.1	5.2.8	adhikara
3.1.1	5.2.9	adhikara
3.1.1	5.2.10	adhikara
3.1.1	5.2.11	adhikara
3.1.1	5.2.12	adhikara
3.1.1	5.2.13	adhikara
3.1.1	5.2.14	adhikara
3.1.1	5.2.15	adhikara
3.1.1	5.2.16	adhikara
3.1.1	5.2.17	adhikara
3.1.1	5.2.18	adhikara
3.1.1	5.2.19	adhikara
3.1.1	5.2.20	adhikara
3.1.1	5.2.21	adhikara
3.1.1	5.2.22	adhikara
3.1.1	5.2.23	adhikara
3.1.1	5.2.24	adhikara
3.1.1	5.2.25	adhikara
3.1.1	5.2.26	adhikara
3.1.1	5.2.27	adhikara
3.1.1	5.2.28	adhikara
3.1.1	5.2.29	adhikara
3.1.1	5.2.30	adhikara
3.1.1	5.2.31	adhikara
3.1.1	5.2.32	adhikara
3.1.1	5.2.33	adhikara
3.1.1	5.2.34	adhikara
3.1.1	5.2.35	adhikara
3.1.1	5.2.36	adhikara
3.1.1	5.2.37	adhikara
3.1.1	5.2.38	adhikara
3.1.1	5.2.39	adhikara
3.1.1	5.2.40	adhikara
3.1.1	5.2.41	adhikara
3.1.1	5.2.42	adhikara
3.1.1	5.2.43	adhikara
3.1.1	5.2.44	adhikara
3.1.1	5.2.45	adhikara
3.1.1	5.2.46	adhikara
3.1.1	5.2.47	adhikara
3.1.1	5.2.48	adhikara
3.1.1	5.2.49	adhikara
3.1.1	5.2.50	adhikara
3.1.1	5.2.51	adhikara
3.1.1	5.2.52	adhikara
3.1.1	5.2.53	adhikara
3.1.1	5.2.54	adhikara
3.1.1	5.2.55	adhikara
3.1.1	5.2.56	adhikara
3.1.1	5.2.57	adhikara
3.1.1	5.2.58	adhikara
3.1.1	5.2.59	adhikara
3.1.1	5.2.60	adhikara
3.1.1	5.2.61	adhikara
3.1.1	5.2.62	adhikara
3.1.1	5.2.63	adhikara
3.1.1	5.2.64	adhikara
3.1.1	5.2.65	adhikara
3.1.1	5.2.66	adhikara
3.1.1	5.2.67	adhikara
3.1.1	5.2.68	adhikara
3.1.1	5.2.69	adhikara
3.1.1	5.2.70	adhikara
3.1.1	5.2.71	adhikara
3.1.1	5.2.72	adhikara
3.1.1	5.2.73	adhikara
3.1.1	5.2.74	adhikara
3.1.1	5.2.75	adhikara
3.1.1	5.2.76	adhikara
3.1.1	5.2.77	adhikara
3.1.1	5.2.78	adhikara
3.1.1	5.2.79	adhikara
3.1.1	5.2.80	adhikara
3.1.1	5.2.81	adhikara
3.1.1	5.2.82	adhikara
3.1.1	5.2.83	adhikara
3.1.1	5.2.84	adhikara
3.1.1	5.2.85	adhikara
3.1.1	5.2.86	adhikara
3.1.1	5.2.87	adhikara
3.1.1	5.2.88	adhikara
3.1.1	5.2.89	adhikara
3.1.1	5.2.90	adhikara
3.1.1	5.2.91	adhikara
3.1.1	5.2.92	adhikara
3.1.1	5.2.93	adhikara
3.1.1	5.2.94	adhikara
3.1.1	5.2.95	adhikara
3.1.1	5.2.96	adhikara
3.1.1	5.2.97	adhikara
3.1.1	5.2.98	adhikara
3.1.1	5.2.99	adhikara
3.1.1	5.2.100	adhikara
3.1.1	5.2.101	adhikara
3.1.1	5.2.102	adhikara
3.1.1	5.2.103	adhikara
3.1.1	5.2.104	adhikara
3.1.1	5.2.105	adhikara
3.1.1	5.2.106	adhikara
3.1.1	5.2.107	adhikara
3.1.1	5.2.108	adhikara
3.1.1	5.2.109	adhikara
3.1.1	5.2.110	adhikara
3.1.1	5.2.111	adhikara
3.1.1	5.2.112	adhikara
3.1.1	5.2.113	adhikara
3.1.1	5.2.114	adhikara
3.1.1	5.2.115	adhikara
3.1.1	5.2.116	adhikara
3.1.1	5.2.117	adhikara
3.1.1	5.2.118	adhikara
3.1.1	5.2.119	adhikara
3.1.1	5.2.120	adhikara
3.1.1	5.2.121	adhikara
3.1.1	5.2.122	adhikara
3.1.1	5.2.123	adhikara
3.1.1	5.2.124	adhikara
3.1.1	5.2.125	adhikara
3.1.1	5.2.126	adhikara
3.1.1	5.2.127	adhikara
3.1.1	5.2.128	adhikara
3.1.1	5.2.129	adhikara
3.1.1	5.2.130	adhikara
3.1.1	5.2.131	adhikara
3.1.1	5.2.132	adhikara
3.1.1	5.2.133	adhikara
3.1.1	5.2.134	adhikara
3.1.1	5.2.135	adhikara
3.1.1	5.2.136	adhikara
3.1.1	5.2.137	adhikara
3.1.1	5.2.138	adhikara
3.1.1	5.2.139	adhikara
3.1.1	5.2.140	adhikara
3.1.1	5.3.1	adhikara
3.1.1	5.3.2	adhikara
3.1.1	5.3.3	adhikara
3.1.1	5.3.4	adhikara
3.1.1	5.3.5	adhikara
3.1.1	5.3.6	adhikara
3.1.1	5.3.7	adhikara
3.1.1	5.3.8	adhikara
3.1.1	5.3.9	adhikara
3.1.1	5.3.10	adhikara
3.1.1	5.3.11	adhikara
3.1.1	5.3.12	adhikara
3.1.1	5.3.13	adhikara
3.1.1	5.3.14	adhikara
3.1.1	5.3.15	adhikara
3.1.1	5.3.16	adhikara
3.1.1	5.3.17	adhikara
3.1.1	5.3.18	adhikara
3.1.1	5.3.19	adhikara
3.1.1	5.3.20	adhikara
3.1.1	5.3.21	adhikara
3.1.1	5.3.22	adhikara
3.1.1	5.3.23	adhikara
3.1.1	5.3.24	adhikara
3.1.1	5.3.25	adhikara
3.1.1	5.3.26	adhikara
3.1.1	5.3.27	adhikara
3.1.1	5.3.28	adhikara
3.1.1	5.3.29	adhikara
3.1.1	5.3.30	adhikara
3.1.1	5.3.31	adhikara
3.1.1	5.3.32	adhikara
3.1.1	5.3.33	adhikara
3.1.1	5.3.34	adhikara
3.1.1	5.3.35	adhikara
3.1.1	5.3.36	adhikara
3.1.1	5.3.37	adhikara
3.1.1	5.3.38	adhikara
3.1.1	5.3.39	adhikara
3.1.1	5.3.40	adhikara
3.1.1	5.3.41	adhikara
3.1.1	5.3.42	adhikara
3.1.1	5.3.43	adhikara
3.1.1	5.3.44	adhikara
3.1.1	5.3.45	adhikara
3.1.1	5.3.46	adhikara
3.1.1	5.3.47	adhikara
3.1.1	5.3.48	adhikara
3.1.1	5.3.49	adhikara
3.1.1	5.3.50	adhikara
3.1.1	5.3.51	adhikara
3.1.1	5.3.52	adhikara
3.1.1	5.3.53	adhikara
3.1.1	5.3.54	adhikara
3.1.1	5.3.55	adhikara
3.1.1	5.3.56	adhikara
3.1.1	5.3.57	adhikara
3.1.1	5.3.58	adhikara
3.1.1	5.3.59	adhikara
3.1.1	5.3.60	adhikara
3.1.1	5.3.61	adhikara
3.1.1	5.3.62	adhikara
3.1.1	5.3.63	adhikara
3.1.1	5.3.64	adhikara
3.1.1	5.3.65	adhikara
3.1.1	5.3.66	adhikara
3.1.1	5.3.67	adhikara
3.1.1	5.3.68	adhikara
3.1.1	5.3.69	adhikara
3.1.1	5.3.70	adhikara
3.1.1	5.3.71	adhikara
3.1.1	5.3.72	adhikara
3.1.1	5.3.73	adhikara
3.1.1	5.3.74	adhikara
3.1.1	5.3.75	adhikara
3.1.1	5.3.76	adhikara
3.1.1	5.3.77	adhikara
3.1.1	5.3.78	adhikara
3.1.1	5.3.79	adhikara
3.1.1	5.3.80	adhikara
3.1.1	5.3.81	adhikara
3.1.1	5.3.82	adhikara
3.1.1	5.3.83	adhikara
3.1.1	5.3.84	adhikara
3.1.1	5.3.85	adhikara
3.1.1	5.3.86	adhikara
3.1.1	5.3.87	adhikara
3.1.1	5.3.88	adhikara
3.1.1	5.3.89	adhikara
3.1.1	5.3.90	adhikara
3.1.1	5.3.91	adhikara
3.1.1	5.3.92	adhikara
3.1.1	5.3.93	adhikara
3.1.1	5.3.94	adhikara
3.1.1	5.3.95	adhikara
3.1.1	5.3.96	adhikara
3.1.1	5.3.97	adhikara
3.1.1	5.3.98	adhikara
3.1.1	5.3.99	adhikara
3.1.1	5.3.100	adhikara
3.1.1	5.3.101	adhikara
3.1.1	5.3.102	adhikara
3.1.1	5.3.103	adhikara
3.1.1	5.3.104	adhikara
3.1.1	5.3.105	adhikara
3.1.1	5.3.106	adhikara
3.1.1	5.3.107	adhikara
3.1.1	5.3.108	adhikara
3.1.1	5.3.109	adhikara
3.1.1	5.3.110	adhikara
3.1.1	5.3.111	adhikara
3.1.1	5.3.112	adhikara
3.1.1	5.3.113	adhikara
3.1.1	5.3.114	adhikara
3.1.1	5.3.115	adhikara
3.1.1	5.3.116	adhikara
3.1.1	5.3.117	adhikara
3.1.1	5.3.118	adhikara
3.1.1	5.3.119	adhikara
3.1.1	5.4.1	adhikara
3.1.1	5.4.2	adhikara
3.1.1	5.4.3	adhikara
3.1.1	5.4.4	adhikara
3.1.1	5.4.5	adhikara
3.1.1	5.4.6	adhikara
3.1.1	5.4.7	adhikara
3.1.1	5.4.8	adhikara
3.1.1	5.4.9	adhikara
3.1.1	5.4.10	adhikara
3.1.1	5.4.11	adhikara
3.1.1	5.4.12	adhikara
3.1.1	5.4.13	adhikara
3.1.1	5.4.14	adhikara
3.1.1	5.4.15	adhikara
3.1.1	5.4.16	adhikara
3.1.1	5.4.17	adhikara
3.1.1	5.4.18	adhikara
3.1.1	5.4.19	adhikara
3.1.1	5.4.20	adhikara
3.1.1	5.4.21	adhikara
3.1.1	5.4.22	adhikara
3.1.1	5.4.23	adhikara
3.1.1	5.4.24	adhikara
3.1.1	5.4.25	adhikara
3.1.1	5.4.26	adhikara
3.1.1	5.4.27	adhikara
3.1.1	5.4.28	adhikara
3.1.1	5.4.29	adhikara
3.1.1	5.4.30	adhikara
3.1.1	5.4.31	adhikara
3.1.1	5.4.32	adhikara
3.1.1	5.4.33	adhikara
3.1.1	5.4.34	adhikara
3.1.1	5.4.35	adhikara
3.1.1	5.4.36	adhikara
3.1.1	5.4.37	adhikara
3.1.1	5.4.38	adhikara
3.1.1	5.4.39	adhikara
3.1.1	5.4.40	adhikara
3.1.1	5.4.41	adhikara
3.1.1	5.4.42	adhikara
3.1.1	5.4.43	adhikara
3.1.1	5.4.44	adhikara
3.1.1	5.4.45	adhikara
3.1.1	5.4.46	adhikara
3.1.1	5.4.47	adhikara
3.1.1	5.4.48	adhikara
3.1.1	5.4.49	adhikara
3.1.1	5.4.50	adhikara
3.1.1	5.4.51	adhikara
3.1.1	5.4.52	adhikara
3.1.1	5.4.53	adhikara
3.1.1	5.4.54	adhikara
3.1.1	5.4.55	adhikara
3.1.1	5.4.56	adhikara
3.1.1	5.4.57	adhikara
3.1.1	5.4.58	adhikara
3.1.1	5.4.59	adhikara
3.1.1	5.4.60	adhikara
3.1.1	5.4.61	adhikara
3.1.1	5.4.62	adhikara
3.1.1	5.4.63	adhikara
3.1.1	5.4.64	adhikara
3.1.1	5.4.65	adhikara
3.1.1	5.4.66	adhikara
3.1.1	5.4.67	adhikara
3.1.1	5.4.68	adhikara
3.1.1	5.4.69	adhikara
3.1.1	5.4.70	adhikara
3.1.1	5.4.71	adhikara
3.1.1	5.4.72	adhikara
3.1.1	5.4.73	adhikara
3.1.1	5.4.74	adhikara
3.1.1	5.4.75	adhikara
3.1.1	5.4.76	adhikara
3.1.1	5.4.77	adhikara
3.1.1	5.4.78	adhikara
3.1.1	5.4.79	adhikara
3.1.1	5.4.80	adhikara
3.1.1	5.4.81	adhikara
3.1.1	5.4.82	adhikara
3.1.1	5.4.83	adhikara
3.1.1	5.4.84	adhikara
3.1.1	5.4.85	adhikara
3.1.1	5.4.86	adhikara
3.1.1	5.4.87	adhikara
3.1.1	5.4.88	adhikara
3.1.1	5.4.89	adhikara
3.1.1	5.4.90	adhikara
3.1.1	5.4.91	adhikara
3.1.1	5.4.92	adhikara
3.1.1	5.4.93	adhikara
3.1.1	5.4.94	adhikara
3.1.1	5.4.95	adhikara
3.1.1	5.4.96	adhikara
3.1.1	5.4.97	adhikara
3.1.1	5.4.98	adhikara
3.1.1	5.4.99	adhikara
3.1.1	5.4.100	adhikara
3.1.1	5.4.101	adhikara
3.1.1	5.4.102	adhikara
3.1.1	5.4.103	adhikara
3.1.1	5.4.104	adhikara
3.1.1	5.4.105	adhikara
3.1.1	5.4.106	adhikara
3.1.1	5.4.107	adhikara
3.1.1	5.4.108	adhikara
3.1.1	5.4.109	adhikara
3.1.1	5.4.110	adhikara
3.1.1	5.4.111	adhikara
3.1.1	5.4.112	adhikara
3.1.1	5.4.113	adhikara
3.1.1	5.4.114	adhikara
3.1.1	5.4.115	adhikara
3.1.1	5.4.116	adhikara
3.1.1	5.4.117	adhikara
3.1.1	5.4.118	adhikara
3.1.1	5.4.119	adhikara
3.1.1	5.4.120	adhikara
3.1.1	5.4.121	adhikara
3.1.1	5.4.122	adhikara
3.1.1	5.4.123	adhikara
3.1.1	5.4.124	adhikara
3.1.1	5.4.125	adhikara
3.1.1	5.4.126	adhikara
3.1.1	5.4.127	adhikara
3.1.1	5.4.128	adhikara
3.1.1	5.4.129	adhikara
3.1.1	5.4.130	adhikara
3.1.1	5.4.131	adhikara
3.1.1	5.4.132	adhikara
3.1.1	5.4.133	adhikara
3.1.1	5.4.134	adhikara
3.1.1	5.4.135	adhikara
3.1.1	5.4.136	adhikara
3.1.1	5.4.137	adhikara
3.1.1	5.4.138	adhikara
3.1.1	5.4.139	adhikara
3.1.1	5.4.140	adhikara
3.1.1	5.4.141	adhikara
3.1.1	5.4.142	adhikara
3.1.1	5.4.143	adhikara
3.1.1	5.4.144	adhikara
3.1.1	5.4.145	adhikara
3.1.1	5.4.146	adhikara
3.1.1	5.4.147	adhikara
3.1.1	5.4.148	adhikara
3.1.1	5.4.149	adhikara
3.1.1	5.4.150	adhikara
3.1.1	5.4.151	adhikara
3.1.1	5.4.152	adhikara
3.1.1	5.4.153	adhikara
3.1.1	5.4.154	adhikara
3.1.1	5.4.155	adhikara
3.1.1	5.4.156	adhikara
3.1.1	5.4.157	adhikara
3.1.1	5.4.158	adhikara
3.1.1	5.4.159	adhikara
3.1.1	5.4.160	adhikara
3.1.2	3.1.3	adhikara
3.1.2	3.1.4	adhikara
3.1.2	3.1.5	adhikara
3.1.2	3.1.6	adhikara
3.1.2	3.1.7	adhikara
3.1.2	3.1.8	adhikara
3.1.2	3.1.9	adhikara
3.1.2	3.1.10	adhikara
3.1.2	3.1.11	adhikara
3.1.2	3.1.12	adhikara
3.1.2	3.1.13	adhikara
3.1.2	3.1.14	adhikara
3.1.2	3.1.15	adhikara
3.1.2	3.1.16	adhikara
3.1.2	3.1.17	adhikara
3.1.2	3.1.18	adhikara
3.1.2	3.1.19	adhikara
3.1.2	3.1.20	adhikara
3.1.2	3.1.21	adhikara
3.1.2	3.1.22	adhikara
3.1.2	3.1.23	adhikara
3.1.2	3.1.24	adhikara
3.1.2	3.1.25	adhikara
3.1.2	3.1.26	adhikara
3.1.2	3.1.27	adhikara
3.1.2	3.1.28	adhikara
3.1.2	3.1.29	adhikara
3.1.2	3.1.30	adhikara
3.1.2	3.1.31	adhikara
3.1.2	3.1.32	adhikara
3.1.2	3.1.33	adhikara
3.1.2	3.1.34	adhikara
3.1.2	3.1.35	adhikara
3.1.2	3.1.36	adhikara
3.1.2	3.1.37	adhikara
3.1.2	3.1.38	adhikara
3.1.2	3.1.39	adhikara
3.1.2	3.1.40	adhikara
3.1.2	3.1.41	adhikara
3.1.2	3.1.42	adhikara
3.1.2	3.1.43	adhikara
3.1.2	3.1.44	adhikara
3.1.2	3.1.45	adhikara
3.1.2	3.1.46	adhikara
3.1.2	3.1.47	adhikara
3.1.2	3.1.48	adhikara
3.1.2	3.1.49	adhikara
3.1.2	3.1.50	adhikara
3.1.2	3.1.51	adhikara
3.1.2	3.1.52	adhikara
3.1.2	3.1.53	adhikara
3.1.2	3.1.54	adhikara
3.1.2	3.1.55	adhikara
3.1.2	3.1.56	adhikara
3.1.2	3.1.57	adhikara
3.1.2	3.1.58	adhikara
3.1.2	3.1.59	adhikara
3.1.2	3.1.60	adhikara
3.1.2	3.1.61	adhikara
3.1.2	3.1.62	adhikara
3.1.2	3.1.63	adhikara
3.1.2	3.1.64	adhikara
3.1.2	3.1.65	adhikara
3.1.2	3.1.66	adhikara
3.1.2	3.1.67	adhikara
3.1.2	3.1.68	adhikara
3.1.2	3.1.69	adhikara
3.1.2	3.1.70	adhikara
3.1.2	3.1.71	adhikara
3.1.2	3.1.72	adhikara
3.1.2	3.1.73	adhikara
3.1.2	3.1.74	adhikara
3.1.2	3.1.75	adhikara
3.1.2	3.1.76	adhikara
3.1.2	3.1.77	adhikara
3.1.2	3.1.78	adhikara
3.1.2	3.1.79	adhikara
3.1.2	3.1.80	adhikara
3.1.2	3.1.81	adhikara
3.1.2	3.1.82	adhikara
3.1.2	3.1.83	adhikara
3.1.2	3.1.84	adhikara
3.1.2	3.1.85	adhikara
3.1.2	3.1.86	adhikara
3.1.2	3.1.87	adhikara
3.1.2	3.1.88	adhikara
3.1.2	3.1.89	adhikara
3.1.2	3.1.90	adhikara
3.1.2	3.1.91	adhikara
3.1.2	3.1.92	adhikara
3.1.2	3.1.93	adhikara
3.1.2	3.1.94	adhikara
3.1.2	3.1.95	adhikara
3.1.2	3.1.96	adhikara
3.1.2	3.1.97	adhikara
3.1.2	3.1.98	adhikara
3.1.2	3.1.99	adhikara
3.1.2	3.1.100	adhikara
3.1.2	3.1.101	adhikara
3.1.2	3.1.102	adhikara
3.1.2	3.1.103	adhikara
3.1.2	3.1.104	adhikara
3.1.2	3.1.105	adhikara
3.1.2	3.1.106	adhikara
3.1.2	3.1.107	adhikara
3.1.2	3.1.108	adhikara
3.1.2	3.1.109	adhikara
3.1.2	3.1.110	adhikara
3.1.2	3.1.111	adhikara
3.1.2	3.1.112	adhikara
3.1.2	3.1.113	adhikara
3.1.2	3.1.114	adhikara
3.1.2	3.1.115	adhikara
3.1.2	3.1.116	adhikara
3.1.2	3.1.117	adhikara
3.1.2	3.1.118	adhikara
3.1.2	3.1.119	adhikara
3.1.2	3.1.120	adhikara
3.1.2	3.1.121	adhikara
3.1.2	3.1.122	adhikara
3.1.2	3.1.123	adhikara
3.1.2	3.1.124	adhikara
3.1.2	3.1.125	adhikara
3.1.2	3.1.126	adhikara
3.1.2	3.1.127	adhikara
3.1.2	3.1.128	adhikara
3.1.2	3.1.129	adhikara
3.1.2	3.1.130	adhikara
3.1.2	3.1.131	adhikara
3.1.2	3.1.132	adhikara
3.1.2	3.1.133	adhikara
3.1.2	3.1.134	adhikara
3.1.2	3.1.135	adhikara
3.1.2	3.1.136	adhikara
3.1.2	3.1.137	adhikara
3.1.2	3.1.138	adhikara
3.1.2	3.1.139	adhikara
3.1.2	3.1.140	adhikara
3.1.2	3.1.141	adhikara
3.1.2	3.1.142	adhikara
3.1.2	3.1.143	adhikara
3.1.2	3.1.144	adhikara
3.1.2	3.1.145	adhikara
3.1.2	3.1.146	adhikara
3.1.2	3.1.147	adhikara
3.1.2	3.1.148	adhikara
3.1.2	3.1.149	adhikara
3.1.2	3.1.150	adhikara
3.1.2	3.2.1	adhikara
3.1.2	3.2.2	adhikara
3.1.2	3.2.3	adhikara
3.1.2	3.2.4	adhikara
3.1.2	3.2.5	adhikara
3.1.2	3.2.6	adhikara
3.1.2	3.2.7	adhikara
3.1.2	3.2.8	adhikara
3.1.2	3.2.9	adhikara
3.1.2	3.2.10	adhikara
3.1.2	3.2.11	adhikara
3.1.2	3.2.12	adhikara
3.1.2	3.2.13	adhikara
3.1.2	3.2.14	adhikara
3.1.2	3.2.15	adhikara
3.1.2	3.2.16	adhikara
3.1.2	3.2.17	adhikara
3.1.2	3.2.18	adhikara
3.1.2	3.2.19	adhikara
3.1.2	3.2.20	adhikara
3.1.2	3.2.21	adhikara
3.1.2	3.2.22	adhikara
3.1.2	3.2.23	adhikara
3.1.2	3.2.24	adhikara
3.1.2	3.2.25	adhikara
3.1.2	3.2.26	adhikara
3.1.2	3.2.27	adhikara
3.1.2	3.2.28	adhikara
3.1.2	3.2.29	adhikara
3.1.2	3.2.30	adhikara
3.1.2	3.2.31	adhikara
3.1.2	3.2.32	adhikara
3.1.2	3.2.33	adhikara
3.1.2	3.2.34	adhikara
3.1.2	3.2.35	adhikara
3.1.2	3.2.36	adhikara
3.1.2	3.2.37	adhikara
3.1.2	3.2.38	adhikara
3.1.2	3.2.39	adhikara
3.1.2	3.2.40	adhikara
3.1.2	3.2.41	adhikara
3.1.2	3.2.42	adhikara
3.1.2	3.2.43	adhikara
3.1.2	3.2.44	adhikara
3.1.2	3.2.45	adhikara
3.1.2	3.2.46	adhikara
3.1.2	3.2.47	adhikara
3.1.2	3.2.48	adhikara
3.1.2	3.2.49	adhikara
3.1.2	3.2.50	adhikara
3.1.2	3.2.51	adhikara
3.1.2	3.2.52	adhikara
3.1.2	3.2.53	adhikara
3.1.2	3.2.54	adhikara
3.1.2	3.2.55	adhikara
3.1.2	3.2.56	adhikara
3.1.2	3.2.57	adhikara
3.1.2	3.2.58	adhikara
3.1.2	3.2.59	adhikara
3.1.2	3.2.60	adhikara
3.1.2	3.2.61	adhikara
3.1.2	3.2.62	adhikara
3.1.2	3.2.63	adhikara
3.1.2	3.2.64	adhikara
3.1.2	3.2.65	adhikara
3.1.2	3.2.66	adhikara
3.1.2	3.2.67	adhikara
3.1.2	3.2.68	adhikara
3.1.2	3.2.69	adhikara
3.1.2	3.2.70	adhikara
3.1.2	3.2.71	adhikara
3.1.2	3.2.72	adhikara
3.1.2	3.2.73	adhikara
3.1.2	3.2.74	adhikara
3.1.2	3.2.75	adhikara
3.1.2	3.2.76	adhikara
3.1.2	3.2.77	adhikara
3.1.2	3.2.78	adhikara
3.1.2	3.2.79	adhikara
3.1.2	3.2.80	adhikara
3.1.2	3.2.81	adhikara
3.1.2	3.2.82	adhikara
3.1.2	3.2.83	adhikara
3.1.2	3.2.84	adhikara
3.1.2	3.2.85	adhikara
3.1.2	3.2.86	adhikara
3.1.2	3.2.87	adhikara
3.1.2	3.2.88	adhikara
3.1.2	3.2.89	adhikara
3.1.2	3.2.90	adhikara
3.1.2	3.2.91	adhikara
3.1.2	3.2.92	adhikara
3.1.2	3.2.93	adhikara
3.1.2	3.2.94	adhikara
3.1.2	3.2.95	adhikara
3.1.2	3.2.96	adhikara
3.1.2	3.2.97	adhikara
3.1.2	3.2.98	adhikara
3.1.2	3.2.99	adhikara
3.1.2	3.2.100	adhikara
3.1.2	3.2.101	adhikara
3.1.2	3.2.102	adhikara
3.1.2	3.2.103	adhikara
3.1.2	3.2.104	adhikara
3.1.2	3.2.105	adhikara
3.1.2	3.2.106	adhikara
3.1.2	3.2.107	adhikara
3.1.2	3.2.108	adhikara
3.1.2	3.2.109	adhikara
3.1.2	3.2.110	adhikara
3.1.2	3.2.111	adhikara
3.1.2	3.2.112	adhikara
3.1.2	3.2.113	adhikara
3.1.2	3.2.114	adhikara
3.1.2	3.2.115	adhikara
3.1.2	3.2.116	adhikara
3.1.2	3.2.117	adhikara
3.1.2	3.2.118	adhikara
3.1.2	3.2.119	adhikara
3.1.2	3.2.120	adhikara
3.1.2	3.2.121	adhikara
3.1.2	3.2.122	adhikara
3.1.2	3.2.123	adhikara
3.1.2	3.2.124	adhikara
3.1.2	3.2.125	adhikara
3.1.2	3.2.126	adhikara
3.1.2	3.2.127	adhikara
3.1.2	3.2.128	adhikara
3.1.2	3.2.129	adhikara
3.1.2	3.2.130	adhikara
3.1.2	3.2.131	adhikara
3.1.2	3.2.132	adhikara
3.1.2	3.2.133	adhikara
3.1.2	3.2.134	adhikara
3.1.2	3.2.135	adhikara
3.1.2	3.2.136	adhikara
3.1.2	3.2.137	adhikara
3.1.2	3.2.138	adhikara
3.1.2	3.2.139	adhikara
3.1.2	3.2.140	adhikara
3.1.2	3.2.141	adhikara
3.1.2	3.2.142	adhikara
3.1.2	3.2.143	adhikara
3.1.2	3.2.144	adhikara
3.1.2	3.2.145	adhikara
3.1.2	3.2.146	adhikara
3.1.2	3.2.147	adhikara
3.1.2	3.2.148	adhikara
3.1.2	3.2.149	adhikara
3.1.2	3.2.150	adhikara
3.1.2	3.2.151	adhikara
3.1.2	3.2.152	adhikara
3.1.2	3.2.153	adhikara
3.1.2	3.2.154	adhikara
3.1.2	3.2.155	adhikara
3.1.2	3.2.156	adhikara
3.1.2	3.2.157	adhikara
3.1.2	3.2.158	adhikara
3.1.2	3.2.159	adhikara
3.1.2	3.2.160	adhikara
3.1.2	3.2.161	adhikara
3.1.2	3.2.162	adhikara
3.1.2	3.2.163	adhikara
3.1.2	3.2.164	adhikara
3.1.2	3.2.165	adhikara
3.1.2	3.2.166	adhikara
3.1.2	3.2.167	adhikara
3.1.2	3.2.168	adhikara
3.1.2	3.2.169	adhikara
3.1.2	3.2.170	adhikara
3.1.2	3.2.171	adhikara
3.1.2	3.2.172	adhikara
3.1.2	3.2.173	adhikara
3.1.2	3.2.174	adhikara
3.1.2	3.2.175	adhikara
3.1.2	3.2.176	adhikara
3.1.2	3.2.177	adhikara
3.1.2	3.2.178	adhikara
3.1.2	3.2.179	adhikara
3.1.2	3.2.180	adhikara
3.1.2	3.2.181	adhikara
3.1.2	3.2.182	adhikara
3.1.2	3.2.183	adhikara
3.1.2	3.2.184	adhikara
3.1.2	3.2.185	adhikara
3.1.2	3.2.186	adhikara
3.1.2	3.2.187	adhikara
3.1.2	3.2.188	adhikara
3.1.2	3.3.1	adhikara
3.1.2	3.3.2	adhikara
3.1.2	3.3.3	adhikara
3.1.2	3.3.4	adhikara
3.1.2	3.3.5	adhikara
3.1.2	3.3.6	adhikara
3.1.2	3.3.7	adhikara
3.1.2	3.3.8	adhikara
3.1.2	3.3.9	adhikara
3.1.2	3.3.10	adhikara
3.1.2	3.3.11	adhikara
3.1.2	3.3.12	adhikara
3.1.2	3.3.13	adhikara
3.1.2	3.3.14	adhikara
3.1.2	3.3.15	adhikara
3.1.2	3.3.16	adhikara
3.1.2	3.3.17	adhikara
3.1.2	3.3.18	adhikara
3.1.2	3.3.19	adhikara
3.1.2	3.3.20	adhikara
3.1.2	3.3.21	adhikara
3.1.2	3.3.22	adhikara
3.1.2	3.3.23	adhikara
3.1.2	3.3.24	adhikara
3.1.2	3.3.25	adhikara
3.1.2	3.3.26	adhikara
3.1.2	3.3.27	adhikara
3.1.2	3.3.28	adhikara
3.1.2	3.3.29	adhikara
3.1.2	3.3.30	adhikara
3.1.2	3.3.31	adhikara
3.1.2	3.3.32	adhikara
3.1.2	3.3.33	adhikara
3.1.2	3.3.34	adhikara
3.1.2	3.3.35	adhikara
3.1.2	3.3.36	adhikara
3.1.2	3.3.37	adhikara
3.1.2	3.3.38	adhikara
3.1.2	3.3.39	adhikara
3.1.2	3.3.40	adhikara
3.1.2	3.3.41	adhikara
3.1.2	3.3.42	adhikara
3.1.2	3.3.43	adhikara
3.1.2	3.3.44	adhikara
3.1.2	3.3.45	adhikara
3.1.2	3.3.46	adhikara
3.1.2	3.3.47	adhikara
3.1.2	3.3.48	adhikara
3.1.2	3.3.49	adhikara
3.1.2	3.3.50	adhikara
3.1.2	3.3.51	adhikara
3.1.2	3.3.52	adhikara
3.1.2	3.3.53	adhikara
3.1.2	3.3.54	adhikara
3.1.2	3.3.55	adhikara
3.1.2	3.3.56	adhikara
3.1.2	3.3.57	adhikara
3.1.2	3.3.58	adhikara
3.1.2	3.3.59	adhikara
3.1.2	3.3.60	adhikara
3.1.2	3.3.61	adhikara
3.1.2	3.3.62	adhikara
3.1.2	3.3.63	adhikara
3.1.2	3.3.64	adhikara
3.1.2	3.3.65	adhikara
3.1.2	3.3.66	adhikara
3.1.2	3.3.67	adhikara
3.1.2	3.3.68	adhikara
3.1.2	3.3.69	adhikara
3.1.2	3.3.70	adhikara
3.1.2	3.3.71	adhikara
3.1.2	3.3.72	adhikara
3.1.2	3.3.73	adhikara
3.1.2	3.3.74	adhikara
3.1.2	3.3.75	adhikara
3.1.2	3.3.76	adhikara
3.1.2	3.3.77	adhikara
3.1.2	3.3.78	adhikara
3.1.2	3.3.79	adhikara
3.1.2	3.3.80	adhikara
3.1.2	3.3.81	adhikara
3.1.2	3.3.82	adhikara
3.1.2	3.3.83	adhikara
3.1.2	3.3.84	adhikara
3.1.2	3.3.85	adhikara
3.1.2	3.3.86	adhikara
3.1.2	3.3.87	adhikara
3.1.2	3.3.88	adhikara
3.1.2	3.3.89	adhikara
3.1.2	3.3.90	adhikara
3.1.2	3.3.91	adhikara
3.1.2	3.3.92	adhikara
3.1.2	3.3.93	adhikara
3.1.2	3.3.94	adhikara
3.1.2	3.3.95	adhikara
3.1.2	3.3.96	adhikara
3.1.2	3.3.97	adhikara
3.1.2	3.3.98	adhikara
3.1.2	3.3.99	adhikara
3.1.2	3.3.100	adhikara
3.1.2	3.3.101	adhikara
3.1.2	3.3.102	adhikara
3.1.2	3.3.103	adhikara
3.1.2	3.3.104	adhikara
3.1.2	3.3.105	adhikara
3.1.2	3.3.106	adhikara
3.1.2	3.3.107	adhikara
3.1.2	3.3.108	adhikara
3.1.2	3.3.109	adhikara
3.1.2	3.3.110	adhikara
3.1.2	3.3.111	adhikara
3.1.2	3.3.112	adhikara
3.1.2	3.3.113	adhikara
3.1.2	3.3.114	adhikara
3.1.2	3.3.115	adhikara
3.1.2	3.3.116	adhikara
3.1.2	3.3.117	adhikara
3.1.2	3.3.118	adhikara
3.1.2	3.3.119	adhikara
3.1.2	3.3.120	adhikara
3.1.2	3.3.121	adhikara
3.1.2	3.3.122	adhikara
3.1.2	3.3.123	adhikara
3.1.2	3.3.124	adhikara
3.1.2	3.3.125	adhikara
3.1.2	3.3.126	adhikara
3.1.2	3.3.127	adhikara
3.1.2	3.3.128	adhikara
3.1.2	3.3.129	adhikara
3.1.2	3.3.130	adhikara
3.1.2	3.3.131	adhikara
3.1.2	3.3.132	adhikara
3.1.2	3.3.133	adhikara
3.1.2	3.3.134	adhikara
3.1.2	3.3.135	adhikara
3.1.2	3.3.136	adhikara
3.1.2	3.3.137	adhikara
3.1.2	3.3.138	adhikara
3.1.2	3.3.139	adhikara
3.1.2	3.3.140	adhikara
3.1.2	3.3.141	adhikara
3.1.2	3.3.142	adhikara
3.1.2	3.3.143	adhikara
3.1.2	3.3.144	adhikara
3.1.2	3.3.145	adhikara
3.1.2	3.3.146	adhikara
3.1.2	3.3.147	adhikara
3.1.2	3.3.148	adhikara
3.1.2	3.3.149	adhikara
3.1.2	3.3.150	adhikara
3.1.2	3.3.151	adhikara
3.1.2	3.3.152	adhikara
3.1.2	3.3.153	adhikara
3.1.2	3.3.154	adhikara
3.1.2	3.3.155	adhikara
3.1.2	3.3.156	adhikara
3.1.2	3.3.157	adhikara
3.1.2	3.3.158	adhikara
3.1.2	3.3.159	adhikara
3.1.2	3.3.160	adhikara
3.1.2	3.3.161	adhikara
3.1.2	3.3.162	adhikara
3.1.2	3.3.163	adhikara
3.1.2	3.3.164	adhikara
3.1.2	3.3.165	adhikara
3.1.2	3.3.166	adhikara
3.1.2	3.3.167	adhikara
3.1.2	3.3.168	adhikara
3.1.2	3.3.169	adhikara
3.1.2	3.3.170	adhikara
3.1.2	3.3.171	adhikara
3.1.2	3.3.172	adhikara
3.1.2	3.3.173	adhikara
3.1.2	3.3.174	adhikara
3.1.2	3.3.175	adhikara
3.1.2	3.3.176	adhikara
3.1.2	3.4.1	adhikara
3.1.2	3.4.2	adhikara
3.1.2	3.4.3	adhikara
3.1.2	3.4.4	adhikara
3.1.2	3.4.5	adhikara
3.1.2	3.4.6	adhikara
3.1.2	3.4.7	adhikara
3.1.2	3.4.8	adhikara
3.1.2	3.4.9	adhikara
3.1.2	3.4.10	adhikara
3.1.2	3.4.11	adhikara
3.1.2	3.4.12	adhikara
3.1.2	3.4.13	adhikara
3.1.2	3.4.14	adhikara
3.1.2	3.4.15	adhikara
3.1.2	3.4.16	adhikara
3.1.2	3.4.17	adhikara
3.1.2	3.4.18	adhikara
3.1.2	3.4.19	adhikara
3.1.2	3.4.20	adhikara
3.1.2	3.4.21	adhikara
3.1.2	3.4.22	adhikara
3.1.2	3.4.23	adhikara
3.1.2	3.4.24	adhikara
3.1.2	3.4.25	adhikara
3.1.2	3.4.26	adhikara
3.1.2	3.4.27	adhikara
3.1.2	3.4.28	adhikara
3.1.2	3.4.29	adhikara
3.1.2	3.4.30	adhikara
3.1.2	3.4.31	adhikara
3.1.2	3.4.32	adhikara
3.1.2	3.4.33	adhikara
3.1.2	3.4.34	adhikara
3.1.2	3.4.35	adhikara
3.1.2	3.4.36	adhikara
3.1.2	3.4.37	adhikara
3.1.2	3.4.38	adhikara
3.1.2	3.4.39	adhikara
3.1.2	3.4.40	adhikara
3.1.2	3.4.41	adhikara
3.1.2	3.4.42	adhikara
3.1.2	3.4.43	adhikara
3.1.2	3.4.44	adhikara
3.1.2	3.4.45	adhikara
3.1.2	3.4.46	adhikara
3.1.2	3.4.47	adhikara
3.1.2	3.4.48	adhikara
3.1.2	3.4.49	adhikara
3.1.2	3.4.50	adhikara
3.1.2	3.4.51	adhikara
3.1.2	3.4.52	adhikara
3.1.2	3.4.53	adhikara
3.1.2	3.4.54	adhikara
3.1.2	3.4.55	adhikara
3.1.2	3.4.56	adhikara
3.1.2	3.4.57	adhikara
3.1.2	3.4.58	adhikara
3.1.2	3.4.59	adhikara
3.1.2	3.4.60	adhikara
3.1.2	3.4.61	adhikara
3.1.2	3.4.62	adhikara
3.1.2	3.4.63	adhikara
3.1.2	3.4.64	adhikara
3.1.2	3.4.65	adhikara
3.1.2	3.4.66	adhikara
3.1.2	3.4.67	adhikara
3.1.2	3.4.68	adhikara
3.1.2	3.4.69	adhikara
3.1.2	3.4.70	adhikara
3.1.2	3.4.71	adhikara
3.1.2	3.4.72	adhikara
3.1.2	3.4.73	adhikara
3.1.2	3.4.74	adhikara
3.1.2	3.4.75	adhikara
3.1.2	3.4.76	adhikara
3.1.2	3.4.77	adhikara
3.1.2	3.4.78	adhikara
3.1.2	3.4.79	adhikara
3.1.2	3.4.80	adhikara
3.1.2	3.4.81	adhikara
3.1.2	3.4.82	adhikara
3.1.2	3.4.83	adhikara
3.1.2	3.4.84	adhikara
3.1.2	3.4.85	adhikara
3.1.2	3.4.86	adhikara
3.1.2	3.4.87	adhikara
3.1.2	3.4.88	adhikara
3.1.2	3.4.89	adhikara
3.1.2	3.4.90	adhikara
3.1.2	3.4.91	adhikara
3.1.2	3.4.92	adhikara
3.1.2	3.4.93	adhikara
3.1.2	3.4.94	adhikara
3.1.2	3.4.95	adhikara
3.1.2	3.4.96	adhikara
3.1.2	3.4.97	adhikara
3.1.2	3.4.98	adhikara
3.1.2	3.4.99	adhikara
3.1.2	3.4.100	adhikara
3.1.2	3.4.101	adhikara
3.1.2	3.4.102	adhikara
3.1.2	3.4.103	adhikara
3.1.2	3.4.104	adhikara
3.1.2	3.4.105	adhikara
3.1.2	3.4.106	adhikara
3.1.2	3.4.107	adhikara
3.1.2	3.4.108	adhikara
3.1.2	3.4.109	adhikara
3.1.2	3.4.110	adhikara
3.1.2	3.4.111	adhikara
3.1.2	3.4.112	adhikara
3.1.2	3.4.113	adhikara
3.1.2	3.4.114	adhikara
3.1.2	3.4.115	adhikara
3.1.2	3.4.116	adhikara
3.1.2	3.4.117	adhikara
3.1.2	4.1.1	adhikara
3.1.2	4.1.2	adhikara
3.1.2	4.1.3	adhikara
3.1.2	4.1.4	adhikara
3.1.2	4.1.5	adhikara
3.1.2	4.1.6	adhikara
3.1.2	4.1.7	adhikara
3.1.2	4.1.8	adhikara
3.1.2	4.1.9	adhikara
3.1.2	4.1.10	adhikara
3.1.2	4.1.11	adhikara
3.1.2	4.1.12	adhikara
3.1.2	4.1.13	adhikara
3.1.2	4.1.14	adhikara
3.1.2	4.1.15	adhikara
3.1.2	4.1.16	adhikara
3.1.2	4.1.17	adhikara
3.1.2	4.1.18	adhikara
3.1.2	4.1.19	adhikara
3.1.2	4.1.20	adhikara
3.1.2	4.1.21	adhikara
3.1.2	4.1.22	adhikara
3.1.2	4.1.23	adhikara
3.1.2	4.1.24	adhikara
3.1.2	4.1.25	adhikara
3.1.2	4.1.26	adhikara
3.1.2	4.1.27	adhikara
3.1.2	4.1.28	adhikara
3.1.2	4.1.29	adhikara
3.1.2	4.1.30	adhikara
3.1.2	4.1.31	adhikara
3.1.2	4.1.32	adhikara
3.1.2	4.1.33	adhikara
3.1.2	4.1.34	adhikara
3.1.2	4.1.35	adhikara
3.1.2	4.1.36	adhikara
3.1.2	4.1.37	adhikara
3.1.2	4.1.38	adhikara
3.1.2	4.1.39	adhikara
3.1.2	4.1.40	adhikara
3.1.2	4.1.41	adhikara
3.1.2	4.1.42	adhikara
3.1.2	4.1.43	adhikara
3.1.2	4.1.44	adhikara
3.1.2	4.1.45	adhikara
3.1.2	4.1.46	adhikara
3.1.2	4.1.47	adhikara
3.1.2	4.1.48	adhikara
3.1.2	4.1.49	adhikara
3.1.2	4.1.50	adhikara
3.1.2	4.1.51	adhikara
3.1.2	4.1.52	adhikara
3.1.2	4.1.53	adhikara
3.1.2	4.1.54	adhikara
3.1.2	4.1.55	adhikara
3.1.2	4.1.56	adhikara
3.1.2	4.1.57	adhikara
3.1.2	4.1.58	adhikara
3.1.2	4.1.59	adhikara
3.1.2	4.1.60	adhikara
3.1.2	4.1.61	adhikara
3.1.2	4.1.62	adhikara
3.1.2	4.1.63	adhikara
3.1.2	4.1.64	adhikara
3.1.2	4.1.65	adhikara
3.1.2	4.1.66	adhikara
3.1.2	4.1.67	adhikara
3.1.2	4.1.68	adhikara
3.1.2	4.1.69	adhikara
3.1.2	4.1.70	adhikara
3.1.2	4.1.71	adhikara
3.1.2	4.1.72	adhikara
3.1.2	4.1.73	adhikara
3.1.2	4.1.74	adhikara
3.1.2	4.1.75	adhikara
3.1.2	4.1.76	adhikara
3.1.2	4.1.77	adhikara
3.1.2	4.1.78	adhikara
3.1.2	4.1.79	adhikara
3.1.2	4.1.80	adhikara
3.1.2	4.1.81	adhikara
3.1.2	4.1.82	adhikara
3.1.2	4.1.83	adhikara
3.1.2	4.1.84	adhikara
3.1.2	4.1.85	adhikara
3.1.2	4.1.86	adhikara
3.1.2	4.1.87	adhikara
3.1.2	4.1.88	adhikara
3.1.2	4.1.89	adhikara
3.1.2	4.1.90	adhikara
3.1.2	4.1.91	adhikara
3.1.2	4.1.92	adhikara
3.1.2	4.1.93	adhikara
3.1.2	4.1.94	adhikara
3.1.2	4.1.95	adhikara
3.1.2	4.1.96	adhikara
3.1.2	4.1.97	adhikara
3.1.2	4.1.98	adhikara
3.1.2	4.1.99	adhikara
3.1.2	4.1.100	adhikara
3.1.2	4.1.101	adhikara
3.1.2	4.1.102	adhikara
3.1.2	4.1.103	adhikara
3.1.2	4.1.104	adhikara
3.1.2	4.1.105	adhikara
3.1.2	4.1.106	adhikara
3.1.2	4.1.107	adhikara
3.1.2	4.1.108	adhikara
3.1.2	4.1.109	adhikara
3.1.2	4.1.110	adhikara
3.1.2	4.1.111	adhikara
3.1.2	4.1.112	adhikara
3.1.2	4.1.113	adhikara
3.1.2	4.1.114	adhikara
3.1.2	4.1.115	adhikara
3.1.2	4.1.116	adhikara
3.1.2	4.1.117	adhikara
3.1.2	4.1.118	adhikara
3.1.2	4.1.119	adhikara
3.1.2	4.1.120	adhikara
3.1.2	4.1.121	adhikara
3.1.2	4.1.122	adhikara
3.1.2	4.1.123	adhikara
3.1.2	4.1.124	adhikara
3.1.2	4.1.125	adhikara
3.1.2	4.1.126	adhikara
3.1.2	4.1.127	adhikara
3.1.2	4.1.128	adhikara
3.1.2	4.1.129	adhikara
3.1.2	4.1.130	adhikara
3.1.2	4.1.131	adhikara
3.1.2	4.1.132	adhikara
3.1.2	4.1.133	adhikara
3.1.2	4.1.134	adhikara
3.1.2	4.1.135	adhikara
3.1.2	4.1.136	adhikara
3.1.2	4.1.137	adhikara
3.1.2	4.1.138	adhikara
3.1.2	4.1.139	adhikara
3.1.2	4.1.140	adhikara
3.1.2	4.1.141	adhikara
3.1.2	4.1.142	adhikara
3.1.2	4.1.143	adhikara
3.1.2	4.1.144	adhikara
3.1.2	4.1.145	adhikara
3.1.2	4.1.146	adhikara
3.1.2	4.1.147	adhikara
3.1.2	4.1.148	adhikara
3.1.2	4.1.149	adhikara
3.1.2	4.1.150	adhikara
3.1.2	4.1.151	adhikara
3.1.2	4.1.152	adhikara
3.1.2	4.1.153	adhikara
3.1.2	4.1.154	adhikara
3.1.2	4.1.155	adhikara
3.1.2	4.1.156	adhikara
3.1.2	4.1.157	adhikara
3.1.2	4.1.158	adhikara
3.1.2	4.1.159	adhikara
3.1.2	4.1.160	adhikara
3.1.2	4.1.161	adhikara
3.1.2	4.1.162	adhikara
3.1.2	4.1.163	adhikara
3.1.2	4.1.164	adhikara
3.1.2	4.1.165	adhikara
3.1.2	4.1.166	adhikara
3.1.2	4.1.167	adhikara
3.1.2	4.1.168	adhikara
3.1.2	4.1.169	adhikara
3.1.2	4.1.170	adhikara
3.1.2	4.1.171	adhikara
3.1.2	4.1.172	adhikara
3.1.2	4.1.173	adhikara
3.1.2	4.1.174	adhikara
3.1.2	4.1.175	adhikara
3.1.2	4.1.176	adhikara
3.1.2	4.1.177	adhikara
3.1.2	4.1.178	adhikara
3.1.2	4.2.1	adhikara
3.1.2	4.2.2	adhikara
3.1.2	4.2.3	adhikara
3.1.2	4.2.4	adhikara
3.1.2	4.2.5	adhikara
3.1.2	4.2.6	adhikara
3.1.2	4.2.7	adhikara
3.1.2	4.2.8	adhikara
3.1.2	4.2.9	adhikara
3.1.2	4.2.10	adhikara
3.1.2	4.2.11	adhikara
3.1.2	4.2.12	adhikara
3.1.2	4.2.13	adhikara
3.1.2	4.2.14	adhikara
3.1.2	4.2.15	adhikara
3.1.2	4.2.16	adhikara
3.1.2	4.2.17	adhikara
3.1.2	4.2.18	adhikara
3.1.2	4.2.19	adhikara
3.1.2	4.2.20	adhikara
3.1.2	4.2.21	adhikara
3.1.2	4.2.22	adhikara
3.1.2	4.2.23	adhikara
3.1.2	4.2.24	adhikara
3.1.2	4.2.25	adhikara
3.1.2	4.2.26	adhikara
3.1.2	4.2.27	adhikara
3.1.2	4.2.28	adhikara
3.1.2	4.2.29	adhikara
3.1.2	4.2.30	adhikara
3.1.2	4.2.31	adhikara
3.1.2	4.2.32	adhikara
3.1.2	4.2.33	adhikara
3.1.2	4.2.34	adhikara
3.1.2	4.2.35	adhikara
3.1.2	4.2.36	adhikara
3.1.2	4.2.37	adhikara
3.1.2	4.2.38	adhikara
3.1.2	4.2.39	adhikara
3.1.2	4.2.40	adhikara
3.1.2	4.2.41	adhikara
3.1.2	4.2.42	adhikara
3.1.2	4.2.43	adhikara
3.1.2	4.2.44	adhikara
3.1.2	4.2.45	adhikara
3.1.2	4.2.46	adhikara
3.1.2	4.2.47	adhikara
3.1.2	4.2.48	adhikara
3.1.2	4.2.49	adhikara
3.1.2	4.2.50	adhikara
3.1.2	4.2.51	adhikara
3.1.2	4.2.52	adhikara
3.1.2	4.2.53	adhikara
3.1.2	4.2.54	adhikara
3.1.2	4.2.55	adhikara
3.1.2	4.2.56	adhikara
3.1.2	4.2.57	adhikara
3.1.2	4.2.58	adhikara
3.1.2	4.2.59	adhikara
3.1.2	4.2.60	adhikara
3.1.2	4.2.61	adhikara
3.1.2	4.2.62	adhikara
3.1.2	4.2.63	adhikara
3.1.2	4.2.64	adhikara
3.1.2	4.2.65	adhikara
3.1.2	4.2.66	adhikara
3.1.2	4.2.67	adhikara
3.1.2	4.2.68	adhikara
3.1.2	4.2.69	adhikara
3.1.2	4.2.70	adhikara
3.1.2	4.2.71	adhikara
3.1.2	4.2.72	adhikara
3.1.2	4.2.73	adhikara
3.1.2	4.2.74	adhikara
3.1.2	4.2.75	adhikara
3.1.2	4.2.76	adhikara
3.1.2	4.2.77	adhikara
3.1.2	4.2.78	adhikara
3.1.2	4.2.79	adhikara
3.1.2	4.2.80	adhikara
3.1.2	4.2.81	adhikara
3.1.2	4.2.82	adhikara
3.1.2	4.2.83	adhikara
3.1.2	4.2.84	adhikara
3.1.2	4.2.85	adhikara
3.1.2	4.2.86	adhikara
3.1.2	4.2.87	adhikara
3.1.2	4.2.88	adhikara
3.1.2	4.2.89	adhikara
3.1.2	4.2.90	adhikara
3.1.2	4.2.91	adhikara
3.1.2	4.2.92	adhikara
3.1.2	4.2.93	adhikara
3.1.2	4.2.94	adhikara
3.1.2	4.2.95	adhikara
3.1.2	4.2.96	adhikara
3.1.2	4.2.97	adhikara
3.1.2	4.2.98	adhikara
3.1.2	4.2.99	adhikara
3.1.2	4.2.100	adhikara
3.1.2	4.2.101	adhikara
3.1.2	4.2.102	adhikara
3.1.2	4.2.103	adhikara
3.1.2	4.2.104	adhikara
3.1.2	4.2.105	adhikara
3.1.2	4.2.106	adhikara
3.1.2	4.2.107	adhikara
3.1.2	4.2.108	adhikara
3.1.2	4.2.109	adhikara
3.1.2	4.2.110	adhikara
3.1.2	4.2.111	adhikara
3.1.2	4.2.112	adhikara
3.1.2	4.2.113	adhikara
3.1.2	4.2.114	adhikara
3.1.2	4.2.115	adhikara
3.1.2	4.2.116	adhikara
3.1.2	4.2.117	adhikara
3.1.2	4.2.118	adhikara
3.1.2	4.2.119	adhikara
3.1.2	4.2.120	adhikara
3.1.2	4.2.121	adhikara
3.1.2	4.2.122	adhikara
3.1.2	4.2.123	adhikara
3.1.2	4.2.124	adhikara
3.1.2	4.2.125	adhikara
3.1.2	4.2.126	adhikara
3.1.2	4.2.127	adhikara
3.1.2	4.2.128	adhikara
3.1.2	4.2.129	adhikara
3.1.2	4.2.130	adhikara
3.1.2	4.2.131	adhikara
3.1.2	4.2.132	adhikara
3.1.2	4.2.133	adhikara
3.1.2	4.2.134	adhikara
3.1.2	4.2.135	adhikara
3.1.2	4.2.136	adhikara
3.1.2	4.2.137	adhikara
3.1.2	4.2.138	adhikara
3.1.2	4.2.139	adhikara
3.1.2	4.2.140	adhikara
3.1.2	4.2.141	adhikara
3.1.2	4.2.142	adhikara
3.1.2	4.2.143	adhikara
3.1.2	4.2.144	adhikara
3.1.2	4.2.145	adhikara
3.1.2	4.3.1	adhikara
3.1.2	4.3.2	adhikara
3.1.2	4.3.3	adhikara
3.1.2	4.3.4	adhikara
3.1.2	4.3.5	adhikara
3.1.2	4.3.6	adhikara
3.1.2	4.3.7	adhikara
3.1.2	4.3.8	adhikara
3.1.2	4.3.9	adhikara
3.1.2	4.3.10	adhikara
3.1.2	4.3.11	adhikara
3.1.2	4.3.12	adhikara
3.1.2	4.3.13	adhikara
3.1.2	4.3.14	adhikara
3.1.2	4.3.15	adhikara
3.1.2	4.3.16	adhikara
3.1.2	4.3.17	adhikara
3.1.2	4.3.18	adhikara
3.1.2	4.3.19	adhikara
3.1.2	4.3.20	adhikara
3.1.2	4.3.21	adhikara
3.1.2	4.3.22	adhikara
3.1.2	4.3.23	adhikara
3.1.2	4.3.24	adhikara
3.1.2	4.3.25	adhikara
3.1.2	4.3.26	adhikara
3.1.2	4.3.27	adhikara
3.1.2	4.3.28	adhikara
3.1.2	4.3.29	adhikara
3.1.2	4.3.30	adhikara
3.1.2	4.3.31	adhikara
3.1.2	4.3.32	adhikara
3.1.2	4.3.33	adhikara
3.1.2	4.3.34	adhikara
3.1.2	4.3.35	adhikara
3.1.2	4.3.36	adhikara
3.1.2	4.3.37	adhikara
3.1.2	4.3.38	adhikara
3.1.2	4.3.39	adhikara
3.1.2	4.3.40	adhikara
3.1.2	4.3.41	adhikara
3.1.2	4.3.42	adhikara
3.1.2	4.3.43	adhikara
3.1.2	4.3.44	adhikara
3.1.2	4.3.45	adhikara
3.1.2	4.3.46	adhikara
3.1.2	4.3.47	adhikara
3.1.2	4.3.48	adhikara
3.1.2	4.3.49	adhikara
3.1.2	4.3.50	adhikara
3.1.2	4.3.51	adhikara
3.1.2	4.3.52	adhikara
3.1.2	4.3.53	adhikara
3.1.2	4.3.54	adhikara
3.1.2	4.3.55	adhikara
3.1.2	4.3.56	adhikara
3.1.2	4.3.57	adhikara
3.1.2	4.3.58	adhikara
3.1.2	4.3.59	adhikara
3.1.2	4.3.60	adhikara
3.1.2	4.3.61	adhikara
3.1.2	4.3.62	adhikara
3.1.2	4.3.63	adhikara
3.1.2	4.3.64	adhikara
3.1.2	4.3.65	adhikara
3.1.2	4.3.66	adhikara
3.1.2	4.3.67	adhikara
3.1.2	4.3.68	adhikara
3.1.2	4.3.69	adhikara
3.1.2	4.3.70	adhikara
3.1.2	4.3.71	adhikara
3.1.2	4.3.72	adhikara
3.1.2	4.3.73	adhikara
3.1.2	4.3.74	adhikara
3.1.2	4.3.75	adhikara
3.1.2	4.3.76	adhikara
3.1.2	4.3.77	adhikara
3.1.2	4.3.78	adhikara
3.1.2	4.3.79	adhikara
3.1.2	4.3.80	adhikara
3.1.2	4.3.81	adhikara
3.1.2	4.3.82	adhikara
3.1.2	4.3.83	adhikara
3.1.2	4.3.84	adhikara
3.1.2	4.3.85	adhikara
3.1.2	4.3.86	adhikara
3.1.2	4.3.87	adhikara
3.1.2	4.3.88	adhikara
3.1.2	4.3.89	adhikara
3.1.2	4.3.90	adhikara
3.1.2	4.3.91	adhikara
3.1.2	4.3.92	adhikara
3.1.2	4.3.93	adhikara
3.1.2	4.3.94	adhikara
3.1.2	4.3.95	adhikara
3.1.2	4.3.96	adhikara
3.1.2	4.3.97	adhikara
3.1.2	4.3.98	adhikara
3.1.2	4.3.99	adhikara
3.1.2	4.3.100	adhikara
3.1.2	4.3.101	adhikara
3.1.2	4.3.102	adhikara
3.1.2	4.3.103	adhikara
3.1.2	4.3.104	adhikara
3.1.2	4.3.105	adhikara
3.1.2	4.3.106	adhikara
3.1.2	4.3.107	adhikara
3.1.2	4.3.108	adhikara
3.1.2	4.3.109	adhikara
3.1.2	4.3.110	adhikara
3.1.2	4.3.111	adhikara
3.1.2	4.3.112	adhikara
3.1.2	4.3.113	adhikara
3.1.2	4.3.114	adhikara
3.1.2	4.3.115	adhikara
3.1.2	4.3.116	adhikara
3.1.2	4.3.117	adhikara
3.1.2	4.3.118	adhikara
3.1.2	4.3.119	adhikara
3.1.2	4.3.120	adhikara
3.1.2	4.3.121	adhikara
3.1.2	4.3.122	adhikara
3.1.2	4.3.123	adhikara
3.1.2	4.3.124	adhikara
3.1.2	4.3.125	adhikara
3.1.2	4.3.126	adhikara
3.1.2	4.3.127	adhikara
3.1.2	4.3.128	adhikara
3.1.2	4.3.129	adhikara
3.1.2	4.3.130	adhikara
3.1.2	4.3.131	adhikara
3.1.2	4.3.132	adhikara
3.1.2	4.3.133	adhikara
3.1.2	4.3.134	adhikara
3.1.2	4.3.135	adhikara
3.1.2	4.3.136	adhikara
3.1.2	4.3.137	adhikara
3.1.2	4.3.138	adhikara
3.1.2	4.3.139	adhikara
3.1.2	4.3.140	adhikara
3.1.2	4.3.141	adhikara
3.1.2	4.3.142	adhikara
3.1.2	4.3.143	adhikara
3.1.2	4.3.144	adhikara
3.1.2	4.3.145	adhikara
3.1.2	4.3.146	adhikara
3.1.2	4.3.147	adhikara
3.1.2	4.3.148	adhikara
3.1.2	4.3.149	adhikara
3.1.2	4.3.150	adhikara
3.1.2	4.3.151	adhikara
3.1.2	4.3.152	adhikara
3.1.2	4.3.153	adhikara
3.1.2	4.3.154	adhikara
3.1.2	4.3.155	adhikara
3.1.2	4.3.156	adhikara
3.1.2	4.3.157	adhikara
3.1.2	4.3.158	adhikara
3.1.2	4.3.159	adhikara
3.1.2	4.3.160	adhikara
3.1.2	4.3.161	adhikara
3.1.2	4.3.162	adhikara
3.1.2	4.3.163	adhikara
3.1.2	4.3.164	adhikara
3.1.2	4.3.165	adhikara
3.1.2	4.3.166	adhikara
3.1.2	4.3.167	adhikara
3.1.2	4.3.168	adhikara
3.1.2	4.4.1	adhikara
3.1.2	4.4.2	adhikara
3.1.2	4.4.3	adhikara
3.1.2	4.4.4	adhikara
3.1.2	4.4.5	adhikara
3.1.2	4.4.6	adhikara
3.1.2	4.4.7	adhikara
3.1.2	4.4.8	adhikara
3.1.2	4.4.9	adhikara
3.1.2	4.4.10	adhikara
3.1.2	4.4.11	adhikara
3.1.2	4.4.12	adhikara
3.1.2	4.4.13	adhikara
3.1.2	4.4.14	adhikara
3.1.2	4.4.15	adhikara
3.1.2	4.4.16	adhikara
3.1.2	4.4.17	adhikara
3.1.2	4.4.18	adhikara
3.1.2	4.4.19	adhikara
3.1.2	4.4.20	adhikara
3.1.2	4.4.21	adhikara
3.1.2	4.4.22	adhikara
3.1.2	4.4.23	adhikara
3.1.2	4.4.24	adhikara
3.1.2	4.4.25	adhikara
3.1.2	4.4.26	adhikara
3.1.2	4.4.27	adhikara
3.1.2	4.4.28	adhikara
3.1.2	4.4.29	adhikara
3.1.2	4.4.30	adhikara
3.1.2	4.4.31	adhikara
3.1.2	4.4.32	adhikara
3.1.2	4.4.33	adhikara
3.1.2	4.4.34	adhikara
3.1.2	4.4.35	adhikara
3.1.2	4.4.36	adhikara
3.1.2	4.4.37	adhikara
3.1.2	4.4.38	adhikara
3.1.2	4.4.39	adhikara
3.1.2	4.4.40	adhikara
3.1.2	4.4.41	adhikara
3.1.2	4.4.42	adhikara
3.1.2	4.4.43	adhikara
3.1.2	4.4.44	adhikara
3.1.2	4.4.45	adhikara
3.1.2	4.4.46	adhikara
3.1.2	4.4.47	adhikara
3.1.2	4.4.48	adhikara
3.1.2	4.4.49	adhikara
3.1.2	4.4.50	adhikara
3.1.2	4.4.51	adhikara
3.1.2	4.4.52	adhikara
3.1.2	4.4.53	adhikara
3.1.2	4.4.54	adhikara
3.1.2	4.4.55	adhikara
3.1.2	4.4.56	adhikara
3.1.2	4.4.57	adhikara
3.1.2	4.4.58	adhikara
3.1.2	4.4.59	adhikara
3.1.2	4.4.60	adhikara
3.1.2	4.4.61	adhikara
3.1.2	4.4.62	adhikara
3.1.2	4.4.63	adhikara
3.1.2	4.4.64	adhikara
3.1.2	4.4.65	adhikara
3.1.2	4.4.66	adhikara
3.1.2	4.4.67	adhikara
3.1.2	4.4.68	adhikara
3.1.2	4.4.69	adhikara
3.1.2	4.4.70	adhikara
3.1.2	4.4.71	adhikara
3.1.2	4.4.72	adhikara
3.1.2	4.4.73	adhikara
3.1.2	4.4.74	adhikara
3.1.2	4.4.75	adhikara
3.1.2	4.4.76	adhikara
3.1.2	4.4.77	adhikara
3.1.2	4.4.78	adhikara
3.1.2	4.4.79	adhikara
3.1.2	4.4.80	adhikara
3.1.2	4.4.81	adhikara
3.1.2	4.4.82	adhikara
3.1.2	4.4.83	adhikara
3.1.2	4.4.84	adhikara
3.1.2	4.4.85	adhikara
3.1.2	4.4.86	adhikara
3.1.2	4.4.87	adhikara
3.1.2	4.4.88	adhikara
3.1.2	4.4.89	adhikara
3.1.2	4.4.90	adhikara
3.1.2	4.4.91	adhikara
3.1.2	4.4.92	adhikara
3.1.2	4.4.93	adhikara
3.1.2	4.4.94	adhikara
3.1.2	4.4.95	adhikara
3.1.2	4.4.96	adhikara
3.1.2	4.4.97	adhikara
3.1.2	4.4.98	adhikara
3.1.2	4.4.99	adhikara
3.1.2	4.4.100	adhikara
3.1.2	4.4.101	adhikara
3.1.2	4.4.102	adhikara
3.1.2	4.4.103	adhikara
3.1.2	4.4.104	adhikara
3.1.2	4.4.105	adhikara
3.1.2	4.4.106	adhikara
3.1.2	4.4.107	adhikara
3.1.2	4.4.108	adhikara
3.1.2	4.4.109	adhikara
3.1.2	4.4.110	adhikara
3.1.2	4.4.111	adhikara
3.1.2	4.4.112	adhikara
3.1.2	4.4.113	adhikara
3.1.2	4.4.114	adhikara
3.1.2	4.4.115	adhikara
3.1.2	4.4.116	adhikara
3.1.2	4.4.117	adhikara
3.1.2	4.4.118	adhikara
3.1.2	4.4.119	adhikara
3.1.2	4.4.120	adhikara
3.1.2	4.4.121	adhikara
3.1.2	4.4.122	adhikara
3.1.2	4.4.123	adhikara
3.1.2	4.4.124	adhikara
3.1.2	4.4.125	adhikara
3.1.2	4.4.126	adhikara
3.1.2	4.4.127	adhikara
3.1.2	4.4.128	adhikara
3.1.2	4.4.129	adhikara
3.1.2	4.4.130	adhikara
3.1.2	4.4.131	adhikara
3.1.2	4.4.132	adhikara
3.1.2	4.4.133	adhikara
3.1.2	4.4.134	adhikara
3.1.2	4.4.135	adhikara
3.1.2	4.4.136	adhikara
3.1.2	4.4.137	adhikara
3.1.2	4.4.138	adhikara
3.1.2	4.4.139	adhikara
3.1.2	4.4.140	adhikara
3.1.2	4.4.141	adhikara
3.1.2	4.4.142	adhikara
3.1.2	4.4.143	adhikara
3.1.2	4.4.144	adhikara
3.1.2	5.1.1	adhikara
3.1.2	5.1.2	adhikara
3.1.2	5.1.3	adhikara
3.1.2	5.1.4	adhikara
3.1.2	5.1.5	adhikara
3.1.2	5.1.6	adhikara
3.1.2	5.1.7	adhikara
3.1.2	5.1.8	adhikara
3.1.2	5.1.9	adhikara
3.1.2	5.1.10	adhikara
3.1.2	5.1.11	adhikara
3.1.2	5.1.12	adhikara
3.1.2	5.1.13	adhikara
3.1.2	5.1.14	adhikara
3.1.2	5.1.15	adhikara
3.1.2	5.1.16	adhikara
3.1.2	5.1.17	adhikara
3.1.2	5.1.18	adhikara
3.1.2	5.1.19	adhikara
3.1.2	5.1.20	adhikara
3.1.2	5.1.21	adhikara
3.1.2	5.1.22	adhikara
3.1.2	5.1.23	adhikara
3.1.2	5.1.24	adhikara
3.1.2	5.1.25	adhikara
3.1.2	5.1.26	adhikara
3.1.2	5.1.27	adhikara
3.1.2	5.1.28	adhikara
3.1.2	5.1.29	adhikara
3.1.2	5.1.30	adhikara
3.1.2	5.1.31	adhikara
3.1.2	5.1.32	adhikara
3.1.2	5.1.33	adhikara
3.1.2	5.1.34	adhikara
3.1.2	5.1.35	adhikara
3.1.2	5.1.36	adhikara
3.1.2	5.1.37	adhikara
3.1.2	5.1.38	adhikara
3.1.2	5.1.39	adhikara
3.1.2	5.1.40	adhikara
3.1.2	5.1.41	adhikara
3.1.2	5.1.42	adhikara
3.1.2	5.1.43	adhikara
3.1.2	5.1.44	adhikara
3.1.2	5.1.45	adhikara
3.1.2	5.1.46	adhikara
3.1.2	5.1.47	adhikara
3.1.2	5.1.48	adhikara
3.1.2	5.1.49	adhikara
3.1.2	5.1.50	adhikara
3.1.2	5.1.51	adhikara
3.1.2	5.1.52	adhikara
3.1.2	5.1.53	adhikara
3.1.2	5.1.54	adhikara
3.1.2	5.1.55	adhikara
3.1.2	5.1.56	adhikara
3.1.2	5.1.57	adhikara
3.1.2	5.1.58	adhikara
3.1.2	5.1.59	adhikara
3.1.2	5.1.60	adhikara
3.1.2	5.1.61	adhikara
3.1.2	5.1.62	adhikara
3.1.2	5.1.63	adhikara
3.1.2	5.1.64	adhikara
3.1.2	5.1.65	adhikara
3.1.2	5.1.66	adhikara
3.1.2	5.1.67	adhikara
3.1.2	5.1.68	adhikara
3.1.2	5.1.69	adhikara
3.1.2	5.1.70	adhikara
3.1.2	5.1.71	adhikara
3.1.2	5.1.72	adhikara
3.1.2	5.1.73	adhikara
3.1.2	5.1.74	adhikara
3.1.2	5.1.75	adhikara
3.1.2	5.1.76	adhikara
3.1.2	5.1.77	adhikara
3.1.2	5.1.78	adhikara
3.1.2	5.1.79	adhikara
3.1.2	5.1.80	adhikara
3.1.2	5.1.81	adhikara
3.1.2	5.1.82	adhikara
3.1.2	5.1.83	adhikara
3.1.2	5.1.84	adhikara
3.1.2	5.1.85	adhikara
3.1.2	5.1.86	adhikara
3.1.2	5.1.87	adhikara
3.1.2	5.1.88	adhikara
3.1.2	5.1.89	adhikara
3.1.2	5.1.90	adhikara
3.1.2	5.1.91	adhikara
3.1.2	5.1.92	adhikara
3.1.2	5.1.93	adhikara
3.1.2	5.1.94	adhikara
3.1.2	5.1.95	adhikara
3.1.2	5.1.96	adhikara
3.1.2	5.1.97	adhikara
3.1.2	5.1.98	adhikara
3.1.2	5.1.99	adhikara
3.1.2	5.1.100	adhikara
3.1.2	5.1.101	adhikara
3.1.2	5.1.102	adhikara
3.1.2	5.1.103	adhikara
3.1.2	5.1.104	adhikara
3.1.2	5.1.105	adhikara
3.1.2	5.1.106	adhikara
3.1.2	5.1.107	adhikara
3.1.2	5.1.108	adhikara
3.1.2	5.1.109	adhikara
3.1.2	5.1.110	adhikara
3.1.2	5.1.111	adhikara
3.1.2	5.1.112	adhikara
3.1.2	5.1.113	adhikara
3.1.2	5.1.114	adhikara
3.1.2	5.1.115	adhikara
3.1.2	5.1.116	adhikara
3.1.2	5.1.117	adhikara
3.1.2	5.1.118	adhikara
3.1.2	5.1.119	adhikara
3.1.2	5.1.120	adhikara
3.1.2	5.1.121	adhikara
3.1.2	5.1.122	adhikara
3.1.2	5.1.123	adhikara
3.1.2	5.1.124	adhikara
3.1.2	5.1.125	adhikara
3.1.2	5.1.126	adhikara
3.1.2	5.1.127	adhikara
3.1.2	5.1.128	adhikara
3.1.2	5.1.129	adhikara
3.1.2	5.1.130	adhikara
3.1.2	5.1.131	adhikara
3.1.2	5.1.132	adhikara
3.1.2	5.1.133	adhikara
3.1.2	5.1.134	adhikara
3.1.2	5.1.135	adhikara
3.1.2	5.1.136	adhikara
3.1.2	5.2.1	adhikara
3.1.2	5.2.2	adhikara
3.1.2	5.2.3	adhikara
3.1.2	5.2.4	adhikara
3.1.2	5.2.5	adhikara
3.1.2	5.2.6	adhikara
3.1.2	5.2.7	adhikara
3.1.2	5.2.8	adhikara
3.1.2	5.2.9	adhikara
3.1.2	5.2.10	adhikara
3.1.2	5.2.11	adhikara
3.1.2	5.2.12	adhikara
3.1.2	5.2.13	adhikara
3.1.2	5.2.14	adhikara
3.1.2	5.2.15	adhikara
3.1.2	5.2.16	adhikara
3.1.2	5.2.17	adhikara
3.1.2	5.2.18	adhikara
3.1.2	5.2.19	adhikara
3.1.2	5.2.20	adhikara
3.1.2	5.2.21	adhikara
3.1.2	5.2.22	adhikara
3.1.2	5.2.23	adhikara
3.1.2	5.2.24	adhikara
3.1.2	5.2.25	adhikara
3.1.2	5.2.26	adhikara
3.1.2	5.2.27	adhikara
3.1.2	5.2.28	adhikara
3.1.2	5.2.29	adhikara
3.1.2	5.2.30	adhikara
3.1.2	5.2.31	adhikara
3.1.2	5.2.32	adhikara
3.1.2	5.2.33	adhikara
3.1.2	5.2.34	adhikara
3.1.2	5.2.35	adhikara
3.1.2	5.2.36	adhikara
3.1.2	5.2.37	adhikara
3.1.2	5.2.38	adhikara
3.1.2	5.2.39	adhikara
3.1.2	5.2.40	adhikara
3.1.2	5.2.41	adhikara
3.1.2	5.2.42	adhikara
3.1.2	5.2.43	adhikara
3.1.2	5.2.44	adhikara
3.1.2	5.2.45	adhikara
3.1.2	5.2.46	adhikara
3.1.2	5.2.47	adhikara
3.1.2	5.2.48	adhikara
3.1.2	5.2.49	adhikara
3.1.2	5.2.50	adhikara
3.1.2	5.2.51	adhikara
3.1.2	5.2.52	adhikara
3.1.2	5.2.53	adhikara
3.1.2	5.2.54	adhikara
3.1.2	5.2.55	adhikara
3.1.2	5.2.56	adhikara
3.1.2	5.2.57	adhikara
3.1.2	5.2.58	adhikara
3.1.2	5.2.59	adhikara
3.1.2	5.2.60	adhikara
3.1.2	5.2.61	adhikara
3.1.2	5.2.62	adhikara
3.1.2	5.2.63	adhikara
3.1.2	5.2.64	adhikara
3.1.2	5.2.65	adhikara
3.1.2	5.2.66	adhikara
3.1.2	5.2.67	adhikara
3.1.2	5.2.68	adhikara
3.1.2	5.2.69	adhikara
3.1.2	5.2.70	adhikara
3.1.2	5.2.71	adhikara
3.1.2	5.2.72	adhikara
3.1.2	5.2.73	adhikara
3.1.2	5.2.74	adhikara
3.1.2	5.2.75	adhikara
3.1.2	5.2.76	adhikara
3.1.2	5.2.77	adhikara
3.1.2	5.2.78	adhikara
3.1.2	5.2.79	adhikara
3.1.2	5.2.80	adhikara
3.1.2	5.2.81	adhikara
3.1.2	5.2.82	adhikara
3.1.2	5.2.83	adhikara
3.1.2	5.2.84	adhikara
3.1.2	5.2.85	adhikara
3.1.2	5.2.86	adhikara
3.1.2	5.2.87	adhikara
3.1.2	5.2.88	adhikara
3.1.2	5.2.89	adhikara
3.1.2	5.2.90	adhikara
3.1.2	5.2.91	adhikara
3.1.2	5.2.92	adhikara
3.1.2	5.2.93	adhikara
3.1.2	5.2.94	adhikara
3.1.2	5.2.95	adhikara
3.1.2	5.2.96	adhikara
3.1.2	5.2.97	adhikara
3.1.2	5.2.98	adhikara
3.1.2	5.2.99	adhikara
3.1.2	5.2.100	adhikara
3.1.2	5.2.101	adhikara
3.1.2	5.2.102	adhikara
3.1.2	5.2.103	adhikara
3.1.2	5.2.104	adhikara
3.1.2	5.2.105	adhikara
3.1.2	5.2.106	adhikara
3.1.2	5.2.107	adhikara
3.1.2	5.2.108	adhikara
3.1.2	5.2.109	adhikara
3.1.2	5.2.110	adhikara
3.1.2	5.2.111	adhikara
3.1.2	5.2.112	adhikara
3.1.2	5.2.113	adhikara
3.1.2	5.2.114	adhikara
3.1.2	5.2.115	adhikara
3.1.2	5.2.116	adhikara
3.1.2	5.2.117	adhikara
3.1.2	5.2.118	adhikara
3.1.2	5.2.119	adhikara
3.1.2	5.2.120	adhikara
3.1.2	5.2.121	adhikara
3.1.2	5.2.122	adhikara
3.1.2	5.2.123	adhikara
3.1.2	5.2.124	adhikara
3.1.2	5.2.125	adhikara
3.1.2	5.2.126	adhikara
3.1.2	5.2.127	adhikara
3.1.2	5.2.128	adhikara
3.1.2	5.2.129	adhikara
3.1.2	5.2.130	adhikara
3.1.2	5.2.131	adhikara
3.1.2	5.2.132	adhikara
3.1.2	5.2.133	adhikara
3.1.2	5.2.134	adhikara
3.1.2	5.2.135	adhikara
3.1.2	5.2.136	adhikara
3.1.2	5.2.137	adhikara
3.1.2	5.2.138	adhikara
3.1.2	5.2.139	adhikara
3.1.2	5.2.140	adhikara
3.1.2	5.3.1	adhikara
3.1.2	5.3.2	adhikara
3.1.2	5.3.3	adhikara
3.1.2	5.3.4	adhikara
3.1.2	5.3.5	adhikara
3.1.2	5.3.6	adhikara
3.1.2	5.3.7	adhikara
3.1.2	5.3.8	adhikara
3.1.2	5.3.9	adhikara
3.1.2	5.3.10	adhikara
3.1.2	5.3.11	adhikara
3.1.2	5.3.12	adhikara
3.1.2	5.3.13	adhikara
3.1.2	5.3.14	adhikara
3.1.2	5.3.15	adhikara
3.1.2	5.3.16	adhikara
3.1.2	5.3.17	adhikara
3.1.2	5.3.18	adhikara
3.1.2	5.3.19	adhikara
3.1.2	5.3.20	adhikara
3.1.2	5.3.21	adhikara
3.1.2	5.3.22	adhikara
3.1.2	5.3.23	adhikara
3.1.2	5.3.24	adhikara
3.1.2	5.3.25	adhikara
3.1.2	5.3.26	adhikara
3.1.2	5.3.27	adhikara
3.1.2	5.3.28	adhikara
3.1.2	5.3.29	adhikara
3.1.2	5.3.30	adhikara
3.1.2	5.3.31	adhikara
3.1.2	5.3.32	adhikara
3.1.2	5.3.33	adhikara
3.1.2	5.3.34	adhikara
3.1.2	5.3.35	adhikara
3.1.2	5.3.36	adhikara
3.1.2	5.3.37	adhikara
3.1.2	5.3.38	adhikara
3.1.2	5.3.39	adhikara
3.1.2	5.3.40	adhikara
3.1.2	5.3.41	adhikara
3.1.2	5.3.42	adhikara
3.1.2	5.3.43	adhikara
3.1.2	5.3.44	adhikara
3.1.2	5.3.45	adhikara
3.1.2	5.3.46	adhikara
3.1.2	5.3.47	adhikara
3.1.2	5.3.48	adhikara
3.1.2	5.3.49	adhikara
3.1.2	5.3.50	adhikara
3.1.2	5.3.51	adhikara
3.1.2	5.3.52	adhikara
3.1.2	5.3.53	adhikara
3.1.2	5.3.54	adhikara
3.1.2	5.3.55	adhikara
3.1.2	5.3.56	adhikara
3.1.2	5.3.57	adhikara
3.1.2	5.3.58	adhikara
3.1.2	5.3.59	adhikara
3.1.2	5.3.60	adhikara
3.1.2	5.3.61	adhikara
3.1.2	5.3.62	adhikara
3.1.2	5.3.63	adhikara
3.1.2	5.3.64	adhikara
3.1.2	5.3.65	adhikara
3.1.2	5.3.66	adhikara
3.1.2	5.3.67	adhikara
3.1.2	5.3.68	adhikara
3.1.2	5.3.69	adhikara
3.1.2	5.3.70	adhikara
3.1.2	5.3.71	adhikara
3.1.2	5.3.72	adhikara
3.1.2	5.3.73	adhikara
3.1.2	5.3.74	adhikara
3.1.2	5.3.75	adhikara
3.1.2	5.3.76	adhikara
3.1.2	5.3.77	adhikara
3.1.2	5.3.78	adhikara
3.1.2	5.3.79	adhikara
3.1.2	5.3.80	adhikara
3.1.2	5.3.81	adhikara
3.1.2	5.3.82	adhikara
3.1.2	5.3.83	adhikara
3.1.2	5.3.84	adhikara
3.1.2	5.3.85	adhikara
3.1.2	5.3.86	adhikara
3.1.2	5.3.87	adhikara
3.1.2	5.3.88	adhikara
3.1.2	5.3.89	adhikara
3.1.2	5.3.90	adhikara
3.1.2	5.3.91	adhikara
3.1.2	5.3.92	adhikara
3.1.2	5.3.93	adhikara
3.1.2	5.3.94	adhikara
3.1.2	5.3.95	adhikara
3.1.2	5.3.96	adhikara
3.1.2	5.3.97	adhikara
3.1.2	5.3.98	adhikara
3.1.2	5.3.99	adhikara
3.1.2	5.3.100	adhikara
3.1.2	5.3.101	adhikara
3.1.2	5.3.102	adhikara
3.1.2	5.3.103	adhikara
3.1.2	5.3.104	adhikara
3.1.2	5.3.105	adhikara
3.1.2	5.3.106	adhikara
3.1.2	5.3.107	adhikara
3.1.2	5.3.108	adhikara
3.1.2	5.3.109	adhikara
3.1.2	5.3.110	adhikara
3.1.2	5.3.111	adhikara
3.1.2	5.3.112	adhikara
3.1.2	5.3.113	adhikara
3.1.2	5.3.114	adhikara
3.1.2	5.3.115	adhikara
3.1.2	5.3.116	adhikara
3.1.2	5.3.117	adhikara
3.1.2	5.3.118	adhikara
3.1.2	5.3.119	adhikara
3.1.2	5.4.1	adhikara
3.1.2	5.4.2	adhikara
3.1.2	5.4.3	adhikara
3.1.2	5.4.4	adhikara
3.1.2	5.4.5	adhikara
3.1.2	5.4.6	adhikara
3.1.2	5.4.7	adhikara
3.1.2	5.4.8	adhikara
3.1.2	5.4.9	adhikara
3.1.2	5.4.10	adhikara
3.1.2	5.4.11	adhikara
3.1.2	5.4.12	adhikara
3.1.2	5.4.13	adhikara
3.1.2	5.4.14	adhikara
3.1.2	5.4.15	adhikara
3.1.2	5.4.16	adhikara
3.1.2	5.4.17	adhikara
3.1.2	5.4.18	adhikara
3.1.2	5.4.19	adhikara
3.1.2	5.4.20	adhikara
3.1.2	5.4.21	adhikara
3.1.2	5.4.22	adhikara
3.1.2	5.4.23	adhikara
3.1.2	5.4.24	adhikara
3.1.2	5.4.25	adhikara
3.1.2	5.4.26	adhikara
3.1.2	5.4.27	adhikara
3.1.2	5.4.28	adhikara
3.1.2	5.4.29	adhikara
3.1.2	5.4.30	adhikara
3.1.2	5.4.31	adhikara
3.1.2	5.4.32	adhikara
3.1.2	5.4.33	adhikara
3.1.2	5.4.34	adhikara
3.1.2	5.4.35	adhikara
3.1.2	5.4.36	adhikara
3.1.2	5.4.37	adhikara
3.1.2	5.4.38	adhikara
3.1.2	5.4.39	adhikara
3.1.2	5.4.40	adhikara
3.1.2	5.4.41	adhikara
3.1.2	5.4.42	adhikara
3.1.2	5.4.43	adhikara
3.1.2	5.4.44	adhikara
3.1.2	5.4.45	adhikara
3.1.2	5.4.46	adhikara
3.1.2	5.4.47	adhikara
3.1.2	5.4.48	adhikara
3.1.2	5.4.49	adhikara
3.1.2	5.4.50	adhikara
3.1.2	5.4.51	adhikara
3.1.2	5.4.52	adhikara
3.1.2	5.4.53	adhikara
3.1.2	5.4.54	adhikara
3.1.2	5.4.55	adhikara
3.1.2	5.4.56	adhikara
3.1.2	5.4.57	adhikara
3.1.2	5.4.58	adhikara
3.1.2	5.4.59	adhikara
3.1.2	5.4.60	adhikara
3.1.2	5.4.61	adhikara
3.1.2	5.4.62	adhikara
3.1.2	5.4.63	adhikara
3.1.2	5.4.64	adhikara
3.1.2	5.4.65	adhikara
3.1.2	5.4.66	adhikara
3.1.2	5.4.67	adhikara
3.1.2	5.4.68	adhikara
3.1.2	5.4.69	adhikara
3.1.2	5.4.70	adhikara
3.1.2	5.4.71	adhikara
3.1.2	5.4.72	adhikara
3.1.2	5.4.73	adhikara
3.1.2	5.4.74	adhikara
3.1.2	5.4.75	adhikara
3.1.2	5.4.76	adhikara
3.1.2	5.4.77	adhikara
3.1.2	5.4.78	adhikara
3.1.2	5.4.79	adhikara
3.1.2	5.4.80	adhikara
3.1.2	5.4.81	adhikara
3.1.2	5.4.82	adhikara
3.1.2	5.4.83	adhikara
3.1.2	5.4.84	adhikara
3.1.2	5.4.85	adhikara
3.1.2	5.4.86	adhikara
3.1.2	5.4.87	adhikara
3.1.2	5.4.88	adhikara
3.1.2	5.4.89	adhikara
3.1.2	5.4.90	adhikara
3.1.2	5.4.91	adhikara
3.1.2	5.4.92	adhikara
3.1.2	5.4.93	adhikara
3.1.2	5.4.94	adhikara
3.1.2	5.4.95	adhikara
3.1.2	5.4.96	adhikara
3.1.2	5.4.97	adhikara
3.1.2	5.4.98	adhikara
3.1.2	5.4.99	adhikara
3.1.2	5.4.100	adhikara
3.1.2	5.4.101	adhikara
3.1.2	5.4.102	adhikara
3.1.2	5.4.103	adhikara
3.1.2	5.4.104	adhikara
3.1.2	5.4.105	adhikara
3.1.2	5.4.106	adhikara
3.1.2	5.4.107	adhikara
3.1.2	5.4.108	adhikara
3.1.2	5.4.109	adhikara
3.1.2	5.4.110	adhikara
3.1.2	5.4.111	adhikara
3.1.2	5.4.112	adhikara
3.1.2	5.4.113	adhikara
3.1.2	5.4.114	adhikara
3.1.2	5.4.115	adhikara
3.1.2	5.4.116	adhikara
3.1.2	5.4.117	adhikara
3.1.2	5.4.118	adhikara
3.1.2	5.4.119	adhikara
3.1.2	5.4.120	adhikara
3.1.2	5.4.121	adhikara
3.1.2	5.4.122	adhikara
3.1.2	5.4.123	adhikara
3.1.2	5.4.124	adhikara
3.1.2	5.4.125	adhikara
3.1.2	5.4.126	adhikara
3.1.2	5.4.127	adhikara
3.1.2	5.4.128	adhikara
3.1.2	5.4.129	adhikara
3.1.2	5.4.130	adhikara
3.1.2	5.4.131	adhikara
3.1.2	5.4.132	adhikara
3.1.2	5.4.133	adhikara
3.1.2	5.4.134	adhikara
3.1.2	5.4.135	adhikara
3.1.2	5.4.136	adhikara
3.1.2	5.4.137	adhikara
3.1.2	5.4.138	adhikara
3.1.2	5.4.139	adhikara
3.1.2	5.4.140	adhikara
3.1.2	5.4.141	adhikara
3.1.2	5.4.142	adhikara
3.1.2	5.4.143	adhikara
3.1.2	5.4.144	adhikara
3.1.2	5.4.145	adhikara
3.1.2	5.4.146	adhikara
3.1.2	5.4.147	adhikara
3.1.2	5.4.148	adhikara
3.1.2	5.4.149	adhikara
3.1.2	5.4.150	adhikara
3.1.2	5.4.151	adhikara
3.1.2	5.4.152	adhikara
3.1.2	5.4.153	adhikara
3.1.2	5.4.154	adhikara
3.1.2	5.4.155	adhikara
3.1.2	5.4.156	adhikara
3.1.2	5.4.157	adhikara
3.1.2	5.4.158	adhikara
3.1.2	5.4.159	adhikara
3.1.2	5.4.160	adhikara
3.1.3	3.1.4	adhikara
3.1.3	3.1.5	adhikara
3.1.3	3.1.6	adhikara
3.1.3	3.1.7	adhikara
3.1.3	3.1.8	adhikara
3.1.3	3.1.9	adhikara
3.1.3	3.1.10	adhikara
3.1.3	3.1.11	adhikara
3.1.3	3.1.12	adhikara
3.1.3	3.1.13	adhikara
3.1.3	3.1.14	adhikara
3.1.3	3.1.15	adhikara
3.1.3	3.1.16	adhikara
3.1.3	3.1.17	adhikara
3.1.3	3.1.18	adhikara
3.1.3	3.1.19	adhikara
3.1.3	3.1.20	adhikara
3.1.3	3.1.21	adhikara
3.1.3	3.1.22	adhikara
3.1.3	3.1.23	adhikara
3.1.3	3.1.24	adhikara
3.1.3	3.1.25	adhikara
3.1.3	3.1.26	adhikara
3.1.3	3.1.27	adhikara
3.1.3	3.1.28	adhikara
3.1.3	3.1.29	adhikara
3.1.3	3.1.30	adhikara
3.1.3	3.1.31	adhikara
3.1.3	3.1.32	adhikara
3.1.3	3.1.33	adhikara
3.1.3	3.1.34	adhikara
3.1.3	3.1.35	adhikara
3.1.3	3.1.36	adhikara
3.1.3	3.1.37	adhikara
3.1.3	3.1.38	adhikara
3.1.3	3.1.39	adhikara
3.1.3	3.1.40	adhikara
3.1.3	3.1.41	adhikara
3.1.3	3.1.42	adhikara
3.1.3	3.1.43	adhikara
3.1.3	3.1.44	adhikara
3.1.3	3.1.45	adhikara
3.1.3	3.1.46	adhikara
3.1.3	3.1.47	adhikara
3.1.3	3.1.48	adhikara
3.1.3	3.1.49	adhikara
3.1.3	3.1.50	adhikara
3.1.3	3.1.51	adhikara
3.1.3	3.1.52	adhikara
3.1.3	3.1.53	adhikara
3.1.3	3.1.54	adhikara
3.1.3	3.1.55	adhikara
3.1.3	3.1.56	adhikara
3.1.3	3.1.57	adhikara
3.1.3	3.1.58	adhikara
3.1.3	3.1.59	adhikara
3.1.3	3.1.60	adhikara
3.1.3	3.1.61	adhikara
3.1.3	3.1.62	adhikara
3.1.3	3.1.63	adhikara
3.1.3	3.1.64	adhikara
3.1.3	3.1.65	adhikara
3.1.3	3.1.66	adhikara
3.1.3	3.1.67	adhikara
3.1.3	3.1.68	adhikara
3.1.3	3.1.69	adhikara
3.1.3	3.1.70	adhikara
3.1.3	3.1.71	adhikara
3.1.3	3.1.72	adhikara
3.1.3	3.1.73	adhikara
3.1.3	3.1.74	adhikara
3.1.3	3.1.75	adhikara
3.1.3	3.1.76	adhikara
3.1.3	3.1.77	adhikara
3.1.3	3.1.78	adhikara
3.1.3	3.1.79	adhikara
3.1.3	3.1.80	adhikara
3.1.3	3.1.81	adhikara
3.1.3	3.1.82	adhikara
3.1.3	3.1.83	adhikara
3.1.3	3.1.84	adhikara
3.1.3	3.1.85	adhikara
3.1.3	3.1.86	adhikara
3.1.3	3.1.87	adhikara
3.1.3	3.1.88	adhikara
3.1.3	3.1.89	adhikara
3.1.3	3.1.90	adhikara
3.1.3	3.1.91	adhikara
3.1.3	3.1.92	adhikara
3.1.3	3.1.93	adhikara
3.1.3	3.1.94	adhikara
3.1.3	3.1.95	adhikara
3.1.3	3.1.96	adhikara
3.1.3	3.1.97	adhikara
3.1.3	3.1.98	adhikara
3.1.3	3.1.99	adhikara
3.1.3	3.1.100	adhikara
3.1.3	3.1.101	adhikara
3.1.3	3.1.102	adhikara
3.1.3	3.1.103	adhikara
3.1.3	3.1.104	adhikara
3.1.3	3.1.105	adhikara
3.1.3	3.1.106	adhikara
3.1.3	3.1.107	adhikara
3.1.3	3.1.108	adhikara
3.1.3	3.1.109	adhikara
3.1.3	3.1.110	adhikara
3.1.3	3.1.111	adhikara
3.1.3	3.1.112	adhikara
3.1.3	3.1.113	adhikara
3.1.3	3.1.114	adhikara
3.1.3	3.1.115	adhikara
3.1.3	3.1.116	adhikara
3.1.3	3.1.117	adhikara
3.1.3	3.1.118	adhikara
3.1.3	3.1.119	adhikara
3.1.3	3.1.120	adhikara
3.1.3	3.1.121	adhikara
3.1.3	3.1.122	adhikara
3.1.3	3.1.123	adhikara
3.1.3	3.1.124	adhikara
3.1.3	3.1.125	adhikara
3.1.3	3.1.126	adhikara
3.1.3	3.1.127	adhikara
3.1.3	3.1.128	adhikara
3.1.3	3.1.129	adhikara
3.1.3	3.1.130	adhikara
3.1.3	3.1.131	adhikara
3.1.3	3.1.132	adhikara
3.1.3	3.1.133	adhikara
3.1.3	3.1.134	adhikara
3.1.3	3.1.135	adhikara
3.1.3	3.1.136	adhikara
3.1.3	3.1.137	adhikara
3.1.3	3.1.138	adhikara
3.1.3	3.1.139	adhikara
3.1.3	3.1.140	adhikara
3.1.3	3.1.141	adhikara
3.1.3	3.1.142	adhikara
3.1.3	3.1.143	adhikara
3.1.3	3.1.144	adhikara
3.1.3	3.1.145	adhikara
3.1.3	3.1.146	adhikara
3.1.3	3.1.147	adhikara
3.1.3	3.1.148	adhikara
3.1.3	3.1.149	adhikara
3.1.3	3.1.150	adhikara
3.1.3	3.2.1	adhikara
3.1.3	3.2.2	adhikara
3.1.3	3.2.3	adhikara
3.1.3	3.2.4	adhikara
3.1.3	3.2.5	adhikara
3.1.3	3.2.6	adhikara
3.1.3	3.2.7	adhikara
3.1.3	3.2.8	adhikara
3.1.3	3.2.9	adhikara
3.1.3	3.2.10	adhikara
3.1.3	3.2.11	adhikara
3.1.3	3.2.12	adhikara
3.1.3	3.2.13	adhikara
3.1.3	3.2.14	adhikara
3.1.3	3.2.15	adhikara
3.1.3	3.2.16	adhikara
3.1.3	3.2.17	adhikara
3.1.3	3.2.18	adhikara
3.1.3	3.2.19	adhikara
3.1.3	3.2.20	adhikara
3.1.3	3.2.21	adhikara
3.1.3	3.2.22	adhikara
3.1.3	3.2.23	adhikara
3.1.3	3.2.24	adhikara
3.1.3	3.2.25	adhikara
3.1.3	3.2.26	adhikara
3.1.3	3.2.27	adhikara
3.1.3	3.2.28	adhikara
3.1.3	3.2.29	adhikara
3.1.3	3.2.30	adhikara
3.1.3	3.2.31	adhikara
3.1.3	3.2.32	adhikara
3.1.3	3.2.33	adhikara
3.1.3	3.2.34	adhikara
3.1.3	3.2.35	adhikara
3.1.3	3.2.36	adhikara
3.1.3	3.2.37	adhikara
3.1.3	3.2.38	adhikara
3.1.3	3.2.39	adhikara
3.1.3	3.2.40	adhikara
3.1.3	3.2.41	adhikara
3.1.3	3.2.42	adhikara
3.1.3	3.2.43	adhikara
3.1.3	3.2.44	adhikara
3.1.3	3.2.45	adhikara
3.1.3	3.2.46	adhikara
3.1.3	3.2.47	adhikara
3.1.3	3.2.48	adhikara
3.1.3	3.2.49	adhikara
3.1.3	3.2.50	adhikara
3.1.3	3.2.51	adhikara
3.1.3	3.2.52	adhikara
3.1.3	3.2.53	adhikara
3.1.3	3.2.54	adhikara
3.1.3	3.2.55	adhikara
3.1.3	3.2.56	adhikara
3.1.3	3.2.57	adhikara
3.1.3	3.2.58	adhikara
3.1.3	3.2.59	adhikara
3.1.3	3.2.60	adhikara
3.1.3	3.2.61	adhikara
3.1.3	3.2.62	adhikara
3.1.3	3.2.63	adhikara
3.1.3	3.2.64	adhikara
3.1.3	3.2.65	adhikara
3.1.3	3.2.66	adhikara
3.1.3	3.2.67	adhikara
3.1.3	3.2.68	adhikara
3.1.3	3.2.69	adhikara
3.1.3	3.2.70	adhikara
3.1.3	3.2.71	adhikara
3.1.3	3.2.72	adhikara
3.1.3	3.2.73	adhikara
3.1.3	3.2.74	adhikara
3.1.3	3.2.75	adhikara
3.1.3	3.2.76	adhikara
3.1.3	3.2.77	adhikara
3.1.3	3.2.78	adhikara
3.1.3	3.2.79	adhikara
3.1.3	3.2.80	adhikara
3.1.3	3.2.81	adhikara
3.1.3	3.2.82	adhikara
3.1.3	3.2.83	adhikara
3.1.3	3.2.84	adhikara
3.1.3	3.2.85	adhikara
3.1.3	3.2.86	adhikara
3.1.3	3.2.87	adhikara
3.1.3	3.2.88	adhikara
3.1.3	3.2.89	adhikara
3.1.3	3.2.90	adhikara
3.1.3	3.2.91	adhikara
3.1.3	3.2.92	adhikara
3.1.3	3.2.93	adhikara
3.1.3	3.2.94	adhikara
3.1.3	3.2.95	adhikara
3.1.3	3.2.96	adhikara
3.1.3	3.2.97	adhikara
3.1.3	3.2.98	adhikara
3.1.3	3.2.99	adhikara
3.1.3	3.2.100	adhikara
3.1.3	3.2.101	adhikara
3.1.3	3.2.102	adhikara
3.1.3	3.2.103	adhikara
3.1.3	3.2.104	adhikara
3.1.3	3.2.105	adhikara
3.1.3	3.2.106	adhikara
3.1.3	3.2.107	adhikara
3.1.3	3.2.108	adhikara
3.1.3	3.2.109	adhikara
3.1.3	3.2.110	adhikara
3.1.3	3.2.111	adhikara
3.1.3	3.2.112	adhikara
3.1.3	3.2.113	adhikara
3.1.3	3.2.114	adhikara
3.1.3	3.2.115	adhikara
3.1.3	3.2.116	adhikara
3.1.3	3.2.117	adhikara
3.1.3	3.2.118	adhikara
3.1.3	3.2.119	adhikara
3.1.3	3.2.120	adhikara
3.1.3	3.2.121	adhikara
3.1.3	3.2.122	adhikara
3.1.3	3.2.123	adhikara
3.1.3	3.2.124	adhikara
3.1.3	3.2.125	adhikara
3.1.3	3.2.126	adhikara
3.1.3	3.2.127	adhikara
3.1.3	3.2.128	adhikara
3.1.3	3.2.129	adhikara
3.1.3	3.2.130	adhikara
3.1.3	3.2.131	adhikara
3.1.3	3.2.132	adhikara
3.1.3	3.2.133	adhikara
3.1.3	3.2.134	adhikara
3.1.3	3.2.135	adhikara
3.1.3	3.2.136	adhikara
3.1.3	3.2.137	adhikara
3.1.3	3.2.138	adhikara
3.1.3	3.2.139	adhikara
3.1.3	3.2.140	adhikara
3.1.3	3.2.141	adhikara
3.1.3	3.2.142	adhikara
3.1.3	3.2.143	adhikara
3.1.3	3.2.144	adhikara
3.1.3	3.2.145	adhikara
3.1.3	3.2.146	adhikara
3.1.3	3.2.147	adhikara
3.1.3	3.2.148	adhikara
3.1.3	3.2.149	adhikara
3.1.3	3.2.150	adhikara
3.1.3	3.2.151	adhikara
3.1.3	3.2.152	adhikara
3.1.3	3.2.153	adhikara
3.1.3	3.2.154	adhikara
3.1.3	3.2.155	adhikara
3.1.3	3.2.156	adhikara
3.1.3	3.2.157	adhikara
3.1.3	3.2.158	adhikara
3.1.3	3.2.159	adhikara
3.1.3	3.2.160	adhikara
3.1.3	3.2.161	adhikara
3.1.3	3.2.162	adhikara
3.1.3	3.2.163	adhikara
3.1.3	3.2.164	adhikara
3.1.3	3.2.165	adhikara
3.1.3	3.2.166	adhikara
3.1.3	3.2.167	adhikara
3.1.3	3.2.168	adhikara
3.1.3	3.2.169	adhikara
3.1.3	3.2.170	adhikara
3.1.3	3.2.171	adhikara
3.1.3	3.2.172	adhikara
3.1.3	3.2.173	adhikara
3.1.3	3.2.174	adhikara
3.1.3	3.2.175	adhikara
3.1.3	3.2.176	adhikara
3.1.3	3.2.177	adhikara
3.1.3	3.2.178	adhikara
3.1.3	3.2.179	adhikara
3.1.3	3.2.180	adhikara
3.1.3	3.2.181	adhikara
3.1.3	3.2.182	adhikara
3.1.3	3.2.183	adhikara
3.1.3	3.2.184	adhikara
3.1.3	3.2.185	adhikara
3.1.3	3.2.186	adhikara
3.1.3	3.2.187	adhikara
3.1.3	3.2.188	adhikara
3.1.3	3.3.1	adhikara
3.1.3	3.3.2	adhikara
3.1.3	3.3.3	adhikara
3.1.3	3.3.4	adhikara
3.1.3	3.3.5	adhikara
3.1.3	3.3.6	adhikara
3.1.3	3.3.7	adhikara
3.1.3	3.3.8	adhikara
3.1.3	3.3.9	adhikara
3.1.3	3.3.10	adhikara
3.1.3	3.3.11	adhikara
3.1.3	3.3.12	adhikara
3.1.3	3.3.13	adhikara
3.1.3	3.3.14	adhikara
3.1.3	3.3.15	adhikara
3.1.3	3.3.16	adhikara
3.1.3	3.3.17	adhikara
3.1.3	3.3.18	adhikara
3.1.3	3.3.19	adhikara
3.1.3	3.3.20	adhikara
3.1.3	3.3.21	adhikara
3.1.3	3.3.22	adhikara
3.1.3	3.3.23	adhikara
3.1.3	3.3.24	adhikara
3.1.3	3.3.25	adhikara
3.1.3	3.3.26	adhikara
3.1.3	3.3.27	adhikara
3.1.3	3.3.28	adhikara
3.1.3	3.3.29	adhikara
3.1.3	3.3.30	adhikara
3.1.3	3.3.31	adhikara
3.1.3	3.3.32	adhikara
3.1.3	3.3.33	adhikara
3.1.3	3.3.34	adhikara
3.1.3	3.3.35	adhikara
3.1.3	3.3.36	adhikara
3.1.3	3.3.37	adhikara
3.1.3	3.3.38	adhikara
3.1.3	3.3.39	adhikara
3.1.3	3.3.40	adhikara
3.1.3	3.3.41	adhikara
3.1.3	3.3.42	adhikara
3.1.3	3.3.43	adhikara
3.1.3	3.3.44	adhikara
3.1.3	3.3.45	adhikara
3.1.3	3.3.46	adhikara
3.1.3	3.3.47	adhikara
3.1.3	3.3.48	adhikara
3.1.3	3.3.49	adhikara
3.1.3	3.3.50	adhikara
3.1.3	3.3.51	adhikara
3.1.3	3.3.52	adhikara
3.1.3	3.3.53	adhikara
3.1.3	3.3.54	adhikara
3.1.3	3.3.55	adhikara
3.1.3	3.3.56	adhikara
3.1.3	3.3.57	adhikara
3.1.3	3.3.58	adhikara
3.1.3	3.3.59	adhikara
3.1.3	3.3.60	adhikara
3.1.3	3.3.61	adhikara
3.1.3	3.3.62	adhikara
3.1.3	3.3.63	adhikara
3.1.3	3.3.64	adhikara
3.1.3	3.3.65	adhikara
3.1.3	3.3.66	adhikara
3.1.3	3.3.67	adhikara
3.1.3	3.3.68	adhikara
3.1.3	3.3.69	adhikara
3.1.3	3.3.70	adhikara
3.1.3	3.3.71	adhikara
3.1.3	3.3.72	adhikara
3.1.3	3.3.73	adhikara
3.1.3	3.3.74	adhikara
3.1.3	3.3.75	adhikara
3.1.3	3.3.76	adhikara
3.1.3	3.3.77	adhikara
3.1.3	3.3.78	adhikara
3.1.3	3.3.79	adhikara
3.1.3	3.3.80	adhikara
3.1.3	3.3.81	adhikara
3.1.3	3.3.82	adhikara
3.1.3	3.3.83	adhikara
3.1.3	3.3.84	adhikara
3.1.3	3.3.85	adhikara
3.1.3	3.3.86	adhikara
3.1.3	3.3.87	adhikara
3.1.3	3.3.88	adhikara
3.1.3	3.3.89	adhikara
3.1.3	3.3.90	adhikara
3.1.3	3.3.91	adhikara
3.1.3	3.3.92	adhikara
3.1.3	3.3.93	adhikara
3.1.3	3.3.94	adhikara
3.1.3	3.3.95	adhikara
3.1.3	3.3.96	adhikara
3.1.3	3.3.97	adhikara
3.1.3	3.3.98	adhikara
3.1.3	3.3.99	adhikara
3.1.3	3.3.100	adhikara
3.1.3	3.3.101	adhikara
3.1.3	3.3.102	adhikara
3.1.3	3.3.103	adhikara
3.1.3	3.3.104	adhikara
3.1.3	3.3.105	adhikara
3.1.3	3.3.106	adhikara
3.1.3	3.3.107	adhikara
3.1.3	3.3.108	adhikara
3.1.3	3.3.109	adhikara
3.1.3	3.3.110	adhikara
3.1.3	3.3.111	adhikara
3.1.3	3.3.112	adhikara
3.1.3	3.3.113	adhikara
3.1.3	3.3.114	adhikara
3.1.3	3.3.115	adhikara
3.1.3	3.3.116	adhikara
3.1.3	3.3.117	adhikara
3.1.3	3.3.118	adhikara
3.1.3	3.3.119	adhikara
3.1.3	3.3.120	adhikara
3.1.3	3.3.121	adhikara
3.1.3	3.3.122	adhikara
3.1.3	3.3.123	adhikara
3.1.3	3.3.124	adhikara
3.1.3	3.3.125	adhikara
3.1.3	3.3.126	adhikara
3.1.3	3.3.127	adhikara
3.1.3	3.3.128	adhikara
3.1.3	3.3.129	adhikara
3.1.3	3.3.130	adhikara
3.1.3	3.3.131	adhikara
3.1.3	3.3.132	adhikara
3.1.3	3.3.133	adhikara
3.1.3	3.3.134	adhikara
3.1.3	3.3.135	adhikara
3.1.3	3.3.136	adhikara
3.1.3	3.3.137	adhikara
3.1.3	3.3.138	adhikara
3.1.3	3.3.139	adhikara
3.1.3	3.3.140	adhikara
3.1.3	3.3.141	adhikara
3.1.3	3.3.142	adhikara
3.1.3	3.3.143	adhikara
3.1.3	3.3.144	adhikara
3.1.3	3.3.145	adhikara
3.1.3	3.3.146	adhikara
3.1.3	3.3.147	adhikara
3.1.3	3.3.148	adhikara
3.1.3	3.3.149	adhikara
3.1.3	3.3.150	adhikara
3.1.3	3.3.151	adhikara
3.1.3	3.3.152	adhikara
3.1.3	3.3.153	adhikara
3.1.3	3.3.154	adhikara
3.1.3	3.3.155	adhikara
3.1.3	3.3.156	adhikara
3.1.3	3.3.157	adhikara
3.1.3	3.3.158	adhikara
3.1.3	3.3.159	adhikara
3.1.3	3.3.160	adhikara
3.1.3	3.3.161	adhikara
3.1.3	3.3.162	adhikara
3.1.3	3.3.163	adhikara
3.1.3	3.3.164	adhikara
3.1.3	3.3.165	adhikara
3.1.3	3.3.166	adhikara
3.1.3	3.3.167	adhikara
3.1.3	3.3.168	adhikara
3.1.3	3.3.169	adhikara
3.1.3	3.3.170	adhikara
3.1.3	3.3.171	adhikara
3.1.3	3.3.172	adhikara
3.1.3	3.3.173	adhikara
3.1.3	3.3.174	adhikara
3.1.3	3.3.175	adhikara
3.1.3	3.3.176	adhikara
3.1.3	3.4.1	adhikara
3.1.3	3.4.2	adhikara
3.1.3	3.4.3	adhikara
3.1.3	3.4.4	adhikara
3.1.3	3.4.5	adhikara
3.1.3	3.4.6	adhikara
3.1.3	3.4.7	adhikara
3.1.3	3.4.8	adhikara
3.1.3	3.4.9	adhikara
3.1.3	3.4.10	adhikara
3.1.3	3.4.11	adhikara
3.1.3	3.4.12	adhikara
3.1.3	3.4.13	adhikara
3.1.3	3.4.14	adhikara
3.1.3	3.4.15	adhikara
3.1.3	3.4.16	adhikara
3.1.3	3.4.17	adhikara
3.1.3	3.4.18	adhikara
3.1.3	3.4.19	adhikara
3.1.3	3.4.20	adhikara
3.1.3	3.4.21	adhikara
3.1.3	3.4.22	adhikara
3.1.3	3.4.23	adhikara
3.1.3	3.4.24	adhikara
3.1.3	3.4.25	adhikara
3.1.3	3.4.26	adhikara
3.1.3	3.4.27	adhikara
3.1.3	3.4.28	adhikara
3.1.3	3.4.29	adhikara
3.1.3	3.4.30	adhikara
3.1.3	3.4.31	adhikara
3.1.3	3.4.32	adhikara
3.1.3	3.4.33	adhikara
3.1.3	3.4.34	adhikara
3.1.3	3.4.35	adhikara
3.1.3	3.4.36	adhikara
3.1.3	3.4.37	adhikara
3.1.3	3.4.38	adhikara
3.1.3	3.4.39	adhikara
3.1.3	3.4.40	adhikara
3.1.3	3.4.41	adhikara
3.1.3	3.4.42	adhikara
3.1.3	3.4.43	adhikara
3.1.3	3.4.44	adhikara
3.1.3	3.4.45	adhikara
3.1.3	3.4.46	adhikara
3.1.3	3.4.47	adhikara
3.1.3	3.4.48	adhikara
3.1.3	3.4.49	adhikara
3.1.3	3.4.50	adhikara
3.1.3	3.4.51	adhikara
3.1.3	3.4.52	adhikara
3.1.3	3.4.53	adhikara
3.1.3	3.4.54	adhikara
3.1.3	3.4.55	adhikara
3.1.3	3.4.56	adhikara
3.1.3	3.4.57	adhikara
3.1.3	3.4.58	adhikara
3.1.3	3.4.59	adhikara
3.1.3	3.4.60	adhikara
3.1.3	3.4.61	adhikara
3.1.3	3.4.62	adhikara
3.1.3	3.4.63	adhikara
3.1.3	3.4.64	adhikara
3.1.3	3.4.65	adhikara
3.1.3	3.4.66	adhikara
3.1.3	3.4.67	adhikara
3.1.3	3.4.68	adhikara
3.1.3	3.4.69	adhikara
3.1.3	3.4.70	adhikara
3.1.3	3.4.71	adhikara
3.1.3	3.4.72	adhikara
3.1.3	3.4.73	adhikara
3.1.3	3.4.74	adhikara
3.1.3	3.4.75	adhikara
3.1.3	3.4.76	adhikara
3.1.3	3.4.77	adhikara
3.1.3	3.4.78	adhikara
3.1.3	3.4.79	adhikara
3.1.3	3.4.80	adhikara
3.1.3	3.4.81	adhikara
3.1.3	3.4.82	adhikara
3.1.3	3.4.83	adhikara
3.1.3	3.4.84	adhikara
3.1.3	3.4.85	adhikara
3.1.3	3.4.86	adhikara
3.1.3	3.4.87	adhikara
3.1.3	3.4.88	adhikara
3.1.3	3.4.89	adhikara
3.1.3	3.4.90	adhikara
3.1.3	3.4.91	adhikara
3.1.3	3.4.92	adhikara
3.1.3	3.4.93	adhikara
3.1.3	3.4.94	adhikara
3.1.3	3.4.95	adhikara
3.1.3	3.4.96	adhikara
3.1.3	3.4.97	adhikara
3.1.3	3.4.98	adhikara
3.1.3	3.4.99	adhikara
3.1.3	3.4.100	adhikara
3.1.3	3.4.101	adhikara
3.1.3	3.4.102	adhikara
3.1.3	3.4.103	adhikara
3.1.3	3.4.104	adhikara
3.1.3	3.4.105	adhikara
3.1.3	3.4.106	adhikara
3.1.3	3.4.107	adhikara
3.1.3	3.4.108	adhikara
3.1.3	3.4.109	adhikara
3.1.3	3.4.110	adhikara
3.1.3	3.4.111	adhikara
3.1.3	3.4.112	adhikara
3.1.3	3.4.113	adhikara
3.1.3	3.4.114	adhikara
3.1.3	3.4.115	adhikara
3.1.3	3.4.116	adhikara
3.1.3	3.4.117	adhikara
3.1.3	4.1.1	adhikara
3.1.3	4.1.2	adhikara
3.1.3	4.1.3	adhikara
3.1.3	4.1.4	adhikara
3.1.3	4.1.5	adhikara
3.1.3	4.1.6	adhikara
3.1.3	4.1.7	adhikara
3.1.3	4.1.8	adhikara
3.1.3	4.1.9	adhikara
3.1.3	4.1.10	adhikara
3.1.3	4.1.11	adhikara
3.1.3	4.1.12	adhikara
3.1.3	4.1.13	adhikara
3.1.3	4.1.14	adhikara
3.1.3	4.1.15	adhikara
3.1.3	4.1.16	adhikara
3.1.3	4.1.17	adhikara
3.1.3	4.1.18	adhikara
3.1.3	4.1.19	adhikara
3.1.3	4.1.20	adhikara
3.1.3	4.1.21	adhikara
3.1.3	4.1.22	adhikara
3.1.3	4.1.23	adhikara
3.1.3	4.1.24	adhikara
3.1.3	4.1.25	adhikara
3.1.3	4.1.26	adhikara
3.1.3	4.1.27	adhikara
3.1.3	4.1.28	adhikara
3.1.3	4.1.29	adhikara
3.1.3	4.1.30	adhikara
3.1.3	4.1.31	adhikara
3.1.3	4.1.32	adhikara
3.1.3	4.1.33	adhikara
3.1.3	4.1.34	adhikara
3.1.3	4.1.35	adhikara
3.1.3	4.1.36	adhikara
3.1.3	4.1.37	adhikara
3.1.3	4.1.38	adhikara
3.1.3	4.1.39	adhikara
3.1.3	4.1.40	adhikara
3.1.3	4.1.41	adhikara
3.1.3	4.1.42	adhikara
3.1.3	4.1.43	adhikara
3.1.3	4.1.44	adhikara
3.1.3	4.1.45	adhikara
3.1.3	4.1.46	adhikara
3.1.3	4.1.47	adhikara
3.1.3	4.1.48	adhikara
3.1.3	4.1.49	adhikara
3.1.3	4.1.50	adhikara
3.1.3	4.1.51	adhikara
3.1.3	4.1.52	adhikara
3.1.3	4.1.53	adhikara
3.1.3	4.1.54	adhikara
3.1.3	4.1.55	adhikara
3.1.3	4.1.56	adhikara
3.1.3	4.1.57	adhikara
3.1.3	4.1.58	adhikara
3.1.3	4.1.59	adhikara
3.1.3	4.1.60	adhikara
3.1.3	4.1.61	adhikara
3.1.3	4.1.62	adhikara
3.1.3	4.1.63	adhikara
3.1.3	4.1.64	adhikara
3.1.3	4.1.65	adhikara
3.1.3	4.1.66	adhikara
3.1.3	4.1.67	adhikara
3.1.3	4.1.68	adhikara
3.1.3	4.1.69	adhikara
3.1.3	4.1.70	adhikara
3.1.3	4.1.71	adhikara
3.1.3	4.1.72	adhikara
3.1.3	4.1.73	adhikara
3.1.3	4.1.74	adhikara
3.1.3	4.1.75	adhikara
3.1.3	4.1.76	adhikara
3.1.3	4.1.77	adhikara
3.1.3	4.1.78	adhikara
3.1.3	4.1.79	adhikara
3.1.3	4.1.80	adhikara
3.1.3	4.1.81	adhikara
3.1.3	4.1.82	adhikara
3.1.3	4.1.83	adhikara
3.1.3	4.1.84	adhikara
3.1.3	4.1.85	adhikara
3.1.3	4.1.86	adhikara
3.1.3	4.1.87	adhikara
3.1.3	4.1.88	adhikara
3.1.3	4.1.89	adhikara
3.1.3	4.1.90	adhikara
3.1.3	4.1.91	adhikara
3.1.3	4.1.92	adhikara
3.1.3	4.1.93	adhikara
3.1.3	4.1.94	adhikara
3.1.3	4.1.95	adhikara
3.1.3	4.1.96	adhikara
3.1.3	4.1.97	adhikara
3.1.3	4.1.98	adhikara
3.1.3	4.1.99	adhikara
3.1.3	4.1.100	adhikara
3.1.3	4.1.101	adhikara
3.1.3	4.1.102	adhikara
3.1.3	4.1.103	adhikara
3.1.3	4.1.104	adhikara
3.1.3	4.1.105	adhikara
3.1.3	4.1.106	adhikara
3.1.3	4.1.107	adhikara
3.1.3	4.1.108	adhikara
3.1.3	4.1.109	adhikara
3.1.3	4.1.110	adhikara
3.1.3	4.1.111	adhikara
3.1.3	4.1.112	adhikara
3.1.3	4.1.113	adhikara
3.1.3	4.1.114	adhikara
3.1.3	4.1.115	adhikara
3.1.3	4.1.116	adhikara
3.1.3	4.1.117	adhikara
3.1.3	4.1.118	adhikara
3.1.3	4.1.119	adhikara
3.1.3	4.1.120	adhikara
3.1.3	4.1.121	adhikara
3.1.3	4.1.122	adhikara
3.1.3	4.1.123	adhikara
3.1.3	4.1.124	adhikara
3.1.3	4.1.125	adhikara
3.1.3	4.1.126	adhikara
3.1.3	4.1.127	adhikara
3.1.3	4.1.128	adhikara
3.1.3	4.1.129	adhikara
3.1.3	4.1.130	adhikara
3.1.3	4.1.131	adhikara
3.1.3	4.1.132	adhikara
3.1.3	4.1.133	adhikara
3.1.3	4.1.134	adhikara
3.1.3	4.1.135	adhikara
3.1.3	4.1.136	adhikara
3.1.3	4.1.137	adhikara
3.1.3	4.1.138	adhikara
3.1.3	4.1.139	adhikara
3.1.3	4.1.140	adhikara
3.1.3	4.1.141	adhikara
3.1.3	4.1.142	adhikara
3.1.3	4.1.143	adhikara
3.1.3	4.1.144	adhikara
3.1.3	4.1.145	adhikara
3.1.3	4.1.146	adhikara
3.1.3	4.1.147	adhikara
3.1.3	4.1.148	adhikara
3.1.3	4.1.149	adhikara
3.1.3	4.1.150	adhikara
3.1.3	4.1.151	adhikara
3.1.3	4.1.152	adhikara
3.1.3	4.1.153	adhikara
3.1.3	4.1.154	adhikara
3.1.3	4.1.155	adhikara
3.1.3	4.1.156	adhikara
3.1.3	4.1.157	adhikara
3.1.3	4.1.158	adhikara
3.1.3	4.1.159	adhikara
3.1.3	4.1.160	adhikara
3.1.3	4.1.161	adhikara
3.1.3	4.1.162	adhikara
3.1.3	4.1.163	adhikara
3.1.3	4.1.164	adhikara
3.1.3	4.1.165	adhikara
3.1.3	4.1.166	adhikara
3.1.3	4.1.167	adhikara
3.1.3	4.1.168	adhikara
3.1.3	4.1.169	adhikara
3.1.3	4.1.170	adhikara
3.1.3	4.1.171	adhikara
3.1.3	4.1.172	adhikara
3.1.3	4.1.173	adhikara
3.1.3	4.1.174	adhikara
3.1.3	4.1.175	adhikara
3.1.3	4.1.176	adhikara
3.1.3	4.1.177	adhikara
3.1.3	4.1.178	adhikara
3.1.3	4.2.1	adhikara
3.1.3	4.2.2	adhikara
3.1.3	4.2.3	adhikara
3.1.3	4.2.4	adhikara
3.1.3	4.2.5	adhikara
3.1.3	4.2.6	adhikara
3.1.3	4.2.7	adhikara
3.1.3	4.2.8	adhikara
3.1.3	4.2.9	adhikara
3.1.3	4.2.10	adhikara
3.1.3	4.2.11	adhikara
3.1.3	4.2.12	adhikara
3.1.3	4.2.13	adhikara
3.1.3	4.2.14	adhikara
3.1.3	4.2.15	adhikara
3.1.3	4.2.16	adhikara
3.1.3	4.2.17	adhikara
3.1.3	4.2.18	adhikara
3.1.3	4.2.19	adhikara
3.1.3	4.2.20	adhikara
3.1.3	4.2.21	adhikara
3.1.3	4.2.22	adhikara
3.1.3	4.2.23	adhikara
3.1.3	4.2.24	adhikara
3.1.3	4.2.25	adhikara
3.1.3	4.2.26	adhikara
3.1.3	4.2.27	adhikara
3.1.3	4.2.28	adhikara
3.1.3	4.2.29	adhikara
3.1.3	4.2.30	adhikara
3.1.3	4.2.31	adhikara
3.1.3	4.2.32	adhikara
3.1.3	4.2.33	adhikara
3.1.3	4.2.34	adhikara
3.1.3	4.2.35	adhikara
3.1.3	4.2.36	adhikara
3.1.3	4.2.37	adhikara
3.1.3	4.2.38	adhikara
3.1.3	4.2.39	adhikara
3.1.3	4.2.40	adhikara
3.1.3	4.2.41	adhikara
3.1.3	4.2.42	adhikara
3.1.3	4.2.43	adhikara
3.1.3	4.2.44	adhikara
3.1.3	4.2.45	adhikara
3.1.3	4.2.46	adhikara
3.1.3	4.2.47	adhikara
3.1.3	4.2.48	adhikara
3.1.3	4.2.49	adhikara
3.1.3	4.2.50	adhikara
3.1.3	4.2.51	adhikara
3.1.3	4.2.52	adhikara
3.1.3	4.2.53	adhikara
3.1.3	4.2.54	adhikara
3.1.3	4.2.55	adhikara
3.1.3	4.2.56	adhikara
3.1.3	4.2.57	adhikara
3.1.3	4.2.58	adhikara
3.1.3	4.2.59	adhikara
3.1.3	4.2.60	adhikara
3.1.3	4.2.61	adhikara
3.1.3	4.2.62	adhikara
3.1.3	4.2.63	adhikara
3.1.3	4.2.64	adhikara
3.1.3	4.2.65	adhikara
3.1.3	4.2.66	adhikara
3.1.3	4.2.67	adhikara
3.1.3	4.2.68	adhikara
3.1.3	4.2.69	adhikara
3.1.3	4.2.70	adhikara
3.1.3	4.2.71	adhikara
3.1.3	4.2.72	adhikara
3.1.3	4.2.73	adhikara
3.1.3	4.2.74	adhikara
3.1.3	4.2.75	adhikara
3.1.3	4.2.76	adhikara
3.1.3	4.2.77	adhikara
3.1.3	4.2.78	adhikara
3.1.3	4.2.79	adhikara
3.1.3	4.2.80	adhikara
3.1.3	4.2.81	adhikara
3.1.3	4.2.82	adhikara
3.1.3	4.2.83	adhikara
3.1.3	4.2.84	adhikara
3.1.3	4.2.85	adhikara
3.1.3	4.2.86	adhikara
3.1.3	4.2.87	adhikara
3.1.3	4.2.88	adhikara
3.1.3	4.2.89	adhikara
3.1.3	4.2.90	adhikara
3.1.3	4.2.91	adhikara
3.1.3	4.2.92	adhikara
3.1.3	4.2.93	adhikara
3.1.3	4.2.94	adhikara
3.1.3	4.2.95	adhikara
3.1.3	4.2.96	adhikara
3.1.3	4.2.97	adhikara
3.1.3	4.2.98	adhikara
3.1.3	4.2.99	adhikara
3.1.3	4.2.100	adhikara
3.1.3	4.2.101	adhikara
3.1.3	4.2.102	adhikara
3.1.3	4.2.103	adhikara
3.1.3	4.2.104	adhikara
3.1.3	4.2.105	adhikara
3.1.3	4.2.106	adhikara
3.1.3	4.2.107	adhikara
3.1.3	4.2.108	adhikara
3.1.3	4.2.109	adhikara
3.1.3	4.2.110	adhikara
3.1.3	4.2.111	adhikara
3.1.3	4.2.112	adhikara
3.1.3	4.2.113	adhikara
3.1.3	4.2.114	adhikara
3.1.3	4.2.115	adhikara
3.1.3	4.2.116	adhikara
3.1.3	4.2.117	adhikara
3.1.3	4.2.118	adhikara
3.1.3	4.2.119	adhikara
3.1.3	4.2.120	adhikara
3.1.3	4.2.121	adhikara
3.1.3	4.2.122	adhikara
3.1.3	4.2.123	adhikara
3.1.3	4.2.124	adhikara
3.1.3	4.2.125	adhikara
3.1.3	4.2.126	adhikara
3.1.3	4.2.127	adhikara
3.1.3	4.2.128	adhikara
3.1.3	4.2.129	adhikara
3.1.3	4.2.130	adhikara
3.1.3	4.2.131	adhikara
3.1.3	4.2.132	adhikara
3.1.3	4.2.133	adhikara
3.1.3	4.2.134	adhikara
3.1.3	4.2.135	adhikara
3.1.3	4.2.136	adhikara
3.1.3	4.2.137	adhikara
3.1.3	4.2.138	adhikara
3.1.3	4.2.139	adhikara
3.1.3	4.2.140	adhikara
3.1.3	4.2.141	adhikara
3.1.3	4.2.142	adhikara
3.1.3	4.2.143	adhikara
3.1.3	4.2.144	adhikara
3.1.3	4.2.145	adhikara
3.1.3	4.3.1	adhikara
3.1.3	4.3.2	adhikara
3.1.3	4.3.3	adhikara
3.1.3	4.3.4	adhikara
3.1.3	4.3.5	adhikara
3.1.3	4.3.6	adhikara
3.1.3	4.3.7	adhikara
3.1.3	4.3.8	adhikara
3.1.3	4.3.9	adhikara
3.1.3	4.3.10	adhikara
3.1.3	4.3.11	adhikara
3.1.3	4.3.12	adhikara
3.1.3	4.3.13	adhikara
3.1.3	4.3.14	adhikara
3.1.3	4.3.15	adhikara
3.1.3	4.3.16	adhikara
3.1.3	4.3.17	adhikara
3.1.3	4.3.18	adhikara
3.1.3	4.3.19	adhikara
3.1.3	4.3.20	adhikara
3.1.3	4.3.21	adhikara
3.1.3	4.3.22	adhikara
3.1.3	4.3.23	adhikara
3.1.3	4.3.24	adhikara
3.1.3	4.3.25	adhikara
3.1.3	4.3.26	adhikara
3.1.3	4.3.27	adhikara
3.1.3	4.3.28	adhikara
3.1.3	4.3.29	adhikara
3.1.3	4.3.30	adhikara
3.1.3	4.3.31	adhikara
3.1.3	4.3.32	adhikara
3.1.3	4.3.33	adhikara
3.1.3	4.3.34	adhikara
3.1.3	4.3.35	adhikara
3.1.3	4.3.36	adhikara
3.1.3	4.3.37	adhikara
3.1.3	4.3.38	adhikara
3.1.3	4.3.39	adhikara
3.1.3	4.3.40	adhikara
3.1.3	4.3.41	adhikara
3.1.3	4.3.42	adhikara
3.1.3	4.3.43	adhikara
3.1.3	4.3.44	adhikara
3.1.3	4.3.45	adhikara
3.1.3	4.3.46	adhikara
3.1.3	4.3.47	adhikara
3.1.3	4.3.48	adhikara
3.1.3	4.3.49	adhikara
3.1.3	4.3.50	adhikara
3.1.3	4.3.51	adhikara
3.1.3	4.3.52	adhikara
3.1.3	4.3.53	adhikara
3.1.3	4.3.54	adhikara
3.1.3	4.3.55	adhikara
3.1.3	4.3.56	adhikara
3.1.3	4.3.57	adhikara
3.1.3	4.3.58	adhikara
3.1.3	4.3.59	adhikara
3.1.3	4.3.60	adhikara
3.1.3	4.3.61	adhikara
3.1.3	4.3.62	adhikara
3.1.3	4.3.63	adhikara
3.1.3	4.3.64	adhikara
3.1.3	4.3.65	adhikara
3.1.3	4.3.66	adhikara
3.1.3	4.3.67	adhikara
3.1.3	4.3.68	adhikara
3.1.3	4.3.69	adhikara
3.1.3	4.3.70	adhikara
3.1.3	4.3.71	adhikara
3.1.3	4.3.72	adhikara
3.1.3	4.3.73	adhikara
3.1.3	4.3.74	adhikara
3.1.3	4.3.75	adhikara
3.1.3	4.3.76	adhikara
3.1.3	4.3.77	adhikara
3.1.3	4.3.78	adhikara
3.1.3	4.3.79	adhikara
3.1.3	4.3.80	adhikara
3.1.3	4.3.81	adhikara
3.1.3	4.3.82	adhikara
3.1.3	4.3.83	adhikara
3.1.3	4.3.84	adhikara
3.1.3	4.3.85	adhikara
3.1.3	4.3.86	adhikara
3.1.3	4.3.87	adhikara
3.1.3	4.3.88	adhikara
3.1.3	4.3.89	adhikara
3.1.3	4.3.90	adhikara
3.1.3	4.3.91	adhikara
3.1.3	4.3.92	adhikara
3.1.3	4.3.93	adhikara
3.1.3	4.3.94	adhikara
3.1.3	4.3.95	adhikara
3.1.3	4.3.96	adhikara
3.1.3	4.3.97	adhikara
3.1.3	4.3.98	adhikara
3.1.3	4.3.99	adhikara
3.1.3	4.3.100	adhikara
3.1.3	4.3.101	adhikara
3.1.3	4.3.102	adhikara
3.1.3	4.3.103	adhikara
3.1.3	4.3.104	adhikara
3.1.3	4.3.105	adhikara
3.1.3	4.3.106	adhikara
3.1.3	4.3.107	adhikara
3.1.3	4.3.108	adhikara
3.1.3	4.3.109	adhikara
3.1.3	4.3.110	adhikara
3.1.3	4.3.111	adhikara
3.1.3	4.3.112	adhikara
3.1.3	4.3.113	adhikara
3.1.3	4.3.114	adhikara
3.1.3	4.3.115	adhikara
3.1.3	4.3.116	adhikara
3.1.3	4.3.117	adhikara
3.1.3	4.3.118	adhikara
3.1.3	4.3.119	adhikara
3.1.3	4.3.120	adhikara
3.1.3	4.3.121	adhikara
3.1.3	4.3.122	adhikara
3.1.3	4.3.123	adhikara
3.1.3	4.3.124	adhikara
3.1.3	4.3.125	adhikara
3.1.3	4.3.126	adhikara
3.1.3	4.3.127	adhikara
3.1.3	4.3.128	adhikara
3.1.3	4.3.129	adhikara
3.1.3	4.3.130	adhikara
3.1.3	4.3.131	adhikara
3.1.3	4.3.132	adhikara
3.1.3	4.3.133	adhikara
3.1.3	4.3.134	adhikara
3.1.3	4.3.135	adhikara
3.1.3	4.3.136	adhikara
3.1.3	4.3.137	adhikara
3.1.3	4.3.138	adhikara
3.1.3	4.3.139	adhikara
3.1.3	4.3.140	adhikara
3.1.3	4.3.141	adhikara
3.1.3	4.3.142	adhikara
3.1.3	4.3.143	adhikara
3.1.3	4.3.144	adhikara
3.1.3	4.3.145	adhikara
3.1.3	4.3.146	adhikara
3.1.3	4.3.147	adhikara
3.1.3	4.3.148	adhikara
3.1.3	4.3.149	adhikara
3.1.3	4.3.150	adhikara
3.1.3	4.3.151	adhikara
3.1.3	4.3.152	adhikara
3.1.3	4.3.153	adhikara
3.1.3	4.3.154	adhikara
3.1.3	4.3.155	adhikara
3.1.3	4.3.156	adhikara
3.1.3	4.3.157	adhikara
3.1.3	4.3.158	adhikara
3.1.3	4.3.159	adhikara
3.1.3	4.3.160	adhikara
3.1.3	4.3.161	adhikara
3.1.3	4.3.162	adhikara
3.1.3	4.3.163	adhikara
3.1.3	4.3.164	adhikara
3.1.3	4.3.165	adhikara
3.1.3	4.3.166	adhikara
3.1.3	4.3.167	adhikara
3.1.3	4.3.168	adhikara
3.1.3	4.4.1	adhikara
3.1.3	4.4.2	adhikara
3.1.3	4.4.3	adhikara
3.1.3	4.4.4	adhikara
3.1.3	4.4.5	adhikara
3.1.3	4.4.6	adhikara
3.1.3	4.4.7	adhikara
3.1.3	4.4.8	adhikara
3.1.3	4.4.9	adhikara
3.1.3	4.4.10	adhikara
3.1.3	4.4.11	adhikara
3.1.3	4.4.12	adhikara
3.1.3	4.4.13	adhikara
3.1.3	4.4.14	adhikara
3.1.3	4.4.15	adhikara
3.1.3	4.4.16	adhikara
3.1.3	4.4.17	adhikara
3.1.3	4.4.18	adhikara
3.1.3	4.4.19	adhikara
3.1.3	4.4.20	adhikara
3.1.3	4.4.21	adhikara
3.1.3	4.4.22	adhikara
3.1.3	4.4.23	adhikara
3.1.3	4.4.24	adhikara
3.1.3	4.4.25	adhikara
3.1.3	4.4.26	adhikara
3.1.3	4.4.27	adhikara
3.1.3	4.4.28	adhikara
3.1.3	4.4.29	adhikara
3.1.3	4.4.30	adhikara
3.1.3	4.4.31	adhikara
3.1.3	4.4.32	adhikara
3.1.3	4.4.33	adhikara
3.1.3	4.4.34	adhikara
3.1.3	4.4.35	adhikara
3.1.3	4.4.36	adhikara
3.1.3	4.4.37	adhikara
3.1.3	4.4.38	adhikara
3.1.3	4.4.39	adhikara
3.1.3	4.4.40	adhikara
3.1.3	4.4.41	adhikara
3.1.3	4.4.42	adhikara
3.1.3	4.4.43	adhikara
3.1.3	4.4.44	adhikara
3.1.3	4.4.45	adhikara
3.1.3	4.4.46	adhikara
3.1.3	4.4.47	adhikara
3.1.3	4.4.48	adhikara
3.1.3	4.4.49	adhikara
3.1.3	4.4.50	adhikara
3.1.3	4.4.51	adhikara
3.1.3	4.4.52	adhikara
3.1.3	4.4.53	adhikara
3.1.3	4.4.54	adhikara
3.1.3	4.4.55	adhikara
3.1.3	4.4.56	adhikara
3.1.3	4.4.57	adhikara
3.1.3	4.4.58	adhikara
3.1.3	4.4.59	adhikara
3.1.3	4.4.60	adhikara
3.1.3	4.4.61	adhikara
3.1.3	4.4.62	adhikara
3.1.3	4.4.63	adhikara
3.1.3	4.4.64	adhikara
3.1.3	4.4.65	adhikara
3.1.3	4.4.66	adhikara
3.1.3	4.4.67	adhikara
3.1.3	4.4.68	adhikara
3.1.3	4.4.69	adhikara
3.1.3	4.4.70	adhikara
3.1.3	4.4.71	adhikara
3.1.3	4.4.72	adhikara
3.1.3	4.4.73	adhikara
3.1.3	4.4.74	adhikara
3.1.3	4.4.75	adhikara
3.1.3	4.4.76	adhikara
3.1.3	4.4.77	adhikara
3.1.3	4.4.78	adhikara
3.1.3	4.4.79	adhikara
3.1.3	4.4.80	adhikara
3.1.3	4.4.81	adhikara
3.1.3	4.4.82	adhikara
3.1.3	4.4.83	adhikara
3.1.3	4.4.84	adhikara
3.1.3	4.4.85	adhikara
3.1.3	4.4.86	adhikara
3.1.3	4.4.87	adhikara
3.1.3	4.4.88	adhikara
3.1.3	4.4.89	adhikara
3.1.3	4.4.90	adhikara
3.1.3	4.4.91	adhikara
3.1.3	4.4.92	adhikara
3.1.3	4.4.93	adhikara
3.1.3	4.4.94	adhikara
3.1.3	4.4.95	adhikara
3.1.3	4.4.96	adhikara
3.1.3	4.4.97	adhikara
3.1.3	4.4.98	adhikara
3.1.3	4.4.99	adhikara
3.1.3	4.4.100	adhikara
3.1.3	4.4.101	adhikara
3.1.3	4.4.102	adhikara
3.1.3	4.4.103	adhikara
3.1.3	4.4.104	adhikara
3.1.3	4.4.105	adhikara
3.1.3	4.4.106	adhikara
3.1.3	4.4.107	adhikara
3.1.3	4.4.108	adhikara
3.1.3	4.4.109	adhikara
3.1.3	4.4.110	adhikara
3.1.3	4.4.111	adhikara
3.1.3	4.4.112	adhikara
3.1.3	4.4.113	adhikara
3.1.3	4.4.114	adhikara
3.1.3	4.4.115	adhikara
3.1.3	4.4.116	adhikara
3.1.3	4.4.117	adhikara
3.1.3	4.4.118	adhikara
3.1.3	4.4.119	adhikara
3.1.3	4.4.120	adhikara
3.1.3	4.4.121	adhikara
3.1.3	4.4.122	adhikara
3.1.3	4.4.123	adhikara
3.1.3	4.4.124	adhikara
3.1.3	4.4.125	adhikara
3.1.3	4.4.126	adhikara
3.1.3	4.4.127	adhikara
3.1.3	4.4.128	adhikara
3.1.3	4.4.129	adhikara
3.1.3	4.4.130	adhikara
3.1.3	4.4.131	adhikara
3.1.3	4.4.132	adhikara
3.1.3	4.4.133	adhikara
3.1.3	4.4.134	adhikara
3.1.3	4.4.135	adhikara
3.1.3	4.4.136	adhikara
3.1.3	4.4.137	adhikara
3.1.3	4.4.138	adhikara
3.1.3	4.4.139	adhikara
3.1.3	4.4.140	adhikara
3.1.3	4.4.141	adhikara
3.1.3	4.4.142	adhikara
3.1.3	4.4.143	adhikara
3.1.3	4.4.144	adhikara
3.1.3	5.1.1	adhikara
3.1.3	5.1.2	adhikara
3.1.3	5.1.3	adhikara
3.1.3	5.1.4	adhikara
3.1.3	5.1.5	adhikara
3.1.3	5.1.6	adhikara
3.1.3	5.1.7	adhikara
3.1.3	5.1.8	adhikara
3.1.3	5.1.9	adhikara
3.1.3	5.1.10	adhikara
3.1.3	5.1.11	adhikara
3.1.3	5.1.12	adhikara
3.1.3	5.1.13	adhikara
3.1.3	5.1.14	adhikara
3.1.3	5.1.15	adhikara
3.1.3	5.1.16	adhikara
3.1.3	5.1.17	adhikara
3.1.3	5.1.18	adhikara
3.1.3	5.1.19	adhikara
3.1.3	5.1.20	adhikara
3.1.3	5.1.21	adhikara
3.1.3	5.1.22	adhikara
3.1.3	5.1.23	adhikara
3.1.3	5.1.24	adhikara
3.1.3	5.1.25	adhikara
3.1.3	5.1.26	adhikara
3.1.3	5.1.27	adhikara
3.1.3	5.1.28	adhikara
3.1.3	5.1.29	adhikara
3.1.3	5.1.30	adhikara
3.1.3	5.1.31	adhikara
3.1.3	5.1.32	adhikara
3.1.3	5.1.33	adhikara
3.1.3	5.1.34	adhikara
3.1.3	5.1.35	adhikara
3.1.3	5.1.36	adhikara
3.1.3	5.1.37	adhikara
3.1.3	5.1.38	adhikara
3.1.3	5.1.39	adhikara
3.1.3	5.1.40	adhikara
3.1.3	5.1.41	adhikara
3.1.3	5.1.42	adhikara
3.1.3	5.1.43	adhikara
3.1.3	5.1.44	adhikara
3.1.3	5.1.45	adhikara
3.1.3	5.1.46	adhikara
3.1.3	5.1.47	adhikara
3.1.3	5.1.48	adhikara
3.1.3	5.1.49	adhikara
3.1.3	5.1.50	adhikara
3.1.3	5.1.51	adhikara
3.1.3	5.1.52	adhikara
3.1.3	5.1.53	adhikara
3.1.3	5.1.54	adhikara
3.1.3	5.1.55	adhikara
3.1.3	5.1.56	adhikara
3.1.3	5.1.57	adhikara
3.1.3	5.1.58	adhikara
3.1.3	5.1.59	adhikara
3.1.3	5.1.60	adhikara
3.1.3	5.1.61	adhikara
3.1.3	5.1.62	adhikara
3.1.3	5.1.63	adhikara
3.1.3	5.1.64	adhikara
3.1.3	5.1.65	adhikara
3.1.3	5.1.66	adhikara
3.1.3	5.1.67	adhikara
3.1.3	5.1.68	adhikara
3.1.3	5.1.69	adhikara
3.1.3	5.1.70	adhikara
3.1.3	5.1.71	adhikara
3.1.3	5.1.72	adhikara
3.1.3	5.1.73	adhikara
3.1.3	5.1.74	adhikara
3.1.3	5.1.75	adhikara
3.1.3	5.1.76	adhikara
3.1.3	5.1.77	adhikara
3.1.3	5.1.78	adhikara
3.1.3	5.1.79	adhikara
3.1.3	5.1.80	adhikara
3.1.3	5.1.81	adhikara
3.1.3	5.1.82	adhikara
3.1.3	5.1.83	adhikara
3.1.3	5.1.84	adhikara
3.1.3	5.1.85	adhikara
3.1.3	5.1.86	adhikara
3.1.3	5.1.87	adhikara
3.1.3	5.1.88	adhikara
3.1.3	5.1.89	adhikara
3.1.3	5.1.90	adhikara
3.1.3	5.1.91	adhikara
3.1.3	5.1.92	adhikara
3.1.3	5.1.93	adhikara
3.1.3	5.1.94	adhikara
3.1.3	5.1.95	adhikara
3.1.3	5.1.96	adhikara
3.1.3	5.1.97	adhikara
3.1.3	5.1.98	adhikara
3.1.3	5.1.99	adhikara
3.1.3	5.1.100	adhikara
3.1.3	5.1.101	adhikara
3.1.3	5.1.102	adhikara
3.1.3	5.1.103	adhikara
3.1.3	5.1.104	adhikara
3.1.3	5.1.105	adhikara
3.1.3	5.1.106	adhikara
3.1.3	5.1.107	adhikara
3.1.3	5.1.108	adhikara
3.1.3	5.1.109	adhikara
3.1.3	5.1.110	adhikara
3.1.3	5.1.111	adhikara
3.1.3	5.1.112	adhikara
3.1.3	5.1.113	adhikara
3.1.3	5.1.114	adhikara
3.1.3	5.1.115	adhikara
3.1.3	5.1.116	adhikara
3.1.3	5.1.117	adhikara
3.1.3	5.1.118	adhikara
3.1.3	5.1.119	adhikara
3.1.3	5.1.120	adhikara
3.1.3	5.1.121	adhikara
3.1.3	5.1.122	adhikara
3.1.3	5.1.123	adhikara
3.1.3	5.1.124	adhikara
3.1.3	5.1.125	adhikara
3.1.3	5.1.126	adhikara
3.1.3	5.1.127	adhikara
3.1.3	5.1.128	adhikara
3.1.3	5.1.129	adhikara
3.1.3	5.1.130	adhikara
3.1.3	5.1.131	adhikara
3.1.3	5.1.132	adhikara
3.1.3	5.1.133	adhikara
3.1.3	5.1.134	adhikara
3.1.3	5.1.135	adhikara
3.1.3	5.1.136	adhikara
3.1.3	5.2.1	adhikara
3.1.3	5.2.2	adhikara
3.1.3	5.2.3	adhikara
3.1.3	5.2.4	adhikara
3.1.3	5.2.5	adhikara
3.1.3	5.2.6	adhikara
3.1.3	5.2.7	adhikara
3.1.3	5.2.8	adhikara
3.1.3	5.2.9	adhikara
3.1.3	5.2.10	adhikara
3.1.3	5.2.11	adhikara
3.1.3	5.2.12	adhikara
3.1.3	5.2.13	adhikara
3.1.3	5.2.14	adhikara
3.1.3	5.2.15	adhikara
3.1.3	5.2.16	adhikara
3.1.3	5.2.17	adhikara
3.1.3	5.2.18	adhikara
3.1.3	5.2.19	adhikara
3.1.3	5.2.20	adhikara
3.1.3	5.2.21	adhikara
3.1.3	5.2.22	adhikara
3.1.3	5.2.23	adhikara
3.1.3	5.2.24	adhikara
3.1.3	5.2.25	adhikara
3.1.3	5.2.26	adhikara
3.1.3	5.2.27	adhikara
3.1.3	5.2.28	adhikara
3.1.3	5.2.29	adhikara
3.1.3	5.2.30	adhikara
3.1.3	5.2.31	adhikara
3.1.3	5.2.32	adhikara
3.1.3	5.2.33	adhikara
3.1.3	5.2.34	adhikara
3.1.3	5.2.35	adhikara
3.1.3	5.2.36	adhikara
3.1.3	5.2.37	adhikara
3.1.3	5.2.38	adhikara
3.1.3	5.2.39	adhikara
3.1.3	5.2.40	adhikara
3.1.3	5.2.41	adhikara
3.1.3	5.2.42	adhikara
3.1.3	5.2.43	adhikara
3.1.3	5.2.44	adhikara
3.1.3	5.2.45	adhikara
3.1.3	5.2.46	adhikara
3.1.3	5.2.47	adhikara
3.1.3	5.2.48	adhikara
3.1.3	5.2.49	adhikara
3.1.3	5.2.50	adhikara
3.1.3	5.2.51	adhikara
3.1.3	5.2.52	adhikara
3.1.3	5.2.53	adhikara
3.1.3	5.2.54	adhikara
3.1.3	5.2.55	adhikara
3.1.3	5.2.56	adhikara
3.1.3	5.2.57	adhikara
3.1.3	5.2.58	adhikara
3.1.3	5.2.59	adhikara
3.1.3	5.2.60	adhikara
3.1.3	5.2.61	adhikara
3.1.3	5.2.62	adhikara
3.1.3	5.2.63	adhikara
3.1.3	5.2.64	adhikara
3.1.3	5.2.65	adhikara
3.1.3	5.2.66	adhikara
3.1.3	5.2.67	adhikara
3.1.3	5.2.68	adhikara
3.1.3	5.2.69	adhikara
3.1.3	5.2.70	adhikara
3.1.3	5.2.71	adhikara
3.1.3	5.2.72	adhikara
3.1.3	5.2.73	adhikara
3.1.3	5.2.74	adhikara
3.1.3	5.2.75	adhikara
3.1.3	5.2.76	adhikara
3.1.3	5.2.77	adhikara
3.1.3	5.2.78	adhikara
3.1.3	5.2.79	adhikara
3.1.3	5.2.80	adhikara
3.1.3	5.2.81	adhikara
3.1.3	5.2.82	adhikara
3.1.3	5.2.83	adhikara
3.1.3	5.2.84	adhikara
3.1.3	5.2.85	adhikara
3.1.3	5.2.86	adhikara
3.1.3	5.2.87	adhikara
3.1.3	5.2.88	adhikara
3.1.3	5.2.89	adhikara
3.1.3	5.2.90	adhikara
3.1.3	5.2.91	adhikara
3.1.3	5.2.92	adhikara
3.1.3	5.2.93	adhikara
3.1.3	5.2.94	adhikara
3.1.3	5.2.95	adhikara
3.1.3	5.2.96	adhikara
3.1.3	5.2.97	adhikara
3.1.3	5.2.98	adhikara
3.1.3	5.2.99	adhikara
3.1.3	5.2.100	adhikara
3.1.3	5.2.101	adhikara
3.1.3	5.2.102	adhikara
3.1.3	5.2.103	adhikara
3.1.3	5.2.104	adhikara
3.1.3	5.2.105	adhikara
3.1.3	5.2.106	adhikara
3.1.3	5.2.107	adhikara
3.1.3	5.2.108	adhikara
3.1.3	5.2.109	adhikara
3.1.3	5.2.110	adhikara
3.1.3	5.2.111	adhikara
3.1.3	5.2.112	adhikara
3.1.3	5.2.113	adhikara
3.1.3	5.2.114	adhikara
3.1.3	5.2.115	adhikara
3.1.3	5.2.116	adhikara
3.1.3	5.2.117	adhikara
3.1.3	5.2.118	adhikara
3.1.3	5.2.119	adhikara
3.1.3	5.2.120	adhikara
3.1.3	5.2.121	adhikara
3.1.3	5.2.122	adhikara
3.1.3	5.2.123	adhikara
3.1.3	5.2.124	adhikara
3.1.3	5.2.125	adhikara
3.1.3	5.2.126	adhikara
3.1.3	5.2.127	adhikara
3.1.3	5.2.128	adhikara
3.1.3	5.2.129	adhikara
3.1.3	5.2.130	adhikara
3.1.3	5.2.131	adhikara
3.1.3	5.2.132	adhikara
3.1.3	5.2.133	adhikara
3.1.3	5.2.134	adhikara
3.1.3	5.2.135	adhikara
3.1.3	5.2.136	adhikara
3.1.3	5.2.137	adhikara
3.1.3	5.2.138	adhikara
3.1.3	5.2.139	adhikara
3.1.3	5.2.140	adhikara
3.1.3	5.3.1	adhikara
3.1.3	5.3.2	adhikara
3.1.3	5.3.3	adhikara
3.1.3	5.3.4	adhikara
3.1.3	5.3.5	adhikara
3.1.3	5.3.6	adhikara
3.1.3	5.3.7	adhikara
3.1.3	5.3.8	adhikara
3.1.3	5.3.9	adhikara
3.1.3	5.3.10	adhikara
3.1.3	5.3.11	adhikara
3.1.3	5.3.12	adhikara
3.1.3	5.3.13	adhikara
3.1.3	5.3.14	adhikara
3.1.3	5.3.15	adhikara
3.1.3	5.3.16	adhikara
3.1.3	5.3.17	adhikara
3.1.3	5.3.18	adhikara
3.1.3	5.3.19	adhikara
3.1.3	5.3.20	adhikara
3.1.3	5.3.21	adhikara
3.1.3	5.3.22	adhikara
3.1.3	5.3.23	adhikara
3.1.3	5.3.24	adhikara
3.1.3	5.3.25	adhikara
3.1.3	5.3.26	adhikara
3.1.3	5.3.27	adhikara
3.1.3	5.3.28	adhikara
3.1.3	5.3.29	adhikara
3.1.3	5.3.30	adhikara
3.1.3	5.3.31	adhikara
3.1.3	5.3.32	adhikara
3.1.3	5.3.33	adhikara
3.1.3	5.3.34	adhikara
3.1.3	5.3.35	adhikara
3.1.3	5.3.36	adhikara
3.1.3	5.3.37	adhikara
3.1.3	5.3.38	adhikara
3.1.3	5.3.39	adhikara
3.1.3	5.3.40	adhikara
3.1.3	5.3.41	adhikara
3.1.3	5.3.42	adhikara
3.1.3	5.3.43	adhikara
3.1.3	5.3.44	adhikara
3.1.3	5.3.45	adhikara
3.1.3	5.3.46	adhikara
3.1.3	5.3.47	adhikara
3.1.3	5.3.48	adhikara
3.1.3	5.3.49	adhikara
3.1.3	5.3.50	adhikara
3.1.3	5.3.51	adhikara
3.1.3	5.3.52	adhikara
3.1.3	5.3.53	adhikara
3.1.3	5.3.54	adhikara
3.1.3	5.3.55	adhikara
3.1.3	5.3.56	adhikara
3.1.3	5.3.57	adhikara
3.1.3	5.3.58	adhikara
3.1.3	5.3.59	adhikara
3.1.3	5.3.60	adhikara
3.1.3	5.3.61	adhikara
3.1.3	5.3.62	adhikara
3.1.3	5.3.63	adhikara
3.1.3	5.3.64	adhikara
3.1.3	5.3.65	adhikara
3.1.3	5.3.66	adhikara
3.1.3	5.3.67	adhikara
3.1.3	5.3.68	adhikara
3.1.3	5.3.69	adhikara
3.1.3	5.3.70	adhikara
3.1.3	5.3.71	adhikara
3.1.3	5.3.72	adhikara
3.1.3	5.3.73	adhikara
3.1.3	5.3.74	adhikara
3.1.3	5.3.75	adhikara
3.1.3	5.3.76	adhikara
3.1.3	5.3.77	adhikara
3.1.3	5.3.78	adhikara
3.1.3	5.3.79	adhikara
3.1.3	5.3.80	adhikara
3.1.3	5.3.81	adhikara
3.1.3	5.3.82	adhikara
3.1.3	5.3.83	adhikara
3.1.3	5.3.84	adhikara
3.1.3	5.3.85	adhikara
3.1.3	5.3.86	adhikara
3.1.3	5.3.87	adhikara
3.1.3	5.3.88	adhikara
3.1.3	5.3.89	adhikara
3.1.3	5.3.90	adhikara
3.1.3	5.3.91	adhikara
3.1.3	5.3.92	adhikara
3.1.3	5.3.93	adhikara
3.1.3	5.3.94	adhikara
3.1.3	5.3.95	adhikara
3.1.3	5.3.96	adhikara
3.1.3	5.3.97	adhikara
3.1.3	5.3.98	adhikara
3.1.3	5.3.99	adhikara
3.1.3	5.3.100	adhikara
3.1.3	5.3.101	adhikara
3.1.3	5.3.102	adhikara
3.1.3	5.3.103	adhikara
3.1.3	5.3.104	adhikara
3.1.3	5.3.105	adhikara
3.1.3	5.3.106	adhikara
3.1.3	5.3.107	adhikara
3.1.3	5.3.108	adhikara
3.1.3	5.3.109	adhikara
3.1.3	5.3.110	adhikara
3.1.3	5.3.111	adhikara
3.1.3	5.3.112	adhikara
3.1.3	5.3.113	adhikara
3.1.3	5.3.114	adhikara
3.1.3	5.3.115	adhikara
3.1.3	5.3.116	adhikara
3.1.3	5.3.117	adhikara
3.1.3	5.3.118	adhikara
3.1.3	5.3.119	adhikara
3.1.3	5.4.1	adhikara
3.1.3	5.4.2	adhikara
3.1.3	5.4.3	adhikara
3.1.3	5.4.4	adhikara
3.1.3	5.4.5	adhikara
3.1.3	5.4.6	adhikara
3.1.3	5.4.7	adhikara
3.1.3	5.4.8	adhikara
3.1.3	5.4.9	adhikara
3.1.3	5.4.10	adhikara
3.1.3	5.4.11	adhikara
3.1.3	5.4.12	adhikara
3.1.3	5.4.13	adhikara
3.1.3	5.4.14	adhikara
3.1.3	5.4.15	adhikara
3.1.3	5.4.16	adhikara
3.1.3	5.4.17	adhikara
3.1.3	5.4.18	adhikara
3.1.3	5.4.19	adhikara
3.1.3	5.4.20	adhikara
3.1.3	5.4.21	adhikara
3.1.3	5.4.22	adhikara
3.1.3	5.4.23	adhikara
3.1.3	5.4.24	adhikara
3.1.3	5.4.25	adhikara
3.1.3	5.4.26	adhikara
3.1.3	5.4.27	adhikara
3.1.3	5.4.28	adhikara
3.1.3	5.4.29	adhikara
3.1.3	5.4.30	adhikara
3.1.3	5.4.31	adhikara
3.1.3	5.4.32	adhikara
3.1.3	5.4.33	adhikara
3.1.3	5.4.34	adhikara
3.1.3	5.4.35	adhikara
3.1.3	5.4.36	adhikara
3.1.3	5.4.37	adhikara
3.1.3	5.4.38	adhikara
3.1.3	5.4.39	adhikara
3.1.3	5.4.40	adhikara
3.1.3	5.4.41	adhikara
3.1.3	5.4.42	adhikara
3.1.3	5.4.43	adhikara
3.1.3	5.4.44	adhikara
3.1.3	5.4.45	adhikara
3.1.3	5.4.46	adhikara
3.1.3	5.4.47	adhikara
3.1.3	5.4.48	adhikara
3.1.3	5.4.49	adhikara
3.1.3	5.4.50	adhikara
3.1.3	5.4.51	adhikara
3.1.3	5.4.52	adhikara
3.1.3	5.4.53	adhikara
3.1.3	5.4.54	adhikara
3.1.3	5.4.55	adhikara
3.1.3	5.4.56	adhikara
3.1.3	5.4.57	adhikara
3.1.3	5.4.58	adhikara
3.1.3	5.4.59	adhikara
3.1.3	5.4.60	adhikara
3.1.3	5.4.61	adhikara
3.1.3	5.4.62	adhikara
3.1.3	5.4.63	adhikara
3.1.3	5.4.64	adhikara
3.1.3	5.4.65	adhikara
3.1.3	5.4.66	adhikara
3.1.3	5.4.67	adhikara
3.1.3	5.4.68	adhikara
3.1.3	5.4.69	adhikara
3.1.3	5.4.70	adhikara
3.1.3	5.4.71	adhikara
3.1.3	5.4.72	adhikara
3.1.3	5.4.73	adhikara
3.1.3	5.4.74	adhikara
3.1.3	5.4.75	adhikara
3.1.3	5.4.76	adhikara
3.1.3	5.4.77	adhikara
3.1.3	5.4.78	adhikara
3.1.3	5.4.79	adhikara
3.1.3	5.4.80	adhikara
3.1.3	5.4.81	adhikara
3.1.3	5.4.82	adhikara
3.1.3	5.4.83	adhikara
3.1.3	5.4.84	adhikara
3.1.3	5.4.85	adhikara
3.1.3	5.4.86	adhikara
3.1.3	5.4.87	adhikara
3.1.3	5.4.88	adhikara
3.1.3	5.4.89	adhikara
3.1.3	5.4.90	adhikara
3.1.3	5.4.91	adhikara
3.1.3	5.4.92	adhikara
3.1.3	5.4.93	adhikara
3.1.3	5.4.94	adhikara
3.1.3	5.4.95	adhikara
3.1.3	5.4.96	adhikara
3.1.3	5.4.97	adhikara
3.1.3	5.4.98	adhikara
3.1.3	5.4.99	adhikara
3.1.3	5.4.100	adhikara
3.1.3	5.4.101	adhikara
3.1.3	5.4.102	adhikara
3.1.3	5.4.103	adhikara
3.1.3	5.4.104	adhikara
3.1.3	5.4.105	adhikara
3.1.3	5.4.106	adhikara
3.1.3	5.4.107	adhikara
3.1.3	5.4.108	adhikara
3.1.3	5.4.109	adhikara
3.1.3	5.4.110	adhikara
3.1.3	5.4.111	adhikara
3.1.3	5.4.112	adhikara
3.1.3	5.4.113	adhikara
3.1.3	5.4.114	adhikara
3.1.3	5.4.115	adhikara
3.1.3	5.4.116	adhikara
3.1.3	5.4.117	adhikara
3.1.3	5.4.118	adhikara
3.1.3	5.4.119	adhikara
3.1.3	5.4.120	adhikara
3.1.3	5.4.121	adhikara
3.1.3	5.4.122	adhikara
3.1.3	5.4.123	adhikara
3.1.3	5.4.124	adhikara
3.1.3	5.4.125	adhikara
3.1.3	5.4.126	adhikara
3.1.3	5.4.127	adhikara
3.1.3	5.4.128	adhikara
3.1.3	5.4.129	adhikara
3.1.3	5.4.130	adhikara
3.1.3	5.4.131	adhikara
3.1.3	5.4.132	adhikara
3.1.3	5.4.133	adhikara
3.1.3	5.4.134	adhikara
3.1.3	5.4.135	adhikara
3.1.3	5.4.136	adhikara
3.1.3	5.4.137	adhikara
3.1.3	5.4.138	adhikara
3.1.3	5.4.139	adhikara
3.1.3	5.4.140	adhikara
3.1.3	5.4.141	adhikara
3.1.3	5.4.142	adhikara
3.1.3	5.4.143	adhikara
3.1.3	5.4.144	adhikara
3.1.3	5.4.145	adhikara
3.1.3	5.4.146	adhikara
3.1.3	5.4.147	adhikara
3.1.3	5.4.148	adhikara
3.1.3	5.4.149	adhikara
3.1.3	5.4.150	adhikara
3.1.3	5.4.151	adhikara
3.1.3	5.4.152	adhikara
3.1.3	5.4.153	adhikara
3.1.3	5.4.154	adhikara
3.1.3	5.4.155	adhikara
3.1.3	5.4.156	adhikara
3.1.3	5.4.157	adhikara
3.1.3	5.4.158	adhikara
3.1.3	5.4.159	adhikara
3.1.3	5.4.160	adhikara
3.1.5	3.1.6	anuvritti
3.1.5	3.1.7	anuvritti
3.1.7	3.1.8	anuvritti
3.1.7	3.1.9	anuvritti
3.1.7	3.1.10	anuvritti
3.1.7	3.1.11	anuvritti
3.1.7	3.1.12	anuvritti
3.1.7	3.1.13	anuvritti
3.1.7	3.1.14	anuvritti
3.1.7	3.1.15	anuvritti
3.1.7	3.1.16	anuvritti
3.1.7	3.1.17	anuvritti
3.1.7	3.1.18	anuvritti
3.1.7	3.1.19	anuvritti
3.1.7	3.1.20	anuvritti
3.1.7	3.1.21	anuvritti
3.1.7	3.1.22	anuvritti
3.1.8	3.1.9	anuvritti
3.1.8	3.1.10	anuvritti
3.1.8	3.1.11	anuvritti
3.1.10	3.1.11	anuvritti
3.1.11	3.1.12	anuvritti
3.1.11	3.1.13	anuvritti
3.1.11	3.1.14	anuvritti
3.1.11	3.1.15	anuvritti
3.1.11	3.1.16	anuvritti
3.1.11	3.1.17	anuvritti
3.1.11	3.1.18	anuvritti
3.1.12	3.1.13	anuvritti
3.1.15	3.1.16	anuvritti
3.1.15	3.1.17	anuvritti
3.1.15	3.1.18	anuvritti
3.1.15	3.1.19	anuvritti
3.1.15	3.1.20	anuvritti
3.1.17	3.1.18	anuvritti
3.1.17	3.1.19	anuvritti
3.1.17	3.1.20	anuvritti
3.1.17	3.1.21	anuvritti
3.1.22	3.1.23	adhikara
3.1.22	3.1.23	anuvritti
3.1.22	3.1.24	adhikara
3.1.22	3.1.24	anuvritti
3.1.22	3.1.25	adhikara
3.1.22	3.1.26	adhikara
3.1.22	3.1.27	adhikara
3.1.22	3.1.28	adhikara
3.1.22	3.1.29	adhikara
3.1.22	3.1.30	adhikara
3.1.22	3.1.31	adhikara
3.1.22	3.1.32	adhikara
3.1.22	3.1.33	adhikara
3.1.22	3.1.34	adhikara
3.1.22	3.1.35	adhikara
3.1.22	3.1.36	adhikara
3.1.22	3.1.37	adhikara
3.1.22	3.1.38	adhikara
3.1.22	3.1.39	adhikara
3.1.22	3.1.40	adhikara
3.1.22	3.1.41	adhikara
3.1.22	3.1.42	adhikara
3.1.22	3.1.43	adhikara
3.1.22	3.1.44	adhikara
3.1.22	3.1.45	adhikara
3.1.22	3.1.46	adhikara
3.1.22	3.1.47	adhikara
3.1.22	3.1.48	adhikara
3.1.22	3.1.49	adhikara
3.1.22	3.1.50	adhikara
3.1.22	3.1.51	adhikara
3.1.22	3.1.52	adhikara
3.1.22	3.1.53	adhikara
3.1.22	3.1.54	adhikara
3.1.22	3.1.55	adhikara
3.1.22	3.1.56	adhikara
3.1.22	3.1.57	adhikara
3.1.22	3.1.58	adhikara
3.1.22	3.1.59	adhikara
3.1.22	3.1.60	adhikara
3.1.22	3.1.61	adhikara
3.1.22	3.1.62	adhikara
3.1.22	3.1.63	adhikara
3.1.22	3.1.64	adhikara
3.1.22	3.1.65	adhikara
3.1.22	3.1.66	adhikara
3.1.22	3.1.67	adhikara
3.1.22	3.1.68	adhikara
3.1.22	3.1.69	adhikara
3.1.22	3.1.70	adhikara
3.1.22	3.1.71	adhikara
3.1.22	3.1.72	adhikara
3.1.22	3.1.73	adhikara
3.1.22	3.1.74	adhikara
3.1.22	3.1.75	adhikara
3.1.22	3.1.76	adhikara
3.1.22	3.1.77	adhikara
3.1.22	3.1.78	adhikara
3.1.22	3.1.79	adhikara
3.1.22	3.1.80	adhikara
3.1.22	3.1.81	adhikara
3.1.22	3.1.82	adhikara
3.1.22	3.1.83	adhikara
3.1.22	3.1.84	adhikara
3.1.22	3.1.85	adhikara
3.1.22	3.1.86	adhikara
3.1.22	3.1.87	adhikara
3.1.22	3.1.88	adhikara
3.1.22	3.1.89	adhikara
3.1.22	3.1.90	adhikara
3.1.23	3.1.24	anuvritti
3.1.25	3.1.26	anuvritti
3.1.35	3.1.36	anuvritti
3.1.35	3.1.37	anuvritti
3.1.35	3.1.38	anuvritti
3.1.35	3.1.39	anuvritti
3.1.35	3.1.40	anuvritti
3.1.35	3.1.41	anuvritti
3.1.35	3.1.42	anuvritti
3.1.38	3.1.39	anuvritti
3.1.41	3.1.42	anuvritti
3.1.43	3.1.44	anuvritti
3.1.43	3.1.45	anuvritti
3.1.43	3.1.46	anuvritti
3.1.43	3.1.47	anuvritti
3.1.43	3.1.48	anuvritti
3.1.43	3.1.49	anuvritti
3.1.43	3.1.50	anuvritti
3.1.43	3.1.51	anuvritti
3.1.43	3.1.52	anuvritti
3.1.43	3.1.53	anuvritti
3.1.43	3.1.54	anuvritti
3.1.43	3.1.55	anuvritti
3.1.43	3.1.56	anuvritti
3.1.43	3.1.57	anuvritti
3.1.43	3.1.58	anuvritti
3.1.43	3.1.59	anuvritti
3.1.43	3.1.60	anuvritti
3.1.43	3.1.61	anuvritti
3.1.43	3.1.62	anuvritti
3.1.43	3.1.63	anuvritti
3.1.43	3.1.64	anuvritti
3.1.43	3.1.65	anuvritti
3.1.43	3.1.66	anuvritti
3.1.44	3.1.45	anuvritti
3.1.44	3.1.46	anuvritti
3.1.44	3.1.47	anuvritti
3.1.44	3.1.48	anuvritti
3.1.44	3.1.49	anuvritti
3.1.44	3.1.50	anuvritti
3.1.44	3.1.51	anuvritti
3.1.44	3.1.52	anuvritti
3.1.44	3.1.53	anuvritti
3.1.44	3.1.54	anuvritti
3.1.44	3.1.55	anuvritti
3.1.44	3.1.56	anuvritti
3.1.44	3.1.57	anuvritti
3.1.44	3.1.58	anuvritti
3.1.44	3.1.59	anuvritti
3.1.44	3.1.60	anuvritti
3.1.44	3.1.61	anuvritti
3.1.44	3.1.62	anuvritti
3.1.44	3.1.63	anuvritti
3.1.44	3.1.64	anuvritti
3.1.44	3.1.65	anuvritti
3.1.44	3.1.66	anuvritti
3.1.45	3.1.46	anuvritti
3.1.45	3.1.47	anuvritti
3.1.48	3.1.49	anuvritti
3.1.48	3.1.50	anuvritti
3.1.48	3.1.51	anuvritti
3.1.49	3.1.50	anuvritti
3.1.50	3.1.51	anuvritti
3.1.52	3.1.53	anuvritti
3.1.52	3.1.54	anuvritti
3.1.52	3.1.55	anuvritti
3.1.52	3.1.56	anuvritti
3.1.52	3.1.57	anuvritti
3.1.52	3.1.58	anuvritti
3.1.52	3.1.59	anuvritti
3.1.53	3.1.54	anuvritti
3.1.55	3.1.56	anuvritti
3.1.55	3.1.57	anuvritti
3.1.55	3.1.58	anuvritti
3.1.57	3.1.58	anuvritti
3.1.60	3.1.61	anuvritti
3.1.60	3.1.62	anuvritti
3.1.60	3.1.63	anuvritti
3.1.60	3.1.64	anuvritti
3.1.60	3.1.65	anuvritti
3.1.60	3.1.66	anuvritti
3.1.61	3.1.62	anuvritti
3.1.61	3.1.63	anuvritti
3.1.62	3.1.63	anuvritti
3.1.62	3.1.64	anuvritti
3.1.62	3.1.65	anuvritti
3.1.64	3.1.65	anuvritti
3.1.66	3.1.67	anuvritti
3.1.67	3.1.68	anuvritti
3.1.67	3.1.69	anuvritti
3.1.67	3.1.70	anuvritti
3.1.67	3.1.71	anuvritti
3.1.67	3.1.72	anuvritti
3.1.67	3.1.73	anuvritti
3.1.67	3.1.74	anuvritti
3.1.67	3.1.75	anuvritti
3.1.67	3.1.76	anuvritti
3.1.67	3.1.77	anuvritti
3.1.67	3.1.78	anuvritti
3.1.67	3.1.79	anuvritti
3.1.67	3.1.80	anuvritti
3.1.67	3.1.81	anuvritti
3.1.67	3.1.82	anuvritti
3.1.68	3.1.69	anuvritti
3.1.68	3.1.70	anuvritti
3.1.68	3.1.71	anuvritti
3.1.68	3.1.72	anuvritti
3.1.68	3.1.73	anuvritti
3.1.68	3.1.74	anuvritti
3.1.68	3.1.75	anuvritti
3.1.68	3.1.76	anuvritti
3.1.68	3.1.77	anuvritti
3.1.68	3.1.78	anuvritti
3.1.68	3.1.79	anuvritti
3.1.68	3.1.80	anuvritti
3.1.68	3.1.81	anuvritti
3.1.68	3.1.82	anuvritti
3.1.68	3.1.83	anuvritti
3.1.68	3.1.84	anuvritti
3.1.68	3.1.85	anuvritti
3.1.68	3.1.86	anuvritti
3.1.68	3.1.87	anuvritti
3.1.68	3.1.88	anuvritti
3.1.69	3.1.70	anuvritti
3.1.69	3.1.71	anuvritti
3.1.69	3.1.72	anuvritti
3.1.70	3.1.71	anuvritti
3.1.70	3.1.72	anuvritti
3.1.73	3.1.74	anuvritti
3.1.73	3.1.75	anuvritti
3.1.73	3.1.76	anuvritti
3.1.75	3.1.76	anuvritti
3.1.79	3.1.80	anuvritti
3.1.81	3.1.82	anuvritti
3.1.83	3.1.84	anuvritti
3.1.84	3.1.85	anuvritti
3.1.84	3.1.86	anuvritti
3.1.87	3.1.88	anuvritti
3.1.87	3.1.89	anuvritti
3.1.87	3.1.90	anuvritti
3.1.91	3.1.92	adhikara
3.1.91	3.1.93	adhikara
3.1.91	3.1.94	adhikara
3.1.91	3.1.95	adhikara
3.1.91	3.1.96	adhikara
3.1.91	3.1.97	adhikara
3.1.91	3.1.98	adhikara
3.1.91	3.1.99	adhikara
3.1.91	3.1.100	adhikara
3.1.91	3.1.101	adhikara
3.1.91	3.1.102	adhikara
3.1.91	3.1.103	adhikara
3.1.91	3.1.104	adhikara
3.1.91	3.1.105	adhikara
3.1.91	3.1.106	adhikara
3.1.91	3.1.107	adhikara
3.1.91	3.1.108	adhikara
3.1.91	3.1.109	adhikara
3.1.91	3.1.110	adhikara
3.1.91	3.1.111	adhikara
3.1.91	3.1.112	adhikara
3.1.91	3.1.113	adhikara
3.1.91	3.1.114	adhikara
3.1.91	3.1.115	adhikara
3.1.91	3.1.116	adhikara
3.1.91	3.1.117	adhikara
3.1.91	3.1.118	adhikara
3.1.91	3.1.119	adhikara
3.1.91	3.1.120	adhikara
3.1.91	3.1.121	adhikara
3.1.91	3.1.122	adhikara
3.1.91	3.1.123	adhikara
3.1.91	3.1.124	adhikara
3.1.91	3.1.125	adhikara
3.1.91	3.1.126	adhikara
3.1.91	3.1.127	adhikara
3.1.91	3.1.128	adhikara
3.1.91	3.1.129	adhikara
3.1.91	3.1.130	adhikara
3.1.91	3.1.131	adhikara
3.1.91	3.1.132	adhikara
3.1.91	3.1.133	adhikara
3.1.91	3.1.134	adhikara
3.1.91	3.1.135	adhikara
3.1.91	3.1.136	adhikara
3.1.91	3.1.137	adhikara
3.1.91	3.1.138	adhikara
3.1.91	3.1.139	adhikara
3.1.91	3.1.140	adhikara
3.1.91	3.1.141	adhikara
3.1.91	3.1.142	adhikara
3.1.91	3.1.143	adhikara
3.1.91	3.1.144	adhikara
3.1.91	3.1.145	adhikara
3.1.91	3.1.146	adhikara
3.1.91	3.1.147	adhikara
3.1.91	3.1.148	adhikara
3.1.91	3.1.149	adhikara
3.1.91	3.1.150	adhikara
3.1.91	3.2.1	adhikara
3.1.91	3.2.2	adhikara
3.1.91	3.2.3	adhikara
3.1.91	3.2.4	adhikara
3.1.91	3.2.5	adhikara
3.1.91	3.2.6	adhikara
3.1.91	3.2.7	adhikara
3.1.91	3.2.8	adhikara
3.1.91	3.2.9	adhikara
3.1.91	3.2.10	adhikara
3.1.91	3.2.11	adhikara
3.1.91	3.2.12	adhikara
3.1.91	3.2.13	adhikara
3.1.91	3.2.14	adhikara
3.1.91	3.2.15	adhikara
3.1.91	3.2.16	adhikara
3.1.91	3.2.17	adhikara
3.1.91	3.2.18	adhikara
3.1.91	3.2.19	adhikara
3.1.91	3.2.20	adhikara
3.1.91	3.2.21	adhikara
3.1.91	3.2.22	adhikara
3.1.91	3.2.23	adhikara
3.1.91	3.2.24	adhikara
3.1.91	3.2.25	adhikara
3.1.91	3.2.26	adhikara
3.1.91	3.2.27	adhikara
3.1.91	3.2.28	adhikara
3.1.91	3.2.29	adhikara
3.1.91	3.2.30	adhikara
3.1.91	3.2.31	adhikara
3.1.91	3.2.32	adhikara
3.1.91	3.2.33	adhikara
3.1.91	3.2.34	adhikara
3.1.91	3.2.35	adhikara
3.1.91	3.2.36	adhikara
3.1.91	3.2.37	adhikara
3.1.91	3.2.38	adhikara
3.1.91	3.2.39	adhikara
3.1.91	3.2.40	adhikara
3.1.91	3.2.41	adhikara
3.1.91	3.2.42	adhikara
3.1.91	3.2.43	adhikara
3.1.91	3.2.44	adhikara
3.1.91	3.2.45	adhikara
3.1.91	3.2.46	adhikara
3.1.91	3.2.47	adhikara
3.1.91	3.2.48	adhikara
3.1.91	3.2.49	adhikara
3.1.91	3.2.50	adhikara
3.1.91	3.2.51	adhikara
3.1.91	3.2.52	adhikara
3.1.91	3.2.53	adhikara
3.1.91	3.2.54	adhikara
3.1.91	3.2.55	adhikara
3.1.91	3.2.56	adhikara
3.1.91	3.2.57	adhikara
3.1.91	3.2.58	adhikara
3.1.91	3.2.59	adhikara
3.1.91	3.2.60	adhikara
3.1.91	3.2.61	adhikara
3.1.91	3.2.62	adhikara
3.1.91	3.2.63	adhikara
3.1.91	3.2.64	adhikara
3.1.91	3.2.65	adhikara
3.1.91	3.2.66	adhikara
3.1.91	3.2.67	adhikara
3.1.91	3.2.68	adhikara
3.1.91	3.2.69	adhikara
3.1.91	3.2.70	adhikara
3.1.91	3.2.71	adhikara
3.1.91	3.2.72	adhikara
3.1.91	3.2.73	adhikara
3.1.91	3.2.74	adhikara
3.1.91	3.2.75	adhikara
3.1.91	3.2.76	adhikara
3.1.91	3.2.77	adhikara
3.1.91	3.2.78	adhikara
3.1.91	3.2.79	adhikara
3.1.91	3.2.80	adhikara
3.1.91	3.2.81	adhikara
3.1.91	3.2.82	adhikara
3.1.91	3.2.83	adhikara
3.1.91	3.2.84	adhikara
3.1.91	3.2.85	adhikara
3.1.91	3.2.86	adhikara
3.1.91	3.2.87	adhikara
3.1.91	3.2.88	adhikara
3.1.91	3.2.89	adhikara
3.1.91	3.2.90	adhikara
3.1.91	3.2.91	adhikara
3.1.91	3.2.92	adhikara
3.1.91	3.2.93	adhikara
3.1.91	3.2.94	adhikara
3.1.91	3.2.95	adhikara
3.1.91	3.2.96	adhikara
3.1.91	3.2.97	adhikara
3.1.91	3.2.98	adhikara
3.1.91	3.2.99	adhikara
3.1.91	3.2.100	adhikara
3.1.91	3.2.101	adhikara
3.1.91	3.2.102	adhikara
3.1.91	3.2.103	adhikara
3.1.91	3.2.104	adhikara
3.1.91	3.2.105	adhikara
3.1.91	3.2.106	adhikara
3.1.91	3.2.107	adhikara
3.1.91	3.2.108	adhikara
3.1.91	3.2.109	adhikara
3.1.91	3.2.110	adhikara
3.1.91	3.2.111	adhikara
3.1.91	3.2.112	adhikara
3.1.91	3.2.113	adhikara
3.1.91	3.2.114	adhikara
3.1.91	3.2.115	adhikara
3.1.91	3.2.116	adhikara
3.1.91	3.2.117	adhikara
3.1.91	3.2.118	adhikara
3.1.91	3.2.119	adhikara
3.1.91	3.2.120	adhikara
3.1.91	3.2.121	adhikara
3.1.91	3.2.122	adhikara
3.1.91	3.2.123	adhikara
3.1.91	3.2.124	adhikara
3.1.91	3.2.125	adhikara
3.1.91	3.2.126	adhikara
3.1.91	3.2.127	adhikara
3.1.91	3.2.128	adhikara
3.1.91	3.2.129	adhikara
3.1.91	3.2.130	adhikara
3.1.91	3.2.131	adhikara
3.1.91	3.2.132	adhikara
3.1.91	3.2.133	adhikara
3.1.91	3.2.134	adhikara
3.1.91	3.2.135	adhikara
3.1.91	3.2.136	adhikara
3.1.91	3.2.137	adhikara
3.1.91	3.2.138	adhikara
3.1.91	3.2.139	adhikara
3.1.91	3.2.140	adhikara
3.1.91	3.2.141	adhikara
3.1.91	3.2.142	adhikara
3.1.91	3.2.143	adhikara
3.1.91	3.2.144	adhikara
3.1.91	3.2.145	adhikara
3.1.91	3.2.146	adhikara
3.1.91	3.2.147	adhikara
3.1.91	3.2.148	adhikara
3.1.91	3.2.149	adhikara
3.1.91	3.2.150	adhikara
3.1.91	3.2.151	adhikara
3.1.91	3.2.152	adhikara
3.1.91	3.2.153	adhikara
3.1.91	3.2.154	adhikara
3.1.91	3.2.155	adhikara
3.1.91	3.2.156	adhikara
3.1.91	3.2.157	adhikara
3.1.91	3.2.158	adhikara
3.1.91	3.2.159	adhikara
3.1.91	3.2.160	adhikara
3.1.91	3.2.161	adhikara
3.1.91	3.2.162	adhikara
3.1.91	3.2.163	adhikara
3.1.91	3.2.164	adhikara
3.1.91	3.2.165	adhikara
3.1.91	3.2.166	adhikara
3.1.91	3.2.167	adhikara
3.1.91	3.2.168	adhikara
3.1.91	3.2.169	adhikara
3.1.91	3.2.170	adhikara
3.1.91	3.2.171	adhikara
3.1.91	3.2.172	adhikara
3.1.91	3.2.173	adhikara
3.1.91	3.2.174	adhikara
3.1.91	3.2.175	adhikara
3.1.91	3.2.176	adhikara
3.1.91	3.2.177	adhikara
3.1.91	3.2.178	adhikara
3.1.91	3.2.179	adhikara
3.1.91	3.2.180	adhikara
3.1.91	3.2.181	adhikara
3.1.91	3.2.182	adhikara
3.1.91	3.2.183	adhikara
3.1.91	3.2.184	adhikara
3.1.91	3.2.185	adhikara
3.1.91	3.2.186	adhikara
3.1.91	3.2.187	adhikara
3.1.91	3.2.188	adhikara
3.1.91	3.3.1	adhikara
3.1.91	3.3.2	adhikara
3.1.91	3.3.3	adhikara
3.1.91	3.3.4	adhikara
3.1.91	3.3.5	adhikara
3.1.91	3.3.6	adhikara
3.1.91	3.3.7	adhikara
3.1.91	3.3.8	adhikara
3.1.91	3.3.9	adhikara
3.1.91	3.3.10	adhikara
3.1.91	3.3.11	adhikara
3.1.91	3.3.12	adhikara
3.1.91	3.3.13	adhikara
3.1.91	3.3.14	adhikara
3.1.91	3.3.15	adhikara
3.1.91	3.3.16	adhikara
3.1.91	3.3.17	adhikara
3.1.91	3.3.18	adhikara
3.1.91	3.3.19	adhikara
3.1.91	3.3.20	adhikara
3.1.91	3.3.21	adhikara
3.1.91	3.3.22	adhikara
3.1.91	3.3.23	adhikara
3.1.91	3.3.24	adhikara
3.1.91	3.3.25	adhikara
3.1.91	3.3.26	adhikara
3.1.91	3.3.27	adhikara
3.1.91	3.3.28	adhikara
3.1.91	3.3.29	adhikara
3.1.91	3.3.30	adhikara
3.1.91	3.3.31	adhikara
3.1.91	3.3.32	adhikara
3.1.91	3.3.33	adhikara
3.1.91	3.3.34	adhikara
3.1.91	3.3.35	adhikara
3.1.91	3.3.36	adhikara
3.1.91	3.3.37	adhikara
3.1.91	3.3.38	adhikara
3.1.91	3.3.39	adhikara
3.1.91	3.3.40	adhikara
3.1.91	3.3.41	adhikara
3.1.91	3.3.42	adhikara
3.1.91	3.3.43	adhikara
3.1.91	3.3.44	adhikara
3.1.91	3.3.45	adhikara
3.1.91	3.3.46	adhikara
3.1.91	3.3.47	adhikara
3.1.91	3.3.48	adhikara
3.1.91	3.3.49	adhikara
3.1.91	3.3.50	adhikara
3.1.91	3.3.51	adhikara
3.1.91	3.3.52	adhikara
3.1.91	3.3.53	adhikara
3.1.91	3.3.54	adhikara
3.1.91	3.3.55	adhikara
3.1.91	3.3.56	adhikara
3.1.91	3.3.57	adhikara
3.1.91	3.3.58	adhikara
3.1.91	3.3.59	adhikara
3.1.91	3.3.60	adhikara
3.1.91	3.3.61	adhikara
3.1.91	3.3.62	adhikara
3.1.91	3.3.63	adhikara
3.1.91	3.3.64	adhikara
3.1.91	3.3.65	adhikara
3.1.91	3.3.66	adhikara
3.1.91	3.3.67	adhikara
3.1.91	3.3.68	adhikara
3.1.91	3.3.69	adhikara
3.1.91	3.3.70	adhikara
3.1.91	3.3.71	adhikara
3.1.91	3.3.72	adhikara
3.1.91	3.3.73	adhikara
3.1.91	3.3.74	adhikara
3.1.91	3.3.75	adhikara
3.1.91	3.3.76	adhikara
3.1.91	3.3.77	adhikara
3.1.91	3.3.78	adhikara
3.1.91	3.3.79	adhikara
3.1.91	3.3.80	adhikara
3.1.91	3.3.81	adhikara
3.1.91	3.3.82	adhikara
3.1.91	3.3.83	adhikara
3.1.91	3.3.84	adhikara
3.1.91	3.3.85	adhikara
3.1.91	3.3.86	adhikara
3.1.91	3.3.87	adhikara
3.1.91	3.3.88	adhikara
3.1.91	3.3.89	adhikara
3.1.91	3.3.90	adhikara
3.1.91	3.3.91	adhikara
3.1.91	3.3.92	adhikara
3.1.91	3.3.93	adhikara
3.1.91	3.3.94	adhikara
3.1.91	3.3.95	adhikara
3.1.91	3.3.96	adhikara
3.1.91	3.3.97	adhikara
3.1.91	3.3.98	adhikara
3.1.91	3.3.99	adhikara
3.1.91	3.3.100	adhikara
3.1.91	3.3.101	adhikara
3.1.91	3.3.102	adhikara
3.1.91	3.3.103	adhikara
3.1.91	3.3.104	adhikara
3.1.91	3.3.105	adhikara
3.1.91	3.3.106	adhikara
3.1.91	3.3.107	adhikara
3.1.91	3.3.108	adhikara
3.1.91	3.3.109	adhikara
3.1.91	3.3.110	adhikara
3.1.91	3.3.111	adhikara
3.1.91	3.3.112	adhikara
3.1.91	3.3.113	adhikara
3.1.91	3.3.114	adhikara
3.1.91	3.3.115	adhikara
3.1.91	3.3.116	adhikara
3.1.91	3.3.117	adhikara
3.1.91	3.3.118	adhikara
3.1.91	3.3.119	adhikara
3.1.91	3.3.120	adhikara
3.1.91	3.3.121	adhikara
3.1.91	3.3.122	adhikara
3.1.91	3.3.123	adhikara
3.1.91	3.3.124	adhikara
3.1.91	3.3.125	adhikara
3.1.91	3.3.126	adhikara
3.1.91	3.3.127	adhikara
3.1.91	3.3.128	adhikara
3.1.91	3.3.129	adhikara
3.1.91	3.3.130	adhikara
3.1.91	3.3.131	adhikara
3.1.91	3.3.132	adhikara
3.1.91	3.3.133	adhikara
3.1.91	3.3.134	adhikara
3.1.91	3.3.135	adhikara
3.1.91	3.3.136	adhikara
3.1.91	3.3.137	adhikara
3.1.91	3.3.138	adhikara
3.1.91	3.3.139	adhikara
3.1.91	3.3.140	adhikara
3.1.91	3.3.141	adhikara
3.1.91	3.3.142	adhikara
3.1.91	3.3.143	adhikara
3.1.91	3.3.144	adhikara
3.1.91	3.3.145	adhikara
3.1.91	3.3.146	adhikara
3.1.91	3.3.147	adhikara
3.1.91	3.3.148	adhikara
3.1.91	3.3.149	adhikara
3.1.91	3.3.150	adhikara
3.1.91	3.3.151	adhikara
3.1.91	3.3.152	adhikara
3.1.91	3.3.153	adhikara
3.1.91	3.3.154	adhikara
3.1.91	3.3.155	adhikara
3.1.91	3.3.156	adhikara
3.1.91	3.3.157	adhikara
3.1.91	3.3.158	adhikara
3.1.91	3.3.159	adhikara
3.1.91	3.3.160	adhikara
3.1.91	3.3.161	adhikara
3.1.91	3.3.162	adhikara
3.1.91	3.3.163	adhikara
3.1.91	3.3.164	adhikara
3.1.91	3.3.165	adhikara
3.1.91	3.3.166	adhikara
3.1.91	3.3.167	adhikara
3.1.91	3.3.168	adhikara
3.1.91	3.3.169	adhikara
3.1.91	3.3.170	adhikara
3.1.91	3.3.171	adhikara
3.1.91	3.3.172	adhikara
3.1.91	3.3.173	adhikara
3.1.91	3.3.174	adhikara
3.1.91	3.3.175	adhikara
3.1.91	3.3.176	adhikara
3.1.91	3.4.1	adhikara
3.1.91	3.4.2	adhikara
3.1.91	3.4.3	adhikara
3.1.91	3.4.4	adhikara
3.1.91	3.4.5	adhikara
3.1.91	3.4.6	adhikara
3.1.91	3.4.7	adhikara
3.1.91	3.4.8	adhikara
3.1.91	3.4.9	adhikara
3.1.91	3.4.10	adhikara
3.1.91	3.4.11	adhikara
3.1.91	3.4.12	adhikara
3.1.91	3.4.13	adhikara
3.1.91	3.4.14	adhikara
3.1.91	3.4.15	adhikara
3.1.91	3.4.16	adhikara
3.1.91	3.4.17	adhikara
3.1.91	3.4.18	adhikara
3.1.91	3.4.19	adhikara
3.1.91	3.4.20	adhikara
3.1.91	3.4.21	adhikara
3.1.91	3.4.22	adhikara
3.1.91	3.4.23	adhikara
3.1.91	3.4.24	adhikara
3.1.91	3.4.25	adhikara
3.1.91	3.4.26	adhikara
3.1.91	3.4.27	adhikara
3.1.91	3.4.28	adhikara
3.1.91	3.4.29	adhikara
3.1.91	3.4.30	adhikara
3.1.91	3.4.31	adhikara
3.1.91	3.4.32	adhikara
3.1.91	3.4.33	adhikara
3.1.91	3.4.34	adhikara
3.1.91	3.4.35	adhikara
3.1.91	3.4.36	adhikara
3.1.91	3.4.37	adhikara
3.1.91	3.4.38	adhikara
3.1.91	3.4.39	adhikara
3.1.91	3.4.40	adhikara
3.1.91	3.4.41	adhikara
3.1.91	3.4.42	adhikara
3.1.91	3.4.43	adhikara
3.1.91	3.4.44	adhikara
3.1.91	3.4.45	adhikara
3.1.91	3.4.46	adhikara
3.1.91	3.4.47	adhikara
3.1.91	3.4.48	adhikara
3.1.91	3.4.49	adhikara
3.1.91	3.4.50	adhikara
3.1.91	3.4.51	adhikara
3.1.91	3.4.52	adhikara
3.1.91	3.4.53	adhikara
3.1.91	3.4.54	adhikara
3.1.91	3.4.55	adhikara
3.1.91	3.4.56	adhikara
3.1.91	3.4.57	adhikara
3.1.91	3.4.58	adhikara
3.1.91	3.4.59	adhikara
3.1.91	3.4.60	adhikara
3.1.91	3.4.61	adhikara
3.1.91	3.4.62	adhikara
3.1.91	3.4.63	adhikara
3.1.91	3.4.64	adhikara
3.1.91	3.4.65	adhikara
3.1.91	3.4.66	adhikara
3.1.91	3.4.67	adhikara
3.1.91	3.4.68	adhikara
3.1.91	3.4.69	adhikara
3.1.91	3.4.70	adhikara
3.1.91	3.4.71	adhikara
3.1.91	3.4.72	adhikara
3.1.91	3.4.73	adhikara
3.1.91	3.4.74	adhikara
3.1.91	3.4.75	adhikara
3.1.91	3.4.76	adhikara
3.1.91	3.4.77	adhikara
3.1.91	3.4.78	adhikara
3.1.91	3.4.79	adhikara
3.1.91	3.4.80	adhikara
3.1.91	3.4.81	adhikara
3.1.91	3.4.82	adhikara
3.1.91	3.4.83	adhikara
3.1.91	3.4.84	adhikara
3.1.91	3.4.85	adhikara
3.1.91	3.4.86	adhikara
3.1.91	3.4.87	adhikara
3.1.91	3.4.88	adhikara
3.1.91	3.4.89	adhikara
3.1.91	3.4.90	adhikara
3.1.91	3.4.91	adhikara
3.1.91	3.4.92	adhikara
3.1.91	3.4.93	adhikara
3.1.91	3.4.94	adhikara
3.1.91	3.4.95	adhikara
3.1.91	3.4.96	adhikara
3.1.91	3.4.97	adhikara
3.1.91	3.4.98	adhikara
3.1.91	3.4.99	adhikara
3.1.91	3.4.100	adhikara
3.1.91	3.4.101	adhikara
3.1.91	3.4.102	adhikara
3.1.91	3.4.103	adhikara
3.1.91	3.4.104	adhikara
3.1.91	3.4.105	adhikara
3.1.91	3.4.106	adhikara
3.1.91	3.4.107	adhikara
3.1.91	3.4.108	adhikara
3.1.91	3.4.109	adhikara
3.1.91	3.4.110	adhikara
3.1.91	3.4.111	adhikara
3.1.91	3.4.112	adhikara
3.1.91	3.4.113	adhikara
3.1.91	3.4.114	adhikara
3.1.91	3.4.115	adhikara
3.1.91	3.4.116	adhikara
3.1.91	3.4.117	adhikara
3.1.92	3.1.93	anuvritti
3.1.92	3.1.94	anuvritti
3.1.93	3.1.94	anuvritti
3.1.93	3.1.95	anuvritti
3.1.93	3.1.96	anuvritti
3.1.93	3.1.97	anuvritti
3.1.93	3.1.98	anuvritti
3.1.93	3.1.99	anuvritti
3.1.93	3.1.100	anuvritti
3.1.93	3.1.101	anuvritti
3.1.93	3.1.102	anuvritti
3.1.93	3.1.103	anuvritti
3.1.93	3.1.104	anuvritti
3.1.93	3.1.105	anuvritti
3.1.93	3.1.106	anuvritti
3.1.93	3.1.107	anuvritti
3.1.93	3.1.108	anuvritti
3.1.93	3.1.109	anuvritti
3.1.93	3.1.110	anuvritti
3.1.93	3.1.111	anuvritti
3.1.93	3.1.112	anuvritti
3.1.93	3.1.113	anuvritti
3.1.93	3.1.114	anuvritti
3.1.93	3.1.115	anuvritti
3.1.93	3.1.116	anuvritti
3.1.93	3.1.117	anuvritti
3.1.93	3.1.118	anuvritti
3.1.93	3.1.119	anuvritti
3.1.93	3.1.120	anuvritti
3.1.93	3.1.121	anuvritti
3.1.93	3.1.122	anuvritti
3.1.93	3.1.123	anuvritti
3.1.93	3.1.124	anuvritti
3.1.93	3.1.125	anuvritti
3.1.93	3.1.126	anuvritti
3.1.93	3.1.127	anuvritti
3.1.93	3.1.128	anuvritti
3.1.93	3.1.129	anuvritti
3.1.93	3.1.130	anuvritti
3.1.93	3.1.131	anuvritti
3.1.93	3.1.132	anuvritti
3.1.93	3.1.133	anuvritti
3.1.93	3.1.134	anuvritti
3.1.93	3.1.135	anuvritti
3.1.93	3.1.136	anuvritti
3.1.93	3.1.137	anuvritti
3.1.93	3.1.138	anuvritti
3.1.93	3.1.139	anuvritti
3.1.93	3.1.140	anuvritti
3.1.93	3.1.141	anuvritti
3.1.93	3.1.142	anuvritti
3.1.93	3.1.143	anuvritti
3.1.93	3.1.144	anuvritti
3.1.93	3.1.145	anuvritti
3.1.93	3.1.146	anuvritti
3.1.93	3.1.147	anuvritti
3.1.93	3.1.148	anuvritti
3.1.93	3.1.149	anuvritti
3.1.93	3.1.150	anuvritti
3.1.93	3.2.1	anuvritti
3.1.93	3.2.2	anuvritti
3.1.93	3.2.3	anuvritti
3.1.93	3.2.4	anuvritti
3.1.93	3.2.5	anuvritti
3.1.93	3.2.6	anuvritti
3.1.93	3.2.7	anuvritti
3.1.93	3.2.8	anuvritti
3.1.93	3.2.9	anuvritti
3.1.93	3.2.10	anuvritti
3.1.93	3.2.11	anuvritti
3.1.93	3.2.12	anuvritti
3.1.93	3.2.13	anuvritti
3.1.93	3.2.14	anuvritti
3.1.93	3.2.15	anuvritti
3.1.93	3.2.16	anuvritti
3.1.93	3.2.17	anuvritti
3.1.93	3.2.18	anuvritti
3.1.93	3.2.19	anuvritti
3.1.93	3.2.20	anuvritti
3.1.93	3.2.21	anuvritti
3.1.93	3.2.22	anuvritti
3.1.93	3.2.23	anuvritti
3.1.93	3.2.24	anuvritti
3.1.93	3.2.25	anuvritti
3.1.93	3.2.26	anuvritti
3.1.93	3.2.27	anuvritti
3.1.93	3.2.28	anuvritti
3.1.93	3.2.29	anuvritti
3.1.93	3.2.30	anuvritti
3.1.93	3.2.31	anuvritti
3.1.93	3.2.32	anuvritti
3.1.93	3.2.33	anuvritti
3.1.93	3.2.34	anuvritti
3.1.93	3.2.35	anuvritti
3.1.93	3.2.36	anuvritti
3.1.93	3.2.37	anuvritti
3.1.93	3.2.38	anuvritti
3.1.93	3.2.39	anuvritti
3.1.93	3.2.40	anuvritti
3.1.93	3.2.41	anuvritti
3.1.93	3.2.42	anuvritti
3.1.93	3.2.43	anuvritti
3.1.93	3.2.44	anuvritti
3.1.93	3.2.45	anuvritti
3.1.93	3.2.46	anuvritti
3.1.93	3.2.47	anuvritti
3.1.93	3.2.48	anuvritti
3.1.93	3.2.49	anuvritti
3.1.93	3.2.50	anuvritti
3.1.93	3.2.51	anuvritti
3.1.93	3.2.52	anuvritti
3.1.93	3.2.53	anuvritti
3.1.93	3.2.54	anuvritti
3.1.93	3.2.55	anuvritti
3.1.93	3.2.56	anuvritti
3.1.93	3.2.57	anuvritti
3.1.93	3.2.58	anuvritti
3.1.93	3.2.59	anuvritti
3.1.93	3.2.60	anuvritti
3.1.93	3.2.61	anuvritti
3.1.93	3.2.62	anuvritti
3.1.93	3.2.63	anuvritti
3.1.93	3.2.64	anuvritti
3.1.93	3.2.65	anuvritti
3.1.93	3.2.66	anuvritti
3.1.93	3.2.67	anuvritti
3.1.93	3.2.68	anuvritti
3.1.93	3.2.69	anuvritti
3.1.93	3.2.70	anuvritti
3.1.93	3.2.71	anuvritti
3.1.93	3.2.72	anuvritti
3.1.93	3.2.73	anuvritti
3.1.93	3.2.74	anuvritti
3.1.93	3.2.75	anuvritti
3.1.93	3.2.76	anuvritti
3.1.93	3.2.77	anuvritti
3.1.93	3.2.78	anuvritti
3.1.93	3.2.79	anuvritti
3.1.93	3.2.80	anuvritti
3.1.93	3.2.81	anuvritti
3.1.93	3.2.82	anuvritti
3.1.93	3.2.83	anuvritti
3.1.93	3.2.84	anuvritti
3.1.93	3.2.85	anuvritti
3.1.93	3.2.86	anuvritti
3.1.93	3.2.87	anuvritti
3.1.93	3.2.88	anuvritti
3.1.93	3.2.89	anuvritti
3.1.93	3.2.90	anuvritti
3.1.93	3.2.91	anuvritti
3.1.93	3.2.92	anuvritti
3.1.93	3.2.93	anuvritti
3.1.93	3.2.94	anuvritti
3.1.93	3.2.95	anuvritti
3.1.93	3.2.96	anuvritti
3.1.93	3.2.97	anuvritti
3.1.93	3.2.98	anuvritti
3.1.93	3.2.99	anuvritti
3.1.93	3.2.100	anuvritti
3.1.93	3.2.101	anuvritti
3.1.93	3.2.102	anuvritti
3.1.93	3.2.103	anuvritti
3.1.93	3.2.104	anuvritti
3.1.93	3.2.105	anuvritti
3.1.93	3.2.106	anuvritti
3.1.93	3.2.107	anuvritti
3.1.93	3.2.108	anuvritti
3.1.93	3.2.109	anuvritti
3.1.93	3.2.110	anuvritti
3.1.93	3.2.111	anuvritti
3.1.93	3.2.112	anuvritti
3.1.93	3.2.113	anuvritti
3.1.93	3.2.114	anuvritti
3.1.93	3.2.115	anuvritti
3.1.93	3.2.116	anuvritti
3.1.93	3.2.117	anuvritti
3.1.93	3.2.118	anuvritti
3.1.93	3.2.119	anuvritti
3.1.93	3.2.120	anuvritti
3.1.93	3.2.121	anuvritti
3.1.93	3.2.122	anuvritti
3.1.93	3.2.123	anuvritti
3.1.93	3.2.124	anuvritti
3.1.93	3.2.125	anuvritti
3.1.93	3.2.126	anuvritti
3.1.93	3.2.127	anuvritti
3.1.93	3.2.128	anuvritti
3.1.93	3.2.129	anuvritti
3.1.93	3.2.130	anuvritti
3.1.93	3.2.131	anuvritti
3.1.93	3.2.132	anuvritti
3.1.93	3.2.133	anuvritti
3.1.93	3.2.134	anuvritti
3.1.93	3.2.135	anuvritti
3.1.93	3.2.136	anuvritti
3.1.93	3.2.137	anuvritti
3.1.93	3.2.138	anuvritti
3.1.93	3.2.139	anuvritti
3.1.93	3.2.140	anuvritti
3.1.93	3.2.141	anuvritti
3.1.93	3.2.142	anuvritti
3.1.93	3.2.143	anuvritti
3.1.93	3.2.144	anuvritti
3.1.93	3.2.145	anuvritti
3.1.93	3.2.146	anuvritti
3.1.93	3.2.147	anuvritti
3.1.93	3.2.148	anuvritti
3.1.93	3.2.149	anuvritti
3.1.93	3.2.150	anuvritti
3.1.93	3.2.151	anuvritti
3.1.93	3.2.152	anuvritti
3.1.93	3.2.153	anuvritti
3.1.93	3.2.154	anuvritti
3.1.93	3.2.155	anuvritti
3.1.93	3.2.156	anuvritti
3.1.93	3.2.157	anuvritti
3.1.93	3.2.158	anuvritti
3.1.93	3.2.159	anuvritti
3.1.93	3.2.160	anuvritti
3.1.93	3.2.161	anuvritti
3.1.93	3.2.162	anuvritti
3.1.93	3.2.163	anuvritti
3.1.93	3.2.164	anuvritti
3.1.93	3.2.165	anuvritti
3.1.93	3.2.166	anuvritti
3.1.93	3.2.167	anuvritti
3.1.93	3.2.168	anuvritti
3.1.93	3.2.169	anuvritti
3.1.93	3.2.170	anuvritti
3.1.93	3.2.171	anuvritti
3.1.93	3.2.172	anuvritti
3.1.93	3.2.173	anuvritti
3.1.93	3.2.174	anuvritti
3.1.93	3.2.175	anuvritti
3.1.93	3.2.176	anuvritti
3.1.93	3.2.177	anuvritti
3.1.93	3.2.178	anuvritti
3.1.93	3.2.179	anuvritti
3.1.93	3.2.180	anuvritti
3.1.93	3.2.181	anuvritti
3.1.93	3.2.182	anuvritti
3.1.93	3.2.183	anuvritti
3.1.93	3.2.184	anuvritti
3.1.93	3.2.185	anuvritti
3.1.93	3.2.186	anuvritti
3.1.93	3.2.187	anuvritti
3.1.93	3.2.188	anuvritti
3.1.93	3.3.1	anuvritti
3.1.93	3.3.2	anuvritti
3.1.93	3.3.3	anuvritti
3.1.93	3.3.4	anuvritti
3.1.93	3.3.5	anuvritti
3.1.93	3.3.6	anuvritti
3.1.93	3.3.7	anuvritti
3.1.93	3.3.8	anuvritti
3.1.93	3.3.9	anuvritti
3.1.93	3.3.10	anuvritti
3.1.93	3.3.11	anuvritti
3.1.93	3.3.12	anuvritti
3.1.93	3.3.13	anuvritti
3.1.93	3.3.14	anuvritti
3.1.93	3.3.15	anuvritti
3.1.93	3.3.16	anuvritti
3.1.93	3.3.17	anuvritti
3.1.93	3.3.18	anuvritti
3.1.93	3.3.19	anuvritti
3.1.93	3.3.20	anuvritti
3.1.93	3.3.21	anuvritti
3.1.93	3.3.22	anuvritti
3.1.93	3.3.23	anuvritti
3.1.93	3.3.24	anuvritti
3.1.93	3.3.25	anuvritti
3.1.93	3.3.26	anuvritti
3.1.93	3.3.27	anuvritti
3.1.93	3.3.28	anuvritti
3.1.93	3.3.29	anuvritti
3.1.93	3.3.30	anuvritti
3.1.93	3.3.31	anuvritti
3.1.93	3.3.32	anuvritti
3.1.93	3.3.33	anuvritti
3.1.93	3.3.34	anuvritti
3.1.93	3.3.35	anuvritti
3.1.93	3.3.36	anuvritti
3.1.93	3.3.37	anuvritti
3.1.93	3.3.38	anuvritti
3.1.93	3.3.39	anuvritti
3.1.93	3.3.40	anuvritti
3.1.93	3.3.41	anuvritti
3.1.93	3.3.42	anuvritti
3.1.93	3.3.43	anuvritti
3.1.93	3.3.44	anuvritti
3.1.93	3.3.45	anuvritti
3.1.93	3.3.46	anuvritti
3.1.93	3.3.47	anuvritti
3.1.93	3.3.48	anuvritti
3.1.93	3.3.49	anuvritti
3.1.93	3.3.50	anuvritti
3.1.93	3.3.51	anuvritti
3.1.93	3.3.52	anuvritti
3.1.93	3.3.53	anuvritti
3.1.93	3.3.54	anuvritti
3.1.93	3.3.55	anuvritti
3.1.93	3.3.56	anuvritti
3.1.93	3.3.57	anuvritti
3.1.93	3.3.58	anuvritti
3.1.93	3.3.59	anuvritti
3.1.93	3.3.60	anuvritti
3.1.93	3.3.61	anuvritti
3.1.93	3.3.62	anuvritti
3.1.93	3.3.63	anuvritti
3.1.93	3.3.64	anuvritti
3.1.93	3.3.65	anuvritti
3.1.93	3.3.66	anuvritti
3.1.93	3.3.67	anuvritti
3.1.93	3.3.68	anuvritti
3.1.93	3.3.69	anuvritti
3.1.93	3.3.70	anuvritti
3.1.93	3.3.71	anuvritti
3.1.93	3.3.72	anuvritti
3.1.93	3.3.73	anuvritti
3.1.93	3.3.74	anuvritti
3.1.93	3.3.75	anuvritti
3.1.93	3.3.76	anuvritti
3.1.93	3.3.77	anuvritti
3.1.93	3.3.78	anuvritti
3.1.93	3.3.79	anuvritti
3.1.93	3.3.80	anuvritti
3.1.93	3.3.81	anuvritti
3.1.93	3.3.82	anuvritti
3.1.93	3.3.83	anuvritti
3.1.93	3.3.84	anuvritti
3.1.93	3.3.85	anuvritti
3.1.93	3.3.86	anuvritti
3.1.93	3.3.87	anuvritti
3.1.93	3.3.88	anuvritti
3.1.93	3.3.89	anuvritti
3.1.93	3.3.90	anuvritti
3.1.93	3.3.91	anuvritti
3.1.93	3.3.92	anuvritti
3.1.93	3.3.93	anuvritti
3.1.93	3.3.94	anuvritti
3.1.93	3.3.95	anuvritti
3.1.93	3.3.96	anuvritti
3.1.93	3.3.97	anuvritti
3.1.93	3.3.98	anuvritti
3.1.93	3.3.99	anuvritti
3.1.93	3.3.100	anuvritti
3.1.93	3.3.101	anuvritti
3.1.93	3.3.102	anuvritti
3.1.93	3.3.103	anuvritti
3.1.93	3.3.104	anuvritti
3.1.93	3.3.105	anuvritti
3.1.93	3.3.106	anuvritti
3.1.93	3.3.107	anuvritti
3.1.93	3.3.108	anuvritti
3.1.93	3.3.109	anuvritti
3.1.93	3.3.110	anuvritti
3.1.93	3.3.111	anuvritti
3.1.93	3.3.112	anuvritti
3.1.93	3.3.113	anuvritti
3.1.93	3.3.114	anuvritti
3.1.93	3.3.115	anuvritti
3.1.93	3.3.116	anuvritti
3.1.93	3.3.117	anuvritti
3.1.93	3.3.118	anuvritti
3.1.93	3.3.119	anuvritti
3.1.93	3.3.120	anuvritti
3.1.93	3.3.121	anuvritti
3.1.93	3.3.122	anuvritti
3.1.93	3.3.123	anuvritti
3.1.93	3.3.124	anuvritti
3.1.93	3.3.125	anuvritti
3.1.93	3.3.126	anuvritti
3.1.93	3.3.127	anuvritti
3.1.93	3.3.128	anuvritti
3.1.93	3.3.129	anuvritti
3.1.93	3.3.130	anuvritti
3.1.93	3.3.131	anuvritti
3.1.93	3.3.132	anuvritti
3.1.93	3.3.133	anuvritti
3.1.93	3.3.134	anuvritti
3.1.93	3.3.135	anuvritti
3.1.93	3.3.136	anuvritti
3.1.93	3.3.137	anuvritti
3.1.93	3.3.138	anuvritti
3.1.93	3.3.139	anuvritti
3.1.93	3.3.140	anuvritti
3.1.93	3.3.141	anuvritti
3.1.93	3.3.142	anuvritti
3.1.93	3.3.143	anuvritti
3.1.93	3.3.144	anuvritti
3.1.93	3.3.145	anuvritti
3.1.93	3.3.146	anuvritti
3.1.93	3.3.147	anuvritti
3.1.93	3.3.148	anuvritti
3.1.93	3.3.149	anuvritti
3.1.93	3.3.150	anuvritti
3.1.93	3.3.151	anuvritti
3.1.93	3.3.152	anuvritti
3.1.93	3.3.153	anuvritti
3.1.93	3.3.154	anuvritti
3.1.93	3.3.155	anuvritti
3.1.93	3.3.156	anuvritti
3.1.93	3.3.157	anuvritti
3.1.93	3.3.158	anuvritti
3.1.93	3.3.159	anuvritti
3.1.93	3.3.160	anuvritti
3.1.93	3.3.161	anuvritti
3.1.93	3.3.162	anuvritti
3.1.93	3.3.163	anuvritti
3.1.93	3.3.164	anuvritti
3.1.93	3.3.165	anuvritti
3.1.93	3.3.166	anuvritti
3.1.93	3.3.167	anuvritti
3.1.93	3.3.168	anuvritti
3.1.93	3.3.169	anuvritti
3.1.93	3.3.170	anuvritti
3.1.93	3.3.171	anuvritti
3.1.93	3.3.172	anuvritti
3.1.93	3.3.173	anuvritti
3.1.93	3.3.174	anuvritti
3.1.93	3.3.175	anuvritti
3.1.93	3.3.176	anuvritti
3.1.93	3.4.1	anuvritti
3.1.93	3.4.2	anuvritti
3.1.93	3.4.3	anuvritti
3.1.93	3.4.4	anuvritti
3.1.93	3.4.5	anuvritti
3.1.93	3.4.6	anuvritti
3.1.93	3.4.7	anuvritti
3.1.93	3.4.8	anuvritti
3.1.93	3.4.9	anuvritti
3.1.93	3.4.10	anuvritti
3.1.93	3.4.11	anuvritti
3.1.93	3.4.12	anuvritti
3.1.93	3.4.13	anuvritti
3.1.93	3.4.14	anuvritti
3.1.93	3.4.15	anuvritti
3.1.93	3.4.16	anuvritti
3.1.93	3.4.17	anuvritti
3.1.93	3.4.18	anuvritti
3.1.93	3.4.19	anuvritti
3.1.93	3.4.20	anuvritti
3.1.93	3.4.21	anuvritti
3.1.93	3.4.22	anuvritti
3.1.93	3.4.23	anuvritti
3.1.93	3.4.24	anuvritti
3.1.93	3.4.25	anuvritti
3.1.93	3.4.26	anuvritti
3.1.93	3.4.27	anuvritti
3.1.93	3.4.28	anuvritti
3.1.93	3.4.29	anuvritti
3.1.93	3.4.30	anuvritti
3.1.93	3.4.31	anuvritti
3.1.93	3.4.32	anuvritti
3.1.93	3.4.33	anuvritti
3.1.93	3.4.34	anuvritti
3.1.93	3.4.35	anuvritti
3.1.93	3.4.36	anuvritti
3.1.93	3.4.37	anuvritti
3.1.93	3.4.38	anuvritti
3.1.93	3.4.39	anuvritti
3.1.93	3.4.40	anuvritti
3.1.93	3.4.41	anuvritti
3.1.93	3.4.42	anuvritti
3.1.93	3.4.43	anuvritti
3.1.93	3.4.44	anuvritti
3.1.93	3.4.45	anuvritti
3.1.93	3.4.46	anuvritti
3.1.93	3.4.47	anuvritti
3.1.93	3.4.48	anuvritti
3.1.93	3.4.49	anuvritti
3.1.93	3.4.50	anuvritti
3.1.93	3.4.51	anuvritti
3.1.93	3.4.52	anuvritti
3.1.93	3.4.53	anuvritti
3.1.93	3.4.54	anuvritti
3.1.93	3.4.55	anuvritti
3.1.93	3.4.56	anuvritti
3.1.93	3.4.57	anuvritti
3.1.93	3.4.58	anuvritti
3.1.93	3.4.59	anuvritti
3.1.93	3.4.60	anuvritti
3.1.93	3.4.61	anuvritti
3.1.93	3.4.62	anuvritti
3.1.93	3.4.63	anuvritti
3.1.93	3.4.64	anuvritti
3.1.93	3.4.65	anuvritti
3.1.93	3.4.66	anuvritti
3.1.93	3.4.67	anuvritti
3.1.93	3.4.68	anuvritti
3.1.93	3.4.69	anuvritti
3.1.93	3.4.70	anuvritti
3.1.93	3.4.71	anuvritti
3.1.93	3.4.72	anuvritti
3.1.93	3.4.73	anuvritti
3.1.93	3.4.74	anuvritti
3.1.93	3.4.75	anuvritti
3.1.93	3.4.76	anuvritti
3.1.93	3.4.77	anuvritti
3.1.95	3.1.96	anuvritti
3.1.95	3.1.97	anuvritti
3.1.95	3.1.98	anuvritti
3.1.95	3.1.99	anuvritti
3.1.95	3.1.100	anuvritti
3.1.95	3.1.101	anuvritti
3.1.95	3.1.102	anuvritti
3.1.95	3.1.103	anuvritti
3.1.95	3.1.104	anuvritti
3.1.95	3.1.105	anuvritti
3.1.95	3.1.106	anuvritti
3.1.95	3.1.107	anuvritti
3.1.95	3.1.108	anuvritti
3.1.95	3.1.109	anuvritti
3.1.95	3.1.110	anuvritti
3.1.95	3.1.111	anuvritti
3.1.95	3.1.112	anuvritti
3.1.95	3.1.113	anuvritti
3.1.95	3.1.114	anuvritti
3.1.95	3.1.115	anuvritti
3.1.95	3.1.116	anuvritti
3.1.95	3.1.117	anuvritti
3.1.95	3.1.118	anuvritti
3.1.95	3.1.119	anuvritti
3.1.95	3.1.120	anuvritti
3.1.95	3.1.121	anuvritti
3.1.95	3.1.122	anuvritti
3.1.95	3.1.123	anuvritti
3.1.95	3.1.124	anuvritti
3.1.95	3.1.125	anuvritti
3.1.95	3.1.126	anuvritti
3.1.95	3.1.127	anuvritti
3.1.95	3.1.128	anuvritti
3.1.95	3.1.129	anuvritti
3.1.95	3.1.130	anuvritti
3.1.95	3.1.131	anuvritti
3.1.95	3.1.132	anuvritti
3.1.97	3.1.98	adhikara
3.1.97	3.1.98	anuvritti
3.1.97	3.1.99	adhikara
3.1.97	3.1.99	anuvritti
3.1.97	3.1.100	adhikara
3.1.97	3.1.100	anuvritti
3.1.97	3.1.101	adhikara
3.1.97	3.1.101	anuvritti
3.1.97	3.1.102	adhikara
3.1.97	3.1.102	anuvritti
3.1.97	3.1.103	adhikara
3.1.97	3.1.103	anuvritti
3.1.97	3.1.104	adhikara
3.1.97	3.1.104	anuvritti
3.1.97	3.1.105	adhikara
3.1.97	3.1.105	anuvritti
3.1.97	3.1.106	adhikara
3.1.97	3.1.106	anuvritti
3.1.97	3.1.107	adhikara
3.1.97	3.1.108	adhikara
3.1.97	3.1.109	adhikara
3.1.97	3.1.110	adhikara
3.1.97	3.1.111	adhikara
3.1.97	3.1.112	adhikara
3.1.97	3.1.113	adhikara
3.1.97	3.1.114	adhikara
3.1.97	3.1.115	adhikara
3.1.97	3.1.116	adhikara
3.1.97	3.1.117	adhikara
3.1.97	3.1.118	adhikara
3.1.97	3.1.119	adhikara
3.1.97	3.1.120	adhikara
3.1.97	3.1.121	adhikara
3.1.97	3.1.122	adhikara
3.1.97	3.1.123	adhikara
3.1.97	3.1.124	adhikara
3.1.97	3.1.125	adhikara
3.1.97	3.1.126	adhikara
3.1.97	3.1.127	adhikara
3.1.97	3.1.128	adhikara
3.1.97	3.1.129	adhikara
3.1.97	3.1.130	adhikara
3.1.97	3.1.131	adhikara
3.1.97	3.1.132	adhikara
3.1.100	3.1.101	anuvritti
3.1.100	3.1.102	anuvritti
3.1.100	3.1.103	anuvritti
3.1.100	3.1.105	anuvritti
3.1.100	3.1.106	anuvritti
3.1.100	3.1.107	anuvritti
3.1.100	3.1.108	anuvritti
3.1.106	3.1.107	anuvritti
3.1.106	3.1.108	anuvritti
3.1.106	3.1.109	anuvritti
3.1.106	3.1.110	anuvritti
3.1.106	3.1.111	anuvritti
3.1.106	3.1.112	anuvritti
3.1.106	3.1.113	anuvritti
3.1.106	3.1.114	anuvritti
3.1.106	3.1.115	anuvritti
3.1.106	3.1.116	anuvritti
3.1.106	3.1.117	anuvritti
3.1.106	3.1.118	anuvritti
3.1.106	3.1.119	anuvritti
3.1.106	3.1.120	anuvritti
3.1.106	3.1.121	anuvritti
3.1.107	3.1.108	anuvritti
3.1.118	3.1.119	anuvritti
3.1.124	3.1.125	anuvritti
3.1.124	3.1.126	anuvritti
3.1.124	3.1.127	anuvritti
3.1.124	3.1.128	anuvritti
3.1.124	3.1.129	anuvritti
3.1.124	3.1.130	anuvritti
3.1.124	3.1.131	anuvritti
3.1.135	3.1.136	anuvritti
3.1.136	3.1.137	anuvritti
3.1.137	3.1.138	anuvritti
3.1.137	3.1.139	anuvritti
3.1.138	3.1.139	anuvritti
3.1.138	3.1.140	anuvritti
3.1.138	3.1.141	anuvritti
3.1.139	3.1.140	anuvritti
3.1.140	3.1.141	anuvritti
3.1.140	3.1.142	anuvritti
3.1.140	3.1.143	anuvritti
3.1.143	3.1.144	anuvritti
3.1.145	3.1.146	anuvritti
3.1.145	3.1.147	anuvritti
3.1.146	3.1.147	anuvritti
3.1.147	3.1.148	anuvritti
3.1.149	3.1.150	anuvritti
3.2.1	3.2.2	anuvritti
3.2.1	3.2.3	anuvritti
3.2.1	3.2.4	anuvritti
3.2.1	3.2.5	anuvritti
3.2.1	3.2.6	anuvritti
3.2.1	3.2.7	anuvritti
3.2.1	3.2.8	anuvritti
3.2.1	3.2.9	anuvritti
3.2.1	3.2.10	anuvritti
3.2.1	3.2.11	anuvritti
3.2.1	3.2.12	anuvritti
3.2.1	3.2.13	anuvritti
3.2.1	3.2.14	anuvritti
3.2.1	3.2.15	anuvritti
3.2.1	3.2.16	anuvritti
3.2.1	3.2.17	anuvritti
3.2.1	3.2.18	anuvritti
3.2.1	3.2.19	anuvritti
3.2.1	3.2.20	anuvritti
3.2.1	3.2.21	anuvritti
3.2.1	3.2.22	anuvritti
3.2.1	3.2.23	anuvritti
3.2.1	3.2.24	anuvritti
3.2.1	3.2.25	anuvritti
3.2.1	3.2.26	anuvritti
3.2.1	3.2.27	anuvritti
3.2.1	3.2.28	anuvritti
3.2.1	3.2.29	anuvritti
3.2.1	3.2.30	anuvritti
3.2.1	3.2.31	anuvritti
3.2.1	3.2.32	anuvritti
3.2.1	3.2.33	anuvritti
3.2.1	3.2.34	anuvritti
3.2.1	3.2.35	anuvritti
3.2.1	3.2.36	anuvritti
3.2.1	3.2.37	anuvritti
3.2.1	3.2.38	anuvritti
3.2.1	3.2.39	anuvritti
3.2.1	3.2.40	anuvritti
3.2.1	3.2.41	anuvritti
3.2.1	3.2.42	anuvritti
3.2.1	3.2.43	anuvritti
3.2.1	3.2.44	anuvritti
3.2.1	3.2.45	anuvritti
3.2.1	3.2.46	anuvritti
3.2.1	3.2.47	anuvritti
3.2.1	3.2.48	anuvritti
3.2.1	3.2.49	anuvritti
3.2.1	3.2.50	anuvritti
3.2.1	3.2.51	anuvritti
3.2.1	3.2.52	anuvritti
3.2.1	3.2.53	anuvritti
3.2.1	3.2.54	anuvritti
3.2.1	3.2.55	anuvritti
3.2.1	3.2.56	anuvritti
3.2.1	3.2.57	anuvritti
3.2.1	3.2.58	anuvritti
3.2.3	3.2.4	anuvritti
3.2.3	3.2.5	anuvritti
3.2.3	3.2.6	anuvritti
3.2.3	3.2.7	anuvritti
3.2.3	3.2.8	anuvritti
3.2.3	3.2.9	anuvritti
3.2.3	3.2.10	anuvritti
3.2.3	3.2.11	anuvritti
3.2.3	3.2.12	anuvritti
3.2.3	3.2.13	anuvritti
3.2.3	3.2.14	anuvritti
3.2.3	3.2.15	anuvritti
3.2.3	3.2.16	anuvritti
3.2.3	3.2.17	anuvritti
3.2.3	3.2.18	anuvritti
3.2.3	3.2.19	anuvritti
3.2.3	3.2.20	anuvritti
3.2.3	3.2.21	anuvritti
3.2.3	3.2.22	anuvritti
3.2.3	3.2.23	anuvritti
3.2.3	3.2.24	anuvritti
3.2.3	3.2.25	anuvritti
3.2.3	3.2.26	anuvritti
3.2.3	3.2.27	anuvritti
3.2.3	3.2.28	anuvritti
3.2.3	3.2.29	anuvritti
3.2.3	3.2.30	anuvritti
3.2.3	3.2.31	anuvritti
3.2.3	3.2.32	anuvritti
3.2.3	3.2.33	anuvritti
3.2.3	3.2.34	anuvritti
3.2.3	3.2.35	anuvritti
3.2.3	3.2.36	anuvritti
3.2.3	3.2.37	anuvritti
3.2.3	3.2.38	anuvritti
3.2.3	3.2.39	anuvritti
3.2.3	3.2.40	anuvritti
3.2.3	3.2.41	anuvritti
3.2.3	3.2.42	anuvritti
3.2.3	3.2.43	anuvritti
3.2.3	3.2.44	anuvritti
3.2.3	3.2.45	anuvritti
3.2.3	3.2.46	anuvritti
3.2.3	3.2.47	anuvritti
3.2.3	3.2.48	anuvritti
3.2.3	3.2.49	anuvritti
3.2.3	3.2.50	anuvritti
3.2.3	3.2.51	anuvritti
3.2.3	3.2.52	anuvritti
3.2.3	3.2.53	anuvritti
3.2.3	3.2.54	anuvritti
3.2.3	3.2.55	anuvritti
3.2.3	3.2.56	anuvritti
3.2.3	3.2.57	anuvritti
3.2.3	3.2.58	anuvritti
3.2.3	3.2.59	anuvritti
3.2.3	3.2.60	anuvritti
3.2.4	3.2.5	anuvritti
3.2.4	3.2.6	anuvritti
3.2.4	3.2.7	anuvritti
3.2.4	3.2.8	anuvritti
3.2.4	3.2.9	anuvritti
3.2.4	3.2.10	anuvritti
3.2.4	3.2.11	anuvritti
3.2.4	3.2.12	anuvritti
3.2.4	3.2.13	anuvritti
3.2.4	3.2.14	anuvritti
3.2.4	3.2.15	anuvritti
3.2.4	3.2.16	anuvritti
3.2.4	3.2.17	anuvritti
3.2.4	3.2.18	anuvritti
3.2.4	3.2.19	anuvritti
3.2.4	3.2.20	anuvritti
3.2.4	3.2.21	anuvritti
3.2.4	3.2.22	anuvritti
3.2.4	3.2.23	anuvritti
3.2.4	3.2.24	anuvritti
3.2.4	3.2.25	anuvritti
3.2.4	3.2.26	anuvritti
3.2.4	3.2.27	anuvritti
3.2.4	3.2.28	anuvritti
3.2.4	3.2.29	anuvritti
3.2.4	3.2.30	anuvritti
3.2.4	3.2.31	anuvritti
3.2.4	3.2.32	anuvritti
3.2.4	3.2.33	anuvritti
3.2.4	3.2.34	anuvritti
3.2.4	3.2.35	anuvritti
3.2.4	3.2.36	anuvritti
3.2.4	3.2.37	anuvritti
3.2.4	3.2.38	anuvritti
3.2.4	3.2.39	anuvritti
3.2.4	3.2.40	anuvritti
3.2.4	3.2.41	anuvritti
3.2.4	3.2.42	anuvritti
3.2.4	3.2.43	anuvritti
3.2.4	3.2.44	anuvritti
3.2.4	3.2.45	anuvritti
3.2.4	3.2.46	anuvritti
3.2.4	3.2.47	anuvritti
3.2.4	3.2.48	anuvritti
3.2.4	3.2.49	anuvritti
3.2.4	3.2.50	anuvritti
3.2.4	3.2.51	anuvritti
3.2.4	3.2.52	anuvritti
3.2.4	3.2.53	anuvritti
3.2.4	3.2.54	anuvritti
3.2.4	3.2.55	anuvritti
3.2.4	3.2.56	anuvritti
3.2.4	3.2.57	anuvritti
3.2.4	3.2.58	anuvritti
3.2.4	3.2.59	anuvritti
3.2.4	3.2.60	anuvritti
3.2.4	3.2.61	anuvritti
3.2.4	3.2.62	anuvritti
3.2.4	3.2.63	anuvritti
3.2.4	3.2.64	anuvritti
3.2.4	3.2.65	anuvritti
3.2.4	3.2.66	anuvritti
3.2.4	3.2.67	anuvritti
3.2.4	3.2.68	anuvritti
3.2.4	3.2.69	anuvritti
3.2.4	3.2.70	anuvritti
3.2.4	3.2.71	anuvritti
3.2.4	3.2.72	anuvritti
3.2.4	3.2.73	anuvritti
3.2.4	3.2.74	anuvritti
3.2.4	3.2.75	anuvritti
3.2.4	3.2.76	anuvritti
3.2.4	3.2.77	anuvritti
3.2.4	3.2.78	anuvritti
3.2.4	3.2.79	anuvritti
3.2.4	3.2.80	anuvritti
3.2.4	3.2.81	anuvritti
3.2.4	3.2.82	anuvritti
3.2.4	3.2.83	anuvritti
3.2.9	3.2.10	anuvritti
3.2.9	3.2.11	anuvritti
3.2.9	3.2.12	anuvritti
3.2.9	3.2.13	anuvritti
3.2.9	3.2.14	anuvritti
3.2.9	3.2.15	anuvritti
3.2.15	3.2.16	anuvritti
3.2.16	3.2.17	anuvritti
3.2.16	3.2.18	anuvritti
3.2.16	3.2.19	anuvritti
3.2.16	3.2.20	anuvritti
3.2.16	3.2.21	anuvritti
3.2.16	3.2.22	anuvritti
3.2.16	3.2.23	anuvritti
3.2.18	3.2.19	anuvritti
3.2.20	3.2.21	anuvritti
3.2.20	3.2.22	anuvritti
3.2.20	3.2.23	anuvritti
3.2.20	3.2.24	anuvritti
3.2.24	3.2.25	anuvritti
3.2.24	3.2.26	anuvritti
3.2.24	3.2.27	anuvritti
3.2.28	3.2.29	anuvritti
3.2.28	3.2.30	anuvritti
3.2.28	3.2.31	anuvritti
3.2.28	3.2.32	anuvritti
3.2.28	3.2.33	anuvritti
3.2.28	3.2.34	anuvritti
3.2.28	3.2.35	anuvritti
3.2.28	3.2.36	anuvritti
3.2.28	3.2.37	anuvritti
3.2.29	3.2.30	anuvritti
3.2.33	3.2.34	anuvritti
3.2.38	3.2.39	anuvritti
3.2.38	3.2.40	anuvritti
3.2.38	3.2.41	anuvritti
3.2.38	3.2.42	anuvritti
3.2.38	3.2.43	anuvritti
3.2.38	3.2.44	anuvritti
3.2.38	3.2.45	anuvritti
3.2.38	3.2.46	anuvritti
3.2.38	3.2.47	anuvritti
3.2.43	3.2.44	anuvritti
3.2.46	3.2.47	anuvritti
3.2.47	3.2.48	anuvritti
3.2.48	3.2.49	anuvritti
3.2.48	3.2.50	anuvritti
3.2.49	3.2.50	anuvritti
3.2.49	3.2.51	anuvritti
3.2.49	3.2.52	anuvritti
3.2.49	3.2.53	anuvritti
3.2.49	3.2.54	anuvritti
3.2.49	3.2.55	anuvritti
3.2.52	3.2.53	anuvritti
3.2.52	3.2.54	anuvritti
3.2.56	3.2.57	anuvritti
3.2.58	3.2.59	anuvritti
3.2.58	3.2.60	anuvritti
3.2.61	3.2.62	anuvritti
3.2.61	3.2.63	anuvritti
3.2.61	3.2.64	anuvritti
3.2.61	3.2.65	anuvritti
3.2.61	3.2.66	anuvritti
3.2.61	3.2.67	anuvritti
3.2.61	3.2.68	anuvritti
3.2.61	3.2.69	anuvritti
3.2.61	3.2.70	anuvritti
3.2.61	3.2.71	anuvritti
3.2.61	3.2.72	anuvritti
3.2.61	3.2.73	anuvritti
3.2.61	3.2.74	anuvritti
3.2.61	3.2.75	anuvritti
3.2.61	3.2.76	anuvritti
3.2.61	3.2.77	anuvritti
3.2.62	3.2.63	anuvritti
3.2.62	3.2.64	anuvritti
3.2.63	3.2.64	anuvritti
3.2.63	3.2.65	anuvritti
3.2.63	3.2.66	anuvritti
3.2.63	3.2.67	anuvritti
3.2.64	3.2.65	anuvritti
3.2.64	3.2.66	anuvritti
3.2.65	3.2.66	anuvritti
3.2.67	3.2.68	anuvritti
3.2.67	3.2.69	anuvritti
3.2.68	3.2.69	anuvritti
3.2.71	3.2.72	anuvritti
3.2.72	3.2.73	anuvritti
3.2.73	3.2.74	anuvritti
3.2.73	3.2.75	anuvritti
3.2.73	3.2.76	anuvritti
3.2.74	3.2.75	anuvritti
3.2.76	3.2.77	anuvritti
3.2.78	3.2.79	anuvritti
3.2.78	3.2.80	anuvritti
3.2.78	3.2.81	anuvritti
3.2.78	3.2.82	anuvritti
3.2.78	3.2.83	anuvritti
3.2.78	3.2.84	anuvritti
3.2.78	3.2.85	anuvritti
3.2.78	3.2.86	anuvritti
3.2.82	3.2.83	anuvritti
3.2.84	3.2.85	adhikara
3.2.84	3.2.86	adhikara
3.2.84	3.2.87	adhikara
3.2.84	3.2.88	adhikara
3.2.84	3.2.89	adhikara
3.2.84	3.2.90	adhikara
3.2.84	3.2.91	adhikara
3.2.84	3.2.92	adhikara
3.2.84	3.2.93	adhikara
3.2.84	3.2.94	adhikara
3.2.84	3.2.95	adhikara
3.2.84	3.2.96	adhikara
3.2.84	3.2.97	adhikara
3.2.84	3.2.98	adhikara
3.2.84	3.2.99	adhikara
3.2.84	3.2.100	adhikara
3.2.84	3.2.101	adhikara
3.2.84	3.2.102	adhikara
3.2.84	3.2.103	adhikara
3.2.84	3.2.104	adhikara
3.2.84	3.2.105	adhikara
3.2.84	3.2.106	adhikara
3.2.84	3.2.107	adhikara
3.2.84	3.2.108	adhikara
3.2.84	3.2.109	adhikara
3.2.84	3.2.110	adhikara
3.2.84	3.2.111	adhikara
3.2.84	3.2.112	adhikara
3.2.84	3.2.113	adhikara
3.2.84	3.2.114	adhikara
3.2.84	3.2.115	adhikara
3.2.84	3.2.116	adhikara
3.2.84	3.2.117	adhikara
3.2.84	3.2.118	adhikara
3.2.84	3.2.119	adhikara
3.2.84	3.2.120	adhikara
3.2.84	3.2.121	adhikara
3.2.84	3.2.122	adhikara
3.2.86	3.2.87	anuvritti
3.2.86	3.2.88	anuvritti
3.2.86	3.2.89	anuvritti
3.2.86	3.2.90	anuvritti
3.2.86	3.2.91	anuvritti
3.2.86	3.2.92	anuvritti
3.2.87	3.2.88	anuvritti
3.2.87	3.2.89	anuvritti
3.2.87	3.2.90	anuvritti
3.2.87	3.2.91	anuvritti
3.2.87	3.2.92	anuvritti
3.2.94	3.2.95	anuvritti
3.2.94	3.2.96	anuvritti
3.2.95	3.2.96	anuvritti
3.2.97	3.2.98	anuvritti
3.2.97	3.2.99	anuvritti
3.2.97	3.2.100	anuvritti
3.2.97	3.2.101	anuvritti
3.2.99	3.2.100	anuvritti
3.2.105	3.2.106	anuvritti
3.2.105	3.2.107	anuvritti
3.2.106	3.2.107	anuvritti
3.2.106	3.2.108	anuvritti
3.2.106	3.2.109	anuvritti
3.2.107	3.2.108	anuvritti
3.2.107	3.2.109	anuvritti
3.2.111	3.2.112	anuvritti
3.2.111	3.2.113	anuvritti
3.2.111	3.2.114	anuvritti
3.2.111	3.2.115	anuvritti
3.2.111	3.2.116	anuvritti
3.2.111	3.2.117	anuvritti
3.2.111	3.2.118	anuvritti
3.2.111	3.2.119	anuvritti
3.2.111	3.2.120	anuvritti
3.2.111	3.2.121	anuvritti
3.2.111	3.2.122	anuvritti
3.2.112	3.2.113	anuvritti
3.2.112	3.2.114	anuvritti
3.2.115	3.2.116	anuvritti
3.2.115	3.2.117	anuvritti
3.2.115	3.2.118	anuvritti
3.2.116	3.2.117	anuvritti
3.2.118	3.2.119	anuvritti
3.2.118	3.2.120	anuvritti
3.2.118	3.2.121	anuvritti
3.2.118	3.2.122	anuvritti
3.2.120	3.2.121	anuvritti
3.2.121	3.2.122	anuvritti
3.2.123	3.2.124	adhikara
3.2.123	3.2.125	adhikara
3.2.123	3.2.126	adhikara
3.2.123	3.2.127	adhikara
3.2.123	3.2.128	adhikara
3.2.123	3.2.129	adhikara
3.2.123	3.2.130	adhikara
3.2.123	3.2.131	adhikara
3.2.123	3.2.132	adhikara
3.2.123	3.2.133	adhikara
3.2.123	3.2.134	adhikara
3.2.123	3.2.135	adhikara
3.2.123	3.2.136	adhikara
3.2.123	3.2.137	adhikara
3.2.123	3.2.138	adhikara
3.2.123	3.2.139	adhikara
3.2.123	3.2.140	adhikara
3.2.123	3.2.141	adhikara
3.2.123	3.2.142	adhikara
3.2.123	3.2.143	adhikara
3.2.123	3.2.144	adhikara
3.2.123	3.2.145	adhikara
3.2.123	3.2.146	adhikara
3.2.123	3.2.147	adhikara
3.2.123	3.2.148	adhikara
3.2.123	3.2.149	adhikara
3.2.123	3.2.150	adhikara
3.2.123	3.2.151	adhikara
3.2.123	3.2.152	adhikara
3.2.123	3.2.153	adhikara
3.2.123	3.2.154	adhikara
3.2.123	3.2.155	adhikara
3.2.123	3.2.156	adhikara
3.2.123	3.2.157	adhikara
3.2.123	3.2.158	adhikara
3.2.123	3.2.159	adhikara
3.2.123	3.2.160	adhikara
3.2.123	3.2.161	adhikara
3.2.123	3.2.162	adhikara
3.2.123	3.2.163	adhikara
3.2.123	3.2.164	adhikara
3.2.123	3.2.165	adhikara
3.2.123	3.2.166	adhikara
3.2.123	3.2.167	adhikara
3.2.123	3.2.168	adhikara
3.2.123	3.2.169	adhikara
3.2.123	3.2.170	adhikara
3.2.123	3.2.171	adhikara
3.2.123	3.2.172	adhikara
3.2.123	3.2.173	adhikara
3.2.123	3.2.174	adhikara
3.2.123	3.2.175	adhikara
3.2.123	3.2.176	adhikara
3.2.123	3.2.177	adhikara
3.2.123	3.2.178	adhikara
3.2.123	3.2.179	adhikara
3.2.123	3.2.180	adhikara
3.2.123	3.2.181	adhikara
3.2.123	3.2.182	adhikara
3.2.123	3.2.183	adhikara
3.2.123	3.2.184	adhikara
3.2.123	3.2.185	adhikara
3.2.123	3.2.186	adhikara
3.2.123	3.2.187	adhikara
3.2.123	3.2.188	adhikara
3.2.123	3.3.1	adhikara
3.2.124	3.2.125	anuvritti
3.2.124	3.2.126	anuvritti
3.2.130	3.2.131	anuvritti
3.2.130	3.2.132	anuvritti
3.2.130	3.2.133	anuvritti
3.2.134	3.2.135	adhikara
3.2.134	3.2.136	adhikara
3.2.134	3.2.137	adhikara
3.2.134	3.2.138	adhikara
3.2.134	3.2.139	adhikara
3.2.134	3.2.140	adhikara
3.2.134	3.2.141	adhikara
3.2.134	3.2.142	adhikara
3.2.134	3.2.143	adhikara
3.2.134	3.2.144	adhikara
3.2.134	3.2.145	adhikara
3.2.134	3.2.146	adhikara
3.2.134	3.2.147	adhikara
3.2.134	3.2.148	adhikara
3.2.134	3.2.149	adhikara
3.2.134	3.2.150	adhikara
3.2.134	3.2.151	adhikara
3.2.134	3.2.152	adhikara
3.2.134	3.2.153	adhikara
3.2.134	3.2.154	adhikara
3.2.134	3.2.155	adhikara
3.2.134	3.2.156	adhikara
3.2.134	3.2.157	adhikara
3.2.134	3.2.158	adhikara
3.2.134	3.2.159	adhikara
3.2.134	3.2.160	adhikara
3.2.134	3.2.161	adhikara
3.2.134	3.2.162	adhikara
3.2.134	3.2.163	adhikara
3.2.134	3.2.164	adhikara
3.2.134	3.2.165	adhikara
3.2.134	3.2.166	adhikara
3.2.134	3.2.167	adhikara
3.2.134	3.2.168	adhikara
3.2.134	3.2.169	adhikara
3.2.134	3.2.170	adhikara
3.2.134	3.2.171	adhikara
3.2.134	3.2.172	adhikara
3.2.134	3.2.173	adhikara
3.2.134	3.2.174	adhikara
3.2.134	3.2.175	adhikara
3.2.134	3.2.176	adhikara
3.2.134	3.2.177	adhikara
3.2.136	3.2.137	anuvritti
3.2.136	3.2.138	anuvritti
3.2.137	3.2.138	anuvritti
3.2.138	3.2.139	anuvritti
3.2.141	3.2.142	anuvritti
3.2.141	3.2.143	anuvritti
3.2.141	3.2.144	anuvritti
3.2.141	3.2.145	anuvritti
3.2.143	3.2.144	anuvritti
3.2.148	3.2.149	anuvritti
3.2.148	3.2.150	anuvritti
3.2.148	3.2.151	anuvritti
3.2.148	3.2.152	anuvritti
3.2.148	3.2.153	anuvritti
3.2.152	3.2.153	anuvritti
3.2.156	3.2.157	anuvritti
3.2.163	3.2.164	anuvritti
3.2.168	3.2.169	anuvritti
3.2.168	3.2.170	anuvritti
3.2.170	3.2.171	anuvritti
3.2.175	3.2.176	anuvritti
3.2.177	3.2.178	anuvritti
3.2.177	3.2.179	anuvritti
3.2.179	3.2.180	anuvritti
3.2.181	3.2.182	anuvritti
3.2.181	3.2.183	anuvritti
3.2.182	3.2.183	anuvritti
3.2.182	3.2.184	anuvritti
3.2.182	3.2.185	anuvritti
3.2.182	3.2.186	anuvritti
3.2.184	3.2.185	anuvritti
3.2.184	3.2.186	anuvritti
3.2.185	3.2.186	anuvritti
3.2.187	3.2.188	anuvritti
3.3.1	3.3.2	anuvritti
3.3.1	3.3.3	anuvritti
3.3.3	3.3.4	adhikara
3.3.3	3.3.5	adhikara
3.3.3	3.3.6	adhikara
3.3.3	3.3.7	adhikara
3.3.3	3.3.8	adhikara
3.3.3	3.3.9	adhikara
3.3.3	3.3.10	adhikara
3.3.3	3.3.11	adhikara
3.3.3	3.3.12	adhikara
3.3.3	3.3.13	adhikara
3.3.3	3.3.14	adhikara
3.3.3	3.3.15	adhikara
3.3.4	3.3.5	anuvritti
3.3.4	3.3.6	anuvritti
3.3.4	3.3.7	anuvritti
3.3.4	3.3.8	anuvritti
3.3.4	3.3.9	anuvritti
3.3.5	3.3.6	anuvritti
3.3.5	3.3.7	anuvritti
3.3.5	3.3.8	anuvritti
3.3.5	3.3.9	anuvritti
3.3.8	3.3.9	anuvritti
3.3.10	3.3.11	anuvritti
3.3.10	3.3.12	anuvritti
3.3.10	3.3.13	anuvritti
3.3.13	3.3.14	anuvritti
3.3.13	3.3.15	anuvritti
3.3.16	3.3.17	anuvritti
3.3.16	3.3.18	anuvritti
3.3.16	3.3.19	anuvritti
3.3.16	3.3.20	anuvritti
3.3.16	3.3.21	anuvritti
3.3.16	3.3.22	anuvritti
3.3.16	3.3.23	anuvritti
3.3.16	3.3.24	anuvritti
3.3.16	3.3.25	anuvritti
3.3.16	3.3.26	anuvritti
3.3.16	3.3.27	anuvritti
3.3.16	3.3.28	anuvritti
3.3.16	3.3.29	anuvritti
3.3.16	3.3.30	anuvritti
3.3.16	3.3.31	anuvritti
3.3.16	3.3.32	anuvritti
3.3.16	3.3.33	anuvritti
3.3.16	3.3.34	anuvritti
3.3.16	3.3.35	anuvritti
3.3.16	3.3.36	anuvritti
3.3.16	3.3.37	anuvritti
3.3.16	3.3.38	anuvritti
3.3.16	3.3.39	anuvritti
3.3.16	3.3.40	anuvritti
3.3.16	3.3.41	anuvritti
3.3.16	3.3.42	anuvritti
3.3.16	3.3.43	anuvritti
3.3.16	3.3.44	anuvritti
3.3.16	3.3.45	anuvritti
3.3.16	3.3.46	anuvritti
3.3.16	3.3.47	anuvritti
3.3.16	3.3.48	anuvritti
3.3.16	3.3.49	anuvritti
3.3.16	3.3.50	anuvritti
3.3.16	3.3.51	anuvritti
3.3.16	3.3.52	anuvritti
3.3.16	3.3.53	anuvritti
3.3.16	3.3.54	anuvritti
3.3.16	3.3.55	anuvritti
3.3.18	3.3.19	adhikara
3.3.18	3.3.20	adhikara
3.3.18	3.3.21	adhikara
3.3.18	3.3.22	adhikara
3.3.18	3.3.23	adhikara
3.3.18	3.3.24	adhikara
3.3.18	3.3.25	adhikara
3.3.18	3.3.26	adhikara
3.3.18	3.3.27	adhikara
3.3.18	3.3.28	adhikara
3.3.18	3.3.29	adhikara
3.3.18	3.3.30	adhikara
3.3.18	3.3.31	adhikara
3.3.18	3.3.32	adhikara
3.3.18	3.3.33	adhikara
3.3.18	3.3.34	adhikara
3.3.18	3.3.35	adhikara
3.3.18	3.3.36	adhikara
3.3.18	3.3.37	adhikara
3.3.18	3.3.38	adhikara
3.3.18	3.3.39	adhikara
3.3.18	3.3.40	adhikara
3.3.18	3.3.41	adhikara
3.3.18	3.3.42	adhikara
3.3.18	3.3.43	adhikara
3.3.18	3.3.44	adhikara
3.3.18	3.3.45	adhikara
3.3.18	3.3.46	adhikara
3.3.18	3.3.47	adhikara
3.3.18	3.3.48	adhikara
3.3.18	3.3.49	adhikara
3.3.18	3.3.50	adhikara
3.3.18	3.3.51	adhikara
3.3.18	3.3.52	adhikara
3.3.18	3.3.53	adhikara
3.3.18	3.3.54	adhikara
3.3.18	3.3.55	adhikara
3.3.18	3.3.56	adhikara
3.3.18	3.3.57	adhikara
3.3.18	3.3.58	adhikara
3.3.18	3.3.59	adhikara
3.3.18	3.3.60	adhikara
3.3.18	3.3.61	adhikara
3.3.18	3.3.62	adhikara
3.3.18	3.3.63	adhikara
3.3.18	3.3.64	adhikara
3.3.18	3.3.65	adhikara
3.3.18	3.3.66	adhikara
3.3.18	3.3.67	adhikara
3.3.18	3.3.68	adhikara
3.3.18	3.3.69	adhikara
3.3.18	3.3.70	adhikara
3.3.18	3.3.71	adhikara
3.3.18	3.3.72	adhikara
3.3.18	3.3.73	adhikara
3.3.18	3.3.74	adhikara
3.3.18	3.3.75	adhikara
3.3.18	3.3.76	adhikara
3.3.18	3.3.77	adhikara
3.3.18	3.3.78	adhikara
3.3.18	3.3.79	adhikara
3.3.18	3.3.80	adhikara
3.3.18	3.3.81	adhikara
3.3.18	3.3.82	adhikara
3.3.18	3.3.83	adhikara
3.3.18	3.3.84	adhikara
3.3.18	3.3.85	adhikara
3.3.18	3.3.86	adhikara
3.3.18	3.3.87	adhikara
3.3.18	3.3.88	adhikara
3.3.18	3.3.89	adhikara
3.3.18	3.3.90	adhikara
3.3.18	3.3.91	adhikara
3.3.18	3.3.92	adhikara
3.3.18	3.3.93	adhikara
3.3.18	3.3.94	adhikara
3.3.18	3.3.95	adhikara
3.3.18	3.3.96	adhikara
3.3.18	3.3.97	adhikara
3.3.18	3.3.98	adhikara
3.3.18	3.3.99	adhikara
3.3.18	3.3.100	adhikara
3.3.18	3.3.101	adhikara
3.3.18	3.3.102	adhikara
3.3.18	3.3.103	adhikara
3.3.18	3.3.104	adhikara
3.3.18	3.3.105	adhikara
3.3.18	3.3.106	adhikara
3.3.18	3.3.107	adhikara
3.3.18	3.3.108	adhikara
3.3.18	3.3.109	adhikara
3.3.18	3.3.110	adhikara
3.3.18	3.3.111	adhikara
3.3.18	3.3.112	adhikara
3.3.19	3.3.20	adhikara
3.3.19	3.3.21	adhikara
3.3.19	3.3.22	adhikara
3.3.19	3.3.23	adhikara
3.3.19	3.3.24	adhikara
3.3.19	3.3.25	adhikara
3.3.19	3.3.26	adhikara
3.3.19	3.3.27	adhikara
3.3.19	3.3.28	adhikara
3.3.19	3.3.29	adhikara
3.3.19	3.3.30	adhikara
3.3.19	3.3.31	adhikara
3.3.19	3.3.32	adhikara
3.3.19	3.3.33	adhikara
3.3.19	3.3.34	adhikara
3.3.19	3.3.35	adhikara
3.3.19	3.3.36	adhikara
3.3.19	3.3.37	adhikara
3.3.19	3.3.38	adhikara
3.3.19	3.3.39	adhikara
3.3.19	3.3.40	adhikara
3.3.19	3.3.41	adhikara
3.3.19	3.3.42	adhikara
3.3.19	3.3.43	adhikara
3.3.19	3.3.44	adhikara
3.3.19	3.3.45	adhikara
3.3.19	3.3.46	adhikara
3.3.19	3.3.47	adhikara
3.3.19	3.3.48	adhikara
3.3.19	3.3.49	adhikara
3.3.19	3.3.50	adhikara
3.3.19	3.3.51	adhikara
3.3.19	3.3.52	adhikara
3.3.19	3.3.53	adhikara
3.3.19	3.3.54	adhikara
3.3.19	3.3.55	adhikara
3.3.19	3.3.56	adhikara
3.3.19	3.3.57	adhikara
3.3.19	3.3.58	adhikara
3.3.19	3.3.59	adhikara
3.3.19	3.3.60	adhikara
3.3.19	3.3.61	adhikara
3.3.19	3.3.62	adhikara
3.3.19	3.3.63	adhikara
3.3.19	3.3.64	adhikara
3.3.19	3.3.65	adhikara
3.3.19	3.3.66	adhikara
3.3.19	3.3.67	adhikara
3.3.19	3.3.68	adhikara
3.3.19	3.3.69	adhikara
3.3.19	3.3.70	adhikara
3.3.19	3.3.71	adhikara
3.3.19	3.3.72	adhikara
3.3.19	3.3.73	adhikara
3.3.19	3.3.74	adhikara
3.3.19	3.3.75	adhikara
3.3.19	3.3.76	adhikara
3.3.19	3.3.77	adhikara
3.3.19	3.3.78	adhikara
3.3.19	3.3.79	adhikara
3.3.19	3.3.80	adhikara
3.3.19	3.3.81	adhikara
3.3.19	3.3.82	adhikara
3.3.19	3.3.83	adhikara
3.3.19	3.3.84	adhikara
3.3.19	3.3.85	adhikara
3.3.19	3.3.86	adhikara
3.3.19	3.3.87	adhikara
3.3.19	3.3.88	adhikara
3.3.19	3.3.89	adhikara
3.3.19	3.3.90	adhikara
3.3.19	3.3.91	adhikara
3.3.19	3.3.92	adhikara
3.3.19	3.3.93	adhikara
3.3.19	3.3.94	adhikara
3.3.19	3.3.95	adhikara
3.3.19	3.3.96	adhikara
3.3.19	3.3.97	adhikara
3.3.19	3.3.98	adhikara
3.3.19	3.3.99	adhikara
3.3.19	3.3.100	adhikara
3.3.19	3.3.101	adhikara
3.3.19	3.3.102	adhikara
3.3.19	3.3.103	adhikara
3.3.19	3.3.104	adhikara
3.3.19	3.3.105	adhikara
3.3.19	3.3.106	adhikara
3.3.19	3.3.107	adhikara
3.3.19	3.3.108	adhikara
3.3.19	3.3.109	adhikara
3.3.19	3.3.110	adhikara
3.3.19	3.3.111	adhikara
3.3.19	3.3.112	adhikara
3.3.29	3.3.30	anuvritti
3.3.32	3.3.33	anuvritti
3.3.32	3.3.34	anuvritti
3.3.33	3.3.34	anuvritti
3.3.35	3.3.36	anuvritti
3.3.40	3.3.41	anuvritti
3.3.40	3.3.42	anuvritti
3.3.41	3.3.42	anuvritti
3.3.45	3.3.46	anuvritti
3.3.45	3.3.47	anuvritti
3.3.50	3.3.51	anuvritti
3.3.50	3.3.52	anuvritti
3.3.50	3.3.53	anuvritti
3.3.50	3.3.54	anuvritti
3.3.50	3.3.55	anuvritti
3.3.51	3.3.52	anuvritti
3.3.51	3.3.53	anuvritti
3.3.52	3.3.53	anuvritti
3.3.52	3.3.54	anuvritti
3.3.57	3.3.58	anuvritti
3.3.57	3.3.59	anuvritti
3.3.57	3.3.60	anuvritti
3.3.57	3.3.61	anuvritti
3.3.57	3.3.62	anuvritti
3.3.57	3.3.63	anuvritti
3.3.57	3.3.64	anuvritti
3.3.57	3.3.65	anuvritti
3.3.57	3.3.66	anuvritti
3.3.57	3.3.67	anuvritti
3.3.57	3.3.68	anuvritti
3.3.57	3.3.69	anuvritti
3.3.57	3.3.70	anuvritti
3.3.57	3.3.71	anuvritti
3.3.57	3.3.72	anuvritti
3.3.57	3.3.73	anuvritti
3.3.57	3.3.74	anuvritti
3.3.57	3.3.75	anuvritti
3.3.57	3.3.76	anuvritti
3.3.57	3.3.77	anuvritti
3.3.57	3.3.78	anuvritti
3.3.57	3.3.79	anuvritti
3.3.57	3.3.80	anuvritti
3.3.57	3.3.81	anuvritti
3.3.57	3.3.82	anuvritti
3.3.57	3.3.83	anuvritti
3.3.57	3.3.84	anuvritti
3.3.57	3.3.85	anuvritti
3.3.57	3.3.86	anuvritti
3.3.57	3.3.87	anuvritti
3.3.59	3.3.60	anuvritti
3.3.61	3.3.62	anuvritti
3.3.61	3.3.63	anuvritti
3.3.61	3.3.64	anuvritti
3.3.61	3.3.65	anuvritti
3.3.62	3.3.63	anuvritti
3.3.62	3.3.64	anuvritti
3.3.62	3.3.65	anuvritti
3.3.64	3.3.65	anuvritti
3.3.72	3.3.73	anuvritti
3.3.72	3.3.74	anuvritti
3.3.72	3.3.75	anuvritti
3.3.75	3.3.76	anuvritti
3.3.76	3.3.77	anuvritti
3.3.76	3.3.78	anuvritti
3.3.76	3.3.79	anuvritti
3.3.76	3.3.80	anuvritti
3.3.76	3.3.81	anuvritti
3.3.76	3.3.82	anuvritti
3.3.76	3.3.83	anuvritti
3.3.76	3.3.84	anuvritti
3.3.76	3.3.85	anuvritti
3.3.76	3.3.86	anuvritti
3.3.76	3.3.87	anuvritti
3.3.82	3.3.83	anuvritti
3.3.82	3.3.84	anuvritti
3.3.92	3.3.93	anuvritti
3.3.94	3.3.95	adhikara
3.3.94	3.3.95	anuvritti
3.3.94	3.3.96	adhikara
3.3.94	3.3.96	anuvritti
3.3.94	3.3.97	adhikara
3.3.94	3.3.97	anuvritti
3.3.94	3.3.98	adhikara
3.3.94	3.3.99	adhikara
3.3.94	3.3.100	adhikara
3.3.94	3.3.101	adhikara
3.3.94	3.3.102	adhikara
3.3.94	3.3.103	adhikara
3.3.94	3.3.104	adhikara
3.3.94	3.3.105	adhikara
3.3.94	3.3.106	adhikara
3.3.94	3.3.107	adhikara
3.3.94	3.3.108	adhikara
3.3.94	3.3.109	adhikara
3.3.94	3.3.110	adhikara
3.3.94	3.3.111	adhikara
3.3.94	3.3.112	adhikara
3.3.95	3.3.96	anuvritti
3.3.96	3.3.97	anuvritti
3.3.96	3.3.98	anuvritti
3.3.96	3.3.99	anuvritti
3.3.96	3.3.100	anuvritti
3.3.98	3.3.99	anuvritti
3.3.98	3.3.100	anuvritti
3.3.100	3.3.101	anuvritti
3.3.102	3.3.103	anuvritti
3.3.104	3.3.105	anuvritti
3.3.104	3.3.106	anuvritti
3.3.108	3.3.109	anuvritti
3.3.108	3.3.110	anuvritti
3.3.114	3.3.115	anuvritti
3.3.114	3.3.116	anuvritti
3.3.115	3.3.116	anuvritti
3.3.115	3.3.117	anuvritti
3.3.117	3.3.118	adhikara
3.3.117	3.3.118	anuvritti
3.3.117	3.3.119	adhikara
3.3.117	3.3.119	anuvritti
3.3.117	3.3.120	adhikara
3.3.117	3.3.120	anuvritti
3.3.117	3.3.121	adhikara
3.3.117	3.3.121	anuvritti
3.3.117	3.3.122	adhikara
3.3.117	3.3.122	anuvritti
3.3.117	3.3.123	adhikara
3.3.117	3.3.123	anuvritti
3.3.117	3.3.124	adhikara
3.3.117	3.3.124	anuvritti
3.3.117	3.3.125	adhikara
3.3.117	3.3.125	anuvritti
3.3.118	3.3.119	anuvritti
3.3.118	3.3.120	anuvritti
3.3.118	3.3.121	anuvritti
3.3.118	3.3.122	anuvritti
3.3.118	3.3.123	anuvritti
3.3.118	3.3.124	anuvritti
3.3.118	3.3.125	anuvritti
3.3.120	3.3.121	anuvritti
3.3.120	3.3.122	anuvritti
3.3.120	3.3.123	anuvritti
3.3.120	3.3.124	anuvritti
3.3.120	3.3.125	anuvritti
3.3.126	3.3.127	anuvritti
3.3.126	3.3.128	anuvritti
3.3.128	3.3.129	anuvritti
3.3.128	3.3.130	anuvritti
3.3.129	3.3.130	anuvritti
3.3.131	3.3.132	anuvritti
3.3.132	3.3.133	anuvritti
3.3.135	3.3.136	anuvritti
3.3.135	3.3.137	anuvritti
3.3.135	3.3.138	anuvritti
3.3.136	3.3.137	anuvritti
3.3.136	3.3.138	anuvritti
3.3.136	3.3.139	anuvritti
3.3.137	3.3.138	anuvritti
3.3.139	3.3.140	anuvritti
3.3.139	3.3.141	anuvritti
3.3.140	3.3.141	anuvritti
3.3.141	3.3.142	anuvritti
3.3.141	3.3.143	anuvritti
3.3.141	3.3.144	anuvritti
3.3.141	3.3.145	anuvritti
3.3.141	3.3.146	anuvritti
3.3.141	3.3.147	anuvritti
3.3.141	3.3.148	anuvritti
3.3.141	3.3.149	anuvritti
3.3.141	3.3.150	anuvritti
3.3.141	3.3.151	anuvritti
3.3.142	3.3.143	anuvritti
3.3.142	3.3.144	anuvritti
3.3.144	3.3.145	anuvritti
3.3.145	3.3.146	anuvritti
3.3.145	3.3.147	anuvritti
3.3.145	3.3.148	anuvritti
3.3.147	3.3.148	anuvritti
3.3.147	3.3.149	anuvritti
3.3.147	3.3.150	anuvritti
3.3.148	3.3.149	anuvritti
3.3.148	3.3.150	anuvritti
3.3.150	3.3.151	anuvritti
3.3.152	3.3.153	anuvritti
3.3.152	3.3.154	anuvritti
3.3.152	3.3.155	anuvritti
3.3.154	3.3.155	anuvritti
3.3.155	3.3.156	anuvritti
3.3.157	3.3.158	anuvritti
3.3.157	3.3.159	anuvritti
3.3.158	3.3.159	anuvritti
3.3.159	3.3.160	anuvritti
3.3.161	3.3.162	anuvritti
3.3.162	3.3.163	anuvritti
3.3.163	3.3.164	anuvritti
3.3.163	3.3.165	anuvritti
3.3.164	3.3.165	anuvritti
3.3.165	3.3.166	anuvritti
3.3.167	3.3.168	anuvritti
3.3.168	3.3.169	anuvritti
3.3.170	3.3.171	anuvritti
3.3.171	3.3.172	anuvritti
3.3.175	3.3.176	anuvritti
3.4.1	3.4.2	anuvritti
3.4.1	3.4.3	anuvritti
3.4.1	3.4.4	anuvritti
3.4.1	3.4.5	anuvritti
3.4.1	3.4.6	anuvritti
3.4.2	3.4.3	anuvritti
3.4.4	3.4.5	anuvritti
3.4.6	3.4.7	anuvritti
3.4.6	3.4.8	anuvritti
3.4.6	3.4.9	anuvritti
3.4.6	3.4.10	anuvritti
3.4.6	3.4.11	anuvritti
3.4.6	3.4.12	anuvritti
3.4.6	3.4.13	anuvritti
3.4.6	3.4.14	anuvritti
3.4.6	3.4.15	anuvritti
3.4.6	3.4.16	anuvritti
3.4.6	3.4.17	anuvritti
3.4.7	3.4.8	anuvritti
3.4.9	3.4.10	anuvritti
3.4.9	3.4.11	anuvritti
3.4.9	3.4.12	anuvritti
3.4.9	3.4.13	anuvritti
3.4.14	3.4.15	anuvritti
3.4.16	3.4.17	anuvritti
3.4.18	3.4.19	anuvritti
3.4.18	3.4.20	anuvritti
3.4.18	3.4.21	anuvritti
3.4.18	3.4.22	anuvritti
3.4.18	3.4.23	anuvritti
3.4.18	3.4.24	anuvritti
3.4.21	3.4.22	anuvritti
3.4.21	3.4.23	anuvritti
3.4.21	3.4.24	anuvritti
3.4.21	3.4.25	anuvritti
3.4.21	3.4.26	anuvritti
3.4.22	3.4.23	anuvritti
3.4.22	3.4.24	anuvritti
3.4.25	3.4.26	anuvritti
3.4.25	3.4.27	anuvritti
3.4.25	3.4.28	anuvritti
3.4.26	3.4.27	anuvritti
3.4.26	3.4.28	anuvritti
3.4.26	3.4.29	anuvritti
3.4.26	3.4.30	anuvritti
3.4.26	3.4.31	anuvritti
3.4.26	3.4.32	anuvritti
3.4.26	3.4.33	anuvritti
3.4.26	3.4.34	anuvritti
3.4.26	3.4.35	anuvritti
3.4.26	3.4.36	anuvritti
3.4.26	3.4.37	anuvritti
3.4.26	3.4.38	anuvritti
3.4.26	3.4.39	anuvritti
3.4.26	3.4.40	anuvritti
3.4.26	3.4.41	anuvritti
3.4.26	3.4.42	anuvritti
3.4.26	3.4.43	anuvritti
3.4.26	3.4.44	anuvritti
3.4.26	3.4.45	anuvritti
3.4.26	3.4.46	anuvritti
3.4.26	3.4.47	anuvritti
3.4.26	3.4.48	anuvritti
3.4.26	3.4.49	anuvritti
3.4.26	3.4.50	anuvritti
3.4.26	3.4.51	anuvritti
3.4.26	3.4.52	anuvritti
3.4.26	3.4.53	anuvritti
3.4.26	3.4.54	anuvritti
3.4.26	3.4.55	anuvritti
3.4.26	3.4.56	anuvritti
3.4.26	3.4.57	anuvritti
3.4.26	3.4.58	anuvritti
3.4.27	3.4.28	anuvritti
3.4.29	3.4.30	anuvritti
3.4.29	3.4.31	anuvritti
3.4.29	3.4.32	anuvritti
3.4.29	3.4.33	anuvritti
3.4.29	3.4.34	anuvritti
3.4.29	3.4.35	anuvritti
3.4.29	3.4.36	anuvritti
3.4.31	3.4.32	anuvritti
3.4.32	3.4.33	anuvritti
3.4.37	3.4.38	anuvritti
3.4.37	3.4.39	anuvritti
3.4.37	3.4.40	anuvritti
3.4.41	3.4.42	anuvritti
3.4.43	3.4.44	anuvritti
3.4.43	3.4.45	anuvritti
3.4.47	3.4.48	anuvritti
3.4.47	3.4.49	anuvritti
3.4.47	3.4.50	anuvritti
3.4.47	3.4.51	anuvritti
3.4.49	3.4.50	anuvritti
3.4.49	3.4.51	anuvritti
3.4.52	3.4.53	anuvritti
3.4.53	3.4.54	anuvritti
3.4.53	3.4.55	anuvritti
3.4.53	3.4.56	anuvritti
3.4.53	3.4.57	anuvritti
3.4.53	3.4.58	anuvritti
3.4.54	3.4.55	anuvritti
3.4.59	3.4.60	anuvritti
3.4.59	3.4.61	anuvritti
3.4.59	3.4.62	anuvritti
3.4.59	3.4.63	anuvritti
3.4.59	3.4.64	anuvritti
3.4.61	3.4.62	anuvritti
3.4.63	3.4.64	anuvritti
3.4.65	3.4.66	anuvritti
3.4.67	3.4.68	anuvritti
3.4.67	3.4.69	anuvritti
3.4.71	3.4.72	anuvritti
3.4.77	3.4.78	adhikara
3.4.77	3.4.79	adhikara
3.4.77	3.4.80	adhikara
3.4.77	3.4.81	adhikara
3.4.77	3.4.82	adhikara
3.4.77	3.4.83	adhikara
3.4.77	3.4.84	adhikara
3.4.77	3.4.85	adhikara
3.4.77	3.4.86	adhikara
3.4.77	3.4.87	adhikara
3.4.77	3.4.88	adhikara
3.4.77	3.4.89	adhikara
3.4.77	3.4.90	adhikara
3.4.77	3.4.91	adhikara
3.4.77	3.4.92	adhikara
3.4.77	3.4.93	adhikara
3.4.77	3.4.94	adhikara
3.4.77	3.4.95	adhikara
3.4.77	3.4.96	adhikara
3.4.77	3.4.97	adhikara
3.4.77	3.4.98	adhikara
3.4.77	3.4.99	adhikara
3.4.77	3.4.100	adhikara
3.4.77	3.4.101	adhikara
3.4.77	3.4.102	adhikara
3.4.77	3.4.103	adhikara
3.4.77	3.4.104	adhikara
3.4.77	3.4.105	adhikara
3.4.77	3.4.106	adhikara
3.4.77	3.4.107	adhikara
3.4.77	3.4.108	adhikara
3.4.77	3.4.109	adhikara
3.4.77	3.4.110	adhikara
3.4.77	3.4.111	adhikara
3.4.77	3.4.112	adhikara
3.4.79	3.4.80	anuvritti
3.4.81	3.4.82	anuvritti
3.4.82	3.4.83	anuvritti
3.4.82	3.4.84	anuvritti
3.4.83	3.4.84	anuvritti
3.4.85	3.4.86	anuvritti
3.4.85	3.4.87	anuvritti
3.4.85	3.4.88	anuvritti
3.4.85	3.4.89	anuvritti
3.4.85	3.4.90	anuvritti
3.4.85	3.4.91	anuvritti
3.4.85	3.4.92	anuvritti
3.4.85	3.4.93	anuvritti
3.4.87	3.4.88	anuvritti
3.4.90	3.4.91	anuvritti
3.4.92	3.4.93	anuvritti
3.4.94	3.4.95	anuvritti
3.4.94	3.4.96	anuvritti
3.4.94	3.4.97	anuvritti
3.4.94	3.4.98	anuvritti
3.4.95	3.4.96	anuvritti
3.4.96	3.4.97	anuvritti
3.4.96	3.4.98	anuvritti
3.4.97	3.4.98	anuvritti
3.4.97	3.4.99	anuvritti
3.4.97	3.4.100	anuvritti
3.4.98	3.4.99	anuvritti
3.4.99	3.4.100	anuvritti
3.4.99	3.4.101	anuvritti
3.4.102	3.4.103	anuvritti
3.4.102	3.4.104	anuvritti
3.4.102	3.4.105	anuvritti
3.4.102	3.4.106	anuvritti
3.4.102	3.4.107	anuvritti
3.4.102	3.4.108	anuvritti
3.4.103	3.4.104	anuvritti
3.4.108	3.4.109	anuvritti
3.4.108	3.4.110	anuvritti
3.4.108	3.4.111	anuvritti
3.4.108	3.4.112	anuvritti
3.4.110	3.4.111	anuvritti
3.4.111	3.4.112	anuvritti
3.4.114	3.4.115	anuvritti
3.4.114	3.4.116	anuvritti
3.4.114	3.4.117	anuvritti
4.1.1	4.1.2	adhikara
4.1.1	4.1.3	adhikara
4.1.1	4.1.4	adhikara
4.1.1	4.1.5	adhikara
4.1.1	4.1.6	adhikara
4.1.1	4.1.7	adhikara
4.1.1	4.1.8	adhikara
4.1.1	4.1.9	adhikara
4.1.1	4.1.10	adhikara
4.1.1	4.1.11	adhikara
4.1.1	4.1.12	adhikara
4.1.1	4.1.13	adhikara
4.1.1	4.1.14	adhikara
4.1.1	4.1.15	adhikara
4.1.1	4.1.16	adhikara
4.1.1	4.1.17	adhikara
4.1.1	4.1.18	adhikara
4.1.1	4.1.19	adhikara
4.1.1	4.1.20	adhikara
4.1.1	4.1.21	adhikara
4.1.1	4.1.22	adhikara
4.1.1	4.1.23	adhikara
4.1.1	4.1.24	adhikara
4.1.1	4.1.25	adhikara
4.1.1	4.1.26	adhikara
4.1.1	4.1.27	adhikara
4.1.1	4.1.28	adhikara
4.1.1	4.1.29	adhikara
4.1.1	4.1.30	adhikara
4.1.1	4.1.31	adhikara
4.1.1	4.1.32	adhikara
4.1.1	4.1.33	adhikara
4.1.1	4.1.34	adhikara
4.1.1	4.1.35	adhikara
4.1.1	4.1.36	adhikara
4.1.1	4.1.37	adhikara
4.1.1	4.1.38	adhikara
4.1.1	4.1.39	adhikara
4.1.1	4.1.40	adhikara
4.1.1	4.1.41	adhikara
4.1.1	4.1.42	adhikara
4.1.1	4.1.43	adhikara
4.1.1	4.1.44	adhikara
4.1.1	4.1.45	adhikara
4.1.1	4.1.46	adhikara
4.1.1	4.1.47	adhikara
4.1.1	4.1.48	adhikara
4.1.1	4.1.49	adhikara
4.1.1	4.1.50	adhikara
4.1.1	4.1.51	adhikara
4.1.1	4.1.52	adhikara
4.1.1	4.1.53	adhikara
4.1.1	4.1.54	adhikara
4.1.1	4.1.55	adhikara
4.1.1	4.1.56	adhikara
4.1.1	4.1.57	adhikara
4.1.1	4.1.58	adhikara
4.1.1	4.1.59	adhikara
4.1.1	4.1.60	adhikara
4.1.1	4.1.61	adhikara
4.1.1	4.1.62	adhikara
4.1.1	4.1.63	adhikara
4.1.1	4.1.64	adhikara
4.1.1	4.1.65	adhikara
4.1.1	4.1.66	adhikara
4.1.1	4.1.67	adhikara
4.1.1	4.1.68	adhikara
4.1.1	4.1.69	adhikara
4.1.1	4.1.70	adhikara
4.1.1	4.1.71	adhikara
4.1.1	4.1.72	adhikara
4.1.1	4.1.73	adhikara
4.1.1	4.1.74	adhikara
4.1.1	4.1.75	adhikara
4.1.1	4.1.76	adhikara
4.1.1	4.1.77	adhikara
4.1.1	4.1.78	adhikara
4.1.1	4.1.79	adhikara
4.1.1	4.1.80	adhikara
4.1.1	4.1.81	adhikara
4.1.1	4.1.82	adhikara
4.1.1	4.1.83	adhikara
4.1.1	4.1.84	adhikara
4.1.1	4.1.85	adhikara
4.1.1	4.1.86	adhikara
4.1.1	4.1.87	adhikara
4.1.1	4.1.88	adhikara
4.1.1	4.1.89	adhikara
4.1.1	4.1.90	adhikara
4.1.1	4.1.91	adhikara
4.1.1	4.1.92	adhikara
4.1.1	4.1.93	adhikara
4.1.1	4.1.94	adhikara
4.1.1	4.1.95	adhikara
4.1.1	4.1.96	adhikara
4.1.1	4.1.97	adhikara
4.1.1	4.1.98	adhikara
4.1.1	4.1.99	adhikara
4.1.1	4.1.100	adhikara
4.1.1	4.1.101	adhikara
4.1.1	4.1.102	adhikara
4.1.1	4.1.103	adhikara
4.1.1	4.1.104	adhikara
4.1.1	4.1.105	adhikara
4.1.1	4.1.106	adhikara
4.1.1	4.1.107	adhikara
4.1.1	4.1.108	adhikara
4.1.1	4.1.109	adhikara
4.1.1	4.1.110	adhikara
4.1.1	4.1.111	adhikara
4.1.1	4.1.112	adhikara
4.1.1	4.1.113	adhikara
4.1.1	4.1.114	adhikara
4.1.1	4.1.115	adhikara
4.1.1	4.1.116	adhikara
4.1.1	4.1.117	adhikara
4.1.1	4.1.118	adhikara
4.1.1	4.1.119	adhikara
4.1.1	4.1.120	adhikara
4.1.1	4.1.121	adhikara
4.1.1	4.1.122	adhikara
4.1.1	4.1.123	adhikara
4.1.1	4.1.124	adhikara
4.1.1	4.1.125	adhikara
4.1.1	4.1.126	adhikara
4.1.1	4.1.127	adhikara
4.1.1	4.1.128	adhikara
4.1.1	4.1.129	adhikara
4.1.1	4.1.130	adhikara
4.1.1	4.1.131	adhikara
4.1.1	4.1.132	adhikara
4.1.1	4.1.133	adhikara
4.1.1	4.1.134	adhikara
4.1.1	4.1.135	adhikara
4.1.1	4.1.136	adhikara
4.1.1	4.1.137	adhikara
4.1.1	4.1.138	adhikara
4.1.1	4.1.139	adhikara
4.1.1	4.1.140	adhikara
4.1.1	4.1.141	adhikara
4.1.1	4.1.142	adhikara
4.1.1	4.1.143	adhikara
4.1.1	4.1.144	adhikara
4.1.1	4.1.145	adhikara
4.1.1	4.1.146	adhikara
4.1.1	4.1.147	adhikara
4.1.1	4.1.148	adhikara
4.1.1	4.1.149	adhikara
4.1.1	4.1.150	adhikara
4.1.1	4.1.151	adhikara
4.1.1	4.1.152	adhikara
4.1.1	4.1.153	adhikara
4.1.1	4.1.154	adhikara
4.1.1	4.1.155	adhikara
4.1.1	4.1.156	adhikara
4.1.1	4.1.157	adhikara
4.1.1	4.1.158	adhikara
4.1.1	4.1.159	adhikara
4.1.1	4.1.160	adhikara
4.1.1	4.1.161	adhikara
4.1.1	4.1.162	adhikara
4.1.1	4.1.163	adhikara
4.1.1	4.1.164	adhikara
4.1.1	4.1.165	adhikara
4.1.1	4.1.166	adhikara
4.1.1	4.1.167	adhikara
4.1.1	4.1.168	adhikara
4.1.1	4.1.169	adhikara
4.1.1	4.1.170	adhikara
4.1.1	4.1.171	adhikara
4.1.1	4.1.172	adhikara
4.1.1	4.1.173	adhikara
4.1.1	4.1.174	adhikara
4.1.1	4.1.175	adhikara
4.1.1	4.1.176	adhikara
4.1.1	4.1.177	adhikara
4.1.1	4.1.178	adhikara
4.1.1	4.2.1	adhikara
4.1.1	4.2.2	adhikara
4.1.1	4.2.3	adhikara
4.1.1	4.2.4	adhikara
4.1.1	4.2.5	adhikara
4.1.1	4.2.6	adhikara
4.1.1	4.2.7	adhikara
4.1.1	4.2.8	adhikara
4.1.1	4.2.9	adhikara
4.1.1	4.2.10	adhikara
4.1.1	4.2.11	adhikara
4.1.1	4.2.12	adhikara
4.1.1	4.2.13	adhikara
4.1.1	4.2.14	adhikara
4.1.1	4.2.15	adhikara
4.1.1	4.2.16	adhikara
4.1.1	4.2.17	adhikara
4.1.1	4.2.18	adhikara
4.1.1	4.2.19	adhikara
4.1.1	4.2.20	adhikara
4.1.1	4.2.21	adhikara
4.1.1	4.2.22	adhikara
4.1.1	4.2.23	adhikara
4.1.1	4.2.24	adhikara
4.1.1	4.2.25	adhikara
4.1.1	4.2.26	adhikara
4.1.1	4.2.27	adhikara
4.1.1	4.2.28	adhikara
4.1.1	4.2.29	adhikara
4.1.1	4.2.30	adhikara
4.1.1	4.2.31	adhikara
4.1.1	4.2.32	adhikara
4.1.1	4.2.33	adhikara
4.1.1	4.2.34	adhikara
4.1.1	4.2.35	adhikara
4.1.1	4.2.36	adhikara
4.1.1	4.2.37	adhikara
4.1.1	4.2.38	adhikara
4.1.1	4.2.39	adhikara
4.1.1	4.2.40	adhikara
4.1.1	4.2.41	adhikara
4.1.1	4.2.42	adhikara
4.1.1	4.2.43	adhikara
4.1.1	4.2.44	adhikara
4.1.1	4.2.45	adhikara
4.1.1	4.2.46	adhikara
4.1.1	4.2.47	adhikara
4.1.1	4.2.48	adhikara
4.1.1	4.2.49	adhikara
4.1.1	4.2.50	adhikara
4.1.1	4.2.51	adhikara
4.1.1	4.2.52	adhikara
4.1.1	4.2.53	adhikara
4.1.1	4.2.54	adhikara
4.1.1	4.2.55	adhikara
4.1.1	4.2.56	adhikara
4.1.1	4.2.57	adhikara
4.1.1	4.2.58	adhikara
4.1.1	4.2.59	adhikara
4.1.1	4.2.60	adhikara
4.1.1	4.2.61	adhikara
4.1.1	4.2.62	adhikara
4.1.1	4.2.63	adhikara
4.1.1	4.2.64	adhikara
4.1.1	4.2.65	adhikara
4.1.1	4.2.66	adhikara
4.1.1	4.2.67	adhikara
4.1.1	4.2.68	adhikara
4.1.1	4.2.69	adhikara
4.1.1	4.2.70	adhikara
4.1.1	4.2.71	adhikara
4.1.1	4.2.72	adhikara
4.1.1	4.2.73	adhikara
4.1.1	4.2.74	adhikara
4.1.1	4.2.75	adhikara
4.1.1	4.2.76	adhikara
4.1.1	4.2.77	adhikara
4.1.1	4.2.78	adhikara
4.1.1	4.2.79	adhikara
4.1.1	4.2.80	adhikara
4.1.1	4.2.81	adhikara
4.1.1	4.2.82	adhikara
4.1.1	4.2.83	adhikara
4.1.1	4.2.84	adhikara
4.1.1	4.2.85	adhikara
4.1.1	4.2.86	adhikara
4.1.1	4.2.87	adhikara
4.1.1	4.2.88	adhikara
4.1.1	4.2.89	adhikara
4.1.1	4.2.90	adhikara
4.1.1	4.2.91	adhikara
4.1.1	4.2.92	adhikara
4.1.1	4.2.93	adhikara
4.1.1	4.2.94	adhikara
4.1.1	4.2.95	adhikara
4.1.1	4.2.96	adhikara
4.1.1	4.2.97	adhikara
4.1.1	4.2.98	adhikara
4.1.1	4.2.99	adhikara
4.1.1	4.2.100	adhikara
4.1.1	4.2.101	adhikara
4.1.1	4.2.102	adhikara
4.1.1	4.2.103	adhikara
4.1.1	4.2.104	adhikara
4.1.1	4.2.105	adhikara
4.1.1	4.2.106	adhikara
4.1.1	4.2.107	adhikara
4.1.1	4.2.108	adhikara
4.1.1	4.2.109	adhikara
4.1.1	4.2.110	adhikara
4.1.1	4.2.111	adhikara
4.1.1	4.2.112	adhikara
4.1.1	4.2.113	adhikara
4.1.1	4.2.114	adhikara
4.1.1	4.2.115	adhikara
4.1.1	4.2.116	adhikara
4.1.1	4.2.117	adhikara
4.1.1	4.2.118	adhikara
4.1.1	4.2.119	adhikara
4.1.1	4.2.120	adhikara
4.1.1	4.2.121	adhikara
4.1.1	4.2.122	adhikara
4.1.1	4.2.123	adhikara
4.1.1	4.2.124	adhikara
4.1.1	4.2.125	adhikara
4.1.1	4.2.126	adhikara
4.1.1	4.2.127	adhikara
4.1.1	4.2.128	adhikara
4.1.1	4.2.129	adhikara
4.1.1	4.2.130	adhikara
4.1.1	4.2.131	adhikara
4.1.1	4.2.132	adhikara
4.1.1	4.2.133	adhikara
4.1.1	4.2.134	adhikara
4.1.1	4.2.135	adhikara
4.1.1	4.2.136	adhikara
4.1.1	4.2.137	adhikara
4.1.1	4.2.138	adhikara
4.1.1	4.2.139	adhikara
4.1.1	4.2.140	adhikara
4.1.1	4.2.141	adhikara
4.1.1	4.2.142	adhikara
4.1.1	4.2.143	adhikara
4.1.1	4.2.144	adhikara
4.1.1	4.2.145	adhikara
4.1.1	4.3.1	adhikara
4.1.1	4.3.2	adhikara
4.1.1	4.3.3	adhikara
4.1.1	4.3.4	adhikara
4.1.1	4.3.5	adhikara
4.1.1	4.3.6	adhikara
4.1.1	4.3.7	adhikara
4.1.1	4.3.8	adhikara
4.1.1	4.3.9	adhikara
4.1.1	4.3.10	adhikara
4.1.1	4.3.11	adhikara
4.1.1	4.3.12	adhikara
4.1.1	4.3.13	adhikara
4.1.1	4.3.14	adhikara
4.1.1	4.3.15	adhikara
4.1.1	4.3.16	adhikara
4.1.1	4.3.17	adhikara
4.1.1	4.3.18	adhikara
4.1.1	4.3.19	adhikara
4.1.1	4.3.20	adhikara
4.1.1	4.3.21	adhikara
4.1.1	4.3.22	adhikara
4.1.1	4.3.23	adhikara
4.1.1	4.3.24	adhikara
4.1.1	4.3.25	adhikara
4.1.1	4.3.26	adhikara
4.1.1	4.3.27	adhikara
4.1.1	4.3.28	adhikara
4.1.1	4.3.29	adhikara
4.1.1	4.3.30	adhikara
4.1.1	4.3.31	adhikara
4.1.1	4.3.32	adhikara
4.1.1	4.3.33	adhikara
4.1.1	4.3.34	adhikara
4.1.1	4.3.35	adhikara
4.1.1	4.3.36	adhikara
4.1.1	4.3.37	adhikara
4.1.1	4.3.38	adhikara
4.1.1	4.3.39	adhikara
4.1.1	4.3.40	adhikara
4.1.1	4.3.41	adhikara
4.1.1	4.3.42	adhikara
4.1.1	4.3.43	adhikara
4.1.1	4.3.44	adhikara
4.1.1	4.3.45	adhikara
4.1.1	4.3.46	adhikara
4.1.1	4.3.47	adhikara
4.1.1	4.3.48	adhikara
4.1.1	4.3.49	adhikara
4.1.1	4.3.50	adhikara
4.1.1	4.3.51	adhikara
4.1.1	4.3.52	adhikara
4.1.1	4.3.53	adhikara
4.1.1	4.3.54	adhikara
4.1.1	4.3.55	adhikara
4.1.1	4.3.56	adhikara
4.1.1	4.3.57	adhikara
4.1.1	4.3.58	adhikara
4.1.1	4.3.59	adhikara
4.1.1	4.3.60	adhikara
4.1.1	4.3.61	adhikara
4.1.1	4.3.62	adhikara
4.1.1	4.3.63	adhikara
4.1.1	4.3.64	adhikara
4.1.1	4.3.65	adhikara
4.1.1	4.3.66	adhikara
4.1.1	4.3.67	adhikara
4.1.1	4.3.68	adhikara
4.1.1	4.3.69	adhikara
4.1.1	4.3.70	adhikara
4.1.1	4.3.71	adhikara
4.1.1	4.3.72	adhikara
4.1.1	4.3.73	adhikara
4.1.1	4.3.74	adhikara
4.1.1	4.3.75	adhikara
4.1.1	4.3.76	adhikara
4.1.1	4.3.77	adhikara
4.1.1	4.3.78	adhikara
4.1.1	4.3.79	adhikara
4.1.1	4.3.80	adhikara
4.1.1	4.3.81	adhikara
4.1.1	4.3.82	adhikara
4.1.1	4.3.83	adhikara
4.1.1	4.3.84	adhikara
4.1.1	4.3.85	adhikara
4.1.1	4.3.86	adhikara
4.1.1	4.3.87	adhikara
4.1.1	4.3.88	adhikara
4.1.1	4.3.89	adhikara
4.1.1	4.3.90	adhikara
4.1.1	4.3.91	adhikara
4.1.1	4.3.92	adhikara
4.1.1	4.3.93	adhikara
4.1.1	4.3.94	adhikara
4.1.1	4.3.95	adhikara
4.1.1	4.3.96	adhikara
4.1.1	4.3.97	adhikara
4.1.1	4.3.98	adhikara
4.1.1	4.3.99	adhikara
4.1.1	4.3.100	adhikara
4.1.1	4.3.101	adhikara
4.1.1	4.3.102	adhikara
4.1.1	4.3.103	adhikara
4.1.1	4.3.104	adhikara
4.1.1	4.3.105	adhikara
4.1.1	4.3.106	adhikara
4.1.1	4.3.107	adhikara
4.1.1	4.3.108	adhikara
4.1.1	4.3.109	adhikara
4.1.1	4.3.110	adhikara
4.1.1	4.3.111	adhikara
4.1.1	4.3.112	adhikara
4.1.1	4.3.113	adhikara
4.1.1	4.3.114	adhikara
4.1.1	4.3.115	adhikara
4.1.1	4.3.116	adhikara
4.1.1	4.3.117	adhikara
4.1.1	4.3.118	adhikara
4.1.1	4.3.119	adhikara
4.1.1	4.3.120	adhikara
4.1.1	4.3.121	adhikara
4.1.1	4.3.122	adhikara
4.1.1	4.3.123	adhikara
4.1.1	4.3.124	adhikara
4.1.1	4.3.125	adhikara
4.1.1	4.3.126	adhikara
4.1.1	4.3.127	adhikara
4.1.1	4.3.128	adhikara
4.1.1	4.3.129	adhikara
4.1.1	4.3.130	adhikara
4.1.1	4.3.131	adhikara
4.1.1	4.3.132	adhikara
4.1.1	4.3.133	adhikara
4.1.1	4.3.134	adhikara
4.1.1	4.3.135	adhikara
4.1.1	4.3.136	adhikara
4.1.1	4.3.137	adhikara
4.1.1	4.3.138	adhikara
4.1.1	4.3.139	adhikara
4.1.1	4.3.140	adhikara
4.1.1	4.3.141	adhikara
4.1.1	4.3.142	adhikara
4.1.1	4.3.143	adhikara
4.1.1	4.3.144	adhikara
4.1.1	4.3.145	adhikara
4.1.1	4.3.146	adhikara
4.1.1	4.3.147	adhikara
4.1.1	4.3.148	adhikara
4.1.1	4.3.149	adhikara
4.1.1	4.3.150	adhikara
4.1.1	4.3.151	adhikara
4.1.1	4.3.152	adhikara
4.1.1	4.3.153	adhikara
4.1.1	4.3.154	adhikara
4.1.1	4.3.155	adhikara
4.1.1	4.3.156	adhikara
4.1.1	4.3.157	adhikara
4.1.1	4.3.158	adhikara
4.1.1	4.3.159	adhikara
4.1.1	4.3.160	adhikara
4.1.1	4.3.161	adhikara
4.1.1	4.3.162	adhikara
4.1.1	4.3.163	adhikara
4.1.1	4.3.164	adhikara
4.1.1	4.3.165	adhikara
4.1.1	4.3.166	adhikara
4.1.1	4.3.167	adhikara
4.1.1	4.3.168	adhikara
4.1.1	4.4.1	adhikara
4.1.1	4.4.2	adhikara
4.1.1	4.4.3	adhikara
4.1.1	4.4.4	adhikara
4.1.1	4.4.5	adhikara
4.1.1	4.4.6	adhikara
4.1.1	4.4.7	adhikara
4.1.1	4.4.8	adhikara
4.1.1	4.4.9	adhikara
4.1.1	4.4.10	adhikara
4.1.1	4.4.11	adhikara
4.1.1	4.4.12	adhikara
4.1.1	4.4.13	adhikara
4.1.1	4.4.14	adhikara
4.1.1	4.4.15	adhikara
4.1.1	4.4.16	adhikara
4.1.1	4.4.17	adhikara
4.1.1	4.4.18	adhikara
4.1.1	4.4.19	adhikara
4.1.1	4.4.20	adhikara
4.1.1	4.4.21	adhikara
4.1.1	4.4.22	adhikara
4.1.1	4.4.23	adhikara
4.1.1	4.4.24	adhikara
4.1.1	4.4.25	adhikara
4.1.1	4.4.26	adhikara
4.1.1	4.4.27	adhikara
4.1.1	4.4.28	adhikara
4.1.1	4.4.29	adhikara
4.1.1	4.4.30	adhikara
4.1.1	4.4.31	adhikara
4.1.1	4.4.32	adhikara
4.1.1	4.4.33	adhikara
4.1.1	4.4.34	adhikara
4.1.1	4.4.35	adhikara
4.1.1	4.4.36	adhikara
4.1.1	4.4.37	adhikara
4.1.1	4.4.38	adhikara
4.1.1	4.4.39	adhikara
4.1.1	4.4.40	adhikara
4.1.1	4.4.41	adhikara
4.1.1	4.4.42	adhikara
4.1.1	4.4.43	adhikara
4.1.1	4.4.44	adhikara
4.1.1	4.4.45	adhikara
4.1.1	4.4.46	adhikara
4.1.1	4.4.47	adhikara
4.1.1	4.4.48	adhikara
4.1.1	4.4.49	adhikara
4.1.1	4.4.50	adhikara
4.1.1	4.4.51	adhikara
4.1.1	4.4.52	adhikara
4.1.1	4.4.53	adhikara
4.1.1	4.4.54	adhikara
4.1.1	4.4.55	adhikara
4.1.1	4.4.56	adhikara
4.1.1	4.4.57	adhikara
4.1.1	4.4.58	adhikara
4.1.1	4.4.59	adhikara
4.1.1	4.4.60	adhikara
4.1.1	4.4.61	adhikara
4.1.1	4.4.62	adhikara
4.1.1	4.4.63	adhikara
4.1.1	4.4.64	adhikara
4.1.1	4.4.65	adhikara
4.1.1	4.4.66	adhikara
4.1.1	4.4.67	adhikara
4.1.1	4.4.68	adhikara
4.1.1	4.4.69	adhikara
4.1.1	4.4.70	adhikara
4.1.1	4.4.71	adhikara
4.1.1	4.4.72	adhikara
4.1.1	4.4.73	adhikara
4.1.1	4.4.74	adhikara
4.1.1	4.4.75	adhikara
4.1.1	4.4.76	adhikara
4.1.1	4.4.77	adhikara
4.1.1	4.4.78	adhikara
4.1.1	4.4.79	adhikara
4.1.1	4.4.80	adhikara
4.1.1	4.4.81	adhikara
4.1.1	4.4.82	adhikara
4.1.1	4.4.83	adhikara
4.1.1	4.4.84	adhikara
4.1.1	4.4.85	adhikara
4.1.1	4.4.86	adhikara
4.1.1	4.4.87	adhikara
4.1.1	4.4.88	adhikara
4.1.1	4.4.89	adhikara
4.1.1	4.4.90	adhikara
4.1.1	4.4.91	adhikara
4.1.1	4.4.92	adhikara
4.1.1	4.4.93	adhikara
4.1.1	4.4.94	adhikara
4.1.1	4.4.95	adhikara
4.1.1	4.4.96	adhikara
4.1.1	4.4.97	adhikara
4.1.1	4.4.98	adhikara
4.1.1	4.4.99	adhikara
4.1.1	4.4.100	adhikara
4.1.1	4.4.101	adhikara
4.1.1	4.4.102	adhikara
4.1.1	4.4.103	adhikara
4.1.1	4.4.104	adhikara
4.1.1	4.4.105	adhikara
4.1.1	4.4.106	adhikara
4.1.1	4.4.107	adhikara
4.1.1	4.4.108	adhikara
4.1.1	4.4.109	adhikara
4.1.1	4.4.110	adhikara
4.1.1	4.4.111	adhikara
4.1.1	4.4.112	adhikara
4.1.1	4.4.113	adhikara
4.1.1	4.4.114	adhikara
4.1.1	4.4.115	adhikara
4.1.1	4.4.116	adhikara
4.1.1	4.4.117	adhikara
4.1.1	4.4.118	adhikara
4.1.1	4.4.119	adhikara
4.1.1	4.4.120	adhikara
4.1.1	4.4.121	adhikara
4.1.1	4.4.122	adhikara
4.1.1	4.4.123	adhikara
4.1.1	4.4.124	adhikara
4.1.1	4.4.125	adhikara
4.1.1	4.4.126	adhikara
4.1.1	4.4.127	adhikara
4.1.1	4.4.128	adhikara
4.1.1	4.4.129	adhikara
4.1.1	4.4.130	adhikara
4.1.1	4.4.131	adhikara
4.1.1	4.4.132	adhikara
4.1.1	4.4.133	adhikara
4.1.1	4.4.134	adhikara
4.1.1	4.4.135	adhikara
4.1.1	4.4.136	adhikara
4.1.1	4.4.137	adhikara
4.1.1	4.4.138	adhikara
4.1.1	4.4.139	adhikara
4.1.1	4.4.140	adhikara
4.1.1	4.4.141	adhikara
4.1.1	4.4.142	adhikara
4.1.1	4.4.143	adhikara
4.1.1	4.4.144	adhikara
4.1.1	5.1.1	adhikara
4.1.1	5.1.2	adhikara
4.1.1	5.1.3	adhikara
4.1.1	5.1.4	adhikara
4.1.1	5.1.5	adhikara
4.1.1	5.1.6	adhikara
4.1.1	5.1.7	adhikara
4.1.1	5.1.8	adhikara
4.1.1	5.1.9	adhikara
4.1.1	5.1.10	adhikara
4.1.1	5.1.11	adhikara
4.1.1	5.1.12	adhikara
4.1.1	5.1.13	adhikara
4.1.1	5.1.14	adhikara
4.1.1	5.1.15	adhikara
4.1.1	5.1.16	adhikara
4.1.1	5.1.17	adhikara
4.1.1	5.1.18	adhikara
4.1.1	5.1.19	adhikara
4.1.1	5.1.20	adhikara
4.1.1	5.1.21	adhikara
4.1.1	5.1.22	adhikara
4.1.1	5.1.23	adhikara
4.1.1	5.1.24	adhikara
4.1.1	5.1.25	adhikara
4.1.1	5.1.26	adhikara
4.1.1	5.1.27	adhikara
4.1.1	5.1.28	adhikara
4.1.1	5.1.29	adhikara
4.1.1	5.1.30	adhikara
4.1.1	5.1.31	adhikara
4.1.1	5.1.32	adhikara
4.1.1	5.1.33	adhikara
4.1.1	5.1.34	adhikara
4.1.1	5.1.35	adhikara
4.1.1	5.1.36	adhikara
4.1.1	5.1.37	adhikara
4.1.1	5.1.38	adhikara
4.1.1	5.1.39	adhikara
4.1.1	5.1.40	adhikara
4.1.1	5.1.41	adhikara
4.1.1	5.1.42	adhikara
4.1.1	5.1.43	adhikara
4.1.1	5.1.44	adhikara
4.1.1	5.1.45	adhikara
4.1.1	5.1.46	adhikara
4.1.1	5.1.47	adhikara
4.1.1	5.1.48	adhikara
4.1.1	5.1.49	adhikara
4.1.1	5.1.50	adhikara
4.1.1	5.1.51	adhikara
4.1.1	5.1.52	adhikara
4.1.1	5.1.53	adhikara
4.1.1	5.1.54	adhikara
4.1.1	5.1.55	adhikara
4.1.1	5.1.56	adhikara
4.1.1	5.1.57	adhikara
4.1.1	5.1.58	adhikara
4.1.1	5.1.59	adhikara
4.1.1	5.1.60	adhikara
4.1.1	5.1.61	adhikara
4.1.1	5.1.62	adhikara
4.1.1	5.1.63	adhikara
4.1.1	5.1.64	adhikara
4.1.1	5.1.65	adhikara
4.1.1	5.1.66	adhikara
4.1.1	5.1.67	adhikara
4.1.1	5.1.68	adhikara
4.1.1	5.1.69	adhikara
4.1.1	5.1.70	adhikara
4.1.1	5.1.71	adhikara
4.1.1	5.1.72	adhikara
4.1.1	5.1.73	adhikara
4.1.1	5.1.74	adhikara
4.1.1	5.1.75	adhikara
4.1.1	5.1.76	adhikara
4.1.1	5.1.77	adhikara
4.1.1	5.1.78	adhikara
4.1.1	5.1.79	adhikara
4.1.1	5.1.80	adhikara
4.1.1	5.1.81	adhikara
4.1.1	5.1.82	adhikara
4.1.1	5.1.83	adhikara
4.1.1	5.1.84	adhikara
4.1.1	5.1.85	adhikara
4.1.1	5.1.86	adhikara
4.1.1	5.1.87	adhikara
4.1.1	5.1.88	adhikara
4.1.1	5.1.89	adhikara
4.1.1	5.1.90	adhikara
4.1.1	5.1.91	adhikara
4.1.1	5.1.92	adhikara
4.1.1	5.1.93	adhikara
4.1.1	5.1.94	adhikara
4.1.1	5.1.95	adhikara
4.1.1	5.1.96	adhikara
4.1.1	5.1.97	adhikara
4.1.1	5.1.98	adhikara
4.1.1	5.1.99	adhikara
4.1.1	5.1.100	adhikara
4.1.1	5.1.101	adhikara
4.1.1	5.1.102	adhikara
4.1.1	5.1.103	adhikara
4.1.1	5.1.104	adhikara
4.1.1	5.1.105	adhikara
4.1.1	5.1.106	adhikara
4.1.1	5.1.107	adhikara
4.1.1	5.1.108	adhikara
4.1.1	5.1.109	adhikara
4.1.1	5.1.110	adhikara
4.1.1	5.1.111	adhikara
4.1.1	5.1.112	adhikara
4.1.1	5.1.113	adhikara
4.1.1	5.1.114	adhikara
4.1.1	5.1.115	adhikara
4.1.1	5.1.116	adhikara
4.1.1	5.1.117	adhikara
4.1.1	5.1.118	adhikara
4.1.1	5.1.119	adhikara
4.1.1	5.1.120	adhikara
4.1.1	5.1.121	adhikara
4.1.1	5.1.122	adhikara
4.1.1	5.1.123	adhikara
4.1.1	5.1.124	adhikara
4.1.1	5.1.125	adhikara
4.1.1	5.1.126	adhikara
4.1.1	5.1.127	adhikara
4.1.1	5.1.128	adhikara
4.1.1	5.1.129	adhikara
4.1.1	5.1.130	adhikara
4.1.1	5.1.131	adhikara
4.1.1	5.1.132	adhikara
4.1.1	5.1.133	adhikara
4.1.1	5.1.134	adhikara
4.1.1	5.1.135	adhikara
4.1.1	5.1.136	adhikara
4.1.1	5.2.1	adhikara
4.1.1	5.2.2	adhikara
4.1.1	5.2.3	adhikara
4.1.1	5.2.4	adhikara
4.1.1	5.2.5	adhikara
4.1.1	5.2.6	adhikara
4.1.1	5.2.7	adhikara
4.1.1	5.2.8	adhikara
4.1.1	5.2.9	adhikara
4.1.1	5.2.10	adhikara
4.1.1	5.2.11	adhikara
4.1.1	5.2.12	adhikara
4.1.1	5.2.13	adhikara
4.1.1	5.2.14	adhikara
4.1.1	5.2.15	adhikara
4.1.1	5.2.16	adhikara
4.1.1	5.2.17	adhikara
4.1.1	5.2.18	adhikara
4.1.1	5.2.19	adhikara
4.1.1	5.2.20	adhikara
4.1.1	5.2.21	adhikara
4.1.1	5.2.22	adhikara
4.1.1	5.2.23	adhikara
4.1.1	5.2.24	adhikara
4.1.1	5.2.25	adhikara
4.1.1	5.2.26	adhikara
4.1.1	5.2.27	adhikara
4.1.1	5.2.28	adhikara
4.1.1	5.2.29	adhikara
4.1.1	5.2.30	adhikara
4.1.1	5.2.31	adhikara
4.1.1	5.2.32	adhikara
4.1.1	5.2.33	adhikara
4.1.1	5.2.34	adhikara
4.1.1	5.2.35	adhikara
4.1.1	5.2.36	adhikara
4.1.1	5.2.37	adhikara
4.1.1	5.2.38	adhikara
4.1.1	5.2.39	adhikara
4.1.1	5.2.40	adhikara
4.1.1	5.2.41	adhikara
4.1.1	5.2.42	adhikara
4.1.1	5.2.43	adhikara
4.1.1	5.2.44	adhikara
4.1.1	5.2.45	adhikara
4.1.1	5.2.46	adhikara
4.1.1	5.2.47	adhikara
4.1.1	5.2.48	adhikara
4.1.1	5.2.49	adhikara
4.1.1	5.2.50	adhikara
4.1.1	5.2.51	adhikara
4.1.1	5.2.52	adhikara
4.1.1	5.2.53	adhikara
4.1.1	5.2.54	adhikara
4.1.1	5.2.55	adhikara
4.1.1	5.2.56	adhikara
4.1.1	5.2.57	adhikara
4.1.1	5.2.58	adhikara
4.1.1	5.2.59	adhikara
4.1.1	5.2.60	adhikara
4.1.1	5.2.61	adhikara
4.1.1	5.2.62	adhikara
4.1.1	5.2.63	adhikara
4.1.1	5.2.64	adhikara
4.1.1	5.2.65	adhikara
4.1.1	5.2.66	adhikara
4.1.1	5.2.67	adhikara
4.1.1	5.2.68	adhikara
4.1.1	5.2.69	adhikara
4.1.1	5.2.70	adhikara
4.1.1	5.2.71	adhikara
4.1.1	5.2.72	adhikara
4.1.1	5.2.73	adhikara
4.1.1	5.2.74	adhikara
4.1.1	5.2.75	adhikara
4.1.1	5.2.76	adhikara
4.1.1	5.2.77	adhikara
4.1.1	5.2.78	adhikara
4.1.1	5.2.79	adhikara
4.1.1	5.2.80	adhikara
4.1.1	5.2.81	adhikara
4.1.1	5.2.82	adhikara
4.1.1	5.2.83	adhikara
4.1.1	5.2.84	adhikara
4.1.1	5.2.85	adhikara
4.1.1	5.2.86	adhikara
4.1.1	5.2.87	adhikara
4.1.1	5.2.88	adhikara
4.1.1	5.2.89	adhikara
4.1.1	5.2.90	adhikara
4.1.1	5.2.91	adhikara
4.1.1	5.2.92	adhikara
4.1.1	5.2.93	adhikara
4.1.1	5.2.94	adhikara
4.1.1	5.2.95	adhikara
4.1.1	5.2.96	adhikara
4.1.1	5.2.97	adhikara
4.1.1	5.2.98	adhikara
4.1.1	5.2.99	adhikara
4.1.1	5.2.100	adhikara
4.1.1	5.2.101	adhikara
4.1.1	5.2.102	adhikara
4.1.1	5.2.103	adhikara
4.1.1	5.2.104	adhikara
4.1.1	5.2.105	adhikara
4.1.1	5.2.106	adhikara
4.1.1	5.2.107	adhikara
4.1.1	5.2.108	adhikara
4.1.1	5.2.109	adhikara
4.1.1	5.2.110	adhikara
4.1.1	5.2.111	adhikara
4.1.1	5.2.112	adhikara
4.1.1	5.2.113	adhikara
4.1.1	5.2.114	adhikara
4.1.1	5.2.115	adhikara
4.1.1	5.2.116	adhikara
4.1.1	5.2.117	adhikara
4.1.1	5.2.118	adhikara
4.1.1	5.2.119	adhikara
4.1.1	5.2.120	adhikara
4.1.1	5.2.121	adhikara
4.1.1	5.2.122	adhikara
4.1.1	5.2.123	adhikara
4.1.1	5.2.124	adhikara
4.1.1	5.2.125	adhikara
4.1.1	5.2.126	adhikara
4.1.1	5.2.127	adhikara
4.1.1	5.2.128	adhikara
4.1.1	5.2.129	adhikara
4.1.1	5.2.130	adhikara
4.1.1	5.2.131	adhikara
4.1.1	5.2.132	adhikara
4.1.1	5.2.133	adhikara
4.1.1	5.2.134	adhikara
4.1.1	5.2.135	adhikara
4.1.1	5.2.136	adhikara
4.1.1	5.2.137	adhikara
4.1.1	5.2.138	adhikara
4.1.1	5.2.139	adhikara
4.1.1	5.2.140	adhikara
4.1.1	5.3.1	adhikara
4.1.1	5.3.2	adhikara
4.1.1	5.3.3	adhikara
4.1.1	5.3.4	adhikara
4.1.1	5.3.5	adhikara
4.1.1	5.3.6	adhikara
4.1.1	5.3.7	adhikara
4.1.1	5.3.8	adhikara
4.1.1	5.3.9	adhikara
4.1.1	5.3.10	adhikara
4.1.1	5.3.11	adhikara
4.1.1	5.3.12	adhikara
4.1.1	5.3.13	adhikara
4.1.1	5.3.14	adhikara
4.1.1	5.3.15	adhikara
4.1.1	5.3.16	adhikara
4.1.1	5.3.17	adhikara
4.1.1	5.3.18	adhikara
4.1.1	5.3.19	adhikara
4.1.1	5.3.20	adhikara
4.1.1	5.3.21	adhikara
4.1.1	5.3.22	adhikara
4.1.1	5.3.23	adhikara
4.1.1	5.3.24	adhikara
4.1.1	5.3.25	adhikara
4.1.1	5.3.26	adhikara
4.1.1	5.3.27	adhikara
4.1.1	5.3.28	adhikara
4.1.1	5.3.29	adhikara
4.1.1	5.3.30	adhikara
4.1.1	5.3.31	adhikara
4.1.1	5.3.32	adhikara
4.1.1	5.3.33	adhikara
4.1.1	5.3.34	adhikara
4.1.1	5.3.35	adhikara
4.1.1	5.3.36	adhikara
4.1.1	5.3.37	adhikara
4.1.1	5.3.38	adhikara
4.1.1	5.3.39	adhikara
4.1.1	5.3.40	adhikara
4.1.1	5.3.41	adhikara
4.1.1	5.3.42	adhikara
4.1.1	5.3.43	adhikara
4.1.1	5.3.44	adhikara
4.1.1	5.3.45	adhikara
4.1.1	5.3.46	adhikara
4.1.1	5.3.47	adhikara
4.1.1	5.3.48	adhikara
4.1.1	5.3.49	adhikara
4.1.1	5.3.50	adhikara
4.1.1	5.3.51	adhikara
4.1.1	5.3.52	adhikara
4.1.1	5.3.53	adhikara
4.1.1	5.3.54	adhikara
4.1.1	5.3.55	adhikara
4.1.1	5.3.56	adhikara
4.1.1	5.3.57	adhikara
4.1.1	5.3.58	adhikara
4.1.1	5.3.59	adhikara
4.1.1	5.3.60	adhikara
4.1.1	5.3.61	adhikara
4.1.1	5.3.62	adhikara
4.1.1	5.3.63	adhikara
4.1.1	5.3.64	adhikara
4.1.1	5.3.65	adhikara
4.1.1	5.3.66	adhikara
4.1.1	5.3.67	adhikara
4.1.1	5.3.68	adhikara
4.1.1	5.3.69	adhikara
4.1.1	5.3.70	adhikara
4.1.1	5.3.71	adhikara
4.1.1	5.3.72	adhikara
4.1.1	5.3.73	adhikara
4.1.1	5.3.74	adhikara
4.1.1	5.3.75	adhikara
4.1.1	5.3.76	adhikara
4.1.1	5.3.77	adhikara
4.1.1	5.3.78	adhikara
4.1.1	5.3.79	adhikara
4.1.1	5.3.80	adhikara
4.1.1	5.3.81	adhikara
4.1.1	5.3.82	adhikara
4.1.1	5.3.83	adhikara
4.1.1	5.3.84	adhikara
4.1.1	5.3.85	adhikara
4.1.1	5.3.86	adhikara
4.1.1	5.3.87	adhikara
4.1.1	5.3.88	adhikara
4.1.1	5.3.89	adhikara
4.1.1	5.3.90	adhikara
4.1.1	5.3.91	adhikara
4.1.1	5.3.92	adhikara
4.1.1	5.3.93	adhikara
4.1.1	5.3.94	adhikara
4.1.1	5.3.95	adhikara
4.1.1	5.3.96	adhikara
4.1.1	5.3.97	adhikara
4.1.1	5.3.98	adhikara
4.1.1	5.3.99	adhikara
4.1.1	5.3.100	adhikara
4.1.1	5.3.101	adhikara
4.1.1	5.3.102	adhikara
4.1.1	5.3.103	adhikara
4.1.1	5.3.104	adhikara
4.1.1	5.3.105	adhikara
4.1.1	5.3.106	adhikara
4.1.1	5.3.107	adhikara
4.1.1	5.3.108	adhikara
4.1.1	5.3.109	adhikara
4.1.1	5.3.110	adhikara
4.1.1	5.3.111	adhikara
4.1.1	5.3.112	adhikara
4.1.1	5.3.113	adhikara
4.1.1	5.3.114	adhikara
4.1.1	5.3.115	adhikara
4.1.1	5.3.116	adhikara
4.1.1	5.3.117	adhikara
4.1.1	5.3.118	adhikara
4.1.1	5.3.119	adhikara
4.1.1	5.4.1	adhikara
4.1.1	5.4.2	adhikara
4.1.1	5.4.3	adhikara
4.1.1	5.4.4	adhikara
4.1.1	5.4.5	adhikara
4.1.1	5.4.6	adhikara
4.1.1	5.4.7	adhikara
4.1.1	5.4.8	adhikara
4.1.1	5.4.9	adhikara
4.1.1	5.4.10	adhikara
4.1.1	5.4.11	adhikara
4.1.1	5.4.12	adhikara
4.1.1	5.4.13	adhikara
4.1.1	5.4.14	adhikara
4.1.1	5.4.15	adhikara
4.1.1	5.4.16	adhikara
4.1.1	5.4.17	adhikara
4.1.1	5.4.18	adhikara
4.1.1	5.4.19	adhikara
4.1.1	5.4.20	adhikara
4.1.1	5.4.21	adhikara
4.1.1	5.4.22	adhikara
4.1.1	5.4.23	adhikara
4.1.1	5.4.24	adhikara
4.1.1	5.4.25	adhikara
4.1.1	5.4.26	adhikara
4.1.1	5.4.27	adhikara
4.1.1	5.4.28	adhikara
4.1.1	5.4.29	adhikara
4.1.1	5.4.30	adhikara
4.1.1	5.4.31	adhikara
4.1.1	5.4.32	adhikara
4.1.1	5.4.33	adhikara
4.1.1	5.4.34	adhikara
4.1.1	5.4.35	adhikara
4.1.1	5.4.36	adhikara
4.1.1	5.4.37	adhikara
4.1.1	5.4.38	adhikara
4.1.1	5.4.39	adhikara
4.1.1	5.4.40	adhikara
4.1.1	5.4.41	adhikara
4.1.1	5.4.42	adhikara
4.1.1	5.4.43	adhikara
4.1.1	5.4.44	adhikara
4.1.1	5.4.45	adhikara
4.1.1	5.4.46	adhikara
4.1.1	5.4.47	adhikara
4.1.1	5.4.48	adhikara
4.1.1	5.4.49	adhikara
4.1.1	5.4.50	adhikara
4.1.1	5.4.51	adhikara
4.1.1	5.4.52	adhikara
4.1.1	5.4.53	adhikara
4.1.1	5.4.54	adhikara
4.1.1	5.4.55	adhikara
4.1.1	5.4.56	adhikara
4.1.1	5.4.57	adhikara
4.1.1	5.4.58	adhikara
4.1.1	5.4.59	adhikara
4.1.1	5.4.60	adhikara
4.1.1	5.4.61	adhikara
4.1.1	5.4.62	adhikara
4.1.1	5.4.63	adhikara
4.1.1	5.4.64	adhikara
4.1.1	5.4.65	adhikara
4.1.1	5.4.66	adhikara
4.1.1	5.4.67	adhikara
4.1.1	5.4.68	adhikara
4.1.1	5.4.69	adhikara
4.1.1	5.4.70	adhikara
4.1.1	5.4.71	adhikara
4.1.1	5.4.72	adhikara
4.1.1	5.4.73	adhikara
4.1.1	5.4.74	adhikara
4.1.1	5.4.75	adhikara
4.1.1	5.4.76	adhikara
4.1.1	5.4.77	adhikara
4.1.1	5.4.78	adhikara
4.1.1	5.4.79	adhikara
4.1.1	5.4.80	adhikara
4.1.1	5.4.81	adhikara
4.1.1	5.4.82	adhikara
4.1.1	5.4.83	adhikara
4.1.1	5.4.84	adhikara
4.1.1	5.4.85	adhikara
4.1.1	5.4.86	adhikara
4.1.1	5.4.87	adhikara
4.1.1	5.4.88	adhikara
4.1.1	5.4.89	adhikara
4.1.1	5.4.90	adhikara
4.1.1	5.4.91	adhikara
4.1.1	5.4.92	adhikara
4.1.1	5.4.93	adhikara
4.1.1	5.4.94	adhikara
4.1.1	5.4.95	adhikara
4.1.1	5.4.96	adhikara
4.1.1	5.4.97	adhikara
4.1.1	5.4.98	adhikara
4.1.1	5.4.99	adhikara
4.1.1	5.4.100	adhikara
4.1.1	5.4.101	adhikara
4.1.1	5.4.102	adhikara
4.1.1	5.4.103	adhikara
4.1.1	5.4.104	adhikara
4.1.1	5.4.105	adhikara
4.1.1	5.4.106	adhikara
4.1.1	5.4.107	adhikara
4.1.1	5.4.108	adhikara
4.1.1	5.4.109	adhikara
4.1.1	5.4.110	adhikara
4.1.1	5.4.111	adhikara
4.1.1	5.4.112	adhikara
4.1.1	5.4.113	adhikara
4.1.1	5.4.114	adhikara
4.1.1	5.4.115	adhikara
4.1.1	5.4.116	adhikara
4.1.1	5.4.117	adhikara
4.1.1	5.4.118	adhikara
4.1.1	5.4.119	adhikara
4.1.1	5.4.120	adhikara
4.1.1	5.4.121	adhikara
4.1.1	5.4.122	adhikara
4.1.1	5.4.123	adhikara
4.1.1	5.4.124	adhikara
4.1.1	5.4.125	adhikara
4.1.1	5.4.126	adhikara
4.1.1	5.4.127	adhikara
4.1.1	5.4.128	adhikara
4.1.1	5.4.129	adhikara
4.1.1	5.4.130	adhikara
4.1.1	5.4.131	adhikara
4.1.1	5.4.132	adhikara
4.1.1	5.4.133	adhikara
4.1.1	5.4.134	adhikara
4.1.1	5.4.135	adhikara
4.1.1	5.4.136	adhikara
4.1.1	5.4.137	adhikara
4.1.1	5.4.138	adhikara
4.1.1	5.4.139	adhikara
4.1.1	5.4.140	adhikara
4.1.1	5.4.141	adhikara
4.1.1	5.4.142	adhikara
4.1.1	5.4.143	adhikara
4.1.1	5.4.144	adhikara
4.1.1	5.4.145	adhikara
4.1.1	5.4.146	adhikara
4.1.1	5.4.147	adhikara
4.1.1	5.4.148	adhikara
4.1.1	5.4.149	adhikara
4.1.1	5.4.150	adhikara
4.1.1	5.4.151	adhikara
4.1.1	5.4.152	adhikara
4.1.1	5.4.153	adhikara
4.1.1	5.4.154	adhikara
4.1.1	5.4.155	adhikara
4.1.1	5.4.156	adhikara
4.1.1	5.4.157	adhikara
4.1.1	5.4.158	adhikara
4.1.1	5.4.159	adhikara
4.1.1	5.4.160	adhikara
4.1.3	4.1.4	adhikara
4.1.3	4.1.5	adhikara
4.1.3	4.1.6	adhikara
4.1.3	4.1.7	adhikara
4.1.3	4.1.8	adhikara
4.1.3	4.1.9	adhikara
4.1.3	4.1.10	adhikara
4.1.3	4.1.11	adhikara
4.1.3	4.1.12	adhikara
4.1.3	4.1.13	adhikara
4.1.3	4.1.14	adhikara
4.1.3	4.1.15	adhikara
4.1.3	4.1.16	adhikara
4.1.3	4.1.17	adhikara
4.1.3	4.1.18	adhikara
4.1.3	4.1.19	adhikara
4.1.3	4.1.20	adhikara
4.1.3	4.1.21	adhikara
4.1.3	4.1.22	adhikara
4.1.3	4.1.23	adhikara
4.1.3	4.1.24	adhikara
4.1.3	4.1.25	adhikara
4.1.3	4.1.26	adhikara
4.1.3	4.1.27	adhikara
4.1.3	4.1.28	adhikara
4.1.3	4.1.29	adhikara
4.1.3	4.1.30	adhikara
4.1.3	4.1.31	adhikara
4.1.3	4.1.32	adhikara
4.1.3	4.1.33	adhikara
4.1.3	4.1.34	adhikara
4.1.3	4.1.35	adhikara
4.1.3	4.1.36	adhikara
4.1.3	4.1.37	adhikara
4.1.3	4.1.38	adhikara
4.1.3	4.1.39	adhikara
4.1.3	4.1.40	adhikara
4.1.3	4.1.41	adhikara
4.1.3	4.1.42	adhikara
4.1.3	4.1.43	adhikara
4.1.3	4.1.44	adhikara
4.1.3	4.1.45	adhikara
4.1.3	4.1.46	adhikara
4.1.3	4.1.47	adhikara
4.1.3	4.1.48	adhikara
4.1.3	4.1.49	adhikara
4.1.3	4.1.50	adhikara
4.1.3	4.1.51	adhikara
4.1.3	4.1.52	adhikara
4.1.3	4.1.53	adhikara
4.1.3	4.1.54	adhikara
4.1.3	4.1.55	adhikara
4.1.3	4.1.56	adhikara
4.1.3	4.1.57	adhikara
4.1.3	4.1.58	adhikara
4.1.3	4.1.59	adhikara
4.1.3	4.1.60	adhikara
4.1.3	4.1.61	adhikara
4.1.3	4.1.62	adhikara
4.1.3	4.1.63	adhikara
4.1.3	4.1.64	adhikara
4.1.3	4.1.65	adhikara
4.1.3	4.1.66	adhikara
4.1.3	4.1.67	adhikara
4.1.3	4.1.68	adhikara
4.1.3	4.1.69	adhikara
4.1.3	4.1.70	adhikara
4.1.3	4.1.71	adhikara
4.1.3	4.1.72	adhikara
4.1.3	4.1.73	adhikara
4.1.3	4.1.74	adhikara
4.1.3	4.1.75	adhikara
4.1.3	4.1.76	adhikara
4.1.3	4.1.77	adhikara
4.1.3	4.1.78	adhikara
4.1.3	4.1.79	adhikara
4.1.3	4.1.80	adhikara
4.1.3	4.1.81	adhikara
4.1.5	4.1.6	anuvritti
4.1.5	4.1.7	anuvritti
4.1.5	4.1.8	anuvritti
4.1.5	4.1.9	anuvritti
4.1.5	4.1.10	anuvritti
4.1.5	4.1.11	anuvritti
4.1.5	4.1.12	anuvritti
4.1.5	4.1.13	anuvritti
4.1.5	4.1.14	anuvritti
4.1.5	4.1.15	anuvritti
4.1.5	4.1.16	anuvritti
4.1.5	4.1.17	anuvritti
4.1.5	4.1.18	anuvritti
4.1.5	4.1.19	anuvritti
4.1.5	4.1.20	anuvritti
4.1.5	4.1.21	anuvritti
4.1.5	4.1.22	anuvritti
4.1.5	4.1.23	anuvritti
4.1.5	4.1.24	anuvritti
4.1.8	4.1.9	anuvritti
4.1.9	4.1.10	anuvritti
4.1.10	4.1.11	anuvritti
4.1.10	4.1.12	anuvritti
4.1.11	4.1.12	anuvritti
4.1.11	4.1.13	anuvritti
4.1.12	4.1.13	anuvritti
4.1.14	4.1.15	adhikara
4.1.14	4.1.15	anuvritti
4.1.14	4.1.16	adhikara
4.1.14	4.1.16	anuvritti
4.1.14	4.1.17	adhikara
4.1.14	4.1.17	anuvritti
4.1.14	4.1.18	adhikara
4.1.14	4.1.18	anuvritti
4.1.14	4.1.19	adhikara
4.1.14	4.1.19	anuvritti
4.1.14	4.1.20	adhikara
4.1.14	4.1.20	anuvritti
4.1.14	4.1.21	adhikara
4.1.14	4.1.21	anuvritti
4.1.14	4.1.22	adhikara
4.1.14	4.1.22	anuvritti
4.1.14	4.1.23	adhikara
4.1.14	4.1.23	anuvritti
4.1.14	4.1.24	adhikara
4.1.14	4.1.24	anuvritti
4.1.14	4.1.25	adhikara
4.1.14	4.1.25	anuvritti
4.1.14	4.1.26	adhikara
4.1.14	4.1.26	anuvritti
4.1.14	4.1.27	adhikara
4.1.14	4.1.27	anuvritti
4.1.14	4.1.28	adhikara
4.1.14	4.1.28	anuvritti
4.1.14	4.1.29	adhikara
4.1.14	4.1.29	anuvritti
4.1.14	4.1.30	adhikara
4.1.14	4.1.30	anuvritti
4.1.14	4.1.31	adhikara
4.1.14	4.1.31	anuvritti
4.1.14	4.1.32	adhikara
4.1.14	4.1.32	anuvritti
4.1.14	4.1.33	adhikara
4.1.14	4.1.33	anuvritti
4.1.14	4.1.34	adhikara
4.1.14	4.1.34	anuvritti
4.1.14	4.1.35	adhikara
4.1.14	4.1.35	anuvritti
4.1.14	4.1.36	adhikara
4.1.14	4.1.36	anuvritti
4.1.14	4.1.37	adhikara
4.1.14	4.1.37	anuvritti
4.1.14	4.1.38	adhikara
4.1.14	4.1.38	anuvritti
4.1.14	4.1.39	adhikara
4.1.14	4.1.39	anuvritti
4.1.14	4.1.40	adhikara
4.1.14	4.1.40	anuvritti
4.1.14	4.1.41	adhikara
4.1.14	4.1.41	anuvritti
4.1.14	4.1.42	adhikara
4.1.14	4.1.42	anuvritti
4.1.14	4.1.43	adhikara
4.1.14	4.1.43	anuvritti
4.1.14	4.1.44	adhikara
4.1.14	4.1.44	anuvritti
4.1.14	4.1.45	adhikara
4.1.14	4.1.45	anuvritti
4.1.14	4.1.46	adhikara
4.1.14	4.1.46	anuvritti
4.1.14	4.1.47	adhikara
4.1.14	4.1.47	anuvritti
4.1.14	4.1.48	adhikara
4.1.14	4.1.48	anuvritti
4.1.14	4.1.49	adhikara
4.1.14	4.1.49	anuvritti
4.1.14	4.1.50	adhikara
4.1.14	4.1.50	anuvritti
4.1.14	4.1.51	adhikara
4.1.14	4.1.51	anuvritti
4.1.14	4.1.52	adhikara
4.1.14	4.1.52	anuvritti
4.1.14	4.1.53	adhikara
4.1.14	4.1.53	anuvritti
4.1.14	4.1.54	adhikara
4.1.14	4.1.54	anuvritti
4.1.14	4.1.55	adhikara
4.1.14	4.1.55	anuvritti
4.1.14	4.1.56	adhikara
4.1.14	4.1.56	anuvritti
4.1.14	4.1.57	adhikara
4.1.14	4.1.57	anuvritti
4.1.14	4.1.58	adhikara
4.1.14	4.1.58	anuvritti
4.1.14	4.1.59	adhikara
4.1.14	4.1.59	anuvritti
4.1.14	4.1.60	adhikara
4.1.14	4.1.60	anuvritti
4.1.14	4.1.61	adhikara
4.1.14	4.1.61	anuvritti
4.1.14	4.1.62	adhikara
4.1.14	4.1.62	anuvritti
4.1.14	4.1.63	adhikara
4.1.14	4.1.63	anuvritti
4.1.14	4.1.64	adhikara
4.1.14	4.1.64	anuvritti
4.1.14	4.1.65	adhikara
4.1.14	4.1.65	anuvritti
4.1.14	4.1.66	adhikara
4.1.14	4.1.66	anuvritti
4.1.14	4.1.67	adhikara
4.1.14	4.1.67	anuvritti
4.1.14	4.1.68	adhikara
4.1.14	4.1.68	anuvritti
4.1.14	4.1.69	adhikara
4.1.14	4.1.69	anuvritti
4.1.14	4.1.70	adhikara
4.1.14	4.1.70	anuvritti
4.1.14	4.1.71	adhikara
4.1.14	4.1.71	anuvritti
4.1.14	4.1.72	adhikara
4.1.14	4.1.72	anuvritti
4.1.14	4.1.73	adhikara
4.1.14	4.1.73	anuvritti
4.1.14	4.1.74	adhikara
4.1.14	4.1.74	anuvritti
4.1.14	4.1.75	adhikara
4.1.14	4.1.75	anuvritti
4.1.14	4.1.76	adhikara
4.1.14	4.1.76	anuvritti
4.1.14	4.1.77	adhikara
4.1.14	4.1.77	anuvritti
4.1.14	4.1.78	adhikara
4.1.14	4.1.78	anuvritti
4.1.14	4.1.79	adhikara
4.1.14	4.1.79	anuvritti
4.1.14	4.1.80	adhikara
4.1.14	4.1.80	anuvritti
4.1.14	4.1.81	adhikara
4.1.14	4.1.81	anuvritti
4.1.16	4.1.17	anuvritti
4.1.16	4.1.18	anuvritti
4.1.17	4.1.18	anuvritti
4.1.17	4.1.19	anuvritti
4.1.21	4.1.22	anuvritti
4.1.21	4.1.23	anuvritti
4.1.21	4.1.24	anuvritti
4.1.22	4.1.23	anuvritti
4.1.22	4.1.24	anuvritti
4.1.25	4.1.26	anuvritti
4.1.25	4.1.27	anuvritti
4.1.25	4.1.28	anuvritti
4.1.25	4.1.29	anuvritti
4.1.26	4.1.27	anuvritti
4.1.28	4.1.29	anuvritti
4.1.29	4.1.30	anuvritti
4.1.29	4.1.31	anuvritti
4.1.33	4.1.34	anuvritti
4.1.33	4.1.35	anuvritti
4.1.36	4.1.37	anuvritti
4.1.37	4.1.38	anuvritti
4.1.38	4.1.39	anuvritti
4.1.39	4.1.40	anuvritti
4.1.40	4.1.41	anuvritti
4.1.40	4.1.42	anuvritti
4.1.40	4.1.43	anuvritti
4.1.40	4.1.44	anuvritti
4.1.40	4.1.45	anuvritti
4.1.40	4.1.46	anuvritti
4.1.40	4.1.47	anuvritti
4.1.40	4.1.48	anuvritti
4.1.40	4.1.49	anuvritti
4.1.40	4.1.50	anuvritti
4.1.40	4.1.51	anuvritti
4.1.40	4.1.52	anuvritti
4.1.40	4.1.53	anuvritti
4.1.40	4.1.54	anuvritti
4.1.40	4.1.55	anuvritti
4.1.40	4.1.56	anuvritti
4.1.40	4.1.57	anuvritti
4.1.40	4.1.58	anuvritti
4.1.40	4.1.59	anuvritti
4.1.40	4.1.60	anuvritti
4.1.40	4.1.61	anuvritti
4.1.40	4.1.62	anuvritti
4.1.40	4.1.63	anuvritti
4.1.40	4.1.64	anuvritti
4.1.40	4.1.65	anuvritti
4.1.44	4.1.45	anuvritti
4.1.45	4.1.46	anuvritti
4.1.46	4.1.47	anuvritti
4.1.48	4.1.49	anuvritti
4.1.50	4.1.51	anuvritti
4.1.51	4.1.52	anuvritti
4.1.51	4.1.53	anuvritti
4.1.52	4.1.53	anuvritti
4.1.53	4.1.54	anuvritti
4.1.53	4.1.55	anuvritti
4.1.54	4.1.55	anuvritti
4.1.54	4.1.56	anuvritti
4.1.54	4.1.57	anuvritti
4.1.54	4.1.58	anuvritti
4.1.56	4.1.57	anuvritti
4.1.56	4.1.58	anuvritti
4.1.63	4.1.64	anuvritti
4.1.65	4.1.66	anuvritti
4.1.66	4.1.67	anuvritti
4.1.66	4.1.68	anuvritti
4.1.66	4.1.69	anuvritti
4.1.66	4.1.70	anuvritti
4.1.66	4.1.71	anuvritti
4.1.66	4.1.72	anuvritti
4.1.69	4.1.70	anuvritti
4.1.71	4.1.72	anuvritti
4.1.74	4.1.75	anuvritti
4.1.76	4.1.77	adhikara
4.1.76	4.1.78	adhikara
4.1.76	4.1.79	adhikara
4.1.76	4.1.80	adhikara
4.1.76	4.1.81	adhikara
4.1.76	4.1.82	adhikara
4.1.76	4.1.83	adhikara
4.1.76	4.1.84	adhikara
4.1.76	4.1.85	adhikara
4.1.76	4.1.86	adhikara
4.1.76	4.1.87	adhikara
4.1.76	4.1.88	adhikara
4.1.76	4.1.89	adhikara
4.1.76	4.1.90	adhikara
4.1.76	4.1.91	adhikara
4.1.76	4.1.92	adhikara
4.1.76	4.1.93	adhikara
4.1.76	4.1.94	adhikara
4.1.76	4.1.95	adhikara
4.1.76	4.1.96	adhikara
4.1.76	4.1.97	adhikara
4.1.76	4.1.98	adhikara
4.1.76	4.1.99	adhikara
4.1.76	4.1.100	adhikara
4.1.76	4.1.101	adhikara
4.1.76	4.1.102	adhikara
4.1.76	4.1.103	adhikara
4.1.76	4.1.104	adhikara
4.1.76	4.1.105	adhikara
4.1.76	4.1.106	adhikara
4.1.76	4.1.107	adhikara
4.1.76	4.1.108	adhikara
4.1.76	4.1.109	adhikara
4.1.76	4.1.110	adhikara
4.1.76	4.1.111	adhikara
4.1.76	4.1.112	adhikara
4.1.76	4.1.113	adhikara
4.1.76	4.1.114	adhikara
4.1.76	4.1.115	adhikara
4.1.76	4.1.116	adhikara
4.1.76	4.1.117	adhikara
4.1.76	4.1.118	adhikara
4.1.76	4.1.119	adhikara
4.1.76	4.1.120	adhikara
4.1.76	4.1.121	adhikara
4.1.76	4.1.122	adhikara
4.1.76	4.1.123	adhikara
4.1.76	4.1.124	adhikara
4.1.76	4.1.125	adhikara
4.1.76	4.1.126	adhikara
4.1.76	4.1.127	adhikara
4.1.76	4.1.128	adhikara
4.1.76	4.1.129	adhikara
4.1.76	4.1.130	adhikara
4.1.76	4.1.131	adhikara
4.1.76	4.1.132	adhikara
4.1.76	4.1.133	adhikara
4.1.76	4.1.134	adhikara
4.1.76	4.1.135	adhikara
4.1.76	4.1.136	adhikara
4.1.76	4.1.137	adhikara
4.1.76	4.1.138	adhikara
4.1.76	4.1.139	adhikara
4.1.76	4.1.140	adhikara
4.1.76	4.1.141	adhikara
4.1.76	4.1.142	adhikara
4.1.76	4.1.143	adhikara
4.1.76	4.1.144	adhikara
4.1.76	4.1.145	adhikara
4.1.76	4.1.146	adhikara
4.1.76	4.1.147	adhikara
4.1.76	4.1.148	adhikara
4.1.76	4.1.149	adhikara
4.1.76	4.1.150	adhikara
4.1.76	4.1.151	adhikara
4.1.76	4.1.152	adhikara
4.1.76	4.1.153	adhikara
4.1.76	4.1.154	adhikara
4.1.76	4.1.155	adhikara
4.1.76	4.1.156	adhikara
4.1.76	4.1.157	adhikara
4.1.76	4.1.158	adhikara
4.1.76	4.1.159	adhikara
4.1.76	4.1.160	adhikara
4.1.76	4.1.161	adhikara
4.1.76	4.1.162	adhikara
4.1.76	4.1.163	adhikara
4.1.76	4.1.164	adhikara
4.1.76	4.1.165	adhikara
4.1.76	4.1.166	adhikara
4.1.76	4.1.167	adhikara
4.1.76	4.1.168	adhikara
4.1.76	4.1.169	adhikara
4.1.76	4.1.170	adhikara
4.1.76	4.1.171	adhikara
4.1.76	4.1.172	adhikara
4.1.76	4.1.173	adhikara
4.1.76	4.1.174	adhikara
4.1.76	4.1.175	adhikara
4.1.76	4.1.176	adhikara
4.1.76	4.1.177	adhikara
4.1.76	4.1.178	adhikara
4.1.76	4.2.1	adhikara
4.1.76	4.2.2	adhikara
4.1.76	4.2.3	adhikara
4.1.76	4.2.4	adhikara
4.1.76	4.2.5	adhikara
4.1.76	4.2.6	adhikara
4.1.76	4.2.7	adhikara
4.1.76	4.2.8	adhikara
4.1.76	4.2.9	adhikara
4.1.76	4.2.10	adhikara
4.1.76	4.2.11	adhikara
4.1.76	4.2.12	adhikara
4.1.76	4.2.13	adhikara
4.1.76	4.2.14	adhikara
4.1.76	4.2.15	adhikara
4.1.76	4.2.16	adhikara
4.1.76	4.2.17	adhikara
4.1.76	4.2.18	adhikara
4.1.76	4.2.19	adhikara
4.1.76	4.2.20	adhikara
4.1.76	4.2.21	adhikara
4.1.76	4.2.22	adhikara
4.1.76	4.2.23	adhikara
4.1.76	4.2.24	adhikara
4.1.76	4.2.25	adhikara
4.1.76	4.2.26	adhikara
4.1.76	4.2.27	adhikara
4.1.76	4.2.28	adhikara
4.1.76	4.2.29	adhikara
4.1.76	4.2.30	adhikara
4.1.76	4.2.31	adhikara
4.1.76	4.2.32	adhikara
4.1.76	4.2.33	adhikara
4.1.76	4.2.34	adhikara
4.1.76	4.2.35	adhikara
4.1.76	4.2.36	adhikara
4.1.76	4.2.37	adhikara
4.1.76	4.2.38	adhikara
4.1.76	4.2.39	adhikara
4.1.76	4.2.40	adhikara
4.1.76	4.2.41	adhikara
4.1.76	4.2.42	adhikara
4.1.76	4.2.43	adhikara
4.1.76	4.2.44	adhikara
4.1.76	4.2.45	adhikara
4.1.76	4.2.46	adhikara
4.1.76	4.2.47	adhikara
4.1.76	4.2.48	adhikara
4.1.76	4.2.49	adhikara
4.1.76	4.2.50	adhikara
4.1.76	4.2.51	adhikara
4.1.76	4.2.52	adhikara
4.1.76	4.2.53	adhikara
4.1.76	4.2.54	adhikara
4.1.76	4.2.55	adhikara
4.1.76	4.2.56	adhikara
4.1.76	4.2.57	adhikara
4.1.76	4.2.58	adhikara
4.1.76	4.2.59	adhikara
4.1.76	4.2.60	adhikara
4.1.76	4.2.61	adhikara
4.1.76	4.2.62	adhikara
4.1.76	4.2.63	adhikara
4.1.76	4.2.64	adhikara
4.1.76	4.2.65	adhikara
4.1.76	4.2.66	adhikara
4.1.76	4.2.67	adhikara
4.1.76	4.2.68	adhikara
4.1.76	4.2.69	adhikara
4.1.76	4.2.70	adhikara
4.1.76	4.2.71	adhikara
4.1.76	4.2.72	adhikara
4.1.76	4.2.73	adhikara
4.1.76	4.2.74	adhikara
4.1.76	4.2.75	adhikara
4.1.76	4.2.76	adhikara
4.1.76	4.2.77	adhikara
4.1.76	4.2.78	adhikara
4.1.76	4.2.79	adhikara
4.1.76	4.2.80	adhikara
4.1.76	4.2.81	adhikara
4.1.76	4.2.82	adhikara
4.1.76	4.2.83	adhikara
4.1.76	4.2.84	adhikara
4.1.76	4.2.85	adhikara
4.1.76	4.2.86	adhikara
4.1.76	4.2.87	adhikara
4.1.76	4.2.88	adhikara
4.1.76	4.2.89	adhikara
4.1.76	4.2.90	adhikara
4.1.76	4.2.91	adhikara
4.1.76	4.2.92	adhikara
4.1.76	4.2.93	adhikara
4.1.76	4.2.94	adhikara
4.1.76	4.2.95	adhikara
4.1.76	4.2.96	adhikara
4.1.76	4.2.97	adhikara
4.1.76	4.2.98	adhikara
4.1.76	4.2.99	adhikara
4.1.76	4.2.100	adhikara
4.1.76	4.2.101	adhikara
4.1.76	4.2.102	adhikara
4.1.76	4.2.103	adhikara
4.1.76	4.2.104	adhikara
4.1.76	4.2.105	adhikara
4.1.76	4.2.106	adhikara
4.1.76	4.2.107	adhikara
4.1.76	4.2.108	adhikara
4.1.76	4.2.109	adhikara
4.1.76	4.2.110	adhikara
4.1.76	4.2.111	adhikara
4.1.76	4.2.112	adhikara
4.1.76	4.2.113	adhikara
4.1.76	4.2.114	adhikara
4.1.76	4.2.115	adhikara
4.1.76	4.2.116	adhikara
4.1.76	4.2.117	adhikara
4.1.76	4.2.118	adhikara
4.1.76	4.2.119	adhikara
4.1.76	4.2.120	adhikara
4.1.76	4.2.121	adhikara
4.1.76	4.2.122	adhikara
4.1.76	4.2.123	adhikara
4.1.76	4.2.124	adhikara
4.1.76	4.2.125	adhikara
4.1.76	4.2.126	adhikara
4.1.76	4.2.127	adhikara
4.1.76	4.2.128	adhikara
4.1.76	4.2.129	adhikara
4.1.76	4.2.130	adhikara
4.1.76	4.2.131	adhikara
4.1.76	4.2.132	adhikara
4.1.76	4.2.133	adhikara
4.1.76	4.2.134	adhikara
4.1.76	4.2.135	adhikara
4.1.76	4.2.136	adhikara
4.1.76	4.2.137	adhikara
4.1.76	4.2.138	adhikara
4.1.76	4.2.139	adhikara
4.1.76	4.2.140	adhikara
4.1.76	4.2.141	adhikara
4.1.76	4.2.142	adhikara
4.1.76	4.2.143	adhikara
4.1.76	4.2.144	adhikara
4.1.76	4.2.145	adhikara
4.1.76	4.3.1	adhikara
4.1.76	4.3.2	adhikara
4.1.76	4.3.3	adhikara
4.1.76	4.3.4	adhikara
4.1.76	4.3.5	adhikara
4.1.76	4.3.6	adhikara
4.1.76	4.3.7	adhikara
4.1.76	4.3.8	adhikara
4.1.76	4.3.9	adhikara
4.1.76	4.3.10	adhikara
4.1.76	4.3.11	adhikara
4.1.76	4.3.12	adhikara
4.1.76	4.3.13	adhikara
4.1.76	4.3.14	adhikara
4.1.76	4.3.15	adhikara
4.1.76	4.3.16	adhikara
4.1.76	4.3.17	adhikara
4.1.76	4.3.18	adhikara
4.1.76	4.3.19	adhikara
4.1.76	4.3.20	adhikara
4.1.76	4.3.21	adhikara
4.1.76	4.3.22	adhikara
4.1.76	4.3.23	adhikara
4.1.76	4.3.24	adhikara
4.1.76	4.3.25	adhikara
4.1.76	4.3.26	adhikara
4.1.76	4.3.27	adhikara
4.1.76	4.3.28	adhikara
4.1.76	4.3.29	adhikara
4.1.76	4.3.30	adhikara
4.1.76	4.3.31	adhikara
4.1.76	4.3.32	adhikara
4.1.76	4.3.33	adhikara
4.1.76	4.3.34	adhikara
4.1.76	4.3.35	adhikara
4.1.76	4.3.36	adhikara
4.1.76	4.3.37	adhikara
4.1.76	4.3.38	adhikara
4.1.76	4.3.39	adhikara
4.1.76	4.3.40	adhikara
4.1.76	4.3.41	adhikara
4.1.76	4.3.42	adhikara
4.1.76	4.3.43	adhikara
4.1.76	4.3.44	adhikara
4.1.76	4.3.45	adhikara
4.1.76	4.3.46	adhikara
4.1.76	4.3.47	adhikara
4.1.76	4.3.48	adhikara
4.1.76	4.3.49	adhikara
4.1.76	4.3.50	adhikara
4.1.76	4.3.51	adhikara
4.1.76	4.3.52	adhikara
4.1.76	4.3.53	adhikara
4.1.76	4.3.54	adhikara
4.1.76	4.3.55	adhikara
4.1.76	4.3.56	adhikara
4.1.76	4.3.57	adhikara
4.1.76	4.3.58	adhikara
4.1.76	4.3.59	adhikara
4.1.76	4.3.60	adhikara
4.1.76	4.3.61	adhikara
4.1.76	4.3.62	adhikara
4.1.76	4.3.63	adhikara
4.1.76	4.3.64	adhikara
4.1.76	4.3.65	adhikara
4.1.76	4.3.66	adhikara
4.1.76	4.3.67	adhikara
4.1.76	4.3.68	adhikara
4.1.76	4.3.69	adhikara
4.1.76	4.3.70	adhikara
4.1.76	4.3.71	adhikara
4.1.76	4.3.72	adhikara
4.1.76	4.3.73	adhikara
4.1.76	4.3.74	adhikara
4.1.76	4.3.75	adhikara
4.1.76	4.3.76	adhikara
4.1.76	4.3.77	adhikara
4.1.76	4.3.78	adhikara
4.1.76	4.3.79	adhikara
4.1.76	4.3.80	adhikara
4.1.76	4.3.81	adhikara
4.1.76	4.3.82	adhikara
4.1.76	4.3.83	adhikara
4.1.76	4.3.84	adhikara
4.1.76	4.3.85	adhikara
4.1.76	4.3.86	adhikara
4.1.76	4.3.87	adhikara
4.1.76	4.3.88	adhikara
4.1.76	4.3.89	adhikara
4.1.76	4.3.90	adhikara
4.1.76	4.3.91	adhikara
4.1.76	4.3.92	adhikara
4.1.76	4.3.93	adhikara
4.1.76	4.3.94	adhikara
4.1.76	4.3.95	adhikara
4.1.76	4.3.96	adhikara
4.1.76	4.3.97	adhikara
4.1.76	4.3.98	adhikara
4.1.76	4.3.99	adhikara
4.1.76	4.3.100	adhikara
4.1.76	4.3.101	adhikara
4.1.76	4.3.102	adhikara
4.1.76	4.3.103	adhikara
4.1.76	4.3.104	adhikara
4.1.76	4.3.105	adhikara
4.1.76	4.3.106	adhikara
4.1.76	4.3.107	adhikara
4.1.76	4.3.108	adhikara
4.1.76	4.3.109	adhikara
4.1.76	4.3.110	adhikara
4.1.76	4.3.111	adhikara
4.1.76	4.3.112	adhikara
4.1.76	4.3.113	adhikara
4.1.76	4.3.114	adhikara
4.1.76	4.3.115	adhikara
4.1.76	4.3.116	adhikara
4.1.76	4.3.117	adhikara
4.1.76	4.3.118	adhikara
4.1.76	4.3.119	adhikara
4.1.76	4.3.120	adhikara
4.1.76	4.3.121	adhikara
4.1.76	4.3.122	adhikara
4.1.76	4.3.123	adhikara
4.1.76	4.3.124	adhikara
4.1.76	4.3.125	adhikara
4.1.76	4.3.126	adhikara
4.1.76	4.3.127	adhikara
4.1.76	4.3.128	adhikara
4.1.76	4.3.129	adhikara
4.1.76	4.3.130	adhikara
4.1.76	4.3.131	adhikara
4.1.76	4.3.132	adhikara
4.1.76	4.3.133	adhikara
4.1.76	4.3.134	adhikara
4.1.76	4.3.135	adhikara
4.1.76	4.3.136	adhikara
4.1.76	4.3.137	adhikara
4.1.76	4.3.138	adhikara
4.1.76	4.3.139	adhikara
4.1.76	4.3.140	adhikara
4.1.76	4.3.141	adhikara
4.1.76	4.3.142	adhikara
4.1.76	4.3.143	adhikara
4.1.76	4.3.144	adhikara
4.1.76	4.3.145	adhikara
4.1.76	4.3.146	adhikara
4.1.76	4.3.147	adhikara
4.1.76	4.3.148	adhikara
4.1.76	4.3.149	adhikara
4.1.76	4.3.150	adhikara
4.1.76	4.3.151	adhikara
4.1.76	4.3.152	adhikara
4.1.76	4.3.153	adhikara
4.1.76	4.3.154	adhikara
4.1.76	4.3.155	adhikara
4.1.76	4.3.156	adhikara
4.1.76	4.3.157	adhikara
4.1.76	4.3.158	adhikara
4.1.76	4.3.159	adhikara
4.1.76	4.3.160	adhikara
4.1.76	4.3.161	adhikara
4.1.76	4.3.162	adhikara
4.1.76	4.3.163	adhikara
4.1.76	4.3.164	adhikara
4.1.76	4.3.165	adhikara
4.1.76	4.3.166	adhikara
4.1.76	4.3.167	adhikara
4.1.76	4.3.168	adhikara
4.1.76	4.4.1	adhikara
4.1.76	4.4.2	adhikara
4.1.76	4.4.3	adhikara
4.1.76	4.4.4	adhikara
4.1.76	4.4.5	adhikara
4.1.76	4.4.6	adhikara
4.1.76	4.4.7	adhikara
4.1.76	4.4.8	adhikara
4.1.76	4.4.9	adhikara
4.1.76	4.4.10	adhikara
4.1.76	4.4.11	adhikara
4.1.76	4.4.12	adhikara
4.1.76	4.4.13	adhikara
4.1.76	4.4.14	adhikara
4.1.76	4.4.15	adhikara
4.1.76	4.4.16	adhikara
4.1.76	4.4.17	adhikara
4.1.76	4.4.18	adhikara
4.1.76	4.4.19	adhikara
4.1.76	4.4.20	adhikara
4.1.76	4.4.21	adhikara
4.1.76	4.4.22	adhikara
4.1.76	4.4.23	adhikara
4.1.76	4.4.24	adhikara
4.1.76	4.4.25	adhikara
4.1.76	4.4.26	adhikara
4.1.76	4.4.27	adhikara
4.1.76	4.4.28	adhikara
4.1.76	4.4.29	adhikara
4.1.76	4.4.30	adhikara
4.1.76	4.4.31	adhikara
4.1.76	4.4.32	adhikara
4.1.76	4.4.33	adhikara
4.1.76	4.4.34	adhikara
4.1.76	4.4.35	adhikara
4.1.76	4.4.36	adhikara
4.1.76	4.4.37	adhikara
4.1.76	4.4.38	adhikara
4.1.76	4.4.39	adhikara
4.1.76	4.4.40	adhikara
4.1.76	4.4.41	adhikara
4.1.76	4.4.42	adhikara
4.1.76	4.4.43	adhikara
4.1.76	4.4.44	adhikara
4.1.76	4.4.45	adhikara
4.1.76	4.4.46	adhikara
4.1.76	4.4.47	adhikara
4.1.76	4.4.48	adhikara
4.1.76	4.4.49	adhikara
4.1.76	4.4.50	adhikara
4.1.76	4.4.51	adhikara
4.1.76	4.4.52	adhikara
4.1.76	4.4.53	adhikara
4.1.76	4.4.54	adhikara
4.1.76	4.4.55	adhikara
4.1.76	4.4.56	adhikara
4.1.76	4.4.57	adhikara
4.1.76	4.4.58	adhikara
4.1.76	4.4.59	adhikara
4.1.76	4.4.60	adhikara
4.1.76	4.4.61	adhikara
4.1.76	4.4.62	adhikara
4.1.76	4.4.63	adhikara
4.1.76	4.4.64	adhikara
4.1.76	4.4.65	adhikara
4.1.76	4.4.66	adhikara
4.1.76	4.4.67	adhikara
4.1.76	4.4.68	adhikara
4.1.76	4.4.69	adhikara
4.1.76	4.4.70	adhikara
4.1.76	4.4.71	adhikara
4.1.76	4.4.72	adhikara
4.1.76	4.4.73	adhikara
4.1.76	4.4.74	adhikara
4.1.76	4.4.75	adhikara
4.1.76	4.4.76	adhikara
4.1.76	4.4.77	adhikara
4.1.76	4.4.78	adhikara
4.1.76	4.4.79	adhikara
4.1.76	4.4.80	adhikara
4.1.76	4.4.81	adhikara
4.1.76	4.4.82	adhikara
4.1.76	4.4.83	adhikara
4.1.76	4.4.84	adhikara
4.1.76	4.4.85	adhikara
4.1.76	4.4.86	adhikara
4.1.76	4.4.87	adhikara
4.1.76	4.4.88	adhikara
4.1.76	4.4.89	adhikara
4.1.76	4.4.90	adhikara
4.1.76	4.4.91	adhikara
4.1.76	4.4.92	adhikara
4.1.76	4.4.93	adhikara
4.1.76	4.4.94	adhikara
4.1.76	4.4.95	adhikara
4.1.76	4.4.96	adhikara
4.1.76	4.4.97	adhikara
4.1.76	4.4.98	adhikara
4.1.76	4.4.99	adhikara
4.1.76	4.4.100	adhikara
4.1.76	4.4.101	adhikara
4.1.76	4.4.102	adhikara
4.1.76	4.4.103	adhikara
4.1.76	4.4.104	adhikara
4.1.76	4.4.105	adhikara
4.1.76	4.4.106	adhikara
4.1.76	4.4.107	adhikara
4.1.76	4.4.108	adhikara
4.1.76	4.4.109	adhikara
4.1.76	4.4.110	adhikara
4.1.76	4.4.111	adhikara
4.1.76	4.4.112	adhikara
4.1.76	4.4.113	adhikara
4.1.76	4.4.114	adhikara
4.1.76	4.4.115	adhikara
4.1.76	4.4.116	adhikara
4.1.76	4.4.117	adhikara
4.1.76	4.4.118	adhikara
4.1.76	4.4.119	adhikara
4.1.76	4.4.120	adhikara
4.1.76	4.4.121	adhikara
4.1.76	4.4.122	adhikara
4.1.76	4.4.123	adhikara
4.1.76	4.4.124	adhikara
4.1.76	4.4.125	adhikara
4.1.76	4.4.126	adhikara
4.1.76	4.4.127	adhikara
4.1.76	4.4.128	adhikara
4.1.76	4.4.129	adhikara
4.1.76	4.4.130	adhikara
4.1.76	4.4.131	adhikara
4.1.76	4.4.132	adhikara
4.1.76	4.4.133	adhikara
4.1.76	4.4.134	adhikara
4.1.76	4.4.135	adhikara
4.1.76	4.4.136	adhikara
4.1.76	4.4.137	adhikara
4.1.76	4.4.138	adhikara
4.1.76	4.4.139	adhikara
4.1.76	4.4.140	adhikara
4.1.76	4.4.141	adhikara
4.1.76	4.4.142	adhikara
4.1.76	4.4.143	adhikara
4.1.76	4.4.144	adhikara
4.1.76	5.1.1	adhikara
4.1.76	5.1.2	adhikara
4.1.76	5.1.3	adhikara
4.1.76	5.1.4	adhikara
4.1.76	5.1.5	adhikara
4.1.76	5.1.6	adhikara
4.1.76	5.1.7	adhikara
4.1.76	5.1.8	adhikara
4.1.76	5.1.9	adhikara
4.1.76	5.1.10	adhikara
4.1.76	5.1.11	adhikara
4.1.76	5.1.12	adhikara
4.1.76	5.1.13	adhikara
4.1.76	5.1.14	adhikara
4.1.76	5.1.15	adhikara
4.1.76	5.1.16	adhikara
4.1.76	5.1.17	adhikara
4.1.76	5.1.18	adhikara
4.1.76	5.1.19	adhikara
4.1.76	5.1.20	adhikara
4.1.76	5.1.21	adhikara
4.1.76	5.1.22	adhikara
4.1.76	5.1.23	adhikara
4.1.76	5.1.24	adhikara
4.1.76	5.1.25	adhikara
4.1.76	5.1.26	adhikara
4.1.76	5.1.27	adhikara
4.1.76	5.1.28	adhikara
4.1.76	5.1.29	adhikara
4.1.76	5.1.30	adhikara
4.1.76	5.1.31	adhikara
4.1.76	5.1.32	adhikara
4.1.76	5.1.33	adhikara
4.1.76	5.1.34	adhikara
4.1.76	5.1.35	adhikara
4.1.76	5.1.36	adhikara
4.1.76	5.1.37	adhikara
4.1.76	5.1.38	adhikara
4.1.76	5.1.39	adhikara
4.1.76	5.1.40	adhikara
4.1.76	5.1.41	adhikara
4.1.76	5.1.42	adhikara
4.1.76	5.1.43	adhikara
4.1.76	5.1.44	adhikara
4.1.76	5.1.45	adhikara
4.1.76	5.1.46	adhikara
4.1.76	5.1.47	adhikara
4.1.76	5.1.48	adhikara
4.1.76	5.1.49	adhikara
4.1.76	5.1.50	adhikara
4.1.76	5.1.51	adhikara
4.1.76	5.1.52	adhikara
4.1.76	5.1.53	adhikara
4.1.76	5.1.54	adhikara
4.1.76	5.1.55	adhikara
4.1.76	5.1.56	adhikara
4.1.76	5.1.57	adhikara
4.1.76	5.1.58	adhikara
4.1.76	5.1.59	adhikara
4.1.76	5.1.60	adhikara
4.1.76	5.1.61	adhikara
4.1.76	5.1.62	adhikara
4.1.76	5.1.63	adhikara
4.1.76	5.1.64	adhikara
4.1.76	5.1.65	adhikara
4.1.76	5.1.66	adhikara
4.1.76	5.1.67	adhikara
4.1.76	5.1.68	adhikara
4.1.76	5.1.69	adhikara
4.1.76	5.1.70	adhikara
4.1.76	5.1.71	adhikara
4.1.76	5.1.72	adhikara
4.1.76	5.1.73	adhikara
4.1.76	5.1.74	adhikara
4.1.76	5.1.75	adhikara
4.1.76	5.1.76	adhikara
4.1.76	5.1.77	adhikara
4.1.76	5.1.78	adhikara
4.1.76	5.1.79	adhikara
4.1.76	5.1.80	adhikara
4.1.76	5.1.81	adhikara
4.1.76	5.1.82	adhikara
4.1.76	5.1.83	adhikara
4.1.76	5.1.84	adhikara
4.1.76	5.1.85	adhikara
4.1.76	5.1.86	adhikara
4.1.76	5.1.87	adhikara
4.1.76	5.1.88	adhikara
4.1.76	5.1.89	adhikara
4.1.76	5.1.90	adhikara
4.1.76	5.1.91	adhikara
4.1.76	5.1.92	adhikara
4.1.76	5.1.93	adhikara
4.1.76	5.1.94	adhikara
4.1.76	5.1.95	adhikara
4.1.76	5.1.96	adhikara
4.1.76	5.1.97	adhikara
4.1.76	5.1.98	adhikara
4.1.76	5.1.99	adhikara
4.1.76	5.1.100	adhikara
4.1.76	5.1.101	adhikara
4.1.76	5.1.102	adhikara
4.1.76	5.1.103	adhikara
4.1.76	5.1.104	adhikara
4.1.76	5.1.105	adhikara
4.1.76	5.1.106	adhikara
4.1.76	5.1.107	adhikara
4.1.76	5.1.108	adhikara
4.1.76	5.1.109	adhikara
4.1.76	5.1.110	adhikara
4.1.76	5.1.111	adhikara
4.1.76	5.1.112	adhikara
4.1.76	5.1.113	adhikara
4.1.76	5.1.114	adhikara
4.1.76	5.1.115	adhikara
4.1.76	5.1.116	adhikara
4.1.76	5.1.117	adhikara
4.1.76	5.1.118	adhikara
4.1.76	5.1.119	adhikara
4.1.76	5.1.120	adhikara
4.1.76	5.1.121	adhikara
4.1.76	5.1.122	adhikara
4.1.76	5.1.123	adhikara
4.1.76	5.1.124	adhikara
4.1.76	5.1.125	adhikara
4.1.76	5.1.126	adhikara
4.1.76	5.1.127	adhikara
4.1.76	5.1.128	adhikara
4.1.76	5.1.129	adhikara
4.1.76	5.1.130	adhikara
4.1.76	5.1.131	adhikara
4.1.76	5.1.132	adhikara
4.1.76	5.1.133	adhikara
4.1.76	5.1.134	adhikara
4.1.76	5.1.135	adhikara
4.1.76	5.1.136	adhikara
4.1.76	5.2.1	adhikara
4.1.76	5.2.2	adhikara
4.1.76	5.2.3	adhikara
4.1.76	5.2.4	adhikara
4.1.76	5.2.5	adhikara
4.1.76	5.2.6	adhikara
4.1.76	5.2.7	adhikara
4.1.76	5.2.8	adhikara
4.1.76	5.2.9	adhikara
4.1.76	5.2.10	adhikara
4.1.76	5.2.11	adhikara
4.1.76	5.2.12	adhikara
4.1.76	5.2.13	adhikara
4.1.76	5.2.14	adhikara
4.1.76	5.2.15	adhikara
4.1.76	5.2.16	adhikara
4.1.76	5.2.17	adhikara
4.1.76	5.2.18	adhikara
4.1.76	5.2.19	adhikara
4.1.76	5.2.20	adhikara
4.1.76	5.2.21	adhikara
4.1.76	5.2.22	adhikara
4.1.76	5.2.23	adhikara
4.1.76	5.2.24	adhikara
4.1.76	5.2.25	adhikara
4.1.76	5.2.26	adhikara
4.1.76	5.2.27	adhikara
4.1.76	5.2.28	adhikara
4.1.76	5.2.29	adhikara
4.1.76	5.2.30	adhikara
4.1.76	5.2.31	adhikara
4.1.76	5.2.32	adhikara
4.1.76	5.2.33	adhikara
4.1.76	5.2.34	adhikara
4.1.76	5.2.35	adhikara
4.1.76	5.2.36	adhikara
4.1.76	5.2.37	adhikara
4.1.76	5.2.38	adhikara
4.1.76	5.2.39	adhikara
4.1.76	5.2.40	adhikara
4.1.76	5.2.41	adhikara
4.1.76	5.2.42	adhikara
4.1.76	5.2.43	adhikara
4.1.76	5.2.44	adhikara
4.1.76	5.2.45	adhikara
4.1.76	5.2.46	adhikara
4.1.76	5.2.47	adhikara
4.1.76	5.2.48	adhikara
4.1.76	5.2.49	adhikara
4.1.76	5.2.50	adhikara
4.1.76	5.2.51	adhikara
4.1.76	5.2.52	adhikara
4.1.76	5.2.53	adhikara
4.1.76	5.2.54	adhikara
4.1.76	5.2.55	adhikara
4.1.76	5.2.56	adhikara
4.1.76	5.2.57	adhikara
4.1.76	5.2.58	adhikara
4.1.76	5.2.59	adhikara
4.1.76	5.2.60	adhikara
4.1.76	5.2.61	adhikara
4.1.76	5.2.62	adhikara
4.1.76	5.2.63	adhikara
4.1.76	5.2.64	adhikara
4.1.76	5.2.65	adhikara
4.1.76	5.2.66	adhikara
4.1.76	5.2.67	adhikara
4.1.76	5.2.68	adhikara
4.1.76	5.2.69	adhikara
4.1.76	5.2.70	adhikara
4.1.76	5.2.71	adhikara
4.1.76	5.2.72	adhikara
4.1.76	5.2.73	adhikara
4.1.76	5.2.74	adhikara
4.1.76	5.2.75	adhikara
4.1.76	5.2.76	adhikara
4.1.76	5.2.77	adhikara
4.1.76	5.2.78	adhikara
4.1.76	5.2.79	adhikara
4.1.76	5.2.80	adhikara
4.1.76	5.2.81	adhikara
4.1.76	5.2.82	adhikara
4.1.76	5.2.83	adhikara
4.1.76	5.2.84	adhikara
4.1.76	5.2.85	adhikara
4.1.76	5.2.86	adhikara
4.1.76	5.2.87	adhikara
4.1.76	5.2.88	adhikara
4.1.76	5.2.89	adhikara
4.1.76	5.2.90	adhikara
4.1.76	5.2.91	adhikara
4.1.76	5.2.92	adhikara
4.1.76	5.2.93	adhikara
4.1.76	5.2.94	adhikara
4.1.76	5.2.95	adhikara
4.1.76	5.2.96	adhikara
4.1.76	5.2.97	adhikara
4.1.76	5.2.98	adhikara
4.1.76	5.2.99	adhikara
4.1.76	5.2.100	adhikara
4.1.76	5.2.101	adhikara
4.1.76	5.2.102	adhikara
4.1.76	5.2.103	adhikara
4.1.76	5.2.104	adhikara
4.1.76	5.2.105	adhikara
4.1.76	5.2.106	adhikara
4.1.76	5.2.107	adhikara
4.1.76	5.2.108	adhikara
4.1.76	5.2.109	adhikara
4.1.76	5.2.110	adhikara
4.1.76	5.2.111	adhikara
4.1.76	5.2.112	adhikara
4.1.76	5.2.113	adhikara
4.1.76	5.2.114	adhikara
4.1.76	5.2.115	adhikara
4.1.76	5.2.116	adhikara
4.1.76	5.2.117	adhikara
4.1.76	5.2.118	adhikara
4.1.76	5.2.119	adhikara
4.1.76	5.2.120	adhikara
4.1.76	5.2.121	adhikara
4.1.76	5.2.122	adhikara
4.1.76	5.2.123	adhikara
4.1.76	5.2.124	adhikara
4.1.76	5.2.125	adhikara
4.1.76	5.2.126	adhikara
4.1.76	5.2.127	adhikara
4.1.76	5.2.128	adhikara
4.1.76	5.2.129	adhikara
4.1.76	5.2.130	adhikara
4.1.76	5.2.131	adhikara
4.1.76	5.2.132	adhikara
4.1.76	5.2.133	adhikara
4.1.76	5.2.134	adhikara
4.1.76	5.2.135	adhikara
4.1.76	5.2.136	adhikara
4.1.76	5.2.137	adhikara
4.1.76	5.2.138	adhikara
4.1.76	5.2.139	adhikara
4.1.76	5.2.140	adhikara
4.1.76	5.3.1	adhikara
4.1.76	5.3.2	adhikara
4.1.76	5.3.3	adhikara
4.1.76	5.3.4	adhikara
4.1.76	5.3.5	adhikara
4.1.76	5.3.6	adhikara
4.1.76	5.3.7	adhikara
4.1.76	5.3.8	adhikara
4.1.76	5.3.9	adhikara
4.1.76	5.3.10	adhikara
4.1.76	5.3.11	adhikara
4.1.76	5.3.12	adhikara
4.1.76	5.3.13	adhikara
4.1.76	5.3.14	adhikara
4.1.76	5.3.15	adhikara
4.1.76	5.3.16	adhikara
4.1.76	5.3.17	adhikara
4.1.76	5.3.18	adhikara
4.1.76	5.3.19	adhikara
4.1.76	5.3.20	adhikara
4.1.76	5.3.21	adhikara
4.1.76	5.3.22	adhikara
4.1.76	5.3.23	adhikara
4.1.76	5.3.24	adhikara
4.1.76	5.3.25	adhikara
4.1.76	5.3.26	adhikara
4.1.76	5.3.27	adhikara
4.1.76	5.3.28	adhikara
4.1.76	5.3.29	adhikara
4.1.76	5.3.30	adhikara
4.1.76	5.3.31	adhikara
4.1.76	5.3.32	adhikara
4.1.76	5.3.33	adhikara
4.1.76	5.3.34	adhikara
4.1.76	5.3.35	adhikara
4.1.76	5.3.36	adhikara
4.1.76	5.3.37	adhikara
4.1.76	5.3.38	adhikara
4.1.76	5.3.39	adhikara
4.1.76	5.3.40	adhikara
4.1.76	5.3.41	adhikara
4.1.76	5.3.42	adhikara
4.1.76	5.3.43	adhikara
4.1.76	5.3.44	adhikara
4.1.76	5.3.45	adhikara
4.1.76	5.3.46	adhikara
4.1.76	5.3.47	adhikara
4.1.76	5.3.48	adhikara
4.1.76	5.3.49	adhikara
4.1.76	5.3.50	adhikara
4.1.76	5.3.51	adhikara
4.1.76	5.3.52	adhikara
4.1.76	5.3.53	adhikara
4.1.76	5.3.54	adhikara
4.1.76	5.3.55	adhikara
4.1.76	5.3.56	adhikara
4.1.76	5.3.57	adhikara
4.1.76	5.3.58	adhikara
4.1.76	5.3.59	adhikara
4.1.76	5.3.60	adhikara
4.1.76	5.3.61	adhikara
4.1.76	5.3.62	adhikara
4.1.76	5.3.63	adhikara
4.1.76	5.3.64	adhikara
4.1.76	5.3.65	adhikara
4.1.76	5.3.66	adhikara
4.1.76	5.3.67	adhikara
4.1.76	5.3.68	adhikara
4.1.76	5.3.69	adhikara
4.1.76	5.3.70	adhikara
4.1.76	5.3.71	adhikara
4.1.76	5.3.72	adhikara
4.1.76	5.3.73	adhikara
4.1.76	5.3.74	adhikara
4.1.76	5.3.75	adhikara
4.1.76	5.3.76	adhikara
4.1.76	5.3.77	adhikara
4.1.76	5.3.78	adhikara
4.1.76	5.3.79	adhikara
4.1.76	5.3.80	adhikara
4.1.76	5.3.81	adhikara
4.1.76	5.3.82	adhikara
4.1.76	5.3.83	adhikara
4.1.76	5.3.84	adhikara
4.1.76	5.3.85	adhikara
4.1.76	5.3.86	adhikara
4.1.76	5.3.87	adhikara
4.1.76	5.3.88	adhikara
4.1.76	5.3.89	adhikara
4.1.76	5.3.90	adhikara
4.1.76	5.3.91	adhikara
4.1.76	5.3.92	adhikara
4.1.76	5.3.93	adhikara
4.1.76	5.3.94	adhikara
4.1.76	5.3.95	adhikara
4.1.76	5.3.96	adhikara
4.1.76	5.3.97	adhikara
4.1.76	5.3.98	adhikara
4.1.76	5.3.99	adhikara
4.1.76	5.3.100	adhikara
4.1.76	5.3.101	adhikara
4.1.76	5.3.102	adhikara
4.1.76	5.3.103	adhikara
4.1.76	5.3.104	adhikara
4.1.76	5.3.105	adhikara
4.1.76	5.3.106	adhikara
4.1.76	5.3.107	adhikara
4.1.76	5.3.108	adhikara
4.1.76	5.3.109	adhikara
4.1.76	5.3.110	adhikara
4.1.76	5.3.111	adhikara
4.1.76	5.3.112	adhikara
4.1.76	5.3.113	adhikara
4.1.76	5.3.114	adhikara
4.1.76	5.3.115	adhikara
4.1.76	5.3.116	adhikara
4.1.76	5.3.117	adhikara
4.1.76	5.3.118	adhikara
4.1.76	5.3.119	adhikara
4.1.76	5.4.1	adhikara
4.1.76	5.4.2	adhikara
4.1.76	5.4.3	adhikara
4.1.76	5.4.4	adhikara
4.1.76	5.4.5	adhikara
4.1.76	5.4.6	adhikara
4.1.76	5.4.7	adhikara
4.1.76	5.4.8	adhikara
4.1.76	5.4.9	adhikara
4.1.76	5.4.10	adhikara
4.1.76	5.4.11	adhikara
4.1.76	5.4.12	adhikara
4.1.76	5.4.13	adhikara
4.1.76	5.4.14	adhikara
4.1.76	5.4.15	adhikara
4.1.76	5.4.16	adhikara
4.1.76	5.4.17	adhikara
4.1.76	5.4.18	adhikara
4.1.76	5.4.19	adhikara
4.1.76	5.4.20	adhikara
4.1.76	5.4.21	adhikara
4.1.76	5.4.22	adhikara
4.1.76	5.4.23	adhikara
4.1.76	5.4.24	adhikara
4.1.76	5.4.25	adhikara
4.1.76	5.4.26	adhikara
4.1.76	5.4.27	adhikara
4.1.76	5.4.28	adhikara
4.1.76	5.4.29	adhikara
4.1.76	5.4.30	adhikara
4.1.76	5.4.31	adhikara
4.1.76	5.4.32	adhikara
4.1.76	5.4.33	adhikara
4.1.76	5.4.34	adhikara
4.1.76	5.4.35	adhikara
4.1.76	5.4.36	adhikara
4.1.76	5.4.37	adhikara
4.1.76	5.4.38	adhikara
4.1.76	5.4.39	adhikara
4.1.76	5.4.40	adhikara
4.1.76	5.4.41	adhikara
4.1.76	5.4.42	adhikara
4.1.76	5.4.43	adhikara
4.1.76	5.4.44	adhikara
4.1.76	5.4.45	adhikara
4.1.76	5.4.46	adhikara
4.1.76	5.4.47	adhikara
4.1.76	5.4.48	adhikara
4.1.76	5.4.49	adhikara
4.1.76	5.4.50	adhikara
4.1.76	5.4.51	adhikara
4.1.76	5.4.52	adhikara
4.1.76	5.4.53	adhikara
4.1.76	5.4.54	adhikara
4.1.76	5.4.55	adhikara
4.1.76	5.4.56	adhikara
4.1.76	5.4.57	adhikara
4.1.76	5.4.58	adhikara
4.1.76	5.4.59	adhikara
4.1.76	5.4.60	adhikara
4.1.76	5.4.61	adhikara
4.1.76	5.4.62	adhikara
4.1.76	5.4.63	adhikara
4.1.76	5.4.64	adhikara
4.1.76	5.4.65	adhikara
4.1.76	5.4.66	adhikara
4.1.76	5.4.67	adhikara
4.1.76	5.4.68	adhikara
4.1.76	5.4.69	adhikara
4.1.76	5.4.70	adhikara
4.1.76	5.4.71	adhikara
4.1.76	5.4.72	adhikara
4.1.76	5.4.73	adhikara
4.1.76	5.4.74	adhikara
4.1.76	5.4.75	adhikara
4.1.76	5.4.76	adhikara
4.1.76	5.4.77	adhikara
4.1.76	5.4.78	adhikara
4.1.76	5.4.79	adhikara
4.1.76	5.4.80	adhikara
4.1.76	5.4.81	adhikara
4.1.76	5.4.82	adhikara
4.1.76	5.4.83	adhikara
4.1.76	5.4.84	adhikara
4.1.76	5.4.85	adhikara
4.1.76	5.4.86	adhikara
4.1.76	5.4.87	adhikara
4.1.76	5.4.88	adhikara
4.1.76	5.4.89	adhikara
4.1.76	5.4.90	adhikara
4.1.76	5.4.91	adhikara
4.1.76	5.4.92	adhikara
4.1.76	5.4.93	adhikara
4.1.76	5.4.94	adhikara
4.1.76	5.4.95	adhikara
4.1.76	5.4.96	adhikara
4.1.76	5.4.97	adhikara
4.1.76	5.4.98	adhikara
4.1.76	5.4.99	adhikara
4.1.76	5.4.100	adhikara
4.1.76	5.4.101	adhikara
4.1.76	5.4.102	adhikara
4.1.76	5.4.103	adhikara
4.1.76	5.4.104	adhikara
4.1.76	5.4.105	adhikara
4.1.76	5.4.106	adhikara
4.1.76	5.4.107	adhikara
4.1.76	5.4.108	adhikara
4.1.76	5.4.109	adhikara
4.1.76	5.4.110	adhikara
4.1.76	5.4.111	adhikara
4.1.76	5.4.112	adhikara
4.1.76	5.4.113	adhikara
4.1.76	5.4.114	adhikara
4.1.76	5.4.115	adhikara
4.1.76	5.4.116	adhikara
4.1.76	5.4.117	adhikara
4.1.76	5.4.118	adhikara
4.1.76	5.4.119	adhikara
4.1.76	5.4.120	adhikara
4.1.76	5.4.121	adhikara
4.1.76	5.4.122	adhikara
4.1.76	5.4.123	adhikara
4.1.76	5.4.124	adhikara
4.1.76	5.4.125	adhikara
4.1.76	5.4.126	adhikara
4.1.76	5.4.127	adhikara
4.1.76	5.4.128	adhikara
4.1.76	5.4.129	adhikara
4.1.76	5.4.130	adhikara
4.1.76	5.4.131	adhikara
4.1.76	5.4.132	adhikara
4.1.76	5.4.133	adhikara
4.1.76	5.4.134	adhikara
4.1.76	5.4.135	adhikara
4.1.76	5.4.136	adhikara
4.1.76	5.4.137	adhikara
4.1.76	5.4.138	adhikara
4.1.76	5.4.139	adhikara
4.1.76	5.4.140	adhikara
4.1.76	5.4.141	adhikara
4.1.76	5.4.142	adhikara
4.1.76	5.4.143	adhikara
4.1.76	5.4.144	adhikara
4.1.76	5.4.145	adhikara
4.1.76	5.4.146	adhikara
4.1.76	5.4.147	adhikara
4.1.76	5.4.148	adhikara
4.1.76	5.4.149	adhikara
4.1.76	5.4.150	adhikara
4.1.76	5.4.151	adhikara
4.1.76	5.4.152	adhikara
4.1.76	5.4.153	adhikara
4.1.76	5.4.154	adhikara
4.1.76	5.4.155	adhikara
4.1.76	5.4.156	adhikara
4.1.76	5.4.157	adhikara
4.1.76	5.4.158	adhikara
4.1.76	5.4.159	adhikara
4.1.76	5.4.160	adhikara
4.1.78	4.1.79	anuvritti
4.1.78	4.1.80	anuvritti
4.1.78	4.1.81	anuvritti
4.1.82	4.1.83	adhikara
4.1.82	4.1.84	adhikara
4.1.82	4.1.85	adhikara
4.1.82	4.1.86	adhikara
4.1.82	4.1.87	adhikara
4.1.82	4.1.88	adhikara
4.1.82	4.1.89	adhikara
4.1.82	4.1.90	adhikara
4.1.82	4.1.91	adhikara
4.1.82	4.1.92	adhikara
4.1.82	4.1.93	adhikara
4.1.82	4.1.94	adhikara
4.1.82	4.1.95	adhikara
4.1.82	4.1.96	adhikara
4.1.82	4.1.97	adhikara
4.1.82	4.1.98	adhikara
4.1.82	4.1.99	adhikara
4.1.82	4.1.100	adhikara
4.1.82	4.1.101	adhikara
4.1.82	4.1.102	adhikara
4.1.82	4.1.103	adhikara
4.1.82	4.1.104	adhikara
4.1.82	4.1.105	adhikara
4.1.82	4.1.106	adhikara
4.1.82	4.1.107	adhikara
4.1.82	4.1.108	adhikara
4.1.82	4.1.109	adhikara
4.1.82	4.1.110	adhikara
4.1.82	4.1.111	adhikara
4.1.82	4.1.112	adhikara
4.1.82	4.1.113	adhikara
4.1.82	4.1.114	adhikara
4.1.82	4.1.115	adhikara
4.1.82	4.1.116	adhikara
4.1.82	4.1.117	adhikara
4.1.82	4.1.118	adhikara
4.1.82	4.1.119	adhikara
4.1.82	4.1.120	adhikara
4.1.82	4.1.121	adhikara
4.1.82	4.1.122	adhikara
4.1.82	4.1.123	adhikara
4.1.82	4.1.124	adhikara
4.1.82	4.1.125	adhikara
4.1.82	4.1.126	adhikara
4.1.82	4.1.127	adhikara
4.1.82	4.1.128	adhikara
4.1.82	4.1.129	adhikara
4.1.82	4.1.130	adhikara
4.1.82	4.1.131	adhikara
4.1.82	4.1.132	adhikara
4.1.82	4.1.133	adhikara
4.1.82	4.1.134	adhikara
4.1.82	4.1.135	adhikara
4.1.82	4.1.136	adhikara
4.1.82	4.1.137	adhikara
4.1.82	4.1.138	adhikara
4.1.82	4.1.139	adhikara
4.1.82	4.1.140	adhikara
4.1.82	4.1.141	adhikara
4.1.82	4.1.142	adhikara
4.1.82	4.1.143	adhikara
4.1.82	4.1.144	adhikara
4.1.82	4.1.145	adhikara
4.1.82	4.1.146	adhikara
4.1.82	4.1.147	adhikara
4.1.82	4.1.148	adhikara
4.1.82	4.1.149	adhikara
4.1.82	4.1.150	adhikara
4.1.82	4.1.151	adhikara
4.1.82	4.1.152	adhikara
4.1.82	4.1.153	adhikara
4.1.82	4.1.154	adhikara
4.1.82	4.1.155	adhikara
4.1.82	4.1.156	adhikara
4.1.82	4.1.157	adhikara
4.1.82	4.1.158	adhikara
4.1.82	4.1.159	adhikara
4.1.82	4.1.160	adhikara
4.1.82	4.1.161	adhikara
4.1.82	4.1.162	adhikara
4.1.82	4.1.163	adhikara
4.1.82	4.1.164	adhikara
4.1.82	4.1.165	adhikara
4.1.82	4.1.166	adhikara
4.1.82	4.1.167	adhikara
4.1.82	4.1.168	adhikara
4.1.82	4.1.169	adhikara
4.1.82	4.1.170	adhikara
4.1.82	4.1.171	adhikara
4.1.82	4.1.172	adhikara
4.1.82	4.1.173	adhikara
4.1.82	4.1.174	adhikara
4.1.82	4.1.175	adhikara
4.1.82	4.1.176	adhikara
4.1.82	4.1.177	adhikara
4.1.82	4.1.178	adhikara
4.1.82	4.2.1	adhikara
4.1.82	4.2.2	adhikara
4.1.82	4.2.3	adhikara
4.1.82	4.2.4	adhikara
4.1.82	4.2.5	adhikara
4.1.82	4.2.6	adhikara
4.1.82	4.2.7	adhikara
4.1.82	4.2.8	adhikara
4.1.82	4.2.9	adhikara
4.1.82	4.2.10	adhikara
4.1.82	4.2.11	adhikara
4.1.82	4.2.12	adhikara
4.1.82	4.2.13	adhikara
4.1.82	4.2.14	adhikara
4.1.82	4.2.15	adhikara
4.1.82	4.2.16	adhikara
4.1.82	4.2.17	adhikara
4.1.82	4.2.18	adhikara
4.1.82	4.2.19	adhikara
4.1.82	4.2.20	adhikara
4.1.82	4.2.21	adhikara
4.1.82	4.2.22	adhikara
4.1.82	4.2.23	adhikara
4.1.82	4.2.24	adhikara
4.1.82	4.2.25	adhikara
4.1.82	4.2.26	adhikara
4.1.82	4.2.27	adhikara
4.1.82	4.2.28	adhikara
4.1.82	4.2.29	adhikara
4.1.82	4.2.30	adhikara
4.1.82	4.2.31	adhikara
4.1.82	4.2.32	adhikara
4.1.82	4.2.33	adhikara
4.1.82	4.2.34	adhikara
4.1.82	4.2.35	adhikara
4.1.82	4.2.36	adhikara
4.1.82	4.2.37	adhikara
4.1.82	4.2.38	adhikara
4.1.82	4.2.39	adhikara
4.1.82	4.2.40	adhikara
4.1.82	4.2.41	adhikara
4.1.82	4.2.42	adhikara
4.1.82	4.2.43	adhikara
4.1.82	4.2.44	adhikara
4.1.82	4.2.45	adhikara
4.1.82	4.2.46	adhikara
4.1.82	4.2.47	adhikara
4.1.82	4.2.48	adhikara
4.1.82	4.2.49	adhikara
4.1.82	4.2.50	adhikara
4.1.82	4.2.51	adhikara
4.1.82	4.2.52	adhikara
4.1.82	4.2.53	adhikara
4.1.82	4.2.54	adhikara
4.1.82	4.2.55	adhikara
4.1.82	4.2.56	adhikara
4.1.82	4.2.57	adhikara
4.1.82	4.2.58	adhikara
4.1.82	4.2.59	adhikara
4.1.82	4.2.60	adhikara
4.1.82	4.2.61	adhikara
4.1.82	4.2.62	adhikara
4.1.82	4.2.63	adhikara
4.1.82	4.2.64	adhikara
4.1.82	4.2.65	adhikara
4.1.82	4.2.66	adhikara
4.1.82	4.2.67	adhikara
4.1.82	4.2.68	adhikara
4.1.82	4.2.69	adhikara
4.1.82	4.2.70	adhikara
4.1.82	4.2.71	adhikara
4.1.82	4.2.72	adhikara
4.1.82	4.2.73	adhikara
4.1.82	4.2.74	adhikara
4.1.82	4.2.75	adhikara
4.1.82	4.2.76	adhikara
4.1.82	4.2.77	adhikara
4.1.82	4.2.78	adhikara
4.1.82	4.2.79	adhikara
4.1.82	4.2.80	adhikara
4.1.82	4.2.81	adhikara
4.1.82	4.2.82	adhikara
4.1.82	4.2.83	adhikara
4.1.82	4.2.84	adhikara
4.1.82	4.2.85	adhikara
4.1.82	4.2.86	adhikara
4.1.82	4.2.87	adhikara
4.1.82	4.2.88	adhikara
4.1.82	4.2.89	adhikara
4.1.82	4.2.90	adhikara
4.1.82	4.2.91	adhikara
4.1.82	4.2.92	adhikara
4.1.82	4.2.93	adhikara
4.1.82	4.2.94	adhikara
4.1.82	4.2.95	adhikara
4.1.82	4.2.96	adhikara
4.1.82	4.2.97	adhikara
4.1.82	4.2.98	adhikara
4.1.82	4.2.99	adhikara
4.1.82	4.2.100	adhikara
4.1.82	4.2.101	adhikara
4.1.82	4.2.102	adhikara
4.1.82	4.2.103	adhikara
4.1.82	4.2.104	adhikara
4.1.82	4.2.105	adhikara
4.1.82	4.2.106	adhikara
4.1.82	4.2.107	adhikara
4.1.82	4.2.108	adhikara
4.1.82	4.2.109	adhikara
4.1.82	4.2.110	adhikara
4.1.82	4.2.111	adhikara
4.1.82	4.2.112	adhikara
4.1.82	4.2.113	adhikara
4.1.82	4.2.114	adhikara
4.1.82	4.2.115	adhikara
4.1.82	4.2.116	adhikara
4.1.82	4.2.117	adhikara
4.1.82	4.2.118	adhikara
4.1.82	4.2.119	adhikara
4.1.82	4.2.120	adhikara
4.1.82	4.2.121	adhikara
4.1.82	4.2.122	adhikara
4.1.82	4.2.123	adhikara
4.1.82	4.2.124	adhikara
4.1.82	4.2.125	adhikara
4.1.82	4.2.126	adhikara
4.1.82	4.2.127	adhikara
4.1.82	4.2.128	adhikara
4.1.82	4.2.129	adhikara
4.1.82	4.2.130	adhikara
4.1.82	4.2.131	adhikara
4.1.82	4.2.132	adhikara
4.1.82	4.2.133	adhikara
4.1.82	4.2.134	adhikara
4.1.82	4.2.135	adhikara
4.1.82	4.2.136	adhikara
4.1.82	4.2.137	adhikara
4.1.82	4.2.138	adhikara
4.1.82	4.2.139	adhikara
4.1.82	4.2.140	adhikara
4.1.82	4.2.141	adhikara
4.1.82	4.2.142	adhikara
4.1.82	4.2.143	adhikara
4.1.82	4.2.144	adhikara
4.1.82	4.2.145	adhikara
4.1.82	4.3.1	adhikara
4.1.82	4.3.2	adhikara
4.1.82	4.3.3	adhikara
4.1.82	4.3.4	adhikara
4.1.82	4.3.5	adhikara
4.1.82	4.3.6	adhikara
4.1.82	4.3.7	adhikara
4.1.82	4.3.8	adhikara
4.1.82	4.3.9	adhikara
4.1.82	4.3.10	adhikara
4.1.82	4.3.11	adhikara
4.1.82	4.3.12	adhikara
4.1.82	4.3.13	adhikara
4.1.82	4.3.14	adhikara
4.1.82	4.3.15	adhikara
4.1.82	4.3.16	adhikara
4.1.82	4.3.17	adhikara
4.1.82	4.3.18	adhikara
4.1.82	4.3.19	adhikara
4.1.82	4.3.20	adhikara
4.1.82	4.3.21	adhikara
4.1.82	4.3.22	adhikara
4.1.82	4.3.23	adhikara
4.1.82	4.3.24	adhikara
4.1.82	4.3.25	adhikara
4.1.82	4.3.26	adhikara
4.1.82	4.3.27	adhikara
4.1.82	4.3.28	adhikara
4.1.82	4.3.29	adhikara
4.1.82	4.3.30	adhikara
4.1.82	4.3.31	adhikara
4.1.82	4.3.32	adhikara
4.1.82	4.3.33	adhikara
4.1.82	4.3.34	adhikara
4.1.82	4.3.35	adhikara
4.1.82	4.3.36	adhikara
4.1.82	4.3.37	adhikara
4.1.82	4.3.38	adhikara
4.1.82	4.3.39	adhikara
4.1.82	4.3.40	adhikara
4.1.82	4.3.41	adhikara
4.1.82	4.3.42	adhikara
4.1.82	4.3.43	adhikara
4.1.82	4.3.44	adhikara
4.1.82	4.3.45	adhikara
4.1.82	4.3.46	adhikara
4.1.82	4.3.47	adhikara
4.1.82	4.3.48	adhikara
4.1.82	4.3.49	adhikara
4.1.82	4.3.50	adhikara
4.1.82	4.3.51	adhikara
4.1.82	4.3.52	adhikara
4.1.82	4.3.53	adhikara
4.1.82	4.3.54	adhikara
4.1.82	4.3.55	adhikara
4.1.82	4.3.56	adhikara
4.1.82	4.3.57	adhikara
4.1.82	4.3.58	adhikara
4.1.82	4.3.59	adhikara
4.1.82	4.3.60	adhikara
4.1.82	4.3.61	adhikara
4.1.82	4.3.62	adhikara
4.1.82	4.3.63	adhikara
4.1.82	4.3.64	adhikara
4.1.82	4.3.65	adhikara
4.1.82	4.3.66	adhikara
4.1.82	4.3.67	adhikara
4.1.82	4.3.68	adhikara
4.1.82	4.3.69	adhikara
4.1.82	4.3.70	adhikara
4.1.82	4.3.71	adhikara
4.1.82	4.3.72	adhikara
4.1.82	4.3.73	adhikara
4.1.82	4.3.74	adhikara
4.1.82	4.3.75	adhikara
4.1.82	4.3.76	adhikara
4.1.82	4.3.77	adhikara
4.1.82	4.3.78	adhikara
4.1.82	4.3.79	adhikara
4.1.82	4.3.80	adhikara
4.1.82	4.3.81	adhikara
4.1.82	4.3.82	adhikara
4.1.82	4.3.83	adhikara
4.1.82	4.3.84	adhikara
4.1.82	4.3.85	adhikara
4.1.82	4.3.86	adhikara
4.1.82	4.3.87	adhikara
4.1.82	4.3.88	adhikara
4.1.82	4.3.89	adhikara
4.1.82	4.3.90	adhikara
4.1.82	4.3.91	adhikara
4.1.82	4.3.92	adhikara
4.1.82	4.3.93	adhikara
4.1.82	4.3.94	adhikara
4.1.82	4.3.95	adhikara
4.1.82	4.3.96	adhikara
4.1.82	4.3.97	adhikara
4.1.82	4.3.98	adhikara
4.1.82	4.3.99	adhikara
4.1.82	4.3.100	adhikara
4.1.82	4.3.101	adhikara
4.1.82	4.3.102	adhikara
4.1.82	4.3.103	adhikara
4.1.82	4.3.104	adhikara
4.1.82	4.3.105	adhikara
4.1.82	4.3.106	adhikara
4.1.82	4.3.107	adhikara
4.1.82	4.3.108	adhikara
4.1.82	4.3.109	adhikara
4.1.82	4.3.110	adhikara
4.1.82	4.3.111	adhikara
4.1.82	4.3.112	adhikara
4.1.82	4.3.113	adhikara
4.1.82	4.3.114	adhikara
4.1.82	4.3.115	adhikara
4.1.82	4.3.116	adhikara
4.1.82	4.3.117	adhikara
4.1.82	4.3.118	adhikara
4.1.82	4.3.119	adhikara
4.1.82	4.3.120	adhikara
4.1.82	4.3.121	adhikara
4.1.82	4.3.122	adhikara
4.1.82	4.3.123	adhikara
4.1.82	4.3.124	adhikara
4.1.82	4.3.125	adhikara
4.1.82	4.3.126	adhikara
4.1.82	4.3.127	adhikara
4.1.82	4.3.128	adhikara
4.1.82	4.3.129	adhikara
4.1.82	4.3.130	adhikara
4.1.82	4.3.131	adhikara
4.1.82	4.3.132	adhikara
4.1.82	4.3.133	adhikara
4.1.82	4.3.134	adhikara
4.1.82	4.3.135	adhikara
4.1.82	4.3.136	adhikara
4.1.82	4.3.137	adhikara
4.1.82	4.3.138	adhikara
4.1.82	4.3.139	adhikara
4.1.82	4.3.140	adhikara
4.1.82	4.3.141	adhikara
4.1.82	4.3.142	adhikara
4.1.82	4.3.143	adhikara
4.1.82	4.3.144	adhikara
4.1.82	4.3.145	adhikara
4.1.82	4.3.146	adhikara
4.1.82	4.3.147	adhikara
4.1.82	4.3.148	adhikara
4.1.82	4.3.149	adhikara
4.1.82	4.3.150	adhikara
4.1.82	4.3.151	adhikara
4.1.82	4.3.152	adhikara
4.1.82	4.3.153	adhikara
4.1.82	4.3.154	adhikara
4.1.82	4.3.155	adhikara
4.1.82	4.3.156	adhikara
4.1.82	4.3.157	adhikara
4.1.82	4.3.158	adhikara
4.1.82	4.3.159	adhikara
4.1.82	4.3.160	adhikara
4.1.82	4.3.161	adhikara
4.1.82	4.3.162	adhikara
4.1.82	4.3.163	adhikara
4.1.82	4.3.164	adhikara
4.1.82	4.3.165	adhikara
4.1.82	4.3.166	adhikara
4.1.82	4.3.167	adhikara
4.1.82	4.3.168	adhikara
4.1.82	4.4.1	adhikara
4.1.82	4.4.2	adhikara
4.1.82	4.4.3	adhikara
4.1.82	4.4.4	adhikara
4.1.82	4.4.5	adhikara
4.1.82	4.4.6	adhikara
4.1.82	4.4.7	adhikara
4.1.82	4.4.8	adhikara
4.1.82	4.4.9	adhikara
4.1.82	4.4.10	adhikara
4.1.82	4.4.11	adhikara
4.1.82	4.4.12	adhikara
4.1.82	4.4.13	adhikara
4.1.82	4.4.14	adhikara
4.1.82	4.4.15	adhikara
4.1.82	4.4.16	adhikara
4.1.82	4.4.17	adhikara
4.1.82	4.4.18	adhikara
4.1.82	4.4.19	adhikara
4.1.82	4.4.20	adhikara
4.1.82	4.4.21	adhikara
4.1.82	4.4.22	adhikara
4.1.82	4.4.23	adhikara
4.1.82	4.4.24	adhikara
4.1.82	4.4.25	adhikara
4.1.82	4.4.26	adhikara
4.1.82	4.4.27	adhikara
4.1.82	4.4.28	adhikara
4.1.82	4.4.29	adhikara
4.1.82	4.4.30	adhikara
4.1.82	4.4.31	adhikara
4.1.82	4.4.32	adhikara
4.1.82	4.4.33	adhikara
4.1.82	4.4.34	adhikara
4.1.82	4.4.35	adhikara
4.1.82	4.4.36	adhikara
4.1.82	4.4.37	adhikara
4.1.82	4.4.38	adhikara
4.1.82	4.4.39	adhikara
4.1.82	4.4.40	adhikara
4.1.82	4.4.41	adhikara
4.1.82	4.4.42	adhikara
4.1.82	4.4.43	adhikara
4.1.82	4.4.44	adhikara
4.1.82	4.4.45	adhikara
4.1.82	4.4.46	adhikara
4.1.82	4.4.47	adhikara
4.1.82	4.4.48	adhikara
4.1.82	4.4.49	adhikara
4.1.82	4.4.50	adhikara
4.1.82	4.4.51	adhikara
4.1.82	4.4.52	adhikara
4.1.82	4.4.53	adhikara
4.1.82	4.4.54	adhikara
4.1.82	4.4.55	adhikara
4.1.82	4.4.56	adhikara
4.1.82	4.4.57	adhikara
4.1.82	4.4.58	adhikara
4.1.82	4.4.59	adhikara
4.1.82	4.4.60	adhikara
4.1.82	4.4.61	adhikara
4.1.82	4.4.62	adhikara
4.1.82	4.4.63	adhikara
4.1.82	4.4.64	adhikara
4.1.82	4.4.65	adhikara
4.1.82	4.4.66	adhikara
4.1.82	4.4.67	adhikara
4.1.82	4.4.68	adhikara
4.1.82	4.4.69	adhikara
4.1.82	4.4.70	adhikara
4.1.82	4.4.71	adhikara
4.1.82	4.4.72	adhikara
4.1.82	4.4.73	adhikara
4.1.82	4.4.74	adhikara
4.1.82	4.4.75	adhikara
4.1.82	4.4.76	adhikara
4.1.82	4.4.77	adhikara
4.1.82	4.4.78	adhikara
4.1.82	4.4.79	adhikara
4.1.82	4.4.80	adhikara
4.1.82	4.4.81	adhikara
4.1.82	4.4.82	adhikara
4.1.82	4.4.83	adhikara
4.1.82	4.4.84	adhikara
4.1.82	4.4.85	adhikara
4.1.82	4.4.86	adhikara
4.1.82	4.4.87	adhikara
4.1.82	4.4.88	adhikara
4.1.82	4.4.89	adhikara
4.1.82	4.4.90	adhikara
4.1.82	4.4.91	adhikara
4.1.82	4.4.92	adhikara
4.1.82	4.4.93	adhikara
4.1.82	4.4.94	adhikara
4.1.82	4.4.95	adhikara
4.1.82	4.4.96	adhikara
4.1.82	4.4.97	adhikara
4.1.82	4.4.98	adhikara
4.1.82	4.4.99	adhikara
4.1.82	4.4.100	adhikara
4.1.82	4.4.101	adhikara
4.1.82	4.4.102	adhikara
4.1.82	4.4.103	adhikara
4.1.82	4.4.104	adhikara
4.1.82	4.4.105	adhikara
4.1.82	4.4.106	adhikara
4.1.82	4.4.107	adhikara
4.1.82	4.4.108	adhikara
4.1.82	4.4.109	adhikara
4.1.82	4.4.110	adhikara
4.1.82	4.4.111	adhikara
4.1.82	4.4.112	adhikara
4.1.82	4.4.113	adhikara
4.1.82	4.4.114	adhikara
4.1.82	4.4.115	adhikara
4.1.82	4.4.116	adhikara
4.1.82	4.4.117	adhikara
4.1.82	4.4.118	adhikara
4.1.82	4.4.119	adhikara
4.1.82	4.4.120	adhikara
4.1.82	4.4.121	adhikara
4.1.82	4.4.122	adhikara
4.1.82	4.4.123	adhikara
4.1.82	4.4.124	adhikara
4.1.82	4.4.125	adhikara
4.1.82	4.4.126	adhikara
4.1.82	4.4.127	adhikara
4.1.82	4.4.128	adhikara
4.1.82	4.4.129	adhikara
4.1.82	4.4.130	adhikara
4.1.82	4.4.131	adhikara
4.1.82	4.4.132	adhikara
4.1.82	4.4.133	adhikara
4.1.82	4.4.134	adhikara
4.1.82	4.4.135	adhikara
4.1.82	4.4.136	adhikara
4.1.82	4.4.137	adhikara
4.1.82	4.4.138	adhikara
4.1.82	4.4.139	adhikara
4.1.82	4.4.140	adhikara
4.1.82	4.4.141	adhikara
4.1.82	4.4.142	adhikara
4.1.82	4.4.143	adhikara
4.1.82	4.4.144	adhikara
4.1.82	5.1.1	adhikara
4.1.82	5.1.2	adhikara
4.1.82	5.1.3	adhikara
4.1.82	5.1.4	adhikara
4.1.82	5.1.5	adhikara
4.1.82	5.1.6	adhikara
4.1.82	5.1.7	adhikara
4.1.82	5.1.8	adhikara
4.1.82	5.1.9	adhikara
4.1.82	5.1.10	adhikara
4.1.82	5.1.11	adhikara
4.1.82	5.1.12	adhikara
4.1.82	5.1.13	adhikara
4.1.82	5.1.14	adhikara
4.1.82	5.1.15	adhikara
4.1.82	5.1.16	adhikara
4.1.82	5.1.17	adhikara
4.1.82	5.1.18	adhikara
4.1.82	5.1.19	adhikara
4.1.82	5.1.20	adhikara
4.1.82	5.1.21	adhikara
4.1.82	5.1.22	adhikara
4.1.82	5.1.23	adhikara
4.1.82	5.1.24	adhikara
4.1.82	5.1.25	adhikara
4.1.82	5.1.26	adhikara
4.1.82	5.1.27	adhikara
4.1.82	5.1.28	adhikara
4.1.82	5.1.29	adhikara
4.1.82	5.1.30	adhikara
4.1.82	5.1.31	adhikara
4.1.82	5.1.32	adhikara
4.1.82	5.1.33	adhikara
4.1.82	5.1.34	adhikara
4.1.82	5.1.35	adhikara
4.1.82	5.1.36	adhikara
4.1.82	5.1.37	adhikara
4.1.82	5.1.38	adhikara
4.1.82	5.1.39	adhikara
4.1.82	5.1.40	adhikara
4.1.82	5.1.41	adhikara
4.1.82	5.1.42	adhikara
4.1.82	5.1.43	adhikara
4.1.82	5.1.44	adhikara
4.1.82	5.1.45	adhikara
4.1.82	5.1.46	adhikara
4.1.82	5.1.47	adhikara
4.1.82	5.1.48	adhikara
4.1.82	5.1.49	adhikara
4.1.82	5.1.50	adhikara
4.1.82	5.1.51	adhikara
4.1.82	5.1.52	adhikara
4.1.82	5.1.53	adhikara
4.1.82	5.1.54	adhikara
4.1.82	5.1.55	adhikara
4.1.82	5.1.56	adhikara
4.1.82	5.1.57	adhikara
4.1.82	5.1.58	adhikara
4.1.82	5.1.59	adhikara
4.1.82	5.1.60	adhikara
4.1.82	5.1.61	adhikara
4.1.82	5.1.62	adhikara
4.1.82	5.1.63	adhikara
4.1.82	5.1.64	adhikara
4.1.82	5.1.65	adhikara
4.1.82	5.1.66	adhikara
4.1.82	5.1.67	adhikara
4.1.82	5.1.68	adhikara
4.1.82	5.1.69	adhikara
4.1.82	5.1.70	adhikara
4.1.82	5.1.71	adhikara
4.1.82	5.1.72	adhikara
4.1.82	5.1.73	adhikara
4.1.82	5.1.74	adhikara
4.1.82	5.1.75	adhikara
4.1.82	5.1.76	adhikara
4.1.82	5.1.77	adhikara
4.1.82	5.1.78	adhikara
4.1.82	5.1.79	adhikara
4.1.82	5.1.80	adhikara
4.1.82	5.1.81	adhikara
4.1.82	5.1.82	adhikara
4.1.82	5.1.83	adhikara
4.1.82	5.1.84	adhikara
4.1.82	5.1.85	adhikara
4.1.82	5.1.86	adhikara
4.1.82	5.1.87	adhikara
4.1.82	5.1.88	adhikara
4.1.82	5.1.89	adhikara
4.1.82	5.1.90	adhikara
4.1.82	5.1.91	adhikara
4.1.82	5.1.92	adhikara
4.1.82	5.1.93	adhikara
4.1.82	5.1.94	adhikara
4.1.82	5.1.95	adhikara
4.1.82	5.1.96	adhikara
4.1.82	5.1.97	adhikara
4.1.82	5.1.98	adhikara
4.1.82	5.1.99	adhikara
4.1.82	5.1.100	adhikara
4.1.82	5.1.101	adhikara
4.1.82	5.1.102	adhikara
4.1.82	5.1.103	adhikara
4.1.82	5.1.104	adhikara
4.1.82	5.1.105	adhikara
4.1.82	5.1.106	adhikara
4.1.82	5.1.107	adhikara
4.1.82	5.1.108	adhikara
4.1.82	5.1.109	adhikara
4.1.82	5.1.110	adhikara
4.1.82	5.1.111	adhikara
4.1.82	5.1.112	adhikara
4.1.82	5.1.113	adhikara
4.1.82	5.1.114	adhikara
4.1.82	5.1.115	adhikara
4.1.82	5.1.116	adhikara
4.1.82	5.1.117	adhikara
4.1.82	5.1.118	adhikara
4.1.82	5.1.119	adhikara
4.1.82	5.1.120	adhikara
4.1.82	5.1.121	adhikara
4.1.82	5.1.122	adhikara
4.1.82	5.1.123	adhikara
4.1.82	5.1.124	adhikara
4.1.82	5.1.125	adhikara
4.1.82	5.1.126	adhikara
4.1.82	5.1.127	adhikara
4.1.82	5.1.128	adhikara
4.1.82	5.1.129	adhikara
4.1.82	5.1.130	adhikara
4.1.82	5.1.131	adhikara
4.1.82	5.1.132	adhikara
4.1.82	5.1.133	adhikara
4.1.82	5.1.134	adhikara
4.1.82	5.1.135	adhikara
4.1.82	5.1.136	adhikara
4.1.82	5.2.1	adhikara
4.1.82	5.2.2	adhikara
4.1.82	5.2.3	adhikara
4.1.82	5.2.4	adhikara
4.1.82	5.2.5	adhikara
4.1.82	5.2.6	adhikara
4.1.82	5.2.7	adhikara
4.1.82	5.2.8	adhikara
4.1.82	5.2.9	adhikara
4.1.82	5.2.10	adhikara
4.1.82	5.2.11	adhikara
4.1.82	5.2.12	adhikara
4.1.82	5.2.13	adhikara
4.1.82	5.2.14	adhikara
4.1.82	5.2.15	adhikara
4.1.82	5.2.16	adhikara
4.1.82	5.2.17	adhikara
4.1.82	5.2.18	adhikara
4.1.82	5.2.19	adhikara
4.1.82	5.2.20	adhikara
4.1.82	5.2.21	adhikara
4.1.82	5.2.22	adhikara
4.1.82	5.2.23	adhikara
4.1.82	5.2.24	adhikara
4.1.82	5.2.25	adhikara
4.1.82	5.2.26	adhikara
4.1.82	5.2.27	adhikara
4.1.82	5.2.28	adhikara
4.1.82	5.2.29	adhikara
4.1.82	5.2.30	adhikara
4.1.82	5.2.31	adhikara
4.1.82	5.2.32	adhikara
4.1.82	5.2.33	adhikara
4.1.82	5.2.34	adhikara
4.1.82	5.2.35	adhikara
4.1.82	5.2.36	adhikara
4.1.82	5.2.37	adhikara
4.1.82	5.2.38	adhikara
4.1.82	5.2.39	adhikara
4.1.82	5.2.40	adhikara
4.1.82	5.2.41	adhikara
4.1.82	5.2.42	adhikara
4.1.82	5.2.43	adhikara
4.1.82	5.2.44	adhikara
4.1.82	5.2.45	adhikara
4.1.82	5.2.46	adhikara
4.1.82	5.2.47	adhikara
4.1.82	5.2.48	adhikara
4.1.82	5.2.49	adhikara
4.1.82	5.2.50	adhikara
4.1.82	5.2.51	adhikara
4.1.82	5.2.52	adhikara
4.1.82	5.2.53	adhikara
4.1.82	5.2.54	adhikara
4.1.82	5.2.55	adhikara
4.1.82	5.2.56	adhikara
4.1.82	5.2.57	adhikara
4.1.82	5.2.58	adhikara
4.1.82	5.2.59	adhikara
4.1.82	5.2.60	adhikara
4.1.82	5.2.61	adhikara
4.1.82	5.2.62	adhikara
4.1.82	5.2.63	adhikara
4.1.82	5.2.64	adhikara
4.1.82	5.2.65	adhikara
4.1.82	5.2.66	adhikara
4.1.82	5.2.67	adhikara
4.1.82	5.2.68	adhikara
4.1.82	5.2.69	adhikara
4.1.82	5.2.70	adhikara
4.1.82	5.2.71	adhikara
4.1.82	5.2.72	adhikara
4.1.82	5.2.73	adhikara
4.1.82	5.2.74	adhikara
4.1.82	5.2.75	adhikara
4.1.82	5.2.76	adhikara
4.1.82	5.2.77	adhikara
4.1.82	5.2.78	adhikara
4.1.82	5.2.79	adhikara
4.1.82	5.2.80	adhikara
4.1.82	5.2.81	adhikara
4.1.82	5.2.82	adhikara
4.1.82	5.2.83	adhikara
4.1.82	5.2.84	adhikara
4.1.82	5.2.85	adhikara
4.1.82	5.2.86	adhikara
4.1.82	5.2.87	adhikara
4.1.82	5.2.88	adhikara
4.1.82	5.2.89	adhikara
4.1.82	5.2.90	adhikara
4.1.82	5.2.91	adhikara
4.1.82	5.2.92	adhikara
4.1.82	5.2.93	adhikara
4.1.82	5.2.94	adhikara
4.1.82	5.2.95	adhikara
4.1.82	5.2.96	adhikara
4.1.82	5.2.97	adhikara
4.1.82	5.2.98	adhikara
4.1.82	5.2.99	adhikara
4.1.82	5.2.100	adhikara
4.1.82	5.2.101	adhikara
4.1.82	5.2.102	adhikara
4.1.82	5.2.103	adhikara
4.1.82	5.2.104	adhikara
4.1.82	5.2.105	adhikara
4.1.82	5.2.106	adhikara
4.1.82	5.2.107	adhikara
4.1.82	5.2.108	adhikara
4.1.82	5.2.109	adhikara
4.1.82	5.2.110	adhikara
4.1.82	5.2.111	adhikara
4.1.82	5.2.112	adhikara
4.1.82	5.2.113	adhikara
4.1.82	5.2.114	adhikara
4.1.82	5.2.115	adhikara
4.1.82	5.2.116	adhikara
4.1.82	5.2.117	adhikara
4.1.82	5.2.118	adhikara
4.1.82	5.2.119	adhikara
4.1.82	5.2.120	adhikara
4.1.82	5.2.121	adhikara
4.1.82	5.2.122	adhikara
4.1.82	5.2.123	adhikara
4.1.82	5.2.124	adhikara
4.1.82	5.2.125	adhikara
4.1.82	5.2.126	adhikara
4.1.82	5.2.127	adhikara
4.1.82	5.2.128	adhikara
4.1.82	5.2.129	adhikara
4.1.82	5.2.130	adhikara
4.1.82	5.2.131	adhikara
4.1.82	5.2.132	adhikara
4.1.82	5.2.133	adhikara
4.1.82	5.2.134	adhikara
4.1.82	5.2.135	adhikara
4.1.82	5.2.136	adhikara
4.1.82	5.2.137	adhikara
4.1.82	5.2.138	adhikara
4.1.82	5.2.139	adhikara
4.1.82	5.2.140	adhikara
4.1.82	5.3.1	adhikara
4.1.82	5.3.2	adhikara
4.1.82	5.3.3	adhikara
4.1.82	5.3.4	adhikara
4.1.82	5.3.5	adhikara
4.1.82	5.3.6	adhikara
4.1.82	5.3.7	adhikara
4.1.82	5.3.8	adhikara
4.1.82	5.3.9	adhikara
4.1.82	5.3.10	adhikara
4.1.82	5.3.11	adhikara
4.1.82	5.3.12	adhikara
4.1.82	5.3.13	adhikara
4.1.82	5.3.14	adhikara
4.1.82	5.3.15	adhikara
4.1.82	5.3.16	adhikara
4.1.82	5.3.17	adhikara
4.1.82	5.3.18	adhikara
4.1.82	5.3.19	adhikara
4.1.82	5.3.20	adhikara
4.1.82	5.3.21	adhikara
4.1.82	5.3.22	adhikara
4.1.82	5.3.23	adhikara
4.1.82	5.3.24	adhikara
4.1.82	5.3.25	adhikara
4.1.82	5.3.26	adhikara
4.1.82	5.3.27	adhikara
4.1.82	5.3.28	adhikara
4.1.82	5.3.29	adhikara
4.1.82	5.3.30	adhikara
4.1.82	5.3.31	adhikara
4.1.82	5.3.32	adhikara
4.1.82	5.3.33	adhikara
4.1.82	5.3.34	adhikara
4.1.82	5.3.35	adhikara
4.1.82	5.3.36	adhikara
4.1.82	5.3.37	adhikara
4.1.82	5.3.38	adhikara
4.1.82	5.3.39	adhikara
4.1.82	5.3.40	adhikara
4.1.82	5.3.41	adhikara
4.1.82	5.3.42	adhikara
4.1.82	5.3.43	adhikara
4.1.82	5.3.44	adhikara
4.1.82	5.3.45	adhikara
4.1.82	5.3.46	adhikara
4.1.82	5.3.47	adhikara
4.1.82	5.3.48	adhikara
4.1.82	5.3.49	adhikara
4.1.82	5.3.50	adhikara
4.1.82	5.3.51	adhikara
4.1.82	5.3.52	adhikara
4.1.82	5.3.53	adhikara
4.1.82	5.3.54	adhikara
4.1.82	5.3.55	adhikara
4.1.82	5.3.56	adhikara
4.1.82	5.3.57	adhikara
4.1.82	5.3.58	adhikara
4.1.82	5.3.59	adhikara
4.1.82	5.3.60	adhikara
4.1.82	5.3.61	adhikara
4.1.82	5.3.62	adhikara
4.1.82	5.3.63	adhikara
4.1.82	5.3.64	adhikara
4.1.82	5.3.65	adhikara
4.1.82	5.3.66	adhikara
4.1.82	5.3.67	adhikara
4.1.82	5.3.68	adhikara
4.1.82	5.3.69	adhikara
4.1.82	5.3.70	adhikara
4.1.82	5.3.71	adhikara
4.1.82	5.3.72	adhikara
4.1.82	5.3.73	adhikara
4.1.82	5.3.74	adhikara
4.1.82	5.3.75	adhikara
4.1.82	5.3.76	adhikara
4.1.82	5.3.77	adhikara
4.1.82	5.3.78	adhikara
4.1.82	5.3.79	adhikara
4.1.82	5.3.80	adhikara
4.1.82	5.3.81	adhikara
4.1.82	5.3.82	adhikara
4.1.82	5.3.83	adhikara
4.1.82	5.3.84	adhikara
4.1.82	5.3.85	adhikara
4.1.82	5.3.86	adhikara
4.1.82	5.3.87	adhikara
4.1.82	5.3.88	adhikara
4.1.82	5.3.89	adhikara
4.1.82	5.3.90	adhikara
4.1.82	5.3.91	adhikara
4.1.82	5.3.92	adhikara
4.1.82	5.3.93	adhikara
4.1.82	5.3.94	adhikara
4.1.82	5.3.95	adhikara
4.1.82	5.3.96	adhikara
4.1.82	5.3.97	adhikara
4.1.82	5.3.98	adhikara
4.1.82	5.3.99	adhikara
4.1.82	5.3.100	adhikara
4.1.82	5.3.101	adhikara
4.1.82	5.3.102	adhikara
4.1.82	5.3.103	adhikara
4.1.82	5.3.104	adhikara
4.1.82	5.3.105	adhikara
4.1.82	5.3.106	adhikara
4.1.82	5.3.107	adhikara
4.1.82	5.3.108	adhikara
4.1.82	5.3.109	adhikara
4.1.82	5.3.110	adhikara
4.1.82	5.3.111	adhikara
4.1.82	5.3.112	adhikara
4.1.82	5.3.113	adhikara
4.1.82	5.3.114	adhikara
4.1.82	5.3.115	adhikara
4.1.82	5.3.116	adhikara
4.1.82	5.3.117	adhikara
4.1.82	5.3.118	adhikara
4.1.82	5.3.119	adhikara
4.1.82	5.4.1	adhikara
4.1.82	5.4.2	adhikara
4.1.82	5.4.3	adhikara
4.1.82	5.4.4	adhikara
4.1.82	5.4.5	adhikara
4.1.82	5.4.6	adhikara
4.1.82	5.4.7	adhikara
4.1.82	5.4.8	adhikara
4.1.82	5.4.9	adhikara
4.1.82	5.4.10	adhikara
4.1.82	5.4.11	adhikara
4.1.82	5.4.12	adhikara
4.1.82	5.4.13	adhikara
4.1.82	5.4.14	adhikara
4.1.82	5.4.15	adhikara
4.1.82	5.4.16	adhikara
4.1.82	5.4.17	adhikara
4.1.82	5.4.18	adhikara
4.1.82	5.4.19	adhikara
4.1.82	5.4.20	adhikara
4.1.82	5.4.21	adhikara
4.1.82	5.4.22	adhikara
4.1.82	5.4.23	adhikara
4.1.82	5.4.24	adhikara
4.1.82	5.4.25	adhikara
4.1.82	5.4.26	adhikara
4.1.82	5.4.27	adhikara
4.1.82	5.4.28	adhikara
4.1.82	5.4.29	adhikara
4.1.82	5.4.30	adhikara
4.1.82	5.4.31	adhikara
4.1.82	5.4.32	adhikara
4.1.82	5.4.33	adhikara
4.1.82	5.4.34	adhikara
4.1.82	5.4.35	adhikara
4.1.82	5.4.36	adhikara
4.1.82	5.4.37	adhikara
4.1.82	5.4.38	adhikara
4.1.82	5.4.39	adhikara
4.1.82	5.4.40	adhikara
4.1.82	5.4.41	adhikara
4.1.82	5.4.42	adhikara
4.1.82	5.4.43	adhikara
4.1.82	5.4.44	adhikara
4.1.82	5.4.45	adhikara
4.1.82	5.4.46	adhikara
4.1.82	5.4.47	adhikara
4.1.82	5.4.48	adhikara
4.1.82	5.4.49	adhikara
4.1.82	5.4.50	adhikara
4.1.82	5.4.51	adhikara
4.1.82	5.4.52	adhikara
4.1.82	5.4.53	adhikara
4.1.82	5.4.54	adhikara
4.1.82	5.4.55	adhikara
4.1.82	5.4.56	adhikara
4.1.82	5.4.57	adhikara
4.1.82	5.4.58	adhikara
4.1.82	5.4.59	adhikara
4.1.82	5.4.60	adhikara
4.1.82	5.4.61	adhikara
4.1.82	5.4.62	adhikara
4.1.82	5.4.63	adhikara
4.1.82	5.4.64	adhikara
4.1.82	5.4.65	adhikara
4.1.82	5.4.66	adhikara
4.1.82	5.4.67	adhikara
4.1.82	5.4.68	adhikara
4.1.82	5.4.69	adhikara
4.1.82	5.4.70	adhikara
4.1.82	5.4.71	adhikara
4.1.82	5.4.72	adhikara
4.1.82	5.4.73	adhikara
4.1.82	5.4.74	adhikara
4.1.82	5.4.75	adhikara
4.1.82	5.4.76	adhikara
4.1.82	5.4.77	adhikara
4.1.82	5.4.78	adhikara
4.1.82	5.4.79	adhikara
4.1.82	5.4.80	adhikara
4.1.82	5.4.81	adhikara
4.1.82	5.4.82	adhikara
4.1.82	5.4.83	adhikara
4.1.82	5.4.84	adhikara
4.1.82	5.4.85	adhikara
4.1.82	5.4.86	adhikara
4.1.82	5.4.87	adhikara
4.1.82	5.4.88	adhikara
4.1.82	5.4.89	adhikara
4.1.82	5.4.90	adhikara
4.1.82	5.4.91	adhikara
4.1.82	5.4.92	adhikara
4.1.82	5.4.93	adhikara
4.1.82	5.4.94	adhikara
4.1.82	5.4.95	adhikara
4.1.82	5.4.96	adhikara
4.1.82	5.4.97	adhikara
4.1.82	5.4.98	adhikara
4.1.82	5.4.99	adhikara
4.1.82	5.4.100	adhikara
4.1.82	5.4.101	adhikara
4.1.82	5.4.102	adhikara
4.1.82	5.4.103	adhikara
4.1.82	5.4.104	adhikara
4.1.82	5.4.105	adhikara
4.1.82	5.4.106	adhikara
4.1.82	5.4.107	adhikara
4.1.82	5.4.108	adhikara
4.1.82	5.4.109	adhikara
4.1.82	5.4.110	adhikara
4.1.82	5.4.111	adhikara
4.1.82	5.4.112	adhikara
4.1.82	5.4.113	adhikara
4.1.82	5.4.114	adhikara
4.1.82	5.4.115	adhikara
4.1.82	5.4.116	adhikara
4.1.82	5.4.117	adhikara
4.1.82	5.4.118	adhikara
4.1.82	5.4.119	adhikara
4.1.82	5.4.120	adhikara
4.1.82	5.4.121	adhikara
4.1.82	5.4.122	adhikara
4.1.82	5.4.123	adhikara
4.1.82	5.4.124	adhikara
4.1.82	5.4.125	adhikara
4.1.82	5.4.126	adhikara
4.1.82	5.4.127	adhikara
4.1.82	5.4.128	adhikara
4.1.82	5.4.129	adhikara
4.1.82	5.4.130	adhikara
4.1.82	5.4.131	adhikara
4.1.82	5.4.132	adhikara
4.1.82	5.4.133	adhikara
4.1.82	5.4.134	adhikara
4.1.82	5.4.135	adhikara
4.1.82	5.4.136	adhikara
4.1.82	5.4.137	adhikara
4.1.82	5.4.138	adhikara
4.1.82	5.4.139	adhikara
4.1.82	5.4.140	adhikara
4.1.82	5.4.141	adhikara
4.1.82	5.4.142	adhikara
4.1.82	5.4.143	adhikara
4.1.82	5.4.144	adhikara
4.1.82	5.4.145	adhikara
4.1.82	5.4.146	adhikara
4.1.82	5.4.147	adhikara
4.1.82	5.4.148	adhikara
4.1.82	5.4.149	adhikara
4.1.82	5.4.150	adhikara
4.1.82	5.4.151	adhikara
4.1.82	5.4.152	adhikara
4.1.82	5.4.153	adhikara
4.1.82	5.4.154	adhikara
4.1.82	5.4.155	adhikara
4.1.82	5.4.156	adhikara
4.1.82	5.4.157	adhikara
4.1.82	5.4.158	adhikara
4.1.82	5.4.159	adhikara
4.1.82	5.4.160	adhikara
4.1.83	4.1.84	adhikara
4.1.83	4.1.85	adhikara
4.1.83	4.1.86	adhikara
4.1.83	4.1.87	adhikara
4.1.83	4.1.88	adhikara
4.1.83	4.1.89	adhikara
4.1.83	4.1.90	adhikara
4.1.83	4.1.91	adhikara
4.1.83	4.1.92	adhikara
4.1.83	4.1.93	adhikara
4.1.83	4.1.94	adhikara
4.1.83	4.1.95	adhikara
4.1.83	4.1.96	adhikara
4.1.83	4.1.97	adhikara
4.1.83	4.1.98	adhikara
4.1.83	4.1.99	adhikara
4.1.83	4.1.100	adhikara
4.1.83	4.1.101	adhikara
4.1.83	4.1.102	adhikara
4.1.83	4.1.103	adhikara
4.1.83	4.1.104	adhikara
4.1.83	4.1.105	adhikara
4.1.83	4.1.106	adhikara
4.1.83	4.1.107	adhikara
4.1.83	4.1.108	adhikara
4.1.83	4.1.109	adhikara
4.1.83	4.1.110	adhikara
4.1.83	4.1.111	adhikara
4.1.83	4.1.112	adhikara
4.1.83	4.1.113	adhikara
4.1.83	4.1.114	adhikara
4.1.83	4.1.115	adhikara
4.1.83	4.1.116	adhikara
4.1.83	4.1.117	adhikara
4.1.83	4.1.118	adhikara
4.1.83	4.1.119	adhikara
4.1.83	4.1.120	adhikara
4.1.83	4.1.121	adhikara
4.1.83	4.1.122	adhikara
4.1.83	4.1.123	adhikara
4.1.83	4.1.124	adhikara
4.1.83	4.1.125	adhikara
4.1.83	4.1.126	adhikara
4.1.83	4.1.127	adhikara
4.1.83	4.1.128	adhikara
4.1.83	4.1.129	adhikara
4.1.83	4.1.130	adhikara
4.1.83	4.1.131	adhikara
4.1.83	4.1.132	adhikara
4.1.83	4.1.133	adhikara
4.1.83	4.1.134	adhikara
4.1.83	4.1.135	adhikara
4.1.83	4.1.136	adhikara
4.1.83	4.1.137	adhikara
4.1.83	4.1.138	adhikara
4.1.83	4.1.139	adhikara
4.1.83	4.1.140	adhikara
4.1.83	4.1.141	adhikara
4.1.83	4.1.142	adhikara
4.1.83	4.1.143	adhikara
4.1.83	4.1.144	adhikara
4.1.83	4.1.145	adhikara
4.1.83	4.1.146	adhikara
4.1.83	4.1.147	adhikara
4.1.83	4.1.148	adhikara
4.1.83	4.1.149	adhikara
4.1.83	4.1.150	adhikara
4.1.83	4.1.151	adhikara
4.1.83	4.1.152	adhikara
4.1.83	4.1.153	adhikara
4.1.83	4.1.154	adhikara
4.1.83	4.1.155	adhikara
4.1.83	4.1.156	adhikara
4.1.83	4.1.157	adhikara
4.1.83	4.1.158	adhikara
4.1.83	4.1.159	adhikara
4.1.83	4.1.160	adhikara
4.1.83	4.1.161	adhikara
4.1.83	4.1.162	adhikara
4.1.83	4.1.163	adhikara
4.1.83	4.1.164	adhikara
4.1.83	4.1.165	adhikara
4.1.83	4.1.166	adhikara
4.1.83	4.1.167	adhikara
4.1.83	4.1.168	adhikara
4.1.83	4.1.169	adhikara
4.1.83	4.1.170	adhikara
4.1.83	4.1.171	adhikara
4.1.83	4.1.172	adhikara
4.1.83	4.1.173	adhikara
4.1.83	4.1.174	adhikara
4.1.83	4.1.175	adhikara
4.1.83	4.1.176	adhikara
4.1.83	4.1.177	adhikara
4.1.83	4.1.178	adhikara
4.1.83	4.2.1	adhikara
4.1.83	4.2.2	adhikara
4.1.83	4.2.3	adhikara
4.1.83	4.2.4	adhikara
4.1.83	4.2.5	adhikara
4.1.83	4.2.6	adhikara
4.1.83	4.2.7	adhikara
4.1.83	4.2.8	adhikara
4.1.83	4.2.9	adhikara
4.1.83	4.2.10	adhikara
4.1.83	4.2.11	adhikara
4.1.83	4.2.12	adhikara
4.1.83	4.2.13	adhikara
4.1.83	4.2.14	adhikara
4.1.83	4.2.15	adhikara
4.1.83	4.2.16	adhikara
4.1.83	4.2.17	adhikara
4.1.83	4.2.18	adhikara
4.1.83	4.2.19	adhikara
4.1.83	4.2.20	adhikara
4.1.83	4.2.21	adhikara
4.1.83	4.2.22	adhikara
4.1.83	4.2.23	adhikara
4.1.83	4.2.24	adhikara
4.1.83	4.2.25	adhikara
4.1.83	4.2.26	adhikara
4.1.83	4.2.27	adhikara
4.1.83	4.2.28	adhikara
4.1.83	4.2.29	adhikara
4.1.83	4.2.30	adhikara
4.1.83	4.2.31	adhikara
4.1.83	4.2.32	adhikara
4.1.83	4.2.33	adhikara
4.1.83	4.2.34	adhikara
4.1.83	4.2.35	adhikara
4.1.83	4.2.36	adhikara
4.1.83	4.2.37	adhikara
4.1.83	4.2.38	adhikara
4.1.83	4.2.39	adhikara
4.1.83	4.2.40	adhikara
4.1.83	4.2.41	adhikara
4.1.83	4.2.42	adhikara
4.1.83	4.2.43	adhikara
4.1.83	4.2.44	adhikara
4.1.83	4.2.45	adhikara
4.1.83	4.2.46	adhikara
4.1.83	4.2.47	adhikara
4.1.83	4.2.48	adhikara
4.1.83	4.2.49	adhikara
4.1.83	4.2.50	adhikara
4.1.83	4.2.51	adhikara
4.1.83	4.2.52	adhikara
4.1.83	4.2.53	adhikara
4.1.83	4.2.54	adhikara
4.1.83	4.2.55	adhikara
4.1.83	4.2.56	adhikara
4.1.83	4.2.57	adhikara
4.1.83	4.2.58	adhikara
4.1.83	4.2.59	adhikara
4.1.83	4.2.60	adhikara
4.1.83	4.2.61	adhikara
4.1.83	4.2.62	adhikara
4.1.83	4.2.63	adhikara
4.1.83	4.2.64	adhikara
4.1.83	4.2.65	adhikara
4.1.83	4.2.66	adhikara
4.1.83	4.2.67	adhikara
4.1.83	4.2.68	adhikara
4.1.83	4.2.69	adhikara
4.1.83	4.2.70	adhikara
4.1.83	4.2.71	adhikara
4.1.83	4.2.72	adhikara
4.1.83	4.2.73	adhikara
4.1.83	4.2.74	adhikara
4.1.83	4.2.75	adhikara
4.1.83	4.2.76	adhikara
4.1.83	4.2.77	adhikara
4.1.83	4.2.78	adhikara
4.1.83	4.2.79	adhikara
4.1.83	4.2.80	adhikara
4.1.83	4.2.81	adhikara
4.1.83	4.2.82	adhikara
4.1.83	4.2.83	adhikara
4.1.83	4.2.84	adhikara
4.1.83	4.2.85	adhikara
4.1.83	4.2.86	adhikara
4.1.83	4.2.87	adhikara
4.1.83	4.2.88	adhikara
4.1.83	4.2.89	adhikara
4.1.83	4.2.90	adhikara
4.1.83	4.2.91	adhikara
4.1.83	4.2.92	adhikara
4.1.83	4.2.93	adhikara
4.1.83	4.2.94	adhikara
4.1.83	4.2.95	adhikara
4.1.83	4.2.96	adhikara
4.1.83	4.2.97	adhikara
4.1.83	4.2.98	adhikara
4.1.83	4.2.99	adhikara
4.1.83	4.2.100	adhikara
4.1.83	4.2.101	adhikara
4.1.83	4.2.102	adhikara
4.1.83	4.2.103	adhikara
4.1.83	4.2.104	adhikara
4.1.83	4.2.105	adhikara
4.1.83	4.2.106	adhikara
4.1.83	4.2.107	adhikara
4.1.83	4.2.108	adhikara
4.1.83	4.2.109	adhikara
4.1.83	4.2.110	adhikara
4.1.83	4.2.111	adhikara
4.1.83	4.2.112	adhikara
4.1.83	4.2.113	adhikara
4.1.83	4.2.114	adhikara
4.1.83	4.2.115	adhikara
4.1.83	4.2.116	adhikara
4.1.83	4.2.117	adhikara
4.1.83	4.2.118	adhikara
4.1.83	4.2.119	adhikara
4.1.83	4.2.120	adhikara
4.1.83	4.2.121	adhikara
4.1.83	4.2.122	adhikara
4.1.83	4.2.123	adhikara
4.1.83	4.2.124	adhikara
4.1.83	4.2.125	adhikara
4.1.83	4.2.126	adhikara
4.1.83	4.2.127	adhikara
4.1.83	4.2.128	adhikara
4.1.83	4.2.129	adhikara
4.1.83	4.2.130	adhikara
4.1.83	4.2.131	adhikara
4.1.83	4.2.132	adhikara
4.1.83	4.2.133	adhikara
4.1.83	4.2.134	adhikara
4.1.83	4.2.135	adhikara
4.1.83	4.2.136	adhikara
4.1.83	4.2.137	adhikara
4.1.83	4.2.138	adhikara
4.1.83	4.2.139	adhikara
4.1.83	4.2.140	adhikara
4.1.83	4.2.141	adhikara
4.1.83	4.2.142	adhikara
4.1.83	4.2.143	adhikara
4.1.83	4.2.144	adhikara
4.1.83	4.2.145	adhikara
4.1.83	4.3.1	adhikara
4.1.83	4.3.2	adhikara
4.1.83	4.3.3	adhikara
4.1.83	4.3.4	adhikara
4.1.83	4.3.5	adhikara
4.1.83	4.3.6	adhikara
4.1.83	4.3.7	adhikara
4.1.83	4.3.8	adhikara
4.1.83	4.3.9	adhikara
4.1.83	4.3.10	adhikara
4.1.83	4.3.11	adhikara
4.1.83	4.3.12	adhikara
4.1.83	4.3.13	adhikara
4.1.83	4.3.14	adhikara
4.1.83	4.3.15	adhikara
4.1.83	4.3.16	adhikara
4.1.83	4.3.17	adhikara
4.1.83	4.3.18	adhikara
4.1.83	4.3.19	adhikara
4.1.83	4.3.20	adhikara
4.1.83	4.3.21	adhikara
4.1.83	4.3.22	adhikara
4.1.83	4.3.23	adhikara
4.1.83	4.3.24	adhikara
4.1.83	4.3.25	adhikara
4.1.83	4.3.26	adhikara
4.1.83	4.3.27	adhikara
4.1.83	4.3.28	adhikara
4.1.83	4.3.29	adhikara
4.1.83	4.3.30	adhikara
4.1.83	4.3.31	adhikara
4.1.83	4.3.32	adhikara
4.1.83	4.3.33	adhikara
4.1.83	4.3.34	adhikara
4.1.83	4.3.35	adhikara
4.1.83	4.3.36	adhikara
4.1.83	4.3.37	adhikara
4.1.83	4.3.38	adhikara
4.1.83	4.3.39	adhikara
4.1.83	4.3.40	adhikara
4.1.83	4.3.41	adhikara
4.1.83	4.3.42	adhikara
4.1.83	4.3.43	adhikara
4.1.83	4.3.44	adhikara
4.1.83	4.3.45	adhikara
4.1.83	4.3.46	adhikara
4.1.83	4.3.47	adhikara
4.1.83	4.3.48	adhikara
4.1.83	4.3.49	adhikara
4.1.83	4.3.50	adhikara
4.1.83	4.3.51	adhikara
4.1.83	4.3.52	adhikara
4.1.83	4.3.53	adhikara
4.1.83	4.3.54	adhikara
4.1.83	4.3.55	adhikara
4.1.83	4.3.56	adhikara
4.1.83	4.3.57	adhikara
4.1.83	4.3.58	adhikara
4.1.83	4.3.59	adhikara
4.1.83	4.3.60	adhikara
4.1.83	4.3.61	adhikara
4.1.83	4.3.62	adhikara
4.1.83	4.3.63	adhikara
4.1.83	4.3.64	adhikara
4.1.83	4.3.65	adhikara
4.1.83	4.3.66	adhikara
4.1.83	4.3.67	adhikara
4.1.83	4.3.68	adhikara
4.1.83	4.3.69	adhikara
4.1.83	4.3.70	adhikara
4.1.83	4.3.71	adhikara
4.1.83	4.3.72	adhikara
4.1.83	4.3.73	adhikara
4.1.83	4.3.74	adhikara
4.1.83	4.3.75	adhikara
4.1.83	4.3.76	adhikara
4.1.83	4.3.77	adhikara
4.1.83	4.3.78	adhikara
4.1.83	4.3.79	adhikara
4.1.83	4.3.80	adhikara
4.1.83	4.3.81	adhikara
4.1.83	4.3.82	adhikara
4.1.83	4.3.83	adhikara
4.1.83	4.3.84	adhikara
4.1.83	4.3.85	adhikara
4.1.83	4.3.86	adhikara
4.1.83	4.3.87	adhikara
4.1.83	4.3.88	adhikara
4.1.83	4.3.89	adhikara
4.1.83	4.3.90	adhikara
4.1.83	4.3.91	adhikara
4.1.83	4.3.92	adhikara
4.1.83	4.3.93	adhikara
4.1.83	4.3.94	adhikara
4.1.83	4.3.95	adhikara
4.1.83	4.3.96	adhikara
4.1.83	4.3.97	adhikara
4.1.83	4.3.98	adhikara
4.1.83	4.3.99	adhikara
4.1.83	4.3.100	adhikara
4.1.83	4.3.101	adhikara
4.1.83	4.3.102	adhikara
4.1.83	4.3.103	adhikara
4.1.83	4.3.104	adhikara
4.1.83	4.3.105	adhikara
4.1.83	4.3.106	adhikara
4.1.83	4.3.107	adhikara
4.1.83	4.3.108	adhikara
4.1.83	4.3.109	adhikara
4.1.83	4.3.110	adhikara
4.1.83	4.3.111	adhikara
4.1.83	4.3.112	adhikara
4.1.83	4.3.113	adhikara
4.1.83	4.3.114	adhikara
4.1.83	4.3.115	adhikara
4.1.83	4.3.116	adhikara
4.1.83	4.3.117	adhikara
4.1.83	4.3.118	adhikara
4.1.83	4.3.119	adhikara
4.1.83	4.3.120	adhikara
4.1.83	4.3.121	adhikara
4.1.83	4.3.122	adhikara
4.1.83	4.3.123	adhikara
4.1.83	4.3.124	adhikara
4.1.83	4.3.125	adhikara
4.1.83	4.3.126	adhikara
4.1.83	4.3.127	adhikara
4.1.83	4.3.128	adhikara
4.1.83	4.3.129	adhikara
4.1.83	4.3.130	adhikara
4.1.83	4.3.131	adhikara
4.1.83	4.3.132	adhikara
4.1.83	4.3.133	adhikara
4.1.83	4.3.134	adhikara
4.1.83	4.3.135	adhikara
4.1.83	4.3.136	adhikara
4.1.83	4.3.137	adhikara
4.1.83	4.3.138	adhikara
4.1.83	4.3.139	adhikara
4.1.83	4.3.140	adhikara
4.1.83	4.3.141	adhikara
4.1.83	4.3.142	adhikara
4.1.83	4.3.143	adhikara
4.1.83	4.3.144	adhikara
4.1.83	4.3.145	adhikara
4.1.83	4.3.146	adhikara
4.1.83	4.3.147	adhikara
4.1.83	4.3.148	adhikara
4.1.83	4.3.149	adhikara
4.1.83	4.3.150	adhikara
4.1.83	4.3.151	adhikara
4.1.83	4.3.152	adhikara
4.1.83	4.3.153	adhikara
4.1.83	4.3.154	adhikara
4.1.83	4.3.155	adhikara
4.1.83	4.3.156	adhikara
4.1.83	4.3.157	adhikara
4.1.83	4.3.158	adhikara
4.1.83	4.3.159	adhikara
4.1.83	4.3.160	adhikara
4.1.83	4.3.161	adhikara
4.1.83	4.3.162	adhikara
4.1.83	4.3.163	adhikara
4.1.83	4.3.164	adhikara
4.1.83	4.3.165	adhikara
4.1.83	4.3.166	adhikara
4.1.83	4.3.167	adhikara
4.1.83	4.3.168	adhikara
4.1.89	4.1.90	anuvritti
4.1.89	4.1.91	anuvritti
4.1.90	4.1.91	anuvritti
4.1.92	4.1.93	anuvritti
4.1.92	4.1.94	anuvritti
4.1.92	4.1.95	anuvritti
4.1.92	4.1.96	anuvritti
4.1.92	4.1.97	anuvritti
4.1.92	4.1.98	anuvritti
4.1.92	4.1.99	anuvritti
4.1.92	4.1.100	anuvritti
4.1.92	4.1.101	anuvritti
4.1.92	4.1.102	anuvritti
4.1.92	4.1.103	anuvritti
4.1.92	4.1.104	anuvritti
4.1.92	4.1.105	anuvritti
4.1.92	4.1.106	anuvritti
4.1.92	4.1.107	anuvritti
4.1.92	4.1.108	anuvritti
4.1.92	4.1.109	anuvritti
4.1.92	4.1.110	anuvritti
4.1.92	4.1.111	anuvritti
4.1.92	4.1.112	anuvritti
4.1.92	4.1.113	anuvritti
4.1.92	4.1.114	anuvritti
4.1.92	4.1.115	anuvritti
4.1.92	4.1.116	anuvritti
4.1.92	4.1.117	anuvritti
4.1.92	4.1.118	anuvritti
4.1.92	4.1.119	anuvritti
4.1.92	4.1.120	anuvritti
4.1.92	4.1.121	anuvritti
4.1.92	4.1.122	anuvritti
4.1.92	4.1.123	anuvritti
4.1.92	4.1.124	anuvritti
4.1.92	4.1.125	anuvritti
4.1.92	4.1.126	anuvritti
4.1.92	4.1.127	anuvritti
4.1.92	4.1.128	anuvritti
4.1.92	4.1.129	anuvritti
4.1.92	4.1.130	anuvritti
4.1.92	4.1.131	anuvritti
4.1.92	4.1.132	anuvritti
4.1.92	4.1.133	anuvritti
4.1.92	4.1.134	anuvritti
4.1.92	4.1.135	anuvritti
4.1.92	4.1.136	anuvritti
4.1.92	4.1.137	anuvritti
4.1.92	4.1.138	anuvritti
4.1.92	4.1.139	anuvritti
4.1.92	4.1.140	anuvritti
4.1.92	4.1.141	anuvritti
4.1.92	4.1.142	anuvritti
4.1.92	4.1.143	anuvritti
4.1.92	4.1.144	anuvritti
4.1.92	4.1.145	anuvritti
4.1.92	4.1.146	anuvritti
4.1.92	4.1.147	anuvritti
4.1.92	4.1.148	anuvritti
4.1.92	4.1.149	anuvritti
4.1.92	4.1.150	anuvritti
4.1.92	4.1.151	anuvritti
4.1.92	4.1.152	anuvritti
4.1.92	4.1.153	anuvritti
4.1.92	4.1.154	anuvritti
4.1.92	4.1.155	anuvritti
4.1.92	4.1.156	anuvritti
4.1.92	4.1.157	anuvritti
4.1.92	4.1.158	anuvritti
4.1.92	4.1.159	anuvritti
4.1.92	4.1.160	anuvritti
4.1.92	4.1.161	anuvritti
4.1.92	4.1.162	anuvritti
4.1.92	4.1.163	anuvritti
4.1.92	4.1.164	anuvritti
4.1.92	4.1.165	anuvritti
4.1.92	4.1.166	anuvritti
4.1.92	4.1.167	anuvritti
4.1.92	4.1.168	anuvritti
4.1.92	4.1.169	anuvritti
4.1.92	4.1.170	anuvritti
4.1.92	4.1.171	anuvritti
4.1.92	4.1.172	anuvritti
4.1.92	4.1.173	anuvritti
4.1.92	4.1.174	anuvritti
4.1.92	4.1.175	anuvritti
4.1.92	4.1.176	anuvritti
4.1.95	4.1.96	anuvritti
4.1.95	4.1.97	anuvritti
4.1.98	4.1.99	anuvritti
4.1.98	4.1.100	anuvritti
4.1.98	4.1.101	anuvritti
4.1.98	4.1.102	anuvritti
4.1.98	4.1.103	anuvritti
4.1.98	4.1.104	anuvritti
4.1.98	4.1.105	anuvritti
4.1.98	4.1.106	anuvritti
4.1.98	4.1.107	anuvritti
4.1.98	4.1.108	anuvritti
4.1.98	4.1.109	anuvritti
4.1.98	4.1.110	anuvritti
4.1.98	4.1.111	anuvritti
4.1.99	4.1.100	anuvritti
4.1.99	4.1.101	anuvritti
4.1.99	4.1.102	anuvritti
4.1.99	4.1.103	anuvritti
4.1.105	4.1.106	anuvritti
4.1.105	4.1.107	anuvritti
4.1.105	4.1.108	anuvritti
4.1.105	4.1.109	anuvritti
4.1.107	4.1.108	anuvritti
4.1.107	4.1.109	anuvritti
4.1.108	4.1.109	anuvritti
4.1.110	4.1.111	anuvritti
4.1.112	4.1.113	anuvritti
4.1.112	4.1.114	anuvritti
4.1.112	4.1.115	anuvritti
4.1.112	4.1.116	anuvritti
4.1.112	4.1.117	anuvritti
4.1.112	4.1.118	anuvritti
4.1.112	4.1.119	anuvritti
4.1.120	4.1.121	anuvritti
4.1.120	4.1.122	anuvritti
4.1.120	4.1.123	anuvritti
4.1.120	4.1.124	anuvritti
4.1.120	4.1.125	anuvritti
4.1.120	4.1.126	anuvritti
4.1.120	4.1.127	anuvritti
4.1.121	4.1.122	anuvritti
4.1.126	4.1.127	anuvritti
4.1.129	4.1.130	anuvritti
4.1.129	4.1.131	anuvritti
4.1.132	4.1.133	anuvritti
4.1.132	4.1.134	anuvritti
4.1.133	4.1.134	anuvritti
4.1.135	4.1.136	anuvritti
4.1.139	4.1.140	anuvritti
4.1.140	4.1.141	anuvritti
4.1.140	4.1.142	anuvritti
4.1.143	4.1.144	anuvritti
4.1.144	4.1.145	anuvritti
4.1.146	4.1.147	anuvritti
4.1.147	4.1.148	anuvritti
4.1.147	4.1.149	anuvritti
4.1.148	4.1.149	anuvritti
4.1.148	4.1.150	anuvritti
4.1.151	4.1.152	anuvritti
4.1.152	4.1.153	anuvritti
4.1.154	4.1.155	anuvritti
4.1.154	4.1.156	anuvritti
4.1.154	4.1.157	anuvritti
4.1.154	4.1.158	anuvritti
4.1.154	4.1.159	anuvritti
4.1.157	4.1.158	anuvritti
4.1.157	4.1.159	anuvritti
4.1.158	4.1.159	anuvritti
4.1.162	4.1.163	anuvritti
4.1.162	4.1.164	anuvritti
4.1.162	4.1.165	anuvritti
4.1.163	4.1.164	anuvritti
4.1.163	4.1.165	anuvritti
4.1.168	4.1.169	anuvritti
4.1.168	4.1.170	anuvritti
4.1.168	4.1.171	anuvritti
4.1.168	4.1.172	anuvritti
4.1.168	4.1.173	anuvritti
4.1.168	4.1.174	anuvritti
4.1.168	4.1.175	anuvritti
4.1.168	4.1.176	anuvritti
4.1.174	4.1.175	anuvritti
4.1.174	4.1.176	anuvritti
4.1.175	4.1.176	anuvritti
4.2.1	4.2.2	anuvritti
4.2.1	4.2.3	anuvritti
4.2.1	4.2.4	anuvritti
4.2.1	4.2.5	anuvritti
4.2.1	4.2.6	anuvritti
4.2.1	4.2.7	anuvritti
4.2.1	4.2.8	anuvritti
4.2.1	4.2.9	anuvritti
4.2.1	4.2.10	anuvritti
4.2.1	4.2.11	anuvritti
4.2.1	4.2.12	anuvritti
4.2.1	4.2.13	anuvritti
4.2.3	4.2.4	anuvritti
4.2.3	4.2.5	anuvritti
4.2.3	4.2.6	anuvritti
4.2.4	4.2.5	anuvritti
4.2.7	4.2.8	anuvritti
4.2.7	4.2.9	anuvritti
4.2.10	4.2.11	anuvritti
4.2.10	4.2.12	anuvritti
4.2.14	4.2.15	anuvritti
4.2.14	4.2.16	anuvritti
4.2.14	4.2.17	anuvritti
4.2.14	4.2.18	anuvritti
4.2.14	4.2.19	anuvritti
4.2.14	4.2.20	anuvritti
4.2.16	4.2.17	anuvritti
4.2.16	4.2.18	anuvritti
4.2.16	4.2.19	anuvritti
4.2.16	4.2.20	anuvritti
4.2.18	4.2.19	anuvritti
4.2.21	4.2.22	anuvritti
4.2.21	4.2.23	anuvritti
4.2.22	4.2.23	anuvritti
4.2.24	4.2.25	anuvritti
4.2.24	4.2.26	anuvritti
4.2.24	4.2.27	anuvritti
4.2.24	4.2.28	anuvritti
4.2.24	4.2.29	anuvritti
4.2.24	4.2.30	anuvritti
4.2.24	4.2.31	anuvritti
4.2.24	4.2.32	anuvritti
4.2.24	4.2.33	anuvritti
4.2.24	4.2.34	anuvritti
4.2.24	4.2.35	anuvritti
4.2.28	4.2.29	anuvritti
4.2.31	4.2.32	anuvritti
4.2.37	4.2.38	anuvritti
4.2.37	4.2.39	anuvritti
4.2.37	4.2.40	anuvritti
4.2.37	4.2.41	anuvritti
4.2.37	4.2.42	anuvritti
4.2.37	4.2.43	anuvritti
4.2.37	4.2.44	anuvritti
4.2.37	4.2.45	anuvritti
4.2.37	4.2.46	anuvritti
4.2.37	4.2.47	anuvritti
4.2.37	4.2.48	anuvritti
4.2.37	4.2.49	anuvritti
4.2.37	4.2.50	anuvritti
4.2.37	4.2.51	anuvritti
4.2.37	4.2.52	anuvritti
4.2.37	4.2.53	anuvritti
4.2.37	4.2.54	anuvritti
4.2.39	4.2.40	anuvritti
4.2.40	4.2.41	anuvritti
4.2.44	4.2.45	anuvritti
4.2.49	4.2.50	anuvritti
4.2.52	4.2.53	anuvritti
4.2.52	4.2.54	anuvritti
4.2.55	4.2.56	anuvritti
4.2.59	4.2.60	anuvritti
4.2.59	4.2.61	anuvritti
4.2.59	4.2.62	anuvritti
4.2.59	4.2.63	anuvritti
4.2.59	4.2.64	anuvritti
4.2.59	4.2.65	anuvritti
4.2.59	4.2.66	anuvritti
4.2.64	4.2.65	anuvritti
4.2.64	4.2.66	anuvritti
4.2.67	4.2.68	anuvritti
4.2.67	4.2.69	anuvritti
4.2.67	4.2.70	anuvritti
4.2.69	4.2.70	anuvritti
4.2.71	4.2.72	anuvritti
4.2.71	4.2.73	anuvritti
4.2.71	4.2.74	anuvritti
4.2.71	4.2.75	anuvritti
4.2.71	4.2.76	anuvritti
4.2.73	4.2.74	anuvritti
4.2.77	4.2.78	anuvritti
4.2.77	4.2.79	anuvritti
4.2.81	4.2.82	anuvritti
4.2.81	4.2.83	anuvritti
4.2.83	4.2.84	anuvritti
4.2.85	4.2.86	anuvritti
4.2.90	4.2.91	anuvritti
4.2.92	4.3.23	adhikara
4.2.95	4.2.96	anuvritti
4.2.99	4.2.100	anuvritti
4.2.102	4.2.103	anuvritti
4.2.104	4.2.105	anuvritti
4.2.107	4.2.108	anuvritti
4.2.108	4.2.109	anuvritti
4.2.110	4.2.111	anuvritti
4.2.110	4.2.112	anuvritti
4.2.110	4.2.113	anuvritti
4.2.111	4.2.112	anuvritti
4.2.111	4.2.113	anuvritti
4.2.112	4.2.113	anuvritti
4.2.114	4.2.115	anuvritti
4.2.114	4.2.116	anuvritti
4.2.114	4.2.117	anuvritti
4.2.114	4.2.118	anuvritti
4.2.116	4.2.117	anuvritti
4.2.116	4.2.118	anuvritti
4.2.120	4.2.121	anuvritti
4.2.120	4.2.122	anuvritti
4.2.120	4.2.123	anuvritti
4.2.120	4.2.124	anuvritti
4.2.120	4.2.125	anuvritti
4.2.120	4.2.126	anuvritti
4.2.121	4.2.122	anuvritti
4.2.121	4.2.123	anuvritti
4.2.121	4.2.124	anuvritti
4.2.121	4.2.125	anuvritti
4.2.121	4.2.126	anuvritti
4.2.121	4.2.127	anuvritti
4.2.121	4.2.128	anuvritti
4.2.121	4.2.129	anuvritti
4.2.121	4.2.130	anuvritti
4.2.124	4.2.125	anuvritti
4.2.125	4.2.126	anuvritti
4.2.132	4.2.133	anuvritti
4.2.133	4.2.134	anuvritti
4.2.134	4.2.135	anuvritti
4.2.134	4.2.136	anuvritti
4.2.135	4.2.136	anuvritti
4.2.137	4.2.138	anuvritti
4.2.137	4.2.139	anuvritti
4.2.137	4.2.140	anuvritti
4.2.137	4.2.141	anuvritti
4.2.137	4.2.142	anuvritti
4.2.137	4.2.143	anuvritti
4.2.137	4.2.144	anuvritti
4.2.137	4.2.145	anuvritti
4.2.137	4.3.1	anuvritti
4.2.141	4.2.142	anuvritti
4.2.143	4.2.144	anuvritti
4.3.1	4.3.2	anuvritti
4.3.1	4.3.3	anuvritti
4.3.2	4.3.3	anuvritti
4.3.4	4.3.5	anuvritti
4.3.4	4.3.6	anuvritti
4.3.4	4.3.7	anuvritti
4.3.6	4.3.7	anuvritti
4.3.8	4.3.9	anuvritti
4.3.11	4.3.12	anuvritti
4.3.11	4.3.13	anuvritti
4.3.11	4.3.14	anuvritti
4.3.11	4.3.15	anuvritti
4.3.11	4.3.16	anuvritti
4.3.11	4.3.17	anuvritti
4.3.11	4.3.18	anuvritti
4.3.11	4.3.19	anuvritti
4.3.11	4.3.20	anuvritti
4.3.11	4.3.21	anuvritti
4.3.11	4.3.22	anuvritti
4.3.11	4.3.23	anuvritti
4.3.11	4.3.24	anuvritti
4.3.12	4.3.13	anuvritti
4.3.13	4.3.14	anuvritti
4.3.13	4.3.15	anuvritti
4.3.18	4.3.19	anuvritti
4.3.19	4.3.20	anuvritti
4.3.19	4.3.21	anuvritti
4.3.21	4.3.22	anuvritti
4.3.23	4.3.24	anuvritti
4.3.25	4.3.26	anuvritti
4.3.25	4.3.27	anuvritti
4.3.25	4.3.28	anuvritti
4.3.25	4.3.29	anuvritti
4.3.25	4.3.30	anuvritti
4.3.25	4.3.31	anuvritti
4.3.25	4.3.32	anuvritti
4.3.25	4.3.33	anuvritti
4.3.25	4.3.34	anuvritti
4.3.25	4.3.35	anuvritti
4.3.25	4.3.36	anuvritti
4.3.25	4.3.37	anuvritti
4.3.25	4.3.38	anuvritti
4.3.25	4.3.39	anuvritti
4.3.25	4.3.40	anuvritti
4.3.25	4.3.41	anuvritti
4.3.25	4.3.42	anuvritti
4.3.25	4.3.43	anuvritti
4.3.25	4.3.44	anuvritti
4.3.25	4.3.45	anuvritti
4.3.25	4.3.46	anuvritti
4.3.25	4.3.47	anuvritti
4.3.25	4.3.48	anuvritti
4.3.25	4.3.49	anuvritti
4.3.25	4.3.50	anuvritti
4.3.25	4.3.51	anuvritti
4.3.27	4.3.28	anuvritti
4.3.28	4.3.29	anuvritti
4.3.28	4.3.30	anuvritti
4.3.28	4.3.31	anuvritti
4.3.30	4.3.31	anuvritti
4.3.32	4.3.33	anuvritti
4.3.34	4.3.35	anuvritti
4.3.34	4.3.36	anuvritti
4.3.34	4.3.37	anuvritti
4.3.39	4.3.40	anuvritti
4.3.41	4.3.42	anuvritti
4.3.41	4.3.43	anuvritti
4.3.43	4.3.44	anuvritti
4.3.43	4.3.45	anuvritti
4.3.43	4.3.46	anuvritti
4.3.43	4.3.47	anuvritti
4.3.43	4.3.48	anuvritti
4.3.43	4.3.49	anuvritti
4.3.43	4.3.50	anuvritti
4.3.44	4.3.45	anuvritti
4.3.44	4.3.46	anuvritti
4.3.47	4.3.48	anuvritti
4.3.47	4.3.49	anuvritti
4.3.47	4.3.50	anuvritti
4.3.49	4.3.50	anuvritti
4.3.53	4.3.54	anuvritti
4.3.53	4.3.55	anuvritti
4.3.53	4.3.56	anuvritti
4.3.53	4.3.57	anuvritti
4.3.53	4.3.58	anuvritti
4.3.53	4.3.59	anuvritti
4.3.53	4.3.60	anuvritti
4.3.53	4.3.61	anuvritti
4.3.53	4.3.62	anuvritti
4.3.53	4.3.63	anuvritti
4.3.53	4.3.64	anuvritti
4.3.53	4.3.65	anuvritti
4.3.53	4.3.66	anuvritti
4.3.53	4.3.67	anuvritti
4.3.53	4.3.68	anuvritti
4.3.53	4.3.69	anuvritti
4.3.53	4.3.70	anuvritti
4.3.53	4.3.71	anuvritti
4.3.53	4.3.72	anuvritti
4.3.53	4.3.73	anuvritti
4.3.54	4.3.55	anuvritti
4.3.56	4.3.57	anuvritti
4.3.58	4.3.59	anuvritti
4.3.59	4.3.60	anuvritti
4.3.59	4.3.61	anuvritti
4.3.60	4.3.61	anuvritti
4.3.63	4.3.64	anuvritti
4.3.66	4.3.67	anuvritti
4.3.66	4.3.68	anuvritti
4.3.66	4.3.69	anuvritti
4.3.66	4.3.70	anuvritti
4.3.66	4.3.71	anuvritti
4.3.66	4.3.72	anuvritti
4.3.66	4.3.73	anuvritti
4.3.74	4.3.75	anuvritti
4.3.74	4.3.76	anuvritti
4.3.74	4.3.77	anuvritti
4.3.74	4.3.78	anuvritti
4.3.74	4.3.79	anuvritti
4.3.74	4.3.80	anuvritti
4.3.74	4.3.81	anuvritti
4.3.74	4.3.82	anuvritti
4.3.74	4.3.83	anuvritti
4.3.74	4.3.84	anuvritti
4.3.77	4.3.78	anuvritti
4.3.78	4.3.79	anuvritti
4.3.81	4.3.82	anuvritti
4.3.83	4.3.84	anuvritti
4.3.85	4.3.86	anuvritti
4.3.85	4.3.87	anuvritti
4.3.85	4.3.88	anuvritti
4.3.87	4.3.88	anuvritti
4.3.89	4.3.90	anuvritti
4.3.89	4.3.91	anuvritti
4.3.89	4.3.92	anuvritti
4.3.89	4.3.93	anuvritti
4.3.89	4.3.94	anuvritti
4.3.89	4.3.95	anuvritti
4.3.89	4.3.96	anuvritti
4.3.89	4.3.97	anuvritti
4.3.89	4.3.98	anuvritti
4.3.89	4.3.99	anuvritti
4.3.89	4.3.100	anuvritti
4.3.90	4.3.91	anuvritti
4.3.90	4.3.92	anuvritti
4.3.90	4.3.93	anuvritti
4.3.90	4.3.94	anuvritti
4.3.95	4.3.96	anuvritti
4.3.95	4.3.97	anuvritti
4.3.95	4.3.98	anuvritti
4.3.95	4.3.99	anuvritti
4.3.95	4.3.100	anuvritti
4.3.101	4.3.102	anuvritti
4.3.101	4.3.103	anuvritti
4.3.101	4.3.104	anuvritti
4.3.101	4.3.105	anuvritti
4.3.101	4.3.106	anuvritti
4.3.101	4.3.107	anuvritti
4.3.101	4.3.108	anuvritti
4.3.101	4.3.109	anuvritti
4.3.101	4.3.110	anuvritti
4.3.101	4.3.111	anuvritti
4.3.103	4.3.104	anuvritti
4.3.103	4.3.105	anuvritti
4.3.103	4.3.106	anuvritti
4.3.110	4.3.111	anuvritti
4.3.112	4.3.113	anuvritti
4.3.112	4.3.114	anuvritti
4.3.112	4.3.115	anuvritti
4.3.112	4.3.116	anuvritti
4.3.112	4.3.117	anuvritti
4.3.112	4.3.118	anuvritti
4.3.112	4.3.119	anuvritti
4.3.113	4.3.114	anuvritti
4.3.116	4.3.117	anuvritti
4.3.116	4.3.118	anuvritti
4.3.116	4.3.119	anuvritti
4.3.117	4.3.118	anuvritti
4.3.117	4.3.119	anuvritti
4.3.120	4.3.121	anuvritti
4.3.120	4.3.122	anuvritti
4.3.120	4.3.123	anuvritti
4.3.120	4.3.124	anuvritti
4.3.120	4.3.125	anuvritti
4.3.120	4.3.126	anuvritti
4.3.120	4.3.127	anuvritti
4.3.120	4.3.128	anuvritti
4.3.120	4.3.129	anuvritti
4.3.120	4.3.130	anuvritti
4.3.120	4.3.131	anuvritti
4.3.120	4.3.132	anuvritti
4.3.120	4.3.133	anuvritti
4.3.120	4.3.134	anuvritti
4.3.120	4.3.135	anuvritti
4.3.121	4.3.122	anuvritti
4.3.122	4.3.123	anuvritti
4.3.127	4.3.128	anuvritti
4.3.132	4.3.133	anuvritti
4.3.134	4.3.135	anuvritti
4.3.134	4.3.136	anuvritti
4.3.134	4.3.137	anuvritti
4.3.134	4.3.138	anuvritti
4.3.134	4.3.139	anuvritti
4.3.134	4.3.140	anuvritti
4.3.134	4.3.141	anuvritti
4.3.134	4.3.142	anuvritti
4.3.134	4.3.143	anuvritti
4.3.134	4.3.144	anuvritti
4.3.134	4.3.145	anuvritti
4.3.134	4.3.146	anuvritti
4.3.134	4.3.147	anuvritti
4.3.134	4.3.148	anuvritti
4.3.134	4.3.149	anuvritti
4.3.134	4.3.150	anuvritti
4.3.134	4.3.151	anuvritti
4.3.134	4.3.152	anuvritti
4.3.134	4.3.153	anuvritti
4.3.134	4.3.154	anuvritti
4.3.134	4.3.155	anuvritti
4.3.134	4.3.156	anuvritti
4.3.134	4.3.157	anuvritti
4.3.134	4.3.158	anuvritti
4.3.134	4.3.159	anuvritti
4.3.134	4.3.160	anuvritti
4.3.134	4.3.161	anuvritti
4.3.134	4.3.162	anuvritti
4.3.134	4.3.163	anuvritti
4.3.134	4.3.164	anuvritti
4.3.134	4.3.165	anuvritti
4.3.134	4.3.166	anuvritti
4.3.134	4.3.167	anuvritti
4.3.134	4.3.168	anuvritti
4.3.135	4.3.136	anuvritti
4.3.135	4.3.137	anuvritti
4.3.135	4.3.138	anuvritti
4.3.135	4.3.139	anuvritti
4.3.135	4.3.140	anuvritti
4.3.135	4.3.141	anuvritti
4.3.135	4.3.142	anuvritti
4.3.135	4.3.143	anuvritti
4.3.135	4.3.144	anuvritti
4.3.135	4.3.145	anuvritti
4.3.135	4.3.146	anuvritti
4.3.135	4.3.147	anuvritti
4.3.135	4.3.148	anuvritti
4.3.135	4.3.149	anuvritti
4.3.135	4.3.150	anuvritti
4.3.135	4.3.151	anuvritti
4.3.135	4.3.152	anuvritti
4.3.135	4.3.153	anuvritti
4.3.135	4.3.154	anuvritti
4.3.135	4.3.155	anuvritti
4.3.135	4.3.156	anuvritti
4.3.135	4.3.157	anuvritti
4.3.135	4.3.158	anuvritti
4.3.135	4.3.159	anuvritti
4.3.135	4.3.160	anuvritti
4.3.135	4.3.161	anuvritti
4.3.135	4.3.162	anuvritti
4.3.135	4.3.163	anuvritti
4.3.135	4.3.164	anuvritti
4.3.135	4.3.165	anuvritti
4.3.135	4.3.166	anuvritti
4.3.135	4.3.167	anuvritti
4.3.135	4.3.168	anuvritti
4.3.136	4.3.137	anuvritti
4.3.136	4.3.138	anuvritti
4.3.136	4.3.139	anuvritti
4.3.136	4.3.140	anuvritti
4.3.136	4.3.141	anuvritti
4.3.139	4.3.140	anuvritti
4.3.139	4.3.141	anuvritti
4.3.143	4.3.144	anuvritti
4.3.143	4.3.145	anuvritti
4.3.143	4.3.146	anuvritti
4.3.143	4.3.147	anuvritti
4.3.143	4.3.148	anuvritti
4.3.143	4.3.149	anuvritti
4.3.143	4.3.150	anuvritti
4.3.143	4.3.151	anuvritti
4.3.146	4.3.147	anuvritti
4.3.150	4.3.151	anuvritti
4.3.152	4.3.153	anuvritti
4.3.154	4.3.155	anuvritti
4.3.157	4.3.158	anuvritti
4.3.160	4.3.161	anuvritti
4.3.161	4.3.162	anuvritti
4.3.163	4.3.164	anuvritti
4.3.163	4.3.165	anuvritti
4.3.164	4.3.165	anuvritti
4.3.165	4.3.166	anuvritti
4.3.166	4.3.167	anuvritti
4.4.1	4.4.2	adhikara
4.4.1	4.4.3	adhikara
4.4.1	4.4.4	adhikara
4.4.1	4.4.5	adhikara
4.4.1	4.4.6	adhikara
4.4.1	4.4.7	adhikara
4.4.1	4.4.8	adhikara
4.4.1	4.4.9	adhikara
4.4.1	4.4.10	adhikara
4.4.1	4.4.11	adhikara
4.4.1	4.4.12	adhikara
4.4.1	4.4.13	adhikara
4.4.1	4.4.14	adhikara
4.4.1	4.4.15	adhikara
4.4.1	4.4.16	adhikara
4.4.1	4.4.17	adhikara
4.4.1	4.4.18	adhikara
4.4.1	4.4.19	adhikara
4.4.1	4.4.20	adhikara
4.4.1	4.4.21	adhikara
4.4.1	4.4.22	adhikara
4.4.1	4.4.23	adhikara
4.4.1	4.4.24	adhikara
4.4.1	4.4.25	adhikara
4.4.1	4.4.26	adhikara
4.4.1	4.4.27	adhikara
4.4.1	4.4.28	adhikara
4.4.1	4.4.29	adhikara
4.4.1	4.4.30	adhikara
4.4.1	4.4.31	adhikara
4.4.1	4.4.32	adhikara
4.4.1	4.4.33	adhikara
4.4.1	4.4.34	adhikara
4.4.1	4.4.35	adhikara
4.4.1	4.4.36	adhikara
4.4.1	4.4.37	adhikara
4.4.1	4.4.38	adhikara
4.4.1	4.4.39	adhikara
4.4.1	4.4.40	adhikara
4.4.1	4.4.41	adhikara
4.4.1	4.4.42	adhikara
4.4.1	4.4.43	adhikara
4.4.1	4.4.44	adhikara
4.4.1	4.4.45	adhikara
4.4.1	4.4.46	adhikara
4.4.1	4.4.47	adhikara
4.4.1	4.4.48	adhikara
4.4.1	4.4.49	adhikara
4.4.1	4.4.50	adhikara
4.4.1	4.4.51	adhikara
4.4.1	4.4.52	adhikara
4.4.1	4.4.53	adhikara
4.4.1	4.4.54	adhikara
4.4.1	4.4.55	adhikara
4.4.1	4.4.56	adhikara
4.4.1	4.4.57	adhikara
4.4.1	4.4.58	adhikara
4.4.1	4.4.59	adhikara
4.4.1	4.4.60	adhikara
4.4.1	4.4.61	adhikara
4.4.1	4.4.62	adhikara
4.4.1	4.4.63	adhikara
4.4.1	4.4.64	adhikara
4.4.1	4.4.65	adhikara
4.4.1	4.4.66	adhikara
4.4.1	4.4.67	adhikara
4.4.1	4.4.68	adhikara
4.4.1	4.4.69	adhikara
4.4.1	4.4.70	adhikara
4.4.1	4.4.71	adhikara
4.4.1	4.4.72	adhikara
4.4.1	4.4.73	adhikara
4.4.1	4.4.74	adhikara
4.4.2	4.4.3	anuvritti
4.4.2	4.4.4	anuvritti
4.4.2	4.4.5	anuvritti
4.4.2	4.4.6	anuvritti
4.4.2	4.4.7	anuvritti
4.4.2	4.4.8	anuvritti
4.4.2	4.4.9	anuvritti
4.4.2	4.4.10	anuvritti
4.4.2	4.4.11	anuvritti
4.4.2	4.4.12	anuvritti
4.4.2	4.4.13	anuvritti
4.4.2	4.4.14	anuvritti
4.4.2	4.4.15	anuvritti
4.4.2	4.4.16	anuvritti
4.4.2	4.4.17	anuvritti
4.4.2	4.4.18	anuvritti
4.4.2	4.4.19	anuvritti
4.4.2	4.4.20	anuvritti
4.4.2	4.4.21	anuvritti
4.4.2	4.4.22	anuvritti
4.4.2	4.4.23	anuvritti
4.4.2	4.4.24	anuvritti
4.4.2	4.4.25	anuvritti
4.4.2	4.4.26	anuvritti
4.4.2	4.4.27	anuvritti
4.4.3	4.4.4	anuvritti
4.4.5	4.4.6	anuvritti
4.4.5	4.4.7	anuvritti
4.4.8	4.4.9	anuvritti
4.4.8	4.4.10	anuvritti
4.4.8	4.4.11	anuvritti
4.4.10	4.4.11	anuvritti
4.4.12	4.4.13	anuvritti
4.4.12	4.4.14	anuvritti
4.4.13	4.4.14	anuvritti
4.4.15	4.4.16	anuvritti
4.4.15	4.4.17	anuvritti
4.4.15	4.4.18	anuvritti
4.4.16	4.4.17	anuvritti
4.4.19	4.4.20	anuvritti
4.4.19	4.4.21	anuvritti
4.4.22	4.4.23	anuvritti
4.4.22	4.4.24	anuvritti
4.4.22	4.4.25	anuvritti
4.4.27	4.4.28	anuvritti
4.4.27	4.4.29	anuvritti
4.4.28	4.4.29	anuvritti
4.4.28	4.4.30	anuvritti
4.4.28	4.4.31	anuvritti
4.4.28	4.4.32	anuvritti
4.4.28	4.4.33	anuvritti
4.4.28	4.4.34	anuvritti
4.4.28	4.4.35	anuvritti
4.4.28	4.4.36	anuvritti
4.4.28	4.4.37	anuvritti
4.4.28	4.4.38	anuvritti
4.4.28	4.4.39	anuvritti
4.4.28	4.4.40	anuvritti
4.4.28	4.4.41	anuvritti
4.4.28	4.4.42	anuvritti
4.4.28	4.4.43	anuvritti
4.4.28	4.4.44	anuvritti
4.4.28	4.4.45	anuvritti
4.4.28	4.4.46	anuvritti
4.4.30	4.4.31	anuvritti
4.4.37	4.4.38	anuvritti
4.4.39	4.4.40	anuvritti
4.4.43	4.4.44	anuvritti
4.4.43	4.4.45	anuvritti
4.4.44	4.4.45	anuvritti
4.4.47	4.4.48	anuvritti
4.4.47	4.4.49	anuvritti
4.4.47	4.4.50	anuvritti
4.4.51	4.4.52	anuvritti
4.4.51	4.4.53	anuvritti
4.4.51	4.4.54	anuvritti
4.4.51	4.4.55	anuvritti
4.4.51	4.4.56	anuvritti
4.4.51	4.4.57	anuvritti
4.4.51	4.4.58	anuvritti
4.4.51	4.4.59	anuvritti
4.4.51	4.4.60	anuvritti
4.4.51	4.4.61	anuvritti
4.4.51	4.4.62	anuvritti
4.4.51	4.4.63	anuvritti
4.4.51	4.4.64	anuvritti
4.4.51	4.4.65	anuvritti
4.4.53	4.4.54	anuvritti
4.4.55	4.4.56	anuvritti
4.4.57	4.4.58	anuvritti
4.4.57	4.4.59	anuvritti
4.4.61	4.4.62	anuvritti
4.4.63	4.4.64	anuvritti
4.4.66	4.4.67	anuvritti
4.4.66	4.4.68	anuvritti
4.4.69	4.4.70	anuvritti
4.4.69	4.4.71	anuvritti
4.4.69	4.4.72	anuvritti
4.4.69	4.4.73	anuvritti
4.4.69	4.4.74	anuvritti
4.4.73	4.4.74	anuvritti
4.4.75	4.4.76	adhikara
4.4.75	4.4.77	adhikara
4.4.75	4.4.78	adhikara
4.4.75	4.4.79	adhikara
4.4.75	4.4.80	adhikara
4.4.75	4.4.81	adhikara
4.4.75	4.4.82	adhikara
4.4.75	4.4.83	adhikara
4.4.75	4.4.84	adhikara
4.4.75	4.4.85	adhikara
4.4.75	4.4.86	adhikara
4.4.75	4.4.87	adhikara
4.4.75	4.4.88	adhikara
4.4.75	4.4.89	adhikara
4.4.75	4.4.90	adhikara
4.4.75	4.4.91	adhikara
4.4.75	4.4.92	adhikara
4.4.75	4.4.93	adhikara
4.4.75	4.4.94	adhikara
4.4.75	4.4.95	adhikara
4.4.75	4.4.96	adhikara
4.4.75	4.4.97	adhikara
4.4.75	4.4.98	adhikara
4.4.75	4.4.99	adhikara
4.4.75	4.4.100	adhikara
4.4.75	4.4.101	adhikara
4.4.75	4.4.102	adhikara
4.4.75	4.4.103	adhikara
4.4.75	4.4.104	adhikara
4.4.75	4.4.105	adhikara
4.4.75	4.4.106	adhikara
4.4.75	4.4.107	adhikara
4.4.75	4.4.108	adhikara
4.4.75	4.4.109	adhikara
4.4.75	4.4.110	adhikara
4.4.75	4.4.111	adhikara
4.4.75	4.4.112	adhikara
4.4.75	4.4.113	adhikara
4.4.75	4.4.114	adhikara
4.4.75	4.4.115	adhikara
4.4.75	4.4.116	adhikara
4.4.75	4.4.117	adhikara
4.4.75	4.4.118	adhikara
4.4.75	4.4.119	adhikara
4.4.75	4.4.120	adhikara
4.4.75	4.4.121	adhikara
4.4.75	4.4.122	adhikara
4.4.75	4.4.123	adhikara
4.4.75	4.4.124	adhikara
4.4.75	4.4.125	adhikara
4.4.75	4.4.126	adhikara
4.4.75	4.4.127	adhikara
4.4.75	4.4.128	adhikara
4.4.75	4.4.129	adhikara
4.4.75	4.4.130	adhikara
4.4.75	4.4.131	adhikara
4.4.75	4.4.132	adhikara
4.4.75	4.4.133	adhikara
4.4.75	4.4.134	adhikara
4.4.75	4.4.135	adhikara
4.4.75	4.4.136	adhikara
4.4.75	4.4.137	adhikara
4.4.75	4.4.138	adhikara
4.4.75	4.4.139	adhikara
4.4.75	4.4.140	adhikara
4.4.75	4.4.141	adhikara
4.4.75	4.4.142	adhikara
4.4.75	4.4.143	adhikara
4.4.75	4.4.144	adhikara
4.4.76	4.4.77	anuvritti
4.4.76	4.4.78	anuvritti
4.4.76	4.4.79	anuvritti
4.4.76	4.4.80	anuvritti
4.4.76	4.4.81	anuvritti
4.4.76	4.4.82	anuvritti
4.4.76	4.4.83	anuvritti
4.4.76	4.4.84	anuvritti
4.4.76	4.4.85	anuvritti
4.4.76	4.4.86	anuvritti
4.4.78	4.4.79	anuvritti
4.4.84	4.4.85	anuvritti
4.4.93	4.4.94	anuvritti
4.4.95	4.4.96	anuvritti
4.4.98	4.4.99	anuvritti
4.4.98	4.4.100	anuvritti
4.4.98	4.4.101	anuvritti
4.4.98	4.4.102	anuvritti
4.4.98	4.4.103	anuvritti
4.4.98	4.4.104	anuvritti
4.4.98	4.4.105	anuvritti
4.4.98	4.4.106	anuvritti
4.4.98	4.4.107	anuvritti
4.4.98	4.4.108	anuvritti
4.4.98	4.4.109	anuvritti
4.4.98	4.4.110	anuvritti
4.4.98	4.4.111	anuvritti
4.4.98	4.4.112	anuvritti
4.4.98	4.4.113	anuvritti
4.4.98	4.4.114	anuvritti
4.4.98	4.4.115	anuvritti
4.4.98	4.4.116	anuvritti
4.4.98	4.4.117	anuvritti
4.4.98	4.4.118	anuvritti
4.4.98	4.4.119	anuvritti
4.4.105	4.4.106	anuvritti
4.4.108	4.4.109	anuvritti
4.4.110	4.4.111	anuvritti
4.4.110	4.4.112	anuvritti
4.4.110	4.4.113	anuvritti
4.4.110	4.4.114	anuvritti
4.4.110	4.4.115	anuvritti
4.4.110	4.4.116	anuvritti
4.4.110	4.4.117	anuvritti
4.4.110	4.4.118	anuvritti
4.4.110	4.4.119	anuvritti
4.4.110	4.4.120	anuvritti
4.4.110	4.4.121	anuvritti
4.4.110	4.4.122	anuvritti
4.4.110	4.4.123	anuvritti
4.4.110	4.4.124	anuvritti
4.4.110	4.4.125	anuvritti
4.4.110	4.4.126	anuvritti
4.4.110	4.4.127	anuvritti
4.4.110	4.4.128	anuvritti
4.4.110	4.4.129	anuvritti
4.4.110	4.4.130	anuvritti
4.4.110	4.4.131	anuvritti
4.4.110	4.4.132	anuvritti
4.4.110	4.4.133	anuvritti
4.4.110	4.4.134	anuvritti
4.4.110	4.4.135	anuvritti
4.4.110	4.4.136	anuvritti
4.4.110	4.4.137	anuvritti
4.4.110	4.4.138	anuvritti
4.4.110	4.4.139	anuvritti
4.4.110	4.4.140	anuvritti
4.4.110	4.4.141	anuvritti
4.4.110	4.4.142	anuvritti
4.4.110	4.4.143	anuvritti
4.4.110	4.4.144	anuvritti
4.4.116	4.4.117	anuvritti
4.4.123	4.4.124	anuvritti
4.4.125	4.4.126	anuvritti
4.4.128	4.4.129	anuvritti
4.4.128	4.4.130	anuvritti
4.4.128	4.4.131	anuvritti
4.4.128	4.4.132	anuvritti
4.4.131	4.4.132	anuvritti
4.4.135	4.4.136	anuvritti
4.4.137	4.4.138	anuvritti
4.4.138	4.4.139	anuvritti
4.4.138	4.4.140	anuvritti
4.4.142	4.4.143	anuvritti
4.4.142	4.4.144	anuvritti
4.4.143	4.4.144	anuvritti
5.1.1	5.1.2	adhikara
5.1.1	5.1.3	adhikara
5.1.1	5.1.4	adhikara
5.1.1	5.1.5	adhikara
5.1.1	5.1.6	adhikara
5.1.1	5.1.7	adhikara
5.1.1	5.1.8	adhikara
5.1.1	5.1.9	adhikara
5.1.1	5.1.10	adhikara
5.1.1	5.1.11	adhikara
5.1.1	5.1.12	adhikara
5.1.1	5.1.13	adhikara
5.1.1	5.1.14	adhikara
5.1.1	5.1.15	adhikara
5.1.1	5.1.16	adhikara
5.1.1	5.1.17	adhikara
5.1.2	5.1.3	anuvritti
5.1.2	5.1.4	anuvritti
5.1.5	5.1.6	anuvritti
5.1.5	5.1.7	anuvritti
5.1.5	5.1.8	anuvritti
5.1.5	5.1.9	anuvritti
5.1.5	5.1.10	anuvritti
5.1.5	5.1.11	anuvritti
5.1.6	5.1.7	anuvritti
5.1.12	5.1.13	anuvritti
5.1.12	5.1.14	anuvritti
5.1.12	5.1.15	anuvritti
5.1.16	5.1.17	anuvritti
5.1.18	5.1.19	adhikara
5.1.18	5.1.20	adhikara
5.1.18	5.1.21	adhikara
5.1.18	5.1.22	adhikara
5.1.18	5.1.23	adhikara
5.1.18	5.1.24	adhikara
5.1.18	5.1.25	adhikara
5.1.18	5.1.26	adhikara
5.1.18	5.1.27	adhikara
5.1.18	5.1.28	adhikara
5.1.18	5.1.29	adhikara
5.1.18	5.1.30	adhikara
5.1.18	5.1.31	adhikara
5.1.18	5.1.32	adhikara
5.1.18	5.1.33	adhikara
5.1.18	5.1.34	adhikara
5.1.18	5.1.35	adhikara
5.1.18	5.1.36	adhikara
5.1.18	5.1.37	adhikara
5.1.18	5.1.38	adhikara
5.1.18	5.1.39	adhikara
5.1.18	5.1.40	adhikara
5.1.18	5.1.41	adhikara
5.1.18	5.1.42	adhikara
5.1.18	5.1.43	adhikara
5.1.18	5.1.44	adhikara
5.1.18	5.1.45	adhikara
5.1.18	5.1.46	adhikara
5.1.18	5.1.47	adhikara
5.1.18	5.1.48	adhikara
5.1.18	5.1.49	adhikara
5.1.18	5.1.50	adhikara
5.1.18	5.1.51	adhikara
5.1.18	5.1.52	adhikara
5.1.18	5.1.53	adhikara
5.1.18	5.1.54	adhikara
5.1.18	5.1.55	adhikara
5.1.18	5.1.56	adhikara
5.1.18	5.1.57	adhikara
5.1.18	5.1.58	adhikara
5.1.18	5.1.59	adhikara
5.1.18	5.1.60	adhikara
5.1.18	5.1.61	adhikara
5.1.18	5.1.62	adhikara
5.1.18	5.1.63	adhikara
5.1.18	5.1.64	adhikara
5.1.18	5.1.65	adhikara
5.1.18	5.1.66	adhikara
5.1.18	5.1.67	adhikara
5.1.18	5.1.68	adhikara
5.1.18	5.1.69	adhikara
5.1.18	5.1.70	adhikara
5.1.18	5.1.71	adhikara
5.1.18	5.1.72	adhikara
5.1.18	5.1.73	adhikara
5.1.18	5.1.74	adhikara
5.1.18	5.1.75	adhikara
5.1.18	5.1.76	adhikara
5.1.18	5.1.77	adhikara
5.1.18	5.1.78	adhikara
5.1.18	5.1.79	adhikara
5.1.18	5.1.80	adhikara
5.1.18	5.1.81	adhikara
5.1.18	5.1.82	adhikara
5.1.18	5.1.83	adhikara
5.1.18	5.1.84	adhikara
5.1.18	5.1.85	adhikara
5.1.18	5.1.86	adhikara
5.1.18	5.1.87	adhikara
5.1.18	5.1.88	adhikara
5.1.18	5.1.89	adhikara
5.1.18	5.1.90	adhikara
5.1.18	5.1.91	adhikara
5.1.18	5.1.92	adhikara
5.1.18	5.1.93	adhikara
5.1.18	5.1.94	adhikara
5.1.18	5.1.95	adhikara
5.1.18	5.1.96	adhikara
5.1.18	5.1.97	adhikara
5.1.18	5.1.98	adhikara
5.1.18	5.1.99	adhikara
5.1.18	5.1.100	adhikara
5.1.18	5.1.101	adhikara
5.1.18	5.1.102	adhikara
5.1.18	5.1.103	adhikara
5.1.18	5.1.104	adhikara
5.1.18	5.1.105	adhikara
5.1.18	5.1.106	adhikara
5.1.18	5.1.107	adhikara
5.1.18	5.1.108	adhikara
5.1.18	5.1.109	adhikara
5.1.18	5.1.110	adhikara
5.1.18	5.1.111	adhikara
5.1.18	5.1.112	adhikara
5.1.18	5.1.113	adhikara
5.1.18	5.1.114	adhikara
5.1.19	5.1.20	adhikara
5.1.19	5.1.21	adhikara
5.1.19	5.1.22	adhikara
5.1.19	5.1.23	adhikara
5.1.19	5.1.24	adhikara
5.1.19	5.1.25	adhikara
5.1.19	5.1.26	adhikara
5.1.19	5.1.27	adhikara
5.1.19	5.1.28	adhikara
5.1.19	5.1.29	adhikara
5.1.19	5.1.30	adhikara
5.1.19	5.1.31	adhikara
5.1.19	5.1.32	adhikara
5.1.19	5.1.33	adhikara
5.1.19	5.1.34	adhikara
5.1.19	5.1.35	adhikara
5.1.19	5.1.36	adhikara
5.1.19	5.1.37	adhikara
5.1.19	5.1.38	adhikara
5.1.19	5.1.39	adhikara
5.1.19	5.1.40	adhikara
5.1.19	5.1.41	adhikara
5.1.19	5.1.42	adhikara
5.1.19	5.1.43	adhikara
5.1.19	5.1.44	adhikara
5.1.19	5.1.45	adhikara
5.1.19	5.1.46	adhikara
5.1.19	5.1.47	adhikara
5.1.19	5.1.48	adhikara
5.1.19	5.1.49	adhikara
5.1.19	5.1.50	adhikara
5.1.19	5.1.51	adhikara
5.1.19	5.1.52	adhikara
5.1.19	5.1.53	adhikara
5.1.19	5.1.54	adhikara
5.1.19	5.1.55	adhikara
5.1.19	5.1.56	adhikara
5.1.19	5.1.57	adhikara
5.1.19	5.1.58	adhikara
5.1.19	5.1.59	adhikara
5.1.19	5.1.60	adhikara
5.1.19	5.1.61	adhikara
5.1.19	5.1.62	adhikara
5.1.19	5.1.63	adhikara
5.1.22	5.1.23	anuvritti
5.1.28	5.1.29	anuvritti
5.1.28	5.1.30	anuvritti
5.1.28	5.1.31	anuvritti
5.1.28	5.1.32	anuvritti
5.1.28	5.1.33	anuvritti
5.1.28	5.1.34	anuvritti
5.1.28	5.1.35	anuvritti
5.1.29	5.1.30	anuvritti
5.1.29	5.1.31	anuvritti
5.1.30	5.1.31	anuvritti
5.1.34	5.1.35	anuvritti
5.1.34	5.1.36	anuvritti
5.1.35	5.1.36	anuvritti
5.1.38	5.1.39	anuvritti
5.1.38	5.1.40	anuvritti
5.1.38	5.1.41	anuvritti
5.1.39	5.1.40	anuvritti
5.1.41	5.1.42	anuvritti
5.1.41	5.1.43	anuvritti
5.1.43	5.1.44	anuvritti
5.1.45	5.1.46	anuvritti
5.1.47	5.1.48	anuvritti
5.1.47	5.1.49	anuvritti
5.1.48	5.1.49	anuvritti
5.1.50	5.1.51	anuvritti
5.1.50	5.1.52	anuvritti
5.1.50	5.1.53	anuvritti
5.1.50	5.1.54	anuvritti
5.1.50	5.1.55	anuvritti
5.1.52	5.1.53	anuvritti
5.1.52	5.1.54	anuvritti
5.1.52	5.1.55	anuvritti
5.1.53	5.1.54	anuvritti
5.1.57	5.1.58	anuvritti
5.1.57	5.1.59	anuvritti
5.1.57	5.1.60	anuvritti
5.1.57	5.1.61	anuvritti
5.1.57	5.1.62	anuvritti
5.1.60	5.1.61	anuvritti
5.1.63	5.1.64	anuvritti
5.1.63	5.1.65	anuvritti
5.1.63	5.1.66	anuvritti
5.1.63	5.1.67	anuvritti
5.1.63	5.1.68	anuvritti
5.1.63	5.1.69	anuvritti
5.1.63	5.1.70	anuvritti
5.1.63	5.1.71	anuvritti
5.1.63	5.1.72	anuvritti
5.1.63	5.1.73	anuvritti
5.1.63	5.1.74	anuvritti
5.1.63	5.1.75	anuvritti
5.1.63	5.1.76	anuvritti
5.1.64	5.1.65	anuvritti
5.1.65	5.1.66	anuvritti
5.1.65	5.1.67	anuvritti
5.1.65	5.1.68	anuvritti
5.1.65	5.1.69	anuvritti
5.1.65	5.1.70	anuvritti
5.1.74	5.1.75	anuvritti
5.1.74	5.1.76	anuvritti
5.1.74	5.1.77	anuvritti
5.1.75	5.1.76	anuvritti
5.1.78	5.1.79	adhikara
5.1.78	5.1.79	anuvritti
5.1.78	5.1.80	adhikara
5.1.78	5.1.80	anuvritti
5.1.78	5.1.81	adhikara
5.1.78	5.1.81	anuvritti
5.1.78	5.1.82	adhikara
5.1.78	5.1.82	anuvritti
5.1.78	5.1.83	adhikara
5.1.78	5.1.83	anuvritti
5.1.78	5.1.84	adhikara
5.1.78	5.1.84	anuvritti
5.1.78	5.1.85	adhikara
5.1.78	5.1.85	anuvritti
5.1.78	5.1.86	adhikara
5.1.78	5.1.86	anuvritti
5.1.78	5.1.87	adhikara
5.1.78	5.1.87	anuvritti
5.1.78	5.1.88	adhikara
5.1.78	5.1.88	anuvritti
5.1.78	5.1.89	adhikara
5.1.78	5.1.89	anuvritti
5.1.78	5.1.90	adhikara
5.1.78	5.1.90	anuvritti
5.1.78	5.1.91	adhikara
5.1.78	5.1.91	anuvritti
5.1.78	5.1.92	adhikara
5.1.78	5.1.92	anuvritti
5.1.78	5.1.93	adhikara
5.1.78	5.1.93	anuvritti
5.1.78	5.1.94	adhikara
5.1.78	5.1.94	anuvritti
5.1.78	5.1.95	adhikara
5.1.78	5.1.95	anuvritti
5.1.78	5.1.96	adhikara
5.1.78	5.1.96	anuvritti
5.1.78	5.1.97	anuvritti
5.1.81	5.1.82	anuvritti
5.1.81	5.1.83	anuvritti
5.1.81	5.1.84	anuvritti
5.1.81	5.1.85	anuvritti
5.1.81	5.1.86	anuvritti
5.1.81	5.1.87	anuvritti
5.1.81	5.1.88	anuvritti
5.1.81	5.1.89	anuvritti
5.1.82	5.1.83	anuvritti
5.1.83	5.1.84	anuvritti
5.1.85	5.1.86	anuvritti
5.1.85	5.1.87	anuvritti
5.1.85	5.1.88	anuvritti
5.1.86	5.1.87	anuvritti
5.1.86	5.1.88	anuvritti
5.1.86	5.1.89	anuvritti
5.1.88	5.1.89	anuvritti
5.1.91	5.1.92	anuvritti
5.1.96	5.1.97	anuvritti
5.1.96	5.1.98	anuvritti
5.1.99	5.1.100	anuvritti
5.1.101	5.1.102	anuvritti
5.1.101	5.1.103	anuvritti
5.1.104	5.1.105	anuvritti
5.1.104	5.1.106	anuvritti
5.1.104	5.1.107	anuvritti
5.1.104	5.1.108	anuvritti
5.1.104	5.1.109	anuvritti
5.1.104	5.1.110	anuvritti
5.1.104	5.1.111	anuvritti
5.1.104	5.1.112	anuvritti
5.1.104	5.1.113	anuvritti
5.1.104	5.1.114	anuvritti
5.1.105	5.1.106	anuvritti
5.1.107	5.1.108	anuvritti
5.1.109	5.1.110	anuvritti
5.1.109	5.1.111	anuvritti
5.1.109	5.1.112	anuvritti
5.1.109	5.1.113	anuvritti
5.1.109	5.1.114	anuvritti
5.1.111	5.1.112	anuvritti
5.1.115	5.1.116	anuvritti
5.1.115	5.1.117	anuvritti
5.1.115	5.1.118	anuvritti
5.1.119	5.1.120	anuvritti
5.1.119	5.1.121	anuvritti
5.1.119	5.1.122	anuvritti
5.1.119	5.1.123	anuvritti
5.1.119	5.1.124	anuvritti
5.1.119	5.1.125	anuvritti
5.1.119	5.1.126	anuvritti
5.1.119	5.1.127	anuvritti
5.1.119	5.1.128	anuvritti
5.1.119	5.1.129	anuvritti
5.1.119	5.1.130	anuvritti
5.1.119	5.1.131	anuvritti
5.1.119	5.1.132	anuvritti
5.1.119	5.1.133	anuvritti
5.1.119	5.1.134	anuvritti
5.1.119	5.1.135	anuvritti
5.1.119	5.1.136	anuvritti
5.1.120	5.1.121	adhikara
5.1.120	5.1.122	adhikara
5.1.120	5.1.123	adhikara
5.1.120	5.1.124	adhikara
5.1.120	5.1.125	adhikara
5.1.120	5.1.126	adhikara
5.1.120	5.1.127	adhikara
5.1.120	5.1.128	adhikara
5.1.120	5.1.129	adhikara
5.1.120	5.1.130	adhikara
5.1.120	5.1.131	adhikara
5.1.120	5.1.132	adhikara
5.1.120	5.1.133	adhikara
5.1.120	5.1.134	adhikara
5.1.120	5.1.135	adhikara
5.1.120	5.1.136	adhikara
5.1.122	5.1.123	anuvritti
5.1.123	5.1.124	anuvritti
5.1.124	5.1.125	anuvritti
5.1.124	5.1.126	anuvritti
5.1.124	5.1.127	anuvritti
5.1.124	5.1.128	anuvritti
5.1.124	5.1.129	anuvritti
5.1.124	5.1.130	anuvritti
5.1.124	5.1.131	anuvritti
5.1.124	5.1.132	anuvritti
5.1.124	5.1.133	anuvritti
5.1.124	5.1.134	anuvritti
5.1.124	5.1.135	anuvritti
5.1.124	5.1.136	anuvritti
5.1.130	5.1.131	anuvritti
5.1.132	5.1.133	anuvritti
5.1.132	5.1.134	anuvritti
5.1.132	5.1.135	anuvritti
5.2.1	5.2.2	anuvritti
5.2.1	5.2.3	anuvritti
5.2.1	5.2.4	anuvritti
5.2.6	5.2.7	anuvritti
5.2.6	5.2.8	anuvritti
5.2.6	5.2.9	anuvritti
5.2.6	5.2.10	anuvritti
5.2.6	5.2.11	anuvritti
5.2.6	5.2.12	anuvritti
5.2.6	5.2.13	anuvritti
5.2.6	5.2.14	anuvritti
5.2.6	5.2.15	anuvritti
5.2.7	5.2.8	anuvritti
5.2.7	5.2.9	anuvritti
5.2.7	5.2.10	anuvritti
5.2.7	5.2.11	anuvritti
5.2.7	5.2.12	anuvritti
5.2.7	5.2.13	anuvritti
5.2.7	5.2.14	anuvritti
5.2.7	5.2.15	anuvritti
5.2.7	5.2.16	anuvritti
5.2.7	5.2.17	anuvritti
5.2.7	5.2.18	anuvritti
5.2.7	5.2.19	anuvritti
5.2.7	5.2.20	anuvritti
5.2.7	5.2.21	anuvritti
5.2.7	5.2.22	anuvritti
5.2.7	5.2.23	anuvritti
5.2.7	5.2.24	anuvritti
5.2.7	5.2.25	anuvritti
5.2.7	5.2.26	anuvritti
5.2.7	5.2.27	anuvritti
5.2.12	5.2.13	anuvritti
5.2.15	5.2.16	anuvritti
5.2.15	5.2.17	anuvritti
5.2.16	5.2.17	anuvritti
5.2.18	5.2.19	anuvritti
5.2.18	5.2.20	anuvritti
5.2.18	5.2.21	anuvritti
5.2.18	5.2.22	anuvritti
5.2.18	5.2.23	anuvritti
5.2.24	5.2.25	anuvritti
5.2.28	5.2.29	anuvritti
5.2.29	5.2.30	anuvritti
5.2.30	5.2.31	anuvritti
5.2.31	5.2.32	anuvritti
5.2.31	5.2.33	anuvritti
5.2.31	5.2.34	anuvritti
5.2.32	5.2.33	anuvritti
5.2.36	5.2.37	anuvritti
5.2.36	5.2.38	anuvritti
5.2.37	5.2.38	anuvritti
5.2.39	5.2.40	anuvritti
5.2.39	5.2.41	anuvritti
5.2.40	5.2.41	anuvritti
5.2.43	5.2.44	anuvritti
5.2.45	5.2.46	anuvritti
5.2.47	5.2.48	anuvritti
5.2.47	5.2.49	anuvritti
5.2.47	5.2.50	anuvritti
5.2.47	5.2.51	anuvritti
5.2.47	5.2.52	anuvritti
5.2.47	5.2.53	anuvritti
5.2.47	5.2.54	anuvritti
5.2.47	5.2.55	anuvritti
5.2.47	5.2.56	anuvritti
5.2.47	5.2.57	anuvritti
5.2.47	5.2.58	anuvritti
5.2.48	5.2.49	anuvritti
5.2.48	5.2.50	anuvritti
5.2.48	5.2.51	anuvritti
5.2.48	5.2.52	anuvritti
5.2.48	5.2.53	anuvritti
5.2.48	5.2.54	anuvritti
5.2.48	5.2.55	anuvritti
5.2.48	5.2.56	anuvritti
5.2.48	5.2.57	anuvritti
5.2.48	5.2.58	anuvritti
5.2.49	5.2.50	anuvritti
5.2.54	5.2.55	anuvritti
5.2.56	5.2.57	anuvritti
5.2.56	5.2.58	anuvritti
5.2.59	5.2.60	anuvritti
5.2.59	5.2.61	anuvritti
5.2.59	5.2.62	anuvritti
5.2.60	5.2.61	anuvritti
5.2.60	5.2.62	anuvritti
5.2.60	5.2.63	anuvritti
5.2.60	5.2.64	anuvritti
5.2.60	5.2.65	anuvritti
5.2.62	5.2.63	anuvritti
5.2.63	5.2.64	anuvritti
5.2.63	5.2.65	anuvritti
5.2.63	5.2.66	anuvritti
5.2.63	5.2.67	anuvritti
5.2.64	5.2.65	anuvritti
5.2.64	5.2.66	anuvritti
5.2.64	5.2.67	anuvritti
5.2.64	5.2.68	anuvritti
5.2.64	5.2.69	anuvritti
5.2.64	5.2.70	anuvritti
5.2.64	5.2.71	anuvritti
5.2.64	5.2.72	anuvritti
5.2.64	5.2.73	anuvritti
5.2.64	5.2.74	anuvritti
5.2.64	5.2.75	anuvritti
5.2.64	5.2.76	anuvritti
5.2.64	5.2.77	anuvritti
5.2.64	5.2.78	anuvritti
5.2.64	5.2.79	anuvritti
5.2.64	5.2.80	anuvritti
5.2.64	5.2.81	anuvritti
5.2.64	5.2.82	anuvritti
5.2.66	5.2.67	anuvritti
5.2.75	5.2.76	anuvritti
5.2.82	5.2.83	anuvritti
5.2.85	5.2.86	anuvritti
5.2.85	5.2.87	anuvritti
5.2.85	5.2.88	anuvritti
5.2.86	5.2.87	anuvritti
5.2.86	5.2.88	anuvritti
5.2.86	5.2.89	anuvritti
5.2.86	5.2.90	anuvritti
5.2.86	5.2.91	anuvritti
5.2.94	5.2.95	anuvritti
5.2.94	5.2.96	anuvritti
5.2.94	5.2.97	anuvritti
5.2.94	5.2.98	anuvritti
5.2.94	5.2.99	anuvritti
5.2.94	5.2.100	anuvritti
5.2.94	5.2.101	anuvritti
5.2.94	5.2.102	anuvritti
5.2.94	5.2.103	anuvritti
5.2.94	5.2.104	anuvritti
5.2.94	5.2.105	anuvritti
5.2.94	5.2.106	anuvritti
5.2.94	5.2.107	anuvritti
5.2.94	5.2.108	anuvritti
5.2.94	5.2.109	anuvritti
5.2.94	5.2.110	anuvritti
5.2.94	5.2.111	anuvritti
5.2.94	5.2.112	anuvritti
5.2.94	5.2.113	anuvritti
5.2.94	5.2.114	anuvritti
5.2.94	5.2.115	anuvritti
5.2.94	5.2.116	anuvritti
5.2.94	5.2.117	anuvritti
5.2.94	5.2.118	anuvritti
5.2.94	5.2.119	anuvritti
5.2.94	5.2.120	anuvritti
5.2.94	5.2.121	anuvritti
5.2.94	5.2.122	anuvritti
5.2.94	5.2.123	anuvritti
5.2.94	5.2.124	anuvritti
5.2.94	5.2.125	anuvritti
5.2.94	5.2.126	anuvritti
5.2.94	5.2.127	anuvritti
5.2.94	5.2.128	anuvritti
5.2.94	5.2.129	anuvritti
5.2.94	5.2.130	anuvritti
5.2.94	5.2.131	anuvritti
5.2.94	5.2.132	anuvritti
5.2.94	5.2.133	anuvritti
5.2.94	5.2.134	anuvritti
5.2.94	5.2.135	anuvritti
5.2.94	5.2.136	anuvritti
5.2.94	5.2.137	anuvritti
5.2.94	5.2.138	anuvritti
5.2.94	5.2.139	anuvritti
5.2.94	5.2.140	anuvritti
5.2.96	5.2.97	anuvritti
5.2.96	5.2.98	anuvritti
5.2.96	5.2.99	anuvritti
5.2.102	5.2.103	anuvritti
5.2.103	5.2.104	anuvritti
5.2.103	5.2.105	anuvritti
5.2.104	5.2.105	anuvritti
5.2.109	5.2.110	anuvritti
5.2.112	5.2.113	anuvritti
5.2.113	5.2.114	anuvritti
5.2.115	5.2.116	anuvritti
5.2.115	5.2.117	anuvritti
5.2.118	5.2.119	anuvritti
5.2.121	5.2.122	anuvritti
5.2.124	5.2.125	anuvritti
5.2.128	5.2.129	anuvritti
5.2.128	5.2.130	anuvritti
5.2.128	5.2.131	anuvritti
5.2.128	5.2.132	anuvritti
5.2.128	5.2.133	anuvritti
5.2.128	5.2.134	anuvritti
5.2.128	5.2.135	anuvritti
5.2.128	5.2.136	anuvritti
5.2.128	5.2.137	anuvritti
5.3.1	5.3.2	adhikara
5.3.1	5.3.3	adhikara
5.3.1	5.3.4	adhikara
5.3.1	5.3.5	adhikara
5.3.1	5.3.6	adhikara
5.3.1	5.3.7	adhikara
5.3.1	5.3.8	adhikara
5.3.1	5.3.9	adhikara
5.3.1	5.3.10	adhikara
5.3.1	5.3.11	adhikara
5.3.1	5.3.12	adhikara
5.3.1	5.3.13	adhikara
5.3.1	5.3.14	adhikara
5.3.1	5.3.15	adhikara
5.3.1	5.3.16	adhikara
5.3.1	5.3.17	adhikara
5.3.1	5.3.18	adhikara
5.3.1	5.3.19	adhikara
5.3.1	5.3.20	adhikara
5.3.1	5.3.21	adhikara
5.3.1	5.3.22	adhikara
5.3.1	5.3.23	adhikara
5.3.1	5.3.24	adhikara
5.3.1	5.3.25	adhikara
5.3.1	5.3.26	adhikara
5.3.2	5.3.3	adhikara
5.3.2	5.3.3	anuvritti
5.3.2	5.3.4	adhikara
5.3.2	5.3.4	anuvritti
5.3.2	5.3.5	adhikara
5.3.2	5.3.5	anuvritti
5.3.2	5.3.6	adhikara
5.3.2	5.3.6	anuvritti
5.3.2	5.3.7	adhikara
5.3.2	5.3.7	anuvritti
5.3.2	5.3.8	adhikara
5.3.2	5.3.8	anuvritti
5.3.2	5.3.9	adhikara
5.3.2	5.3.9	anuvritti
5.3.2	5.3.10	adhikara
5.3.2	5.3.10	anuvritti
5.3.2	5.3.11	adhikara
5.3.2	5.3.11	anuvritti
5.3.2	5.3.12	adhikara
5.3.2	5.3.12	anuvritti
5.3.2	5.3.13	adhikara
5.3.2	5.3.13	anuvritti
5.3.2	5.3.14	adhikara
5.3.2	5.3.14	anuvritti
5.3.2	5.3.15	adhikara
5.3.2	5.3.15	anuvritti
5.3.2	5.3.16	adhikara
5.3.2	5.3.16	anuvritti
5.3.2	5.3.17	adhikara
5.3.2	5.3.17	anuvritti
5.3.2	5.3.18	adhikara
5.3.2	5.3.18	anuvritti
5.3.2	5.3.19	adhikara
5.3.2	5.3.19	anuvritti
5.3.2	5.3.20	adhikara
5.3.2	5.3.20	anuvritti
5.3.2	5.3.21	adhikara
5.3.2	5.3.21	anuvritti
5.3.2	5.3.22	adhikara
5.3.2	5.3.22	anuvritti
5.3.2	5.3.23	adhikara
5.3.2	5.3.23	anuvritti
5.3.2	5.3.24	adhikara
5.3.2	5.3.24	anuvritti
5.3.2	5.3.25	adhikara
5.3.2	5.3.25	anuvritti
5.3.2	5.3.26	adhikara
5.3.2	5.3.26	anuvritti
5.3.2	5.3.27	anuvritti
5.3.3	5.3.4	anuvritti
5.3.7	5.3.8	anuvritti
5.3.7	5.3.9	anuvritti
5.3.10	5.3.11	anuvritti
5.3.10	5.3.12	anuvritti
5.3.10	5.3.13	anuvritti
5.3.10	5.3.14	anuvritti
5.3.10	5.3.15	anuvritti
5.3.10	5.3.16	anuvritti
5.3.10	5.3.17	anuvritti
5.3.10	5.3.18	anuvritti
5.3.10	5.3.19	anuvritti
5.3.10	5.3.20	anuvritti
5.3.10	5.3.21	anuvritti
5.3.10	5.3.22	anuvritti
5.3.12	5.3.13	anuvritti
5.3.15	5.3.16	anuvritti
5.3.15	5.3.17	anuvritti
5.3.15	5.3.18	anuvritti
5.3.15	5.3.19	anuvritti
5.3.15	5.3.20	anuvritti
5.3.15	5.3.21	anuvritti
5.3.15	5.3.22	anuvritti
5.3.16	5.3.17	anuvritti
5.3.16	5.3.18	anuvritti
5.3.18	5.3.19	anuvritti
5.3.23	5.3.24	anuvritti
5.3.23	5.3.25	anuvritti
5.3.23	5.3.26	anuvritti
5.3.24	5.3.25	anuvritti
5.3.25	5.3.26	anuvritti
5.3.27	5.3.28	anuvritti
5.3.27	5.3.29	anuvritti
5.3.27	5.3.30	anuvritti
5.3.27	5.3.31	anuvritti
5.3.27	5.3.32	anuvritti
5.3.27	5.3.33	anuvritti
5.3.27	5.3.34	anuvritti
5.3.27	5.3.35	anuvritti
5.3.27	5.3.36	anuvritti
5.3.27	5.3.37	anuvritti
5.3.27	5.3.38	anuvritti
5.3.27	5.3.39	anuvritti
5.3.27	5.3.40	anuvritti
5.3.27	5.3.41	anuvritti
5.3.28	5.3.29	anuvritti
5.3.34	5.3.35	anuvritti
5.3.35	5.3.36	anuvritti
5.3.35	5.3.37	anuvritti
5.3.35	5.3.38	anuvritti
5.3.36	5.3.37	anuvritti
5.3.36	5.3.38	anuvritti
5.3.37	5.3.38	anuvritti
5.3.39	5.3.40	anuvritti
5.3.40	5.3.41	anuvritti
5.3.42	5.3.43	anuvritti
5.3.44	5.3.45	anuvritti
5.3.44	5.3.46	anuvritti
5.3.45	5.3.46	anuvritti
5.3.48	5.3.49	anuvritti
5.3.48	5.3.50	anuvritti
5.3.48	5.3.51	anuvritti
5.3.49	5.3.50	anuvritti
5.3.50	5.3.51	anuvritti
5.3.51	5.3.52	anuvritti
5.3.53	5.3.54	anuvritti
5.3.55	5.3.56	anuvritti
5.3.55	5.3.57	anuvritti
5.3.56	5.3.57	anuvritti
5.3.56	5.3.58	anuvritti
5.3.56	5.3.59	anuvritti
5.3.56	5.3.60	anuvritti
5.3.56	5.3.61	anuvritti
5.3.56	5.3.62	anuvritti
5.3.56	5.3.63	anuvritti
5.3.56	5.3.64	anuvritti
5.3.56	5.3.65	anuvritti
5.3.56	5.3.66	anuvritti
5.3.56	5.3.67	anuvritti
5.3.56	5.3.68	anuvritti
5.3.56	5.3.69	anuvritti
5.3.56	5.3.70	anuvritti
5.3.56	5.3.71	anuvritti
5.3.58	5.3.59	anuvritti
5.3.58	5.3.60	anuvritti
5.3.58	5.3.61	anuvritti
5.3.58	5.3.62	anuvritti
5.3.58	5.3.63	anuvritti
5.3.58	5.3.64	anuvritti
5.3.58	5.3.65	anuvritti
5.3.60	5.3.61	anuvritti
5.3.61	5.3.62	anuvritti
5.3.67	5.3.68	anuvritti
5.3.68	5.3.69	anuvritti
5.3.70	5.3.71	adhikara
5.3.70	5.3.72	adhikara
5.3.70	5.3.73	adhikara
5.3.70	5.3.74	adhikara
5.3.70	5.3.75	adhikara
5.3.70	5.3.76	adhikara
5.3.70	5.3.77	adhikara
5.3.70	5.3.78	adhikara
5.3.70	5.3.79	adhikara
5.3.70	5.3.80	adhikara
5.3.70	5.3.81	adhikara
5.3.70	5.3.82	adhikara
5.3.70	5.3.83	adhikara
5.3.70	5.3.84	adhikara
5.3.70	5.3.85	adhikara
5.3.70	5.3.86	adhikara
5.3.70	5.3.87	adhikara
5.3.70	5.3.88	adhikara
5.3.70	5.3.89	adhikara
5.3.70	5.3.90	adhikara
5.3.70	5.3.91	adhikara
5.3.70	5.3.92	adhikara
5.3.70	5.3.93	adhikara
5.3.70	5.3.94	adhikara
5.3.70	5.3.95	adhikara
5.3.71	5.3.72	anuvritti
5.3.74	5.3.75	anuvritti
5.3.76	5.3.77	anuvritti
5.3.76	5.3.78	anuvritti
5.3.76	5.3.79	anuvritti
5.3.76	5.3.80	anuvritti
5.3.76	5.3.81	anuvritti
5.3.76	5.3.82	anuvritti
5.3.77	5.3.78	anuvritti
5.3.77	5.3.79	anuvritti
5.3.77	5.3.80	anuvritti
5.3.77	5.3.81	anuvritti
5.3.78	5.3.79	anuvritti
5.3.78	5.3.80	anuvritti
5.3.78	5.3.81	anuvritti
5.3.78	5.3.82	anuvritti
5.3.79	5.3.80	anuvritti
5.3.81	5.3.82	anuvritti
5.3.82	5.3.83	anuvritti
5.3.82	5.3.84	anuvritti
5.3.83	5.3.84	anuvritti
5.3.86	5.3.87	anuvritti
5.3.90	5.3.91	anuvritti
5.3.92	5.3.93	anuvritti
5.3.92	5.3.94	anuvritti
5.3.93	5.3.94	anuvritti
5.3.95	5.3.96	anuvritti
5.3.95	5.3.97	anuvritti
5.3.95	5.3.98	anuvritti
5.3.95	5.3.99	anuvritti
5.3.95	5.3.100	anuvritti
5.3.96	5.3.97	anuvritti
5.3.96	5.3.98	anuvritti
5.3.96	5.3.99	anuvritti
5.3.96	5.3.100	anuvritti
5.3.96	5.3.101	anuvritti
5.3.96	5.3.102	anuvritti
5.3.96	5.3.103	anuvritti
5.3.96	5.3.104	anuvritti
5.3.96	5.3.105	anuvritti
5.3.96	5.3.106	anuvritti
5.3.96	5.3.107	anuvritti
5.3.96	5.3.108	anuvritti
5.3.96	5.3.109	anuvritti
5.3.96	5.3.110	anuvritti
5.3.96	5.3.111	anuvritti
5.3.97	5.3.98	anuvritti
5.3.97	5.3.99	anuvritti
5.3.97	5.3.100	anuvritti
5.3.98	5.3.99	anuvritti
5.3.98	5.3.100	anuvritti
5.3.105	5.3.106	anuvritti
5.3.108	5.3.109	anuvritti
5.3.112	5.3.113	anuvritti
5.3.114	5.3.115	anuvritti
5.3.114	5.3.116	anuvritti
5.3.114	5.3.117	anuvritti
5.4.1	5.4.2	anuvritti
5.4.3	5.4.4	anuvritti
5.4.3	5.4.5	anuvritti
5.4.3	5.4.6	anuvritti
5.4.4	5.4.5	anuvritti
5.4.7	5.4.8	anuvritti
5.4.9	5.4.10	anuvritti
5.4.11	5.4.12	anuvritti
5.4.15	5.4.16	anuvritti
5.4.17	5.4.18	anuvritti
5.4.17	5.4.19	anuvritti
5.4.17	5.4.20	anuvritti
5.4.18	5.4.19	anuvritti
5.4.21	5.4.22	anuvritti
5.4.21	5.4.23	anuvritti
5.4.21	5.4.24	anuvritti
5.4.21	5.4.25	anuvritti
5.4.24	5.4.25	anuvritti
5.4.24	5.4.26	anuvritti
5.4.29	5.4.30	anuvritti
5.4.29	5.4.31	anuvritti
5.4.29	5.4.32	anuvritti
5.4.29	5.4.33	anuvritti
5.4.30	5.4.31	anuvritti
5.4.30	5.4.32	anuvritti
5.4.31	5.4.32	anuvritti
5.4.31	5.4.33	anuvritti
5.4.32	5.4.33	anuvritti
5.4.34	5.4.35	anuvritti
5.4.35	5.4.36	anuvritti
5.4.36	5.4.37	anuvritti
5.4.36	5.4.38	anuvritti
5.4.39	5.4.40	anuvritti
5.4.40	5.4.41	anuvritti
5.4.42	5.4.43	anuvritti
5.4.42	5.4.44	anuvritti
5.4.42	5.4.45	anuvritti
5.4.42	5.4.46	anuvritti
5.4.42	5.4.47	anuvritti
5.4.42	5.4.48	anuvritti
5.4.42	5.4.49	anuvritti
5.4.44	5.4.45	anuvritti
5.4.44	5.4.46	anuvritti
5.4.44	5.4.47	anuvritti
5.4.44	5.4.48	anuvritti
5.4.44	5.4.49	anuvritti
5.4.46	5.4.47	anuvritti
5.4.48	5.4.49	anuvritti
5.4.50	5.4.51	anuvritti
5.4.50	5.4.52	anuvritti
5.4.50	5.4.53	anuvritti
5.4.50	5.4.54	anuvritti
5.4.50	5.4.55	anuvritti
5.4.50	5.4.56	anuvritti
5.4.50	5.4.57	anuvritti
5.4.52	5.4.53	anuvritti
5.4.52	5.4.54	anuvritti
5.4.52	5.4.55	anuvritti
5.4.53	5.4.54	anuvritti
5.4.53	5.4.55	anuvritti
5.4.54	5.4.55	anuvritti
5.4.55	5.4.56	anuvritti
5.4.57	5.4.58	anuvritti
5.4.57	5.4.59	anuvritti
5.4.57	5.4.60	anuvritti
5.4.57	5.4.61	anuvritti
5.4.57	5.4.62	anuvritti
5.4.57	5.4.63	anuvritti
5.4.57	5.4.64	anuvritti
5.4.57	5.4.65	anuvritti
5.4.57	5.4.66	anuvritti
5.4.57	5.4.67	anuvritti
5.4.58	5.4.59	anuvritti
5.4.58	5.4.60	anuvritti
5.4.58	5.4.61	anuvritti
5.4.58	5.4.62	anuvritti
5.4.58	5.4.63	anuvritti
5.4.58	5.4.64	anuvritti
5.4.58	5.4.65	anuvritti
5.4.58	5.4.66	anuvritti
5.4.58	5.4.67	anuvritti
5.4.68	5.4.69	adhikara
5.4.68	5.4.70	adhikara
5.4.68	5.4.71	adhikara
5.4.68	5.4.72	adhikara
5.4.68	5.4.73	adhikara
5.4.68	5.4.74	adhikara
5.4.68	5.4.75	adhikara
5.4.68	5.4.76	adhikara
5.4.68	5.4.77	adhikara
5.4.68	5.4.78	adhikara
5.4.68	5.4.79	adhikara
5.4.68	5.4.80	adhikara
5.4.68	5.4.81	adhikara
5.4.68	5.4.82	adhikara
5.4.68	5.4.83	adhikara
5.4.68	5.4.84	adhikara
5.4.68	5.4.85	adhikara
5.4.68	5.4.86	adhikara
5.4.68	5.4.87	adhikara
5.4.68	5.4.88	adhikara
5.4.68	5.4.89	adhikara
5.4.68	5.4.90	adhikara
5.4.68	5.4.91	adhikara
5.4.68	5.4.92	adhikara
5.4.68	5.4.93	adhikara
5.4.68	5.4.94	adhikara
5.4.68	5.4.95	adhikara
5.4.68	5.4.96	adhikara
5.4.68	5.4.97	adhikara
5.4.68	5.4.98	adhikara
5.4.68	5.4.99	adhikara
5.4.68	5.4.100	adhikara
5.4.68	5.4.101	adhikara
5.4.68	5.4.102	adhikara
5.4.68	5.4.103	adhikara
5.4.68	5.4.104	adhikara
5.4.68	5.4.105	adhikara
5.4.68	5.4.106	adhikara
5.4.68	5.4.107	adhikara
5.4.68	5.4.108	adhikara
5.4.68	5.4.109	adhikara
5.4.68	5.4.110	adhikara
5.4.68	5.4.111	adhikara
5.4.68	5.4.112	adhikara
5.4.68	5.4.113	adhikara
5.4.68	5.4.114	adhikara
5.4.68	5.4.115	adhikara
5.4.68	5.4.116	adhikara
5.4.68	5.4.117	adhikara
5.4.68	5.4.118	adhikara
5.4.68	5.4.119	adhikara
5.4.68	5.4.120	adhikara
5.4.68	5.4.121	adhikara
5.4.68	5.4.122	adhikara
5.4.68	5.4.123	adhikara
5.4.68	5.4.124	adhikara
5.4.68	5.4.125	adhikara
5.4.68	5.4.126	adhikara
5.4.68	5.4.127	adhikara
5.4.68	5.4.128	adhikara
5.4.68	5.4.129	adhikara
5.4.68	5.4.130	adhikara
5.4.68	5.4.131	adhikara
5.4.68	5.4.132	adhikara
5.4.68	5.4.133	adhikara
5.4.68	5.4.134	adhikara
5.4.68	5.4.135	adhikara
5.4.68	5.4.136	adhikara
5.4.68	5.4.137	adhikara
5.4.68	5.4.138	adhikara
5.4.68	5.4.139	adhikara
5.4.68	5.4.140	adhikara
5.4.68	5.4.141	adhikara
5.4.68	5.4.142	adhikara
5.4.68	5.4.143	adhikara
5.4.68	5.4.144	adhikara
5.4.68	5.4.145	adhikara
5.4.68	5.4.146	adhikara
5.4.68	5.4.147	adhikara
5.4.68	5.4.148	adhikara
5.4.68	5.4.149	adhikara
5.4.68	5.4.150	adhikara
5.4.68	5.4.151	adhikara
5.4.68	5.4.152	adhikara
5.4.68	5.4.153	adhikara
5.4.68	5.4.154	adhikara
5.4.68	5.4.155	adhikara
5.4.68	5.4.156	adhikara
5.4.68	5.4.157	adhikara
5.4.68	5.4.158	adhikara
5.4.68	5.4.159	adhikara
5.4.68	5.4.160	adhikara
5.4.69	5.4.70	anuvritti
5.4.69	5.4.71	anuvritti
5.4.69	5.4.72	anuvritti
5.4.71	5.4.72	anuvritti
5.4.75	5.4.76	anuvritti
5.4.75	5.4.77	anuvritti
5.4.75	5.4.78	anuvritti
5.4.75	5.4.79	anuvritti
5.4.75	5.4.80	anuvritti
5.4.75	5.4.81	anuvritti
5.4.75	5.4.82	anuvritti
5.4.75	5.4.83	anuvritti
5.4.75	5.4.84	anuvritti
5.4.75	5.4.85	anuvritti
5.4.75	5.4.86	anuvritti
5.4.75	5.4.87	anuvritti
5.4.86	5.4.87	anuvritti
5.4.86	5.4.88	anuvritti
5.4.86	5.4.89	anuvritti
5.4.86	5.4.90	anuvritti
5.4.86	5.4.91	anuvritti
5.4.86	5.4.92	anuvritti
5.4.86	5.4.93	anuvritti
5.4.86	5.4.94	anuvritti
5.4.86	5.4.95	anuvritti
5.4.86	5.4.96	anuvritti
5.4.86	5.4.97	anuvritti
5.4.86	5.4.98	anuvritti
5.4.86	5.4.99	anuvritti
5.4.86	5.4.100	anuvritti
5.4.86	5.4.101	anuvritti
5.4.86	5.4.102	anuvritti
5.4.86	5.4.103	anuvritti
5.4.86	5.4.104	anuvritti
5.4.86	5.4.105	anuvritti
5.4.88	5.4.89	anuvritti
5.4.88	5.4.90	anuvritti
5.4.91	5.4.92	anuvritti
5.4.91	5.4.93	anuvritti
5.4.91	5.4.94	anuvritti
5.4.91	5.4.95	anuvritti
5.4.91	5.4.96	anuvritti
5.4.91	5.4.97	anuvritti
5.4.91	5.4.98	anuvritti
5.4.91	5.4.99	anuvritti
5.4.91	5.4.100	anuvritti
5.4.91	5.4.101	anuvritti
5.4.91	5.4.102	anuvritti
5.4.91	5.4.103	anuvritti
5.4.91	5.4.104	anuvritti
5.4.91	5.4.105	anuvritti
5.4.91	5.4.106	anuvritti
5.4.91	5.4.107	anuvritti
5.4.91	5.4.108	anuvritti
5.4.91	5.4.109	anuvritti
5.4.91	5.4.110	anuvritti
5.4.91	5.4.111	anuvritti
5.4.91	5.4.112	anuvritti
5.4.96	5.4.97	anuvritti
5.4.97	5.4.98	anuvritti
5.4.99	5.4.100	anuvritti
5.4.99	5.4.101	anuvritti
5.4.100	5.4.101	anuvritti
5.4.104	5.4.105	anuvritti
5.4.107	5.4.108	anuvritti
5.4.107	5.4.109	anuvritti
5.4.107	5.4.110	anuvritti
5.4.107	5.4.111	anuvritti
5.4.107	5.4.112	anuvritti
5.4.108	5.4.109	anuvritti
5.4.109	5.4.110	anuvritti
5.4.109	5.4.111	anuvritti
5.4.113	5.4.114	anuvritti
5.4.113	5.4.115	anuvritti
5.4.113	5.4.116	anuvritti
5.4.113	5.4.117	anuvritti
5.4.113	5.4.118	anuvritti
5.4.113	5.4.119	anuvritti
5.4.113	5.4.120	anuvritti
5.4.113	5.4.121	anuvritti
5.4.113	5.4.122	anuvritti
5.4.113	5.4.123	anuvritti
5.4.113	5.4.124	anuvritti
5.4.113	5.4.125	anuvritti
5.4.113	5.4.126	anuvritti
5.4.113	5.4.127	anuvritti
5.4.113	5.4.128	anuvritti
5.4.113	5.4.129	anuvritti
5.4.113	5.4.130	anuvritti
5.4.113	5.4.131	anuvritti
5.4.113	5.4.132	anuvritti
5.4.113	5.4.133	anuvritti
5.4.113	5.4.134	anuvritti
5.4.113	5.4.135	anuvritti
5.4.113	5.4.136	anuvritti
5.4.113	5.4.137	anuvritti
5.4.113	5.4.138	anuvritti
5.4.113	5.4.139	anuvritti
5.4.113	5.4.140	anuvritti
5.4.113	5.4.141	anuvritti
5.4.113	5.4.142	anuvritti
5.4.113	5.4.143	anuvritti
5.4.113	5.4.144	anuvritti
5.4.113	5.4.145	anuvritti
5.4.113	5.4.146	anuvritti
5.4.113	5.4.147	anuvritti
5.4.113	5.4.148	anuvritti
5.4.113	5.4.149	anuvritti
5.4.113	5.4.150	anuvritti
5.4.113	5.4.151	anuvritti
5.4.113	5.4.152	anuvritti
5.4.113	5.4.153	anuvritti
5.4.113	5.4.154	anuvritti
5.4.113	5.4.155	anuvritti
5.4.113	5.4.156	anuvritti
5.4.113	5.4.157	anuvritti
5.4.113	5.4.158	anuvritti
5.4.113	5.4.159	anuvritti
5.4.113	5.4.160	anuvritti
5.4.116	5.4.117	anuvritti
5.4.118	5.4.119	anuvritti
5.4.118	5.4.120	anuvritti
5.4.118	5.4.121	anuvritti
5.4.121	5.4.122	anuvritti
5.4.122	5.4.123	anuvritti
5.4.124	5.4.125	anuvritti
5.4.124	5.4.126	anuvritti
5.4.127	5.4.128	anuvritti
5.4.129	5.4.130	anuvritti
5.4.131	5.4.132	anuvritti
5.4.131	5.4.133	anuvritti
5.4.132	5.4.133	anuvritti
5.4.135	5.4.136	anuvritti
5.4.137	5.4.138	anuvritti
5.4.140	5.4.141	anuvritti
5.4.141	5.4.142	anuvritti
5.4.141	5.4.143	anuvritti
5.4.141	5.4.144	anuvritti
5.4.141	5.4.145	anuvritti
5.4.144	5.4.145	anuvritti
5.4.146	5.4.147	anuvritti
5.4.146	5.4.148	anuvritti
5.4.146	5.4.149	anuvritti
5.4.146	5.4.150	anuvritti
5.4.148	5.4.149	anuvritti
5.4.151	5.4.152	anuvritti
5.4.151	5.4.153	anuvritti
5.4.151	5.4.154	anuvritti
5.4.151	5.4.155	anuvritti
5.4.151	5.4.156	anuvritti
5.4.151	5.4.157	anuvritti
5.4.151	5.4.158	anuvritti
5.4.151	5.4.159	anuvritti
5.4.151	5.4.160	anuvritti
5.4.155	5.4.156	anuvritti
5.4.155	5.4.157	anuvritti
5.4.155	5.4.158	anuvritti
5.4.155	5.4.159	anuvritti
5.4.155	5.4.160	anuvritti
6.1.1	6.1.2	adhikara
6.1.1	6.1.3	adhikara
6.1.1	6.1.4	adhikara
6.1.1	6.1.5	adhikara
6.1.1	6.1.6	adhikara
6.1.1	6.1.7	adhikara
6.1.1	6.1.8	adhikara
6.1.1	6.1.9	adhikara
6.1.1	6.1.10	adhikara
6.1.1	6.1.11	adhikara
6.1.1	6.1.12	adhikara
6.1.2	6.1.3	anuvritti
6.1.2	6.1.4	anuvritti
6.1.2	6.1.5	anuvritti
6.1.2	6.1.6	anuvritti
6.1.2	6.1.7	anuvritti
6.1.2	6.1.8	anuvritti
6.1.2	6.1.9	anuvritti
6.1.2	6.1.10	anuvritti
6.1.2	6.1.11	anuvritti
6.1.5	6.1.6	anuvritti
6.1.8	6.1.9	anuvritti
6.1.8	6.1.10	anuvritti
6.1.8	6.1.11	anuvritti
6.1.13	6.1.14	anuvritti
6.1.13	6.1.15	anuvritti
6.1.13	6.1.16	anuvritti
6.1.13	6.1.17	anuvritti
6.1.13	6.1.18	anuvritti
6.1.13	6.1.19	anuvritti
6.1.13	6.1.20	anuvritti
6.1.13	6.1.21	anuvritti
6.1.13	6.1.22	anuvritti
6.1.13	6.1.23	anuvritti
6.1.13	6.1.24	anuvritti
6.1.13	6.1.25	anuvritti
6.1.13	6.1.26	anuvritti
6.1.13	6.1.27	anuvritti
6.1.13	6.1.28	anuvritti
6.1.13	6.1.29	anuvritti
6.1.13	6.1.30	anuvritti
6.1.13	6.1.31	anuvritti
6.1.15	6.1.16	anuvritti
6.1.15	6.1.17	anuvritti
6.1.16	6.1.17	anuvritti
6.1.19	6.1.20	anuvritti
6.1.19	6.1.21	anuvritti
6.1.22	6.1.23	anuvritti
6.1.22	6.1.24	anuvritti
6.1.22	6.1.25	anuvritti
6.1.22	6.1.26	anuvritti
6.1.22	6.1.27	anuvritti
6.1.22	6.1.28	anuvritti
6.1.24	6.1.25	anuvritti
6.1.24	6.1.26	anuvritti
6.1.26	6.1.27	anuvritti
6.1.26	6.1.28	anuvritti
6.1.28	6.1.29	anuvritti
6.1.29	6.1.30	anuvritti
6.1.30	6.1.31	anuvritti
6.1.31	6.1.32	anuvritti
6.1.32	6.1.33	anuvritti
6.1.32	6.1.34	anuvritti
6.1.32	6.1.35	anuvritti
6.1.32	6.1.36	anuvritti
6.1.32	6.1.37	anuvritti
6.1.32	6.1.38	anuvritti
6.1.32	6.1.39	anuvritti
6.1.32	6.1.40	anuvritti
6.1.32	6.1.41	anuvritti
6.1.32	6.1.42	anuvritti
6.1.32	6.1.43	anuvritti
6.1.32	6.1.44	anuvritti
6.1.34	6.1.35	anuvritti
6.1.34	6.1.36	anuvritti
6.1.37	6.1.38	anuvritti
6.1.37	6.1.39	anuvritti
6.1.37	6.1.40	anuvritti
6.1.37	6.1.41	anuvritti
6.1.37	6.1.42	anuvritti
6.1.37	6.1.43	anuvritti
6.1.37	6.1.44	anuvritti
6.1.38	6.1.39	anuvritti
6.1.38	6.1.40	anuvritti
6.1.40	6.1.41	anuvritti
6.1.41	6.1.42	anuvritti
6.1.41	6.1.43	anuvritti
6.1.41	6.1.44	anuvritti
6.1.43	6.1.44	anuvritti
6.1.45	6.1.46	anuvritti
6.1.45	6.1.47	anuvritti
6.1.45	6.1.48	anuvritti
6.1.45	6.1.49	anuvritti
6.1.45	6.1.50	anuvritti
6.1.45	6.1.51	anuvritti
6.1.45	6.1.52	anuvritti
6.1.45	6.1.53	anuvritti
6.1.45	6.1.54	anuvritti
6.1.45	6.1.55	anuvritti
6.1.45	6.1.56	anuvritti
6.1.45	6.1.57	anuvritti
6.1.45	6.1.58	anuvritti
6.1.45	6.1.59	anuvritti
6.1.45	6.1.60	anuvritti
6.1.45	6.1.61	anuvritti
6.1.45	6.1.62	anuvritti
6.1.45	6.1.63	anuvritti
6.1.45	6.1.64	anuvritti
6.1.45	6.1.65	anuvritti
6.1.48	6.1.49	anuvritti
6.1.50	6.1.51	anuvritti
6.1.51	6.1.52	anuvritti
6.1.51	6.1.53	anuvritti
6.1.51	6.1.54	anuvritti
6.1.51	6.1.55	anuvritti
6.1.51	6.1.56	anuvritti
6.1.54	6.1.55	anuvritti
6.1.54	6.1.56	anuvritti
6.1.54	6.1.57	anuvritti
6.1.56	6.1.57	anuvritti
6.1.58	6.1.59	anuvritti
6.1.60	6.1.61	anuvritti
6.1.64	6.1.65	anuvritti
6.1.66	6.1.67	anuvritti
6.1.66	6.1.68	anuvritti
6.1.66	6.1.69	anuvritti
6.1.66	6.1.70	anuvritti
6.1.68	6.1.69	anuvritti
6.1.71	6.1.72	anuvritti
6.1.71	6.1.73	anuvritti
6.1.71	6.1.74	anuvritti
6.1.71	6.1.75	anuvritti
6.1.71	6.1.76	anuvritti
6.1.72	6.1.73	adhikara
6.1.72	6.1.74	adhikara
6.1.72	6.1.75	adhikara
6.1.72	6.1.76	adhikara
6.1.72	6.1.77	adhikara
6.1.72	6.1.78	adhikara
6.1.72	6.1.79	adhikara
6.1.72	6.1.80	adhikara
6.1.72	6.1.81	adhikara
6.1.72	6.1.82	adhikara
6.1.72	6.1.83	adhikara
6.1.72	6.1.84	adhikara
6.1.72	6.1.85	adhikara
6.1.72	6.1.86	adhikara
6.1.72	6.1.87	adhikara
6.1.72	6.1.88	adhikara
6.1.72	6.1.89	adhikara
6.1.72	6.1.90	adhikara
6.1.72	6.1.91	adhikara
6.1.72	6.1.92	adhikara
6.1.72	6.1.93	adhikara
6.1.72	6.1.94	adhikara
6.1.72	6.1.95	adhikara
6.1.72	6.1.96	adhikara
6.1.72	6.1.97	adhikara
6.1.72	6.1.98	adhikara
6.1.72	6.1.99	adhikara
6.1.72	6.1.100	adhikara
6.1.72	6.1.101	adhikara
6.1.72	6.1.102	adhikara
6.1.72	6.1.103	adhikara
6.1.72	6.1.104	adhikara
6.1.72	6.1.105	adhikara
6.1.72	6.1.106	adhikara
6.1.72	6.1.107	adhikara
6.1.72	6.1.108	adhikara
6.1.72	6.1.109	adhikara
6.1.72	6.1.110	adhikara
6.1.72	6.1.111	adhikara
6.1.72	6.1.112	adhikara
6.1.72	6.1.113	adhikara
6.1.72	6.1.114	adhikara
6.1.72	6.1.115	adhikara
6.1.72	6.1.116	adhikara
6.1.72	6.1.117	adhikara
6.1.72	6.1.118	adhikara
6.1.72	6.1.119	adhikara
6.1.72	6.1.120	adhikara
6.1.72	6.1.121	adhikara
6.1.72	6.1.122	adhikara
6.1.72	6.1.123	adhikara
6.1.72	6.1.124	adhikara
6.1.72	6.1.125	adhikara
6.1.72	6.1.126	adhikara
6.1.72	6.1.127	adhikara
6.1.72	6.1.128	adhikara
6.1.72	6.1.129	adhikara
6.1.72	6.1.130	adhikara
6.1.72	6.1.131	adhikara
6.1.72	6.1.132	adhikara
6.1.72	6.1.133	adhikara
6.1.72	6.1.134	adhikara
6.1.72	6.1.135	adhikara
6.1.72	6.1.136	adhikara
6.1.72	6.1.137	adhikara
6.1.72	6.1.138	adhikara
6.1.72	6.1.139	adhikara
6.1.72	6.1.140	adhikara
6.1.72	6.1.141	adhikara
6.1.72	6.1.142	adhikara
6.1.72	6.1.143	adhikara
6.1.72	6.1.144	adhikara
6.1.72	6.1.145	adhikara
6.1.72	6.1.146	adhikara
6.1.72	6.1.147	adhikara
6.1.72	6.1.148	adhikara
6.1.72	6.1.149	adhikara
6.1.72	6.1.150	adhikara
6.1.72	6.1.151	adhikara
6.1.72	6.1.152	adhikara
6.1.72	6.1.153	adhikara
6.1.72	6.1.154	adhikara
6.1.72	6.1.155	adhikara
6.1.72	6.1.156	adhikara
6.1.72	6.1.157	adhikara
6.1.73	6.1.74	anuvritti
6.1.73	6.1.75	anuvritti
6.1.73	6.1.76	anuvritti
6.1.75	6.1.76	anuvritti
6.1.77	6.1.78	anuvritti
6.1.77	6.1.79	anuvritti
6.1.77	6.1.80	anuvritti
6.1.77	6.1.81	anuvritti
6.1.77	6.1.82	anuvritti
6.1.77	6.1.83	anuvritti
6.1.77	6.1.84	anuvritti
6.1.77	6.1.85	anuvritti
6.1.77	6.1.86	anuvritti
6.1.77	6.1.87	anuvritti
6.1.77	6.1.90	anuvritti
6.1.77	6.1.93	anuvritti
6.1.77	6.1.95	anuvritti
6.1.77	6.1.96	anuvritti
6.1.77	6.1.97	anuvritti
6.1.77	6.1.98	anuvritti
6.1.77	6.1.99	anuvritti
6.1.77	6.1.100	anuvritti
6.1.77	6.1.101	anuvritti
6.1.77	6.1.102	anuvritti
6.1.77	6.1.103	anuvritti
6.1.77	6.1.104	anuvritti
6.1.77	6.1.105	anuvritti
6.1.77	6.1.106	anuvritti
6.1.77	6.1.107	anuvritti
6.1.77	6.1.108	anuvritti
6.1.77	6.1.123	anuvritti
6.1.77	6.1.124	anuvritti
6.1.78	6.1.79	anuvritti
6.1.78	6.1.80	anuvritti
6.1.78	6.1.81	anuvritti
6.1.78	6.1.82	anuvritti
6.1.78	6.1.83	anuvritti
6.1.79	6.1.80	anuvritti
6.1.79	6.1.81	anuvritti
6.1.79	6.1.82	anuvritti
6.1.79	6.1.83	anuvritti
6.1.80	6.1.81	anuvritti
6.1.80	6.1.82	anuvritti
6.1.80	6.1.83	anuvritti
6.1.84	6.1.85	adhikara
6.1.84	6.1.86	adhikara
6.1.84	6.1.87	adhikara
6.1.84	6.1.88	adhikara
6.1.84	6.1.89	adhikara
6.1.84	6.1.90	adhikara
6.1.84	6.1.91	adhikara
6.1.84	6.1.92	adhikara
6.1.84	6.1.93	adhikara
6.1.84	6.1.94	adhikara
6.1.84	6.1.95	adhikara
6.1.84	6.1.96	adhikara
6.1.84	6.1.97	adhikara
6.1.84	6.1.98	adhikara
6.1.84	6.1.99	adhikara
6.1.84	6.1.100	adhikara
6.1.84	6.1.101	adhikara
6.1.84	6.1.102	adhikara
6.1.84	6.1.103	adhikara
6.1.84	6.1.104	adhikara
6.1.84	6.1.105	adhikara
6.1.84	6.1.106	adhikara
6.1.84	6.1.107	adhikara
6.1.84	6.1.108	adhikara
6.1.84	6.1.109	adhikara
6.1.84	6.1.110	adhikara
6.1.84	6.1.111	adhikara
6.1.87	6.1.88	anuvritti
6.1.87	6.1.89	anuvritti
6.1.87	6.1.90	anuvritti
6.1.87	6.1.91	anuvritti
6.1.87	6.1.92	anuvritti
6.1.87	6.1.93	anuvritti
6.1.87	6.1.94	anuvritti
6.1.87	6.1.95	anuvritti
6.1.87	6.1.96	anuvritti
6.1.88	6.1.89	anuvritti
6.1.88	6.1.90	anuvritti
6.1.88	6.1.91	anuvritti
6.1.88	6.1.92	anuvritti
6.1.91	6.1.92	anuvritti
6.1.91	6.1.93	anuvritti
6.1.91	6.1.94	anuvritti
6.1.94	6.1.95	anuvritti
6.1.94	6.1.96	anuvritti
6.1.94	6.1.97	anuvritti
6.1.94	6.1.98	anuvritti
6.1.94	6.1.99	anuvritti
6.1.94	6.1.100	anuvritti
6.1.96	6.1.97	anuvritti
6.1.98	6.1.99	anuvritti
6.1.98	6.1.100	anuvritti
6.1.101	6.1.102	anuvritti
6.1.101	6.1.103	anuvritti
6.1.101	6.1.104	anuvritti
6.1.101	6.1.105	anuvritti
6.1.101	6.1.106	anuvritti
6.1.101	6.1.107	anuvritti
6.1.102	6.1.103	anuvritti
6.1.102	6.1.104	anuvritti
6.1.102	6.1.105	anuvritti
6.1.102	6.1.106	anuvritti
6.1.104	6.1.105	anuvritti
6.1.104	6.1.106	anuvritti
6.1.105	6.1.106	anuvritti
6.1.107	6.1.108	anuvritti
6.1.107	6.1.109	anuvritti
6.1.107	6.1.110	anuvritti
6.1.109	6.1.110	anuvritti
6.1.109	6.1.111	anuvritti
6.1.109	6.1.112	anuvritti
6.1.109	6.1.113	anuvritti
6.1.109	6.1.115	anuvritti
6.1.109	6.1.116	anuvritti
6.1.109	6.1.117	anuvritti
6.1.109	6.1.118	anuvritti
6.1.109	6.1.119	anuvritti
6.1.109	6.1.120	anuvritti
6.1.109	6.1.121	anuvritti
6.1.109	6.1.122	anuvritti
6.1.110	6.1.111	anuvritti
6.1.110	6.1.112	anuvritti
6.1.111	6.1.113	anuvritti
6.1.111	6.1.114	anuvritti
6.1.113	6.1.114	anuvritti
6.1.115	6.1.116	anuvritti
6.1.115	6.1.117	anuvritti
6.1.115	6.1.118	anuvritti
6.1.115	6.1.119	anuvritti
6.1.115	6.1.120	anuvritti
6.1.115	6.1.121	anuvritti
6.1.115	6.1.122	anuvritti
6.1.115	6.1.123	anuvritti
6.1.115	6.1.124	anuvritti
6.1.115	6.1.125	anuvritti
6.1.115	6.1.126	anuvritti
6.1.115	6.1.127	anuvritti
6.1.115	6.1.128	anuvritti
6.1.115	6.1.129	anuvritti
6.1.115	6.1.130	anuvritti
6.1.117	6.1.118	anuvritti
6.1.117	6.1.119	anuvritti
6.1.117	6.1.120	anuvritti
6.1.117	6.1.121	anuvritti
6.1.120	6.1.121	anuvritti
6.1.122	6.1.123	anuvritti
6.1.122	6.1.124	anuvritti
6.1.123	6.1.124	anuvritti
6.1.125	6.1.126	anuvritti
6.1.125	6.1.127	anuvritti
6.1.125	6.1.128	anuvritti
6.1.125	6.1.129	anuvritti
6.1.125	6.1.130	anuvritti
6.1.127	6.1.128	anuvritti
6.1.129	6.1.130	anuvritti
6.1.132	6.1.133	anuvritti
6.1.132	6.1.134	anuvritti
6.1.135	6.1.136	adhikara
6.1.135	6.1.137	adhikara
6.1.135	6.1.138	adhikara
6.1.135	6.1.139	adhikara
6.1.135	6.1.140	adhikara
6.1.135	6.1.141	adhikara
6.1.135	6.1.142	adhikara
6.1.135	6.1.143	adhikara
6.1.135	6.1.144	adhikara
6.1.135	6.1.145	adhikara
6.1.135	6.1.146	adhikara
6.1.135	6.1.147	adhikara
6.1.135	6.1.148	adhikara
6.1.135	6.1.149	adhikara
6.1.135	6.1.150	adhikara
6.1.135	6.1.151	adhikara
6.1.135	6.1.152	adhikara
6.1.135	6.1.153	adhikara
6.1.135	6.1.154	adhikara
6.1.135	6.1.155	adhikara
6.1.135	6.1.156	adhikara
6.1.135	6.1.157	adhikara
6.1.137	6.1.138	anuvritti
6.1.137	6.1.139	anuvritti
6.1.139	6.1.140	anuvritti
6.1.139	6.1.141	anuvritti
6.1.140	6.1.141	anuvritti
6.1.140	6.1.142	anuvritti
6.1.159	6.1.160	anuvritti
6.1.159	6.1.161	anuvritti
6.1.159	6.1.162	anuvritti
6.1.159	6.1.163	anuvritti
6.1.159	6.1.164	anuvritti
6.1.159	6.1.165	anuvritti
6.1.159	6.1.166	anuvritti
6.1.159	6.1.167	anuvritti
6.1.159	6.1.168	anuvritti
6.1.159	6.1.169	anuvritti
6.1.159	6.1.170	anuvritti
6.1.159	6.1.171	anuvritti
6.1.159	6.1.172	anuvritti
6.1.159	6.1.173	anuvritti
6.1.159	6.1.174	anuvritti
6.1.159	6.1.175	anuvritti
6.1.159	6.1.176	anuvritti
6.1.159	6.1.177	anuvritti
6.1.159	6.1.178	anuvritti
6.1.159	6.1.179	anuvritti
6.1.159	6.1.180	anuvritti
6.1.159	6.1.181	anuvritti
6.1.159	6.1.182	anuvritti
6.1.159	6.1.183	anuvritti
6.1.159	6.1.184	anuvritti
6.1.159	6.1.185	anuvritti
6.1.159	6.1.186	anuvritti
6.1.159	6.1.187	anuvritti
6.1.159	6.1.188	anuvritti
6.1.159	6.1.189	anuvritti
6.1.159	6.1.190	anuvritti
6.1.159	6.1.191	anuvritti
6.1.159	6.1.192	anuvritti
6.1.159	6.1.193	anuvritti
6.1.159	6.1.194	anuvritti
6.1.159	6.1.195	anuvritti
6.1.159	6.1.196	anuvritti
6.1.159	6.1.197	anuvritti
6.1.159	6.1.198	anuvritti
6.1.159	6.1.199	anuvritti
6.1.159	6.1.200	anuvritti
6.1.159	6.1.201	anuvritti
6.1.159	6.1.202	anuvritti
6.1.159	6.1.203	anuvritti
6.1.159	6.1.204	anuvritti
6.1.159	6.1.205	anuvritti
6.1.159	6.1.206	anuvritti
6.1.159	6.1.207	anuvritti
6.1.159	6.1.208	anuvritti
6.1.159	6.1.209	anuvritti
6.1.159	6.1.210	anuvritti
6.1.159	6.1.211	anuvritti
6.1.159	6.1.212	anuvritti
6.1.159	6.1.213	anuvritti
6.1.159	6.1.214	anuvritti
6.1.159	6.1.215	anuvritti
6.1.159	6.1.216	anuvritti
6.1.159	6.1.217	anuvritti
6.1.159	6.1.218	anuvritti
6.1.159	6.1.219	anuvritti
6.1.159	6.1.220	anuvritti
6.1.163	6.1.164	anuvritti
6.1.164	6.1.165	anuvritti
6.1.168	6.1.169	anuvritti
6.1.168	6.1.170	anuvritti
6.1.168	6.1.171	anuvritti
6.1.168	6.1.172	anuvritti
6.1.168	6.1.173	anuvritti
6.1.168	6.1.174	anuvritti
6.1.168	6.1.175	anuvritti
6.1.168	6.1.176	anuvritti
6.1.168	6.1.177	anuvritti
6.1.168	6.1.178	anuvritti
6.1.168	6.1.179	anuvritti
6.1.168	6.1.180	anuvritti
6.1.168	6.1.181	anuvritti
6.1.168	6.1.182	anuvritti
6.1.168	6.1.183	anuvritti
6.1.168	6.1.184	anuvritti
6.1.169	6.1.170	anuvritti
6.1.169	6.1.171	anuvritti
6.1.169	6.1.172	anuvritti
6.1.169	6.1.173	anuvritti
6.1.169	6.1.174	anuvritti
6.1.169	6.1.175	anuvritti
6.1.169	6.1.176	anuvritti
6.1.169	6.1.177	anuvritti
6.1.170	6.1.171	anuvritti
6.1.170	6.1.172	anuvritti
6.1.170	6.1.173	anuvritti
6.1.170	6.1.174	anuvritti
6.1.170	6.1.175	anuvritti
6.1.173	6.1.174	anuvritti
6.1.173	6.1.175	anuvritti
6.1.174	6.1.175	anuvritti
6.1.176	6.1.177	anuvritti
6.1.177	6.1.178	anuvritti
6.1.177	6.1.179	anuvritti
6.1.177	6.1.180	anuvritti
6.1.177	6.1.181	anuvritti
6.1.177	6.1.182	anuvritti
6.1.177	6.1.183	anuvritti
6.1.177	6.1.184	anuvritti
6.1.177	6.1.185	anuvritti
6.1.177	6.1.186	anuvritti
6.1.177	6.1.187	anuvritti
6.1.179	6.1.180	anuvritti
6.1.179	6.1.181	anuvritti
6.1.180	6.1.181	anuvritti
6.1.182	6.1.183	anuvritti
6.1.182	6.1.184	anuvritti
6.1.183	6.1.184	anuvritti
6.1.186	6.1.187	anuvritti
6.1.186	6.1.188	anuvritti
6.1.186	6.1.189	anuvritti
6.1.186	6.1.190	anuvritti
6.1.186	6.1.191	anuvritti
6.1.186	6.1.192	anuvritti
6.1.187	6.1.188	anuvritti
6.1.188	6.1.189	anuvritti
6.1.189	6.1.190	anuvritti
6.1.189	6.1.191	anuvritti
6.1.189	6.1.192	anuvritti
6.1.192	6.1.193	anuvritti
6.1.194	6.1.195	anuvritti
6.1.194	6.1.196	anuvritti
6.1.197	6.1.198	anuvritti
6.1.197	6.1.199	anuvritti
6.1.197	6.1.200	anuvritti
6.1.197	6.1.201	anuvritti
6.1.197	6.1.202	anuvritti
6.1.197	6.1.203	anuvritti
6.1.197	6.1.204	anuvritti
6.1.197	6.1.205	anuvritti
6.1.197	6.1.206	anuvritti
6.1.197	6.1.207	anuvritti
6.1.197	6.1.208	anuvritti
6.1.197	6.1.209	anuvritti
6.1.197	6.1.210	anuvritti
6.1.197	6.1.211	anuvritti
6.1.197	6.1.212	anuvritti
6.1.197	6.1.213	anuvritti
6.1.197	6.1.214	anuvritti
6.1.197	6.1.215	anuvritti
6.1.197	6.1.216	anuvritti
6.1.204	6.1.205	anuvritti
6.1.208	6.1.209	anuvritti
6.1.209	6.1.210	anuvritti
6.1.211	6.1.212	anuvritti
6.1.215	6.1.216	anuvritti
6.1.217	6.1.218	anuvritti
6.1.219	6.1.220	anuvritti
6.1.219	6.1.221	anuvritti
6.1.220	6.1.221	anuvritti
6.1.220	6.1.222	anuvritti
6.1.220	6.1.223	anuvritti
6.2.1	6.2.2	anuvritti
6.2.1	6.2.3	anuvritti
6.2.1	6.2.4	anuvritti
6.2.1	6.2.5	anuvritti
6.2.1	6.2.6	anuvritti
6.2.1	6.2.7	anuvritti
6.2.1	6.2.8	anuvritti
6.2.1	6.2.9	anuvritti
6.2.1	6.2.10	anuvritti
6.2.1	6.2.11	anuvritti
6.2.1	6.2.12	anuvritti
6.2.1	6.2.13	anuvritti
6.2.1	6.2.14	anuvritti
6.2.1	6.2.15	anuvritti
6.2.1	6.2.16	anuvritti
6.2.1	6.2.17	anuvritti
6.2.1	6.2.18	anuvritti
6.2.1	6.2.19	anuvritti
6.2.1	6.2.20	anuvritti
6.2.1	6.2.21	anuvritti
6.2.1	6.2.22	anuvritti
6.2.1	6.2.23	anuvritti
6.2.1	6.2.24	anuvritti
6.2.1	6.2.25	anuvritti
6.2.1	6.2.26	anuvritti
6.2.1	6.2.27	anuvritti
6.2.1	6.2.28	anuvritti
6.2.1	6.2.29	anuvritti
6.2.1	6.2.30	anuvritti
6.2.1	6.2.31	anuvritti
6.2.1	6.2.32	anuvritti
6.2.1	6.2.33	anuvritti
6.2.1	6.2.34	anuvritti
6.2.1	6.2.35	anuvritti
6.2.1	6.2.36	anuvritti
6.2.1	6.2.37	anuvritti
6.2.1	6.2.38	anuvritti
6.2.1	6.2.39	anuvritti
6.2.1	6.2.40	anuvritti
6.2.1	6.2.41	anuvritti
6.2.1	6.2.42	anuvritti
6.2.1	6.2.43	anuvritti
6.2.1	6.2.44	anuvritti
6.2.1	6.2.45	anuvritti
6.2.1	6.2.46	anuvritti
6.2.1	6.2.47	anuvritti
6.2.1	6.2.48	anuvritti
6.2.1	6.2.49	anuvritti
6.2.1	6.2.50	anuvritti
6.2.1	6.2.51	anuvritti
6.2.1	6.2.52	anuvritti
6.2.1	6.2.53	anuvritti
6.2.1	6.2.54	anuvritti
6.2.1	6.2.55	anuvritti
6.2.1	6.2.56	anuvritti
6.2.1	6.2.57	anuvritti
6.2.1	6.2.58	anuvritti
6.2.1	6.2.59	anuvritti
6.2.1	6.2.60	anuvritti
6.2.1	6.2.61	anuvritti
6.2.1	6.2.62	anuvritti
6.2.1	6.2.63	anuvritti
6.2.1	6.2.64	anuvritti
6.2.1	6.2.65	anuvritti
6.2.1	6.2.66	anuvritti
6.2.1	6.2.67	anuvritti
6.2.1	6.2.68	anuvritti
6.2.1	6.2.69	anuvritti
6.2.1	6.2.70	anuvritti
6.2.1	6.2.71	anuvritti
6.2.1	6.2.72	anuvritti
6.2.1	6.2.73	anuvritti
6.2.1	6.2.74	anuvritti
6.2.1	6.2.75	anuvritti
6.2.1	6.2.76	anuvritti
6.2.1	6.2.77	anuvritti
6.2.1	6.2.78	anuvritti
6.2.1	6.2.79	anuvritti
6.2.1	6.2.80	anuvritti
6.2.1	6.2.81	anuvritti
6.2.1	6.2.82	anuvritti
6.2.1	6.2.83	anuvritti
6.2.1	6.2.84	anuvritti
6.2.1	6.2.85	anuvritti
6.2.1	6.2.86	anuvritti
6.2.1	6.2.87	anuvritti
6.2.1	6.2.88	anuvritti
6.2.1	6.2.89	anuvritti
6.2.1	6.2.90	anuvritti
6.2.1	6.2.91	anuvritti
6.2.1	6.2.92	anuvritti
6.2.1	6.2.93	anuvritti
6.2.1	6.2.94	anuvritti
6.2.1	6.2.95	anuvritti
6.2.1	6.2.96	anuvritti
6.2.1	6.2.97	anuvritti
6.2.1	6.2.98	anuvritti
6.2.1	6.2.99	anuvritti
6.2.1	6.2.100	anuvritti
6.2.1	6.2.101	anuvritti
6.2.1	6.2.102	anuvritti
6.2.1	6.2.103	anuvritti
6.2.1	6.2.104	anuvritti
6.2.1	6.2.105	anuvritti
6.2.1	6.2.106	anuvritti
6.2.1	6.2.107	anuvritti
6.2.1	6.2.108	anuvritti
6.2.1	6.2.109	anuvritti
6.2.2	6.2.3	anuvritti
6.2.2	6.2.4	anuvritti
6.2.2	6.2.5	anuvritti
6.2.2	6.2.6	anuvritti
6.2.2	6.2.7	anuvritti
6.2.2	6.2.8	anuvritti
6.2.2	6.2.9	anuvritti
6.2.2	6.2.10	anuvritti
6.2.2	6.2.11	anuvritti
6.2.2	6.2.12	anuvritti
6.2.2	6.2.13	anuvritti
6.2.2	6.2.14	anuvritti
6.2.2	6.2.15	anuvritti
6.2.2	6.2.16	anuvritti
6.2.2	6.2.17	anuvritti
6.2.2	6.2.18	anuvritti
6.2.2	6.2.19	anuvritti
6.2.2	6.2.20	anuvritti
6.2.2	6.2.21	anuvritti
6.2.2	6.2.22	anuvritti
6.2.2	6.2.23	anuvritti
6.2.2	6.2.24	anuvritti
6.2.14	6.2.144	adhikara
6.2.15	6.2.16	anuvritti
6.2.18	6.2.19	anuvritti
6.2.18	6.2.20	anuvritti
6.2.25	6.2.26	anuvritti
6.2.25	6.2.27	anuvritti
6.2.25	6.2.28	anuvritti
6.2.26	6.2.27	anuvritti
6.2.26	6.2.28	anuvritti
6.2.27	6.2.28	anuvritti
6.2.29	6.2.30	anuvritti
6.2.29	6.2.31	anuvritti
6.2.30	6.2.31	anuvritti
6.2.34	6.2.35	anuvritti
6.2.34	6.2.36	anuvritti
6.2.34	6.2.37	anuvritti
6.2.38	6.2.39	anuvritti
6.2.43	6.2.44	anuvritti
6.2.43	6.2.45	anuvritti
6.2.45	6.2.46	anuvritti
6.2.45	6.2.47	anuvritti
6.2.45	6.2.48	anuvritti
6.2.45	6.2.49	anuvritti
6.2.48	6.2.49	anuvritti
6.2.49	6.2.50	anuvritti
6.2.49	6.2.51	anuvritti
6.2.49	6.2.52	anuvritti
6.2.52	6.2.53	anuvritti
6.2.54	6.2.55	anuvritti
6.2.54	6.2.56	anuvritti
6.2.54	6.2.57	anuvritti
6.2.54	6.2.58	anuvritti
6.2.54	6.2.59	anuvritti
6.2.54	6.2.60	anuvritti
6.2.54	6.2.61	anuvritti
6.2.54	6.2.62	anuvritti
6.2.54	6.2.63	anuvritti
6.2.57	6.2.58	anuvritti
6.2.57	6.2.59	anuvritti
6.2.58	6.2.59	anuvritti
6.2.59	6.2.60	anuvritti
6.2.62	6.2.63	anuvritti
6.2.64	6.2.65	adhikara
6.2.64	6.2.65	anuvritti
6.2.64	6.2.66	adhikara
6.2.64	6.2.66	anuvritti
6.2.64	6.2.67	adhikara
6.2.64	6.2.67	anuvritti
6.2.64	6.2.68	adhikara
6.2.64	6.2.68	anuvritti
6.2.64	6.2.69	adhikara
6.2.64	6.2.69	anuvritti
6.2.64	6.2.70	adhikara
6.2.64	6.2.70	anuvritti
6.2.64	6.2.71	adhikara
6.2.64	6.2.71	anuvritti
6.2.64	6.2.72	adhikara
6.2.64	6.2.72	anuvritti
6.2.64	6.2.73	adhikara
6.2.64	6.2.73	anuvritti
6.2.64	6.2.74	adhikara
6.2.64	6.2.74	anuvritti
6.2.64	6.2.75	adhikara
6.2.64	6.2.75	anuvritti
6.2.64	6.2.76	adhikara
6.2.64	6.2.76	anuvritti
6.2.64	6.2.77	adhikara
6.2.64	6.2.77	anuvritti
6.2.64	6.2.78	adhikara
6.2.64	6.2.78	anuvritti
6.2.64	6.2.79	adhikara
6.2.64	6.2.79	anuvritti
6.2.64	6.2.80	adhikara
6.2.64	6.2.80	anuvritti
6.2.64	6.2.81	adhikara
6.2.64	6.2.81	anuvritti
6.2.64	6.2.82	adhikara
6.2.64	6.2.82	anuvritti
6.2.64	6.2.83	adhikara
6.2.64	6.2.83	anuvritti
6.2.64	6.2.84	adhikara
6.2.64	6.2.84	anuvritti
6.2.64	6.2.85	adhikara
6.2.64	6.2.85	anuvritti
6.2.64	6.2.86	adhikara
6.2.64	6.2.86	anuvritti
6.2.64	6.2.87	adhikara
6.2.64	6.2.87	anuvritti
6.2.64	6.2.88	adhikara
6.2.64	6.2.88	anuvritti
6.2.64	6.2.89	adhikara
6.2.64	6.2.89	anuvritti
6.2.64	6.2.90	adhikara
6.2.64	6.2.90	anuvritti
6.2.64	6.2.91	adhikara
6.2.64	6.2.91	anuvritti
6.2.64	6.2.92	adhikara
6.2.64	6.2.93	adhikara
6.2.64	6.2.94	adhikara
6.2.64	6.2.95	adhikara
6.2.64	6.2.96	adhikara
6.2.64	6.2.97	adhikara
6.2.64	6.2.98	adhikara
6.2.64	6.2.99	adhikara
6.2.64	6.2.100	adhikara
6.2.64	6.2.101	adhikara
6.2.64	6.2.102	adhikara
6.2.64	6.2.103	adhikara
6.2.64	6.2.104	adhikara
6.2.64	6.2.105	adhikara
6.2.64	6.2.106	adhikara
6.2.64	6.2.107	adhikara
6.2.64	6.2.108	adhikara
6.2.64	6.2.109	adhikara
6.2.64	6.2.110	adhikara
6.2.64	6.2.111	adhikara
6.2.64	6.2.112	adhikara
6.2.64	6.2.113	adhikara
6.2.64	6.2.114	adhikara
6.2.64	6.2.115	adhikara
6.2.64	6.2.116	adhikara
6.2.64	6.2.117	adhikara
6.2.64	6.2.118	adhikara
6.2.64	6.2.119	adhikara
6.2.64	6.2.120	adhikara
6.2.64	6.2.121	adhikara
6.2.64	6.2.122	adhikara
6.2.64	6.2.123	adhikara
6.2.64	6.2.124	adhikara
6.2.64	6.2.125	adhikara
6.2.64	6.2.126	adhikara
6.2.64	6.2.127	adhikara
6.2.64	6.2.128	adhikara
6.2.64	6.2.129	adhikara
6.2.64	6.2.130	adhikara
6.2.64	6.2.131	adhikara
6.2.64	6.2.132	adhikara
6.2.64	6.2.133	adhikara
6.2.64	6.2.134	adhikara
6.2.64	6.2.135	adhikara
6.2.64	6.2.136	adhikara
6.2.67	6.2.68	anuvritti
6.2.73	6.2.74	anuvritti
6.2.75	6.2.76	anuvritti
6.2.75	6.2.77	anuvritti
6.2.76	6.2.77	anuvritti
6.2.79	6.2.80	anuvritti
6.2.82	6.2.83	anuvritti
6.2.87	6.2.88	anuvritti
6.2.90	6.2.91	anuvritti
6.2.92	6.2.93	adhikara
6.2.92	6.2.93	anuvritti
6.2.92	6.2.94	adhikara
6.2.92	6.2.94	anuvritti
6.2.92	6.2.95	adhikara
6.2.92	6.2.95	anuvritti
6.2.92	6.2.96	adhikara
6.2.92	6.2.96	anuvritti
6.2.92	6.2.97	adhikara
6.2.92	6.2.97	anuvritti
6.2.92	6.2.98	adhikara
6.2.92	6.2.98	anuvritti
6.2.92	6.2.99	adhikara
6.2.92	6.2.99	anuvritti
6.2.92	6.2.100	adhikara
6.2.92	6.2.100	anuvritti
6.2.92	6.2.101	adhikara
6.2.92	6.2.101	anuvritti
6.2.92	6.2.102	adhikara
6.2.92	6.2.102	anuvritti
6.2.92	6.2.103	adhikara
6.2.92	6.2.103	anuvritti
6.2.92	6.2.104	adhikara
6.2.92	6.2.104	anuvritti
6.2.92	6.2.105	adhikara
6.2.92	6.2.105	anuvritti
6.2.92	6.2.106	adhikara
6.2.92	6.2.106	anuvritti
6.2.92	6.2.107	adhikara
6.2.92	6.2.107	anuvritti
6.2.92	6.2.108	adhikara
6.2.92	6.2.108	anuvritti
6.2.92	6.2.109	adhikara
6.2.92	6.2.109	anuvritti
6.2.92	6.2.110	adhikara
6.2.92	6.2.110	anuvritti
6.2.99	6.2.100	anuvritti
6.2.99	6.2.101	anuvritti
6.2.103	6.2.104	anuvritti
6.2.103	6.2.105	anuvritti
6.2.106	6.2.107	anuvritti
6.2.106	6.2.108	anuvritti
6.2.106	6.2.109	anuvritti
6.2.106	6.2.110	anuvritti
6.2.106	6.2.111	anuvritti
6.2.106	6.2.112	anuvritti
6.2.106	6.2.113	anuvritti
6.2.106	6.2.114	anuvritti
6.2.106	6.2.115	anuvritti
6.2.106	6.2.116	anuvritti
6.2.106	6.2.117	anuvritti
6.2.106	6.2.118	anuvritti
6.2.106	6.2.119	anuvritti
6.2.106	6.2.120	anuvritti
6.2.107	6.2.108	anuvritti
6.2.111	6.2.112	adhikara
6.2.111	6.2.113	adhikara
6.2.111	6.2.114	adhikara
6.2.111	6.2.115	adhikara
6.2.111	6.2.116	adhikara
6.2.111	6.2.117	adhikara
6.2.111	6.2.118	adhikara
6.2.111	6.2.119	adhikara
6.2.111	6.2.120	adhikara
6.2.111	6.2.121	adhikara
6.2.111	6.2.122	adhikara
6.2.111	6.2.123	adhikara
6.2.111	6.2.124	adhikara
6.2.111	6.2.125	adhikara
6.2.111	6.2.126	adhikara
6.2.111	6.2.127	adhikara
6.2.111	6.2.128	adhikara
6.2.111	6.2.129	adhikara
6.2.111	6.2.130	adhikara
6.2.111	6.2.131	adhikara
6.2.111	6.2.132	adhikara
6.2.111	6.2.133	adhikara
6.2.111	6.2.134	adhikara
6.2.111	6.2.135	adhikara
6.2.111	6.2.136	adhikara
6.2.111	6.2.137	adhikara
6.2.111	6.2.138	adhikara
6.2.111	6.2.139	adhikara
6.2.111	6.2.140	adhikara
6.2.111	6.2.141	adhikara
6.2.111	6.2.142	adhikara
6.2.111	6.2.144	adhikara
6.2.111	6.2.145	adhikara
6.2.111	6.2.146	adhikara
6.2.111	6.2.147	adhikara
6.2.111	6.2.148	adhikara
6.2.111	6.2.149	adhikara
6.2.111	6.2.150	adhikara
6.2.111	6.2.151	adhikara
6.2.111	6.2.152	adhikara
6.2.111	6.2.153	adhikara
6.2.111	6.2.154	adhikara
6.2.111	6.2.155	adhikara
6.2.111	6.2.157	adhikara
6.2.111	6.2.158	adhikara
6.2.111	6.2.159	adhikara
6.2.111	6.2.160	adhikara
6.2.111	6.2.161	adhikara
6.2.111	6.2.162	adhikara
6.2.111	6.2.163	adhikara
6.2.111	6.2.164	adhikara
6.2.111	6.2.165	adhikara
6.2.111	6.2.166	adhikara
6.2.111	6.2.167	adhikara
6.2.111	6.2.168	adhikara
6.2.111	6.2.169	adhikara
6.2.111	6.2.170	adhikara
6.2.111	6.2.171	adhikara
6.2.111	6.2.172	adhikara
6.2.111	6.2.173	adhikara
6.2.111	6.2.174	adhikara
6.2.111	6.2.175	adhikara
6.2.111	6.2.176	adhikara
6.2.111	6.2.177	adhikara
6.2.111	6.2.178	adhikara
6.2.111	6.2.179	adhikara
6.2.111	6.2.180	adhikara
6.2.111	6.2.181	adhikara
6.2.111	6.2.182	adhikara
6.2.111	6.2.183	adhikara
6.2.111	6.2.184	adhikara
6.2.111	6.2.185	adhikara
6.2.111	6.2.186	adhikara
6.2.111	6.2.187	adhikara
6.2.111	6.2.188	adhikara
6.2.111	6.2.189	adhikara
6.2.111	6.2.190	adhikara
6.2.111	6.2.191	adhikara
6.2.111	6.2.192	adhikara
6.2.111	6.2.193	adhikara
6.2.111	6.2.194	adhikara
6.2.111	6.2.195	adhikara
6.2.111	6.2.196	adhikara
6.2.111	6.2.197	adhikara
6.2.111	6.2.198	adhikara
6.2.111	6.2.199	adhikara
6.2.112	6.2.113	anuvritti
6.2.113	6.2.114	anuvritti
6.2.113	6.2.115	anuvritti
6.2.117	6.2.118	anuvritti
6.2.117	6.2.119	anuvritti
6.2.117	6.2.120	anuvritti
6.2.119	6.2.120	anuvritti
6.2.123	6.2.124	anuvritti
6.2.123	6.2.125	anuvritti
6.2.123	6.2.126	anuvritti
6.2.123	6.2.127	anuvritti
6.2.123	6.2.128	anuvritti
6.2.123	6.2.129	anuvritti
6.2.123	6.2.130	anuvritti
6.2.123	6.2.131	anuvritti
6.2.123	6.2.132	anuvritti
6.2.123	6.2.133	anuvritti
6.2.123	6.2.134	anuvritti
6.2.123	6.2.135	anuvritti
6.2.123	6.2.136	anuvritti
6.2.123	6.2.137	anuvritti
6.2.124	6.2.125	anuvritti
6.2.130	6.2.131	anuvritti
6.2.132	6.2.133	anuvritti
6.2.134	6.2.135	anuvritti
6.2.137	6.2.138	anuvritti
6.2.137	6.2.139	anuvritti
6.2.137	6.2.140	anuvritti
6.2.137	6.2.141	anuvritti
6.2.137	6.2.142	anuvritti
6.2.140	6.2.141	anuvritti
6.2.140	6.2.142	anuvritti
6.2.141	6.2.142	anuvritti
6.2.143	6.2.145	adhikara
6.2.143	6.2.146	adhikara
6.2.143	6.2.147	adhikara
6.2.143	6.2.148	adhikara
6.2.143	6.2.149	adhikara
6.2.143	6.2.150	adhikara
6.2.143	6.2.151	adhikara
6.2.143	6.2.152	adhikara
6.2.143	6.2.153	adhikara
6.2.143	6.2.154	adhikara
6.2.143	6.2.155	adhikara
6.2.143	6.2.156	adhikara
6.2.143	6.2.157	adhikara
6.2.143	6.2.158	adhikara
6.2.143	6.2.159	adhikara
6.2.143	6.2.160	adhikara
6.2.143	6.2.161	adhikara
6.2.143	6.2.162	adhikara
6.2.143	6.2.163	adhikara
6.2.143	6.2.164	adhikara
6.2.143	6.2.165	adhikara
6.2.143	6.2.166	adhikara
6.2.143	6.2.167	adhikara
6.2.143	6.2.168	adhikara
6.2.143	6.2.169	adhikara
6.2.143	6.2.170	adhikara
6.2.143	6.2.171	adhikara
6.2.143	6.2.172	adhikara
6.2.143	6.2.173	adhikara
6.2.143	6.2.174	adhikara
6.2.143	6.2.175	adhikara
6.2.143	6.2.176	adhikara
6.2.143	6.2.177	adhikara
6.2.143	6.2.178	adhikara
6.2.143	6.2.179	adhikara
6.2.143	6.2.180	adhikara
6.2.143	6.2.181	adhikara
6.2.143	6.2.182	adhikara
6.2.143	6.2.183	adhikara
6.2.143	6.2.184	adhikara
6.2.143	6.2.185	adhikara
6.2.143	6.2.186	adhikara
6.2.143	6.2.187	adhikara
6.2.143	6.2.188	adhikara
6.2.143	6.2.189	adhikara
6.2.143	6.2.190	adhikara
6.2.143	6.2.191	adhikara
6.2.143	6.2.192	adhikara
6.2.143	6.2.193	adhikara
6.2.143	6.2.194	adhikara
6.2.143	6.2.195	adhikara
6.2.143	6.2.196	adhikara
6.2.143	6.2.197	adhikara
6.2.143	6.2.198	adhikara
6.2.143	6.2.199	adhikara
6.2.145	6.2.146	anuvritti
6.2.145	6.2.147	anuvritti
6.2.145	6.2.148	anuvritti
6.2.145	6.2.149	anuvritti
6.2.146	6.2.147	anuvritti
6.2.146	6.2.148	anuvritti
6.2.148	6.2.149	anuvritti
6.2.148	6.2.150	anuvritti
6.2.148	6.2.151	anuvritti
6.2.153	6.2.154	anuvritti
6.2.155	6.2.156	anuvritti
6.2.155	6.2.157	anuvritti
6.2.155	6.2.158	anuvritti
6.2.155	6.2.159	anuvritti
6.2.155	6.2.160	anuvritti
6.2.155	6.2.161	anuvritti
6.2.157	6.2.158	anuvritti
6.2.158	6.2.159	anuvritti
6.2.162	6.2.163	anuvritti
6.2.162	6.2.164	anuvritti
6.2.162	6.2.165	anuvritti
6.2.162	6.2.166	anuvritti
6.2.162	6.2.167	anuvritti
6.2.162	6.2.168	anuvritti
6.2.162	6.2.169	anuvritti
6.2.162	6.2.170	anuvritti
6.2.162	6.2.171	anuvritti
6.2.162	6.2.172	anuvritti
6.2.162	6.2.173	anuvritti
6.2.162	6.2.174	anuvritti
6.2.162	6.2.175	anuvritti
6.2.162	6.2.176	anuvritti
6.2.162	6.2.177	anuvritti
6.2.163	6.2.164	anuvritti
6.2.167	6.2.168	anuvritti
6.2.167	6.2.169	anuvritti
6.2.170	6.2.171	anuvritti
6.2.172	6.2.173	anuvritti
6.2.172	6.2.174	anuvritti
6.2.173	6.2.174	anuvritti
6.2.175	6.2.176	anuvritti
6.2.177	6.2.178	anuvritti
6.2.177	6.2.179	anuvritti
6.2.177	6.2.180	anuvritti
6.2.177	6.2.181	anuvritti
6.2.177	6.2.182	anuvritti
6.2.177	6.2.183	anuvritti
6.2.177	6.2.184	anuvritti
6.2.177	6.2.185	anuvritti
6.2.177	6.2.186	anuvritti
6.2.177	6.2.187	anuvritti
6.2.177	6.2.188	anuvritti
6.2.177	6.2.189	anuvritti
6.2.177	6.2.190	anuvritti
6.2.177	6.2.191	anuvritti
6.2.177	6.2.192	anuvritti
6.2.177	6.2.193	anuvritti
6.2.177	6.2.194	anuvritti
6.2.177	6.2.195	anuvritti
6.2.177	6.2.196	anuvritti
6.2.178	6.2.179	anuvritti
6.2.180	6.2.181	anuvritti
6.2.185	6.2.186	anuvritti
6.2.186	6.2.187	anuvritti
6.2.193	6.2.194	anuvritti
6.2.193	6.2.195	anuvritti
6.2.193	6.2.196	anuvritti
6.2.196	6.2.197	anuvritti
6.2.196	6.2.198	anuvritti
6.3.1	6.3.2	adhikara
6.3.1	6.3.3	adhikara
6.3.1	6.3.4	adhikara
6.3.1	6.3.5	adhikara
6.3.1	6.3.6	adhikara
6.3.1	6.3.7	adhikara
6.3.1	6.3.8	adhikara
6.3.1	6.3.9	adhikara
6.3.1	6.3.10	adhikara
6.3.1	6.3.11	adhikara
6.3.1	6.3.12	adhikara
6.3.1	6.3.13	adhikara
6.3.1	6.3.14	adhikara
6.3.1	6.3.15	adhikara
6.3.1	6.3.16	adhikara
6.3.1	6.3.17	adhikara
6.3.1	6.3.18	adhikara
6.3.1	6.3.19	adhikara
6.3.1	6.3.20	adhikara
6.3.1	6.3.21	adhikara
6.3.1	6.3.22	adhikara
6.3.1	6.3.23	adhikara
6.3.1	6.3.24	adhikara
6.3.1	6.3.25	adhikara
6.3.1	6.3.26	adhikara
6.3.1	6.3.27	adhikara
6.3.1	6.3.28	adhikara
6.3.1	6.3.29	adhikara
6.3.1	6.3.30	adhikara
6.3.1	6.3.31	adhikara
6.3.1	6.3.32	adhikara
6.3.1	6.3.33	adhikara
6.3.1	6.3.34	adhikara
6.3.1	6.3.35	adhikara
6.3.1	6.3.36	adhikara
6.3.1	6.3.37	adhikara
6.3.1	6.3.38	adhikara
6.3.1	6.3.39	adhikara
6.3.1	6.3.40	adhikara
6.3.1	6.3.41	adhikara
6.3.1	6.3.42	adhikara
6.3.1	6.3.43	adhikara
6.3.1	6.3.44	adhikara
6.3.1	6.3.45	adhikara
6.3.1	6.3.46	adhikara
6.3.1	6.3.47	adhikara
6.3.1	6.3.48	adhikara
6.3.1	6.3.49	adhikara
6.3.1	6.3.50	adhikara
6.3.1	6.3.51	adhikara
6.3.1	6.3.52	adhikara
6.3.1	6.3.53	adhikara
6.3.1	6.3.54	adhikara
6.3.1	6.3.55	adhikara
6.3.1	6.3.56	adhikara
6.3.1	6.3.57	adhikara
6.3.1	6.3.58	adhikara
6.3.1	6.3.59	adhikara
6.3.1	6.3.60	adhikara
6.3.1	6.3.61	adhikara
6.3.1	6.3.62	adhikara
6.3.1	6.3.63	adhikara
6.3.1	6.3.64	adhikara
6.3.1	6.3.65	adhikara
6.3.1	6.3.66	adhikara
6.3.1	6.3.67	adhikara
6.3.1	6.3.68	adhikara
6.3.1	6.3.69	adhikara
6.3.1	6.3.70	adhikara
6.3.1	6.3.71	adhikara
6.3.1	6.3.72	adhikara
6.3.1	6.3.73	adhikara
6.3.1	6.3.74	adhikara
6.3.1	6.3.75	adhikara
6.3.1	6.3.76	adhikara
6.3.1	6.3.77	adhikara
6.3.1	6.3.78	adhikara
6.3.1	6.3.79	adhikara
6.3.1	6.3.80	adhikara
6.3.1	6.3.81	adhikara
6.3.1	6.3.82	adhikara
6.3.1	6.3.83	adhikara
6.3.1	6.3.84	adhikara
6.3.1	6.3.85	adhikara
6.3.1	6.3.86	adhikara
6.3.1	6.3.87	adhikara
6.3.1	6.3.88	adhikara
6.3.1	6.3.89	adhikara
6.3.1	6.3.90	adhikara
6.3.1	6.3.91	adhikara
6.3.1	6.3.92	adhikara
6.3.1	6.3.93	adhikara
6.3.1	6.3.94	adhikara
6.3.1	6.3.95	adhikara
6.3.1	6.3.96	adhikara
6.3.1	6.3.97	adhikara
6.3.1	6.3.98	adhikara
6.3.1	6.3.99	adhikara
6.3.1	6.3.100	adhikara
6.3.1	6.3.101	adhikara
6.3.1	6.3.102	adhikara
6.3.1	6.3.103	adhikara
6.3.1	6.3.104	adhikara
6.3.1	6.3.105	adhikara
6.3.1	6.3.106	adhikara
6.3.1	6.3.107	adhikara
6.3.1	6.3.108	adhikara
6.3.1	6.3.109	adhikara
6.3.1	6.3.110	adhikara
6.3.1	6.3.111	adhikara
6.3.1	6.3.112	adhikara
6.3.1	6.3.113	adhikara
6.3.1	6.3.114	adhikara
6.3.1	6.3.115	adhikara
6.3.1	6.3.116	adhikara
6.3.1	6.3.117	adhikara
6.3.1	6.3.118	adhikara
6.3.1	6.3.119	adhikara
6.3.1	6.3.120	adhikara
6.3.1	6.3.121	adhikara
6.3.1	6.3.122	adhikara
6.3.1	6.3.123	adhikara
6.3.1	6.3.124	adhikara
6.3.1	6.3.125	adhikara
6.3.1	6.3.126	adhikara
6.3.1	6.3.127	adhikara
6.3.1	6.3.128	adhikara
6.3.1	6.3.129	adhikara
6.3.1	6.3.130	adhikara
6.3.1	6.3.131	adhikara
6.3.1	6.3.132	adhikara
6.3.1	6.3.133	adhikara
6.3.1	6.3.134	adhikara
6.3.1	6.3.135	adhikara
6.3.1	6.3.136	adhikara
6.3.1	6.3.137	adhikara
6.3.1	6.3.138	adhikara
6.3.1	6.3.139	adhikara
6.3.3	6.3.4	anuvritti
6.3.3	6.3.5	anuvritti
6.3.3	6.3.6	anuvritti
6.3.4	6.3.5	anuvritti
6.3.6	6.3.7	anuvritti
6.3.7	6.3.8	anuvritti
6.3.9	6.3.10	anuvritti
6.3.9	6.3.11	anuvritti
6.3.9	6.3.12	anuvritti
6.3.9	6.3.13	anuvritti
6.3.9	6.3.14	anuvritti
6.3.9	6.3.15	anuvritti
6.3.9	6.3.16	anuvritti
6.3.9	6.3.17	anuvritti
6.3.9	6.3.18	anuvritti
6.3.9	6.3.19	anuvritti
6.3.9	6.3.20	anuvritti
6.3.15	6.3.16	anuvritti
6.3.16	6.3.17	anuvritti
6.3.16	6.3.18	anuvritti
6.3.19	6.3.20	anuvritti
6.3.21	6.3.22	anuvritti
6.3.21	6.3.23	anuvritti
6.3.21	6.3.24	anuvritti
6.3.23	6.3.24	anuvritti
6.3.23	6.3.25	anuvritti
6.3.25	6.3.26	anuvritti
6.3.26	6.3.27	anuvritti
6.3.26	6.3.28	anuvritti
6.3.26	6.3.29	anuvritti
6.3.26	6.3.30	anuvritti
6.3.26	6.3.31	anuvritti
6.3.29	6.3.30	anuvritti
6.3.34	6.3.35	anuvritti
6.3.34	6.3.36	anuvritti
6.3.34	6.3.37	anuvritti
6.3.34	6.3.38	anuvritti
6.3.34	6.3.39	anuvritti
6.3.34	6.3.40	anuvritti
6.3.34	6.3.41	anuvritti
6.3.34	6.3.42	anuvritti
6.3.34	6.3.43	anuvritti
6.3.37	6.3.38	anuvritti
6.3.37	6.3.39	anuvritti
6.3.37	6.3.40	anuvritti
6.3.37	6.3.41	anuvritti
6.3.37	6.3.42	anuvritti
6.3.37	6.3.43	anuvritti
6.3.40	6.3.41	anuvritti
6.3.43	6.3.44	anuvritti
6.3.43	6.3.45	anuvritti
6.3.44	6.3.45	anuvritti
6.3.46	6.3.47	anuvritti
6.3.46	6.3.48	anuvritti
6.3.46	6.3.49	anuvritti
6.3.47	6.3.48	anuvritti
6.3.47	6.3.49	anuvritti
6.3.48	6.3.49	anuvritti
6.3.48	6.3.50	anuvritti
6.3.48	6.3.51	anuvritti
6.3.48	6.3.52	anuvritti
6.3.48	6.3.53	anuvritti
6.3.48	6.3.54	anuvritti
6.3.48	6.3.55	anuvritti
6.3.48	6.3.56	anuvritti
6.3.48	6.3.57	anuvritti
6.3.48	6.3.58	anuvritti
6.3.48	6.3.59	anuvritti
6.3.48	6.3.60	anuvritti
6.3.48	6.3.61	anuvritti
6.3.48	6.3.62	anuvritti
6.3.48	6.3.63	anuvritti
6.3.48	6.3.64	anuvritti
6.3.48	6.3.65	anuvritti
6.3.48	6.3.66	anuvritti
6.3.48	6.3.67	anuvritti
6.3.48	6.3.68	anuvritti
6.3.48	6.3.69	anuvritti
6.3.50	6.3.51	anuvritti
6.3.52	6.3.53	anuvritti
6.3.52	6.3.54	anuvritti
6.3.52	6.3.55	anuvritti
6.3.52	6.3.56	anuvritti
6.3.53	6.3.54	anuvritti
6.3.53	6.3.55	anuvritti
6.3.53	6.3.56	anuvritti
6.3.57	6.3.58	anuvritti
6.3.57	6.3.59	anuvritti
6.3.57	6.3.60	anuvritti
6.3.59	6.3.60	anuvritti
6.3.59	6.3.61	anuvritti
6.3.61	6.3.62	anuvritti
6.3.61	6.3.63	anuvritti
6.3.61	6.3.64	anuvritti
6.3.61	6.3.65	anuvritti
6.3.61	6.3.66	anuvritti
6.3.63	6.3.64	anuvritti
6.3.66	6.3.67	anuvritti
6.3.66	6.3.68	anuvritti
6.3.66	6.3.69	anuvritti
6.3.67	6.3.68	anuvritti
6.3.67	6.3.69	anuvritti
6.3.67	6.3.70	anuvritti
6.3.67	6.3.71	anuvritti
6.3.67	6.3.72	anuvritti
6.3.73	6.3.74	anuvritti
6.3.73	6.3.75	anuvritti
6.3.73	6.3.76	anuvritti
6.3.73	6.3.77	anuvritti
6.3.75	6.3.76	anuvritti
6.3.75	6.3.77	anuvritti
6.3.78	6.3.79	anuvritti
6.3.78	6.3.80	anuvritti
6.3.78	6.3.81	anuvritti
6.3.78	6.3.82	anuvritti
6.3.78	6.3.83	anuvritti
6.3.78	6.3.84	anuvritti
6.3.78	6.3.85	anuvritti
6.3.78	6.3.86	anuvritti
6.3.78	6.3.87	anuvritti
6.3.78	6.3.88	anuvritti
6.3.78	6.3.89	anuvritti
6.3.84	6.3.85	anuvritti
6.3.84	6.3.86	anuvritti
6.3.84	6.3.87	anuvritti
6.3.84	6.3.88	anuvritti
6.3.89	6.3.90	anuvritti
6.3.89	6.3.91	anuvritti
6.3.91	6.3.92	anuvritti
6.3.92	6.3.93	anuvritti
6.3.92	6.3.94	anuvritti
6.3.92	6.3.95	anuvritti
6.3.95	6.3.96	anuvritti
6.3.97	6.3.98	anuvritti
6.3.99	6.3.100	anuvritti
6.3.101	6.3.102	anuvritti
6.3.101	6.3.103	anuvritti
6.3.101	6.3.104	anuvritti
6.3.101	6.3.105	anuvritti
6.3.101	6.3.106	anuvritti
6.3.101	6.3.107	anuvritti
6.3.101	6.3.108	anuvritti
6.3.104	6.3.105	anuvritti
6.3.104	6.3.106	anuvritti
6.3.104	6.3.107	anuvritti
6.3.104	6.3.108	anuvritti
6.3.106	6.3.107	anuvritti
6.3.106	6.3.108	anuvritti
6.3.107	6.3.108	anuvritti
6.3.111	6.3.112	anuvritti
6.3.111	6.3.113	anuvritti
6.3.111	6.3.114	anuvritti
6.3.111	6.3.115	anuvritti
6.3.111	6.3.116	anuvritti
6.3.111	6.3.117	anuvritti
6.3.111	6.3.118	anuvritti
6.3.111	6.3.119	anuvritti
6.3.111	6.3.120	anuvritti
6.3.111	6.3.121	anuvritti
6.3.111	6.3.122	anuvritti
6.3.111	6.3.123	anuvritti
6.3.111	6.3.124	anuvritti
6.3.111	6.3.125	anuvritti
6.3.111	6.3.126	anuvritti
6.3.111	6.3.127	anuvritti
6.3.111	6.3.128	anuvritti
6.3.111	6.3.129	anuvritti
6.3.111	6.3.130	anuvritti
6.3.111	6.3.131	anuvritti
6.3.111	6.3.132	anuvritti
6.3.111	6.3.133	anuvritti
6.3.111	6.3.134	anuvritti
6.3.111	6.3.135	anuvritti
6.3.111	6.3.136	anuvritti
6.3.111	6.3.137	anuvritti
6.3.111	6.3.138	anuvritti
6.3.111	6.3.139	anuvritti
6.3.111	6.4.1	anuvritti
6.3.111	6.4.2	anuvritti
6.3.111	6.4.3	anuvritti
6.3.111	6.4.4	anuvritti
6.3.111	6.4.5	anuvritti
6.3.111	6.4.6	anuvritti
6.3.111	6.4.7	anuvritti
6.3.111	6.4.8	anuvritti
6.3.111	6.4.9	anuvritti
6.3.111	6.4.10	anuvritti
6.3.111	6.4.11	anuvritti
6.3.111	6.4.12	anuvritti
6.3.111	6.4.13	anuvritti
6.3.111	6.4.14	anuvritti
6.3.111	6.4.15	anuvritti
6.3.111	6.4.16	anuvritti
6.3.111	6.4.17	anuvritti
6.3.111	6.4.18	anuvritti
6.3.114	6.3.115	adhikara
6.3.114	6.3.116	adhikara
6.3.114	6.3.117	adhikara
6.3.114	6.3.118	adhikara
6.3.114	6.3.119	adhikara
6.3.114	6.3.120	adhikara
6.3.114	6.3.121	adhikara
6.3.114	6.3.122	adhikara
6.3.114	6.3.123	adhikara
6.3.114	6.3.124	adhikara
6.3.114	6.3.125	adhikara
6.3.114	6.3.126	adhikara
6.3.114	6.3.127	adhikara
6.3.114	6.3.128	adhikara
6.3.114	6.3.129	adhikara
6.3.114	6.3.130	adhikara
6.3.114	6.3.131	adhikara
6.3.114	6.3.132	adhikara
6.3.114	6.3.133	adhikara
6.3.114	6.3.134	adhikara
6.3.114	6.3.135	adhikara
6.3.114	6.3.136	adhikara
6.3.114	6.3.137	adhikara
6.3.114	6.3.138	adhikara
6.3.114	6.3.139	adhikara
6.3.117	6.3.118	anuvritti
6.3.117	6.3.119	anuvritti
6.3.117	6.3.120	anuvritti
6.3.119	6.3.120	anuvritti
6.3.122	6.3.123	anuvritti
6.3.122	6.3.124	anuvritti
6.3.123	6.3.124	anuvritti
6.3.125	6.3.126	anuvritti
6.3.128	6.3.129	anuvritti
6.3.128	6.3.130	anuvritti
6.3.131	6.3.132	anuvritti
6.3.133	6.3.134	anuvritti
6.3.133	6.3.135	anuvritti
6.3.133	6.3.136	anuvritti
6.3.139	6.4.1	anuvritti
6.3.139	6.4.2	anuvritti
6.4.1	6.4.2	adhikara
6.4.1	6.4.3	adhikara
6.4.1	6.4.4	adhikara
6.4.1	6.4.5	adhikara
6.4.1	6.4.6	adhikara
6.4.1	6.4.7	adhikara
6.4.1	6.4.8	adhikara
6.4.1	6.4.9	adhikara
6.4.1	6.4.10	adhikara
6.4.1	6.4.11	adhikara
6.4.1	6.4.12	adhikara
6.4.1	6.4.13	adhikara
6.4.1	6.4.14	adhikara
6.4.1	6.4.15	adhikara
6.4.1	6.4.16	adhikara
6.4.1	6.4.17	adhikara
6.4.1	6.4.18	adhikara
6.4.1	6.4.19	adhikara
6.4.1	6.4.20	adhikara
6.4.1	6.4.21	adhikara
6.4.1	6.4.22	adhikara
6.4.1	6.4.23	adhikara
6.4.1	6.4.24	adhikara
6.4.1	6.4.25	adhikara
6.4.1	6.4.26	adhikara
6.4.1	6.4.27	adhikara
6.4.1	6.4.28	adhikara
6.4.1	6.4.29	adhikara
6.4.1	6.4.30	adhikara
6.4.1	6.4.31	adhikara
6.4.1	6.4.32	adhikara
6.4.1	6.4.33	adhikara
6.4.1	6.4.34	adhikara
6.4.1	6.4.35	adhikara
6.4.1	6.4.36	adhikara
6.4.1	6.4.37	adhikara
6.4.1	6.4.38	adhikara
6.4.1	6.4.39	adhikara
6.4.1	6.4.40	adhikara
6.4.1	6.4.41	adhikara
6.4.1	6.4.42	adhikara
6.4.1	6.4.43	adhikara
6.4.1	6.4.44	adhikara
6.4.1	6.4.45	adhikara
6.4.1	6.4.46	adhikara
6.4.1	6.4.47	adhikara
6.4.1	6.4.48	adhikara
6.4.1	6.4.49	adhikara
6.4.1	6.4.50	adhikara
6.4.1	6.4.51	adhikara
6.4.1	6.4.52	adhikara
6.4.1	6.4.53	adhikara
6.4.1	6.4.54	adhikara
6.4.1	6.4.55	adhikara
6.4.1	6.4.56	adhikara
6.4.1	6.4.57	adhikara
6.4.1	6.4.58	adhikara
6.4.1	6.4.59	adhikara
6.4.1	6.4.60	adhikara
6.4.1	6.4.61	adhikara
6.4.1	6.4.62	adhikara
6.4.1	6.4.63	adhikara
6.4.1	6.4.64	adhikara
6.4.1	6.4.65	adhikara
6.4.1	6.4.66	adhikara
6.4.1	6.4.67	adhikara
6.4.1	6.4.68	adhikara
6.4.1	6.4.69	adhikara
6.4.1	6.4.70	adhikara
6.4.1	6.4.71	adhikara
6.4.1	6.4.72	adhikara
6.4.1	6.4.73	adhikara
6.4.1	6.4.74	adhikara
6.4.1	6.4.75	adhikara
6.4.1	6.4.76	adhikara
6.4.1	6.4.77	adhikara
6.4.1	6.4.78	adhikara
6.4.1	6.4.79	adhikara
6.4.1	6.4.80	adhikara
6.4.1	6.4.81	adhikara
6.4.1	6.4.82	adhikara
6.4.1	6.4.83	adhikara
6.4.1	6.4.84	adhikara
6.4.1	6.4.85	adhikara
6.4.1	6.4.86	adhikara
6.4.1	6.4.87	adhikara
6.4.1	6.4.88	adhikara
6.4.1	6.4.89	adhikara
6.4.1	6.4.90	adhikara
6.4.1	6.4.91	adhikara
6.4.1	6.4.92	adhikara
6.4.1	6.4.93	adhikara
6.4.1	6.4.94	adhikara
6.4.1	6.4.95	adhikara
6.4.1	6.4.96	adhikara
6.4.1	6.4.97	adhikara
6.4.1	6.4.98	adhikara
6.4.1	6.4.99	adhikara
6.4.1	6.4.100	adhikara
6.4.1	6.4.101	adhikara
6.4.1	6.4.102	adhikara
6.4.1	6.4.103	adhikara
6.4.1	6.4.104	adhikara
6.4.1	6.4.105	adhikara
6.4.1	6.4.106	adhikara
6.4.1	6.4.107	adhikara
6.4.1	6.4.108	adhikara
6.4.1	6.4.109	adhikara
6.4.1	6.4.110	adhikara
6.4.1	6.4.111	adhikara
6.4.1	6.4.112	adhikara
6.4.1	6.4.113	adhikara
6.4.1	6.4.114	adhikara
6.4.1	6.4.115	adhikara
6.4.1	6.4.116	adhikara
6.4.1	6.4.117	adhikara
6.4.1	6.4.118	adhikara
6.4.1	6.4.119	adhikara
6.4.1	6.4.120	adhikara
6.4.1	6.4.121	adhikara
6.4.1	6.4.122	adhikara
6.4.1	6.4.123	adhikara
6.4.1	6.4.124	adhikara
6.4.1	6.4.125	adhikara
6.4.1	6.4.126	adhikara
6.4.1	6.4.127	adhikara
6.4.1	6.4.128	adhikara
6.4.1	6.4.129	adhikara
6.4.1	6.4.130	adhikara
6.4.1	6.4.131	adhikara
6.4.1	6.4.132	adhikara
6.4.1	6.4.133	adhikara
6.4.1	6.4.134	adhikara
6.4.1	6.4.135	adhikara
6.4.1	6.4.136	adhikara
6.4.1	6.4.137	adhikara
6.4.1	6.4.138	adhikara
6.4.1	6.4.139	adhikara
6.4.1	6.4.140	adhikara
6.4.1	6.4.141	adhikara
6.4.1	6.4.142	adhikara
6.4.1	6.4.143	adhikara
6.4.1	6.4.144	adhikara
6.4.1	6.4.145	adhikara
6.4.1	6.4.146	adhikara
6.4.1	6.4.147	adhikara
6.4.1	6.4.148	adhikara
6.4.1	6.4.149	adhikara
6.4.1	6.4.150	adhikara
6.4.1	6.4.151	adhikara
6.4.1	6.4.152	adhikara
6.4.1	6.4.153	adhikara
6.4.1	6.4.154	adhikara
6.4.1	6.4.155	adhikara
6.4.1	6.4.156	adhikara
6.4.1	6.4.157	adhikara
6.4.1	6.4.158	adhikara
6.4.1	6.4.159	adhikara
6.4.1	6.4.160	adhikara
6.4.1	6.4.161	adhikara
6.4.1	6.4.162	adhikara
6.4.1	6.4.163	adhikara
6.4.1	6.4.164	adhikara
6.4.1	6.4.165	adhikara
6.4.1	6.4.166	adhikara
6.4.1	6.4.167	adhikara
6.4.1	6.4.168	adhikara
6.4.1	6.4.169	adhikara
6.4.1	6.4.170	adhikara
6.4.1	6.4.171	adhikara
6.4.1	6.4.172	adhikara
6.4.1	6.4.173	adhikara
6.4.1	6.4.174	adhikara
6.4.1	6.4.175	adhikara
6.4.1	7.1.1	adhikara
6.4.1	7.1.2	adhikara
6.4.1	7.1.3	adhikara
6.4.1	7.1.4	adhikara
6.4.1	7.1.5	adhikara
6.4.1	7.1.6	adhikara
6.4.1	7.1.7	adhikara
6.4.1	7.1.8	adhikara
6.4.1	7.1.9	adhikara
6.4.1	7.1.10	adhikara
6.4.1	7.1.11	adhikara
6.4.1	7.1.12	adhikara
6.4.1	7.1.13	adhikara
6.4.1	7.1.14	adhikara
6.4.1	7.1.15	adhikara
6.4.1	7.1.16	adhikara
6.4.1	7.1.17	adhikara
6.4.1	7.1.18	adhikara
6.4.1	7.1.19	adhikara
6.4.1	7.1.20	adhikara
6.4.1	7.1.21	adhikara
6.4.1	7.1.22	adhikara
6.4.1	7.1.23	adhikara
6.4.1	7.1.24	adhikara
6.4.1	7.1.25	adhikara
6.4.1	7.1.26	adhikara
6.4.1	7.1.27	adhikara
6.4.1	7.1.28	adhikara
6.4.1	7.1.29	adhikara
6.4.1	7.1.30	adhikara
6.4.1	7.1.31	adhikara
6.4.1	7.1.32	adhikara
6.4.1	7.1.33	adhikara
6.4.1	7.1.34	adhikara
6.4.1	7.1.35	adhikara
6.4.1	7.1.36	adhikara
6.4.1	7.1.37	adhikara
6.4.1	7.1.38	adhikara
6.4.1	7.1.39	adhikara
6.4.1	7.1.40	adhikara
6.4.1	7.1.41	adhikara
6.4.1	7.1.42	adhikara
6.4.1	7.1.43	adhikara
6.4.1	7.1.44	adhikara
6.4.1	7.1.45	adhikara
6.4.1	7.1.46	adhikara
6.4.1	7.1.47	adhikara
6.4.1	7.1.48	adhikara
6.4.1	7.1.49	adhikara
6.4.1	7.1.50	adhikara
6.4.1	7.1.51	adhikara
6.4.1	7.1.52	adhikara
6.4.1	7.1.53	adhikara
6.4.1	7.1.54	adhikara
6.4.1	7.1.55	adhikara
6.4.1	7.1.56	adhikara
6.4.1	7.1.57	adhikara
6.4.1	7.1.58	adhikara
6.4.1	7.1.59	adhikara
6.4.1	7.1.60	adhikara
6.4.1	7.1.61	adhikara
6.4.1	7.1.62	adhikara
6.4.1	7.1.63	adhikara
6.4.1	7.1.64	adhikara
6.4.1	7.1.65	adhikara
6.4.1	7.1.66	adhikara
6.4.1	7.1.67	adhikara
6.4.1	7.1.68	adhikara
6.4.1	7.1.69	adhikara
6.4.1	7.1.70	adhikara
6.4.1	7.1.71	adhikara
6.4.1	7.1.72	adhikara
6.4.1	7.1.73	adhikara
6.4.1	7.1.74	adhikara
6.4.1	7.1.75	adhikara
6.4.1	7.1.76	adhikara
6.4.1	7.1.77	adhikara
6.4.1	7.1.78	adhikara
6.4.1	7.1.79	adhikara
6.4.1	7.1.80	adhikara
6.4.1	7.1.81	adhikara
6.4.1	7.1.82	adhikara
6.4.1	7.1.83	adhikara
6.4.1	7.1.84	adhikara
6.4.1	7.1.85	adhikara
6.4.1	7.1.86	adhikara
6.4.1	7.1.87	adhikara
6.4.1	7.1.88	adhikara
6.4.1	7.1.89	adhikara
6.4.1	7.1.90	adhikara
6.4.1	7.1.91	adhikara
6.4.1	7.1.92	adhikara
6.4.1	7.1.93	adhikara
6.4.1	7.1.94	adhikara
6.4.1	7.1.95	adhikara
6.4.1	7.1.96	adhikara
6.4.1	7.1.97	adhikara
6.4.1	7.1.98	adhikara
6.4.1	7.1.99	adhikara
6.4.1	7.1.100	adhikara
6.4.1	7.1.101	adhikara
6.4.1	7.1.102	adhikara
6.4.1	7.1.103	adhikara
6.4.1	7.2.1	adhikara
6.4.1	7.2.2	adhikara
6.4.1	7.2.3	adhikara
6.4.1	7.2.4	adhikara
6.4.1	7.2.5	adhikara
6.4.1	7.2.6	adhikara
6.4.1	7.2.7	adhikara
6.4.1	7.2.8	adhikara
6.4.1	7.2.9	adhikara
6.4.1	7.2.10	adhikara
6.4.1	7.2.11	adhikara
6.4.1	7.2.12	adhikara
6.4.1	7.2.13	adhikara
6.4.1	7.2.14	adhikara
6.4.1	7.2.15	adhikara
6.4.1	7.2.16	adhikara
6.4.1	7.2.17	adhikara
6.4.1	7.2.18	adhikara
6.4.1	7.2.19	adhikara
6.4.1	7.2.20	adhikara
6.4.1	7.2.21	adhikara
6.4.1	7.2.22	adhikara
6.4.1	7.2.23	adhikara
6.4.1	7.2.24	adhikara
6.4.1	7.2.25	adhikara
6.4.1	7.2.26	adhikara
6.4.1	7.2.27	adhikara
6.4.1	7.2.28	adhikara
6.4.1	7.2.29	adhikara
6.4.1	7.2.30	adhikara
6.4.1	7.2.31	adhikara
6.4.1	7.2.32	adhikara
6.4.1	7.2.33	adhikara
6.4.1	7.2.34	adhikara
6.4.1	7.2.35	adhikara
6.4.1	7.2.36	adhikara
6.4.1	7.2.37	adhikara
6.4.1	7.2.38	adhikara
6.4.1	7.2.39	adhikara
6.4.1	7.2.40	adhikara
6.4.1	7.2.41	adhikara
6.4.1	7.2.42	adhikara
6.4.1	7.2.43	adhikara
6.4.1	7.2.44	adhikara
6.4.1	7.2.45	adhikara
6.4.1	7.2.46	adhikara
6.4.1	7.2.47	adhikara
6.4.1	7.2.48	adhikara
6.4.1	7.2.49	adhikara
6.4.1	7.2.50	adhikara
6.4.1	7.2.51	adhikara
6.4.1	7.2.52	adhikara
6.4.1	7.2.53	adhikara
6.4.1	7.2.54	adhikara
6.4.1	7.2.55	adhikara
6.4.1	7.2.56	adhikara
6.4.1	7.2.57	adhikara
6.4.1	7.2.58	adhikara
6.4.1	7.2.59	adhikara
6.4.1	7.2.60	adhikara
6.4.1	7.2.61	adhikara
6.4.1	7.2.62	adhikara
6.4.1	7.2.63	adhikara
6.4.1	7.2.64	adhikara
6.4.1	7.2.65	adhikara
6.4.1	7.2.66	adhikara
6.4.1	7.2.67	adhikara
6.4.1	7.2.68	adhikara
6.4.1	7.2.69	adhikara
6.4.1	7.2.70	adhikara
6.4.1	7.2.71	adhikara
6.4.1	7.2.72	adhikara
6.4.1	7.2.73	adhikara
6.4.1	7.2.74	adhikara
6.4.1	7.2.75	adhikara
6.4.1	7.2.76	adhikara
6.4.1	7.2.77	adhikara
6.4.1	7.2.78	adhikara
6.4.1	7.2.79	adhikara
6.4.1	7.2.80	adhikara
6.4.1	7.2.81	adhikara
6.4.1	7.2.82	adhikara
6.4.1	7.2.83	adhikara
6.4.1	7.2.84	adhikara
6.4.1	7.2.85	adhikara
6.4.1	7.2.86	adhikara
6.4.1	7.2.87	adhikara
6.4.1	7.2.88	adhikara
6.4.1	7.2.89	adhikara
6.4.1	7.2.90	adhikara
6.4.1	7.2.91	adhikara
6.4.1	7.2.92	adhikara
6.4.1	7.2.93	adhikara
6.4.1	7.2.94	adhikara
6.4.1	7.2.95	adhikara
6.4.1	7.2.96	adhikara
6.4.1	7.2.97	adhikara
6.4.1	7.2.98	adhikara
6.4.1	7.2.99	adhikara
6.4.1	7.2.100	adhikara
6.4.1	7.2.101	adhikara
6.4.1	7.2.102	adhikara
6.4.1	7.2.103	adhikara
6.4.1	7.2.104	adhikara
6.4.1	7.2.105	adhikara
6.4.1	7.2.106	adhikara
6.4.1	7.2.107	adhikara
6.4.1	7.2.108	adhikara
6.4.1	7.2.109	adhikara
6.4.1	7.2.110	adhikara
6.4.1	7.2.111	adhikara
6.4.1	7.2.112	adhikara
6.4.1	7.2.113	adhikara
6.4.1	7.2.114	adhikara
6.4.1	7.2.115	adhikara
6.4.1	7.2.116	adhikara
6.4.1	7.2.117	adhikara
6.4.1	7.2.118	adhikara
6.4.1	7.3.1	adhikara
6.4.1	7.3.2	adhikara
6.4.1	7.3.3	adhikara
6.4.1	7.3.4	adhikara
6.4.1	7.3.5	adhikara
6.4.1	7.3.6	adhikara
6.4.1	7.3.7	adhikara
6.4.1	7.3.8	adhikara
6.4.1	7.3.9	adhikara
6.4.1	7.3.10	adhikara
6.4.1	7.3.11	adhikara
6.4.1	7.3.12	adhikara
6.4.1	7.3.13	adhikara
6.4.1	7.3.14	adhikara
6.4.1	7.3.15	adhikara
6.4.1	7.3.16	adhikara
6.4.1	7.3.17	adhikara
6.4.1	7.3.18	adhikara
6.4.1	7.3.19	adhikara
6.4.1	7.3.20	adhikara
6.4.1	7.3.21	adhikara
6.4.1	7.3.22	adhikara
6.4.1	7.3.23	adhikara
6.4.1	7.3.24	adhikara
6.4.1	7.3.25	adhikara
6.4.1	7.3.26	adhikara
6.4.1	7.3.27	adhikara
6.4.1	7.3.28	adhikara
6.4.1	7.3.29	adhikara
6.4.1	7.3.30	adhikara
6.4.1	7.3.31	adhikara
6.4.1	7.3.32	adhikara
6.4.1	7.3.33	adhikara
6.4.1	7.3.34	adhikara
6.4.1	7.3.35	adhikara
6.4.1	7.3.36	adhikara
6.4.1	7.3.37	adhikara
6.4.1	7.3.38	adhikara
6.4.1	7.3.39	adhikara
6.4.1	7.3.40	adhikara
6.4.1	7.3.41	adhikara
6.4.1	7.3.42	adhikara
6.4.1	7.3.43	adhikara
6.4.1	7.3.44	adhikara
6.4.1	7.3.45	adhikara
6.4.1	7.3.46	adhikara
6.4.1	7.3.47	adhikara
6.4.1	7.3.48	adhikara
6.4.1	7.3.49	adhikara
6.4.1	7.3.50	adhikara
6.4.1	7.3.51	adhikara
6.4.1	7.3.52	adhikara
6.4.1	7.3.53	adhikara
6.4.1	7.3.54	adhikara
6.4.1	7.3.55	adhikara
6.4.1	7.3.56	adhikara
6.4.1	7.3.57	adhikara
6.4.1	7.3.58	adhikara
6.4.1	7.3.59	adhikara
6.4.1	7.3.60	adhikara
6.4.1	7.3.61	adhikara
6.4.1	7.3.62	adhikara
6.4.1	7.3.63	adhikara
6.4.1	7.3.64	adhikara
6.4.1	7.3.65	adhikara
6.4.1	7.3.66	adhikara
6.4.1	7.3.67	adhikara
6.4.1	7.3.68	adhikara
6.4.1	7.3.69	adhikara
6.4.1	7.3.70	adhikara
6.4.1	7.3.71	adhikara
6.4.1	7.3.72	adhikara
6.4.1	7.3.73	adhikara
6.4.1	7.3.74	adhikara
6.4.1	7.3.75	adhikara
6.4.1	7.3.76	adhikara
6.4.1	7.3.77	adhikara
6.4.1	7.3.78	adhikara
6.4.1	7.3.79	adhikara
6.4.1	7.3.80	adhikara
6.4.1	7.3.81	adhikara
6.4.1	7.3.82	adhikara
6.4.1	7.3.83	adhikara
6.4.1	7.3.84	adhikara
6.4.1	7.3.85	adhikara
6.4.1	7.3.86	adhikara
6.4.1	7.3.87	adhikara
6.4.1	7.3.88	adhikara
6.4.1	7.3.89	adhikara
6.4.1	7.3.90	adhikara
6.4.1	7.3.91	adhikara
6.4.1	7.3.92	adhikara
6.4.1	7.3.93	adhikara
6.4.1	7.3.94	adhikara
6.4.1	7.3.95	adhikara
6.4.1	7.3.96	adhikara
6.4.1	7.3.97	adhikara
6.4.1	7.3.98	adhikara
6.4.1	7.3.99	adhikara
6.4.1	7.3.100	adhikara
6.4.1	7.3.101	adhikara
6.4.1	7.3.102	adhikara
6.4.1	7.3.103	adhikara
6.4.1	7.3.104	adhikara
6.4.1	7.3.105	adhikara
6.4.1	7.3.106	adhikara
6.4.1	7.3.107	adhikara
6.4.1	7.3.108	adhikara
6.4.1	7.3.109	adhikara
6.4.1	7.3.110	adhikara
6.4.1	7.3.111	adhikara
6.4.1	7.3.112	adhikara
6.4.1	7.3.113	adhikara
6.4.1	7.3.114	adhikara
6.4.1	7.3.115	adhikara
6.4.1	7.3.116	adhikara
6.4.1	7.3.117	adhikara
6.4.1	7.3.118	adhikara
6.4.1	7.3.119	adhikara
6.4.1	7.3.120	adhikara
6.4.1	7.4.1	adhikara
6.4.1	7.4.2	adhikara
6.4.1	7.4.3	adhikara
6.4.1	7.4.4	adhikara
6.4.1	7.4.5	adhikara
6.4.1	7.4.6	adhikara
6.4.1	7.4.7	adhikara
6.4.1	7.4.8	adhikara
6.4.1	7.4.9	adhikara
6.4.1	7.4.10	adhikara
6.4.1	7.4.11	adhikara
6.4.1	7.4.12	adhikara
6.4.1	7.4.13	adhikara
6.4.1	7.4.14	adhikara
6.4.1	7.4.15	adhikara
6.4.1	7.4.16	adhikara
6.4.1	7.4.17	adhikara
6.4.1	7.4.18	adhikara
6.4.1	7.4.19	adhikara
6.4.1	7.4.20	adhikara
6.4.1	7.4.21	adhikara
6.4.1	7.4.22	adhikara
6.4.1	7.4.23	adhikara
6.4.1	7.4.24	adhikara
6.4.1	7.4.25	adhikara
6.4.1	7.4.26	adhikara
6.4.1	7.4.27	adhikara
6.4.1	7.4.28	adhikara
6.4.1	7.4.29	adhikara
6.4.1	7.4.30	adhikara
6.4.1	7.4.31	adhikara
6.4.1	7.4.32	adhikara
6.4.1	7.4.33	adhikara
6.4.1	7.4.34	adhikara
6.4.1	7.4.35	adhikara
6.4.1	7.4.36	adhikara
6.4.1	7.4.37	adhikara
6.4.1	7.4.38	adhikara
6.4.1	7.4.39	adhikara
6.4.1	7.4.40	adhikara
6.4.1	7.4.41	adhikara
6.4.1	7.4.42	adhikara
6.4.1	7.4.43	adhikara
6.4.1	7.4.44	adhikara
6.4.1	7.4.45	adhikara
6.4.1	7.4.46	adhikara
6.4.1	7.4.47	adhikara
6.4.1	7.4.48	adhikara
6.4.1	7.4.49	adhikara
6.4.1	7.4.50	adhikara
6.4.1	7.4.51	adhikara
6.4.1	7.4.52	adhikara
6.4.1	7.4.53	adhikara
6.4.1	7.4.54	adhikara
6.4.1	7.4.55	adhikara
6.4.1	7.4.56	adhikara
6.4.1	7.4.57	adhikara
6.4.1	7.4.58	adhikara
6.4.1	7.4.59	adhikara
6.4.1	7.4.60	adhikara
6.4.1	7.4.61	adhikara
6.4.1	7.4.62	adhikara
6.4.1	7.4.63	adhikara
6.4.1	7.4.64	adhikara
6.4.1	7.4.65	adhikara
6.4.1	7.4.66	adhikara
6.4.1	7.4.67	adhikara
6.4.1	7.4.68	adhikara
6.4.1	7.4.69	adhikara
6.4.1	7.4.70	adhikara
6.4.1	7.4.71	adhikara
6.4.1	7.4.72	adhikara
6.4.1	7.4.73	adhikara
6.4.1	7.4.74	adhikara
6.4.1	7.4.75	adhikara
6.4.1	7.4.76	adhikara
6.4.1	7.4.77	adhikara
6.4.1	7.4.78	adhikara
6.4.1	7.4.79	adhikara
6.4.1	7.4.80	adhikara
6.4.1	7.4.81	adhikara
6.4.1	7.4.82	adhikara
6.4.1	7.4.83	adhikara
6.4.1	7.4.84	adhikara
6.4.1	7.4.85	adhikara
6.4.1	7.4.86	adhikara
6.4.1	7.4.87	adhikara
6.4.1	7.4.88	adhikara
6.4.1	7.4.89	adhikara
6.4.1	7.4.90	adhikara
6.4.1	7.4.91	adhikara
6.4.1	7.4.92	adhikara
6.4.1	7.4.93	adhikara
6.4.1	7.4.94	adhikara
6.4.1	7.4.95	adhikara
6.4.1	7.4.96	adhikara
6.4.1	7.4.97	adhikara
6.4.3	6.4.4	anuvritti
6.4.3	6.4.5	anuvritti
6.4.3	6.4.6	anuvritti
6.4.3	6.4.7	anuvritti
6.4.4	6.4.5	anuvritti
6.4.5	6.4.6	anuvritti
6.4.7	6.4.8	anuvritti
6.4.7	6.4.9	anuvritti
6.4.7	6.4.10	anuvritti
6.4.7	6.4.11	anuvritti
6.4.7	6.4.12	anuvritti
6.4.7	6.4.13	anuvritti
6.4.7	6.4.14	anuvritti
6.4.7	6.4.15	anuvritti
6.4.7	6.4.16	anuvritti
6.4.7	6.4.17	anuvritti
6.4.7	6.4.18	anuvritti
6.4.8	6.4.9	anuvritti
6.4.8	6.4.10	anuvritti
6.4.8	6.4.11	anuvritti
6.4.8	6.4.12	anuvritti
6.4.8	6.4.13	anuvritti
6.4.8	6.4.14	anuvritti
6.4.12	6.4.13	anuvritti
6.4.13	6.4.14	anuvritti
6.4.15	6.4.16	anuvritti
6.4.15	6.4.17	anuvritti
6.4.15	6.4.18	anuvritti
6.4.15	6.4.19	anuvritti
6.4.15	6.4.20	anuvritti
6.4.15	6.4.21	anuvritti
6.4.16	6.4.17	anuvritti
6.4.17	6.4.18	anuvritti
6.4.19	6.4.20	anuvritti
6.4.19	6.4.21	anuvritti
6.4.22	6.4.23	adhikara
6.4.22	6.4.24	adhikara
6.4.22	6.4.25	adhikara
6.4.22	6.4.26	adhikara
6.4.22	6.4.27	adhikara
6.4.22	6.4.28	adhikara
6.4.22	6.4.29	adhikara
6.4.22	6.4.30	adhikara
6.4.22	6.4.31	adhikara
6.4.22	6.4.32	adhikara
6.4.22	6.4.33	adhikara
6.4.22	6.4.34	adhikara
6.4.22	6.4.35	adhikara
6.4.22	6.4.36	adhikara
6.4.22	6.4.37	adhikara
6.4.22	6.4.38	adhikara
6.4.22	6.4.39	adhikara
6.4.22	6.4.40	adhikara
6.4.22	6.4.41	adhikara
6.4.22	6.4.42	adhikara
6.4.22	6.4.43	adhikara
6.4.22	6.4.44	adhikara
6.4.22	6.4.45	adhikara
6.4.22	6.4.46	adhikara
6.4.22	6.4.47	adhikara
6.4.22	6.4.48	adhikara
6.4.22	6.4.49	adhikara
6.4.22	6.4.50	adhikara
6.4.22	6.4.51	adhikara
6.4.22	6.4.52	adhikara
6.4.22	6.4.53	adhikara
6.4.22	6.4.54	adhikara
6.4.22	6.4.55	adhikara
6.4.22	6.4.56	adhikara
6.4.22	6.4.57	adhikara
6.4.22	6.4.58	adhikara
6.4.22	6.4.59	adhikara
6.4.22	6.4.60	adhikara
6.4.22	6.4.61	adhikara
6.4.22	6.4.62	adhikara
6.4.22	6.4.63	adhikara
6.4.22	6.4.64	adhikara
6.4.22	6.4.65	adhikara
6.4.22	6.4.66	adhikara
6.4.22	6.4.67	adhikara
6.4.22	6.4.68	adhikara
6.4.22	6.4.69	adhikara
6.4.22	6.4.70	adhikara
6.4.22	6.4.71	adhikara
6.4.22	6.4.72	adhikara
6.4.22	6.4.73	adhikara
6.4.22	6.4.74	adhikara
6.4.22	6.4.75	adhikara
6.4.22	6.4.76	adhikara
6.4.22	6.4.77	adhikara
6.4.22	6.4.78	adhikara
6.4.22	6.4.79	adhikara
6.4.22	6.4.80	adhikara
6.4.22	6.4.81	adhikara
6.4.22	6.4.82	adhikara
6.4.22	6.4.83	adhikara
6.4.22	6.4.84	adhikara
6.4.22	6.4.85	adhikara
6.4.22	6.4.86	adhikara
6.4.22	6.4.87	adhikara
6.4.22	6.4.88	adhikara
6.4.22	6.4.89	adhikara
6.4.22	6.4.90	adhikara
6.4.22	6.4.91	adhikara
6.4.22	6.4.92	adhikara
6.4.22	6.4.93	adhikara
6.4.22	6.4.94	adhikara
6.4.22	6.4.95	adhikara
6.4.22	6.4.96	adhikara
6.4.22	6.4.97	adhikara
6.4.22	6.4.98	adhikara
6.4.22	6.4.99	adhikara
6.4.22	6.4.100	adhikara
6.4.22	6.4.101	adhikara
6.4.22	6.4.102	adhikara
6.4.22	6.4.103	adhikara
6.4.22	6.4.104	adhikara
6.4.22	6.4.105	adhikara
6.4.22	6.4.106	adhikara
6.4.22	6.4.107	adhikara
6.4.22	6.4.108	adhikara
6.4.22	6.4.109	adhikara
6.4.22	6.4.110	adhikara
6.4.22	6.4.111	adhikara
6.4.22	6.4.112	adhikara
6.4.22	6.4.113	adhikara
6.4.22	6.4.114	adhikara
6.4.22	6.4.115	adhikara
6.4.22	6.4.116	adhikara
6.4.22	6.4.117	adhikara
6.4.22	6.4.118	adhikara
6.4.22	6.4.119	adhikara
6.4.22	6.4.120	adhikara
6.4.22	6.4.121	adhikara
6.4.22	6.4.122	adhikara
6.4.22	6.4.123	adhikara
6.4.22	6.4.124	adhikara
6.4.22	6.4.125	adhikara
6.4.22	6.4.126	adhikara
6.4.22	6.4.127	adhikara
6.4.22	6.4.128	adhikara
6.4.22	6.4.129	adhikara
6.4.22	6.4.130	adhikara
6.4.22	6.4.131	adhikara
6.4.22	6.4.132	adhikara
6.4.22	6.4.133	adhikara
6.4.22	6.4.134	adhikara
6.4.22	6.4.135	adhikara
6.4.22	6.4.136	adhikara
6.4.22	6.4.137	adhikara
6.4.22	6.4.138	adhikara
6.4.22	6.4.139	adhikara
6.4.22	6.4.140	adhikara
6.4.22	6.4.141	adhikara
6.4.22	6.4.142	adhikara
6.4.22	6.4.143	adhikara
6.4.22	6.4.144	adhikara
6.4.22	6.4.145	adhikara
6.4.22	6.4.146	adhikara
6.4.22	6.4.147	adhikara
6.4.22	6.4.148	adhikara
6.4.22	6.4.149	adhikara
6.4.22	6.4.150	adhikara
6.4.22	6.4.151	adhikara
6.4.22	6.4.152	adhikara
6.4.22	6.4.153	adhikara
6.4.22	6.4.154	adhikara
6.4.22	6.4.155	adhikara
6.4.22	6.4.156	adhikara
6.4.22	6.4.157	adhikara
6.4.22	6.4.158	adhikara
6.4.22	6.4.159	adhikara
6.4.22	6.4.160	adhikara
6.4.22	6.4.161	adhikara
6.4.22	6.4.162	adhikara
6.4.22	6.4.163	adhikara
6.4.22	6.4.164	adhikara
6.4.22	6.4.165	adhikara
6.4.22	6.4.166	adhikara
6.4.22	6.4.167	adhikara
6.4.22	6.4.168	adhikara
6.4.22	6.4.169	adhikara
6.4.22	6.4.170	adhikara
6.4.22	6.4.171	adhikara
6.4.22	6.4.172	adhikara
6.4.22	6.4.173	adhikara
6.4.22	6.4.174	adhikara
6.4.22	6.4.175	adhikara
6.4.23	6.4.24	anuvritti
6.4.23	6.4.25	anuvritti
6.4.23	6.4.26	anuvritti
6.4.23	6.4.27	anuvritti
6.4.23	6.4.28	anuvritti
6.4.23	6.4.29	anuvritti
6.4.23	6.4.30	anuvritti
6.4.23	6.4.31	anuvritti
6.4.23	6.4.32	anuvritti
6.4.23	6.4.33	anuvritti
6.4.23	6.4.34	anuvritti
6.4.23	6.4.35	anuvritti
6.4.23	6.4.36	anuvritti
6.4.23	6.4.37	anuvritti
6.4.23	6.4.38	anuvritti
6.4.23	6.4.39	anuvritti
6.4.23	6.4.40	anuvritti
6.4.23	6.4.41	anuvritti
6.4.23	6.4.42	anuvritti
6.4.23	6.4.43	anuvritti
6.4.23	6.4.44	anuvritti
6.4.23	6.4.45	anuvritti
6.4.23	6.4.46	anuvritti
6.4.23	6.4.47	anuvritti
6.4.23	6.4.49	anuvritti
6.4.23	6.4.50	anuvritti
6.4.23	6.4.51	anuvritti
6.4.23	6.4.52	anuvritti
6.4.23	6.4.53	anuvritti
6.4.23	6.4.54	anuvritti
6.4.23	6.4.55	anuvritti
6.4.24	6.4.25	anuvritti
6.4.24	6.4.26	anuvritti
6.4.24	6.4.27	anuvritti
6.4.24	6.4.28	anuvritti
6.4.24	6.4.29	anuvritti
6.4.24	6.4.30	anuvritti
6.4.24	6.4.31	anuvritti
6.4.24	6.4.32	anuvritti
6.4.24	6.4.33	anuvritti
6.4.24	6.4.34	anuvritti
6.4.25	6.4.26	anuvritti
6.4.26	6.4.27	anuvritti
6.4.27	6.4.28	anuvritti
6.4.27	6.4.29	anuvritti
6.4.30	6.4.31	anuvritti
6.4.30	6.4.32	anuvritti
6.4.30	6.4.33	anuvritti
6.4.31	6.4.32	anuvritti
6.4.32	6.4.33	anuvritti
6.4.34	6.4.35	anuvritti
6.4.35	6.4.36	anuvritti
6.4.37	6.4.38	anuvritti
6.4.37	6.4.39	anuvritti
6.4.37	6.4.40	anuvritti
6.4.41	6.4.42	anuvritti
6.4.41	6.4.43	anuvritti
6.4.41	6.4.44	anuvritti
6.4.41	6.4.45	anuvritti
6.4.42	6.4.43	anuvritti
6.4.43	6.4.44	anuvritti
6.4.46	6.4.47	adhikara
6.4.46	6.4.48	adhikara
6.4.46	6.4.49	adhikara
6.4.46	6.4.50	adhikara
6.4.46	6.4.51	adhikara
6.4.46	6.4.52	adhikara
6.4.46	6.4.53	adhikara
6.4.46	6.4.54	adhikara
6.4.46	6.4.55	adhikara
6.4.46	6.4.56	adhikara
6.4.46	6.4.57	adhikara
6.4.46	6.4.58	adhikara
6.4.46	6.4.59	adhikara
6.4.46	6.4.60	adhikara
6.4.46	6.4.61	adhikara
6.4.46	6.4.62	adhikara
6.4.46	6.4.63	adhikara
6.4.46	6.4.64	adhikara
6.4.46	6.4.65	adhikara
6.4.46	6.4.66	adhikara
6.4.46	6.4.67	adhikara
6.4.46	6.4.68	adhikara
6.4.46	6.4.69	adhikara
6.4.46	6.4.70	adhikara
6.4.48	6.4.49	anuvritti
6.4.48	6.4.50	anuvritti
6.4.48	6.4.51	anuvritti
6.4.48	6.4.52	anuvritti
6.4.48	6.4.53	anuvritti
6.4.48	6.4.54	anuvritti
6.4.49	6.4.50	anuvritti
6.4.51	6.4.52	anuvritti
6.4.51	6.4.53	anuvritti
6.4.51	6.4.54	anuvritti
6.4.51	6.4.55	anuvritti
6.4.51	6.4.56	anuvritti
6.4.51	6.4.57	anuvritti
6.4.55	6.4.56	anuvritti
6.4.55	6.4.57	anuvritti
6.4.56	6.4.57	anuvritti
6.4.56	6.4.58	anuvritti
6.4.56	6.4.59	anuvritti
6.4.58	6.4.59	anuvritti
6.4.58	6.4.60	anuvritti
6.4.58	6.4.61	anuvritti
6.4.59	6.4.60	anuvritti
6.4.59	6.4.61	anuvritti
6.4.60	6.4.61	anuvritti
6.4.63	6.4.64	anuvritti
6.4.63	6.4.65	anuvritti
6.4.63	6.4.66	anuvritti
6.4.63	6.4.67	anuvritti
6.4.63	6.4.68	anuvritti
6.4.64	6.4.65	anuvritti
6.4.64	6.4.66	anuvritti
6.4.64	6.4.67	anuvritti
6.4.64	6.4.68	anuvritti
6.4.64	6.4.69	anuvritti
6.4.65	6.4.66	anuvritti
6.4.66	6.4.67	anuvritti
6.4.66	6.4.68	anuvritti
6.4.66	6.4.69	anuvritti
6.4.67	6.4.68	anuvritti
6.4.69	6.4.70	anuvritti
6.4.71	6.4.72	anuvritti
6.4.71	6.4.73	anuvritti
6.4.71	6.4.74	anuvritti
6.4.71	6.4.75	anuvritti
6.4.72	6.4.73	anuvritti
6.4.72	6.4.74	anuvritti
6.4.72	6.4.75	anuvritti
6.4.75	6.4.76	anuvritti
6.4.77	6.4.78	anuvritti
6.4.77	6.4.79	anuvritti
6.4.77	6.4.80	anuvritti
6.4.77	6.4.81	anuvritti
6.4.77	6.4.82	anuvritti
6.4.77	6.4.83	anuvritti
6.4.77	6.4.84	anuvritti
6.4.77	6.4.85	anuvritti
6.4.77	6.4.86	anuvritti
6.4.77	6.4.87	anuvritti
6.4.77	6.4.88	anuvritti
6.4.77	6.4.89	anuvritti
6.4.77	6.4.90	anuvritti
6.4.77	6.4.91	anuvritti
6.4.77	6.4.92	anuvritti
6.4.77	6.4.93	anuvritti
6.4.77	6.4.94	anuvritti
6.4.77	6.4.95	anuvritti
6.4.77	6.4.96	anuvritti
6.4.77	6.4.97	anuvritti
6.4.77	6.4.98	anuvritti
6.4.77	6.4.99	anuvritti
6.4.77	6.4.100	anuvritti
6.4.79	6.4.80	anuvritti
6.4.81	6.4.82	anuvritti
6.4.81	6.4.83	anuvritti
6.4.81	6.4.84	anuvritti
6.4.81	6.4.85	anuvritti
6.4.81	6.4.86	anuvritti
6.4.81	6.4.87	anuvritti
6.4.82	6.4.83	anuvritti
6.4.82	6.4.84	anuvritti
6.4.82	6.4.85	anuvritti
6.4.82	6.4.86	anuvritti
6.4.82	6.4.87	anuvritti
6.4.83	6.4.84	anuvritti
6.4.85	6.4.86	anuvritti
6.4.89	6.4.90	anuvritti
6.4.89	6.4.91	anuvritti
6.4.89	6.4.92	anuvritti
6.4.89	6.4.93	anuvritti
6.4.89	6.4.94	anuvritti
6.4.89	6.4.95	anuvritti
6.4.89	6.4.96	anuvritti
6.4.89	6.4.97	anuvritti
6.4.89	6.4.98	anuvritti
6.4.89	6.4.99	anuvritti
6.4.89	6.4.100	anuvritti
6.4.90	6.4.91	anuvritti
6.4.90	6.4.92	anuvritti
6.4.90	6.4.93	anuvritti
6.4.90	6.4.94	anuvritti
6.4.92	6.4.93	anuvritti
6.4.94	6.4.95	anuvritti
6.4.94	6.4.96	anuvritti
6.4.94	6.4.97	anuvritti
6.4.96	6.4.97	anuvritti
6.4.98	6.4.99	anuvritti
6.4.98	6.4.100	anuvritti
6.4.98	6.4.101	anuvritti
6.4.98	6.4.102	anuvritti
6.4.98	6.4.103	anuvritti
6.4.98	6.4.104	anuvritti
6.4.98	6.4.105	anuvritti
6.4.98	6.4.106	anuvritti
6.4.98	6.4.107	anuvritti
6.4.98	6.4.108	anuvritti
6.4.98	6.4.109	anuvritti
6.4.98	6.4.110	anuvritti
6.4.98	6.4.111	anuvritti
6.4.98	6.4.112	anuvritti
6.4.98	6.4.113	anuvritti
6.4.98	6.4.114	anuvritti
6.4.98	6.4.115	anuvritti
6.4.98	6.4.116	anuvritti
6.4.98	6.4.117	anuvritti
6.4.98	6.4.118	anuvritti
6.4.98	6.4.119	anuvritti
6.4.98	6.4.120	anuvritti
6.4.98	6.4.122	anuvritti
6.4.98	6.4.123	anuvritti
6.4.98	6.4.124	anuvritti
6.4.98	6.4.125	anuvritti
6.4.98	6.4.126	anuvritti
6.4.99	6.4.100	anuvritti
6.4.100	6.4.101	anuvritti
6.4.101	6.4.102	anuvritti
6.4.101	6.4.103	anuvritti
6.4.102	6.4.103	anuvritti
6.4.104	6.4.105	anuvritti
6.4.104	6.4.106	anuvritti
6.4.105	6.4.106	anuvritti
6.4.106	6.4.107	anuvritti
6.4.106	6.4.108	anuvritti
6.4.106	6.4.109	anuvritti
6.4.106	6.4.110	anuvritti
6.4.107	6.4.108	anuvritti
6.4.107	6.4.109	anuvritti
6.4.108	6.4.109	anuvritti
6.4.108	6.4.110	anuvritti
6.4.110	6.4.111	anuvritti
6.4.110	6.4.112	anuvritti
6.4.110	6.4.113	anuvritti
6.4.110	6.4.114	anuvritti
6.4.110	6.4.115	anuvritti
6.4.110	6.4.116	anuvritti
6.4.110	6.4.117	anuvritti
6.4.110	6.4.118	anuvritti
6.4.110	6.4.119	anuvritti
6.4.111	6.4.112	anuvritti
6.4.112	6.4.113	anuvritti
6.4.112	6.4.114	anuvritti
6.4.113	6.4.114	anuvritti
6.4.113	6.4.115	anuvritti
6.4.113	6.4.116	anuvritti
6.4.114	6.4.115	anuvritti
6.4.114	6.4.116	anuvritti
6.4.115	6.4.116	anuvritti
6.4.115	6.4.117	anuvritti
6.4.116	6.4.117	anuvritti
6.4.116	6.4.118	anuvritti
6.4.119	6.4.120	anuvritti
6.4.119	6.4.121	anuvritti
6.4.119	6.4.122	anuvritti
6.4.119	6.4.123	anuvritti
6.4.119	6.4.124	anuvritti
6.4.119	6.4.125	anuvritti
6.4.119	6.4.126	anuvritti
6.4.120	6.4.121	anuvritti
6.4.120	6.4.122	anuvritti
6.4.120	6.4.123	anuvritti
6.4.120	6.4.124	anuvritti
6.4.120	6.4.125	anuvritti
6.4.120	6.4.126	anuvritti
6.4.121	6.4.122	anuvritti
6.4.121	6.4.123	anuvritti
6.4.121	6.4.124	anuvritti
6.4.121	6.4.125	anuvritti
6.4.121	6.4.126	anuvritti
6.4.124	6.4.125	anuvritti
6.4.127	6.4.128	anuvritti
6.4.129	6.4.130	adhikara
6.4.129	6.4.131	adhikara
6.4.129	6.4.132	adhikara
6.4.129	6.4.133	adhikara
6.4.129	6.4.134	adhikara
6.4.129	6.4.135	adhikara
6.4.129	6.4.136	adhikara
6.4.129	6.4.137	adhikara
6.4.129	6.4.138	adhikara
6.4.129	6.4.139	adhikara
6.4.129	6.4.140	adhikara
6.4.129	6.4.141	adhikara
6.4.129	6.4.142	adhikara
6.4.129	6.4.143	adhikara
6.4.129	6.4.144	adhikara
6.4.129	6.4.145	adhikara
6.4.129	6.4.146	adhikara
6.4.129	6.4.147	adhikara
6.4.129	6.4.148	adhikara
6.4.129	6.4.149	adhikara
6.4.129	6.4.150	adhikara
6.4.129	6.4.151	adhikara
6.4.129	6.4.152	adhikara
6.4.129	6.4.153	adhikara
6.4.129	6.4.154	adhikara
6.4.129	6.4.155	adhikara
6.4.129	6.4.156	adhikara
6.4.129	6.4.157	adhikara
6.4.129	6.4.158	adhikara
6.4.129	6.4.159	adhikara
6.4.129	6.4.160	adhikara
6.4.129	6.4.161	adhikara
6.4.129	6.4.162	adhikara
6.4.129	6.4.163	adhikara
6.4.129	6.4.164	adhikara
6.4.129	6.4.165	adhikara
6.4.129	6.4.166	adhikara
6.4.129	6.4.167	adhikara
6.4.129	6.4.168	adhikara
6.4.129	6.4.169	adhikara
6.4.129	6.4.170	adhikara
6.4.129	6.4.171	adhikara
6.4.129	6.4.172	adhikara
6.4.129	6.4.173	adhikara
6.4.129	6.4.174	adhikara
6.4.129	6.4.175	adhikara
6.4.131	6.4.132	anuvritti
6.4.131	6.4.133	anuvritti
6.4.134	6.4.135	anuvritti
6.4.134	6.4.136	anuvritti
6.4.134	6.4.137	anuvritti
6.4.134	6.4.138	anuvritti
6.4.134	6.4.139	anuvritti
6.4.134	6.4.140	anuvritti
6.4.134	6.4.141	anuvritti
6.4.134	6.4.142	anuvritti
6.4.134	6.4.143	anuvritti
6.4.134	6.4.144	anuvritti
6.4.134	6.4.145	anuvritti
6.4.138	6.4.139	anuvritti
6.4.142	6.4.143	anuvritti
6.4.143	6.4.144	anuvritti
6.4.143	6.4.145	anuvritti
6.4.144	6.4.145	anuvritti
6.4.144	6.4.146	anuvritti
6.4.144	6.4.147	anuvritti
6.4.144	6.4.148	anuvritti
6.4.144	6.4.149	anuvritti
6.4.146	6.4.147	anuvritti
6.4.147	6.4.148	anuvritti
6.4.147	6.4.149	anuvritti
6.4.147	6.4.150	anuvritti
6.4.147	6.4.151	anuvritti
6.4.147	6.4.152	anuvritti
6.4.147	6.4.153	anuvritti
6.4.147	6.4.154	anuvritti
6.4.147	6.4.155	anuvritti
6.4.148	6.4.149	anuvritti
6.4.148	6.4.150	anuvritti
6.4.149	6.4.150	anuvritti
6.4.149	6.4.151	anuvritti
6.4.149	6.4.152	anuvritti
6.4.150	6.4.151	anuvritti
6.4.150	6.4.152	anuvritti
6.4.151	6.4.152	anuvritti
6.4.151	6.4.153	anuvritti
6.4.154	6.4.155	anuvritti
6.4.154	6.4.156	anuvritti
6.4.154	6.4.157	anuvritti
6.4.154	6.4.158	anuvritti
6.4.154	6.4.159	anuvritti
6.4.154	6.4.160	anuvritti
6.4.154	6.4.161	anuvritti
6.4.154	6.4.162	anuvritti
6.4.154	6.4.163	anuvritti
6.4.158	6.4.159	anuvritti
6.4.161	6.4.162	anuvritti
6.4.163	6.4.164	anuvritti
6.4.163	6.4.165	anuvritti
6.4.163	6.4.166	anuvritti
6.4.163	6.4.167	anuvritti
6.4.163	6.4.168	anuvritti
6.4.163	6.4.169	anuvritti
6.4.163	6.4.170	anuvritti
6.4.164	6.4.165	anuvritti
6.4.164	6.4.166	anuvritti
6.4.164	6.4.167	anuvritti
6.4.164	6.4.168	anuvritti
6.4.164	6.4.169	anuvritti
6.4.164	6.4.170	anuvritti
6.4.164	6.4.171	anuvritti
6.4.167	6.4.168	anuvritti
6.4.167	6.4.169	anuvritti
6.4.167	6.4.170	anuvritti
7.1.2	7.1.3	anuvritti
7.1.2	7.1.4	anuvritti
7.1.2	7.1.5	anuvritti
7.1.3	7.1.4	anuvritti
7.1.3	7.1.5	anuvritti
7.1.3	7.1.6	anuvritti
7.1.3	7.1.7	anuvritti
7.1.4	7.1.5	anuvritti
7.1.4	7.1.6	anuvritti
7.1.4	7.1.7	anuvritti
7.1.6	7.1.7	anuvritti
7.1.6	7.1.8	anuvritti
7.1.9	7.1.10	anuvritti
7.1.9	7.1.11	anuvritti
7.1.9	7.1.12	anuvritti
7.1.9	7.1.13	anuvritti
7.1.9	7.1.14	anuvritti
7.1.9	7.1.15	anuvritti
7.1.9	7.1.16	anuvritti
7.1.9	7.1.17	anuvritti
7.1.13	7.1.14	anuvritti
7.1.14	7.1.15	anuvritti
7.1.14	7.1.16	anuvritti
7.1.14	7.1.17	anuvritti
7.1.15	7.1.16	anuvritti
7.1.17	7.1.18	anuvritti
7.1.17	7.1.19	anuvritti
7.1.18	7.1.19	anuvritti
7.1.19	7.1.20	anuvritti
7.1.20	7.1.21	anuvritti
7.1.20	7.1.22	anuvritti
7.1.22	7.1.23	anuvritti
7.1.23	7.1.24	anuvritti
7.1.23	7.1.25	anuvritti
7.1.23	7.1.26	anuvritti
7.1.27	7.1.28	anuvritti
7.1.27	7.1.29	anuvritti
7.1.27	7.1.30	anuvritti
7.1.27	7.1.31	anuvritti
7.1.27	7.1.32	anuvritti
7.1.27	7.1.33	anuvritti
7.1.30	7.1.31	anuvritti
7.1.31	7.1.32	anuvritti
7.1.35	7.1.36	anuvritti
7.1.35	7.1.37	anuvritti
7.1.37	7.1.38	anuvritti
7.1.38	7.1.39	anuvritti
7.1.38	7.1.40	anuvritti
7.1.38	7.1.41	anuvritti
7.1.38	7.1.42	anuvritti
7.1.38	7.1.43	anuvritti
7.1.38	7.1.44	anuvritti
7.1.38	7.1.45	anuvritti
7.1.38	7.1.46	anuvritti
7.1.38	7.1.47	anuvritti
7.1.38	7.1.48	anuvritti
7.1.38	7.1.49	anuvritti
7.1.38	7.1.50	anuvritti
7.1.44	7.1.45	anuvritti
7.1.47	7.1.48	anuvritti
7.1.47	7.1.49	anuvritti
7.1.50	7.1.51	anuvritti
7.1.50	7.1.52	anuvritti
7.1.52	7.1.53	anuvritti
7.1.52	7.1.54	anuvritti
7.1.52	7.1.55	anuvritti
7.1.52	7.1.56	anuvritti
7.1.52	7.1.57	anuvritti
7.1.54	7.1.55	anuvritti
7.1.54	7.1.56	anuvritti
7.1.54	7.1.57	anuvritti
7.1.58	7.1.59	anuvritti
7.1.58	7.1.60	anuvritti
7.1.58	7.1.61	anuvritti
7.1.58	7.1.62	anuvritti
7.1.58	7.1.63	anuvritti
7.1.58	7.1.64	anuvritti
7.1.58	7.1.65	anuvritti
7.1.58	7.1.66	anuvritti
7.1.58	7.1.67	anuvritti
7.1.58	7.1.68	anuvritti
7.1.58	7.1.69	anuvritti
7.1.58	7.1.70	anuvritti
7.1.58	7.1.71	anuvritti
7.1.58	7.1.72	anuvritti
7.1.58	7.1.73	anuvritti
7.1.58	7.1.74	anuvritti
7.1.58	7.1.75	anuvritti
7.1.58	7.1.76	anuvritti
7.1.58	7.1.77	anuvritti
7.1.58	7.1.78	anuvritti
7.1.58	7.1.79	anuvritti
7.1.58	7.1.80	anuvritti
7.1.58	7.1.81	anuvritti
7.1.58	7.1.82	anuvritti
7.1.58	7.1.83	anuvritti
7.1.61	7.1.62	anuvritti
7.1.61	7.1.63	anuvritti
7.1.61	7.1.64	anuvritti
7.1.63	7.1.64	anuvritti
7.1.64	7.1.65	anuvritti
7.1.64	7.1.66	anuvritti
7.1.64	7.1.67	anuvritti
7.1.64	7.1.68	anuvritti
7.1.64	7.1.69	anuvritti
7.1.65	7.1.66	anuvritti
7.1.67	7.1.68	anuvritti
7.1.70	7.1.71	anuvritti
7.1.70	7.1.72	anuvritti
7.1.72	7.1.73	anuvritti
7.1.72	7.1.74	anuvritti
7.1.72	7.1.75	anuvritti
7.1.72	7.1.76	anuvritti
7.1.72	7.1.77	anuvritti
7.1.73	7.1.74	anuvritti
7.1.73	7.1.75	anuvritti
7.1.74	7.1.75	anuvritti
7.1.75	7.1.76	anuvritti
7.1.75	7.1.77	anuvritti
7.1.76	7.1.77	anuvritti
7.1.78	7.1.79	anuvritti
7.1.78	7.1.80	anuvritti
7.1.78	7.1.81	anuvritti
7.1.79	7.1.80	anuvritti
7.1.80	7.1.81	anuvritti
7.1.80	7.1.82	anuvritti
7.1.82	7.1.83	anuvritti
7.1.82	7.1.84	anuvritti
7.1.82	7.1.85	anuvritti
7.1.85	7.1.86	anuvritti
7.1.85	7.1.87	anuvritti
7.1.85	7.1.88	anuvritti
7.1.86	7.1.87	anuvritti
7.1.86	7.1.89	anuvritti
7.1.86	7.1.90	anuvritti
7.1.86	7.1.91	anuvritti
7.1.86	7.1.92	anuvritti
7.1.86	7.1.93	anuvritti
7.1.86	7.1.94	anuvritti
7.1.86	7.1.95	anuvritti
7.1.86	7.1.96	anuvritti
7.1.86	7.1.97	anuvritti
7.1.86	7.1.98	anuvritti
7.1.90	7.1.91	anuvritti
7.1.90	7.1.92	anuvritti
7.1.92	7.1.93	anuvritti
7.1.92	7.1.94	anuvritti
7.1.92	7.1.95	anuvritti
7.1.93	7.1.94	anuvritti
7.1.95	7.1.96	anuvritti
7.1.95	7.1.97	anuvritti
7.1.98	7.1.99	anuvritti
7.1.100	7.1.101	anuvritti
7.1.100	7.1.102	anuvritti
7.1.100	7.1.103	anuvritti
7.1.102	7.1.103	anuvritti
7.2.1	7.2.2	anuvritti
7.2.1	7.2.3	anuvritti
7.2.1	7.2.4	anuvritti
7.2.1	7.2.5	anuvritti
7.2.1	7.2.6	anuvritti
7.2.1	7.2.7	anuvritti
7.2.3	7.2.4	anuvritti
7.2.4	7.2.5	anuvritti
7.2.4	7.2.6	anuvritti
7.2.4	7.2.7	anuvritti
7.2.6	7.2.7	anuvritti
7.2.8	7.2.9	anuvritti
7.2.8	7.2.10	anuvritti
7.2.8	7.2.11	anuvritti
7.2.8	7.2.12	anuvritti
7.2.8	7.2.13	anuvritti
7.2.8	7.2.14	anuvritti
7.2.8	7.2.15	anuvritti
7.2.8	7.2.16	anuvritti
7.2.8	7.2.17	anuvritti
7.2.8	7.2.18	anuvritti
7.2.8	7.2.19	anuvritti
7.2.8	7.2.20	anuvritti
7.2.8	7.2.21	anuvritti
7.2.8	7.2.22	anuvritti
7.2.8	7.2.23	anuvritti
7.2.8	7.2.24	anuvritti
7.2.8	7.2.25	anuvritti
7.2.8	7.2.26	anuvritti
7.2.8	7.2.27	anuvritti
7.2.8	7.2.28	anuvritti
7.2.8	7.2.29	anuvritti
7.2.8	7.2.30	anuvritti
7.2.8	7.2.31	anuvritti
7.2.8	7.2.32	anuvritti
7.2.8	7.2.33	anuvritti
7.2.8	7.2.34	anuvritti
7.2.10	7.2.11	anuvritti
7.2.11	7.2.12	anuvritti
7.2.14	7.2.15	anuvritti
7.2.14	7.2.16	anuvritti
7.2.14	7.2.17	anuvritti
7.2.14	7.2.18	anuvritti
7.2.14	7.2.19	anuvritti
7.2.14	7.2.20	anuvritti
7.2.14	7.2.21	anuvritti
7.2.14	7.2.22	anuvritti
7.2.14	7.2.23	anuvritti
7.2.14	7.2.24	anuvritti
7.2.14	7.2.25	anuvritti
7.2.14	7.2.26	anuvritti
7.2.14	7.2.27	anuvritti
7.2.14	7.2.28	anuvritti
7.2.14	7.2.29	anuvritti
7.2.14	7.2.30	anuvritti
7.2.14	7.2.31	anuvritti
7.2.14	7.2.32	anuvritti
7.2.14	7.2.33	anuvritti
7.2.14	7.2.34	anuvritti
7.2.16	7.2.17	anuvritti
7.2.24	7.2.25	anuvritti
7.2.26	7.2.27	anuvritti
7.2.27	7.2.28	anuvritti
7.2.27	7.2.29	anuvritti
7.2.31	7.2.32	anuvritti
7.2.31	7.2.33	anuvritti
7.2.31	7.2.34	anuvritti
7.2.35	7.2.36	anuvritti
7.2.35	7.2.37	anuvritti
7.2.35	7.2.38	anuvritti
7.2.35	7.2.39	anuvritti
7.2.35	7.2.40	anuvritti
7.2.35	7.2.41	anuvritti
7.2.35	7.2.42	anuvritti
7.2.35	7.2.43	anuvritti
7.2.35	7.2.44	anuvritti
7.2.35	7.2.45	anuvritti
7.2.35	7.2.46	anuvritti
7.2.35	7.2.47	anuvritti
7.2.35	7.2.48	anuvritti
7.2.35	7.2.49	anuvritti
7.2.35	7.2.50	anuvritti
7.2.35	7.2.51	anuvritti
7.2.35	7.2.52	anuvritti
7.2.35	7.2.53	anuvritti
7.2.35	7.2.54	anuvritti
7.2.35	7.2.55	anuvritti
7.2.35	7.2.56	anuvritti
7.2.35	7.2.57	anuvritti
7.2.35	7.2.58	anuvritti
7.2.35	7.2.59	anuvritti
7.2.35	7.2.60	anuvritti
7.2.35	7.2.61	anuvritti
7.2.35	7.2.62	anuvritti
7.2.35	7.2.63	anuvritti
7.2.35	7.2.64	anuvritti
7.2.35	7.2.65	anuvritti
7.2.35	7.2.66	anuvritti
7.2.35	7.2.67	anuvritti
7.2.35	7.2.68	anuvritti
7.2.35	7.2.69	anuvritti
7.2.35	7.2.70	anuvritti
7.2.35	7.2.71	anuvritti
7.2.35	7.2.72	anuvritti
7.2.35	7.2.73	anuvritti
7.2.35	7.2.74	anuvritti
7.2.35	7.2.75	anuvritti
7.2.35	7.2.76	anuvritti
7.2.35	7.2.77	anuvritti
7.2.35	7.2.78	anuvritti
7.2.37	7.2.38	anuvritti
7.2.37	7.2.39	anuvritti
7.2.37	7.2.40	anuvritti
7.2.38	7.2.39	anuvritti
7.2.38	7.2.40	anuvritti
7.2.38	7.2.41	anuvritti
7.2.38	7.2.42	anuvritti
7.2.39	7.2.40	anuvritti
7.2.41	7.2.42	anuvritti
7.2.41	7.2.43	anuvritti
7.2.42	7.2.43	anuvritti
7.2.44	7.2.45	anuvritti
7.2.44	7.2.46	anuvritti
7.2.44	7.2.47	anuvritti
7.2.44	7.2.48	anuvritti
7.2.44	7.2.49	anuvritti
7.2.44	7.2.50	anuvritti
7.2.44	7.2.51	anuvritti
7.2.46	7.2.47	anuvritti
7.2.50	7.2.51	anuvritti
7.2.50	7.2.52	anuvritti
7.2.50	7.2.53	anuvritti
7.2.50	7.2.54	anuvritti
7.2.55	7.2.56	anuvritti
7.2.56	7.2.57	anuvritti
7.2.57	7.2.58	anuvritti
7.2.57	7.2.59	anuvritti
7.2.57	7.2.60	anuvritti
7.2.58	7.2.59	anuvritti
7.2.58	7.2.60	anuvritti
7.2.59	7.2.60	anuvritti
7.2.59	7.2.61	anuvritti
7.2.59	7.2.62	anuvritti
7.2.59	7.2.63	anuvritti
7.2.59	7.2.64	anuvritti
7.2.59	7.2.65	anuvritti
7.2.60	7.2.61	anuvritti
7.2.60	7.2.62	anuvritti
7.2.60	7.2.63	anuvritti
7.2.61	7.2.62	anuvritti
7.2.61	7.2.63	anuvritti
7.2.61	7.2.64	anuvritti
7.2.61	7.2.65	anuvritti
7.2.61	7.2.66	anuvritti
7.2.67	7.2.68	anuvritti
7.2.67	7.2.69	anuvritti
7.2.71	7.2.72	anuvritti
7.2.71	7.2.73	anuvritti
7.2.72	7.2.73	anuvritti
7.2.74	7.2.75	anuvritti
7.2.76	7.2.77	anuvritti
7.2.76	7.2.78	anuvritti
7.2.76	7.2.79	anuvritti
7.2.76	7.2.80	anuvritti
7.2.76	7.2.81	anuvritti
7.2.77	7.2.78	anuvritti
7.2.80	7.2.81	anuvritti
7.2.80	7.2.82	anuvritti
7.2.82	7.2.83	anuvritti
7.2.84	7.2.85	anuvritti
7.2.84	7.2.86	anuvritti
7.2.84	7.2.87	anuvritti
7.2.84	7.2.88	anuvritti
7.2.84	7.2.89	anuvritti
7.2.84	7.2.90	anuvritti
7.2.84	7.2.91	anuvritti
7.2.84	7.2.92	anuvritti
7.2.84	7.2.93	anuvritti
7.2.84	7.2.94	anuvritti
7.2.84	7.2.95	anuvritti
7.2.84	7.2.96	anuvritti
7.2.84	7.2.97	anuvritti
7.2.84	7.2.98	anuvritti
7.2.84	7.2.99	anuvritti
7.2.84	7.2.100	anuvritti
7.2.84	7.2.101	anuvritti
7.2.84	7.2.102	anuvritti
7.2.84	7.2.103	anuvritti
7.2.84	7.2.104	anuvritti
7.2.84	7.2.105	anuvritti
7.2.84	7.2.106	anuvritti
7.2.84	7.2.107	anuvritti
7.2.84	7.2.108	anuvritti
7.2.84	7.2.109	anuvritti
7.2.84	7.2.110	anuvritti
7.2.84	7.2.111	anuvritti
7.2.84	7.2.112	anuvritti
7.2.84	7.2.113	anuvritti
7.2.86	7.2.87	anuvritti
7.2.86	7.2.88	anuvritti
7.2.86	7.2.89	anuvritti
7.2.86	7.2.90	anuvritti
7.2.86	7.2.91	anuvritti
7.2.86	7.2.92	anuvritti
7.2.86	7.2.93	anuvritti
7.2.86	7.2.94	anuvritti
7.2.86	7.2.95	anuvritti
7.2.86	7.2.96	anuvritti
7.2.86	7.2.97	anuvritti
7.2.86	7.2.98	anuvritti
7.2.91	7.2.92	adhikara
7.2.91	7.2.92	anuvritti
7.2.91	7.2.93	adhikara
7.2.91	7.2.93	anuvritti
7.2.91	7.2.94	adhikara
7.2.91	7.2.94	anuvritti
7.2.91	7.2.95	adhikara
7.2.91	7.2.95	anuvritti
7.2.91	7.2.96	adhikara
7.2.91	7.2.96	anuvritti
7.2.91	7.2.97	adhikara
7.2.91	7.2.97	anuvritti
7.2.91	7.2.98	adhikara
7.2.91	7.2.98	anuvritti
7.2.97	7.2.98	anuvritti
7.2.99	7.2.100	anuvritti
7.2.100	7.2.101	anuvritti
7.2.103	7.2.104	anuvritti
7.2.103	7.2.105	anuvritti
7.2.106	7.2.107	anuvritti
7.2.106	7.2.108	anuvritti
7.2.108	7.2.109	anuvritti
7.2.108	7.2.110	anuvritti
7.2.108	7.2.111	anuvritti
7.2.108	7.2.112	anuvritti
7.2.108	7.2.113	anuvritti
7.2.110	7.2.111	anuvritti
7.2.111	7.2.112	anuvritti
7.2.111	7.2.113	anuvritti
7.2.114	7.2.115	anuvritti
7.2.114	7.2.116	anuvritti
7.2.114	7.2.117	anuvritti
7.2.114	7.2.118	anuvritti
7.2.114	7.3.1	anuvritti
7.2.114	7.3.2	anuvritti
7.2.114	7.3.3	anuvritti
7.2.114	7.3.4	anuvritti
7.2.114	7.3.5	anuvritti
7.2.114	7.3.6	anuvritti
7.2.114	7.3.7	anuvritti
7.2.114	7.3.8	anuvritti
7.2.114	7.3.9	anuvritti
7.2.114	7.3.10	anuvritti
7.2.114	7.3.11	anuvritti
7.2.114	7.3.12	anuvritti
7.2.114	7.3.13	anuvritti
7.2.114	7.3.14	anuvritti
7.2.114	7.3.15	anuvritti
7.2.114	7.3.16	anuvritti
7.2.114	7.3.17	anuvritti
7.2.114	7.3.18	anuvritti
7.2.114	7.3.19	anuvritti
7.2.114	7.3.20	anuvritti
7.2.114	7.3.21	anuvritti
7.2.114	7.3.22	anuvritti
7.2.114	7.3.23	anuvritti
7.2.114	7.3.24	anuvritti
7.2.114	7.3.25	anuvritti
7.2.114	7.3.26	anuvritti
7.2.114	7.3.27	anuvritti
7.2.114	7.3.28	anuvritti
7.2.114	7.3.29	anuvritti
7.2.114	7.3.30	anuvritti
7.2.114	7.3.31	anuvritti
7.2.114	7.3.32	anuvritti
7.2.114	7.3.33	anuvritti
7.2.114	7.3.34	anuvritti
7.2.114	7.3.35	anuvritti
7.2.115	7.2.116	anuvritti
7.2.115	7.2.117	anuvritti
7.2.115	7.2.118	anuvritti
7.2.115	7.3.1	anuvritti
7.2.115	7.3.2	anuvritti
7.2.115	7.3.3	anuvritti
7.2.115	7.3.4	anuvritti
7.2.115	7.3.5	anuvritti
7.2.115	7.3.6	anuvritti
7.2.115	7.3.7	anuvritti
7.2.115	7.3.8	anuvritti
7.2.115	7.3.9	anuvritti
7.2.115	7.3.10	anuvritti
7.2.115	7.3.11	anuvritti
7.2.115	7.3.12	anuvritti
7.2.115	7.3.13	anuvritti
7.2.115	7.3.14	anuvritti
7.2.115	7.3.15	anuvritti
7.2.115	7.3.16	anuvritti
7.2.115	7.3.17	anuvritti
7.2.115	7.3.18	anuvritti
7.2.115	7.3.19	anuvritti
7.2.115	7.3.20	anuvritti
7.2.115	7.3.21	anuvritti
7.2.115	7.3.22	anuvritti
7.2.115	7.3.23	anuvritti
7.2.115	7.3.24	anuvritti
7.2.115	7.3.25	anuvritti
7.2.115	7.3.26	anuvritti
7.2.115	7.3.27	anuvritti
7.2.115	7.3.28	anuvritti
7.2.115	7.3.29	anuvritti
7.2.115	7.3.30	anuvritti
7.2.115	7.3.31	anuvritti
7.2.115	7.3.32	anuvritti
7.2.115	7.3.33	anuvritti
7.2.115	7.3.34	anuvritti
7.2.115	7.3.35	anuvritti
7.2.117	7.2.118	anuvritti
7.2.117	7.3.1	anuvritti
7.2.117	7.3.2	anuvritti
7.2.117	7.3.3	anuvritti
7.2.117	7.3.4	anuvritti
7.2.117	7.3.5	anuvritti
7.2.117	7.3.6	anuvritti
7.2.117	7.3.7	anuvritti
7.2.117	7.3.8	anuvritti
7.2.117	7.3.9	anuvritti
7.2.117	7.3.10	anuvritti
7.2.117	7.3.11	anuvritti
7.2.117	7.3.12	anuvritti
7.2.117	7.3.13	anuvritti
7.2.117	7.3.14	anuvritti
7.2.117	7.3.15	anuvritti
7.2.117	7.3.16	anuvritti
7.2.117	7.3.17	anuvritti
7.2.117	7.3.18	anuvritti
7.2.117	7.3.19	anuvritti
7.2.117	7.3.20	anuvritti
7.2.117	7.3.21	anuvritti
7.2.117	7.3.22	anuvritti
7.2.117	7.3.23	anuvritti
7.2.117	7.3.24	anuvritti
7.2.117	7.3.25	anuvritti
7.2.117	7.3.26	anuvritti
7.2.117	7.3.27	anuvritti
7.2.117	7.3.28	anuvritti
7.2.117	7.3.29	anuvritti
7.2.117	7.3.30	anuvritti
7.2.117	7.3.31	anuvritti
7.3.3	7.3.4	anuvritti
7.3.3	7.3.5	anuvritti
7.3.3	7.3.6	anuvritti
7.3.3	7.3.7	anuvritti
7.3.3	7.3.8	anuvritti
7.3.3	7.3.9	anuvritti
7.3.6	7.3.7	anuvritti
7.3.6	7.3.8	anuvritti
7.3.6	7.3.9	anuvritti
7.3.8	7.3.9	anuvritti
7.3.8	7.3.10	anuvritti
7.3.8	7.3.11	anuvritti
7.3.8	7.3.12	anuvritti
7.3.8	7.3.13	anuvritti
7.3.8	7.3.14	anuvritti
7.3.8	7.3.15	anuvritti
7.3.8	7.3.16	anuvritti
7.3.8	7.3.17	anuvritti
7.3.8	7.3.18	anuvritti
7.3.8	7.3.19	anuvritti
7.3.10	7.3.11	adhikara
7.3.10	7.3.11	anuvritti
7.3.10	7.3.12	adhikara
7.3.10	7.3.12	anuvritti
7.3.10	7.3.13	adhikara
7.3.10	7.3.13	anuvritti
7.3.10	7.3.14	adhikara
7.3.10	7.3.14	anuvritti
7.3.10	7.3.15	adhikara
7.3.10	7.3.15	anuvritti
7.3.10	7.3.16	adhikara
7.3.10	7.3.16	anuvritti
7.3.10	7.3.17	adhikara
7.3.10	7.3.17	anuvritti
7.3.10	7.3.18	adhikara
7.3.10	7.3.18	anuvritti
7.3.10	7.3.19	adhikara
7.3.10	7.3.19	anuvritti
7.3.10	7.3.20	adhikara
7.3.10	7.3.20	anuvritti
7.3.10	7.3.21	adhikara
7.3.10	7.3.21	anuvritti
7.3.10	7.3.22	adhikara
7.3.10	7.3.22	anuvritti
7.3.10	7.3.23	adhikara
7.3.10	7.3.23	anuvritti
7.3.10	7.3.24	adhikara
7.3.10	7.3.24	anuvritti
7.3.10	7.3.25	adhikara
7.3.10	7.3.25	anuvritti
7.3.10	7.3.26	adhikara
7.3.10	7.3.26	anuvritti
7.3.10	7.3.27	adhikara
7.3.10	7.3.27	anuvritti
7.3.10	7.3.28	adhikara
7.3.10	7.3.28	anuvritti
7.3.10	7.3.29	adhikara
7.3.10	7.3.29	anuvritti
7.3.10	7.3.30	adhikara
7.3.10	7.3.30	anuvritti
7.3.10	7.3.31	adhikara
7.3.10	7.3.31	anuvritti
7.3.12	7.3.13	anuvritti
7.3.13	7.3.14	anuvritti
7.3.15	7.3.16	anuvritti
7.3.15	7.3.17	anuvritti
7.3.19	7.3.20	anuvritti
7.3.19	7.3.21	anuvritti
7.3.19	7.3.22	anuvritti
7.3.19	7.3.23	anuvritti
7.3.19	7.3.24	anuvritti
7.3.19	7.3.25	anuvritti
7.3.21	7.3.22	anuvritti
7.3.21	7.3.23	anuvritti
7.3.22	7.3.23	anuvritti
7.3.26	7.3.27	anuvritti
7.3.26	7.3.28	anuvritti
7.3.26	7.3.29	anuvritti
7.3.26	7.3.30	anuvritti
7.3.26	7.3.31	anuvritti
7.3.28	7.3.29	anuvritti
7.3.30	7.3.31	anuvritti
7.3.33	7.3.34	anuvritti
7.3.33	7.3.35	anuvritti
7.3.34	7.3.35	anuvritti
7.3.36	7.3.37	anuvritti
7.3.36	7.3.38	anuvritti
7.3.36	7.3.39	anuvritti
7.3.36	7.3.40	anuvritti
7.3.36	7.3.41	anuvritti
7.3.36	7.3.42	anuvritti
7.3.36	7.3.43	anuvritti
7.3.44	7.3.45	anuvritti
7.3.44	7.3.46	anuvritti
7.3.44	7.3.47	anuvritti
7.3.44	7.3.48	anuvritti
7.3.44	7.3.49	anuvritti
7.3.46	7.3.47	anuvritti
7.3.46	7.3.48	anuvritti
7.3.46	7.3.49	anuvritti
7.3.48	7.3.49	anuvritti
7.3.50	7.3.51	anuvritti
7.3.52	7.3.53	anuvritti
7.3.52	7.3.54	anuvritti
7.3.52	7.3.55	anuvritti
7.3.52	7.3.56	anuvritti
7.3.52	7.3.57	anuvritti
7.3.52	7.3.58	anuvritti
7.3.52	7.3.59	anuvritti
7.3.52	7.3.60	anuvritti
7.3.52	7.3.61	anuvritti
7.3.52	7.3.62	anuvritti
7.3.52	7.3.63	anuvritti
7.3.52	7.3.64	anuvritti
7.3.52	7.3.65	anuvritti
7.3.52	7.3.66	anuvritti
7.3.52	7.3.67	anuvritti
7.3.52	7.3.68	anuvritti
7.3.52	7.3.69	anuvritti
7.3.54	7.3.55	anuvritti
7.3.54	7.3.56	anuvritti
7.3.55	7.3.56	anuvritti
7.3.55	7.3.57	anuvritti
7.3.55	7.3.58	anuvritti
7.3.57	7.3.58	anuvritti
7.3.59	7.3.60	anuvritti
7.3.59	7.3.61	anuvritti
7.3.59	7.3.62	anuvritti
7.3.59	7.3.63	anuvritti
7.3.59	7.3.64	anuvritti
7.3.59	7.3.65	anuvritti
7.3.59	7.3.66	anuvritti
7.3.59	7.3.67	anuvritti
7.3.59	7.3.68	anuvritti
7.3.59	7.3.69	anuvritti
7.3.65	7.3.66	anuvritti
7.3.65	7.3.67	anuvritti
7.3.65	7.3.68	anuvritti
7.3.65	7.3.69	anuvritti
7.3.70	7.3.71	anuvritti
7.3.70	7.3.72	anuvritti
7.3.72	7.3.73	anuvritti
7.3.74	7.3.75	anuvritti
7.3.74	7.3.76	anuvritti
7.3.75	7.3.76	anuvritti
7.3.75	7.3.77	anuvritti
7.3.75	7.3.78	anuvritti
7.3.75	7.3.79	anuvritti
7.3.75	7.3.80	anuvritti
7.3.75	7.3.81	anuvritti
7.3.75	7.3.82	anuvritti
7.3.80	7.3.81	anuvritti
7.3.82	7.3.83	anuvritti
7.3.82	7.3.84	anuvritti
7.3.82	7.3.85	anuvritti
7.3.82	7.3.86	anuvritti
7.3.82	7.3.87	anuvritti
7.3.82	7.3.88	anuvritti
7.3.84	7.3.85	anuvritti
7.3.84	7.3.86	anuvritti
7.3.86	7.3.87	anuvritti
7.3.87	7.3.88	anuvritti
7.3.87	7.3.89	anuvritti
7.3.87	7.3.90	anuvritti
7.3.87	7.3.91	anuvritti
7.3.87	7.3.92	anuvritti
7.3.87	7.3.93	anuvritti
7.3.87	7.3.94	anuvritti
7.3.87	7.3.95	anuvritti
7.3.87	7.3.96	anuvritti
7.3.87	7.3.97	anuvritti
7.3.87	7.3.98	anuvritti
7.3.87	7.3.99	anuvritti
7.3.87	7.3.100	anuvritti
7.3.87	7.3.101	anuvritti
7.3.89	7.3.90	anuvritti
7.3.89	7.3.91	anuvritti
7.3.89	7.3.92	anuvritti
7.3.89	7.3.93	anuvritti
7.3.89	7.3.94	anuvritti
7.3.89	7.3.95	anuvritti
7.3.89	7.3.96	anuvritti
7.3.89	7.3.97	anuvritti
7.3.89	7.3.98	anuvritti
7.3.89	7.3.99	anuvritti
7.3.89	7.3.100	anuvritti
7.3.90	7.3.91	anuvritti
7.3.93	7.3.94	anuvritti
7.3.93	7.3.95	anuvritti
7.3.93	7.3.96	anuvritti
7.3.93	7.3.97	anuvritti
7.3.93	7.3.98	anuvritti
7.3.94	7.3.95	anuvritti
7.3.96	7.3.97	anuvritti
7.3.96	7.3.98	anuvritti
7.3.96	7.3.99	anuvritti
7.3.96	7.3.100	anuvritti
7.3.98	7.3.99	anuvritti
7.3.101	7.3.102	anuvritti
7.3.101	7.3.103	anuvritti
7.3.101	7.3.104	anuvritti
7.3.102	7.3.103	anuvritti
7.3.103	7.3.104	anuvritti
7.3.103	7.3.105	anuvritti
7.3.103	7.3.106	anuvritti
7.3.104	7.3.105	anuvritti
7.3.105	7.3.106	anuvritti
7.3.106	7.3.107	anuvritti
7.3.106	7.3.108	anuvritti
7.3.108	7.3.109	anuvritti
7.3.108	7.3.110	anuvritti
7.3.108	7.3.111	anuvritti
7.3.111	7.3.112	anuvritti
7.3.111	7.3.113	anuvritti
7.3.111	7.3.114	anuvritti
7.3.111	7.3.115	anuvritti
7.3.113	7.3.114	anuvritti
7.3.113	7.3.115	anuvritti
7.3.114	7.3.115	anuvritti
7.3.116	7.3.117	anuvritti
7.3.116	7.3.118	anuvritti
7.3.116	7.3.119	anuvritti
7.3.117	7.3.118	anuvritti
7.3.118	7.3.119	anuvritti
7.3.119	7.3.120	anuvritti
7.4.1	7.4.2	anuvritti
7.4.1	7.4.3	anuvritti
7.4.1	7.4.4	anuvritti
7.4.1	7.4.5	anuvritti
7.4.1	7.4.6	anuvritti
7.4.1	7.4.7	anuvritti
7.4.1	7.4.8	anuvritti
7.4.1	7.4.9	anuvritti
7.4.5	7.4.6	anuvritti
7.4.6	7.4.7	anuvritti
7.4.7	7.4.8	anuvritti
7.4.9	7.4.10	anuvritti
7.4.9	7.4.11	anuvritti
7.4.10	7.4.11	anuvritti
7.4.10	7.4.12	anuvritti
7.4.12	7.4.13	anuvritti
7.4.12	7.4.14	anuvritti
7.4.12	7.4.15	anuvritti
7.4.14	7.4.15	anuvritti
7.4.16	7.4.17	anuvritti
7.4.16	7.4.18	anuvritti
7.4.16	7.4.19	anuvritti
7.4.16	7.4.20	anuvritti
7.4.21	7.4.22	anuvritti
7.4.22	7.4.23	anuvritti
7.4.22	7.4.24	anuvritti
7.4.22	7.4.25	anuvritti
7.4.22	7.4.26	anuvritti
7.4.22	7.4.27	anuvritti
7.4.22	7.4.28	anuvritti
7.4.22	7.4.29	anuvritti
7.4.23	7.4.24	anuvritti
7.4.25	7.4.26	anuvritti
7.4.25	7.4.27	anuvritti
7.4.25	7.4.28	anuvritti
7.4.25	7.4.29	anuvritti
7.4.26	7.4.27	anuvritti
7.4.27	7.4.28	anuvritti
7.4.27	7.4.29	anuvritti
7.4.27	7.4.30	anuvritti
7.4.28	7.4.29	anuvritti
7.4.29	7.4.30	anuvritti
7.4.30	7.4.31	anuvritti
7.4.31	7.4.32	anuvritti
7.4.31	7.4.33	anuvritti
7.4.32	7.4.33	anuvritti
7.4.32	7.4.34	anuvritti
7.4.32	7.4.35	anuvritti
7.4.33	7.4.34	anuvritti
7.4.33	7.4.35	anuvritti
7.4.33	7.4.36	anuvritti
7.4.33	7.4.37	anuvritti
7.4.33	7.4.38	anuvritti
7.4.33	7.4.39	anuvritti
7.4.35	7.4.36	anuvritti
7.4.35	7.4.37	anuvritti
7.4.35	7.4.38	anuvritti
7.4.35	7.4.39	anuvritti
7.4.37	7.4.38	anuvritti
7.4.40	7.4.41	anuvritti
7.4.40	7.4.42	anuvritti
7.4.40	7.4.43	anuvritti
7.4.40	7.4.44	anuvritti
7.4.40	7.4.45	anuvritti
7.4.40	7.4.46	anuvritti
7.4.40	7.4.47	anuvritti
7.4.42	7.4.43	anuvritti
7.4.42	7.4.44	anuvritti
7.4.43	7.4.44	anuvritti
7.4.44	7.4.45	anuvritti
7.4.46	7.4.47	anuvritti
7.4.47	7.4.48	anuvritti
7.4.47	7.4.49	anuvritti
7.4.49	7.4.50	anuvritti
7.4.49	7.4.51	anuvritti
7.4.49	7.4.52	anuvritti
7.4.49	7.4.54	anuvritti
7.4.49	7.4.55	anuvritti
7.4.49	7.4.56	anuvritti
7.4.49	7.4.57	anuvritti
7.4.50	7.4.51	anuvritti
7.4.50	7.4.52	anuvritti
7.4.50	7.4.53	anuvritti
7.4.54	7.4.55	anuvritti
7.4.54	7.4.56	anuvritti
7.4.54	7.4.57	anuvritti
7.4.55	7.4.56	anuvritti
7.4.58	7.4.59	adhikara
7.4.58	7.4.59	anuvritti
7.4.58	7.4.60	anuvritti
7.4.58	7.4.61	adhikara
7.4.58	7.4.61	anuvritti
7.4.58	7.4.62	adhikara
7.4.58	7.4.62	anuvritti
7.4.58	7.4.63	adhikara
7.4.58	7.4.63	anuvritti
7.4.58	7.4.64	adhikara
7.4.58	7.4.64	anuvritti
7.4.58	7.4.65	adhikara
7.4.58	7.4.65	anuvritti
7.4.58	7.4.66	adhikara
7.4.58	7.4.66	anuvritti
7.4.58	7.4.67	adhikara
7.4.58	7.4.67	anuvritti
7.4.58	7.4.68	adhikara
7.4.58	7.4.68	anuvritti
7.4.58	7.4.69	adhikara
7.4.58	7.4.69	anuvritti
7.4.58	7.4.70	adhikara
7.4.58	7.4.70	anuvritti
7.4.58	7.4.71	adhikara
7.4.58	7.4.71	anuvritti
7.4.58	7.4.72	adhikara
7.4.58	7.4.72	anuvritti
7.4.58	7.4.73	adhikara
7.4.58	7.4.73	anuvritti
7.4.58	7.4.74	adhikara
7.4.58	7.4.74	anuvritti
7.4.58	7.4.75	adhikara
7.4.58	7.4.75	anuvritti
7.4.58	7.4.76	adhikara
7.4.58	7.4.76	anuvritti
7.4.58	7.4.77	adhikara
7.4.58	7.4.77	anuvritti
7.4.58	7.4.78	adhikara
7.4.58	7.4.78	anuvritti
7.4.58	7.4.79	adhikara
7.4.58	7.4.79	anuvritti
7.4.58	7.4.80	adhikara
7.4.58	7.4.80	anuvritti
7.4.58	7.4.81	adhikara
7.4.58	7.4.81	anuvritti
7.4.58	7.4.82	adhikara
7.4.58	7.4.82	anuvritti
7.4.58	7.4.83	adhikara
7.4.58	7.4.83	anuvritti
7.4.58	7.4.84	adhikara
7.4.58	7.4.84	anuvritti
7.4.58	7.4.85	adhikara
7.4.58	7.4.85	anuvritti
7.4.58	7.4.86	adhikara
7.4.58	7.4.86	anuvritti
7.4.58	7.4.87	adhikara
7.4.58	7.4.87	anuvritti
7.4.58	7.4.88	adhikara
7.4.58	7.4.88	anuvritti
7.4.58	7.4.89	adhikara
7.4.58	7.4.89	anuvritti
7.4.58	7.4.90	adhikara
7.4.58	7.4.90	anuvritti
7.4.58	7.4.91	adhikara
7.4.58	7.4.91	anuvritti
7.4.58	7.4.92	adhikara
7.4.58	7.4.92	anuvritti
7.4.58	7.4.93	adhikara
7.4.58	7.4.93	anuvritti
7.4.58	7.4.94	adhikara
7.4.58	7.4.94	anuvritti
7.4.58	7.4.95	adhikara
7.4.58	7.4.95	anuvritti
7.4.58	7.4.96	adhikara
7.4.58	7.4.96	anuvritti
7.4.58	7.4.97	adhikara
7.4.58	7.4.97	anuvritti
7.4.60	7.4.61	anuvritti
7.4.62	7.4.63	anuvritti
7.4.62	7.4.64	anuvritti
7.4.63	7.4.64	anuvritti
7.4.64	7.4.65	anuvritti
7.4.67	7.4.68	anuvritti
7.4.68	7.4.69	anuvritti
7.4.68	7.4.70	anuvritti
7.4.68	7.4.71	anuvritti
7.4.68	7.4.72	anuvritti
7.4.68	7.4.73	anuvritti
7.4.68	7.4.74	anuvritti
7.4.69	7.4.70	anuvritti
7.4.71	7.4.72	anuvritti
7.4.73	7.4.74	anuvritti
7.4.75	7.4.76	anuvritti
7.4.75	7.4.77	anuvritti
7.4.75	7.4.78	anuvritti
7.4.76	7.4.77	anuvritti
7.4.76	7.4.78	anuvritti
7.4.76	7.4.79	anuvritti
7.4.76	7.4.80	anuvritti
7.4.76	7.4.81	anuvritti
7.4.79	7.4.80	anuvritti
7.4.79	7.4.81	anuvritti
7.4.80	7.4.81	anuvritti
7.4.82	7.4.83	anuvritti
7.4.82	7.4.84	anuvritti
7.4.82	7.4.85	anuvritti
7.4.82	7.4.86	anuvritti
7.4.82	7.4.87	anuvritti
7.4.82	7.4.88	anuvritti
7.4.82	7.4.89	anuvritti
7.4.82	7.4.90	anuvritti
7.4.85	7.4.86	anuvritti
7.4.85	7.4.87	anuvritti
7.4.88	7.4.89	anuvritti
7.4.90	7.4.91	anuvritti
7.4.90	7.4.92	anuvritti
7.4.91	7.4.92	anuvritti
7.4.93	7.4.94	anuvritti
7.4.93	7.4.95	anuvritti
7.4.93	7.4.96	anuvritti
7.4.93	7.4.97	anuvritti
7.4.95	7.4.96	anuvritti
7.4.95	7.4.97	anuvritti
8.1.1	8.1.2	adhikara
8.1.1	8.1.3	adhikara
8.1.1	8.1.4	adhikara
8.1.1	8.1.5	adhikara
8.1.1	8.1.6	adhikara
8.1.1	8.1.7	adhikara
8.1.1	8.1.8	adhikara
8.1.1	8.1.9	adhikara
8.1.1	8.1.10	adhikara
8.1.1	8.1.11	adhikara
8.1.1	8.1.12	adhikara
8.1.1	8.1.13	adhikara
8.1.1	8.1.14	adhikara
8.1.1	8.1.15	adhikara
8.1.2	8.1.3	anuvritti
8.1.9	8.1.10	anuvritti
8.1.11	8.1.12	anuvritti
8.1.11	8.1.13	anuvritti
8.1.11	8.1.14	anuvritti
8.1.11	8.1.15	anuvritti
8.1.16	8.1.17	adhikara
8.1.16	8.1.18	adhikara
8.1.16	8.1.19	adhikara
8.1.16	8.1.20	adhikara
8.1.16	8.1.21	adhikara
8.1.16	8.1.22	adhikara
8.1.16	8.1.23	adhikara
8.1.16	8.1.24	adhikara
8.1.16	8.1.25	adhikara
8.1.16	8.1.26	adhikara
8.1.16	8.1.27	adhikara
8.1.16	8.1.28	adhikara
8.1.16	8.1.29	adhikara
8.1.16	8.1.30	adhikara
8.1.16	8.1.31	adhikara
8.1.16	8.1.32	adhikara
8.1.16	8.1.33	adhikara
8.1.16	8.1.34	adhikara
8.1.16	8.1.35	adhikara
8.1.16	8.1.36	adhikara
8.1.16	8.1.37	adhikara
8.1.16	8.1.38	adhikara
8.1.16	8.1.39	adhikara
8.1.16	8.1.40	adhikara
8.1.16	8.1.41	adhikara
8.1.16	8.1.42	adhikara
8.1.16	8.1.43	adhikara
8.1.16	8.1.44	adhikara
8.1.16	8.1.45	adhikara
8.1.16	8.1.46	adhikara
8.1.16	8.1.47	adhikara
8.1.16	8.1.48	adhikara
8.1.16	8.1.49	adhikara
8.1.16	8.1.50	adhikara
8.1.16	8.1.51	adhikara
8.1.16	8.1.52	adhikara
8.1.16	8.1.53	adhikara
8.1.16	8.1.54	adhikara
8.1.16	8.1.55	adhikara
8.1.16	8.1.56	adhikara
8.1.16	8.1.57	adhikara
8.1.16	8.1.58	adhikara
8.1.16	8.1.59	adhikara
8.1.16	8.1.60	adhikara
8.1.16	8.1.61	adhikara
8.1.16	8.1.62	adhikara
8.1.16	8.1.63	adhikara
8.1.16	8.1.64	adhikara
8.1.16	8.1.65	adhikara
8.1.16	8.1.66	adhikara
8.1.16	8.1.67	adhikara
8.1.16	8.1.68	adhikara
8.1.16	8.1.69	adhikara
8.1.16	8.1.70	adhikara
8.1.16	8.1.71	adhikara
8.1.16	8.1.72	adhikara
8.1.16	8.1.73	adhikara
8.1.16	8.1.74	adhikara
8.1.16	8.2.1	adhikara
8.1.16	8.2.2	adhikara
8.1.16	8.2.3	adhikara
8.1.16	8.2.4	adhikara
8.1.16	8.2.5	adhikara
8.1.16	8.2.6	adhikara
8.1.16	8.2.7	adhikara
8.1.16	8.2.8	adhikara
8.1.16	8.2.9	adhikara
8.1.16	8.2.10	adhikara
8.1.16	8.2.11	adhikara
8.1.16	8.2.12	adhikara
8.1.16	8.2.13	adhikara
8.1.16	8.2.14	adhikara
8.1.16	8.2.15	adhikara
8.1.16	8.2.16	adhikara
8.1.16	8.2.17	adhikara
8.1.16	8.2.18	adhikara
8.1.16	8.2.19	adhikara
8.1.16	8.2.20	adhikara
8.1.16	8.2.21	adhikara
8.1.16	8.2.22	adhikara
8.1.16	8.2.23	adhikara
8.1.16	8.2.24	adhikara
8.1.16	8.2.25	adhikara
8.1.16	8.2.26	adhikara
8.1.16	8.2.27	adhikara
8.1.16	8.2.28	adhikara
8.1.16	8.2.29	adhikara
8.1.16	8.2.30	adhikara
8.1.16	8.2.31	adhikara
8.1.16	8.2.32	adhikara
8.1.16	8.2.33	adhikara
8.1.16	8.2.34	adhikara
8.1.16	8.2.35	adhikara
8.1.16	8.2.36	adhikara
8.1.16	8.2.37	adhikara
8.1.16	8.2.38	adhikara
8.1.16	8.2.39	adhikara
8.1.16	8.2.40	adhikara
8.1.16	8.2.41	adhikara
8.1.16	8.2.42	adhikara
8.1.16	8.2.43	adhikara
8.1.16	8.2.44	adhikara
8.1.16	8.2.45	adhikara
8.1.16	8.2.46	adhikara
8.1.16	8.2.47	adhikara
8.1.16	8.2.48	adhikara
8.1.16	8.2.49	adhikara
8.1.16	8.2.50	adhikara
8.1.16	8.2.51	adhikara
8.1.16	8.2.52	adhikara
8.1.16	8.2.53	adhikara
8.1.16	8.2.54	adhikara
8.1.16	8.2.55	adhikara
8.1.16	8.2.56	adhikara
8.1.16	8.2.57	adhikara
8.1.16	8.2.58	adhikara
8.1.16	8.2.59	adhikara
8.1.16	8.2.60	adhikara
8.1.16	8.2.61	adhikara
8.1.16	8.2.62	adhikara
8.1.16	8.2.63	adhikara
8.1.16	8.2.64	adhikara
8.1.16	8.2.65	adhikara
8.1.16	8.2.66	adhikara
8.1.16	8.2.67	adhikara
8.1.16	8.2.68	adhikara
8.1.16	8.2.69	adhikara
8.1.16	8.2.70	adhikara
8.1.16	8.2.71	adhikara
8.1.16	8.2.72	adhikara
8.1.16	8.2.73	adhikara
8.1.16	8.2.74	adhikara
8.1.16	8.2.75	adhikara
8.1.16	8.2.76	adhikara
8.1.16	8.2.78	adhikara
8.1.16	8.2.79	adhikara
8.1.16	8.2.80	adhikara
8.1.16	8.2.81	adhikara
8.1.16	8.2.82	adhikara
8.1.16	8.2.83	adhikara
8.1.16	8.2.84	adhikara
8.1.16	8.2.85	adhikara
8.1.16	8.2.86	adhikara
8.1.16	8.2.87	adhikara
8.1.16	8.2.88	adhikara
8.1.16	8.2.89	adhikara
8.1.16	8.2.90	adhikara
8.1.16	8.2.91	adhikara
8.1.16	8.2.92	adhikara
8.1.16	8.2.93	adhikara
8.1.16	8.2.94	adhikara
8.1.16	8.2.95	adhikara
8.1.16	8.2.96	adhikara
8.1.16	8.2.97	adhikara
8.1.16	8.2.98	adhikara
8.1.16	8.2.99	adhikara
8.1.16	8.2.100	adhikara
8.1.16	8.2.101	adhikara
8.1.16	8.2.102	adhikara
8.1.16	8.2.103	adhikara
8.1.16	8.2.104	adhikara
8.1.16	8.2.105	adhikara
8.1.16	8.2.106	adhikara
8.1.16	8.2.107	adhikara
8.1.16	8.2.108	adhikara
8.1.16	8.3.1	adhikara
8.1.16	8.3.2	adhikara
8.1.16	8.3.3	adhikara
8.1.16	8.3.4	adhikara
8.1.16	8.3.5	adhikara
8.1.16	8.3.6	adhikara
8.1.16	8.3.7	adhikara
8.1.16	8.3.8	adhikara
8.1.16	8.3.9	adhikara
8.1.16	8.3.10	adhikara
8.1.16	8.3.11	adhikara
8.1.16	8.3.12	adhikara
8.1.16	8.3.13	adhikara
8.1.16	8.3.14	adhikara
8.1.16	8.3.15	adhikara
8.1.16	8.3.16	adhikara
8.1.16	8.3.17	adhikara
8.1.16	8.3.18	adhikara
8.1.16	8.3.19	adhikara
8.1.16	8.3.20	adhikara
8.1.16	8.3.21	adhikara
8.1.16	8.3.22	adhikara
8.1.16	8.3.23	adhikara
8.1.16	8.3.24	adhikara
8.1.16	8.3.25	adhikara
8.1.16	8.3.26	adhikara
8.1.16	8.3.27	adhikara
8.1.16	8.3.28	adhikara
8.1.16	8.3.29	adhikara
8.1.16	8.3.30	adhikara
8.1.16	8.3.31	adhikara
8.1.16	8.3.32	adhikara
8.1.16	8.3.33	adhikara
8.1.16	8.3.34	adhikara
8.1.16	8.3.35	adhikara
8.1.16	8.3.36	adhikara
8.1.16	8.3.37	adhikara
8.1.16	8.3.38	adhikara
8.1.16	8.3.39	adhikara
8.1.16	8.3.40	adhikara
8.1.16	8.3.41	adhikara
8.1.16	8.3.42	adhikara
8.1.16	8.3.43	adhikara
8.1.16	8.3.44	adhikara
8.1.16	8.3.45	adhikara
8.1.16	8.3.46	adhikara
8.1.16	8.3.47	adhikara
8.1.16	8.3.48	adhikara
8.1.16	8.3.49	adhikara
8.1.16	8.3.50	adhikara
8.1.16	8.3.51	adhikara
8.1.16	8.3.52	adhikara
8.1.16	8.3.53	adhikara
8.1.16	8.3.54	adhikara
8.1.17	8.1.18	adhikara
8.1.17	8.1.19	adhikara
8.1.17	8.1.20	adhikara
8.1.17	8.1.21	adhikara
8.1.17	8.1.22	adhikara
8.1.17	8.1.23	adhikara
8.1.17	8.1.24	adhikara
8.1.17	8.1.25	adhikara
8.1.17	8.1.26	adhikara
8.1.17	8.1.27	adhikara
8.1.17	8.1.28	adhikara
8.1.17	8.1.29	adhikara
8.1.17	8.1.30	adhikara
8.1.17	8.1.31	adhikara
8.1.17	8.1.32	adhikara
8.1.17	8.1.33	adhikara
8.1.17	8.1.34	adhikara
8.1.17	8.1.35	adhikara
8.1.17	8.1.36	adhikara
8.1.17	8.1.37	adhikara
8.1.17	8.1.38	adhikara
8.1.17	8.1.39	adhikara
8.1.17	8.1.40	adhikara
8.1.17	8.1.41	adhikara
8.1.17	8.1.42	adhikara
8.1.17	8.1.43	adhikara
8.1.17	8.1.44	adhikara
8.1.17	8.1.45	adhikara
8.1.17	8.1.46	adhikara
8.1.17	8.1.47	adhikara
8.1.17	8.1.48	adhikara
8.1.17	8.1.49	adhikara
8.1.17	8.1.50	adhikara
8.1.17	8.1.51	adhikara
8.1.17	8.1.52	adhikara
8.1.17	8.1.53	adhikara
8.1.17	8.1.54	adhikara
8.1.17	8.1.55	adhikara
8.1.17	8.1.56	adhikara
8.1.17	8.1.57	adhikara
8.1.17	8.1.58	adhikara
8.1.17	8.1.59	adhikara
8.1.17	8.1.60	adhikara
8.1.17	8.1.61	adhikara
8.1.17	8.1.62	adhikara
8.1.17	8.1.63	adhikara
8.1.17	8.1.64	adhikara
8.1.17	8.1.65	adhikara
8.1.17	8.1.66	adhikara
8.1.17	8.1.67	adhikara
8.1.17	8.1.68	adhikara
8.1.17	8.1.69	adhikara
8.1.18	8.1.19	adhikara
8.1.18	8.1.20	adhikara
8.1.18	8.1.21	adhikara
8.1.18	8.1.22	adhikara
8.1.18	8.1.23	adhikara
8.1.18	8.1.24	adhikara
8.1.18	8.1.25	adhikara
8.1.18	8.1.26	adhikara
8.1.18	8.1.27	adhikara
8.1.18	8.1.28	adhikara
8.1.18	8.1.29	adhikara
8.1.18	8.1.30	adhikara
8.1.18	8.1.31	adhikara
8.1.18	8.1.32	adhikara
8.1.18	8.1.33	adhikara
8.1.18	8.1.34	adhikara
8.1.18	8.1.35	adhikara
8.1.18	8.1.36	adhikara
8.1.18	8.1.37	adhikara
8.1.18	8.1.38	adhikara
8.1.18	8.1.39	adhikara
8.1.18	8.1.40	adhikara
8.1.18	8.1.41	adhikara
8.1.18	8.1.42	adhikara
8.1.18	8.1.43	adhikara
8.1.18	8.1.44	adhikara
8.1.18	8.1.45	adhikara
8.1.18	8.1.46	adhikara
8.1.18	8.1.47	adhikara
8.1.18	8.1.48	adhikara
8.1.18	8.1.49	adhikara
8.1.18	8.1.50	adhikara
8.1.18	8.1.51	adhikara
8.1.18	8.1.52	adhikara
8.1.18	8.1.53	adhikara
8.1.18	8.1.54	adhikara
8.1.18	8.1.55	adhikara
8.1.18	8.1.56	adhikara
8.1.18	8.1.57	adhikara
8.1.18	8.1.58	adhikara
8.1.18	8.1.59	adhikara
8.1.18	8.1.60	adhikara
8.1.18	8.1.61	adhikara
8.1.18	8.1.62	adhikara
8.1.18	8.1.63	adhikara
8.1.18	8.1.64	adhikara
8.1.18	8.1.65	adhikara
8.1.18	8.1.66	adhikara
8.1.18	8.1.67	adhikara
8.1.18	8.1.68	adhikara
8.1.18	8.1.69	adhikara
8.1.18	8.1.70	adhikara
8.1.18	8.1.71	adhikara
8.1.18	8.1.72	adhikara
8.1.18	8.1.73	adhikara
8.1.18	8.1.74	adhikara
8.1.20	8.1.21	anuvritti
8.1.20	8.1.22	anuvritti
8.1.20	8.1.23	anuvritti
8.1.20	8.1.24	anuvritti
8.1.20	8.1.25	anuvritti
8.1.20	8.1.26	anuvritti
8.1.22	8.1.23	anuvritti
8.1.24	8.1.25	anuvritti
8.1.24	8.1.26	anuvritti
8.1.28	8.1.29	anuvritti
8.1.28	8.1.30	anuvritti
8.1.28	8.1.31	anuvritti
8.1.28	8.1.32	anuvritti
8.1.28	8.1.33	anuvritti
8.1.28	8.1.34	anuvritti
8.1.28	8.1.35	anuvritti
8.1.28	8.1.36	anuvritti
8.1.28	8.1.37	anuvritti
8.1.28	8.1.38	anuvritti
8.1.28	8.1.39	anuvritti
8.1.28	8.1.40	anuvritti
8.1.28	8.1.41	anuvritti
8.1.28	8.1.42	anuvritti
8.1.28	8.1.43	anuvritti
8.1.28	8.1.44	anuvritti
8.1.28	8.1.45	anuvritti
8.1.28	8.1.46	anuvritti
8.1.28	8.1.47	anuvritti
8.1.28	8.1.48	anuvritti
8.1.28	8.1.49	anuvritti
8.1.28	8.1.50	anuvritti
8.1.28	8.1.51	anuvritti
8.1.28	8.1.52	anuvritti
8.1.28	8.1.53	anuvritti
8.1.28	8.1.54	anuvritti
8.1.28	8.1.55	anuvritti
8.1.28	8.1.56	anuvritti
8.1.28	8.1.57	anuvritti
8.1.28	8.1.58	anuvritti
8.1.28	8.1.59	anuvritti
8.1.28	8.1.60	anuvritti
8.1.28	8.1.61	anuvritti
8.1.28	8.1.62	anuvritti
8.1.28	8.1.63	anuvritti
8.1.28	8.1.64	anuvritti
8.1.28	8.1.65	anuvritti
8.1.28	8.1.66	anuvritti
8.1.29	8.1.30	anuvritti
8.1.29	8.1.31	anuvritti
8.1.29	8.1.32	anuvritti
8.1.29	8.1.33	anuvritti
8.1.29	8.1.34	anuvritti
8.1.29	8.1.35	anuvritti
8.1.29	8.1.36	anuvritti
8.1.29	8.1.37	anuvritti
8.1.29	8.1.38	anuvritti
8.1.29	8.1.39	anuvritti
8.1.29	8.1.40	anuvritti
8.1.29	8.1.41	anuvritti
8.1.29	8.1.42	anuvritti
8.1.29	8.1.43	anuvritti
8.1.29	8.1.44	anuvritti
8.1.29	8.1.45	anuvritti
8.1.29	8.1.46	anuvritti
8.1.29	8.1.47	anuvritti
8.1.29	8.1.48	anuvritti
8.1.29	8.1.49	anuvritti
8.1.29	8.1.50	anuvritti
8.1.29	8.1.51	anuvritti
8.1.29	8.1.52	anuvritti
8.1.29	8.1.53	anuvritti
8.1.29	8.1.54	anuvritti
8.1.29	8.1.55	anuvritti
8.1.29	8.1.56	anuvritti
8.1.29	8.1.57	anuvritti
8.1.29	8.1.58	anuvritti
8.1.29	8.1.59	anuvritti
8.1.29	8.1.60	anuvritti
8.1.29	8.1.61	anuvritti
8.1.29	8.1.62	anuvritti
8.1.29	8.1.63	anuvritti
8.1.29	8.1.64	anuvritti
8.1.29	8.1.65	anuvritti
8.1.29	8.1.66	anuvritti
8.1.33	8.1.34	anuvritti
8.1.34	8.1.35	anuvritti
8.1.36	8.1.37	anuvritti
8.1.36	8.1.38	anuvritti
8.1.37	8.1.38	anuvritti
8.1.39	8.1.40	anuvritti
8.1.40	8.1.41	anuvritti
8.1.41	8.1.42	anuvritti
8.1.44	8.1.45	anuvritti
8.1.47	8.1.48	anuvritti
8.1.47	8.1.49	anuvritti
8.1.49	8.1.50	anuvritti
8.1.51	8.1.52	anuvritti
8.1.51	8.1.53	anuvritti
8.1.52	8.1.53	anuvritti
8.1.52	8.1.54	anuvritti
8.1.53	8.1.54	anuvritti
8.1.57	8.1.58	anuvritti
8.1.59	8.1.60	anuvritti
8.1.59	8.1.61	anuvritti
8.1.59	8.1.62	anuvritti
8.1.59	8.1.63	anuvritti
8.1.59	8.1.64	anuvritti
8.1.59	8.1.65	anuvritti
8.1.60	8.1.61	anuvritti
8.1.60	8.1.62	anuvritti
8.1.60	8.1.63	anuvritti
8.1.60	8.1.64	anuvritti
8.1.60	8.1.65	anuvritti
8.1.60	8.1.66	anuvritti
8.1.60	8.1.67	anuvritti
8.1.60	8.1.68	anuvritti
8.1.63	8.1.64	anuvritti
8.1.63	8.1.65	anuvritti
8.1.64	8.1.65	anuvritti
8.1.67	8.1.68	anuvritti
8.1.68	8.1.69	anuvritti
8.1.70	8.1.71	anuvritti
8.1.72	8.1.73	anuvritti
8.1.72	8.1.74	anuvritti
8.1.73	8.1.74	anuvritti
8.2.1	8.2.2	adhikara
8.2.1	8.2.3	adhikara
8.2.1	8.2.4	adhikara
8.2.1	8.2.5	adhikara
8.2.1	8.2.6	adhikara
8.2.1	8.2.7	adhikara
8.2.1	8.2.8	adhikara
8.2.1	8.2.9	adhikara
8.2.1	8.2.10	adhikara
8.2.1	8.2.11	adhikara
8.2.1	8.2.12	adhikara
8.2.1	8.2.13	adhikara
8.2.1	8.2.14	adhikara
8.2.1	8.2.15	adhikara
8.2.1	8.2.16	adhikara
8.2.1	8.2.17	adhikara
8.2.1	8.2.18	adhikara
8.2.1	8.2.19	adhikara
8.2.1	8.2.20	adhikara
8.2.1	8.2.21	adhikara
8.2.1	8.2.22	adhikara
8.2.1	8.2.23	adhikara
8.2.1	8.2.24	adhikara
8.2.1	8.2.25	adhikara
8.2.1	8.2.26	adhikara
8.2.1	8.2.27	adhikara
8.2.1	8.2.28	adhikara
8.2.1	8.2.29	adhikara
8.2.1	8.2.30	adhikara
8.2.1	8.2.31	adhikara
8.2.1	8.2.32	adhikara
8.2.1	8.2.33	adhikara
8.2.1	8.2.34	adhikara
8.2.1	8.2.35	adhikara
8.2.1	8.2.36	adhikara
8.2.1	8.2.37	adhikara
8.2.1	8.2.38	adhikara
8.2.1	8.2.39	adhikara
8.2.1	8.2.40	adhikara
8.2.1	8.2.41	adhikara
8.2.1	8.2.42	adhikara
8.2.1	8.2.43	adhikara
8.2.1	8.2.44	adhikara
8.2.1	8.2.45	adhikara
8.2.1	8.2.46	adhikara
8.2.1	8.2.47	adhikara
8.2.1	8.2.48	adhikara
8.2.1	8.2.49	adhikara
8.2.1	8.2.50	adhikara
8.2.1	8.2.51	adhikara
8.2.1	8.2.52	adhikara
8.2.1	8.2.53	adhikara
8.2.1	8.2.54	adhikara
8.2.1	8.2.55	adhikara
8.2.1	8.2.56	adhikara
8.2.1	8.2.57	adhikara
8.2.1	8.2.58	adhikara
8.2.1	8.2.59	adhikara
8.2.1	8.2.60	adhikara
8.2.1	8.2.61	adhikara
8.2.1	8.2.62	adhikara
8.2.1	8.2.63	adhikara
8.2.1	8.2.64	adhikara
8.2.1	8.2.65	adhikara
8.2.1	8.2.66	adhikara
8.2.1	8.2.67	adhikara
8.2.1	8.2.68	adhikara
8.2.1	8.2.69	adhikara
8.2.1	8.2.70	adhikara
8.2.1	8.2.71	adhikara
8.2.1	8.2.72	adhikara
8.2.1	8.2.73	adhikara
8.2.1	8.2.74	adhikara
8.2.1	8.2.75	adhikara
8.2.1	8.2.76	adhikara
8.2.1	8.2.77	adhikara
8.2.1	8.2.78	adhikara
8.2.1	8.2.79	adhikara
8.2.1	8.2.80	adhikara
8.2.1	8.2.81	adhikara
8.2.1	8.2.82	adhikara
8.2.1	8.2.83	adhikara
8.2.1	8.2.84	adhikara
8.2.1	8.2.85	adhikara
8.2.1	8.2.86	adhikara
8.2.1	8.2.87	adhikara
8.2.1	8.2.88	adhikara
8.2.1	8.2.89	adhikara
8.2.1	8.2.90	adhikara
8.2.1	8.2.91	adhikara
8.2.1	8.2.92	adhikara
8.2.1	8.2.93	adhikara
8.2.1	8.2.94	adhikara
8.2.1	8.2.95	adhikara
8.2.1	8.2.96	adhikara
8.2.1	8.2.97	adhikara
8.2.1	8.2.98	adhikara
8.2.1	8.2.99	adhikara
8.2.1	8.2.100	adhikara
8.2.1	8.2.101	adhikara
8.2.1	8.2.102	adhikara
8.2.1	8.2.103	adhikara
8.2.1	8.2.104	adhikara
8.2.1	8.2.105	adhikara
8.2.1	8.2.106	adhikara
8.2.1	8.2.107	adhikara
8.2.1	8.2.108	adhikara
8.2.1	8.3.1	adhikara
8.2.1	8.3.2	adhikara
8.2.1	8.3.3	adhikara
8.2.1	8.3.4	adhikara
8.2.1	8.3.5	adhikara
8.2.1	8.3.6	adhikara
8.2.1	8.3.7	adhikara
8.2.1	8.3.8	adhikara
8.2.1	8.3.9	adhikara
8.2.1	8.3.10	adhikara
8.2.1	8.3.11	adhikara
8.2.1	8.3.12	adhikara
8.2.1	8.3.13	adhikara
8.2.1	8.3.14	adhikara
8.2.1	8.3.15	adhikara
8.2.1	8.3.16	adhikara
8.2.1	8.3.17	adhikara
8.2.1	8.3.18	adhikara
8.2.1	8.3.19	adhikara
8.2.1	8.3.20	adhikara
8.2.1	8.3.21	adhikara
8.2.1	8.3.22	adhikara
8.2.1	8.3.23	adhikara
8.2.1	8.3.24	adhikara
8.2.1	8.3.25	adhikara
8.2.1	8.3.26	adhikara
8.2.1	8.3.27	adhikara
8.2.1	8.3.28	adhikara
8.2.1	8.3.29	adhikara
8.2.1	8.3.30	adhikara
8.2.1	8.3.31	adhikara
8.2.1	8.3.32	adhikara
8.2.1	8.3.33	adhikara
8.2.1	8.3.34	adhikara
8.2.1	8.3.35	adhikara
8.2.1	8.3.36	adhikara
8.2.1	8.3.37	adhikara
8.2.1	8.3.38	adhikara
8.2.1	8.3.39	adhikara
8.2.1	8.3.40	adhikara
8.2.1	8.3.41	adhikara
8.2.1	8.3.42	adhikara
8.2.1	8.3.43	adhikara
8.2.1	8.3.44	adhikara
8.2.1	8.3.45	adhikara
8.2.1	8.3.46	adhikara
8.2.1	8.3.47	adhikara
8.2.1	8.3.48	adhikara
8.2.1	8.3.49	adhikara
8.2.1	8.3.50	adhikara
8.2.1	8.3.51	adhikara
8.2.1	8.3.52	adhikara
8.2.1	8.3.53	adhikara
8.2.1	8.3.54	adhikara
8.2.1	8.3.55	adhikara
8.2.1	8.3.56	adhikara
8.2.1	8.3.57	adhikara
8.2.1	8.3.58	adhikara
8.2.1	8.3.59	adhikara
8.2.1	8.3.60	adhikara
8.2.1	8.3.61	adhikara
8.2.1	8.3.62	adhikara
8.2.1	8.3.63	adhikara
8.2.1	8.3.64	adhikara
8.2.1	8.3.65	adhikara
8.2.1	8.3.66	adhikara
8.2.1	8.3.67	adhikara
8.2.1	8.3.68	adhikara
8.2.1	8.3.69	adhikara
8.2.1	8.3.70	adhikara
8.2.1	8.3.71	adhikara
8.2.1	8.3.72	adhikara
8.2.1	8.3.73	adhikara
8.2.1	8.3.74	adhikara
8.2.1	8.3.75	adhikara
8.2.1	8.3.76	adhikara
8.2.1	8.3.77	adhikara
8.2.1	8.3.78	adhikara
8.2.1	8.3.79	adhikara
8.2.1	8.3.80	adhikara
8.2.1	8.3.81	adhikara
8.2.1	8.3.82	adhikara
8.2.1	8.3.83	adhikara
8.2.1	8.3.84	adhikara
8.2.1	8.3.85	adhikara
8.2.1	8.3.86	adhikara
8.2.1	8.3.87	adhikara
8.2.1	8.3.88	adhikara
8.2.1	8.3.89	adhikara
8.2.1	8.3.90	adhikara
8.2.1	8.3.91	adhikara
8.2.1	8.3.92	adhikara
8.2.1	8.3.93	adhikara
8.2.1	8.3.94	adhikara
8.2.1	8.3.95	adhikara
8.2.1	8.3.96	adhikara
8.2.1	8.3.97	adhikara
8.2.1	8.3.98	adhikara
8.2.1	8.3.99	adhikara
8.2.1	8.3.100	adhikara
8.2.1	8.3.101	adhikara
8.2.1	8.3.102	adhikara
8.2.1	8.3.103	adhikara
8.2.1	8.3.104	adhikara
8.2.1	8.3.105	adhikara
8.2.1	8.3.106	adhikara
8.2.1	8.3.107	adhikara
8.2.1	8.3.108	adhikara
8.2.1	8.3.109	adhikara
8.2.1	8.3.110	adhikara
8.2.1	8.3.111	adhikara
8.2.1	8.3.112	adhikara
8.2.1	8.3.113	adhikara
8.2.1	8.3.114	adhikara
8.2.1	8.3.115	adhikara
8.2.1	8.3.116	adhikara
8.2.1	8.3.117	adhikara
8.2.1	8.3.118	adhikara
8.2.1	8.3.119	adhikara
8.2.1	8.4.1	adhikara
8.2.1	8.4.2	adhikara
8.2.1	8.4.3	adhikara
8.2.1	8.4.4	adhikara
8.2.1	8.4.5	adhikara
8.2.1	8.4.6	adhikara
8.2.1	8.4.7	adhikara
8.2.1	8.4.8	adhikara
8.2.1	8.4.9	adhikara
8.2.1	8.4.10	adhikara
8.2.1	8.4.11	adhikara
8.2.1	8.4.12	adhikara
8.2.1	8.4.13	adhikara
8.2.1	8.4.14	adhikara
8.2.1	8.4.15	adhikara
8.2.1	8.4.16	adhikara
8.2.1	8.4.17	adhikara
8.2.1	8.4.18	adhikara
8.2.1	8.4.19	adhikara
8.2.1	8.4.20	adhikara
8.2.1	8.4.21	adhikara
8.2.1	8.4.22	adhikara
8.2.1	8.4.23	adhikara
8.2.1	8.4.24	adhikara
8.2.1	8.4.25	adhikara
8.2.1	8.4.26	adhikara
8.2.1	8.4.27	adhikara
8.2.1	8.4.28	adhikara
8.2.1	8.4.29	adhikara
8.2.1	8.4.30	adhikara
8.2.1	8.4.31	adhikara
8.2.1	8.4.32	adhikara
8.2.1	8.4.33	adhikara
8.2.1	8.4.34	adhikara
8.2.1	8.4.35	adhikara
8.2.1	8.4.36	adhikara
8.2.1	8.4.37	adhikara
8.2.1	8.4.38	adhikara
8.2.1	8.4.39	adhikara
8.2.1	8.4.40	adhikara
8.2.1	8.4.41	adhikara
8.2.1	8.4.42	adhikara
8.2.1	8.4.43	adhikara
8.2.1	8.4.44	adhikara
8.2.1	8.4.45	adhikara
8.2.1	8.4.46	adhikara
8.2.1	8.4.47	adhikara
8.2.1	8.4.48	adhikara
8.2.1	8.4.49	adhikara
8.2.1	8.4.50	adhikara
8.2.1	8.4.51	adhikara
8.2.1	8.4.52	adhikara
8.2.1	8.4.53	adhikara
8.2.1	8.4.54	adhikara
8.2.1	8.4.55	adhikara
8.2.1	8.4.56	adhikara
8.2.1	8.4.57	adhikara
8.2.1	8.4.58	adhikara
8.2.1	8.4.59	adhikara
8.2.1	8.4.60	adhikara
8.2.1	8.4.61	adhikara
8.2.1	8.4.62	adhikara
8.2.1	8.4.63	adhikara
8.2.1	8.4.64	adhikara
8.2.1	8.4.65	adhikara
8.2.1	8.4.66	adhikara
8.2.1	8.4.67	adhikara
8.2.1	8.4.68	adhikara
8.2.4	8.2.5	anuvritti
8.2.4	8.2.6	anuvritti
8.2.5	8.2.6	anuvritti
8.2.7	8.2.8	anuvritti
8.2.9	8.2.10	anuvritti
8.2.9	8.2.11	anuvritti
8.2.9	8.2.12	anuvritti
8.2.9	8.2.13	anuvritti
8.2.9	8.2.14	anuvritti
8.2.9	8.2.15	anuvritti
8.2.9	8.2.16	anuvritti
8.2.11	8.2.12	anuvritti
8.2.11	8.2.13	anuvritti
8.2.11	8.2.14	anuvritti
8.2.11	8.2.15	anuvritti
8.2.11	8.2.16	anuvritti
8.2.15	8.2.16	anuvritti
8.2.15	8.2.17	anuvritti
8.2.16	8.2.17	anuvritti
8.2.18	8.2.19	anuvritti
8.2.18	8.2.20	anuvritti
8.2.18	8.2.21	anuvritti
8.2.18	8.2.22	anuvritti
8.2.20	8.2.21	anuvritti
8.2.21	8.2.22	anuvritti
8.2.23	8.2.24	anuvritti
8.2.23	8.2.25	anuvritti
8.2.23	8.2.26	anuvritti
8.2.23	8.2.27	anuvritti
8.2.23	8.2.28	anuvritti
8.2.23	8.2.29	anuvritti
8.2.24	8.2.25	anuvritti
8.2.24	8.2.26	anuvritti
8.2.24	8.2.27	anuvritti
8.2.24	8.2.28	anuvritti
8.2.26	8.2.27	anuvritti
8.2.26	8.2.28	anuvritti
8.2.26	8.2.29	anuvritti
8.2.26	8.2.30	anuvritti
8.2.26	8.2.31	anuvritti
8.2.26	8.2.32	anuvritti
8.2.26	8.2.33	anuvritti
8.2.26	8.2.34	anuvritti
8.2.26	8.2.35	anuvritti
8.2.26	8.2.36	anuvritti
8.2.29	8.2.30	anuvritti
8.2.29	8.2.31	anuvritti
8.2.29	8.2.32	anuvritti
8.2.29	8.2.33	anuvritti
8.2.29	8.2.34	anuvritti
8.2.29	8.2.35	anuvritti
8.2.29	8.2.36	anuvritti
8.2.29	8.2.37	anuvritti
8.2.29	8.2.38	anuvritti
8.2.31	8.2.32	anuvritti
8.2.31	8.2.33	anuvritti
8.2.31	8.2.34	anuvritti
8.2.31	8.2.35	anuvritti
8.2.32	8.2.33	anuvritti
8.2.32	8.2.34	anuvritti
8.2.32	8.2.35	anuvritti
8.2.32	8.2.36	anuvritti
8.2.32	8.2.37	anuvritti
8.2.32	8.2.38	anuvritti
8.2.37	8.2.38	anuvritti
8.2.42	8.2.43	anuvritti
8.2.42	8.2.44	anuvritti
8.2.42	8.2.45	anuvritti
8.2.42	8.2.46	anuvritti
8.2.42	8.2.47	anuvritti
8.2.42	8.2.48	anuvritti
8.2.42	8.2.49	anuvritti
8.2.42	8.2.50	anuvritti
8.2.42	8.2.51	anuvritti
8.2.42	8.2.52	anuvritti
8.2.42	8.2.53	anuvritti
8.2.42	8.2.54	anuvritti
8.2.42	8.2.55	anuvritti
8.2.42	8.2.56	anuvritti
8.2.42	8.2.57	anuvritti
8.2.42	8.2.58	anuvritti
8.2.42	8.2.59	anuvritti
8.2.42	8.2.60	anuvritti
8.2.42	8.2.61	anuvritti
8.2.53	8.2.54	anuvritti
8.2.57	8.2.58	anuvritti
8.2.57	8.2.59	anuvritti
8.2.57	8.2.60	anuvritti
8.2.57	8.2.61	anuvritti
8.2.62	8.2.63	anuvritti
8.2.64	8.2.65	anuvritti
8.2.66	8.2.72	anuvritti
8.2.66	8.2.73	anuvritti
8.2.68	8.2.69	anuvritti
8.2.69	8.2.70	anuvritti
8.2.69	8.2.71	anuvritti
8.2.70	8.2.71	anuvritti
8.2.72	8.2.73	anuvritti
8.2.72	8.2.74	anuvritti
8.2.72	8.2.75	anuvritti
8.2.74	8.2.75	anuvritti
8.2.74	8.2.76	anuvritti
8.2.74	8.2.77	anuvritti
8.2.74	8.2.78	anuvritti
8.2.74	8.2.79	anuvritti
8.2.76	8.2.77	anuvritti
8.2.76	8.2.78	anuvritti
8.2.76	8.2.79	anuvritti
8.2.77	8.2.78	anuvritti
8.2.80	8.2.81	anuvritti
8.2.82	8.2.83	adhikara
8.2.82	8.2.84	adhikara
8.2.82	8.2.85	adhikara
8.2.82	8.2.86	adhikara
8.2.82	8.2.87	adhikara
8.2.82	8.2.88	adhikara
8.2.82	8.2.89	adhikara
8.2.82	8.2.90	adhikara
8.2.82	8.2.91	adhikara
8.2.82	8.2.92	adhikara
8.2.82	8.2.93	adhikara
8.2.82	8.2.94	adhikara
8.2.82	8.2.95	adhikara
8.2.82	8.2.96	adhikara
8.2.82	8.2.97	adhikara
8.2.82	8.2.98	adhikara
8.2.82	8.2.99	adhikara
8.2.82	8.2.100	adhikara
8.2.82	8.2.101	adhikara
8.2.82	8.2.102	adhikara
8.2.82	8.2.103	adhikara
8.2.82	8.2.104	adhikara
8.2.82	8.2.105	adhikara
8.2.82	8.2.106	adhikara
8.2.82	8.2.107	adhikara
8.2.84	8.2.85	anuvritti
8.2.84	8.2.86	anuvritti
8.2.88	8.2.89	anuvritti
8.2.88	8.2.90	anuvritti
8.2.88	8.2.91	anuvritti
8.2.88	8.2.92	anuvritti
8.2.89	8.2.90	anuvritti
8.2.91	8.2.92	anuvritti
8.2.93	8.2.94	anuvritti
8.2.95	8.2.96	anuvritti
8.2.97	8.2.98	anuvritti
8.2.100	8.2.101	anuvritti
8.2.100	8.2.102	anuvritti
8.2.103	8.2.104	anuvritti
8.2.103	8.2.105	anuvritti
8.2.108	8.3.1	adhikara
8.2.108	8.3.2	adhikara
8.2.108	8.3.3	adhikara
8.2.108	8.3.4	adhikara
8.2.108	8.3.5	adhikara
8.2.108	8.3.6	adhikara
8.2.108	8.3.7	adhikara
8.2.108	8.3.8	adhikara
8.2.108	8.3.9	adhikara
8.2.108	8.3.10	adhikara
8.2.108	8.3.11	adhikara
8.2.108	8.3.12	adhikara
8.2.108	8.3.13	adhikara
8.2.108	8.3.14	adhikara
8.2.108	8.3.15	adhikara
8.2.108	8.3.16	adhikara
8.2.108	8.3.17	adhikara
8.2.108	8.3.18	adhikara
8.2.108	8.3.19	adhikara
8.2.108	8.3.20	adhikara
8.2.108	8.3.21	adhikara
8.2.108	8.3.22	adhikara
8.2.108	8.3.23	adhikara
8.2.108	8.3.24	adhikara
8.2.108	8.3.25	adhikara
8.2.108	8.3.26	adhikara
8.2.108	8.3.27	adhikara
8.2.108	8.3.28	adhikara
8.2.108	8.3.29	adhikara
8.2.108	8.3.30	adhikara
8.2.108	8.3.31	adhikara
8.2.108	8.3.32	adhikara
8.2.108	8.3.33	adhikara
8.2.108	8.3.34	adhikara
8.2.108	8.3.35	adhikara
8.2.108	8.3.36	adhikara
8.2.108	8.3.37	adhikara
8.2.108	8.3.38	adhikara
8.2.108	8.3.39	adhikara
8.2.108	8.3.40	adhikara
8.2.108	8.3.41	adhikara
8.2.108	8.3.42	adhikara
8.2.108	8.3.43	adhikara
8.2.108	8.3.44	adhikara
8.2.108	8.3.45	adhikara
8.2.108	8.3.46	adhikara
8.2.108	8.3.47	adhikara
8.2.108	8.3.48	adhikara
8.2.108	8.3.49	adhikara
8.2.108	8.3.50	adhikara
8.2.108	8.3.51	adhikara
8.2.108	8.3.52	adhikara
8.2.108	8.3.53	adhikara
8.2.108	8.3.54	adhikara
8.2.108	8.3.55	adhikara
8.2.108	8.3.56	adhikara
8.2.108	8.3.57	adhikara
8.2.108	8.3.58	adhikara
8.2.108	8.3.59	adhikara
8.2.108	8.3.60	adhikara
8.2.108	8.3.61	adhikara
8.2.108	8.3.62	adhikara
8.2.108	8.3.63	adhikara
8.2.108	8.3.64	adhikara
8.2.108	8.3.65	adhikara
8.2.108	8.3.66	adhikara
8.2.108	8.3.67	adhikara
8.2.108	8.3.68	adhikara
8.2.108	8.3.69	adhikara
8.2.108	8.3.70	adhikara
8.2.108	8.3.71	adhikara
8.2.108	8.3.72	adhikara
8.2.108	8.3.73	adhikara
8.2.108	8.3.74	adhikara
8.2.108	8.3.75	adhikara
8.2.108	8.3.76	adhikara
8.2.108	8.3.77	adhikara
8.2.108	8.3.78	adhikara
8.2.108	8.3.79	adhikara
8.2.108	8.3.80	adhikara
8.2.108	8.3.81	adhikara
8.2.108	8.3.82	adhikara
8.2.108	8.3.83	adhikara
8.2.108	8.3.84	adhikara
8.2.108	8.3.85	adhikara
8.2.108	8.3.86	adhikara
8.2.108	8.3.87	adhikara
8.2.108	8.3.88	adhikara
8.2.108	8.3.89	adhikara
8.2.108	8.3.90	adhikara
8.2.108	8.3.91	adhikara
8.2.108	8.3.92	adhikara
8.2.108	8.3.93	adhikara
8.2.108	8.3.94	adhikara
8.2.108	8.3.95	adhikara
8.2.108	8.3.96	adhikara
8.2.108	8.3.97	adhikara
8.2.108	8.3.98	adhikara
8.2.108	8.3.99	adhikara
8.2.108	8.3.100	adhikara
8.2.108	8.3.101	adhikara
8.2.108	8.3.102	adhikara
8.2.108	8.3.103	adhikara
8.2.108	8.3.104	adhikara
8.2.108	8.3.105	adhikara
8.2.108	8.3.106	adhikara
8.2.108	8.3.107	adhikara
8.2.108	8.3.108	adhikara
8.2.108	8.3.109	adhikara
8.2.108	8.3.110	adhikara
8.2.108	8.3.111	adhikara
8.2.108	8.3.112	adhikara
8.2.108	8.3.113	adhikara
8.2.108	8.3.114	adhikara
8.2.108	8.3.115	adhikara
8.2.108	8.3.116	adhikara
8.2.108	8.3.117	adhikara
8.2.108	8.3.118	adhikara
8.2.108	8.3.119	adhikara
8.2.108	8.4.1	adhikara
8.2.108	8.4.2	adhikara
8.2.108	8.4.3	adhikara
8.2.108	8.4.4	adhikara
8.2.108	8.4.5	adhikara
8.2.108	8.4.6	adhikara
8.2.108	8.4.7	adhikara
8.2.108	8.4.8	adhikara
8.2.108	8.4.9	adhikara
8.2.108	8.4.10	adhikara
8.2.108	8.4.11	adhikara
8.2.108	8.4.12	adhikara
8.2.108	8.4.13	adhikara
8.2.108	8.4.14	adhikara
8.2.108	8.4.15	adhikara
8.2.108	8.4.16	adhikara
8.2.108	8.4.17	adhikara
8.2.108	8.4.18	adhikara
8.2.108	8.4.19	adhikara
8.2.108	8.4.20	adhikara
8.2.108	8.4.21	adhikara
8.2.108	8.4.22	adhikara
8.2.108	8.4.23	adhikara
8.2.108	8.4.24	adhikara
8.2.108	8.4.25	adhikara
8.2.108	8.4.26	adhikara
8.2.108	8.4.27	adhikara
8.2.108	8.4.28	adhikara
8.2.108	8.4.29	adhikara
8.2.108	8.4.30	adhikara
8.2.108	8.4.31	adhikara
8.2.108	8.4.32	adhikara
8.2.108	8.4.33	adhikara
8.2.108	8.4.34	adhikara
8.2.108	8.4.35	adhikara
8.2.108	8.4.36	adhikara
8.2.108	8.4.37	adhikara
8.2.108	8.4.38	adhikara
8.2.108	8.4.39	adhikara
8.2.108	8.4.40	adhikara
8.2.108	8.4.41	adhikara
8.2.108	8.4.42	adhikara
8.2.108	8.4.43	adhikara
8.2.108	8.4.44	adhikara
8.2.108	8.4.45	adhikara
8.2.108	8.4.46	adhikara
8.2.108	8.4.47	adhikara
8.2.108	8.4.48	adhikara
8.2.108	8.4.49	adhikara
8.2.108	8.4.50	adhikara
8.2.108	8.4.51	adhikara
8.2.108	8.4.52	adhikara
8.2.108	8.4.53	adhikara
8.2.108	8.4.54	adhikara
8.2.108	8.4.55	adhikara
8.2.108	8.4.56	adhikara
8.2.108	8.4.57	adhikara
8.2.108	8.4.58	adhikara
8.2.108	8.4.59	adhikara
8.2.108	8.4.60	adhikara
8.2.108	8.4.61	adhikara
8.2.108	8.4.62	adhikara
8.2.108	8.4.63	adhikara
8.2.108	8.4.64	adhikara
8.2.108	8.4.65	adhikara
8.2.108	8.4.66	adhikara
8.2.108	8.4.67	adhikara
8.2.108	8.4.68	adhikara
8.3.1	8.3.2	anuvritti
8.3.1	8.3.3	anuvritti
8.3.1	8.3.4	anuvritti
8.3.1	8.3.5	anuvritti
8.3.1	8.3.6	anuvritti
8.3.1	8.3.7	anuvritti
8.3.1	8.3.8	anuvritti
8.3.1	8.3.9	anuvritti
8.3.1	8.3.10	anuvritti
8.3.1	8.3.11	anuvritti
8.3.1	8.3.12	anuvritti
8.3.2	8.3.3	adhikara
8.3.2	8.3.4	adhikara
8.3.2	8.3.5	adhikara
8.3.2	8.3.6	adhikara
8.3.2	8.3.7	adhikara
8.3.2	8.3.8	adhikara
8.3.2	8.3.9	adhikara
8.3.2	8.3.10	adhikara
8.3.2	8.3.11	adhikara
8.3.2	8.3.12	adhikara
8.3.6	8.3.7	anuvritti
8.3.6	8.3.8	anuvritti
8.3.7	8.3.8	anuvritti
8.3.7	8.3.9	anuvritti
8.3.7	8.3.10	anuvritti
8.3.7	8.3.11	anuvritti
8.3.7	8.3.12	anuvritti
8.3.13	8.3.14	anuvritti
8.3.14	8.3.15	anuvritti
8.3.15	8.3.16	anuvritti
8.3.15	8.3.34	anuvritti
8.3.15	8.3.35	anuvritti
8.3.16	8.3.17	anuvritti
8.3.17	8.3.18	anuvritti
8.3.17	8.3.19	anuvritti
8.3.17	8.3.20	anuvritti
8.3.17	8.3.21	anuvritti
8.3.17	8.3.22	anuvritti
8.3.18	8.3.19	anuvritti
8.3.18	8.3.20	anuvritti
8.3.18	8.3.21	anuvritti
8.3.18	8.3.22	anuvritti
8.3.19	8.3.20	anuvritti
8.3.19	8.3.21	anuvritti
8.3.19	8.3.22	anuvritti
8.3.22	8.3.23	anuvritti
8.3.23	8.3.24	anuvritti
8.3.25	8.3.26	anuvritti
8.3.25	8.3.27	anuvritti
8.3.26	8.3.27	anuvritti
8.3.26	8.3.28	anuvritti
8.3.26	8.3.29	anuvritti
8.3.26	8.3.30	anuvritti
8.3.26	8.3.31	anuvritti
8.3.28	8.3.29	anuvritti
8.3.28	8.3.30	anuvritti
8.3.29	8.3.30	anuvritti
8.3.30	8.3.31	anuvritti
8.3.32	8.3.33	anuvritti
8.3.34	8.3.35	anuvritti
8.3.34	8.3.36	anuvritti
8.3.34	8.3.37	anuvritti
8.3.34	8.3.38	anuvritti
8.3.34	8.3.39	anuvritti
8.3.34	8.3.40	anuvritti
8.3.34	8.3.41	anuvritti
8.3.34	8.3.42	anuvritti
8.3.34	8.3.43	anuvritti
8.3.34	8.3.44	anuvritti
8.3.34	8.3.45	anuvritti
8.3.34	8.3.46	anuvritti
8.3.34	8.3.47	anuvritti
8.3.34	8.3.48	anuvritti
8.3.34	8.3.49	anuvritti
8.3.34	8.3.50	anuvritti
8.3.34	8.3.51	anuvritti
8.3.34	8.3.52	anuvritti
8.3.34	8.3.53	anuvritti
8.3.34	8.3.54	anuvritti
8.3.35	8.3.36	anuvritti
8.3.37	8.3.38	anuvritti
8.3.37	8.3.39	anuvritti
8.3.37	8.3.40	anuvritti
8.3.37	8.3.41	anuvritti
8.3.37	8.3.42	anuvritti
8.3.37	8.3.43	anuvritti
8.3.37	8.3.44	anuvritti
8.3.37	8.3.45	anuvritti
8.3.37	8.3.46	anuvritti
8.3.37	8.3.47	anuvritti
8.3.37	8.3.48	anuvritti
8.3.37	8.3.49	anuvritti
8.3.37	8.3.50	anuvritti
8.3.37	8.3.51	anuvritti
8.3.37	8.3.52	anuvritti
8.3.37	8.3.53	anuvritti
8.3.37	8.3.54	anuvritti
8.3.38	8.3.39	anuvritti
8.3.38	8.3.40	anuvritti
8.3.38	8.3.41	anuvritti
8.3.38	8.3.42	anuvritti
8.3.38	8.3.43	anuvritti
8.3.38	8.3.44	anuvritti
8.3.38	8.3.45	anuvritti
8.3.38	8.3.46	anuvritti
8.3.38	8.3.47	anuvritti
8.3.38	8.3.48	anuvritti
8.3.38	8.3.49	anuvritti
8.3.38	8.3.50	anuvritti
8.3.38	8.3.51	anuvritti
8.3.38	8.3.52	anuvritti
8.3.38	8.3.53	anuvritti
8.3.38	8.3.54	anuvritti
8.3.39	8.3.40	anuvritti
8.3.39	8.3.41	anuvritti
8.3.39	8.3.42	anuvritti
8.3.39	8.3.43	anuvritti
8.3.39	8.3.44	anuvritti
8.3.39	8.3.45	anuvritti
8.3.39	8.3.46	anuvritti
8.3.39	8.3.47	anuvritti
8.3.39	8.3.48	anuvritti
8.3.42	8.3.43	anuvritti
8.3.42	8.3.44	anuvritti
8.3.44	8.3.45	anuvritti
8.3.45	8.3.46	anuvritti
8.3.45	8.3.47	anuvritti
8.3.45	8.3.48	anuvritti
8.3.45	8.3.49	anuvritti
8.3.45	8.3.50	anuvritti
8.3.45	8.3.51	anuvritti
8.3.45	8.3.52	anuvritti
8.3.45	8.3.53	anuvritti
8.3.45	8.3.54	anuvritti
8.3.49	8.3.50	anuvritti
8.3.49	8.3.51	anuvritti
8.3.49	8.3.52	anuvritti
8.3.49	8.3.53	anuvritti
8.3.49	8.3.54	anuvritti
8.3.51	8.3.52	anuvritti
8.3.53	8.3.54	anuvritti
8.3.55	8.3.56	adhikara
8.3.55	8.3.57	adhikara
8.3.55	8.3.58	adhikara
8.3.55	8.3.59	adhikara
8.3.55	8.3.60	adhikara
8.3.55	8.3.61	adhikara
8.3.55	8.3.62	adhikara
8.3.55	8.3.63	adhikara
8.3.55	8.3.64	adhikara
8.3.55	8.3.65	adhikara
8.3.55	8.3.66	adhikara
8.3.55	8.3.67	adhikara
8.3.55	8.3.68	adhikara
8.3.55	8.3.69	adhikara
8.3.55	8.3.70	adhikara
8.3.55	8.3.71	adhikara
8.3.55	8.3.72	adhikara
8.3.55	8.3.73	adhikara
8.3.55	8.3.74	adhikara
8.3.55	8.3.75	adhikara
8.3.55	8.3.76	adhikara
8.3.55	8.3.77	adhikara
8.3.55	8.3.78	adhikara
8.3.55	8.3.79	adhikara
8.3.55	8.3.80	adhikara
8.3.55	8.3.81	adhikara
8.3.55	8.3.82	adhikara
8.3.55	8.3.83	adhikara
8.3.55	8.3.84	adhikara
8.3.55	8.3.85	adhikara
8.3.55	8.3.86	adhikara
8.3.55	8.3.87	adhikara
8.3.55	8.3.88	adhikara
8.3.55	8.3.89	adhikara
8.3.55	8.3.90	adhikara
8.3.55	8.3.91	adhikara
8.3.55	8.3.92	adhikara
8.3.55	8.3.93	adhikara
8.3.55	8.3.94	adhikara
8.3.55	8.3.95	adhikara
8.3.55	8.3.96	adhikara
8.3.55	8.3.97	adhikara
8.3.55	8.3.98	adhikara
8.3.55	8.3.99	adhikara
8.3.55	8.3.100	adhikara
8.3.55	8.3.101	adhikara
8.3.55	8.3.102	adhikara
8.3.55	8.3.103	adhikara
8.3.55	8.3.104	adhikara
8.3.55	8.3.105	adhikara
8.3.55	8.3.106	adhikara
8.3.55	8.3.107	adhikara
8.3.55	8.3.108	adhikara
8.3.55	8.3.109	adhikara
8.3.55	8.3.110	adhikara
8.3.55	8.3.111	adhikara
8.3.55	8.3.112	adhikara
8.3.55	8.3.113	adhikara
8.3.55	8.3.114	adhikara
8.3.55	8.3.115	adhikara
8.3.55	8.3.116	adhikara
8.3.55	8.3.117	adhikara
8.3.55	8.3.118	adhikara
8.3.55	8.3.119	adhikara
8.3.56	8.3.57	anuvritti
8.3.56	8.3.58	anuvritti
8.3.56	8.3.59	anuvritti
8.3.56	8.3.60	anuvritti
8.3.56	8.3.61	anuvritti
8.3.56	8.3.62	anuvritti
8.3.56	8.3.63	anuvritti
8.3.56	8.3.64	anuvritti
8.3.56	8.3.65	anuvritti
8.3.56	8.3.66	anuvritti
8.3.56	8.3.67	anuvritti
8.3.56	8.3.68	anuvritti
8.3.56	8.3.69	anuvritti
8.3.56	8.3.70	anuvritti
8.3.56	8.3.71	anuvritti
8.3.56	8.3.72	anuvritti
8.3.56	8.3.73	anuvritti
8.3.56	8.3.74	anuvritti
8.3.56	8.3.75	anuvritti
8.3.56	8.3.76	anuvritti
8.3.56	8.3.77	anuvritti
8.3.56	8.3.78	anuvritti
8.3.56	8.3.79	anuvritti
8.3.56	8.3.80	anuvritti
8.3.56	8.3.81	anuvritti
8.3.56	8.3.82	anuvritti
8.3.56	8.3.83	anuvritti
8.3.56	8.3.84	anuvritti
8.3.56	8.3.85	anuvritti
8.3.56	8.3.86	anuvritti
8.3.56	8.3.87	anuvritti
8.3.56	8.3.88	anuvritti
8.3.56	8.3.89	anuvritti
8.3.56	8.3.90	anuvritti
8.3.56	8.3.91	anuvritti
8.3.56	8.3.92	anuvritti
8.3.56	8.3.93	anuvritti
8.3.56	8.3.94	anuvritti
8.3.56	8.3.95	anuvritti
8.3.56	8.3.96	anuvritti
8.3.56	8.3.97	anuvritti
8.3.56	8.3.98	anuvritti
8.3.56	8.3.99	anuvritti
8.3.56	8.3.100	anuvritti
8.3.56	8.3.101	anuvritti
8.3.56	8.3.102	anuvritti
8.3.56	8.3.103	anuvritti
8.3.56	8.3.104	anuvritti
8.3.56	8.3.105	anuvritti
8.3.56	8.3.106	anuvritti
8.3.56	8.3.107	anuvritti
8.3.56	8.3.108	anuvritti
8.3.56	8.3.109	anuvritti
8.3.56	8.3.110	anuvritti
8.3.56	8.3.111	anuvritti
8.3.56	8.3.112	anuvritti
8.3.56	8.3.113	anuvritti
8.3.56	8.3.114	anuvritti
8.3.56	8.3.115	anuvritti
8.3.56	8.3.116	anuvritti
8.3.56	8.3.117	anuvritti
8.3.56	8.3.118	anuvritti
8.3.56	8.3.119	anuvritti
8.3.57	8.3.58	adhikara
8.3.57	8.3.59	adhikara
8.3.57	8.3.60	adhikara
8.3.57	8.3.61	adhikara
8.3.57	8.3.62	adhikara
8.3.57	8.3.63	adhikara
8.3.57	8.3.64	adhikara
8.3.57	8.3.65	adhikara
8.3.57	8.3.66	adhikara
8.3.57	8.3.67	adhikara
8.3.57	8.3.68	adhikara
8.3.57	8.3.69	adhikara
8.3.57	8.3.70	adhikara
8.3.57	8.3.71	adhikara
8.3.57	8.3.72	adhikara
8.3.57	8.3.73	adhikara
8.3.57	8.3.74	adhikara
8.3.57	8.3.75	adhikara
8.3.57	8.3.76	adhikara
8.3.57	8.3.77	adhikara
8.3.57	8.3.78	adhikara
8.3.57	8.3.79	adhikara
8.3.57	8.3.80	adhikara
8.3.57	8.3.81	adhikara
8.3.57	8.3.82	adhikara
8.3.57	8.3.83	adhikara
8.3.57	8.3.84	adhikara
8.3.57	8.3.85	adhikara
8.3.57	8.3.86	adhikara
8.3.57	8.3.87	adhikara
8.3.57	8.3.88	adhikara
8.3.57	8.3.89	adhikara
8.3.57	8.3.90	adhikara
8.3.57	8.3.91	adhikara
8.3.57	8.3.92	adhikara
8.3.57	8.3.93	adhikara
8.3.57	8.3.94	adhikara
8.3.57	8.3.95	adhikara
8.3.57	8.3.96	adhikara
8.3.57	8.3.97	adhikara
8.3.57	8.3.98	adhikara
8.3.57	8.3.99	adhikara
8.3.57	8.3.100	adhikara
8.3.57	8.3.101	adhikara
8.3.57	8.3.102	adhikara
8.3.57	8.3.103	adhikara
8.3.57	8.3.104	adhikara
8.3.57	8.3.105	adhikara
8.3.57	8.3.106	adhikara
8.3.57	8.3.107	adhikara
8.3.57	8.3.108	adhikara
8.3.57	8.3.109	adhikara
8.3.57	8.3.110	adhikara
8.3.57	8.3.111	adhikara
8.3.57	8.3.112	adhikara
8.3.57	8.3.113	adhikara
8.3.57	8.3.114	adhikara
8.3.57	8.3.115	adhikara
8.3.57	8.3.116	adhikara
8.3.57	8.3.117	adhikara
8.3.57	8.3.118	adhikara
8.3.57	8.3.119	adhikara
8.3.58	8.3.59	anuvritti
8.3.61	8.3.62	anuvritti
8.3.63	8.3.64	anuvritti
8.3.63	8.3.65	anuvritti
8.3.63	8.3.66	anuvritti
8.3.63	8.3.67	anuvritti
8.3.63	8.3.68	anuvritti
8.3.63	8.3.69	anuvritti
8.3.63	8.3.70	anuvritti
8.3.64	8.3.65	anuvritti
8.3.65	8.3.66	anuvritti
8.3.65	8.3.67	anuvritti
8.3.65	8.3.68	anuvritti
8.3.65	8.3.69	anuvritti
8.3.65	8.3.70	anuvritti
8.3.65	8.3.71	anuvritti
8.3.65	8.3.72	anuvritti
8.3.65	8.3.73	anuvritti
8.3.65	8.3.74	anuvritti
8.3.65	8.3.75	anuvritti
8.3.65	8.3.76	anuvritti
8.3.65	8.3.77	anuvritti
8.3.67	8.3.68	anuvritti
8.3.68	8.3.69	anuvritti
8.3.70	8.3.71	anuvritti
8.3.71	8.3.72	anuvritti
8.3.71	8.3.73	anuvritti
8.3.71	8.3.74	anuvritti
8.3.71	8.3.75	anuvritti
8.3.71	8.3.76	anuvritti
8.3.73	8.3.74	anuvritti
8.3.73	8.3.75	anuvritti
8.3.78	8.3.79	anuvritti
8.3.80	8.3.81	anuvritti
8.3.80	8.3.82	anuvritti
8.3.80	8.3.83	anuvritti
8.3.80	8.3.84	anuvritti
8.3.80	8.3.85	anuvritti
8.3.84	8.3.85	anuvritti
8.3.85	8.3.86	anuvritti
8.3.93	8.3.94	anuvritti
8.3.99	8.3.100	anuvritti
8.3.101	8.3.102	anuvritti
8.3.101	8.3.103	anuvritti
8.3.101	8.3.104	anuvritti
8.3.103	8.3.104	anuvritti
8.3.104	8.3.105	anuvritti
8.3.104	8.3.106	anuvritti
8.3.105	8.3.106	anuvritti
8.3.105	8.3.107	anuvritti
8.3.105	8.3.108	anuvritti
8.3.105	8.3.109	anuvritti
8.3.106	8.3.107	anuvritti
8.3.106	8.3.108	anuvritti
8.3.106	8.3.109	anuvritti
8.3.110	8.3.111	anuvritti
8.3.110	8.3.112	anuvritti
8.3.110	8.3.113	anuvritti
8.3.110	8.3.114	anuvritti
8.3.110	8.3.115	anuvritti
8.3.110	8.3.116	anuvritti
8.3.110	8.3.117	anuvritti
8.3.110	8.3.118	anuvritti
8.3.110	8.3.119	anuvritti
8.4.1	8.4.2	anuvritti
8.4.1	8.4.3	anuvritti
8.4.1	8.4.4	anuvritti
8.4.1	8.4.5	anuvritti
8.4.1	8.4.6	anuvritti
8.4.1	8.4.7	anuvritti
8.4.1	8.4.8	anuvritti
8.4.1	8.4.9	anuvritti
8.4.1	8.4.10	anuvritti
8.4.1	8.4.11	anuvritti
8.4.1	8.4.12	anuvritti
8.4.1	8.4.13	anuvritti
8.4.1	8.4.14	anuvritti
8.4.1	8.4.15	anuvritti
8.4.1	8.4.16	anuvritti
8.4.1	8.4.17	anuvritti
8.4.1	8.4.18	anuvritti
8.4.1	8.4.19	anuvritti
8.4.1	8.4.20	anuvritti
8.4.1	8.4.21	anuvritti
8.4.1	8.4.22	anuvritti
8.4.1	8.4.23	anuvritti
8.4.1	8.4.24	anuvritti
8.4.1	8.4.25	anuvritti
8.4.1	8.4.26	anuvritti
8.4.1	8.4.27	anuvritti
8.4.1	8.4.28	anuvritti
8.4.1	8.4.29	anuvritti
8.4.1	8.4.30	anuvritti
8.4.1	8.4.31	anuvritti
8.4.1	8.4.32	anuvritti
8.4.1	8.4.33	anuvritti
8.4.1	8.4.34	anuvritti
8.4.1	8.4.35	anuvritti
8.4.1	8.4.36	anuvritti
8.4.1	8.4.37	anuvritti
8.4.1	8.4.38	anuvritti
8.4.1	8.4.39	anuvritti
8.4.3	8.4.4	anuvritti
8.4.3	8.4.5	anuvritti
8.4.3	8.4.6	anuvritti
8.4.3	8.4.7	anuvritti
8.4.3	8.4.8	anuvritti
8.4.3	8.4.9	anuvritti
8.4.3	8.4.10	anuvritti
8.4.3	8.4.11	anuvritti
8.4.3	8.4.12	anuvritti
8.4.3	8.4.13	anuvritti
8.4.4	8.4.5	anuvritti
8.4.4	8.4.6	anuvritti
8.4.9	8.4.10	anuvritti
8.4.10	8.4.11	anuvritti
8.4.11	8.4.12	anuvritti
8.4.11	8.4.13	anuvritti
8.4.14	8.4.15	anuvritti
8.4.14	8.4.16	anuvritti
8.4.14	8.4.17	anuvritti
8.4.14	8.4.18	anuvritti
8.4.14	8.4.19	anuvritti
8.4.14	8.4.20	anuvritti
8.4.14	8.4.21	anuvritti
8.4.14	8.4.22	anuvritti
8.4.14	8.4.23	anuvritti
8.4.17	8.4.18	anuvritti
8.4.19	8.4.20	anuvritti
8.4.19	8.4.21	anuvritti
8.4.22	8.4.23	anuvritti
8.4.24	8.4.25	anuvritti
8.4.26	8.4.27	anuvritti
8.4.27	8.4.28	anuvritti
8.4.28	8.4.29	anuvritti
8.4.28	8.4.30	anuvritti
8.4.28	8.4.31	anuvritti
8.4.28	8.4.32	anuvritti
8.4.28	8.4.33	anuvritti
8.4.28	8.4.34	anuvritti
8.4.29	8.4.30	anuvritti
8.4.29	8.4.31	anuvritti
8.4.29	8.4.32	anuvritti
8.4.29	8.4.33	anuvritti
8.4.29	8.4.34	anuvritti
8.4.30	8.4.31	anuvritti
8.4.31	8.4.32	anuvritti
8.4.34	8.4.35	anuvritti
8.4.34	8.4.36	anuvritti
8.4.34	8.4.37	anuvritti
8.4.34	8.4.38	anuvritti
8.4.34	8.4.39	anuvritti
8.4.40	8.4.41	anuvritti
8.4.40	8.4.42	anuvritti
8.4.40	8.4.44	anuvritti
8.4.41	8.4.42	anuvritti
8.4.41	8.4.43	anuvritti
8.4.42	8.4.43	anuvritti
8.4.42	8.4.44	anuvritti
8.4.42	8.4.45	anuvritti
8.4.43	8.4.44	anuvritti
8.4.45	8.4.46	anuvritti
8.4.45	8.4.47	anuvritti
8.4.46	8.4.47	anuvritti
8.4.46	8.4.48	anuvritti
8.4.46	8.4.49	anuvritti
8.4.46	8.4.50	anuvritti
8.4.46	8.4.51	anuvritti
8.4.46	8.4.52	anuvritti
8.4.48	8.4.49	anuvritti
8.4.48	8.4.50	anuvritti
8.4.48	8.4.51	anuvritti
8.4.48	8.4.52	anuvritti
8.4.53	8.4.54	anuvritti
8.4.53	8.4.55	anuvritti
8.4.53	8.4.56	anuvritti
8.4.54	8.4.55	anuvritti
8.4.54	8.4.56	anuvritti
8.4.56	8.4.57	anuvritti
8.4.58	8.4.59	anuvritti
8.4.58	8.4.60	anuvritti
8.4.58	8.4.61	anuvritti
8.4.58	8.4.62	anuvritti
8.4.58	8.4.64	anuvritti
8.4.58	8.4.65	anuvritti
8.4.61	8.4.62	anuvritti
8.4.62	8.4.63	anuvritti
8.4.62	8.4.64	anuvritti
8.4.62	8.4.65	anuvritti
8.4.64	8.4.65	anuvritti
8.4.66	8.4.67	anuvritti
