src_ref	dst_ref	rel	devanagari_src
1.1.1	1.1.3	anuvritti	वृद्धिरादैच्
1.1.2	1.1.3	anuvritti	अदेङ् गुणः
1.1.3	1.1.4	anuvritti	इको गुणवृद्धी
1.1.4	1.1.5	anuvritti	न धातुलोप आर्धधातुके
1.1.4	1.1.6	anuvritti	न धातुलोप आर्धधातुके
1.1.9	1.1.10	anuvritti	तुल्यास्यप्रयत्नं सवर्णम्
1.1.11	1.1.12	anuvritti	ईदूदेद्द्विवचनं प्रगृह्यम्
1.1.11	1.1.13	anuvritti	ईदूदेद्द्विवचनं प्रगृह्यम्
1.1.11	1.1.14	anuvritti	ईदूदेद्द्विवचनं प्रगृह्यम्
1.1.11	1.1.19	anuvritti	ईदूदेद्द्विवचनं प्रगृह्यम्
1.1.14	1.1.15	anuvritti	निपात एकाजनाङ्
1.1.15	1.1.16	anuvritti	ओत्
1.1.16	1.1.17	anuvritti	सम्बुद्धौ शाकल्यस्येतावनार्षे
1.1.17	1.1.18	anuvritti	उञः
1.1.23	1.1.24	anuvritti	बहुगणवतुडति संख्या
1.1.24	1.1.25	anuvritti	ष्णान्ता षट्
1.1.27	1.1.28	anuvritti	सर्वादीनि सर्वनामानि
1.1.27	1.1.29	anuvritti	सर्वादीनि सर्वनामानि
1.1.29	1.1.30	anuvritti	न बहुव्रीहौ
1.1.29	1.1.31	anuvritti	न बहुव्रीहौ
1.1.31	1.1.32	anuvritti	द्वन्द्वे च
1.1.32	1.1.33	anuvritti	विभाषा जसि
1.1.32	1.1.34	anuvritti	विभाषा जसि
1.1.32	1.1.35	anuvritti	विभाषा जसि
1.1.32	1.1.36	anuvritti	विभाषा जसि
1.1.37	1.1.38	anuvritti	स्वरादिनिपातमव्ययम्
1.1.37	1.1.39	anuvritti	स्वरादिनिपातमव्ययम्
1.1.37	1.1.40	anuvritti	स्वरादिनिपातमव्ययम्
1.1.37	1.1.41	anuvritti	स्वरादिनिपातमव्ययम्
1.1.42	1.1.43	anuvritti	शि सर्वनामस्थानम्
1.1.49	1.1.51	anuvritti	षष्ठी स्थानेयोगा
1.1.49	1.1.52	anuvritti	षष्ठी स्थानेयोगा
1.1.49	1.1.55	anuvritti	षष्ठी स्थानेयोगा
1.1.50	1.1.60	anuvritti	स्थानेऽन्तरतमः
1.1.52	1.1.53	anuvritti	अलोऽन्त्यस्य
1.1.52	1.1.54	anuvritti	अलोऽन्त्यस्य
1.1.56	1.1.57	anuvritti	स्थानिवदादेशोऽनल्विधौ
1.1.56	1.1.59	anuvritti	स्थानिवदादेशोऽनल्विधौ
1.1.57	1.1.58	anuvritti	अचः परस्मिन् पूर्वविधौ
1.1.60	1.1.61	anuvritti	अदर्शनं लोपः
1.1.62	1.1.63	anuvritti	प्रत्ययलोपे प्रत्ययलक्षणम्
1.1.66	1.1.67	anuvritti	तस्मिन्निति निर्दिष्टे पूर्वस्य
1.1.68	1.1.69	anuvritti	स्वं रूपं शब्दस्याशब्दसंज्ञा
1.1.68	1.1.71	anuvritti	स्वं रूपं शब्दस्याशब्दसंज्ञा
1.1.68	1.1.72	anuvritti	स्वं रूपं शब्दस्याशब्दसंज्ञा
1.1.69	1.1.70	anuvritti	अणुदित् सवर्णस्य चाप्रत्ययः
1.1.73	1.1.74	anuvritti	वृद्धिर्यस्याचामादिस्तद् वृद्धम्
1.1.73	1.1.75	anuvritti	वृद्धिर्यस्याचामादिस्तद् वृद्धम्
1.2.1	1.2.2	anuvritti	गाङ्कुटादिभ्योऽञ्णिन्ङित्
1.2.1	1.2.4	anuvritti	गाङ्कुटादिभ्योऽञ्णिन्ङित्
1.2.2	1.2.3	anuvritti	विज इट्
1.2.4	1.2.5	anuvritti	सार्वधातुकमपित्
1.2.5	1.2.6	anuvritti	असंयोगाल्लिट् कित्
1.2.5	1.2.7	anuvritti	असंयोगाल्लिट् कित्
1.2.5	1.2.18	anuvritti	असंयोगाल्लिट् कित्
1.2.7	1.2.8	anuvritti	मृडमृदगुधकुषक्लिशवदवसः क्त्वा
1.2.8	1.2.9	anuvritti	रुदविदमुषग्रहिस्वपिप्रच्छः सँश्च
1.2.9	1.2.10	anuvritti	इको झल्
1.2.10	1.2.11	anuvritti	हलन्ताच्च
1.2.11	1.2.12	anuvritti	लिङ्सिचावात्मनेपदेषु
1.2.11	1.2.13	anuvritti	लिङ्सिचावात्मनेपदेषु
1.2.11	1.2.14	anuvritti	लिङ्सिचावात्मनेपदेषु
1.2.14	1.2.15	anuvritti	हनः सिच्
1.2.14	1.2.17	anuvritti	हनः सिच्
1.2.15	1.2.16	anuvritti	यमो गन्धने
1.2.18	1.2.19	anuvritti	न क्त्वा सेट्
1.2.19	1.2.20	anuvritti	निष्ठा शीङ्स्विदिमिदिक्ष्विदिधृषः
1.2.19	1.2.21	anuvritti	निष्ठा शीङ्स्विदिमिदिक्ष्विदिधृषः
1.2.19	1.2.22	anuvritti	निष्ठा शीङ्स्विदिमिदिक्ष्विदिधृषः
1.2.22	1.2.23	anuvritti	पूङः क्त्वा च
1.2.23	1.2.24	anuvritti	नोपधात्थफान्ताद्वा
1.2.23	1.2.25	anuvritti	नोपधात्थफान्ताद्वा
1.2.23	1.2.26	anuvritti	नोपधात्थफान्ताद्वा
1.2.27	1.2.28	anuvritti	ऊकालोऽज्झ्रस्वदीर्घप्लुतः
1.2.27	1.2.29	anuvritti	ऊकालोऽज्झ्रस्वदीर्घप्लुतः
1.2.27	1.2.30	anuvritti	ऊकालोऽज्झ्रस्वदीर्घप्लुतः
1.2.27	1.2.31	anuvritti	ऊकालोऽज्झ्रस्वदीर्घप्लुतः
1.2.33	1.2.34	anuvritti	एकश्रुति दूरात् सम्बुद्धौ
1.2.33	1.2.36	anuvritti	एकश्रुति दूरात् सम्बुद्धौ
1.2.33	1.2.37	anuvritti	एकश्रुति दूरात् सम्बुद्धौ
1.2.33	1.2.39	anuvritti	एकश्रुति दूरात् सम्बुद्धौ
1.2.34	1.2.35	anuvritti	यज्ञकर्मण्यजपन्यूङ्खसामसु
1.2.37	1.2.38	anuvritti	न सुब्रह्मण्यायां स्वरितस्य तूदात्तः
1.2.39	1.2.40	anuvritti	स्वरितात् संहितायामनुदात्तानाम्
1.2.43	1.2.44	anuvritti	प्रथमानिर्दिष्टं समास उपसर्जनम्
1.2.45	1.2.46	anuvritti	अर्थवदधातुरप्रत्ययः प्रातिपदिकम्
1.2.47	1.2.48	anuvritti	ह्रस्वो नपुंसके प्रातिपदिकस्य
1.2.48	1.2.49	anuvritti	गोस्त्रियोरुपसर्जनस्य
1.2.49	1.2.50	anuvritti	लुक् तद्धितलुकि
1.2.51	1.2.52	anuvritti	लुपि युक्तवद्व्यक्तिवचने
1.2.53	1.2.54	anuvritti	तदशिष्यं संज्ञाप्रमाणत्वात्
1.2.53	1.2.55	anuvritti	तदशिष्यं संज्ञाप्रमाणत्वात्
1.2.53	1.2.56	anuvritti	तदशिष्यं संज्ञाप्रमाणत्वात्
1.2.56	1.2.57	anuvritti	प्रधानप्रत्ययार्थवचनमर्थस्यान्यप्रमाणत्वात्
1.2.56	1.2.58	anuvritti	प्रधानप्रत्ययार्थवचनमर्थस्यान्यप्रमाणत्वात्
1.2.58	1.2.59	anuvritti	जात्याख्यायामेकस्मिन् बहुवचनमन्यतरस्याम्
1.2.59	1.2.60	anuvritti	अस्मदो द्वयोश्च
1.2.60	1.2.61	anuvritti	फल्गुनीप्रोष्ठपदानां च नक्षत्रे
1.2.61	1.2.62	anuvritti	छन्दसि पुनर्वस्वोरेकवचनम्
1.2.64	1.2.65	anuvritti	सरूपाणामेकशेष एकविभक्तौ
1.2.64	1.2.72	anuvritti	सरूपाणामेकशेष एकविभक्तौ
1.2.64	1.2.73	anuvritti	सरूपाणामेकशेष एकविभक्तौ
1.2.65	1.2.66	anuvritti	वृद्धो यूना तल्लक्षणश्चेदेव विशेषः
1.2.65	1.2.67	anuvritti	वृद्धो यूना तल्लक्षणश्चेदेव विशेषः
1.2.65	1.2.68	anuvritti	वृद्धो यूना तल्लक्षणश्चेदेव विशेषः
1.2.65	1.2.69	anuvritti	वृद्धो यूना तल्लक्षणश्चेदेव विशेषः
1.2.69	1.2.70	anuvritti	नपुंसकमनपुंसकेनैकवच्चास्यान्यतरस्याम्
1.2.69	1.2.71	anuvritti	नपुंसकमनपुंसकेनैकवच्चास्यान्यतरस्याम्
1.3.2	1.3.3	anuvritti	उपदेशेऽजनुनासिक इत्
1.3.2	1.3.5	anuvritti	उपदेशेऽजनुनासिक इत्
1.3.2	1.3.12	anuvritti	उपदेशेऽजनुनासिक इत्
1.3.3	1.3.4	anuvritti	हलन्त्यम्
1.3.5	1.3.6	anuvritti	आदिर्ञिटुडवः
1.3.6	1.3.7	anuvritti	षः प्रत्ययस्य
1.3.6	1.3.8	anuvritti	षः प्रत्ययस्य
1.3.12	1.3.13	anuvritti	अनुदात्तङित आत्मनेपदम्
1.3.12	1.3.14	anuvritti	अनुदात्तङित आत्मनेपदम्
1.3.12	1.3.17	anuvritti	अनुदात्तङित आत्मनेपदम्
1.3.12	1.3.18	anuvritti	अनुदात्तङित आत्मनेपदम्
1.3.12	1.3.19	anuvritti	अनुदात्तङित आत्मनेपदम्
1.3.12	1.3.20	anuvritti	अनुदात्तङित आत्मनेपदम्
1.3.12	1.3.22	anuvritti	अनुदात्तङित आत्मनेपदम्
1.3.12	1.3.30	anuvritti	अनुदात्तङित आत्मनेपदम्
1.3.12	1.3.32	anuvritti	अनुदात्तङित आत्मनेपदम्
1.3.12	1.3.36	anuvritti	अनुदात्तङित आत्मनेपदम्
1.3.12	1.3.38	anuvritti	अनुदात्तङित आत्मनेपदम्
1.3.12	1.3.44	anuvritti	अनुदात्तङित आत्मनेपदम्
1.3.12	1.3.47	anuvritti	अनुदात्तङित आत्मनेपदम्
1.3.12	1.3.51	anuvritti	अनुदात्तङित आत्मनेपदम्
1.3.12	1.3.53	anuvritti	अनुदात्तङित आत्मनेपदम्
1.3.12	1.3.56	anuvritti	अनुदात्तङित आत्मनेपदम्
1.3.12	1.3.57	anuvritti	अनुदात्तङित आत्मनेपदम्
1.3.12	1.3.60	anuvritti	अनुदात्तङित आत्मनेपदम्
1.3.12	1.3.62	anuvritti	अनुदात्तङित आत्मनेपदम्
1.3.12	1.3.63	anuvritti	अनुदात्तङित आत्मनेपदम्
1.3.12	1.3.64	anuvritti	अनुदात्तङित आत्मनेपदम्
1.3.12	1.3.65	anuvritti	अनुदात्तङित आत्मनेपदम्
1.3.12	1.3.66	anuvritti	अनुदात्तङित आत्मनेपदम्
1.3.12	1.3.67	anuvritti	अनुदात्तङित आत्मनेपदम्
1.3.12	1.3.72	anuvritti	अनुदात्तङित आत्मनेपदम्
1.3.14	1.3.15	anuvritti	कर्तरि कर्मव्यतिहारे
1.3.14	1.3.78	anuvritti	कर्तरि कर्मव्यतिहारे
1.3.15	1.3.16	anuvritti	न गतिहिंसार्थेभ्यः
1.3.20	1.3.21	anuvritti	आङो दोऽनास्यविहरणे
1.3.22	1.3.23	anuvritti	समवप्रविभ्यः स्थः
1.3.22	1.3.24	anuvritti	समवप्रविभ्यः स्थः
1.3.22	1.3.25	anuvritti	समवप्रविभ्यः स्थः
1.3.25	1.3.26	anuvritti	उपान्मन्त्रकरणे
1.3.26	1.3.27	anuvritti	अकर्मकाच्च
1.3.26	1.3.28	anuvritti	अकर्मकाच्च
1.3.26	1.3.29	anuvritti	अकर्मकाच्च
1.3.30	1.3.31	anuvritti	निसमुपविभ्यो ह्वः
1.3.32	1.3.33	anuvritti	गन्धनावक्षेपणसेवनसाहसिक्यप्रतियत्नप्रकथनोपयोगेषु कृञः
1.3.32	1.3.34	anuvritti	गन्धनावक्षेपणसेवनसाहसिक्यप्रतियत्नप्रकथनोपयोगेषु कृञः
1.3.34	1.3.35	anuvritti	वेः शब्दकर्मणः
1.3.36	1.3.37	anuvritti	सम्माननोत्सञ्जनाचार्यकरणज्ञानभृतिविगणनव्ययेषु नियः
1.3.38	1.3.39	anuvritti	वृत्तिसर्गतायनेषु क्रमः
1.3.38	1.3.40	anuvritti	वृत्तिसर्गतायनेषु क्रमः
1.3.38	1.3.41	anuvritti	वृत्तिसर्गतायनेषु क्रमः
1.3.38	1.3.42	anuvritti	वृत्तिसर्गतायनेषु क्रमः
1.3.38	1.3.43	anuvritti	वृत्तिसर्गतायनेषु क्रमः
1.3.44	1.3.45	anuvritti	अपह्नवे ज्ञः
1.3.44	1.3.46	anuvritti	अपह्नवे ज्ञः
1.3.47	1.3.48	anuvritti	भासनोपसम्भाषाज्ञानयत्नविमत्युपमन्त्रणेषु वदः
1.3.48	1.3.49	anuvritti	व्यक्तवाचां समुच्चारणे
1.3.48	1.3.50	anuvritti	व्यक्तवाचां समुच्चारणे
1.3.51	1.3.52	anuvritti	अवाद्ग्रः
1.3.53	1.3.54	anuvritti	उदश्चरः सकर्मकात्
1.3.54	1.3.55	anuvritti	समस्तृतीयायुक्तात्
1.3.57	1.3.58	anuvritti	ज्ञाश्रुस्मृदृशां सनः
1.3.58	1.3.59	anuvritti	नानोर्ज्ञः
1.3.60	1.3.61	anuvritti	शदेः शितः
1.3.67	1.3.68	anuvritti	णेरणौ यत्कर्म णौ चेत् स कर्ताऽनाध्याने
1.3.67	1.3.69	anuvritti	णेरणौ यत्कर्म णौ चेत् स कर्ताऽनाध्याने
1.3.67	1.3.71	anuvritti	णेरणौ यत्कर्म णौ चेत् स कर्ताऽनाध्याने
1.3.69	1.3.70	anuvritti	गृधिवञ्च्योः प्रलम्भने
1.3.72	1.3.73	anuvritti	स्वरितञितः कर्त्रभिप्राये क्रियाफले
1.3.72	1.3.74	anuvritti	स्वरितञितः कर्त्रभिप्राये क्रियाफले
1.3.72	1.3.75	anuvritti	स्वरितञितः कर्त्रभिप्राये क्रियाफले
1.3.72	1.3.76	anuvritti	स्वरितञितः कर्त्रभिप्राये क्रियाफले
1.3.72	1.3.77	anuvritti	स्वरितञितः कर्त्रभिप्राये क्रियाफले
1.3.78	1.3.79	anuvritti	शेषात् कर्तरि परस्मैपदम्
1.3.78	1.3.80	anuvritti	शेषात् कर्तरि परस्मैपदम्
1.3.78	1.3.81	anuvritti	शेषात् कर्तरि परस्मैपदम्
1.3.78	1.3.82	anuvritti	शेषात् कर्तरि परस्मैपदम्
1.3.78	1.3.83	anuvritti	शेषात् कर्तरि परस्मैपदम्
1.3.78	1.3.86	anuvritti	शेषात् कर्तरि परस्मैपदम्
1.3.78	1.3.90	anuvritti	शेषात् कर्तरि परस्मैपदम्
1.3.83	1.3.84	anuvritti	व्याङ्परिभ्यो रमः
1.3.84	1.3.85	anuvritti	उपाच्च
1.3.86	1.3.87	anuvritti	बुधयुधनशजनेङ्प्रुद्रुस्रुभ्यो णेः
1.3.86	1.3.88	anuvritti	बुधयुधनशजनेङ्प्रुद्रुस्रुभ्यो णेः
1.3.86	1.3.89	anuvritti	बुधयुधनशजनेङ्प्रुद्रुस्रुभ्यो णेः
1.3.90	1.3.91	anuvritti	वा क्यषः
1.3.90	1.3.92	anuvritti	वा क्यषः
1.3.92	1.3.93	anuvritti	वृद्भ्यः स्यसनोः
1.4.1	1.4.2	adhikara	आ कडारादेका संज्ञा
1.4.1	1.4.3	adhikara	आ कडारादेका संज्ञा
1.4.1	1.4.10	adhikara	आ कडारादेका संज्ञा
1.4.1	1.4.13	adhikara	आ कडारादेका संज्ञा
1.4.1	1.4.14	adhikara	आ कडारादेका संज्ञा
1.4.1	1.4.21	adhikara	आ कडारादेका संज्ञा
1.4.1	1.4.22	adhikara	आ कडारादेका संज्ञा
1.4.1	1.4.23	adhikara	आ कडारादेका संज्ञा
1.4.1	1.4.56	adhikara	आ कडारादेका संज्ञा
1.4.1	1.4.99	adhikara	आ कडारादेका संज्ञा
1.4.1	1.4.101	adhikara	आ कडारादेका संज्ञा
1.4.1	1.4.105	adhikara	आ कडारादेका संज्ञा
1.4.1	1.4.109	adhikara	आ कडारादेका संज्ञा
1.4.1	1.4.110	adhikara	आ कडारादेका संज्ञा
1.4.1	2.1.1	adhikara	आ कडारादेका संज्ञा
1.4.1	2.1.2	adhikara	आ कडारादेका संज्ञा
1.4.1	2.1.3	adhikara	आ कडारादेका संज्ञा
1.4.3	1.4.4	anuvritti	यू स्त्र्याख्यौ नदी
1.4.4	1.4.5	anuvritti	नेयङुवङ्स्थानावस्त्री
1.4.5	1.4.6	anuvritti	वाऽऽमि
1.4.6	1.4.7	anuvritti	ङिति ह्रस्वश्च
1.4.7	1.4.8	anuvritti	शेषो घ्यसखि
1.4.8	1.4.9	anuvritti	पतिः समास एव
1.4.10	1.4.11	anuvritti	ह्रस्वं लघु
1.4.11	1.4.12	anuvritti	संयोगे गुरु
1.4.14	1.4.15	anuvritti	सुप्तिङन्तं पदम्
1.4.14	1.4.16	anuvritti	सुप्तिङन्तं पदम्
1.4.14	1.4.17	anuvritti	सुप्तिङन्तं पदम्
1.4.17	1.4.18	anuvritti	स्वादिष्वसर्वनामस्थाने
1.4.18	1.4.19	anuvritti	यचि भम्
1.4.18	1.4.20	anuvritti	यचि भम्
1.4.23	1.4.24	adhikara	कारके
1.4.23	1.4.32	adhikara	कारके
1.4.23	1.4.42	adhikara	कारके
1.4.23	1.4.45	adhikara	कारके
1.4.23	1.4.49	adhikara	कारके
1.4.23	1.4.54	adhikara	कारके
1.4.24	1.4.25	anuvritti	ध्रुवमपायेऽपादानम्
1.4.24	1.4.26	anuvritti	ध्रुवमपायेऽपादानम्
1.4.24	1.4.27	anuvritti	ध्रुवमपायेऽपादानम्
1.4.24	1.4.28	anuvritti	ध्रुवमपायेऽपादानम्
1.4.24	1.4.29	anuvritti	ध्रुवमपायेऽपादानम्
1.4.24	1.4.30	anuvritti	ध्रुवमपायेऽपादानम्
1.4.30	1.4.31	anuvritti	जनिकर्तुः प्रकृतिः
1.4.32	1.4.33	anuvritti	कर्मणा यमभिप्रैति स सम्प्रदानम्
1.4.32	1.4.34	anuvritti	कर्मणा यमभिप्रैति स सम्प्रदानम्
1.4.32	1.4.35	anuvritti	कर्मणा यमभिप्रैति स सम्प्रदानम्
1.4.32	1.4.36	anuvritti	कर्मणा यमभिप्रैति स सम्प्रदानम्
1.4.32	1.4.37	anuvritti	कर्मणा यमभिप्रैति स सम्प्रदानम्
1.4.32	1.4.39	anuvritti	कर्मणा यमभिप्रैति स सम्प्रदानम्
1.4.32	1.4.40	anuvritti	कर्मणा यमभिप्रैति स सम्प्रदानम्
1.4.37	1.4.38	anuvritti	क्रुधद्रुहेर्ष्याऽसूयार्थानां यं प्रति कोपः
1.4.40	1.4.41	anuvritti	प्रत्याङ्भ्यां श्रुवः पूर्वस्य कर्ता
1.4.42	1.4.43	anuvritti	साधकतमं करणम्
1.4.42	1.4.44	anuvritti	साधकतमं करणम्
1.4.45	1.4.46	anuvritti	आधारोऽधिकरणम्
1.4.46	1.4.47	anuvritti	अधिशीङ्स्थाऽऽसां कर्म
1.4.46	1.4.48	anuvritti	अधिशीङ्स्थाऽऽसां कर्म
1.4.49	1.4.50	anuvritti	कर्तुरीप्सिततमं कर्म
1.4.49	1.4.51	anuvritti	कर्तुरीप्सिततमं कर्म
1.4.49	1.4.52	anuvritti	कर्तुरीप्सिततमं कर्म
1.4.52	1.4.53	anuvritti	गतिबुद्धिप्रत्यवसानार्थशब्दकर्माकर्मकाणामणि कर्ता स णौ
1.4.54	1.4.55	anuvritti	स्वतन्त्रः कर्ता
1.4.56	1.4.57	adhikara	प्राग्रीश्वरान्निपाताः
1.4.56	1.4.80	adhikara	प्राग्रीश्वरान्निपाताः
1.4.56	1.4.83	adhikara	प्राग्रीश्वरान्निपाताः
1.4.57	1.4.58	anuvritti	चादयोऽसत्त्वे
1.4.58	1.4.59	anuvritti	प्रादयः
1.4.59	1.4.60	anuvritti	उपसर्गाः क्रियायोगे
1.4.60	1.4.61	anuvritti	गतिश्च
1.4.60	1.4.62	anuvritti	गतिश्च
1.4.60	1.4.63	anuvritti	गतिश्च
1.4.60	1.4.64	anuvritti	गतिश्च
1.4.60	1.4.65	anuvritti	गतिश्च
1.4.60	1.4.66	anuvritti	गतिश्च
1.4.60	1.4.67	anuvritti	गतिश्च
1.4.60	1.4.70	anuvritti	गतिश्च
1.4.60	1.4.71	anuvritti	गतिश्च
1.4.67	1.4.68	anuvritti	पुरोऽव्ययम्
1.4.67	1.4.69	anuvritti	पुरोऽव्ययम्
1.4.71	1.4.72	anuvritti	तिरोऽन्तर्द्धौ
1.4.72	1.4.73	anuvritti	विभाषा कृञि
1.4.72	1.4.74	anuvritti	विभाषा कृञि
1.4.72	1.4.75	anuvritti	विभाषा कृञि
1.4.72	1.4.77	anuvritti	विभाषा कृञि
1.4.72	1.4.78	anuvritti	विभाषा कृञि
1.4.72	1.4.79	anuvritti	विभाषा कृञि
1.4.75	1.4.76	anuvritti	अनत्याधान उरसिमनसी
1.4.80	1.4.81	anuvritti	ते प्राग्धातोः
1.4.81	1.4.82	anuvritti	छन्दसि परेऽपि
1.4.83	1.4.84	adhikara+anuvritti	कर्मप्रवचनीयाः
1.4.83	1.4.88	adhikara+anuvritti	कर्मप्रवचनीयाः
1.4.83	1.4.89	adhikara+anuvritti	कर्मप्रवचनीयाः
1.4.83	1.4.90	adhikara+anuvritti	कर्मप्रवचनीयाः
1.4.83	1.4.93	adhikara+anuvritti	कर्मप्रवचनीयाः
1.4.83	1.4.94	adhikara+anuvritti	कर्मप्रवचनीयाः
1.4.83	1.4.96	adhikara+anuvritti	कर्मप्रवचनीयाः
1.4.83	1.4.97	adhikara+anuvritti	कर्मप्रवचनीयाः
1.4.84	1.4.85	anuvritti	अनुर्लक्षणे
1.4.84	1.4.86	anuvritti	अनुर्लक्षणे
1.4.86	1.4.87	anuvritti	हीने
1.4.90	1.4.91	anuvritti	लक्षणेत्थम्भूताख्यानभागवीप्सासु प्रतिपर्यनवः
1.4.90	1.4.92	anuvritti	लक्षणेत्थम्भूताख्यानभागवीप्सासु प्रतिपर्यनवः
1.4.94	1.4.95	anuvritti	सुः पूजायाम्
1.4.97	1.4.98	anuvritti	अधिरीश्वरे
1.4.99	1.4.100	anuvritti	लः परस्मैपदम्
1.4.101	1.4.102	anuvritti	तिङस्त्रीणि त्रीणि प्रथममध्यमोत्तमाः
1.4.102	1.4.103	anuvritti	तान्येकवचनद्विवचनबहुवचनान्येकशः
1.4.103	1.4.104	anuvritti	सुपः
1.4.105	1.4.106	anuvritti	युष्मद्युपपदे समानाधिकरणे स्थानिन्यपि मध्यमः
1.4.105	1.4.107	anuvritti	युष्मद्युपपदे समानाधिकरणे स्थानिन्यपि मध्यमः
1.4.105	1.4.108	anuvritti	युष्मद्युपपदे समानाधिकरणे स्थानिन्यपि मध्यमः
2.1.3	2.1.4	adhikara	प्राक् कडारात् समासः
2.1.4	2.1.5	adhikara	सह सुपा
2.1.5	2.1.6	adhikara	अव्ययीभावः
2.1.5	2.1.9	adhikara	अव्ययीभावः
2.1.5	2.1.10	adhikara	अव्ययीभावः
2.1.5	2.1.11	adhikara	अव्ययीभावः
2.1.6	2.1.7	anuvritti	अव्ययं विभक्तिसमीपसमृद्धिव्यृद्ध्यर्थाभावात्ययासम्प्रतिशब्दप्रादुर्भावपश्चाद्यथानुपूर्व्ययौगपद्यसादृश्यसम्पत्तिसाकल्यान्तवचनेषु
2.1.6	2.1.8	anuvritti	अव्ययं विभक्तिसमीपसमृद्धिव्यृद्ध्यर्थाभावात्ययासम्प्रतिशब्दप्रादुर्भावपश्चाद्यथानुपूर्व्ययौगपद्यसादृश्यसम्पत्तिसाकल्यान्तवचनेषु
2.1.11	2.1.12	adhikara	विभाषा
2.1.11	2.1.14	adhikara	विभाषा
2.1.11	2.1.17	adhikara	विभाषा
2.1.11	2.1.18	adhikara	विभाषा
2.1.11	2.1.19	adhikara	विभाषा
2.1.11	2.1.22	adhikara	विभाषा
2.1.11	2.2.23	adhikara	विभाषा
2.1.11	2.2.24	adhikara	विभाषा
2.1.11	2.2.30	adhikara	विभाषा
2.1.12	2.1.13	anuvritti	अपपरिबहिरञ्चवः पञ्चम्या
2.1.14	2.1.15	anuvritti	लक्षणेनाभिप्रती आभिमुख्ये
2.1.15	2.1.16	anuvritti	अनुर्यत्समया
2.1.19	2.1.20	anuvritti	संख्या वंश्येन
2.1.20	2.1.21	anuvritti	नदीभिश्च
2.1.22	2.1.23	adhikara	तत्पुरुषः
2.1.22	2.1.24	adhikara	तत्पुरुषः
2.1.22	2.1.30	adhikara	तत्पुरुषः
2.1.22	2.1.36	adhikara	तत्पुरुषः
2.1.22	2.1.37	adhikara	तत्पुरुषः
2.1.22	2.1.40	adhikara	तत्पुरुषः
2.1.22	2.1.49	adhikara	तत्पुरुषः
2.1.22	2.2.1	adhikara	तत्पुरुषः
2.1.22	2.2.4	adhikara	तत्पुरुषः
2.1.22	2.2.5	adhikara	तत्पुरुषः
2.1.22	2.2.6	adhikara	तत्पुरुषः
2.1.22	2.2.7	adhikara	तत्पुरुषः
2.1.22	2.2.8	adhikara	तत्पुरुषः
2.1.24	2.1.25	anuvritti	द्वितीया श्रितातीतपतितगतात्यस्तप्राप्तापन्नैः
2.1.25	2.1.26	anuvritti	स्वयं क्तेन
2.1.25	2.1.27	anuvritti	स्वयं क्तेन
2.1.25	2.1.28	anuvritti	स्वयं क्तेन
2.1.28	2.1.29	anuvritti	कालाः
2.1.30	2.1.31	anuvritti	तृतीया तत्कृतार्थेन गुणवचनेन
2.1.30	2.1.32	anuvritti	तृतीया तत्कृतार्थेन गुणवचनेन
2.1.30	2.1.34	anuvritti	तृतीया तत्कृतार्थेन गुणवचनेन
2.1.30	2.1.35	anuvritti	तृतीया तत्कृतार्थेन गुणवचनेन
2.1.32	2.1.33	anuvritti	कर्तृकरणे कृता बहुलम्
2.1.37	2.1.38	anuvritti	पञ्चमी भयेन
2.1.37	2.1.39	anuvritti	पञ्चमी भयेन
2.1.40	2.1.41	anuvritti	सप्तमी शौण्डैः
2.1.40	2.1.42	anuvritti	सप्तमी शौण्डैः
2.1.40	2.1.43	anuvritti	सप्तमी शौण्डैः
2.1.40	2.1.44	anuvritti	सप्तमी शौण्डैः
2.1.40	2.1.45	anuvritti	सप्तमी शौण्डैः
2.1.45	2.1.46	anuvritti	क्तेनाहोरात्रावयवाः
2.1.45	2.1.47	anuvritti	क्तेनाहोरात्रावयवाः
2.1.47	2.1.48	anuvritti	क्षेपे
2.1.49	2.1.50	anuvritti	पूर्वकालैकसर्वजरत्पुराणनवकेवलाः समानाधिकरणेन
2.1.49	2.1.52	anuvritti	पूर्वकालैकसर्वजरत्पुराणनवकेवलाः समानाधिकरणेन
2.1.49	2.1.53	anuvritti	पूर्वकालैकसर्वजरत्पुराणनवकेवलाः समानाधिकरणेन
2.1.49	2.1.54	anuvritti	पूर्वकालैकसर्वजरत्पुराणनवकेवलाः समानाधिकरणेन
2.1.49	2.1.55	anuvritti	पूर्वकालैकसर्वजरत्पुराणनवकेवलाः समानाधिकरणेन
2.1.49	2.1.56	anuvritti	पूर्वकालैकसर्वजरत्पुराणनवकेवलाः समानाधिकरणेन
2.1.49	2.1.57	anuvritti	पूर्वकालैकसर्वजरत्पुराणनवकेवलाः समानाधिकरणेन
2.1.49	2.1.59	anuvritti	पूर्वकालैकसर्वजरत्पुराणनवकेवलाः समानाधिकरणेन
2.1.49	2.1.60	anuvritti	पूर्वकालैकसर्वजरत्पुराणनवकेवलाः समानाधिकरणेन
2.1.49	2.1.61	anuvritti	पूर्वकालैकसर्वजरत्पुराणनवकेवलाः समानाधिकरणेन
2.1.49	2.1.62	anuvritti	पूर्वकालैकसर्वजरत्पुराणनवकेवलाः समानाधिकरणेन
2.1.49	2.1.63	anuvritti	पूर्वकालैकसर्वजरत्पुराणनवकेवलाः समानाधिकरणेन
2.1.49	2.1.64	anuvritti	पूर्वकालैकसर्वजरत्पुराणनवकेवलाः समानाधिकरणेन
2.1.49	2.1.65	anuvritti	पूर्वकालैकसर्वजरत्पुराणनवकेवलाः समानाधिकरणेन
2.1.49	2.1.67	anuvritti	पूर्वकालैकसर्वजरत्पुराणनवकेवलाः समानाधिकरणेन
2.1.49	2.1.68	anuvritti	पूर्वकालैकसर्वजरत्पुराणनवकेवलाः समानाधिकरणेन
2.1.49	2.1.69	anuvritti	पूर्वकालैकसर्वजरत्पुराणनवकेवलाः समानाधिकरणेन
2.1.49	2.1.70	anuvritti	पूर्वकालैकसर्वजरत्पुराणनवकेवलाः समानाधिकरणेन
2.1.49	2.1.71	anuvritti	पूर्वकालैकसर्वजरत्पुराणनवकेवलाः समानाधिकरणेन
2.1.49	2.1.72	anuvritti	पूर्वकालैकसर्वजरत्पुराणनवकेवलाः समानाधिकरणेन
2.1.50	2.1.51	anuvritti	दिक्संख्ये संज्ञायाम्
2.1.57	2.1.58	anuvritti	विशेषणं विशेष्येण बहुलम्
2.1.65	2.1.66	anuvritti	पोटायुवतिस्तोककतिपयगृष्टिधेनुवशावेहत्बष्कयणीप्रवक्तृश्रोत्रियाध्यापकधूर्तैर्जातिः
2.2.1	2.2.2	anuvritti	पूर्वापराधरोत्तरमेकदेशिनैकाधिकरणे
2.2.1	2.2.3	anuvritti	पूर्वापराधरोत्तरमेकदेशिनैकाधिकरणे
2.2.8	2.2.9	anuvritti	षष्ठी
2.2.8	2.2.10	anuvritti	षष्ठी
2.2.10	2.2.11	anuvritti	न निर्धारणे
2.2.10	2.2.12	anuvritti	न निर्धारणे
2.2.10	2.2.14	anuvritti	न निर्धारणे
2.2.10	2.2.15	anuvritti	न निर्धारणे
2.2.12	2.2.13	anuvritti	क्तेन च पूजायाम्
2.2.15	2.2.16	anuvritti	तृजकाभ्यां कर्तरि
2.2.15	2.2.17	anuvritti	तृजकाभ्यां कर्तरि
2.2.17	2.2.18	anuvritti	नित्यं क्रीडाजीविकयोः
2.2.17	2.2.19	anuvritti	नित्यं क्रीडाजीविकयोः
2.2.19	2.2.20	anuvritti	उपपदमतिङ्
2.2.20	2.2.21	anuvritti	अमैवाव्ययेन
2.2.21	2.2.22	anuvritti	तृतीयाप्रभृतीन्यन्यतरस्याम्
2.2.24	2.2.25	anuvritti	अनेकमन्यपदार्थे
2.2.24	2.2.26	anuvritti	अनेकमन्यपदार्थे
2.2.24	2.2.27	anuvritti	अनेकमन्यपदार्थे
2.2.24	2.2.28	anuvritti	अनेकमन्यपदार्थे
2.2.24	2.2.29	anuvritti	अनेकमन्यपदार्थे
2.2.30	2.2.31	anuvritti	उपसर्जनं पूर्वम्
2.2.30	2.2.32	anuvritti	उपसर्जनं पूर्वम्
2.2.30	2.2.35	anuvritti	उपसर्जनं पूर्वम्
2.2.32	2.2.33	anuvritti	द्वन्द्वे घि
2.2.32	2.2.34	anuvritti	द्वन्द्वे घि
2.2.35	2.2.36	anuvritti	सप्तमीविशेषणे बहुव्रीहौ
2.2.36	2.2.37	anuvritti	निष्ठा
2.2.37	2.2.38	anuvritti	वाहिताग्न्यादिषु
2.3.1	2.3.2	adhikara	अनभिहिते
2.3.1	2.3.8	adhikara	अनभिहिते
2.3.1	2.3.12	adhikara	अनभिहिते
2.3.1	2.3.13	adhikara	अनभिहिते
2.3.1	2.3.18	adhikara	अनभिहिते
2.3.1	2.3.28	adhikara	अनभिहिते
2.3.1	2.3.31	adhikara	अनभिहिते
2.3.1	2.3.43	adhikara	अनभिहिते
2.3.1	2.3.46	adhikara	अनभिहिते
2.3.1	2.3.50	adhikara	अनभिहिते
2.3.2	2.3.3	anuvritti	कर्मणि द्वितीया
2.3.2	2.3.4	anuvritti	कर्मणि द्वितीया
2.3.2	2.3.5	anuvritti	कर्मणि द्वितीया
2.3.5	2.3.6	anuvritti	कालाध्वनोरत्यन्तसंयोगे
2.3.5	2.3.7	anuvritti	कालाध्वनोरत्यन्तसंयोगे
2.3.8	2.3.9	anuvritti	कर्मप्रवचनीययुक्ते द्वितीया
2.3.8	2.3.10	anuvritti	कर्मप्रवचनीययुक्ते द्वितीया
2.3.10	2.3.11	anuvritti	पञ्चम्यपाङ्परिभिः
2.3.13	2.3.14	anuvritti	चतुर्थी सम्प्रदाने
2.3.13	2.3.15	anuvritti	चतुर्थी सम्प्रदाने
2.3.13	2.3.16	anuvritti	चतुर्थी सम्प्रदाने
2.3.13	2.3.17	anuvritti	चतुर्थी सम्प्रदाने
2.3.18	2.3.19	anuvritti	कर्तृकरणयोस्तृतीया
2.3.18	2.3.20	anuvritti	कर्तृकरणयोस्तृतीया
2.3.18	2.3.21	anuvritti	कर्तृकरणयोस्तृतीया
2.3.18	2.3.22	anuvritti	कर्तृकरणयोस्तृतीया
2.3.18	2.3.23	anuvritti	कर्तृकरणयोस्तृतीया
2.3.23	2.3.24	anuvritti	हेतौ
2.3.23	2.3.26	anuvritti	हेतौ
2.3.24	2.3.25	anuvritti	अकर्तर्यृणे पञ्चमी
2.3.26	2.3.27	anuvritti	षष्ठी हेतुप्रयोगे
2.3.28	2.3.29	anuvritti	अपादाने पञ्चमी
2.3.28	2.3.30	anuvritti	अपादाने पञ्चमी
2.3.28	2.3.32	anuvritti	अपादाने पञ्चमी
2.3.31	2.3.32	anuvritti	एनपा द्वितीया
2.3.32	2.3.33	anuvritti	पृथग्विनानानाभिस्तृतीयाऽन्यतरस्याम्
2.3.33	2.3.34	anuvritti	करणे च स्तोकाल्पकृच्छ्रकतिपयस्यासत्त्ववचनस्य
2.3.33	2.3.35	anuvritti	करणे च स्तोकाल्पकृच्छ्रकतिपयस्यासत्त्ववचनस्य
2.3.35	2.3.36	anuvritti	दूरान्तिकार्थेभ्यो द्वितीया च
2.3.36	2.3.37	anuvritti	सप्तम्यधिकरणे च
2.3.36	2.3.44	anuvritti	सप्तम्यधिकरणे च
2.3.37	2.3.38	anuvritti	यस्य च भावेन भावलक्षणम्
2.3.38	2.3.39	anuvritti	षष्ठी चानादरे
2.3.38	2.3.40	anuvritti	षष्ठी चानादरे
2.3.38	2.3.41	anuvritti	षष्ठी चानादरे
2.3.41	2.3.42	anuvritti	यतश्च निर्धारणम्
2.3.43	2.3.44	anuvritti	साधुनिपुणाभ्यामर्चायां सप्तम्यप्रतेः
2.3.44	2.3.45	anuvritti	प्रसितोत्सुकाभ्यां तृतीया च
2.3.46	2.3.47	anuvritti	प्रातिपदिकार्थलिङ्गपरिमाणवचनमात्रे प्रथमा
2.3.47	2.3.48	anuvritti	सम्बोधने च
2.3.47	2.3.49	anuvritti	सम्बोधने च
2.3.50	2.3.51	anuvritti	षष्ठी शेषे
2.3.50	2.3.52	anuvritti	षष्ठी शेषे
2.3.50	2.3.62	anuvritti	षष्ठी शेषे
2.3.50	2.3.64	anuvritti	षष्ठी शेषे
2.3.50	2.3.65	anuvritti	षष्ठी शेषे
2.3.50	2.3.66	anuvritti	षष्ठी शेषे
2.3.50	2.3.67	anuvritti	षष्ठी शेषे
2.3.50	2.3.69	anuvritti	षष्ठी शेषे
2.3.50	2.3.71	anuvritti	षष्ठी शेषे
2.3.50	2.3.72	anuvritti	षष्ठी शेषे
2.3.52	2.3.53	anuvritti	अधीगर्थदयेशां कर्मणि
2.3.52	2.3.54	anuvritti	अधीगर्थदयेशां कर्मणि
2.3.52	2.3.55	anuvritti	अधीगर्थदयेशां कर्मणि
2.3.52	2.3.56	anuvritti	अधीगर्थदयेशां कर्मणि
2.3.52	2.3.57	anuvritti	अधीगर्थदयेशां कर्मणि
2.3.52	2.3.61	anuvritti	अधीगर्थदयेशां कर्मणि
2.3.57	2.3.58	anuvritti	व्यवहृपणोः समर्थयोः
2.3.58	2.3.59	anuvritti	दिवस्तदर्थस्य
2.3.58	2.3.60	anuvritti	दिवस्तदर्थस्य
2.3.62	2.3.63	anuvritti	चतुर्थ्यर्थे बहुलं छन्दसि
2.3.67	2.3.68	anuvritti	क्तस्य च वर्तमाने
2.3.69	2.3.70	anuvritti	न लोकाव्ययनिष्ठाखलर्थतृनाम्
2.3.72	2.3.73	anuvritti	तुल्यार्थैरतुलोपमाभ्यां तृतीयाऽन्यतरस्याम्
2.4.1	2.4.2	anuvritti	द्विगुरेकवचनम्
2.4.2	2.4.3	anuvritti	द्वन्द्वश्च प्राणितूर्यसेनाङ्गानाम्
2.4.2	2.4.4	anuvritti	द्वन्द्वश्च प्राणितूर्यसेनाङ्गानाम्
2.4.2	2.4.5	anuvritti	द्वन्द्वश्च प्राणितूर्यसेनाङ्गानाम्
2.4.2	2.4.6	anuvritti	द्वन्द्वश्च प्राणितूर्यसेनाङ्गानाम्
2.4.2	2.4.7	anuvritti	द्वन्द्वश्च प्राणितूर्यसेनाङ्गानाम्
2.4.2	2.4.8	anuvritti	द्वन्द्वश्च प्राणितूर्यसेनाङ्गानाम्
2.4.2	2.4.9	anuvritti	द्वन्द्वश्च प्राणितूर्यसेनाङ्गानाम्
2.4.2	2.4.10	anuvritti	द्वन्द्वश्च प्राणितूर्यसेनाङ्गानाम्
2.4.2	2.4.11	anuvritti	द्वन्द्वश्च प्राणितूर्यसेनाङ्गानाम्
2.4.2	2.4.12	anuvritti	द्वन्द्वश्च प्राणितूर्यसेनाङ्गानाम्
2.4.2	2.4.14	anuvritti	द्वन्द्वश्च प्राणितूर्यसेनाङ्गानाम्
2.4.12	2.4.13	anuvritti	विभाषा वृक्षमृगतृणधान्यव्यञ्जनपशुशकुन्यश्ववडवपूर्वापराधरोत्तराणाम्
2.4.14	2.4.15	anuvritti	न दधिपयआदीनि
2.4.15	2.4.16	anuvritti	अधिकरणैतावत्त्वे च
2.4.17	2.4.18	anuvritti	स नपुंसकम्
2.4.17	2.4.19	anuvritti	स नपुंसकम्
2.4.19	2.4.20	adhikara	तत्पुरुषोऽनञ् कर्मधारयः
2.4.19	2.4.21	adhikara	तत्पुरुषोऽनञ् कर्मधारयः
2.4.19	2.4.22	adhikara	तत्पुरुषोऽनञ् कर्मधारयः
2.4.19	2.4.23	adhikara	तत्पुरुषोऽनञ् कर्मधारयः
2.4.19	2.4.25	adhikara	तत्पुरुषोऽनञ् कर्मधारयः
2.4.23	2.4.24	anuvritti	सभा राजामनुष्यपूर्वा
2.4.27	2.4.28	anuvritti	पूर्ववदश्ववडवौ
2.4.30	2.4.31	anuvritti	अपथं नपुंसकम्
2.4.32	2.4.33	anuvritti	इदमोऽन्वादेशेऽशनुदात्तस्तृतीयादौ
2.4.33	2.4.34	anuvritti	एतदस्त्रतसोस्त्रतसौ चानुदात्तौ
2.4.35	2.4.36	adhikara	आर्धधातुके
2.4.35	2.4.42	adhikara	आर्धधातुके
2.4.35	2.4.45	adhikara	आर्धधातुके
2.4.35	2.4.52	adhikara	आर्धधातुके
2.4.35	2.4.53	adhikara	आर्धधातुके
2.4.35	2.4.54	adhikara	आर्धधातुके
2.4.35	2.4.56	adhikara	आर्धधातुके
2.4.36	2.4.37	anuvritti	अदो जग्धिर्ल्यप्ति किति
2.4.37	2.4.38	anuvritti	लुङ्सनोर्घसॢ
2.4.37	2.4.39	anuvritti	लुङ्सनोर्घसॢ
2.4.37	2.4.40	anuvritti	लुङ्सनोर्घसॢ
2.4.40	2.4.41	anuvritti	लिट्यन्यतरस्याम्
2.4.42	2.4.43	anuvritti	हनो वध लिङि
2.4.43	2.4.44	anuvritti	लुङि च
2.4.45	2.4.46	anuvritti	इणो गा लुङि
2.4.46	2.4.47	anuvritti	णौ गमिरबोधने
2.4.47	2.4.48	anuvritti	सनि च
2.4.48	2.4.49	anuvritti	इङश्च
2.4.49	2.4.50	anuvritti	गाङ् लिटि
2.4.50	2.4.51	anuvritti	विभाषा लुङ्लृङोः
2.4.54	2.4.55	anuvritti	चक्षिङः ख्याञ्
2.4.56	2.4.57	anuvritti	अजेर्व्यघञपोः
2.4.58	2.4.59	anuvritti	ण्यक्षत्रियार्षञितो यूनि लुगणिञोः
2.4.58	2.4.60	anuvritti	ण्यक्षत्रियार्षञितो यूनि लुगणिञोः
2.4.58	2.4.61	anuvritti	ण्यक्षत्रियार्षञितो यूनि लुगणिञोः
2.4.58	2.4.62	anuvritti	ण्यक्षत्रियार्षञितो यूनि लुगणिञोः
2.4.58	2.4.71	anuvritti	ण्यक्षत्रियार्षञितो यूनि लुगणिञोः
2.4.58	2.4.72	anuvritti	ण्यक्षत्रियार्षञितो यूनि लुगणिञोः
2.4.58	2.4.77	anuvritti	ण्यक्षत्रियार्षञितो यूनि लुगणिञोः
2.4.58	2.4.80	anuvritti	ण्यक्षत्रियार्षञितो यूनि लुगणिञोः
2.4.58	2.4.82	anuvritti	ण्यक्षत्रियार्षञितो यूनि लुगणिञोः
2.4.62	2.4.63	anuvritti	तद्राजस्य बहुषु तेनैवास्त्रियाम्
2.4.63	2.4.64	anuvritti	यस्कादिभ्यो गोत्रे
2.4.63	2.4.65	anuvritti	यस्कादिभ्यो गोत्रे
2.4.63	2.4.66	anuvritti	यस्कादिभ्यो गोत्रे
2.4.63	2.4.67	anuvritti	यस्कादिभ्यो गोत्रे
2.4.63	2.4.68	anuvritti	यस्कादिभ्यो गोत्रे
2.4.63	2.4.69	anuvritti	यस्कादिभ्यो गोत्रे
2.4.63	2.4.70	anuvritti	यस्कादिभ्यो गोत्रे
2.4.72	2.4.73	anuvritti	अदिप्रभृतिभ्यः शपः
2.4.72	2.4.75	anuvritti	अदिप्रभृतिभ्यः शपः
2.4.73	2.4.74	anuvritti	बहुलं छन्दसि
2.4.75	2.4.76	anuvritti	जुहोत्यादिभ्यः श्लुः
2.4.77	2.4.78	anuvritti	गातिस्थाघुपाभूभ्यः सिचः परस्मैपदेषु
2.4.78	2.4.79	anuvritti	विभाषा घ्राधेट्शाच्छासः
2.4.80	2.4.81	anuvritti	मन्त्रे घसह्वरणशवृदहाद्वृच्कृगमिजनिभ्यो लेः
2.4.82	2.4.83	anuvritti	अव्ययादाप्सुपः
2.4.83	2.4.84	anuvritti	नाव्ययीभावादतोऽम्त्वपञ्चम्याः
3.1.1	3.1.2	adhikara	प्रत्ययः
3.1.2	3.1.3	adhikara	परश्च
3.1.3	3.1.4	adhikara	आद्युदात्तश्च
3.1.3	3.1.5	adhikara	आद्युदात्तश्च
3.1.3	3.1.91	adhikara	आद्युदात्तश्च
3.1.3	4.1.1	adhikara	आद्युदात्तश्च
3.1.5	3.1.6	anuvritti	गुप्तिज्किद्भ्यः सन्
3.1.5	3.1.7	anuvritti	गुप्तिज्किद्भ्यः सन्
3.1.7	3.1.8	anuvritti	धातोः कर्मणः समानकर्तृकादिच्छायां वा
3.1.7	3.1.22	anuvritti	धातोः कर्मणः समानकर्तृकादिच्छायां वा
3.1.8	3.1.9	anuvritti	सुप आत्मनः क्यच्
3.1.8	3.1.10	anuvritti	सुप आत्मनः क्यच्
3.1.10	3.1.11	anuvritti	उपमानादाचारे
3.1.11	3.1.12	anuvritti	कर्तुः क्यङ् सलोपश्च
3.1.11	3.1.14	anuvritti	कर्तुः क्यङ् सलोपश्च
3.1.11	3.1.15	anuvritti	कर्तुः क्यङ् सलोपश्च
3.1.12	3.1.13	anuvritti	भृशादिभ्यो भुव्यच्वेर्लोपश्च हलः
3.1.15	3.1.16	anuvritti	कर्मणो रोमन्थतपोभ्यां वर्तिचरोः
3.1.15	3.1.17	anuvritti	कर्मणो रोमन्थतपोभ्यां वर्तिचरोः
3.1.17	3.1.18	anuvritti	शब्दवैरकलहाभ्रकण्वमेघेभ्यः करणे
3.1.17	3.1.19	anuvritti	शब्दवैरकलहाभ्रकण्वमेघेभ्यः करणे
3.1.17	3.1.20	anuvritti	शब्दवैरकलहाभ्रकण्वमेघेभ्यः करणे
3.1.17	3.1.21	anuvritti	शब्दवैरकलहाभ्रकण्वमेघेभ्यः करणे
3.1.22	3.1.23	adhikara+anuvritti	धातोरेकाचो हलादेः क्रियासमभिहारे यङ्
3.1.22	3.1.25	adhikara	धातोरेकाचो हलादेः क्रियासमभिहारे यङ्
3.1.22	3.1.27	adhikara	धातोरेकाचो हलादेः क्रियासमभिहारे यङ्
3.1.22	3.1.28	adhikara	धातोरेकाचो हलादेः क्रियासमभिहारे यङ्
3.1.22	3.1.29	adhikara	धातोरेकाचो हलादेः क्रियासमभिहारे यङ्
3.1.22	3.1.30	adhikara	धातोरेकाचो हलादेः क्रियासमभिहारे यङ्
3.1.22	3.1.31	adhikara	धातोरेकाचो हलादेः क्रियासमभिहारे यङ्
3.1.22	3.1.32	adhikara	धातोरेकाचो हलादेः क्रियासमभिहारे यङ्
3.1.22	3.1.33	adhikara	धातोरेकाचो हलादेः क्रियासमभिहारे यङ्
3.1.22	3.1.34	adhikara	धातोरेकाचो हलादेः क्रियासमभिहारे यङ्
3.1.22	3.1.35	adhikara	धातोरेकाचो हलादेः क्रियासमभिहारे यङ्
3.1.22	3.1.43	adhikara	धातोरेकाचो हलादेः क्रियासमभिहारे यङ्
3.1.23	3.1.24	anuvritti	नित्यं कौटिल्ये गतौ
3.1.25	3.1.26	anuvritti	सत्यापपाशरूपवीणातूलश्लोकसेनालोमत्वचवर्मवर्णचूर्णचुरादिभ्यो णिच्
3.1.35	3.1.36	anuvritti	कास्प्रत्ययादाममन्त्रे लिटि
3.1.35	3.1.37	anuvritti	कास्प्रत्ययादाममन्त्रे लिटि
3.1.35	3.1.38	anuvritti	कास्प्रत्ययादाममन्त्रे लिटि
3.1.35	3.1.40	anuvritti	कास्प्रत्ययादाममन्त्रे लिटि
3.1.35	3.1.41	anuvritti	कास्प्रत्ययादाममन्त्रे लिटि
3.1.38	3.1.39	anuvritti	उषविदजागृभ्योऽन्यतरस्याम्
3.1.41	3.1.42	anuvritti	विदाङ्कुर्वन्त्वित्यन्यतरस्याम्
3.1.43	3.1.44	anuvritti	च्लि लुङि
3.1.44	3.1.45	anuvritti	च्लेः सिच्
3.1.44	3.1.48	anuvritti	च्लेः सिच्
3.1.44	3.1.52	anuvritti	च्लेः सिच्
3.1.44	3.1.60	anuvritti	च्लेः सिच्
3.1.45	3.1.46	anuvritti	शल इगुपधादनिटः क्सः
3.1.45	3.1.47	anuvritti	शल इगुपधादनिटः क्सः
3.1.48	3.1.49	anuvritti	णिश्रिद्रुस्रुभ्यः कर्तरि चङ्
3.1.49	3.1.50	anuvritti	विभाषा धेट्श्व्योः
3.1.50	3.1.51	anuvritti	गुपेश्छन्दसि
3.1.52	3.1.53	anuvritti	अस्यतिवक्तिख्यातिभ्योऽङ्
3.1.52	3.1.55	anuvritti	अस्यतिवक्तिख्यातिभ्योऽङ्
3.1.52	3.1.59	anuvritti	अस्यतिवक्तिख्यातिभ्योऽङ्
3.1.53	3.1.54	anuvritti	लिपिसिचिह्वश्च
3.1.55	3.1.56	anuvritti	पुषादिद्युताद्यॢदितः परस्मैपदेषु
3.1.55	3.1.57	anuvritti	पुषादिद्युताद्यॢदितः परस्मैपदेषु
3.1.57	3.1.58	anuvritti	इरितो वा
3.1.60	3.1.61	anuvritti	चिण् ते पदः
3.1.60	3.1.66	anuvritti	चिण् ते पदः
3.1.61	3.1.62	anuvritti	दीपजनबुधपूरितायिप्यायिभ्योऽन्यतरस्याम्
3.1.62	3.1.63	anuvritti	अचः कर्मकर्तरि
3.1.62	3.1.64	anuvritti	अचः कर्मकर्तरि
3.1.64	3.1.65	anuvritti	न रुधः
3.1.66	3.1.67	anuvritti	चिण् भावकर्मणोः
3.1.67	3.1.68	anuvritti	सार्वधातुके यक्
3.1.68	3.1.69	anuvritti	कर्तरि शप्
3.1.68	3.1.73	anuvritti	कर्तरि शप्
3.1.68	3.1.77	anuvritti	कर्तरि शप्
3.1.68	3.1.78	anuvritti	कर्तरि शप्
3.1.68	3.1.79	anuvritti	कर्तरि शप्
3.1.68	3.1.81	anuvritti	कर्तरि शप्
3.1.68	3.1.83	anuvritti	कर्तरि शप्
3.1.68	3.1.87	anuvritti	कर्तरि शप्
3.1.69	3.1.70	anuvritti	दिवादिभ्यः श्यन्
3.1.70	3.1.71	anuvritti	वा भ्राशभ्लाशभ्रमुक्रमुक्लमुत्रसित्रुटिलषः
3.1.70	3.1.72	anuvritti	वा भ्राशभ्लाशभ्रमुक्रमुक्लमुत्रसित्रुटिलषः
3.1.73	3.1.74	anuvritti	स्वादिभ्यः श्नुः
3.1.73	3.1.75	anuvritti	स्वादिभ्यः श्नुः
3.1.75	3.1.76	anuvritti	अक्षोऽन्यतरस्याम्
3.1.79	3.1.80	anuvritti	तनादिकृञ्भ्य उः
3.1.81	3.1.82	anuvritti	क्र्यादिभ्यः श्ना
3.1.83	3.1.84	anuvritti	हलः श्नः शानज्झौ
3.1.84	3.1.85	anuvritti	छन्दसि शायजपि
3.1.84	3.1.86	anuvritti	छन्दसि शायजपि
3.1.87	3.1.88	anuvritti	कर्मवत् कर्मणा तुल्यक्रियः
3.1.87	3.1.89	anuvritti	कर्मवत् कर्मणा तुल्यक्रियः
3.1.87	3.1.90	anuvritti	कर्मवत् कर्मणा तुल्यक्रियः
3.1.91	3.1.92	adhikara	धातोः
3.1.91	3.4.113	adhikara	धातोः
3.1.91	3.4.114	adhikara	धातोः
3.1.92	3.1.93	anuvritti	तत्रोपपदं सप्तमीस्थम्
3.1.93	3.1.94	anuvritti	कृदतिङ्
3.1.93	3.1.95	anuvritti	कृदतिङ्
3.1.93	3.1.133	anuvritti	कृदतिङ्
3.1.93	3.1.134	anuvritti	कृदतिङ्
3.1.93	3.1.135	anuvritti	कृदतिङ्
3.1.93	3.1.145	anuvritti	कृदतिङ्
3.1.93	3.1.149	anuvritti	कृदतिङ्
3.1.93	3.2.1	anuvritti	कृदतिङ्
3.1.93	3.2.123	anuvritti	कृदतिङ्
3.1.93	3.3.16	anuvritti	कृदतिङ्
3.1.93	3.3.113	anuvritti	कृदतिङ्
3.1.93	3.3.114	anuvritti	कृदतिङ्
3.1.93	3.3.126	anuvritti	कृदतिङ्
3.1.93	3.3.131	anuvritti	कृदतिङ्
3.1.93	3.3.134	anuvritti	कृदतिङ्
3.1.93	3.3.135	anuvritti	कृदतिङ्
3.1.93	3.3.152	anuvritti	कृदतिङ्
3.1.93	3.3.157	anuvritti	कृदतिङ्
3.1.93	3.3.161	anuvritti	कृदतिङ्
3.1.93	3.3.167	anuvritti	कृदतिङ्
3.1.93	3.3.170	anuvritti	कृदतिङ्
3.1.93	3.3.173	anuvritti	कृदतिङ्
3.1.93	3.3.174	anuvritti	कृदतिङ्
3.1.93	3.3.175	anuvritti	कृदतिङ्
3.1.93	3.4.1	anuvritti	कृदतिङ्
3.1.93	3.4.18	anuvritti	कृदतिङ्
3.1.93	3.4.59	anuvritti	कृदतिङ्
3.1.93	3.4.65	anuvritti	कृदतिङ्
3.1.93	3.4.67	anuvritti	कृदतिङ्
3.1.93	3.4.70	anuvritti	कृदतिङ्
3.1.93	3.4.71	anuvritti	कृदतिङ्
3.1.93	3.4.73	anuvritti	कृदतिङ्
3.1.93	3.4.74	anuvritti	कृदतिङ्
3.1.93	3.4.75	anuvritti	कृदतिङ्
3.1.93	3.4.76	anuvritti	कृदतिङ्
3.1.93	3.4.77	anuvritti	कृदतिङ्
3.1.95	3.1.96	anuvritti	कृत्याः
3.1.95	3.1.97	anuvritti	कृत्याः
3.1.97	3.1.98	adhikara+anuvritti	अचो यत्
3.1.97	3.1.99	adhikara+anuvritti	अचो यत्
3.1.97	3.1.100	adhikara+anuvritti	अचो यत्
3.1.97	3.1.104	adhikara+anuvritti	अचो यत्
3.1.97	3.1.122	adhikara	अचो यत्
3.1.97	3.1.123	adhikara	अचो यत्
3.1.97	3.1.124	adhikara	अचो यत्
3.1.97	3.1.132	adhikara	अचो यत्
3.1.100	3.1.101	anuvritti	गदमदचरयमश्चानुपसर्गे
3.1.100	3.1.102	anuvritti	गदमदचरयमश्चानुपसर्गे
3.1.100	3.1.103	anuvritti	गदमदचरयमश्चानुपसर्गे
3.1.100	3.1.105	anuvritti	गदमदचरयमश्चानुपसर्गे
3.1.100	3.1.106	anuvritti	गदमदचरयमश्चानुपसर्गे
3.1.106	3.1.107	anuvritti	वदः सुपि क्यप् च
3.1.106	3.1.109	anuvritti	वदः सुपि क्यप् च
3.1.106	3.1.110	anuvritti	वदः सुपि क्यप् च
3.1.106	3.1.111	anuvritti	वदः सुपि क्यप् च
3.1.106	3.1.112	anuvritti	वदः सुपि क्यप् च
3.1.106	3.1.113	anuvritti	वदः सुपि क्यप् च
3.1.106	3.1.114	anuvritti	वदः सुपि क्यप् च
3.1.106	3.1.115	anuvritti	वदः सुपि क्यप् च
3.1.106	3.1.116	anuvritti	वदः सुपि क्यप् च
3.1.106	3.1.117	anuvritti	वदः सुपि क्यप् च
3.1.106	3.1.118	anuvritti	वदः सुपि क्यप् च
3.1.106	3.1.120	anuvritti	वदः सुपि क्यप् च
3.1.106	3.1.121	anuvritti	वदः सुपि क्यप् च
3.1.107	3.1.108	anuvritti	भुवो भावे
3.1.118	3.1.119	anuvritti	प्रत्यपिभ्यां ग्रहेश्छन्दसि
3.1.124	3.1.125	anuvritti	ऋहलोर्ण्यत्
3.1.124	3.1.126	anuvritti	ऋहलोर्ण्यत्
3.1.124	3.1.127	anuvritti	ऋहलोर्ण्यत्
3.1.124	3.1.128	anuvritti	ऋहलोर्ण्यत्
3.1.124	3.1.129	anuvritti	ऋहलोर्ण्यत्
3.1.124	3.1.130	anuvritti	ऋहलोर्ण्यत्
3.1.124	3.1.131	anuvritti	ऋहलोर्ण्यत्
3.1.135	3.1.136	anuvritti	इगुपधज्ञाप्रीकिरः कः
3.1.136	3.1.137	anuvritti	आतश्चोपसर्गे
3.1.137	3.1.138	anuvritti	पाघ्राध्माधेट्दृशः शः
3.1.138	3.1.139	anuvritti	अनुपसर्गाल्लिम्पविन्दधारिपारिवेद्युदेजिचेतिसातिसाहिभ्यश्च
3.1.139	3.1.140	anuvritti	ददातिदधात्योर्विभाषा
3.1.140	3.1.141	anuvritti	ज्वलितिकसन्तेभ्यो णः
3.1.140	3.1.142	anuvritti	ज्वलितिकसन्तेभ्यो णः
3.1.140	3.1.143	anuvritti	ज्वलितिकसन्तेभ्यो णः
3.1.143	3.1.144	anuvritti	विभाषा ग्रहः
3.1.145	3.1.146	anuvritti	शिल्पिनि ष्वुन्
3.1.146	3.1.147	anuvritti	गस्थकन्
3.1.147	3.1.148	anuvritti	ण्युट् च
3.1.149	3.1.150	anuvritti	प्रुसृल्वः समभिहारे वुन्
3.2.1	3.2.2	anuvritti	कर्मण्यण्
3.2.1	3.2.3	anuvritti	कर्मण्यण्
3.2.3	3.2.4	anuvritti	आतोऽनुपसर्गे कः
3.2.4	3.2.5	anuvritti	सुपि स्थः
3.2.4	3.2.6	anuvritti	सुपि स्थः
3.2.4	3.2.7	anuvritti	सुपि स्थः
3.2.4	3.2.8	anuvritti	सुपि स्थः
3.2.4	3.2.9	anuvritti	सुपि स्थः
3.2.4	3.2.28	anuvritti	सुपि स्थः
3.2.4	3.2.38	anuvritti	सुपि स्थः
3.2.4	3.2.56	anuvritti	सुपि स्थः
3.2.4	3.2.58	anuvritti	सुपि स्थः
3.2.4	3.2.61	anuvritti	सुपि स्थः
3.2.4	3.2.78	anuvritti	सुपि स्थः
3.2.9	3.2.10	anuvritti	हरतेरनुद्यमनेऽच्
3.2.9	3.2.11	anuvritti	हरतेरनुद्यमनेऽच्
3.2.9	3.2.12	anuvritti	हरतेरनुद्यमनेऽच्
3.2.9	3.2.13	anuvritti	हरतेरनुद्यमनेऽच्
3.2.9	3.2.14	anuvritti	हरतेरनुद्यमनेऽच्
3.2.9	3.2.15	anuvritti	हरतेरनुद्यमनेऽच्
3.2.15	3.2.16	anuvritti	अधिकरणे शेतेः
3.2.16	3.2.17	anuvritti	चरेष्टः
3.2.16	3.2.18	anuvritti	चरेष्टः
3.2.16	3.2.20	anuvritti	चरेष्टः
3.2.18	3.2.19	anuvritti	पुरोऽग्रतोऽग्रेषु सर्तेः
3.2.20	3.2.21	anuvritti	कृञो हेतुताच्छील्यानुलोम्येषु
3.2.20	3.2.22	anuvritti	कृञो हेतुताच्छील्यानुलोम्येषु
3.2.20	3.2.23	anuvritti	कृञो हेतुताच्छील्यानुलोम्येषु
3.2.20	3.2.24	anuvritti	कृञो हेतुताच्छील्यानुलोम्येषु
3.2.24	3.2.25	anuvritti	स्तम्बशकृतोरिन्
3.2.24	3.2.26	anuvritti	स्तम्बशकृतोरिन्
3.2.24	3.2.27	anuvritti	स्तम्बशकृतोरिन्
3.2.28	3.2.29	anuvritti	एजेः खश्
3.2.28	3.2.31	anuvritti	एजेः खश्
3.2.28	3.2.32	anuvritti	एजेः खश्
3.2.28	3.2.33	anuvritti	एजेः खश्
3.2.28	3.2.35	anuvritti	एजेः खश्
3.2.28	3.2.36	anuvritti	एजेः खश्
3.2.28	3.2.37	anuvritti	एजेः खश्
3.2.29	3.2.30	anuvritti	नासिकास्तनयोर्ध्माधेटोः
3.2.33	3.2.34	anuvritti	परिमाणे पचः
3.2.38	3.2.39	anuvritti	प्रियवशे वदः खच्
3.2.38	3.2.40	anuvritti	प्रियवशे वदः खच्
3.2.38	3.2.41	anuvritti	प्रियवशे वदः खच्
3.2.38	3.2.42	anuvritti	प्रियवशे वदः खच्
3.2.38	3.2.43	anuvritti	प्रियवशे वदः खच्
3.2.38	3.2.45	anuvritti	प्रियवशे वदः खच्
3.2.38	3.2.46	anuvritti	प्रियवशे वदः खच्
3.2.43	3.2.44	anuvritti	मेघर्तिभयेषु कृञः
3.2.46	3.2.47	anuvritti	संज्ञायां भृतॄवृजिधारिसहितपिदमः
3.2.47	3.2.48	anuvritti	गमश्च
3.2.48	3.2.49	anuvritti	अन्तात्यन्ताध्वदूरपारसर्वानन्तेषु डः
3.2.49	3.2.50	anuvritti	आशिषि हनः
3.2.49	3.2.51	anuvritti	आशिषि हनः
3.2.49	3.2.52	anuvritti	आशिषि हनः
3.2.49	3.2.55	anuvritti	आशिषि हनः
3.2.52	3.2.53	anuvritti	लक्षणे जायापत्योष्टक्
3.2.52	3.2.54	anuvritti	लक्षणे जायापत्योष्टक्
3.2.56	3.2.57	anuvritti	आढ्यसुभगस्थूलपलितनग्नान्धप्रियेषु च्व्यर्थेष्वच्वौ कृञः करणे ख्युन्
3.2.58	3.2.59	anuvritti	स्पृशोऽनुदके क्विन्
3.2.58	3.2.60	anuvritti	स्पृशोऽनुदके क्विन्
3.2.61	3.2.62	anuvritti	सत्सूद्विषद्रुहदुहयुजविदभिदच्छिदजिनीराजामुपसर्गेऽपि क्विप्
3.2.61	3.2.70	anuvritti	सत्सूद्विषद्रुहदुहयुजविदभिदच्छिदजिनीराजामुपसर्गेऽपि क्विप्
3.2.61	3.2.71	anuvritti	सत्सूद्विषद्रुहदुहयुजविदभिदच्छिदजिनीराजामुपसर्गेऽपि क्विप्
3.2.62	3.2.63	anuvritti	भजो ण्विः
3.2.63	3.2.64	anuvritti	छन्दसि सहः
3.2.63	3.2.67	anuvritti	छन्दसि सहः
3.2.64	3.2.65	anuvritti	वहश्च
3.2.65	3.2.66	anuvritti	कव्यपुरीषपुरीष्येषु ञ्युट्
3.2.67	3.2.68	anuvritti	जनसनखनक्रमगमो विट्
3.2.68	3.2.69	anuvritti	अदोऽनन्ने
3.2.71	3.2.72	anuvritti	मन्त्रे श्वेतवहोक्थशस्पुरोडाशो ण्विन्
3.2.72	3.2.73	anuvritti	अवे यजः
3.2.73	3.2.74	anuvritti	विजुपे छन्दसि
3.2.73	3.2.76	anuvritti	विजुपे छन्दसि
3.2.74	3.2.75	anuvritti	आतो मनिन्क्वनिब्वनिपश्च
3.2.76	3.2.77	anuvritti	क्विप् च
3.2.78	3.2.79	anuvritti	सुप्यजातौ णिनिस्ताच्छील्ये
3.2.78	3.2.80	anuvritti	सुप्यजातौ णिनिस्ताच्छील्ये
3.2.78	3.2.81	anuvritti	सुप्यजातौ णिनिस्ताच्छील्ये
3.2.78	3.2.82	anuvritti	सुप्यजातौ णिनिस्ताच्छील्ये
3.2.78	3.2.84	anuvritti	सुप्यजातौ णिनिस्ताच्छील्ये
3.2.82	3.2.83	anuvritti	मनः
3.2.84	3.2.85	adhikara	भूते
3.2.84	3.2.86	adhikara	भूते
3.2.84	3.2.93	adhikara	भूते
3.2.84	3.2.94	adhikara	भूते
3.2.84	3.2.97	adhikara	भूते
3.2.84	3.2.102	adhikara	भूते
3.2.84	3.2.103	adhikara	भूते
3.2.84	3.2.104	adhikara	भूते
3.2.84	3.2.105	adhikara	भूते
3.2.84	3.2.110	adhikara	भूते
3.2.84	3.2.111	adhikara	भूते
3.2.86	3.2.87	anuvritti	कर्मणि हनः
3.2.87	3.2.88	anuvritti	ब्रह्मभ्रूणवृत्रेषु क्विप्
3.2.87	3.2.89	anuvritti	ब्रह्मभ्रूणवृत्रेषु क्विप्
3.2.87	3.2.90	anuvritti	ब्रह्मभ्रूणवृत्रेषु क्विप्
3.2.87	3.2.91	anuvritti	ब्रह्मभ्रूणवृत्रेषु क्विप्
3.2.87	3.2.92	anuvritti	ब्रह्मभ्रूणवृत्रेषु क्विप्
3.2.94	3.2.95	anuvritti	दृशेः क्वनिप्
3.2.95	3.2.96	anuvritti	राजनि युधिकृञः
3.2.97	3.2.98	anuvritti	सप्तम्यां जनेर्डः
3.2.97	3.2.99	anuvritti	सप्तम्यां जनेर्डः
3.2.97	3.2.101	anuvritti	सप्तम्यां जनेर्डः
3.2.99	3.2.100	anuvritti	उपसर्गे च संज्ञायाम्
3.2.105	3.2.106	anuvritti	छन्दसि लिट्
3.2.106	3.2.107	anuvritti	लिटः कानज्वा
3.2.107	3.2.108	anuvritti	क्वसुश्च
3.2.107	3.2.109	anuvritti	क्वसुश्च
3.2.111	3.2.112	anuvritti	अनद्यतने लङ्
3.2.111	3.2.115	anuvritti	अनद्यतने लङ्
3.2.112	3.2.113	anuvritti	अभिज्ञावचने लृट्
3.2.112	3.2.114	anuvritti	अभिज्ञावचने लृट्
3.2.115	3.2.116	anuvritti	परोक्षे लिट्
3.2.115	3.2.118	anuvritti	परोक्षे लिट्
3.2.116	3.2.117	anuvritti	हशश्वतोर्लङ् च
3.2.118	3.2.119	anuvritti	लट् स्मे
3.2.118	3.2.120	anuvritti	लट् स्मे
3.2.120	3.2.121	anuvritti	ननौ पृष्टप्रतिवचने
3.2.121	3.2.122	anuvritti	नन्वोर्विभाषा
3.2.123	3.2.124	adhikara	वर्तमाने लट्
3.2.123	3.2.127	adhikara	वर्तमाने लट्
3.2.123	3.2.128	adhikara	वर्तमाने लट्
3.2.123	3.2.129	adhikara	वर्तमाने लट्
3.2.123	3.2.130	adhikara	वर्तमाने लट्
3.2.123	3.2.134	adhikara	वर्तमाने लट्
3.2.123	3.2.181	adhikara	वर्तमाने लट्
3.2.123	3.2.187	adhikara	वर्तमाने लट्
3.2.123	3.3.1	adhikara	वर्तमाने लट्
3.2.124	3.2.125	anuvritti	लटः शतृशानचावप्रथमासमानाधिकरणे
3.2.124	3.2.126	anuvritti	लटः शतृशानचावप्रथमासमानाधिकरणे
3.2.130	3.2.131	anuvritti	इङ्धार्योः शत्रकृच्छ्रिणि
3.2.130	3.2.132	anuvritti	इङ्धार्योः शत्रकृच्छ्रिणि
3.2.130	3.2.133	anuvritti	इङ्धार्योः शत्रकृच्छ्रिणि
3.2.134	3.2.135	adhikara	आक्वेस्तच्छीलतद्धर्मतत्साधुकारिषु
3.2.134	3.2.136	adhikara	आक्वेस्तच्छीलतद्धर्मतत्साधुकारिषु
3.2.134	3.2.140	adhikara	आक्वेस्तच्छीलतद्धर्मतत्साधुकारिषु
3.2.134	3.2.141	adhikara	आक्वेस्तच्छीलतद्धर्मतत्साधुकारिषु
3.2.134	3.2.146	adhikara	आक्वेस्तच्छीलतद्धर्मतत्साधुकारिषु
3.2.134	3.2.147	adhikara	आक्वेस्तच्छीलतद्धर्मतत्साधुकारिषु
3.2.134	3.2.148	adhikara	आक्वेस्तच्छीलतद्धर्मतत्साधुकारिषु
3.2.134	3.2.154	adhikara	आक्वेस्तच्छीलतद्धर्मतत्साधुकारिषु
3.2.134	3.2.155	adhikara	आक्वेस्तच्छीलतद्धर्मतत्साधुकारिषु
3.2.134	3.2.156	adhikara	आक्वेस्तच्छीलतद्धर्मतत्साधुकारिषु
3.2.134	3.2.158	adhikara	आक्वेस्तच्छीलतद्धर्मतत्साधुकारिषु
3.2.134	3.2.159	adhikara	आक्वेस्तच्छीलतद्धर्मतत्साधुकारिषु
3.2.134	3.2.160	adhikara	आक्वेस्तच्छीलतद्धर्मतत्साधुकारिषु
3.2.134	3.2.161	adhikara	आक्वेस्तच्छीलतद्धर्मतत्साधुकारिषु
3.2.134	3.2.162	adhikara	आक्वेस्तच्छीलतद्धर्मतत्साधुकारिषु
3.2.134	3.2.163	adhikara	आक्वेस्तच्छीलतद्धर्मतत्साधुकारिषु
3.2.134	3.2.165	adhikara	आक्वेस्तच्छीलतद्धर्मतत्साधुकारिषु
3.2.134	3.2.166	adhikara	आक्वेस्तच्छीलतद्धर्मतत्साधुकारिषु
3.2.134	3.2.167	adhikara	आक्वेस्तच्छीलतद्धर्मतत्साधुकारिषु
3.2.134	3.2.168	adhikara	आक्वेस्तच्छीलतद्धर्मतत्साधुकारिषु
3.2.134	3.2.172	adhikara	आक्वेस्तच्छीलतद्धर्मतत्साधुकारिषु
3.2.134	3.2.173	adhikara	आक्वेस्तच्छीलतद्धर्मतत्साधुकारिषु
3.2.134	3.2.174	adhikara	आक्वेस्तच्छीलतद्धर्मतत्साधुकारिषु
3.2.134	3.2.175	adhikara	आक्वेस्तच्छीलतद्धर्मतत्साधुकारिषु
3.2.134	3.2.177	adhikara	आक्वेस्तच्छीलतद्धर्मतत्साधुकारिषु
3.2.136	3.2.137	anuvritti	अलंकृञ्निराकृञ्प्रजनोत्पचोत्पतोन्मदरुच्यपत्रपवृतुवृधुसहचर इष्णुच्
3.2.137	3.2.138	anuvritti	णेश्छन्दसि
3.2.138	3.2.139	anuvritti	भुवश्च
3.2.141	3.2.142	anuvritti	शमित्यष्टाभ्यो घिनुण्
3.2.141	3.2.143	anuvritti	शमित्यष्टाभ्यो घिनुण्
3.2.141	3.2.145	anuvritti	शमित्यष्टाभ्यो घिनुण्
3.2.143	3.2.144	anuvritti	वौ कषलसकत्थस्रम्भः
3.2.148	3.2.149	anuvritti	चलनशब्दार्थादकर्मकाद्युच्
3.2.148	3.2.150	anuvritti	चलनशब्दार्थादकर्मकाद्युच्
3.2.148	3.2.151	anuvritti	चलनशब्दार्थादकर्मकाद्युच्
3.2.148	3.2.152	anuvritti	चलनशब्दार्थादकर्मकाद्युच्
3.2.152	3.2.153	anuvritti	न यः
3.2.156	3.2.157	anuvritti	प्रजोरिनिः
3.2.163	3.2.164	anuvritti	इण्नश्जिसर्त्तिभ्यः क्वरप्
3.2.168	3.2.169	anuvritti	सनाशंसभिक्ष उः
3.2.168	3.2.170	anuvritti	सनाशंसभिक्ष उः
3.2.170	3.2.171	anuvritti	क्याच्छन्दसि
3.2.175	3.2.176	anuvritti	स्थेशभासपिसकसो वरच्
3.2.177	3.2.178	anuvritti	भ्राजभासधुर्विद्युतोर्जिपॄजुग्रावस्तुवः क्विप्
3.2.177	3.2.179	anuvritti	भ्राजभासधुर्विद्युतोर्जिपॄजुग्रावस्तुवः क्विप्
3.2.179	3.2.180	anuvritti	भुवः संज्ञाऽन्तरयोः
3.2.181	3.2.182	anuvritti	धः कर्मणि ष्ट्रन्
3.2.182	3.2.183	anuvritti	दाम्नीशसयुयुजस्तुतुदसिसिचमिहपतदशनहः करणे
3.2.182	3.2.184	anuvritti	दाम्नीशसयुयुजस्तुतुदसिसिचमिहपतदशनहः करणे
3.2.184	3.2.185	anuvritti	अर्तिलूधूसूखनसहचर इत्रः
3.2.185	3.2.186	anuvritti	पुवः संज्ञायाम्
3.2.187	3.2.188	anuvritti	ञीतः क्तः
3.3.1	3.3.2	anuvritti	उणादयो बहुलम्
3.3.1	3.3.3	anuvritti	उणादयो बहुलम्
3.3.3	3.3.4	adhikara	भविष्यति गम्यादयः
3.3.3	3.3.10	adhikara	भविष्यति गम्यादयः
3.3.4	3.3.5	anuvritti	यावत्पुरानिपातयोर्लट्
3.3.5	3.3.6	anuvritti	विभाषा कदाकर्ह्योः
3.3.5	3.3.7	anuvritti	विभाषा कदाकर्ह्योः
3.3.5	3.3.8	anuvritti	विभाषा कदाकर्ह्योः
3.3.8	3.3.9	anuvritti	लोडर्थलक्षणे च
3.3.10	3.3.11	anuvritti	तुमुन्ण्वुलौ क्रियायां क्रियार्थायाम्
3.3.10	3.3.12	anuvritti	तुमुन्ण्वुलौ क्रियायां क्रियार्थायाम्
3.3.10	3.3.13	anuvritti	तुमुन्ण्वुलौ क्रियायां क्रियार्थायाम्
3.3.13	3.3.14	anuvritti	लृट् शेषे च
3.3.13	3.3.15	anuvritti	लृट् शेषे च
3.3.16	3.3.17	anuvritti	पदरुजविशस्पृशो घञ्
3.3.16	3.3.18	anuvritti	पदरुजविशस्पृशो घञ्
3.3.18	3.3.19	adhikara	भावे
3.3.19	3.3.20	adhikara	अकर्तरि च कारके संज्ञायाम्
3.3.19	3.3.21	adhikara	अकर्तरि च कारके संज्ञायाम्
3.3.19	3.3.22	adhikara	अकर्तरि च कारके संज्ञायाम्
3.3.19	3.3.23	adhikara	अकर्तरि च कारके संज्ञायाम्
3.3.19	3.3.24	adhikara	अकर्तरि च कारके संज्ञायाम्
3.3.19	3.3.25	adhikara	अकर्तरि च कारके संज्ञायाम्
3.3.19	3.3.26	adhikara	अकर्तरि च कारके संज्ञायाम्
3.3.19	3.3.27	adhikara	अकर्तरि च कारके संज्ञायाम्
3.3.19	3.3.28	adhikara	अकर्तरि च कारके संज्ञायाम्
3.3.19	3.3.29	adhikara	अकर्तरि च कारके संज्ञायाम्
3.3.19	3.3.31	adhikara	अकर्तरि च कारके संज्ञायाम्
3.3.19	3.3.32	adhikara	अकर्तरि च कारके संज्ञायाम्
3.3.19	3.3.35	adhikara	अकर्तरि च कारके संज्ञायाम्
3.3.19	3.3.37	adhikara	अकर्तरि च कारके संज्ञायाम्
3.3.19	3.3.38	adhikara	अकर्तरि च कारके संज्ञायाम्
3.3.19	3.3.39	adhikara	अकर्तरि च कारके संज्ञायाम्
3.3.19	3.3.40	adhikara	अकर्तरि च कारके संज्ञायाम्
3.3.19	3.3.43	adhikara	अकर्तरि च कारके संज्ञायाम्
3.3.19	3.3.44	adhikara	अकर्तरि च कारके संज्ञायाम्
3.3.19	3.3.45	adhikara	अकर्तरि च कारके संज्ञायाम्
3.3.19	3.3.48	adhikara	अकर्तरि च कारके संज्ञायाम्
3.3.19	3.3.49	adhikara	अकर्तरि च कारके संज्ञायाम्
3.3.19	3.3.50	adhikara	अकर्तरि च कारके संज्ञायाम्
3.3.19	3.3.56	adhikara	अकर्तरि च कारके संज्ञायाम्
3.3.19	3.3.57	adhikara	अकर्तरि च कारके संज्ञायाम्
3.3.19	3.3.88	adhikara	अकर्तरि च कारके संज्ञायाम्
3.3.19	3.3.89	adhikara	अकर्तरि च कारके संज्ञायाम्
3.3.19	3.3.90	adhikara	अकर्तरि च कारके संज्ञायाम्
3.3.19	3.3.91	adhikara	अकर्तरि च कारके संज्ञायाम्
3.3.19	3.3.92	adhikara	अकर्तरि च कारके संज्ञायाम्
3.3.19	3.3.94	adhikara	अकर्तरि च कारके संज्ञायाम्
3.3.29	3.3.30	anuvritti	उन्न्योर्ग्रः
3.3.32	3.3.33	anuvritti	प्रे स्त्रोऽयज्ञे
3.3.33	3.3.34	anuvritti	प्रथने वावशब्दे
3.3.35	3.3.36	anuvritti	उदि ग्रहः
3.3.40	3.3.41	anuvritti	हस्तादाने चेरस्तेये
3.3.41	3.3.42	anuvritti	निवासचितिशरीरोपसमाधानेष्वादेश्च कः
3.3.45	3.3.46	anuvritti	आक्रोशेऽवन्योर्ग्रहः
3.3.45	3.3.47	anuvritti	आक्रोशेऽवन्योर्ग्रहः
3.3.50	3.3.51	anuvritti	विभाषाऽऽङि रुप्लुवोः
3.3.50	3.3.55	anuvritti	विभाषाऽऽङि रुप्लुवोः
3.3.51	3.3.52	anuvritti	अवे ग्रहो वर्षप्रतिबन्धे
3.3.52	3.3.53	anuvritti	प्रे वणिजाम्
3.3.52	3.3.54	anuvritti	प्रे वणिजाम्
3.3.57	3.3.58	anuvritti	ॠदोरप्
3.3.57	3.3.59	anuvritti	ॠदोरप्
3.3.57	3.3.61	anuvritti	ॠदोरप्
3.3.57	3.3.66	anuvritti	ॠदोरप्
3.3.57	3.3.67	anuvritti	ॠदोरप्
3.3.57	3.3.68	anuvritti	ॠदोरप्
3.3.57	3.3.69	anuvritti	ॠदोरप्
3.3.57	3.3.70	anuvritti	ॠदोरप्
3.3.57	3.3.71	anuvritti	ॠदोरप्
3.3.57	3.3.72	anuvritti	ॠदोरप्
3.3.59	3.3.60	anuvritti	उपसर्गेऽदः
3.3.61	3.3.62	anuvritti	व्यधजपोरनुपसर्गे
3.3.62	3.3.63	anuvritti	स्वनहसोर्वा
3.3.62	3.3.64	anuvritti	स्वनहसोर्वा
3.3.64	3.3.65	anuvritti	नौ गदनदपठस्वनः
3.3.72	3.3.73	anuvritti	ह्वः सम्प्रसारणं च न्यभ्युपविषु
3.3.72	3.3.74	anuvritti	ह्वः सम्प्रसारणं च न्यभ्युपविषु
3.3.72	3.3.75	anuvritti	ह्वः सम्प्रसारणं च न्यभ्युपविषु
3.3.75	3.3.76	anuvritti	भावेऽनुपसर्गस्य
3.3.76	3.3.77	anuvritti	हनश्च वधः
3.3.76	3.3.78	anuvritti	हनश्च वधः
3.3.76	3.3.79	anuvritti	हनश्च वधः
3.3.76	3.3.80	anuvritti	हनश्च वधः
3.3.76	3.3.81	anuvritti	हनश्च वधः
3.3.76	3.3.82	anuvritti	हनश्च वधः
3.3.76	3.3.85	anuvritti	हनश्च वधः
3.3.76	3.3.86	anuvritti	हनश्च वधः
3.3.76	3.3.87	anuvritti	हनश्च वधः
3.3.82	3.3.83	anuvritti	करणेऽयोविद्रुषु
3.3.82	3.3.84	anuvritti	करणेऽयोविद्रुषु
3.3.92	3.3.93	anuvritti	उपसर्गे घोः किः
3.3.94	3.3.95	adhikara+anuvritti	स्त्रियां क्तिन्
3.3.94	3.3.102	adhikara	स्त्रियां क्तिन्
3.3.94	3.3.104	adhikara	स्त्रियां क्तिन्
3.3.94	3.3.107	adhikara	स्त्रियां क्तिन्
3.3.94	3.3.108	adhikara	स्त्रियां क्तिन्
3.3.94	3.3.111	adhikara	स्त्रियां क्तिन्
3.3.94	3.3.112	adhikara	स्त्रियां क्तिन्
3.3.95	3.3.96	anuvritti	स्थागापापचो भावे
3.3.96	3.3.97	anuvritti	मन्त्रे वृषेषपचमनविदभूवीरा उदात्तः
3.3.96	3.3.98	anuvritti	मन्त्रे वृषेषपचमनविदभूवीरा उदात्तः
3.3.98	3.3.99	anuvritti	व्रजयजोर्भावे क्यप्
3.3.98	3.3.100	anuvritti	व्रजयजोर्भावे क्यप्
3.3.100	3.3.101	anuvritti	कृञः श च
3.3.102	3.3.103	anuvritti	अ प्रत्ययात्
3.3.104	3.3.105	anuvritti	षिद्भिदादिभ्योऽङ्
3.3.104	3.3.106	anuvritti	षिद्भिदादिभ्योऽङ्
3.3.108	3.3.109	anuvritti	रोगाख्यायां ण्वुल् बहुलम्
3.3.108	3.3.110	anuvritti	रोगाख्यायां ण्वुल् बहुलम्
3.3.114	3.3.115	anuvritti	नपुंसके भावे क्तः
3.3.115	3.3.116	anuvritti	ल्युट् च
3.3.115	3.3.117	anuvritti	ल्युट् च
3.3.117	3.3.118	adhikara+anuvritti	करणाधिकरणयोश्च
3.3.118	3.3.119	anuvritti	पुंसि संज्ञायां घः प्रायेण
3.3.118	3.3.120	anuvritti	पुंसि संज्ञायां घः प्रायेण
3.3.120	3.3.121	anuvritti	अवे तॄस्त्रोर्घञ्
3.3.120	3.3.122	anuvritti	अवे तॄस्त्रोर्घञ्
3.3.120	3.3.123	anuvritti	अवे तॄस्त्रोर्घञ्
3.3.120	3.3.124	anuvritti	अवे तॄस्त्रोर्घञ्
3.3.120	3.3.125	anuvritti	अवे तॄस्त्रोर्घञ्
3.3.126	3.3.127	anuvritti	ईषद्दुःसुषु कृच्छ्राकृच्छ्रार्थेषु खल्
3.3.126	3.3.128	anuvritti	ईषद्दुःसुषु कृच्छ्राकृच्छ्रार्थेषु खल्
3.3.128	3.3.129	anuvritti	आतो युच्
3.3.129	3.3.130	anuvritti	छन्दसि गत्यर्थेभ्यः
3.3.131	3.3.132	anuvritti	वर्तमानसामीप्ये वर्तमानवद्वा
3.3.132	3.3.133	anuvritti	आशंसायां भूतवच्च
3.3.135	3.3.136	anuvritti	नानद्यतनवत् क्रियाप्रबन्धसामीप्ययोः
3.3.136	3.3.137	anuvritti	भविष्यति मर्यादावचनेऽवरस्मिन्
3.3.136	3.3.139	anuvritti	भविष्यति मर्यादावचनेऽवरस्मिन्
3.3.137	3.3.138	anuvritti	कालविभागे चानहोरात्राणाम्
3.3.139	3.3.140	anuvritti	लिङ्निमित्ते लृङ् क्रियातिपत्तौ
3.3.140	3.3.141	anuvritti	भूते च
3.3.141	3.3.142	anuvritti	वोताप्योः
3.3.142	3.3.143	anuvritti	गर्हायां लडपिजात्वोः
3.3.142	3.3.144	anuvritti	गर्हायां लडपिजात्वोः
3.3.144	3.3.145	anuvritti	किंवृत्ते लिङ्लृटौ
3.3.145	3.3.146	anuvritti	अनवकॢप्त्यमर्षयोरकिंवृत्तेऽपि
3.3.145	3.3.147	anuvritti	अनवकॢप्त्यमर्षयोरकिंवृत्तेऽपि
3.3.147	3.3.148	anuvritti	जातुयदोर्लिङ्
3.3.148	3.3.149	anuvritti	यच्चयत्रयोः
3.3.148	3.3.150	anuvritti	यच्चयत्रयोः
3.3.150	3.3.151	anuvritti	चित्रीकरणे च
3.3.152	3.3.153	anuvritti	उताप्योः समर्थयोर्लिङ्
3.3.152	3.3.154	anuvritti	उताप्योः समर्थयोर्लिङ्
3.3.154	3.3.155	anuvritti	सम्भावनेऽलमिति चेत् सिद्धाप्रयोगे
3.3.155	3.3.156	anuvritti	विभाषा धातौ सम्भावनवचनेऽयदि
3.3.157	3.3.158	anuvritti	इच्छार्थेषु लिङ्लोटौ
3.3.158	3.3.159	anuvritti	समानकर्तृकेषु तुमुन्
3.3.159	3.3.160	anuvritti	लिङ् च
3.3.161	3.3.162	anuvritti	विधिनिमन्त्रणामन्त्रणाधीष्टसंप्रश्नप्रार्थनेषु लिङ्
3.3.162	3.3.163	anuvritti	लोट् च
3.3.163	3.3.164	anuvritti	प्रैषातिसर्गप्राप्तकालेषु कृत्याश्च
3.3.164	3.3.165	anuvritti	लिङ् चोर्ध्वमौहूर्तिके
3.3.165	3.3.166	anuvritti	स्मे लोट्
3.3.167	3.3.168	anuvritti	कालसमयवेलासु तुमुन्
3.3.168	3.3.169	anuvritti	लिङ् यदि
3.3.170	3.3.171	anuvritti	आवश्यकाधमर्ण्ययोर्णिनिः
3.3.171	3.3.172	anuvritti	कृत्याश्च
3.3.175	3.3.176	anuvritti	माङि लुङ्
3.4.1	3.4.2	anuvritti	धातुसम्बन्धे प्रत्ययाः
3.4.1	3.4.4	anuvritti	धातुसम्बन्धे प्रत्ययाः
3.4.1	3.4.6	anuvritti	धातुसम्बन्धे प्रत्ययाः
3.4.2	3.4.3	anuvritti	क्रियासमभिहारे लोट्; लोटो हिस्वौ; वा च तध्वमोः
3.4.4	3.4.5	anuvritti	यथाविध्यनुप्रयोगः पूर्वस्मिन्
3.4.6	3.4.7	anuvritti	छन्दसि लुङ्लङ्लिटः
3.4.6	3.4.9	anuvritti	छन्दसि लुङ्लङ्लिटः
3.4.6	3.4.14	anuvritti	छन्दसि लुङ्लङ्लिटः
3.4.6	3.4.16	anuvritti	छन्दसि लुङ्लङ्लिटः
3.4.7	3.4.8	anuvritti	लिङर्थे लेट्
3.4.9	3.4.10	anuvritti	तुमर्थे सेसेनसेऽसेन्क्सेकसेनध्यैअध्यैन्कध्यैकध्यैन्शध्यैशध्यैन्तवैतवेङ्तवेनः
3.4.9	3.4.11	anuvritti	तुमर्थे सेसेनसेऽसेन्क्सेकसेनध्यैअध्यैन्कध्यैकध्यैन्शध्यैशध्यैन्तवैतवेङ्तवेनः
3.4.9	3.4.12	anuvritti	तुमर्थे सेसेनसेऽसेन्क्सेकसेनध्यैअध्यैन्कध्यैकध्यैन्शध्यैशध्यैन्तवैतवेङ्तवेनः
3.4.9	3.4.13	anuvritti	तुमर्थे सेसेनसेऽसेन्क्सेकसेनध्यैअध्यैन्कध्यैकध्यैन्शध्यैशध्यैन्तवैतवेङ्तवेनः
3.4.14	3.4.15	anuvritti	कृत्यार्थे तवैकेन्केन्यत्वनः
3.4.16	3.4.17	anuvritti	भावलक्षणे स्थेण्कृञ्वदिचरिहुतमिजनिभ्यस्तोसुन्
3.4.18	3.4.19	anuvritti	अलङ्खल्वोः प्रतिषेधयोः प्राचां क्त्वा
3.4.18	3.4.20	anuvritti	अलङ्खल्वोः प्रतिषेधयोः प्राचां क्त्वा
3.4.18	3.4.21	anuvritti	अलङ्खल्वोः प्रतिषेधयोः प्राचां क्त्वा
3.4.21	3.4.22	anuvritti	समानकर्तृकयोः पूर्वकाले
3.4.21	3.4.25	anuvritti	समानकर्तृकयोः पूर्वकाले
3.4.22	3.4.23	anuvritti	आभीक्ष्ण्ये णमुल् च
3.4.22	3.4.24	anuvritti	आभीक्ष्ण्ये णमुल् च
3.4.25	3.4.26	anuvritti	कर्मण्याक्रोशे कृञः खमुञ्
3.4.26	3.4.27	anuvritti	स्वादुमि णमुल्
3.4.26	3.4.29	anuvritti	स्वादुमि णमुल्
3.4.26	3.4.37	anuvritti	स्वादुमि णमुल्
3.4.26	3.4.41	anuvritti	स्वादुमि णमुल्
3.4.26	3.4.43	anuvritti	स्वादुमि णमुल्
3.4.26	3.4.46	anuvritti	स्वादुमि णमुल्
3.4.26	3.4.47	anuvritti	स्वादुमि णमुल्
3.4.26	3.4.52	anuvritti	स्वादुमि णमुल्
3.4.27	3.4.28	anuvritti	अन्यथैवंकथमित्थंसु सिद्धाप्रयोगश्चेत्
3.4.29	3.4.30	anuvritti	कर्मणि दृशिविदोः साकल्ये
3.4.29	3.4.31	anuvritti	कर्मणि दृशिविदोः साकल्ये
3.4.29	3.4.34	anuvritti	कर्मणि दृशिविदोः साकल्ये
3.4.29	3.4.35	anuvritti	कर्मणि दृशिविदोः साकल्ये
3.4.29	3.4.36	anuvritti	कर्मणि दृशिविदोः साकल्ये
3.4.31	3.4.32	anuvritti	चर्मोदरयोः पूरेः
3.4.32	3.4.33	anuvritti	वर्षप्रमाण ऊलोपश्चास्यान्यतरस्याम्
3.4.37	3.4.38	anuvritti	करणे हनः
3.4.37	3.4.39	anuvritti	करणे हनः
3.4.37	3.4.40	anuvritti	करणे हनः
3.4.41	3.4.42	anuvritti	अधिकरणे बन्धः
3.4.43	3.4.44	anuvritti	कर्त्रोर्जीवपुरुषयोर्नशिवहोः
3.4.43	3.4.45	anuvritti	कर्त्रोर्जीवपुरुषयोर्नशिवहोः
3.4.47	3.4.48	anuvritti	उपदंशस्तृतीयायाम्
3.4.47	3.4.49	anuvritti	उपदंशस्तृतीयायाम्
3.4.49	3.4.50	anuvritti	सप्तम्यां चोपपीडरुधकर्षः
3.4.49	3.4.51	anuvritti	सप्तम्यां चोपपीडरुधकर्षः
3.4.52	3.4.53	anuvritti	अपादाने परीप्सायाम्
3.4.53	3.4.54	anuvritti	द्वितीयायां च
3.4.53	3.4.56	anuvritti	द्वितीयायां च
3.4.53	3.4.57	anuvritti	द्वितीयायां च
3.4.53	3.4.58	anuvritti	द्वितीयायां च
3.4.54	3.4.55	anuvritti	स्वाङ्गेऽध्रुवे
3.4.59	3.4.60	anuvritti	अव्ययेऽयथाभिप्रेताख्याने कृञः क्त्वाणमुलौ
3.4.59	3.4.61	anuvritti	अव्ययेऽयथाभिप्रेताख्याने कृञः क्त्वाणमुलौ
3.4.59	3.4.63	anuvritti	अव्ययेऽयथाभिप्रेताख्याने कृञः क्त्वाणमुलौ
3.4.61	3.4.62	anuvritti	स्वाङ्गे तस्प्रत्यये कृभ्वोः
3.4.63	3.4.64	anuvritti	तूष्णीमि भुवः
3.4.65	3.4.66	anuvritti	शकधृषज्ञाग्लाघटरभलभक्रमसहार्हास्त्यर्थेषु तुमुन्
3.4.67	3.4.68	anuvritti	कर्तरि कृत्
3.4.67	3.4.69	anuvritti	कर्तरि कृत्
3.4.71	3.4.72	anuvritti	आदिकर्मणि क्तः कर्तरि च
3.4.77	3.4.78	adhikara	लस्य
3.4.77	3.4.79	adhikara	लस्य
3.4.77	3.4.81	adhikara	लस्य
3.4.77	3.4.85	adhikara	लस्य
3.4.77	3.4.94	adhikara	लस्य
3.4.77	3.4.102	adhikara	लस्य
3.4.79	3.4.80	anuvritti	टित आत्मनेपदानां टेरे
3.4.81	3.4.82	anuvritti	लिटस्तझयोरेशिरेच्
3.4.82	3.4.83	anuvritti	परस्मैपदानां णलतुसुस्थलथुसणल्वमाः
3.4.83	3.4.84	anuvritti	विदो लटो वा
3.4.85	3.4.86	anuvritti	लोटो लङ्वत्
3.4.85	3.4.87	anuvritti	लोटो लङ्वत्
3.4.85	3.4.89	anuvritti	लोटो लङ्वत्
3.4.85	3.4.90	anuvritti	लोटो लङ्वत्
3.4.85	3.4.92	anuvritti	लोटो लङ्वत्
3.4.87	3.4.88	anuvritti	सेर्ह्यपिच्च
3.4.90	3.4.91	anuvritti	आमेतः
3.4.92	3.4.93	anuvritti	आडुत्तमस्य पिच्च
3.4.94	3.4.95	anuvritti	लेटोऽडाटौ
3.4.95	3.4.96	anuvritti	आत ऐ
3.4.96	3.4.97	anuvritti	वैतोऽन्यत्र
3.4.97	3.4.98	anuvritti	इतश्च लोपः परस्मैपदेषु
3.4.98	3.4.99	anuvritti	स उत्तमस्य
3.4.99	3.4.100	anuvritti	नित्यं ङितः
3.4.99	3.4.101	anuvritti	नित्यं ङितः
3.4.102	3.4.103	anuvritti	लिङस्सीयुट्
3.4.102	3.4.105	anuvritti	लिङस्सीयुट्
3.4.102	3.4.106	anuvritti	लिङस्सीयुट्
3.4.102	3.4.107	anuvritti	लिङस्सीयुट्
3.4.102	3.4.108	anuvritti	लिङस्सीयुट्
3.4.103	3.4.104	anuvritti	यासुट् परस्मैपदेषूदात्तो ङिच्च
3.4.108	3.4.109	anuvritti	झेर्जुस्
3.4.108	3.4.110	anuvritti	झेर्जुस्
3.4.110	3.4.111	anuvritti	आतः
3.4.111	3.4.112	anuvritti	लङः शाकटायनस्यैव
3.4.114	3.4.115	anuvritti	आर्धधातुकं शेषः
3.4.114	3.4.116	anuvritti	आर्धधातुकं शेषः
3.4.114	3.4.117	anuvritti	आर्धधातुकं शेषः
4.1.1	4.1.2	adhikara	ङ्याप्प्रातिपदिकात्
4.1.1	4.1.3	adhikara	ङ्याप्प्रातिपदिकात्
4.1.3	4.1.4	adhikara	स्त्रियाम्
4.1.3	4.1.5	adhikara	स्त्रियाम्
4.1.5	4.1.6	anuvritti	ऋन्नेभ्यो ङीप्
4.1.5	4.1.7	anuvritti	ऋन्नेभ्यो ङीप्
4.1.5	4.1.8	anuvritti	ऋन्नेभ्यो ङीप्
4.1.5	4.1.14	anuvritti	ऋन्नेभ्यो ङीप्
4.1.8	4.1.9	anuvritti	पादोऽन्यतरस्याम्
4.1.9	4.1.10	anuvritti	टाबृचि
4.1.10	4.1.11	anuvritti	न षट्स्वस्रादिभ्यः
4.1.11	4.1.12	anuvritti	मनः
4.1.12	4.1.13	anuvritti	अनो बहुव्रीहेः
4.1.14	4.1.15	adhikara+anuvritti	अनुपसर्जनात्
4.1.14	4.1.16	adhikara+anuvritti	अनुपसर्जनात्
4.1.14	4.1.20	adhikara+anuvritti	अनुपसर्जनात्
4.1.14	4.1.21	adhikara+anuvritti	अनुपसर्जनात्
4.1.14	4.1.25	adhikara+anuvritti	अनुपसर्जनात्
4.1.14	4.1.32	adhikara+anuvritti	अनुपसर्जनात्
4.1.14	4.1.33	adhikara+anuvritti	अनुपसर्जनात्
4.1.14	4.1.36	adhikara+anuvritti	अनुपसर्जनात्
4.1.14	4.1.73	adhikara+anuvritti	अनुपसर्जनात्
4.1.14	4.1.74	adhikara+anuvritti	अनुपसर्जनात्
4.1.14	4.1.76	adhikara+anuvritti	अनुपसर्जनात्
4.1.16	4.1.17	anuvritti	यञश्च
4.1.17	4.1.18	anuvritti	प्राचां ष्फ तद्धितः
4.1.17	4.1.19	anuvritti	प्राचां ष्फ तद्धितः
4.1.21	4.1.22	anuvritti	द्विगोः
4.1.22	4.1.23	anuvritti	अपरिमाणबिस्ताचितकम्बल्येभ्यो न तद्धितलुकि
4.1.22	4.1.24	anuvritti	अपरिमाणबिस्ताचितकम्बल्येभ्यो न तद्धितलुकि
4.1.25	4.1.26	anuvritti	बहुव्रीहेरूधसो ङीष्
4.1.25	4.1.28	anuvritti	बहुव्रीहेरूधसो ङीष्
4.1.26	4.1.27	anuvritti	संख्याव्ययादेर्ङीप्
4.1.28	4.1.29	anuvritti	अन उपधालोपिनोन्यतरस्याम्
4.1.29	4.1.30	anuvritti	नित्यं संज्ञाछन्दसोः
4.1.29	4.1.31	anuvritti	नित्यं संज्ञाछन्दसोः
4.1.33	4.1.34	anuvritti	पत्युर्नो यज्ञसंयोगे
4.1.33	4.1.35	anuvritti	पत्युर्नो यज्ञसंयोगे
4.1.36	4.1.37	anuvritti	पूतक्रतोरै च
4.1.37	4.1.38	anuvritti	वृषाकप्यग्निकुसितकुसिदानामुदात्तः
4.1.38	4.1.39	anuvritti	मनोरौ वा
4.1.39	4.1.40	anuvritti	वर्णादनुदात्तात्तोपधात्तो नः
4.1.40	4.1.41	anuvritti	अन्यतो ङीष्
4.1.40	4.1.42	anuvritti	अन्यतो ङीष्
4.1.40	4.1.43	anuvritti	अन्यतो ङीष्
4.1.40	4.1.44	anuvritti	अन्यतो ङीष्
4.1.40	4.1.48	anuvritti	अन्यतो ङीष्
4.1.40	4.1.50	anuvritti	अन्यतो ङीष्
4.1.40	4.1.59	anuvritti	अन्यतो ङीष्
4.1.40	4.1.60	anuvritti	अन्यतो ङीष्
4.1.40	4.1.61	anuvritti	अन्यतो ङीष्
4.1.40	4.1.62	anuvritti	अन्यतो ङीष्
4.1.40	4.1.63	anuvritti	अन्यतो ङीष्
4.1.40	4.1.65	anuvritti	अन्यतो ङीष्
4.1.44	4.1.45	anuvritti	वोतो गुणवचनात्
4.1.45	4.1.46	anuvritti	बह्वादिभ्यश्च
4.1.46	4.1.47	anuvritti	नित्यं छन्दसि
4.1.48	4.1.49	anuvritti	पुंयोगादाख्यायाम्
4.1.50	4.1.51	anuvritti	क्रीतात् करणपूर्वात्
4.1.51	4.1.52	anuvritti	क्तादल्पाख्यायाम्
4.1.52	4.1.53	anuvritti	बहुव्रीहेश्चान्तोदात्तात्
4.1.53	4.1.54	anuvritti	अस्वाङ्गपूर्वपदाद्वा
4.1.54	4.1.55	anuvritti	स्वाङ्गाच्चोपसर्जनादसंयोगोपधात्
4.1.54	4.1.56	anuvritti	स्वाङ्गाच्चोपसर्जनादसंयोगोपधात्
4.1.56	4.1.57	anuvritti	न क्रोडादिबह्वचः
4.1.56	4.1.58	anuvritti	न क्रोडादिबह्वचः
4.1.63	4.1.64	anuvritti	जातेरस्त्रीविषयादयोपधात्
4.1.65	4.1.66	anuvritti	इतो मनुष्यजातेः
4.1.66	4.1.67	anuvritti	ऊङुतः
4.1.66	4.1.68	anuvritti	ऊङुतः
4.1.66	4.1.69	anuvritti	ऊङुतः
4.1.66	4.1.71	anuvritti	ऊङुतः
4.1.69	4.1.70	anuvritti	ऊरूत्तरपदादौपम्ये
4.1.71	4.1.72	anuvritti	कद्रुकमण्डल्वोश्छन्दसि
4.1.74	4.1.75	anuvritti	यङश्चाप्
4.1.76	4.1.77	adhikara	तद्धिताः
4.1.76	4.1.78	adhikara	तद्धिताः
4.1.76	4.1.82	adhikara	तद्धिताः
4.1.78	4.1.79	anuvritti	अणिञोरनार्षयोर्गुरूपोत्तमयोः ष्यङ् गोत्रे
4.1.78	4.1.80	anuvritti	अणिञोरनार्षयोर्गुरूपोत्तमयोः ष्यङ् गोत्रे
4.1.78	4.1.81	anuvritti	अणिञोरनार्षयोर्गुरूपोत्तमयोः ष्यङ् गोत्रे
4.1.82	4.1.83	adhikara	समर्थानां प्रथमाद्वा
4.1.82	4.4.1	adhikara	समर्थानां प्रथमाद्वा
4.1.82	4.4.75	adhikara	समर्थानां प्रथमाद्वा
4.1.82	5.1.1	adhikara	समर्थानां प्रथमाद्वा
4.1.82	5.1.18	adhikara	समर्थानां प्रथमाद्वा
4.1.82	5.1.115	adhikara	समर्थानां प्रथमाद्वा
4.1.82	5.1.119	adhikara	समर्थानां प्रथमाद्वा
4.1.82	5.2.1	adhikara	समर्थानां प्रथमाद्वा
4.1.82	5.2.5	adhikara	समर्थानां प्रथमाद्वा
4.1.82	5.2.6	adhikara	समर्थानां प्रथमाद्वा
4.1.82	5.2.28	adhikara	समर्थानां प्रथमाद्वा
4.1.82	5.2.35	adhikara	समर्थानां प्रथमाद्वा
4.1.82	5.2.36	adhikara	समर्थानां प्रथमाद्वा
4.1.82	5.2.39	adhikara	समर्थानां प्रथमाद्वा
4.1.82	5.2.42	adhikara	समर्थानां प्रथमाद्वा
4.1.82	5.2.43	adhikara	समर्थानां प्रथमाद्वा
4.1.82	5.2.45	adhikara	समर्थानां प्रथमाद्वा
4.1.82	5.2.47	adhikara	समर्थानां प्रथमाद्वा
4.1.82	5.2.59	adhikara	समर्थानां प्रथमाद्वा
4.1.82	5.2.84	adhikara	समर्थानां प्रथमाद्वा
4.1.82	5.2.85	adhikara	समर्थानां प्रथमाद्वा
4.1.82	5.2.92	adhikara	समर्थानां प्रथमाद्वा
4.1.82	5.2.93	adhikara	समर्थानां प्रथमाद्वा
4.1.82	5.2.94	adhikara	समर्थानां प्रथमाद्वा
4.1.82	5.3.1	adhikara	समर्थानां प्रथमाद्वा
4.1.82	5.3.42	adhikara	समर्थानां प्रथमाद्वा
4.1.82	5.3.44	adhikara	समर्थानां प्रथमाद्वा
4.1.82	5.3.47	adhikara	समर्थानां प्रथमाद्वा
4.1.82	5.3.48	adhikara	समर्थानां प्रथमाद्वा
4.1.82	5.3.53	adhikara	समर्थानां प्रथमाद्वा
4.1.82	5.3.55	adhikara	समर्थानां प्रथमाद्वा
4.1.82	5.3.112	adhikara	समर्थानां प्रथमाद्वा
4.1.82	5.3.114	adhikara	समर्थानां प्रथमाद्वा
4.1.82	5.3.118	adhikara	समर्थानां प्रथमाद्वा
4.1.82	5.3.119	adhikara	समर्थानां प्रथमाद्वा
4.1.82	5.4.1	adhikara	समर्थानां प्रथमाद्वा
4.1.82	5.4.3	adhikara	समर्थानां प्रथमाद्वा
4.1.82	5.4.7	adhikara	समर्थानां प्रथमाद्वा
4.1.82	5.4.9	adhikara	समर्थानां प्रथमाद्वा
4.1.82	5.4.11	adhikara	समर्थानां प्रथमाद्वा
4.1.82	5.4.13	adhikara	समर्थानां प्रथमाद्वा
4.1.82	5.4.14	adhikara	समर्थानां प्रथमाद्वा
4.1.82	5.4.15	adhikara	समर्थानां प्रथमाद्वा
4.1.82	5.4.17	adhikara	समर्थानां प्रथमाद्वा
4.1.82	5.4.21	adhikara	समर्थानां प्रथमाद्वा
4.1.82	5.4.27	adhikara	समर्थानां प्रथमाद्वा
4.1.82	5.4.28	adhikara	समर्थानां प्रथमाद्वा
4.1.82	5.4.29	adhikara	समर्थानां प्रथमाद्वा
4.1.82	5.4.34	adhikara	समर्थानां प्रथमाद्वा
4.1.82	5.4.39	adhikara	समर्थानां प्रथमाद्वा
4.1.82	5.4.42	adhikara	समर्थानां प्रथमाद्वा
4.1.82	5.4.50	adhikara	समर्थानां प्रथमाद्वा
4.1.82	5.4.68	adhikara	समर्थानां प्रथमाद्वा
4.1.83	4.1.84	adhikara	प्राग्दीव्यतोऽण्
4.1.83	4.1.85	adhikara	प्राग्दीव्यतोऽण्
4.1.83	4.1.86	adhikara	प्राग्दीव्यतोऽण्
4.1.83	4.1.87	adhikara	प्राग्दीव्यतोऽण्
4.1.83	4.1.88	adhikara	प्राग्दीव्यतोऽण्
4.1.83	4.1.89	adhikara	प्राग्दीव्यतोऽण्
4.1.83	4.1.92	adhikara	प्राग्दीव्यतोऽण्
4.1.83	4.1.177	adhikara	प्राग्दीव्यतोऽण्
4.1.83	4.1.178	adhikara	प्राग्दीव्यतोऽण्
4.1.83	4.2.1	adhikara	प्राग्दीव्यतोऽण्
4.1.83	4.2.14	adhikara	प्राग्दीव्यतोऽण्
4.1.83	4.2.21	adhikara	प्राग्दीव्यतोऽण्
4.1.83	4.2.24	adhikara	प्राग्दीव्यतोऽण्
4.1.83	4.2.36	adhikara	प्राग्दीव्यतोऽण्
4.1.83	4.2.37	adhikara	प्राग्दीव्यतोऽण्
4.1.83	4.2.55	adhikara	प्राग्दीव्यतोऽण्
4.1.83	4.2.57	adhikara	प्राग्दीव्यतोऽण्
4.1.83	4.2.58	adhikara	प्राग्दीव्यतोऽण्
4.1.83	4.2.59	adhikara	प्राग्दीव्यतोऽण्
4.1.83	4.2.67	adhikara	प्राग्दीव्यतोऽण्
4.1.83	4.2.71	adhikara	प्राग्दीव्यतोऽण्
4.1.83	4.2.77	adhikara	प्राग्दीव्यतोऽण्
4.1.83	4.2.80	adhikara	प्राग्दीव्यतोऽण्
4.1.83	4.2.81	adhikara	प्राग्दीव्यतोऽण्
4.1.83	4.2.85	adhikara	प्राग्दीव्यतोऽण्
4.1.83	4.2.87	adhikara	प्राग्दीव्यतोऽण्
4.1.83	4.2.88	adhikara	प्राग्दीव्यतोऽण्
4.1.83	4.2.89	adhikara	प्राग्दीव्यतोऽण्
4.1.83	4.2.90	adhikara	प्राग्दीव्यतोऽण्
4.1.83	4.2.92	adhikara	प्राग्दीव्यतोऽण्
4.1.83	4.2.93	adhikara	प्राग्दीव्यतोऽण्
4.1.83	4.2.94	adhikara	प्राग्दीव्यतोऽण्
4.1.83	4.2.95	adhikara	प्राग्दीव्यतोऽण्
4.1.83	4.2.97	adhikara	प्राग्दीव्यतोऽण्
4.1.83	4.2.98	adhikara	प्राग्दीव्यतोऽण्
4.1.83	4.2.99	adhikara	प्राग्दीव्यतोऽण्
4.1.83	4.2.101	adhikara	प्राग्दीव्यतोऽण्
4.1.83	4.2.102	adhikara	प्राग्दीव्यतोऽण्
4.1.83	4.2.104	adhikara	प्राग्दीव्यतोऽण्
4.1.83	4.2.106	adhikara	प्राग्दीव्यतोऽण्
4.1.83	4.2.107	adhikara	प्राग्दीव्यतोऽण्
4.1.83	4.2.110	adhikara	प्राग्दीव्यतोऽण्
4.1.83	4.2.114	adhikara	प्राग्दीव्यतोऽण्
4.1.83	4.2.119	adhikara	प्राग्दीव्यतोऽण्
4.1.83	4.2.120	adhikara	प्राग्दीव्यतोऽण्
4.1.83	4.2.131	adhikara	प्राग्दीव्यतोऽण्
4.1.83	4.2.132	adhikara	प्राग्दीव्यतोऽण्
4.1.83	4.2.137	adhikara	प्राग्दीव्यतोऽण्
4.1.83	4.3.4	adhikara	प्राग्दीव्यतोऽण्
4.1.83	4.3.8	adhikara	प्राग्दीव्यतोऽण्
4.1.83	4.3.10	adhikara	प्राग्दीव्यतोऽण्
4.1.83	4.3.11	adhikara	प्राग्दीव्यतोऽण्
4.1.83	4.3.25	adhikara	प्राग्दीव्यतोऽण्
4.1.83	4.3.52	adhikara	प्राग्दीव्यतोऽण्
4.1.83	4.3.53	adhikara	प्राग्दीव्यतोऽण्
4.1.83	4.3.74	adhikara	प्राग्दीव्यतोऽण्
4.1.83	4.3.85	adhikara	प्राग्दीव्यतोऽण्
4.1.83	4.3.89	adhikara	प्राग्दीव्यतोऽण्
4.1.83	4.3.101	adhikara	प्राग्दीव्यतोऽण्
4.1.83	4.3.112	adhikara	प्राग्दीव्यतोऽण्
4.1.83	4.3.120	adhikara	प्राग्दीव्यतोऽण्
4.1.89	4.1.90	anuvritti	गोत्रेऽलुगचि
4.1.90	4.1.91	anuvritti	यूनि लुक्
4.1.92	4.1.93	anuvritti	तस्यापत्यम्
4.1.92	4.1.94	anuvritti	तस्यापत्यम्
4.1.92	4.1.95	anuvritti	तस्यापत्यम्
4.1.92	4.1.98	anuvritti	तस्यापत्यम्
4.1.92	4.1.112	anuvritti	तस्यापत्यम्
4.1.92	4.1.120	anuvritti	तस्यापत्यम्
4.1.92	4.1.128	anuvritti	तस्यापत्यम्
4.1.92	4.1.129	anuvritti	तस्यापत्यम्
4.1.92	4.1.132	anuvritti	तस्यापत्यम्
4.1.92	4.1.135	anuvritti	तस्यापत्यम्
4.1.92	4.1.137	anuvritti	तस्यापत्यम्
4.1.92	4.1.138	anuvritti	तस्यापत्यम्
4.1.92	4.1.139	anuvritti	तस्यापत्यम्
4.1.92	4.1.143	anuvritti	तस्यापत्यम्
4.1.92	4.1.146	anuvritti	तस्यापत्यम्
4.1.92	4.1.151	anuvritti	तस्यापत्यम्
4.1.92	4.1.154	anuvritti	तस्यापत्यम्
4.1.92	4.1.160	anuvritti	तस्यापत्यम्
4.1.92	4.1.161	anuvritti	तस्यापत्यम्
4.1.92	4.1.162	anuvritti	तस्यापत्यम्
4.1.92	4.1.166	anuvritti	तस्यापत्यम्
4.1.92	4.1.167	anuvritti	तस्यापत्यम्
4.1.92	4.1.168	anuvritti	तस्यापत्यम्
4.1.95	4.1.96	anuvritti	अत इञ्
4.1.95	4.1.97	anuvritti	अत इञ्
4.1.98	4.1.99	anuvritti	गोत्रे कुञ्जादिभ्यश्च्फञ्
4.1.98	4.1.104	anuvritti	गोत्रे कुञ्जादिभ्यश्च्फञ्
4.1.98	4.1.105	anuvritti	गोत्रे कुञ्जादिभ्यश्च्फञ्
4.1.98	4.1.110	anuvritti	गोत्रे कुञ्जादिभ्यश्च्फञ्
4.1.99	4.1.100	anuvritti	नडादिभ्यः फक्
4.1.99	4.1.101	anuvritti	नडादिभ्यः फक्
4.1.99	4.1.102	anuvritti	नडादिभ्यः फक्
4.1.99	4.1.103	anuvritti	नडादिभ्यः फक्
4.1.105	4.1.106	anuvritti	गर्गादिभ्यो यञ्
4.1.105	4.1.107	anuvritti	गर्गादिभ्यो यञ्
4.1.107	4.1.108	anuvritti	कपिबोधादाङ्गिरसे
4.1.108	4.1.109	anuvritti	वतण्डाच्च
4.1.110	4.1.111	anuvritti	अश्वादिभ्यः फञ्
4.1.112	4.1.113	anuvritti	शिवादिभ्योऽण्
4.1.112	4.1.114	anuvritti	शिवादिभ्योऽण्
4.1.112	4.1.115	anuvritti	शिवादिभ्योऽण्
4.1.112	4.1.116	anuvritti	शिवादिभ्योऽण्
4.1.112	4.1.117	anuvritti	शिवादिभ्योऽण्
4.1.112	4.1.118	anuvritti	शिवादिभ्योऽण्
4.1.112	4.1.119	anuvritti	शिवादिभ्योऽण्
4.1.120	4.1.121	anuvritti	स्त्रीभ्यो ढक्
4.1.120	4.1.123	anuvritti	स्त्रीभ्यो ढक्
4.1.120	4.1.124	anuvritti	स्त्रीभ्यो ढक्
4.1.120	4.1.125	anuvritti	स्त्रीभ्यो ढक्
4.1.120	4.1.126	anuvritti	स्त्रीभ्यो ढक्
4.1.121	4.1.122	anuvritti	द्व्यचः
4.1.126	4.1.127	anuvritti	कल्याण्यादीनामिनङ्
4.1.129	4.1.130	anuvritti	गोधाया ढ्रक्
4.1.129	4.1.131	anuvritti	गोधाया ढ्रक्
4.1.132	4.1.133	anuvritti	पितृष्वसुश्छण्
4.1.133	4.1.134	anuvritti	ढकि लोपः
4.1.135	4.1.136	anuvritti	चतुष्पाद्भ्यो ढञ्
4.1.139	4.1.140	anuvritti	कुलात् खः
4.1.140	4.1.141	anuvritti	अपूर्वपदादन्यतरस्यां यड्ढकञौ
4.1.140	4.1.142	anuvritti	अपूर्वपदादन्यतरस्यां यड्ढकञौ
4.1.143	4.1.144	anuvritti	स्वसुश्छः
4.1.144	4.1.145	anuvritti	भ्रातुर्व्यच्च
4.1.146	4.1.147	anuvritti	रेवत्यादिभ्यष्ठक्
4.1.147	4.1.148	anuvritti	गोत्रस्त्रियाः कुत्सने ण च
4.1.148	4.1.149	anuvritti	वृद्धाट्ठक् सौवीरेषु बहुलम्
4.1.148	4.1.150	anuvritti	वृद्धाट्ठक् सौवीरेषु बहुलम्
4.1.151	4.1.152	anuvritti	कुर्वादिभ्यो ण्यः
4.1.152	4.1.153	anuvritti	सेनान्तलक्षणकारिभ्यश्च
4.1.154	4.1.155	anuvritti	तिकादिभ्यः फिञ्
4.1.154	4.1.156	anuvritti	तिकादिभ्यः फिञ्
4.1.154	4.1.157	anuvritti	तिकादिभ्यः फिञ्
4.1.157	4.1.158	anuvritti	उदीचां वृद्धादगोत्रात्
4.1.158	4.1.159	anuvritti	वाकिनादीनां कुक् च
4.1.162	4.1.163	anuvritti	अपत्यं पौत्रप्रभृति गोत्रम्
4.1.163	4.1.164	anuvritti	जीवति तु वंश्ये युवा
4.1.163	4.1.165	anuvritti	जीवति तु वंश्ये युवा
4.1.168	4.1.169	anuvritti	जनपदशब्दात् क्षत्रियादञ्
4.1.168	4.1.170	anuvritti	जनपदशब्दात् क्षत्रियादञ्
4.1.168	4.1.171	anuvritti	जनपदशब्दात् क्षत्रियादञ्
4.1.168	4.1.172	anuvritti	जनपदशब्दात् क्षत्रियादञ्
4.1.168	4.1.173	anuvritti	जनपदशब्दात् क्षत्रियादञ्
4.1.168	4.1.174	anuvritti	जनपदशब्दात् क्षत्रियादञ्
4.1.174	4.1.175	anuvritti	ते तद्राजाः
4.1.175	4.1.176	anuvritti	कम्बोजाल्लुक्
4.2.1	4.2.2	anuvritti	तेन रक्तं रागात्
4.2.1	4.2.3	anuvritti	तेन रक्तं रागात्
4.2.1	4.2.7	anuvritti	तेन रक्तं रागात्
4.2.1	4.2.10	anuvritti	तेन रक्तं रागात्
4.2.1	4.2.13	anuvritti	तेन रक्तं रागात्
4.2.3	4.2.4	anuvritti	नक्षत्रेण युक्तः कालः
4.2.3	4.2.6	anuvritti	नक्षत्रेण युक्तः कालः
4.2.4	4.2.5	anuvritti	लुबविशेषे
4.2.7	4.2.8	anuvritti	दृष्टं साम
4.2.7	4.2.9	anuvritti	दृष्टं साम
4.2.10	4.2.11	anuvritti	परिवृतो रथः
4.2.10	4.2.12	anuvritti	परिवृतो रथः
4.2.14	4.2.15	anuvritti	तत्रोद्धृतममत्रेभ्यः
4.2.14	4.2.16	anuvritti	तत्रोद्धृतममत्रेभ्यः
4.2.16	4.2.17	anuvritti	संस्कृतं भक्षाः
4.2.16	4.2.18	anuvritti	संस्कृतं भक्षाः
4.2.16	4.2.20	anuvritti	संस्कृतं भक्षाः
4.2.18	4.2.19	anuvritti	दध्नष्ठक्
4.2.21	4.2.22	anuvritti	सास्मिन् पौर्णमासीति संज्ञायाम्
4.2.22	4.2.23	anuvritti	आग्रहायण्यश्वत्थाट्ठक्
4.2.24	4.2.25	anuvritti	सास्य देवता
4.2.24	4.2.26	anuvritti	सास्य देवता
4.2.24	4.2.27	anuvritti	सास्य देवता
4.2.24	4.2.28	anuvritti	सास्य देवता
4.2.24	4.2.30	anuvritti	सास्य देवता
4.2.24	4.2.31	anuvritti	सास्य देवता
4.2.24	4.2.33	anuvritti	सास्य देवता
4.2.24	4.2.34	anuvritti	सास्य देवता
4.2.24	4.2.35	anuvritti	सास्य देवता
4.2.28	4.2.29	anuvritti	छ च
4.2.31	4.2.32	anuvritti	वाय्वृतुपित्रुषसो यत्
4.2.37	4.2.38	anuvritti	तस्य समूहः
4.2.37	4.2.39	anuvritti	तस्य समूहः
4.2.37	4.2.42	anuvritti	तस्य समूहः
4.2.37	4.2.43	anuvritti	तस्य समूहः
4.2.37	4.2.44	anuvritti	तस्य समूहः
4.2.37	4.2.46	anuvritti	तस्य समूहः
4.2.37	4.2.47	anuvritti	तस्य समूहः
4.2.37	4.2.48	anuvritti	तस्य समूहः
4.2.37	4.2.49	anuvritti	तस्य समूहः
4.2.37	4.2.51	anuvritti	तस्य समूहः
4.2.37	4.2.52	anuvritti	तस्य समूहः
4.2.39	4.2.40	anuvritti	गोत्रोक्षोष्ट्रोरभ्रराजराजन्यराजपुत्रवत्समनुष्याजाद्वुञ्
4.2.40	4.2.41	anuvritti	केदाराद्यञ् च
4.2.44	4.2.45	anuvritti	अनुदात्तादेरञ्
4.2.49	4.2.50	anuvritti	पाशादिभ्यो यः
4.2.52	4.2.53	anuvritti	विषयो देशे
4.2.52	4.2.54	anuvritti	विषयो देशे
4.2.55	4.2.56	anuvritti	सोऽस्यादिरिति च्छन्दसः प्रगाथेषु
4.2.59	4.2.60	anuvritti	तदधीते तद्वेद
4.2.59	4.2.61	anuvritti	तदधीते तद्वेद
4.2.59	4.2.62	anuvritti	तदधीते तद्वेद
4.2.59	4.2.63	anuvritti	तदधीते तद्वेद
4.2.59	4.2.64	anuvritti	तदधीते तद्वेद
4.2.64	4.2.65	anuvritti	प्रोक्ताल्लुक्
4.2.64	4.2.66	anuvritti	प्रोक्ताल्लुक्
4.2.67	4.2.68	anuvritti	तदस्मिन्नस्तीति देशे तन्नाम्नि
4.2.67	4.2.69	anuvritti	तदस्मिन्नस्तीति देशे तन्नाम्नि
4.2.69	4.2.70	anuvritti	तस्य निवासः
4.2.71	4.2.72	anuvritti	ओरञ्
4.2.71	4.2.73	anuvritti	ओरञ्
4.2.71	4.2.75	anuvritti	ओरञ्
4.2.71	4.2.76	anuvritti	ओरञ्
4.2.73	4.2.74	anuvritti	बह्वचः कूपेषु
4.2.77	4.2.78	anuvritti	सुवास्त्वादिभ्योऽण्
4.2.77	4.2.79	anuvritti	सुवास्त्वादिभ्योऽण्
4.2.81	4.2.82	anuvritti	जनपदे लुप्
4.2.81	4.2.83	anuvritti	जनपदे लुप्
4.2.83	4.2.84	anuvritti	शर्कराया वा
4.2.85	4.2.86	anuvritti	नद्यां मतुप्
4.2.90	4.2.91	anuvritti	उत्करादिभ्यश्छः
4.2.92	4.3.23	adhikara	शेषे
4.2.95	4.2.96	anuvritti	कत्र्यादिभ्यो ढकञ्
4.2.99	4.2.100	anuvritti	कापिश्याः ष्फक्
4.2.102	4.2.103	anuvritti	कन्थायाष्ठक्
4.2.104	4.2.105	anuvritti	अव्ययात्त्यप्
4.2.107	4.2.108	anuvritti	दिक्पूर्वपदादसंज्ञायां ञः
4.2.108	4.2.109	anuvritti	मद्रेभ्योऽञ्
4.2.110	4.2.111	anuvritti	प्रस्थोत्तरपदपलद्यादिकोपधादण्
4.2.111	4.2.112	anuvritti	कण्वादिभ्यो गोत्रे
4.2.112	4.2.113	anuvritti	इञश्च
4.2.114	4.2.115	anuvritti	वृद्धाच्छः
4.2.114	4.2.116	anuvritti	वृद्धाच्छः
4.2.116	4.2.117	anuvritti	काश्यादिभ्यष्ठञ्ञिठौ
4.2.116	4.2.118	anuvritti	काश्यादिभ्यष्ठञ्ञिठौ
4.2.120	4.2.121	anuvritti	वृद्धात् प्राचाम्
4.2.121	4.2.122	anuvritti	धन्वयोपधाद्वुञ्
4.2.121	4.2.123	anuvritti	धन्वयोपधाद्वुञ्
4.2.121	4.2.124	anuvritti	धन्वयोपधाद्वुञ्
4.2.121	4.2.127	anuvritti	धन्वयोपधाद्वुञ्
4.2.121	4.2.128	anuvritti	धन्वयोपधाद्वुञ्
4.2.121	4.2.129	anuvritti	धन्वयोपधाद्वुञ्
4.2.121	4.2.130	anuvritti	धन्वयोपधाद्वुञ्
4.2.124	4.2.125	anuvritti	जनपदतदवध्योश्च
4.2.125	4.2.126	anuvritti	अवृद्धादपि बहुवचनविषयात्
4.2.132	4.2.133	anuvritti	कोपधादण्
4.2.133	4.2.134	anuvritti	कच्छादिभ्यश्च
4.2.134	4.2.135	anuvritti	मनुष्यतत्स्थयोर्वुञ्
4.2.135	4.2.136	anuvritti	अपदातौ साल्वात्
4.2.137	4.2.138	anuvritti	गर्तोत्तरपदाच्छः
4.2.137	4.2.139	anuvritti	गर्तोत्तरपदाच्छः
4.2.137	4.2.140	anuvritti	गर्तोत्तरपदाच्छः
4.2.137	4.2.141	anuvritti	गर्तोत्तरपदाच्छः
4.2.137	4.2.143	anuvritti	गर्तोत्तरपदाच्छः
4.2.137	4.2.145	anuvritti	गर्तोत्तरपदाच्छः
4.2.137	4.3.1	anuvritti	गर्तोत्तरपदाच्छः
4.2.141	4.2.142	anuvritti	वृद्धादकेकान्तखोपधात्
4.2.143	4.2.144	anuvritti	पर्वताच्च
4.3.1	4.3.2	anuvritti	युष्मदस्मदोरन्यतरस्यां खञ् च
4.3.2	4.3.3	anuvritti	तस्मिन्नणि च युष्माकास्माकौ
4.3.4	4.3.5	anuvritti	अर्धाद्यत्
4.3.4	4.3.6	anuvritti	अर्धाद्यत्
4.3.6	4.3.7	anuvritti	दिक्पूर्वपदाट्ठञ् च
4.3.8	4.3.9	anuvritti	मध्यान्मः
4.3.11	4.3.12	anuvritti	कालाट्ठञ्
4.3.11	4.3.16	anuvritti	कालाट्ठञ्
4.3.11	4.3.17	anuvritti	कालाट्ठञ्
4.3.11	4.3.18	anuvritti	कालाट्ठञ्
4.3.11	4.3.23	anuvritti	कालाट्ठञ्
4.3.12	4.3.13	anuvritti	श्राद्धे शरदः
4.3.13	4.3.14	anuvritti	विभाषा रोगातपयोः
4.3.13	4.3.15	anuvritti	विभाषा रोगातपयोः
4.3.18	4.3.19	anuvritti	वर्षाभ्यष्ठक्
4.3.19	4.3.20	anuvritti	छन्दसि ठञ्
4.3.19	4.3.21	anuvritti	छन्दसि ठञ्
4.3.21	4.3.22	anuvritti	हेमन्ताच्च
4.3.23	4.3.24	anuvritti	सायंचिरम्प्राह्णेप्रगेऽव्ययेभ्यष्ट्युट्युलौ तुट् च
4.3.25	4.3.26	anuvritti	तत्र जातः
4.3.25	4.3.27	anuvritti	तत्र जातः
4.3.25	4.3.32	anuvritti	तत्र जातः
4.3.25	4.3.34	anuvritti	तत्र जातः
4.3.25	4.3.38	anuvritti	तत्र जातः
4.3.25	4.3.39	anuvritti	तत्र जातः
4.3.25	4.3.41	anuvritti	तत्र जातः
4.3.25	4.3.51	anuvritti	तत्र जातः
4.3.27	4.3.28	anuvritti	संज्ञायां शरदो वुञ्
4.3.28	4.3.29	anuvritti	पूर्वाह्णापराह्णार्द्रामूलप्रदोषावस्कराद्वुन्
4.3.28	4.3.30	anuvritti	पूर्वाह्णापराह्णार्द्रामूलप्रदोषावस्कराद्वुन्
4.3.30	4.3.31	anuvritti	अमावास्याया वा
4.3.32	4.3.33	anuvritti	सिन्ध्वपकराभ्यां कन्
4.3.34	4.3.35	anuvritti	श्रविष्ठाफल्गुन्यनुराधास्वातितिष्यपुनर्वसुहस्तविशाखाषाढाबहुलाल्लुक्
4.3.34	4.3.36	anuvritti	श्रविष्ठाफल्गुन्यनुराधास्वातितिष्यपुनर्वसुहस्तविशाखाषाढाबहुलाल्लुक्
4.3.34	4.3.37	anuvritti	श्रविष्ठाफल्गुन्यनुराधास्वातितिष्यपुनर्वसुहस्तविशाखाषाढाबहुलाल्लुक्
4.3.39	4.3.40	anuvritti	प्रायभवः
4.3.41	4.3.42	anuvritti	संभूते
4.3.41	4.3.43	anuvritti	संभूते
4.3.43	4.3.44	anuvritti	कालात् साधुपुष्प्यत्पच्यमानेषु
4.3.43	4.3.47	anuvritti	कालात् साधुपुष्प्यत्पच्यमानेषु
4.3.44	4.3.45	anuvritti	उप्ते च
4.3.44	4.3.46	anuvritti	उप्ते च
4.3.47	4.3.48	anuvritti	देयमृणे
4.3.47	4.3.49	anuvritti	देयमृणे
4.3.49	4.3.50	anuvritti	ग्रीष्मावरसमाद्वुञ्
4.3.53	4.3.54	anuvritti	तत्र भवः
4.3.53	4.3.56	anuvritti	तत्र भवः
4.3.53	4.3.58	anuvritti	तत्र भवः
4.3.53	4.3.62	anuvritti	तत्र भवः
4.3.53	4.3.63	anuvritti	तत्र भवः
4.3.53	4.3.65	anuvritti	तत्र भवः
4.3.53	4.3.66	anuvritti	तत्र भवः
4.3.54	4.3.55	anuvritti	दिगादिभ्यो यत्
4.3.56	4.3.57	anuvritti	दृतिकुक्षिकलशिवस्त्यस्त्यहेर्ढञ्
4.3.58	4.3.59	anuvritti	गम्भीराञ्ञ्यः
4.3.59	4.3.60	anuvritti	अव्ययीभावाच्च
4.3.60	4.3.61	anuvritti	अन्तःपूर्वपदाट्ठञ्
4.3.63	4.3.64	anuvritti	वर्गान्ताच्च
4.3.66	4.3.67	anuvritti	तस्य व्याख्यान इति च व्याख्यातव्यनाम्नः
4.3.66	4.3.68	anuvritti	तस्य व्याख्यान इति च व्याख्यातव्यनाम्नः
4.3.66	4.3.69	anuvritti	तस्य व्याख्यान इति च व्याख्यातव्यनाम्नः
4.3.66	4.3.70	anuvritti	तस्य व्याख्यान इति च व्याख्यातव्यनाम्नः
4.3.66	4.3.71	anuvritti	तस्य व्याख्यान इति च व्याख्यातव्यनाम्नः
4.3.66	4.3.72	anuvritti	तस्य व्याख्यान इति च व्याख्यातव्यनाम्नः
4.3.66	4.3.73	anuvritti	तस्य व्याख्यान इति च व्याख्यातव्यनाम्नः
4.3.74	4.3.75	anuvritti	तत आगतः
4.3.74	4.3.76	anuvritti	तत आगतः
4.3.74	4.3.77	anuvritti	तत आगतः
4.3.74	4.3.80	anuvritti	तत आगतः
4.3.74	4.3.81	anuvritti	तत आगतः
4.3.74	4.3.83	anuvritti	तत आगतः
4.3.77	4.3.78	anuvritti	विद्यायोनिसंबन्धेभ्यो वुञ्
4.3.78	4.3.79	anuvritti	ऋतष्ठञ्
4.3.81	4.3.82	anuvritti	हेतुमनुष्येभ्योऽन्यतरस्यां रूप्यः
4.3.83	4.3.84	anuvritti	प्रभवति
4.3.85	4.3.86	anuvritti	तद्गच्छति पथिदूतयोः
4.3.85	4.3.87	anuvritti	तद्गच्छति पथिदूतयोः
4.3.87	4.3.88	anuvritti	अधिकृत्य कृते ग्रन्थे
4.3.89	4.3.90	anuvritti	सोऽस्य निवासः
4.3.89	4.3.95	anuvritti	सोऽस्य निवासः
4.3.90	4.3.91	anuvritti	अभिजनश्च
4.3.90	4.3.92	anuvritti	अभिजनश्च
4.3.90	4.3.93	anuvritti	अभिजनश्च
4.3.90	4.3.94	anuvritti	अभिजनश्च
4.3.95	4.3.96	anuvritti	भक्तिः
4.3.95	4.3.97	anuvritti	भक्तिः
4.3.95	4.3.98	anuvritti	भक्तिः
4.3.95	4.3.99	anuvritti	भक्तिः
4.3.95	4.3.100	anuvritti	भक्तिः
4.3.101	4.3.102	anuvritti	तेन प्रोक्तम्
4.3.101	4.3.103	anuvritti	तेन प्रोक्तम्
4.3.101	4.3.107	anuvritti	तेन प्रोक्तम्
4.3.101	4.3.108	anuvritti	तेन प्रोक्तम्
4.3.101	4.3.109	anuvritti	तेन प्रोक्तम्
4.3.101	4.3.110	anuvritti	तेन प्रोक्तम्
4.3.103	4.3.104	anuvritti	काश्यपकौशिकाभ्यामृषिभ्यां णिनिः
4.3.103	4.3.105	anuvritti	काश्यपकौशिकाभ्यामृषिभ्यां णिनिः
4.3.103	4.3.106	anuvritti	काश्यपकौशिकाभ्यामृषिभ्यां णिनिः
4.3.110	4.3.111	anuvritti	पाराशर्यशिलालिभ्यां भिक्षुनटसूत्रयोः
4.3.112	4.3.113	anuvritti	तेनैकदिक्
4.3.112	4.3.115	anuvritti	तेनैकदिक्
4.3.112	4.3.116	anuvritti	तेनैकदिक्
4.3.113	4.3.114	anuvritti	तसिश्च
4.3.116	4.3.117	anuvritti	कृते ग्रन्थे
4.3.117	4.3.118	anuvritti	संज्ञायाम्
4.3.117	4.3.119	anuvritti	संज्ञायाम्
4.3.120	4.3.121	anuvritti	तस्येदम्
4.3.120	4.3.124	anuvritti	तस्येदम्
4.3.120	4.3.125	anuvritti	तस्येदम्
4.3.120	4.3.126	anuvritti	तस्येदम्
4.3.120	4.3.127	anuvritti	तस्येदम्
4.3.120	4.3.129	anuvritti	तस्येदम्
4.3.120	4.3.130	anuvritti	तस्येदम्
4.3.120	4.3.131	anuvritti	तस्येदम्
4.3.120	4.3.132	anuvritti	तस्येदम्
4.3.120	4.3.134	anuvritti	तस्येदम्
4.3.121	4.3.122	anuvritti	रथाद्यत्
4.3.122	4.3.123	anuvritti	पत्रपूर्वादञ्
4.3.127	4.3.128	anuvritti	संघाङ्कलक्षणेष्वञ्यञिञामण्
4.3.132	4.3.133	anuvritti	कौपिञ्जलहास्तिपदादण्
4.3.134	4.3.135	anuvritti	तस्य विकारः
4.3.135	4.3.136	anuvritti	अवयवे च प्राण्योषधिवृक्षेभ्यः
4.3.135	4.3.142	anuvritti	अवयवे च प्राण्योषधिवृक्षेभ्यः
4.3.135	4.3.143	anuvritti	अवयवे च प्राण्योषधिवृक्षेभ्यः
4.3.135	4.3.152	anuvritti	अवयवे च प्राण्योषधिवृक्षेभ्यः
4.3.135	4.3.154	anuvritti	अवयवे च प्राण्योषधिवृक्षेभ्यः
4.3.135	4.3.156	anuvritti	अवयवे च प्राण्योषधिवृक्षेभ्यः
4.3.135	4.3.157	anuvritti	अवयवे च प्राण्योषधिवृक्षेभ्यः
4.3.135	4.3.159	anuvritti	अवयवे च प्राण्योषधिवृक्षेभ्यः
4.3.135	4.3.160	anuvritti	अवयवे च प्राण्योषधिवृक्षेभ्यः
4.3.135	4.3.163	anuvritti	अवयवे च प्राण्योषधिवृक्षेभ्यः
4.3.135	4.3.168	anuvritti	अवयवे च प्राण्योषधिवृक्षेभ्यः
4.3.136	4.3.137	anuvritti	बिल्वादिभ्योऽण्
4.3.136	4.3.138	anuvritti	बिल्वादिभ्योऽण्
4.3.136	4.3.139	anuvritti	बिल्वादिभ्योऽण्
4.3.139	4.3.140	anuvritti	ओरञ्
4.3.139	4.3.141	anuvritti	ओरञ्
4.3.143	4.3.144	anuvritti	मयड्वैतयोर्भाषायामभक्ष्याच्छादनयोः
4.3.143	4.3.145	anuvritti	मयड्वैतयोर्भाषायामभक्ष्याच्छादनयोः
4.3.143	4.3.146	anuvritti	मयड्वैतयोर्भाषायामभक्ष्याच्छादनयोः
4.3.143	4.3.148	anuvritti	मयड्वैतयोर्भाषायामभक्ष्याच्छादनयोः
4.3.143	4.3.149	anuvritti	मयड्वैतयोर्भाषायामभक्ष्याच्छादनयोः
4.3.143	4.3.150	anuvritti	मयड्वैतयोर्भाषायामभक्ष्याच्छादनयोः
4.3.146	4.3.147	anuvritti	पिष्टाच्च
4.3.150	4.3.151	anuvritti	द्व्यचश्छन्दसि
4.3.152	4.3.153	anuvritti	तालादिभ्योऽण्
4.3.154	4.3.155	anuvritti	प्राणिरजतादिभ्योऽञ्
4.3.157	4.3.158	anuvritti	उष्ट्राद्वुञ्
4.3.160	4.3.161	anuvritti	गोपयसोर्यत्
4.3.161	4.3.162	anuvritti	द्रोश्च
4.3.163	4.3.164	anuvritti	फले लुक्
4.3.164	4.3.165	anuvritti	प्लक्षादिभ्योऽण्
4.3.165	4.3.166	anuvritti	जम्ब्वा वा
4.3.166	4.3.167	anuvritti	लुप् च
4.4.1	4.4.2	adhikara	प्राग्वहतेष्ठक्
4.4.1	4.4.47	adhikara	प्राग्वहतेष्ठक्
4.4.1	4.4.51	adhikara	प्राग्वहतेष्ठक्
4.4.1	4.4.66	adhikara	प्राग्वहतेष्ठक्
4.4.1	4.4.69	adhikara	प्राग्वहतेष्ठक्
4.4.2	4.4.3	anuvritti	तेन दीव्यति खनति जयति जितम्
4.4.2	4.4.5	anuvritti	तेन दीव्यति खनति जयति जितम्
4.4.2	4.4.8	anuvritti	तेन दीव्यति खनति जयति जितम्
4.4.2	4.4.12	anuvritti	तेन दीव्यति खनति जयति जितम्
4.4.2	4.4.15	anuvritti	तेन दीव्यति खनति जयति जितम्
4.4.2	4.4.19	anuvritti	तेन दीव्यति खनति जयति जितम्
4.4.2	4.4.22	anuvritti	तेन दीव्यति खनति जयति जितम्
4.4.2	4.4.26	anuvritti	तेन दीव्यति खनति जयति जितम्
4.4.2	4.4.27	anuvritti	तेन दीव्यति खनति जयति जितम्
4.4.3	4.4.4	anuvritti	संस्कृतम्
4.4.5	4.4.6	anuvritti	तरति
4.4.5	4.4.7	anuvritti	तरति
4.4.8	4.4.9	anuvritti	चरति
4.4.8	4.4.10	anuvritti	चरति
4.4.10	4.4.11	anuvritti	पर्पादिभ्यः ष्ठन्
4.4.12	4.4.13	anuvritti	वेतनादिभ्यो जीवति
4.4.13	4.4.14	anuvritti	वस्नक्रयविक्रयाट्ठन्
4.4.15	4.4.16	anuvritti	हरत्युत्सङ्गादिभ्यः
4.4.15	4.4.18	anuvritti	हरत्युत्सङ्गादिभ्यः
4.4.16	4.4.17	anuvritti	भस्त्रादिभ्यः ष्ठन्
4.4.19	4.4.20	anuvritti	निर्वृत्तेऽक्षद्यूतादिभ्यः
4.4.19	4.4.21	anuvritti	निर्वृत्तेऽक्षद्यूतादिभ्यः
4.4.22	4.4.23	anuvritti	संसृष्टे
4.4.22	4.4.24	anuvritti	संसृष्टे
4.4.22	4.4.25	anuvritti	संसृष्टे
4.4.27	4.4.28	anuvritti	ओजस्सहोऽम्भसा वर्तते
4.4.28	4.4.29	anuvritti	तत् प्रत्यनुपूर्वमीपलोमकूलम्
4.4.28	4.4.30	anuvritti	तत् प्रत्यनुपूर्वमीपलोमकूलम्
4.4.28	4.4.32	anuvritti	तत् प्रत्यनुपूर्वमीपलोमकूलम्
4.4.28	4.4.33	anuvritti	तत् प्रत्यनुपूर्वमीपलोमकूलम्
4.4.28	4.4.34	anuvritti	तत् प्रत्यनुपूर्वमीपलोमकूलम्
4.4.28	4.4.35	anuvritti	तत् प्रत्यनुपूर्वमीपलोमकूलम्
4.4.28	4.4.36	anuvritti	तत् प्रत्यनुपूर्वमीपलोमकूलम्
4.4.28	4.4.37	anuvritti	तत् प्रत्यनुपूर्वमीपलोमकूलम्
4.4.28	4.4.39	anuvritti	तत् प्रत्यनुपूर्वमीपलोमकूलम्
4.4.28	4.4.41	anuvritti	तत् प्रत्यनुपूर्वमीपलोमकूलम्
4.4.28	4.4.42	anuvritti	तत् प्रत्यनुपूर्वमीपलोमकूलम्
4.4.28	4.4.43	anuvritti	तत् प्रत्यनुपूर्वमीपलोमकूलम्
4.4.28	4.4.46	anuvritti	तत् प्रत्यनुपूर्वमीपलोमकूलम्
4.4.30	4.4.31	anuvritti	प्रयच्छति गर्ह्यम्
4.4.37	4.4.38	anuvritti	माथोत्तरपदपदव्यनुपदं धावति
4.4.39	4.4.40	anuvritti	पदोत्तरपदं गृह्णाति
4.4.43	4.4.44	anuvritti	समवायान् समवैति
4.4.44	4.4.45	anuvritti	परिषदो ण्यः
4.4.47	4.4.48	anuvritti	तस्य धर्म्यम्
4.4.47	4.4.49	anuvritti	तस्य धर्म्यम्
4.4.47	4.4.50	anuvritti	तस्य धर्म्यम्
4.4.51	4.4.52	anuvritti	तदस्य पण्यम्
4.4.51	4.4.53	anuvritti	तदस्य पण्यम्
4.4.51	4.4.55	anuvritti	तदस्य पण्यम्
4.4.51	4.4.57	anuvritti	तदस्य पण्यम्
4.4.51	4.4.60	anuvritti	तदस्य पण्यम्
4.4.51	4.4.61	anuvritti	तदस्य पण्यम्
4.4.51	4.4.63	anuvritti	तदस्य पण्यम्
4.4.51	4.4.65	anuvritti	तदस्य पण्यम्
4.4.53	4.4.54	anuvritti	किशरादिभ्यः ष्ठन्
4.4.55	4.4.56	anuvritti	शिल्पम्
4.4.57	4.4.58	anuvritti	प्रहरणम्
4.4.57	4.4.59	anuvritti	प्रहरणम्
4.4.61	4.4.62	anuvritti	शीलम्
4.4.63	4.4.64	anuvritti	कर्माध्ययने वृत्तम्
4.4.66	4.4.67	anuvritti	तदस्मै दीयते नियुक्तम्
4.4.66	4.4.68	anuvritti	तदस्मै दीयते नियुक्तम्
4.4.69	4.4.70	anuvritti	तत्र नियुक्तः
4.4.69	4.4.71	anuvritti	तत्र नियुक्तः
4.4.69	4.4.72	anuvritti	तत्र नियुक्तः
4.4.69	4.4.73	anuvritti	तत्र नियुक्तः
4.4.73	4.4.74	anuvritti	निकटे वसति
4.4.75	4.4.76	adhikara	प्राग्घिताद्यत्
4.4.75	4.4.87	adhikara	प्राग्घिताद्यत्
4.4.75	4.4.88	adhikara	प्राग्घिताद्यत्
4.4.75	4.4.89	adhikara	प्राग्घिताद्यत्
4.4.75	4.4.90	adhikara	प्राग्घिताद्यत्
4.4.75	4.4.91	adhikara	प्राग्घिताद्यत्
4.4.75	4.4.92	adhikara	प्राग्घिताद्यत्
4.4.75	4.4.93	adhikara	प्राग्घिताद्यत्
4.4.75	4.4.95	adhikara	प्राग्घिताद्यत्
4.4.75	4.4.97	adhikara	प्राग्घिताद्यत्
4.4.75	4.4.98	adhikara	प्राग्घिताद्यत्
4.4.76	4.4.77	anuvritti	तद्वहति रथयुगप्रासङ्गम्
4.4.76	4.4.78	anuvritti	तद्वहति रथयुगप्रासङ्गम्
4.4.76	4.4.80	anuvritti	तद्वहति रथयुगप्रासङ्गम्
4.4.76	4.4.81	anuvritti	तद्वहति रथयुगप्रासङ्गम्
4.4.76	4.4.82	anuvritti	तद्वहति रथयुगप्रासङ्गम्
4.4.76	4.4.83	anuvritti	तद्वहति रथयुगप्रासङ्गम्
4.4.76	4.4.84	anuvritti	तद्वहति रथयुगप्रासङ्गम्
4.4.76	4.4.86	anuvritti	तद्वहति रथयुगप्रासङ्गम्
4.4.78	4.4.79	anuvritti	खः सर्वधुरात्
4.4.84	4.4.85	anuvritti	धनगणं लब्धा
4.4.93	4.4.94	anuvritti	छन्दसो निर्मिते
4.4.95	4.4.96	anuvritti	हृदयस्य प्रियः
4.4.98	4.4.99	anuvritti	तत्र साधुः
4.4.98	4.4.100	anuvritti	तत्र साधुः
4.4.98	4.4.101	anuvritti	तत्र साधुः
4.4.98	4.4.102	anuvritti	तत्र साधुः
4.4.98	4.4.103	anuvritti	तत्र साधुः
4.4.98	4.4.104	anuvritti	तत्र साधुः
4.4.98	4.4.105	anuvritti	तत्र साधुः
4.4.98	4.4.107	anuvritti	तत्र साधुः
4.4.98	4.4.108	anuvritti	तत्र साधुः
4.4.98	4.4.110	anuvritti	तत्र साधुः
4.4.105	4.4.106	anuvritti	सभाया यः
4.4.108	4.4.109	anuvritti	समानोदरे शयित ओ चोदात्तः
4.4.110	4.4.111	anuvritti	भवे छन्दसि
4.4.110	4.4.112	anuvritti	भवे छन्दसि
4.4.110	4.4.113	anuvritti	भवे छन्दसि
4.4.110	4.4.114	anuvritti	भवे छन्दसि
4.4.110	4.4.115	anuvritti	भवे छन्दसि
4.4.110	4.4.116	anuvritti	भवे छन्दसि
4.4.110	4.4.118	anuvritti	भवे छन्दसि
4.4.110	4.4.119	anuvritti	भवे छन्दसि
4.4.110	4.4.120	anuvritti	भवे छन्दसि
4.4.110	4.4.121	anuvritti	भवे छन्दसि
4.4.110	4.4.122	anuvritti	भवे छन्दसि
4.4.110	4.4.123	anuvritti	भवे छन्दसि
4.4.110	4.4.125	anuvritti	भवे छन्दसि
4.4.110	4.4.127	anuvritti	भवे छन्दसि
4.4.110	4.4.128	anuvritti	भवे छन्दसि
4.4.110	4.4.133	anuvritti	भवे छन्दसि
4.4.110	4.4.134	anuvritti	भवे छन्दसि
4.4.110	4.4.135	anuvritti	भवे छन्दसि
4.4.110	4.4.137	anuvritti	भवे छन्दसि
4.4.110	4.4.141	anuvritti	भवे छन्दसि
4.4.110	4.4.142	anuvritti	भवे छन्दसि
4.4.116	4.4.117	anuvritti	अग्राद्यत्
4.4.123	4.4.124	anuvritti	असुरस्य स्वम्
4.4.125	4.4.126	anuvritti	तद्वानासामुपधानो मन्त्र इतीष्टकासु लुक् च मतोः
4.4.128	4.4.129	anuvritti	मत्वर्थे मासतन्वोः
4.4.128	4.4.130	anuvritti	मत्वर्थे मासतन्वोः
4.4.128	4.4.131	anuvritti	मत्वर्थे मासतन्वोः
4.4.131	4.4.132	anuvritti	वेशोयशआदेर्भगाद्यल्
4.4.135	4.4.136	anuvritti	सहस्रेण संमितौ घः
4.4.137	4.4.138	anuvritti	सोममर्हति यः
4.4.138	4.4.139	anuvritti	मये च
4.4.138	4.4.140	anuvritti	मये च
4.4.142	4.4.143	anuvritti	सर्वदेवात् तातिल्
4.4.143	4.4.144	anuvritti	शिवशमरिष्टस्य करे
5.1.1	5.1.2	adhikara	प्राक् क्रीताच्छः
5.1.1	5.1.5	adhikara	प्राक् क्रीताच्छः
5.1.1	5.1.12	adhikara	प्राक् क्रीताच्छः
5.1.1	5.1.16	adhikara	प्राक् क्रीताच्छः
5.1.2	5.1.3	anuvritti	उगवादिभ्यो यत्
5.1.2	5.1.4	anuvritti	उगवादिभ्यो यत्
5.1.5	5.1.6	anuvritti	तस्मै हितम्
5.1.5	5.1.8	anuvritti	तस्मै हितम्
5.1.5	5.1.9	anuvritti	तस्मै हितम्
5.1.5	5.1.10	anuvritti	तस्मै हितम्
5.1.5	5.1.11	anuvritti	तस्मै हितम्
5.1.6	5.1.7	anuvritti	शरीरावयवाद्यत्
5.1.12	5.1.13	anuvritti	तदर्थं विकृतेः प्रकृतौ
5.1.12	5.1.14	anuvritti	तदर्थं विकृतेः प्रकृतौ
5.1.12	5.1.15	anuvritti	तदर्थं विकृतेः प्रकृतौ
5.1.16	5.1.17	anuvritti	तदस्य तदस्मिन् स्यादिति
5.1.18	5.1.19	adhikara	प्राग्वतेष्ठञ्
5.1.18	5.1.78	adhikara	प्राग्वतेष्ठञ्
5.1.18	5.1.99	adhikara	प्राग्वतेष्ठञ्
5.1.18	5.1.101	adhikara	प्राग्वतेष्ठञ्
5.1.18	5.1.104	adhikara	प्राग्वतेष्ठञ्
5.1.19	5.1.20	adhikara	आर्हादगोपुच्छसंख्यापरिमाणाट्ठक्
5.1.19	5.1.21	adhikara	आर्हादगोपुच्छसंख्यापरिमाणाट्ठक्
5.1.19	5.1.22	adhikara	आर्हादगोपुच्छसंख्यापरिमाणाट्ठक्
5.1.19	5.1.24	adhikara	आर्हादगोपुच्छसंख्यापरिमाणाट्ठक्
5.1.19	5.1.25	adhikara	आर्हादगोपुच्छसंख्यापरिमाणाट्ठक्
5.1.19	5.1.26	adhikara	आर्हादगोपुच्छसंख्यापरिमाणाट्ठक्
5.1.19	5.1.27	adhikara	आर्हादगोपुच्छसंख्यापरिमाणाट्ठक्
5.1.19	5.1.28	adhikara	आर्हादगोपुच्छसंख्यापरिमाणाट्ठक्
5.1.19	5.1.37	adhikara	आर्हादगोपुच्छसंख्यापरिमाणाट्ठक्
5.1.19	5.1.38	adhikara	आर्हादगोपुच्छसंख्यापरिमाणाट्ठक्
5.1.19	5.1.45	adhikara	आर्हादगोपुच्छसंख्यापरिमाणाट्ठक्
5.1.19	5.1.47	adhikara	आर्हादगोपुच्छसंख्यापरिमाणाट्ठक्
5.1.19	5.1.50	adhikara	आर्हादगोपुच्छसंख्यापरिमाणाट्ठक्
5.1.19	5.1.56	adhikara	आर्हादगोपुच्छसंख्यापरिमाणाट्ठक्
5.1.19	5.1.57	adhikara	आर्हादगोपुच्छसंख्यापरिमाणाट्ठक्
5.1.19	5.1.63	adhikara	आर्हादगोपुच्छसंख्यापरिमाणाट्ठक्
5.1.22	5.1.23	anuvritti	संख्याया अतिशदन्तायाः कन्
5.1.28	5.1.29	anuvritti	अध्यर्धपूर्वद्विगोर्लुगसंज्ञायाम्
5.1.28	5.1.32	anuvritti	अध्यर्धपूर्वद्विगोर्लुगसंज्ञायाम्
5.1.28	5.1.33	anuvritti	अध्यर्धपूर्वद्विगोर्लुगसंज्ञायाम्
5.1.28	5.1.34	anuvritti	अध्यर्धपूर्वद्विगोर्लुगसंज्ञायाम्
5.1.29	5.1.30	anuvritti	विभाषा कार्षापणसहस्राभ्याम्
5.1.30	5.1.31	anuvritti	द्वित्रिपूर्वान्निष्कात्
5.1.34	5.1.35	anuvritti	पणपादमाषशताद्यत्
5.1.35	5.1.36	anuvritti	शाणाद्वा
5.1.38	5.1.39	anuvritti	तस्य निमित्तं संयोगोत्पातौ
5.1.38	5.1.41	anuvritti	तस्य निमित्तं संयोगोत्पातौ
5.1.39	5.1.40	anuvritti	गोद्व्यचोऽसंख्यापरिमाणाश्वादेर्यत्
5.1.41	5.1.42	anuvritti	सर्वभूमिपृथिवीभ्यामणञौ
5.1.41	5.1.43	anuvritti	सर्वभूमिपृथिवीभ्यामणञौ
5.1.43	5.1.44	anuvritti	तत्र विदित इति च
5.1.45	5.1.46	anuvritti	तस्य वापः
5.1.47	5.1.48	anuvritti	तदस्मिन् वृद्ध्यायलाभशुल्कोपदा दीयते
5.1.48	5.1.49	anuvritti	पूरणार्धाट्ठन्
5.1.50	5.1.51	anuvritti	तद्धरति वहत्यावहति भाराद्वंशादिभ्यः
5.1.50	5.1.52	anuvritti	तद्धरति वहत्यावहति भाराद्वंशादिभ्यः
5.1.52	5.1.53	anuvritti	सम्भवत्यवहरति पचति
5.1.52	5.1.55	anuvritti	सम्भवत्यवहरति पचति
5.1.53	5.1.54	anuvritti	आढकाचितपात्रात् खोऽन्यतरस्याम्
5.1.57	5.1.58	anuvritti	तदस्य परिमाणम्
5.1.57	5.1.59	anuvritti	तदस्य परिमाणम्
5.1.57	5.1.60	anuvritti	तदस्य परिमाणम्
5.1.57	5.1.62	anuvritti	तदस्य परिमाणम्
5.1.60	5.1.61	anuvritti	पञ्चद्दशतौ वर्गे वा
5.1.63	5.1.64	anuvritti	तद् अर्हति
5.1.63	5.1.71	anuvritti	तद् अर्हति
5.1.63	5.1.72	anuvritti	तद् अर्हति
5.1.63	5.1.73	anuvritti	तद् अर्हति
5.1.63	5.1.74	anuvritti	तद् अर्हति
5.1.64	5.1.65	anuvritti	छेदादिभ्यो नित्यम्
5.1.65	5.1.66	anuvritti	शीर्षच्छेदाद्यच्च
5.1.65	5.1.67	anuvritti	शीर्षच्छेदाद्यच्च
5.1.65	5.1.68	anuvritti	शीर्षच्छेदाद्यच्च
5.1.65	5.1.69	anuvritti	शीर्षच्छेदाद्यच्च
5.1.65	5.1.70	anuvritti	शीर्षच्छेदाद्यच्च
5.1.74	5.1.75	anuvritti	योजनं गच्छति
5.1.74	5.1.77	anuvritti	योजनं गच्छति
5.1.75	5.1.76	anuvritti	पथः ष्कन्
5.1.78	5.1.79	adhikara+anuvritti	कालात्
5.1.78	5.1.80	adhikara+anuvritti	कालात्
5.1.78	5.1.81	adhikara+anuvritti	कालात्
5.1.78	5.1.90	adhikara+anuvritti	कालात्
5.1.78	5.1.91	adhikara+anuvritti	कालात्
5.1.78	5.1.93	adhikara+anuvritti	कालात्
5.1.78	5.1.94	adhikara+anuvritti	कालात्
5.1.78	5.1.95	adhikara+anuvritti	कालात्
5.1.78	5.1.96	adhikara+anuvritti	कालात्
5.1.81	5.1.82	anuvritti	मासाद्वयसि यत्खञौ
5.1.81	5.1.85	anuvritti	मासाद्वयसि यत्खञौ
5.1.82	5.1.83	anuvritti	द्विगोर्यप्
5.1.83	5.1.84	anuvritti	षण्मासाण्ण्यच्च
5.1.85	5.1.86	anuvritti	समायाः खः
5.1.86	5.1.87	anuvritti	द्विगोर्वा
5.1.86	5.1.88	anuvritti	द्विगोर्वा
5.1.88	5.1.89	anuvritti	वर्षाल्लुक् च
5.1.91	5.1.92	anuvritti	वत्सरान्ताच्छश्छन्दसि
5.1.96	5.1.97	anuvritti	तत्र च दीयते कार्यं भववत्
5.1.96	5.1.98	anuvritti	तत्र च दीयते कार्यं भववत्
5.1.99	5.1.100	anuvritti	सम्पादिनि
5.1.101	5.1.102	anuvritti	तस्मै प्रभवति संतापादिभ्यः
5.1.101	5.1.103	anuvritti	तस्मै प्रभवति संतापादिभ्यः
5.1.104	5.1.105	anuvritti	समयस्तदस्य प्राप्तम्
5.1.104	5.1.107	anuvritti	समयस्तदस्य प्राप्तम्
5.1.104	5.1.109	anuvritti	समयस्तदस्य प्राप्तम्
5.1.105	5.1.106	anuvritti	ऋतोरण्
5.1.107	5.1.108	anuvritti	कालाद्यत्
5.1.109	5.1.110	anuvritti	प्रयोजनम्
5.1.109	5.1.111	anuvritti	प्रयोजनम्
5.1.109	5.1.113	anuvritti	प्रयोजनम्
5.1.109	5.1.114	anuvritti	प्रयोजनम्
5.1.111	5.1.112	anuvritti	अनुप्रवचनादिभ्यश्छः
5.1.115	5.1.116	anuvritti	तेन तुल्यं क्रिया चेद्वतिः
5.1.115	5.1.117	anuvritti	तेन तुल्यं क्रिया चेद्वतिः
5.1.115	5.1.118	anuvritti	तेन तुल्यं क्रिया चेद्वतिः
5.1.119	5.1.120	anuvritti	तस्य भावस्त्वतलौ
5.1.120	5.1.121	adhikara	आ च त्वात्
5.1.120	5.1.122	adhikara	आ च त्वात्
5.1.122	5.1.123	anuvritti	पृथ्वादिभ्य इमनिज्वा
5.1.123	5.1.124	anuvritti	वर्णदृढादिभ्यः ष्यञ् च
5.1.124	5.1.125	anuvritti	गुणवचनब्राह्मणादिभ्यः कर्मणि च
5.1.124	5.1.126	anuvritti	गुणवचनब्राह्मणादिभ्यः कर्मणि च
5.1.124	5.1.127	anuvritti	गुणवचनब्राह्मणादिभ्यः कर्मणि च
5.1.124	5.1.128	anuvritti	गुणवचनब्राह्मणादिभ्यः कर्मणि च
5.1.124	5.1.129	anuvritti	गुणवचनब्राह्मणादिभ्यः कर्मणि च
5.1.124	5.1.130	anuvritti	गुणवचनब्राह्मणादिभ्यः कर्मणि च
5.1.124	5.1.132	anuvritti	गुणवचनब्राह्मणादिभ्यः कर्मणि च
5.1.124	5.1.136	anuvritti	गुणवचनब्राह्मणादिभ्यः कर्मणि च
5.1.130	5.1.131	anuvritti	हायनान्तयुवादिभ्योऽण्
5.1.132	5.1.133	anuvritti	योपधाद्गुरूपोत्तमाद्वुञ्
5.1.132	5.1.134	anuvritti	योपधाद्गुरूपोत्तमाद्वुञ्
5.1.132	5.1.135	anuvritti	योपधाद्गुरूपोत्तमाद्वुञ्
5.2.1	5.2.2	anuvritti	धान्यानां भवने क्षेत्रे खञ्
5.2.1	5.2.3	anuvritti	धान्यानां भवने क्षेत्रे खञ्
5.2.1	5.2.4	anuvritti	धान्यानां भवने क्षेत्रे खञ्
5.2.6	5.2.7	anuvritti	यथामुखसंमुखस्य दर्शनः खः
5.2.7	5.2.8	anuvritti	तत्सर्वादेः पथ्यङ्गकर्मपत्रपात्रं व्याप्नोति
5.2.7	5.2.9	anuvritti	तत्सर्वादेः पथ्यङ्गकर्मपत्रपात्रं व्याप्नोति
5.2.7	5.2.10	anuvritti	तत्सर्वादेः पथ्यङ्गकर्मपत्रपात्रं व्याप्नोति
5.2.7	5.2.11	anuvritti	तत्सर्वादेः पथ्यङ्गकर्मपत्रपात्रं व्याप्नोति
5.2.7	5.2.12	anuvritti	तत्सर्वादेः पथ्यङ्गकर्मपत्रपात्रं व्याप्नोति
5.2.7	5.2.14	anuvritti	तत्सर्वादेः पथ्यङ्गकर्मपत्रपात्रं व्याप्नोति
5.2.7	5.2.15	anuvritti	तत्सर्वादेः पथ्यङ्गकर्मपत्रपात्रं व्याप्नोति
5.2.7	5.2.18	anuvritti	तत्सर्वादेः पथ्यङ्गकर्मपत्रपात्रं व्याप्नोति
5.2.7	5.2.24	anuvritti	तत्सर्वादेः पथ्यङ्गकर्मपत्रपात्रं व्याप्नोति
5.2.7	5.2.26	anuvritti	तत्सर्वादेः पथ्यङ्गकर्मपत्रपात्रं व्याप्नोति
5.2.7	5.2.27	anuvritti	तत्सर्वादेः पथ्यङ्गकर्मपत्रपात्रं व्याप्नोति
5.2.12	5.2.13	anuvritti	समांसमां विजायते
5.2.15	5.2.16	anuvritti	अनुग्वलंगामी
5.2.16	5.2.17	anuvritti	अध्वनो यत्खौ
5.2.18	5.2.19	anuvritti	गोष्ठात् खञ् भूतपूर्वे
5.2.18	5.2.20	anuvritti	गोष्ठात् खञ् भूतपूर्वे
5.2.18	5.2.21	anuvritti	गोष्ठात् खञ् भूतपूर्वे
5.2.18	5.2.22	anuvritti	गोष्ठात् खञ् भूतपूर्वे
5.2.18	5.2.23	anuvritti	गोष्ठात् खञ् भूतपूर्वे
5.2.24	5.2.25	anuvritti	तस्य पाकमूले पील्वादिकर्णादिभ्यः कुणब्जाहचौ
5.2.28	5.2.29	anuvritti	वेः शालच्छङ्कटचौ
5.2.29	5.2.30	anuvritti	सम्प्रोदश्च कटच्
5.2.30	5.2.31	anuvritti	अवात् कुटारच्च
5.2.31	5.2.32	anuvritti	नते नासिकायाः संज्ञायां टीटञ्नाटज्भ्रटचः
5.2.31	5.2.34	anuvritti	नते नासिकायाः संज्ञायां टीटञ्नाटज्भ्रटचः
5.2.32	5.2.33	anuvritti	नेर्बिडज्बिरीसचौ
5.2.36	5.2.37	anuvritti	तदस्य संजातं तारकादिभ्य इतच्
5.2.37	5.2.38	anuvritti	प्रमाणे द्वयसज्दघ्नञ्मात्रचः
5.2.39	5.2.40	anuvritti	यद्तदेतेभ्यः परिमाणे वतुप्
5.2.40	5.2.41	anuvritti	किमिदंभ्यां वो घः
5.2.43	5.2.44	anuvritti	द्वित्रिभ्यां तयस्यायज्वा
5.2.45	5.2.46	anuvritti	तदस्मिन्नधिकमिति दशान्ताड्डः
5.2.47	5.2.48	anuvritti	संख्याया गुणस्य निमाने मयट्
5.2.48	5.2.49	anuvritti	तस्य पूरणे डट्
5.2.48	5.2.51	anuvritti	तस्य पूरणे डट्
5.2.48	5.2.52	anuvritti	तस्य पूरणे डट्
5.2.48	5.2.53	anuvritti	तस्य पूरणे डट्
5.2.48	5.2.54	anuvritti	तस्य पूरणे डट्
5.2.48	5.2.56	anuvritti	तस्य पूरणे डट्
5.2.49	5.2.50	anuvritti	नान्तादसंख्यादेर्मट्
5.2.54	5.2.55	anuvritti	द्वेस्तीयः
5.2.56	5.2.57	anuvritti	विंशत्यादिभ्यस्तमडन्यतरस्याम्
5.2.56	5.2.58	anuvritti	विंशत्यादिभ्यस्तमडन्यतरस्याम्
5.2.59	5.2.60	anuvritti	मतौ छः सूक्तसाम्नोः
5.2.60	5.2.61	anuvritti	अध्यायानुवाकयोर्लुक्
5.2.60	5.2.62	anuvritti	अध्यायानुवाकयोर्लुक्
5.2.62	5.2.63	anuvritti	गोषदादिभ्यो वुन्
5.2.63	5.2.64	anuvritti	तत्र कुशलः पथः
5.2.64	5.2.65	anuvritti	आकर्षादिभ्यः कन्
5.2.64	5.2.66	anuvritti	आकर्षादिभ्यः कन्
5.2.64	5.2.68	anuvritti	आकर्षादिभ्यः कन्
5.2.64	5.2.69	anuvritti	आकर्षादिभ्यः कन्
5.2.64	5.2.70	anuvritti	आकर्षादिभ्यः कन्
5.2.64	5.2.71	anuvritti	आकर्षादिभ्यः कन्
5.2.64	5.2.72	anuvritti	आकर्षादिभ्यः कन्
5.2.64	5.2.73	anuvritti	आकर्षादिभ्यः कन्
5.2.64	5.2.74	anuvritti	आकर्षादिभ्यः कन्
5.2.64	5.2.75	anuvritti	आकर्षादिभ्यः कन्
5.2.64	5.2.77	anuvritti	आकर्षादिभ्यः कन्
5.2.64	5.2.78	anuvritti	आकर्षादिभ्यः कन्
5.2.64	5.2.79	anuvritti	आकर्षादिभ्यः कन्
5.2.64	5.2.80	anuvritti	आकर्षादिभ्यः कन्
5.2.64	5.2.81	anuvritti	आकर्षादिभ्यः कन्
5.2.64	5.2.82	anuvritti	आकर्षादिभ्यः कन्
5.2.66	5.2.67	anuvritti	स्वाङ्गेभ्यः प्रसिते
5.2.75	5.2.76	anuvritti	पार्श्वेनान्विच्छति
5.2.82	5.2.83	anuvritti	तदस्मिन्नन्नं प्राये संज्ञायाम्
5.2.85	5.2.86	anuvritti	श्राद्धमनेन भुक्तमिनिठनौ
5.2.86	5.2.87	anuvritti	पूर्वादिनिः
5.2.86	5.2.88	anuvritti	पूर्वादिनिः
5.2.86	5.2.89	anuvritti	पूर्वादिनिः
5.2.86	5.2.90	anuvritti	पूर्वादिनिः
5.2.86	5.2.91	anuvritti	पूर्वादिनिः
5.2.94	5.2.95	anuvritti	तदस्यास्त्यस्मिन्निति मतुप्
5.2.94	5.2.96	anuvritti	तदस्यास्त्यस्मिन्निति मतुप्
5.2.94	5.2.100	anuvritti	तदस्यास्त्यस्मिन्निति मतुप्
5.2.94	5.2.101	anuvritti	तदस्यास्त्यस्मिन्निति मतुप्
5.2.94	5.2.102	anuvritti	तदस्यास्त्यस्मिन्निति मतुप्
5.2.94	5.2.106	anuvritti	तदस्यास्त्यस्मिन्निति मतुप्
5.2.94	5.2.107	anuvritti	तदस्यास्त्यस्मिन्निति मतुप्
5.2.94	5.2.108	anuvritti	तदस्यास्त्यस्मिन्निति मतुप्
5.2.94	5.2.109	anuvritti	तदस्यास्त्यस्मिन्निति मतुप्
5.2.94	5.2.111	anuvritti	तदस्यास्त्यस्मिन्निति मतुप्
5.2.94	5.2.112	anuvritti	तदस्यास्त्यस्मिन्निति मतुप्
5.2.94	5.2.115	anuvritti	तदस्यास्त्यस्मिन्निति मतुप्
5.2.94	5.2.118	anuvritti	तदस्यास्त्यस्मिन्निति मतुप्
5.2.94	5.2.120	anuvritti	तदस्यास्त्यस्मिन्निति मतुप्
5.2.94	5.2.121	anuvritti	तदस्यास्त्यस्मिन्निति मतुप्
5.2.94	5.2.123	anuvritti	तदस्यास्त्यस्मिन्निति मतुप्
5.2.94	5.2.124	anuvritti	तदस्यास्त्यस्मिन्निति मतुप्
5.2.94	5.2.126	anuvritti	तदस्यास्त्यस्मिन्निति मतुप्
5.2.94	5.2.127	anuvritti	तदस्यास्त्यस्मिन्निति मतुप्
5.2.94	5.2.128	anuvritti	तदस्यास्त्यस्मिन्निति मतुप्
5.2.94	5.2.138	anuvritti	तदस्यास्त्यस्मिन्निति मतुप्
5.2.94	5.2.139	anuvritti	तदस्यास्त्यस्मिन्निति मतुप्
5.2.94	5.2.140	anuvritti	तदस्यास्त्यस्मिन्निति मतुप्
5.2.96	5.2.97	anuvritti	प्राणिस्थादातो लजन्यतरस्याम्
5.2.96	5.2.98	anuvritti	प्राणिस्थादातो लजन्यतरस्याम्
5.2.96	5.2.99	anuvritti	प्राणिस्थादातो लजन्यतरस्याम्
5.2.102	5.2.103	anuvritti	तपःसहस्राभ्यां विनीनी
5.2.103	5.2.104	anuvritti	अण् च
5.2.104	5.2.105	anuvritti	सिकताशर्कराभ्यां च
5.2.109	5.2.110	anuvritti	केशाद्वोऽन्यतरस्याम्
5.2.112	5.2.113	anuvritti	रजःकृष्यासुतिपरिषदो वलच्
5.2.113	5.2.114	anuvritti	दन्तशिखात् संज्ञायाम्
5.2.115	5.2.116	anuvritti	अत इनिठनौ
5.2.115	5.2.117	anuvritti	अत इनिठनौ
5.2.118	5.2.119	anuvritti	एकगोपूर्वाट्ठञ् नित्यम्
5.2.121	5.2.122	anuvritti	अस्मायामेधास्रजो विनिः
5.2.124	5.2.125	anuvritti	वाचो ग्मिनिः
5.2.128	5.2.129	anuvritti	द्वन्द्वोपतापगर्ह्यात् प्राणिस्थादिनिः
5.2.128	5.2.130	anuvritti	द्वन्द्वोपतापगर्ह्यात् प्राणिस्थादिनिः
5.2.128	5.2.131	anuvritti	द्वन्द्वोपतापगर्ह्यात् प्राणिस्थादिनिः
5.2.128	5.2.132	anuvritti	द्वन्द्वोपतापगर्ह्यात् प्राणिस्थादिनिः
5.2.128	5.2.133	anuvritti	द्वन्द्वोपतापगर्ह्यात् प्राणिस्थादिनिः
5.2.128	5.2.134	anuvritti	द्वन्द्वोपतापगर्ह्यात् प्राणिस्थादिनिः
5.2.128	5.2.135	anuvritti	द्वन्द्वोपतापगर्ह्यात् प्राणिस्थादिनिः
5.2.128	5.2.136	anuvritti	द्वन्द्वोपतापगर्ह्यात् प्राणिस्थादिनिः
5.2.128	5.2.137	anuvritti	द्वन्द्वोपतापगर्ह्यात् प्राणिस्थादिनिः
5.3.1	5.3.2	adhikara	प्राग्दिशो विभक्तिः
5.3.2	5.3.3	adhikara+anuvritti	किंसर्वनामबहुभ्योऽद्व्यादिभ्यः
5.3.2	5.3.5	adhikara+anuvritti	किंसर्वनामबहुभ्योऽद्व्यादिभ्यः
5.3.2	5.3.6	adhikara+anuvritti	किंसर्वनामबहुभ्योऽद्व्यादिभ्यः
5.3.2	5.3.7	adhikara+anuvritti	किंसर्वनामबहुभ्योऽद्व्यादिभ्यः
5.3.2	5.3.10	adhikara+anuvritti	किंसर्वनामबहुभ्योऽद्व्यादिभ्यः
5.3.2	5.3.23	adhikara+anuvritti	किंसर्वनामबहुभ्योऽद्व्यादिभ्यः
5.3.2	5.3.27	anuvritti	किंसर्वनामबहुभ्योऽद्व्यादिभ्यः
5.3.3	5.3.4	anuvritti	इदम इश्
5.3.7	5.3.8	anuvritti	पञ्चम्यास्तसिल्
5.3.7	5.3.9	anuvritti	पञ्चम्यास्तसिल्
5.3.10	5.3.11	anuvritti	सप्तम्यास्त्रल्
5.3.10	5.3.12	anuvritti	सप्तम्यास्त्रल्
5.3.10	5.3.14	anuvritti	सप्तम्यास्त्रल्
5.3.10	5.3.15	anuvritti	सप्तम्यास्त्रल्
5.3.12	5.3.13	anuvritti	किमोऽत्
5.3.15	5.3.16	anuvritti	सर्वैकान्यकिंयत्तदः काले दा
5.3.15	5.3.20	anuvritti	सर्वैकान्यकिंयत्तदः काले दा
5.3.15	5.3.21	anuvritti	सर्वैकान्यकिंयत्तदः काले दा
5.3.15	5.3.22	anuvritti	सर्वैकान्यकिंयत्तदः काले दा
5.3.16	5.3.17	anuvritti	इदमो र्हिल्
5.3.16	5.3.18	anuvritti	इदमो र्हिल्
5.3.18	5.3.19	anuvritti	दानीं च
5.3.23	5.3.24	anuvritti	प्रकारवचने थाल्
5.3.24	5.3.25	anuvritti	इदमस्थमुः
5.3.25	5.3.26	anuvritti	किमश्च
5.3.27	5.3.28	anuvritti	दिक्शब्देभ्यः सप्तमीपञ्चमीप्रथमाभ्यो दिग्देशकालेष्वस्तातिः
5.3.27	5.3.30	anuvritti	दिक्शब्देभ्यः सप्तमीपञ्चमीप्रथमाभ्यो दिग्देशकालेष्वस्तातिः
5.3.27	5.3.31	anuvritti	दिक्शब्देभ्यः सप्तमीपञ्चमीप्रथमाभ्यो दिग्देशकालेष्वस्तातिः
5.3.27	5.3.32	anuvritti	दिक्शब्देभ्यः सप्तमीपञ्चमीप्रथमाभ्यो दिग्देशकालेष्वस्तातिः
5.3.27	5.3.33	anuvritti	दिक्शब्देभ्यः सप्तमीपञ्चमीप्रथमाभ्यो दिग्देशकालेष्वस्तातिः
5.3.27	5.3.34	anuvritti	दिक्शब्देभ्यः सप्तमीपञ्चमीप्रथमाभ्यो दिग्देशकालेष्वस्तातिः
5.3.27	5.3.39	anuvritti	दिक्शब्देभ्यः सप्तमीपञ्चमीप्रथमाभ्यो दिग्देशकालेष्वस्तातिः
5.3.28	5.3.29	anuvritti	दक्षिणोत्तराभ्यामतसुच्
5.3.34	5.3.35	anuvritti	उत्तराधरदक्षिणादातिः
5.3.35	5.3.36	anuvritti	एनबन्यतरस्यामदूरेऽपञ्चम्याः
5.3.36	5.3.37	anuvritti	दक्षिणादाच्
5.3.37	5.3.38	anuvritti	आहि च दूरे
5.3.39	5.3.40	anuvritti	पूर्वाधरावराणामसि पुरधवश्चैषाम्
5.3.40	5.3.41	anuvritti	अस्ताति च
5.3.42	5.3.43	anuvritti	संख्याया विधार्थे धा
5.3.44	5.3.45	anuvritti	एकाद्धो ध्यमुञन्यतरस्याम्
5.3.45	5.3.46	anuvritti	द्वित्र्योश्च धमुञ्
5.3.48	5.3.49	anuvritti	पूरणाद्भागे तीयादन्
5.3.49	5.3.50	anuvritti	प्रागेकादशभ्योऽच्छन्दसि
5.3.50	5.3.51	anuvritti	षष्ठाष्टमाभ्यां ञ च
5.3.51	5.3.52	anuvritti	मानपश्वङ्गयोः कन्लुकौ च
5.3.53	5.3.54	anuvritti	भूतपूर्वे चरट्
5.3.55	5.3.56	anuvritti	अतिशायने तमबिष्ठनौ
5.3.56	5.3.57	anuvritti	तिङश्च
5.3.56	5.3.58	anuvritti	तिङश्च
5.3.56	5.3.66	anuvritti	तिङश्च
5.3.56	5.3.67	anuvritti	तिङश्च
5.3.56	5.3.70	anuvritti	तिङश्च
5.3.58	5.3.59	anuvritti	अजादी गुणवचनादेव
5.3.58	5.3.60	anuvritti	अजादी गुणवचनादेव
5.3.58	5.3.63	anuvritti	अजादी गुणवचनादेव
5.3.58	5.3.64	anuvritti	अजादी गुणवचनादेव
5.3.58	5.3.65	anuvritti	अजादी गुणवचनादेव
5.3.60	5.3.61	anuvritti	प्रशस्यस्य श्रः
5.3.61	5.3.62	anuvritti	ज्य च
5.3.67	5.3.68	anuvritti	ईषदसमाप्तौ कल्पब्देश्यदेशीयरः
5.3.68	5.3.69	anuvritti	विभाषा सुपो बहुच् पुरस्तात्तु
5.3.70	5.3.71	adhikara	प्रागिवात्कः
5.3.70	5.3.73	adhikara	प्रागिवात्कः
5.3.70	5.3.74	adhikara	प्रागिवात्कः
5.3.70	5.3.76	adhikara	प्रागिवात्कः
5.3.70	5.3.85	adhikara	प्रागिवात्कः
5.3.70	5.3.86	adhikara	प्रागिवात्कः
5.3.70	5.3.88	adhikara	प्रागिवात्कः
5.3.70	5.3.89	adhikara	प्रागिवात्कः
5.3.70	5.3.90	adhikara	प्रागिवात्कः
5.3.70	5.3.92	adhikara	प्रागिवात्कः
5.3.70	5.3.95	adhikara	प्रागिवात्कः
5.3.71	5.3.72	anuvritti	अव्ययसर्वनाम्नामकच् प्राक् टेः
5.3.74	5.3.75	anuvritti	कुत्सिते
5.3.76	5.3.77	anuvritti	अनुकम्पायाम्
5.3.77	5.3.78	anuvritti	नीतौ च तद्युक्तात्
5.3.78	5.3.79	anuvritti	बह्वचो मनुष्यनाम्नष्ठज्वा
5.3.78	5.3.81	anuvritti	बह्वचो मनुष्यनाम्नष्ठज्वा
5.3.79	5.3.80	anuvritti	घनिलचौ च
5.3.81	5.3.82	anuvritti	जातिनाम्नः कन्
5.3.82	5.3.83	anuvritti	अजिनान्तस्योत्तरपदलोपश्च
5.3.83	5.3.84	anuvritti	ठाजादावूर्ध्वं द्वितीयादचः
5.3.86	5.3.87	anuvritti	ह्रस्वे
5.3.90	5.3.91	anuvritti	कासूगोणीभ्यां ष्टरच्
5.3.92	5.3.93	anuvritti	किंयत्तदो निर्द्धारणे द्वयोरेकस्य डतरच्
5.3.93	5.3.94	anuvritti	वा बहूनां जातिपरिप्रश्ने डतमच्
5.3.95	5.3.96	anuvritti	अवक्षेपणे कन्
5.3.96	5.3.97	anuvritti	इवे प्रतिकृतौ
5.3.96	5.3.101	anuvritti	इवे प्रतिकृतौ
5.3.96	5.3.102	anuvritti	इवे प्रतिकृतौ
5.3.96	5.3.103	anuvritti	इवे प्रतिकृतौ
5.3.96	5.3.104	anuvritti	इवे प्रतिकृतौ
5.3.96	5.3.105	anuvritti	इवे प्रतिकृतौ
5.3.96	5.3.107	anuvritti	इवे प्रतिकृतौ
5.3.96	5.3.108	anuvritti	इवे प्रतिकृतौ
5.3.96	5.3.110	anuvritti	इवे प्रतिकृतौ
5.3.96	5.3.111	anuvritti	इवे प्रतिकृतौ
5.3.97	5.3.98	anuvritti	संज्ञायां च
5.3.98	5.3.99	anuvritti	लुम्मनुष्ये
5.3.98	5.3.100	anuvritti	लुम्मनुष्ये
5.3.105	5.3.106	anuvritti	कुशाग्राच्छः
5.3.108	5.3.109	anuvritti	अङ्गुल्यादिभ्यष्ठक्
5.3.112	5.3.113	anuvritti	पूगाञ्ञ्योऽग्रामणीपूर्वात्
5.3.114	5.3.115	anuvritti	आयुधजीविसंघाञ्ञ्यड्वाहीकेष्वब्राह्मणराजन्यात्
5.3.114	5.3.116	anuvritti	आयुधजीविसंघाञ्ञ्यड्वाहीकेष्वब्राह्मणराजन्यात्
5.3.114	5.3.117	anuvritti	आयुधजीविसंघाञ्ञ्यड्वाहीकेष्वब्राह्मणराजन्यात्
5.4.1	5.4.2	anuvritti	पादशतस्य संख्यादेर्वीप्सायां वुन् लोपश्च
5.4.3	5.4.4	anuvritti	स्थूलादिभ्यः प्रकारवचने कन्
5.4.3	5.4.6	anuvritti	स्थूलादिभ्यः प्रकारवचने कन्
5.4.4	5.4.5	anuvritti	अनत्यन्तगतौ क्तात्
5.4.7	5.4.8	anuvritti	अषडक्षाशितङ्ग्वलंकर्मालम्पुरुषाध्युत्तरपदात् खः
5.4.9	5.4.10	anuvritti	जात्यन्ताच्छ बन्धुनि
5.4.11	5.4.12	anuvritti	किमेत्तिङव्ययघादाम्वद्रव्यप्रकर्षे
5.4.15	5.4.16	anuvritti	अणिनुणः
5.4.17	5.4.18	anuvritti	संख्यायाः क्रियाभ्यावृत्तिगणने कृत्वसुच्
5.4.17	5.4.20	anuvritti	संख्यायाः क्रियाभ्यावृत्तिगणने कृत्वसुच्
5.4.18	5.4.19	anuvritti	द्वित्रिचतुर्भ्यः सुच्
5.4.21	5.4.22	anuvritti	तत्प्रकृतवचने मयट्
5.4.21	5.4.23	anuvritti	तत्प्रकृतवचने मयट्
5.4.21	5.4.24	anuvritti	तत्प्रकृतवचने मयट्
5.4.24	5.4.25	anuvritti	देवतान्तात्तादर्थ्ये यत्
5.4.24	5.4.26	anuvritti	देवतान्तात्तादर्थ्ये यत्
5.4.29	5.4.30	anuvritti	यावादिभ्यः कन्
5.4.30	5.4.31	anuvritti	लोहितान्मणौ
5.4.31	5.4.32	anuvritti	वर्णे चानित्ये
5.4.32	5.4.33	anuvritti	रक्ते
5.4.34	5.4.35	anuvritti	विनयादिभ्यष्ठक्
5.4.35	5.4.36	anuvritti	वाचो व्याहृतार्थायाम्
5.4.36	5.4.37	anuvritti	तद्युक्तात् कर्मणोऽण्
5.4.36	5.4.38	anuvritti	तद्युक्तात् कर्मणोऽण्
5.4.39	5.4.40	anuvritti	मृदस्तिकन्
5.4.40	5.4.41	anuvritti	सस्नौ प्रशंसायाम्
5.4.42	5.4.43	anuvritti	बह्वल्पार्थाच्छस् कारकादन्यतरस्याम्
5.4.42	5.4.44	anuvritti	बह्वल्पार्थाच्छस् कारकादन्यतरस्याम्
5.4.44	5.4.45	anuvritti	प्रतियोगे पञ्चम्यास्तसिः
5.4.44	5.4.46	anuvritti	प्रतियोगे पञ्चम्यास्तसिः
5.4.44	5.4.48	anuvritti	प्रतियोगे पञ्चम्यास्तसिः
5.4.46	5.4.47	anuvritti	अतिग्रहाव्यथनक्षेपेष्वकर्तरि तृतीयायाः
5.4.48	5.4.49	anuvritti	षष्ठ्या व्याश्रये
5.4.50	5.4.51	anuvritti	अभूततद्भावे कृभ्वस्तियोगे सम्पद्यकर्तरि च्विः
5.4.50	5.4.52	anuvritti	अभूततद्भावे कृभ्वस्तियोगे सम्पद्यकर्तरि च्विः
5.4.50	5.4.57	anuvritti	अभूततद्भावे कृभ्वस्तियोगे सम्पद्यकर्तरि च्विः
5.4.52	5.4.53	anuvritti	विभाषा साति कार्त्स्न्ये
5.4.53	5.4.54	anuvritti	अभिविधौ सम्पदा च
5.4.54	5.4.55	anuvritti	तदधीनवचने
5.4.55	5.4.56	anuvritti	देये त्रा च
5.4.57	5.4.58	anuvritti	अव्यक्तानुकरणाद्द्व्यजवरार्धादनितौ डाच्
5.4.58	5.4.59	anuvritti	कृञो द्वितीयतृतीयशम्बबीजात् कृषौ
5.4.58	5.4.60	anuvritti	कृञो द्वितीयतृतीयशम्बबीजात् कृषौ
5.4.58	5.4.61	anuvritti	कृञो द्वितीयतृतीयशम्बबीजात् कृषौ
5.4.58	5.4.62	anuvritti	कृञो द्वितीयतृतीयशम्बबीजात् कृषौ
5.4.58	5.4.63	anuvritti	कृञो द्वितीयतृतीयशम्बबीजात् कृषौ
5.4.58	5.4.64	anuvritti	कृञो द्वितीयतृतीयशम्बबीजात् कृषौ
5.4.58	5.4.65	anuvritti	कृञो द्वितीयतृतीयशम्बबीजात् कृषौ
5.4.58	5.4.66	anuvritti	कृञो द्वितीयतृतीयशम्बबीजात् कृषौ
5.4.58	5.4.67	anuvritti	कृञो द्वितीयतृतीयशम्बबीजात् कृषौ
5.4.68	5.4.69	adhikara	समासान्ताः
5.4.68	5.4.73	adhikara	समासान्ताः
5.4.68	5.4.74	adhikara	समासान्ताः
5.4.68	5.4.75	adhikara	समासान्ताः
5.4.68	5.4.113	adhikara	समासान्ताः
5.4.69	5.4.70	anuvritti	न पूजनात्
5.4.69	5.4.71	anuvritti	न पूजनात्
5.4.71	5.4.72	anuvritti	नञस्तत्पुरुषात्
5.4.75	5.4.76	anuvritti	अच् प्रत्यन्ववपूर्वात् सामलोम्नः
5.4.75	5.4.77	anuvritti	अच् प्रत्यन्ववपूर्वात् सामलोम्नः
5.4.75	5.4.78	anuvritti	अच् प्रत्यन्ववपूर्वात् सामलोम्नः
5.4.75	5.4.79	anuvritti	अच् प्रत्यन्ववपूर्वात् सामलोम्नः
5.4.75	5.4.80	anuvritti	अच् प्रत्यन्ववपूर्वात् सामलोम्नः
5.4.75	5.4.81	anuvritti	अच् प्रत्यन्ववपूर्वात् सामलोम्नः
5.4.75	5.4.82	anuvritti	अच् प्रत्यन्ववपूर्वात् सामलोम्नः
5.4.75	5.4.83	anuvritti	अच् प्रत्यन्ववपूर्वात् सामलोम्नः
5.4.75	5.4.84	anuvritti	अच् प्रत्यन्ववपूर्वात् सामलोम्नः
5.4.75	5.4.85	anuvritti	अच् प्रत्यन्ववपूर्वात् सामलोम्नः
5.4.75	5.4.86	anuvritti	अच् प्रत्यन्ववपूर्वात् सामलोम्नः
5.4.86	5.4.87	anuvritti	तत्पुरुषस्याङ्गुलेः संख्याव्ययादेः
5.4.86	5.4.88	anuvritti	तत्पुरुषस्याङ्गुलेः संख्याव्ययादेः
5.4.86	5.4.91	anuvritti	तत्पुरुषस्याङ्गुलेः संख्याव्ययादेः
5.4.88	5.4.89	anuvritti	अह्नोऽह्न एतेभ्यः
5.4.88	5.4.90	anuvritti	अह्नोऽह्न एतेभ्यः
5.4.91	5.4.92	anuvritti	राजाहस्सखिभ्यष्टच्
5.4.91	5.4.93	anuvritti	राजाहस्सखिभ्यष्टच्
5.4.91	5.4.94	anuvritti	राजाहस्सखिभ्यष्टच्
5.4.91	5.4.95	anuvritti	राजाहस्सखिभ्यष्टच्
5.4.91	5.4.96	anuvritti	राजाहस्सखिभ्यष्टच्
5.4.91	5.4.99	anuvritti	राजाहस्सखिभ्यष्टच्
5.4.91	5.4.102	anuvritti	राजाहस्सखिभ्यष्टच्
5.4.91	5.4.103	anuvritti	राजाहस्सखिभ्यष्टच्
5.4.91	5.4.104	anuvritti	राजाहस्सखिभ्यष्टच्
5.4.91	5.4.106	anuvritti	राजाहस्सखिभ्यष्टच्
5.4.91	5.4.107	anuvritti	राजाहस्सखिभ्यष्टच्
5.4.96	5.4.97	anuvritti	अतेः शुनः
5.4.97	5.4.98	anuvritti	उपमानादप्राणिषु
5.4.99	5.4.100	anuvritti	नावो द्विगोः
5.4.100	5.4.101	anuvritti	अर्धाच्च
5.4.104	5.4.105	anuvritti	ब्रह्मणो जानपदाख्यायाम्
5.4.107	5.4.108	anuvritti	अव्ययीभावे शरत्प्रभृतिभ्यः
5.4.107	5.4.112	anuvritti	अव्ययीभावे शरत्प्रभृतिभ्यः
5.4.108	5.4.109	anuvritti	अनश्च
5.4.109	5.4.110	anuvritti	नपुंसकादन्यतरस्याम्
5.4.109	5.4.111	anuvritti	नपुंसकादन्यतरस्याम्
5.4.113	5.4.114	anuvritti	बहुव्रीहौ सक्थ्यक्ष्णोः स्वाङ्गात् षच्
5.4.113	5.4.115	anuvritti	बहुव्रीहौ सक्थ्यक्ष्णोः स्वाङ्गात् षच्
5.4.113	5.4.116	anuvritti	बहुव्रीहौ सक्थ्यक्ष्णोः स्वाङ्गात् षच्
5.4.113	5.4.118	anuvritti	बहुव्रीहौ सक्थ्यक्ष्णोः स्वाङ्गात् षच्
5.4.113	5.4.124	anuvritti	बहुव्रीहौ सक्थ्यक्ष्णोः स्वाङ्गात् षच्
5.4.113	5.4.127	anuvritti	बहुव्रीहौ सक्थ्यक्ष्णोः स्वाङ्गात् षच्
5.4.113	5.4.129	anuvritti	बहुव्रीहौ सक्थ्यक्ष्णोः स्वाङ्गात् षच्
5.4.113	5.4.131	anuvritti	बहुव्रीहौ सक्थ्यक्ष्णोः स्वाङ्गात् षच्
5.4.113	5.4.134	anuvritti	बहुव्रीहौ सक्थ्यक्ष्णोः स्वाङ्गात् षच्
5.4.113	5.4.135	anuvritti	बहुव्रीहौ सक्थ्यक्ष्णोः स्वाङ्गात् षच्
5.4.113	5.4.137	anuvritti	बहुव्रीहौ सक्थ्यक्ष्णोः स्वाङ्गात् षच्
5.4.113	5.4.139	anuvritti	बहुव्रीहौ सक्थ्यक्ष्णोः स्वाङ्गात् षच्
5.4.113	5.4.140	anuvritti	बहुव्रीहौ सक्थ्यक्ष्णोः स्वाङ्गात् षच्
5.4.113	5.4.146	anuvritti	बहुव्रीहौ सक्थ्यक्ष्णोः स्वाङ्गात् षच्
5.4.113	5.4.151	anuvritti	बहुव्रीहौ सक्थ्यक्ष्णोः स्वाङ्गात् षच्
5.4.116	5.4.117	anuvritti	अप् पूरणीप्रमाण्योः
5.4.118	5.4.119	anuvritti	अञ्नासिकायाः संज्ञायां नसं चास्थूलात्
5.4.118	5.4.120	anuvritti	अञ्नासिकायाः संज्ञायां नसं चास्थूलात्
5.4.118	5.4.121	anuvritti	अञ्नासिकायाः संज्ञायां नसं चास्थूलात्
5.4.121	5.4.122	anuvritti	नञ्दुःसुभ्यो हलिसक्थ्योरन्यतरस्याम्
5.4.122	5.4.123	anuvritti	नित्यमसिच् प्रजामेधयोः
5.4.124	5.4.125	anuvritti	धर्मादनिच् केवलात्
5.4.124	5.4.126	anuvritti	धर्मादनिच् केवलात्
5.4.127	5.4.128	anuvritti	इच् कर्मव्यतिहारे
5.4.129	5.4.130	anuvritti	प्रसम्भ्यां जानुनोर्ज्ञुः
5.4.131	5.4.132	anuvritti	ऊधसोऽनङ्
5.4.132	5.4.133	anuvritti	धनुषश्च
5.4.135	5.4.136	anuvritti	गन्धस्येदुत्पूतिसुसुरभिभ्यः
5.4.137	5.4.138	anuvritti	उपमानाच्च
5.4.140	5.4.141	anuvritti	संख्यासुपूर्वस्य
5.4.141	5.4.142	anuvritti	वयसि दन्तस्य दतृ
5.4.141	5.4.143	anuvritti	वयसि दन्तस्य दतृ
5.4.141	5.4.144	anuvritti	वयसि दन्तस्य दतृ
5.4.144	5.4.145	anuvritti	विभाषा श्यावारोकाभ्याम्
5.4.146	5.4.147	anuvritti	ककुदस्यावस्थायां लोपः
5.4.146	5.4.148	anuvritti	ककुदस्यावस्थायां लोपः
5.4.146	5.4.150	anuvritti	ककुदस्यावस्थायां लोपः
5.4.148	5.4.149	anuvritti	उद्विभ्यां काकुदस्य
5.4.151	5.4.152	anuvritti	उरःप्रभृतिभ्यः कप्
5.4.151	5.4.153	anuvritti	उरःप्रभृतिभ्यः कप्
5.4.151	5.4.154	anuvritti	उरःप्रभृतिभ्यः कप्
5.4.151	5.4.155	anuvritti	उरःप्रभृतिभ्यः कप्
5.4.155	5.4.156	anuvritti	न संज्ञायाम्
5.4.155	5.4.157	anuvritti	न संज्ञायाम्
5.4.155	5.4.158	anuvritti	न संज्ञायाम्
5.4.155	5.4.159	anuvritti	न संज्ञायाम्
5.4.155	5.4.160	anuvritti	न संज्ञायाम्
6.1.1	6.1.2	adhikara	एकाचो द्वे प्रथमस्य
6.1.1	6.1.12	adhikara	एकाचो द्वे प्रथमस्य
6.1.2	6.1.3	anuvritti	अजादेर्द्वितीयस्य
6.1.2	6.1.4	anuvritti	अजादेर्द्वितीयस्य
6.1.2	6.1.5	anuvritti	अजादेर्द्वितीयस्य
6.1.2	6.1.7	anuvritti	अजादेर्द्वितीयस्य
6.1.2	6.1.8	anuvritti	अजादेर्द्वितीयस्य
6.1.5	6.1.6	anuvritti	उभे अभ्यस्तम्
6.1.8	6.1.9	anuvritti	लिटि धातोरनभ्यासस्य
6.1.8	6.1.10	anuvritti	लिटि धातोरनभ्यासस्य
6.1.8	6.1.11	anuvritti	लिटि धातोरनभ्यासस्य
6.1.13	6.1.14	anuvritti	ष्यङः सम्प्रसारणं पुत्रपत्योस्तत्पुरुषे
6.1.13	6.1.15	anuvritti	ष्यङः सम्प्रसारणं पुत्रपत्योस्तत्पुरुषे
6.1.13	6.1.18	anuvritti	ष्यङः सम्प्रसारणं पुत्रपत्योस्तत्पुरुषे
6.1.13	6.1.19	anuvritti	ष्यङः सम्प्रसारणं पुत्रपत्योस्तत्पुरुषे
6.1.13	6.1.22	anuvritti	ष्यङः सम्प्रसारणं पुत्रपत्योस्तत्पुरुषे
6.1.15	6.1.16	anuvritti	वचिस्वपियजादीनां किति
6.1.16	6.1.17	anuvritti	ग्रहिज्यावयिव्यधिवष्टिविचतिवृश्चतिपृच्छतिभृज्जतीनां ङिति च
6.1.19	6.1.20	anuvritti	स्वपिस्यमिव्येञां यङि
6.1.19	6.1.21	anuvritti	स्वपिस्यमिव्येञां यङि
6.1.22	6.1.23	anuvritti	स्फायः स्फी निष्ठायाम्
6.1.22	6.1.24	anuvritti	स्फायः स्फी निष्ठायाम्
6.1.24	6.1.25	anuvritti	द्रवमूर्तिस्पर्शयोः श्यः
6.1.24	6.1.26	anuvritti	द्रवमूर्तिस्पर्शयोः श्यः
6.1.26	6.1.27	anuvritti	विभाषाऽभ्यवपूर्वस्य
6.1.26	6.1.28	anuvritti	विभाषाऽभ्यवपूर्वस्य
6.1.28	6.1.29	anuvritti	प्यायः पी
6.1.29	6.1.30	anuvritti	लिड्यङोश्च
6.1.30	6.1.31	anuvritti	विभाषा श्वेः
6.1.31	6.1.32	anuvritti	णौ च संश्चङोः
6.1.32	6.1.33	anuvritti	ह्वः सम्प्रसारणम्
6.1.32	6.1.34	anuvritti	ह्वः सम्प्रसारणम्
6.1.32	6.1.37	anuvritti	ह्वः सम्प्रसारणम्
6.1.34	6.1.35	anuvritti	बहुलं छन्दसि
6.1.34	6.1.36	anuvritti	बहुलं छन्दसि
6.1.37	6.1.38	anuvritti	न सम्प्रसारणे सम्प्रसारणम्
6.1.38	6.1.39	anuvritti	लिटि वयो यः
6.1.38	6.1.40	anuvritti	लिटि वयो यः
6.1.40	6.1.41	anuvritti	वेञः
6.1.41	6.1.42	anuvritti	ल्यपि च
6.1.41	6.1.43	anuvritti	ल्यपि च
6.1.43	6.1.44	anuvritti	व्यश्च
6.1.45	6.1.46	anuvritti	आदेच उपदेशेऽशिति
6.1.45	6.1.47	anuvritti	आदेच उपदेशेऽशिति
6.1.45	6.1.48	anuvritti	आदेच उपदेशेऽशिति
6.1.45	6.1.50	anuvritti	आदेच उपदेशेऽशिति
6.1.45	6.1.58	anuvritti	आदेच उपदेशेऽशिति
6.1.45	6.1.60	anuvritti	आदेच उपदेशेऽशिति
6.1.45	6.1.62	anuvritti	आदेच उपदेशेऽशिति
6.1.45	6.1.63	anuvritti	आदेच उपदेशेऽशिति
6.1.45	6.1.64	anuvritti	आदेच उपदेशेऽशिति
6.1.48	6.1.49	anuvritti	क्रीङ्जीनां णौ
6.1.50	6.1.51	anuvritti	मीनातिमिनोतिदीङां ल्यपि च
6.1.51	6.1.52	anuvritti	विभाषा लीयतेः
6.1.51	6.1.53	anuvritti	विभाषा लीयतेः
6.1.51	6.1.54	anuvritti	विभाषा लीयतेः
6.1.54	6.1.55	anuvritti	चिस्फुरोर्णौ
6.1.54	6.1.56	anuvritti	चिस्फुरोर्णौ
6.1.56	6.1.57	anuvritti	बिभेतेर्हेतुभये
6.1.58	6.1.59	anuvritti	सृजिदृशोर्झल्यमकिति
6.1.60	6.1.61	anuvritti	शीर्षंश्छन्दसि
6.1.64	6.1.65	anuvritti	धात्वादेः षः सः
6.1.66	6.1.67	anuvritti	लोपो व्योर्वलि
6.1.66	6.1.68	anuvritti	लोपो व्योर्वलि
6.1.66	6.1.70	anuvritti	लोपो व्योर्वलि
6.1.68	6.1.69	anuvritti	हल्ङ्याब्भ्यो दीर्घात् सुतिस्यपृक्तं हल्
6.1.71	6.1.72	anuvritti	ह्रस्वस्य पिति कृति तुक्
6.1.72	6.1.73	adhikara	संहितायाम्
6.1.72	6.1.77	adhikara	संहितायाम्
6.1.72	6.1.131	adhikara	संहितायाम्
6.1.72	6.1.132	adhikara	संहितायाम्
6.1.72	6.1.135	adhikara	संहितायाम्
6.1.73	6.1.74	anuvritti	छे च
6.1.73	6.1.75	anuvritti	छे च
6.1.75	6.1.76	anuvritti	दीर्घात्
6.1.77	6.1.78	anuvritti	इको यणचि
6.1.77	6.1.84	anuvritti	इको यणचि
6.1.78	6.1.79	anuvritti	एचोऽयवायावः
6.1.79	6.1.80	anuvritti	वान्तो यि प्रत्यये
6.1.80	6.1.81	anuvritti	धातोस्तन्निमित्तस्यैव
6.1.80	6.1.82	anuvritti	धातोस्तन्निमित्तस्यैव
6.1.80	6.1.83	anuvritti	धातोस्तन्निमित्तस्यैव
6.1.84	6.1.85	adhikara	एकः पूर्वपरयोः
6.1.84	6.1.86	adhikara	एकः पूर्वपरयोः
6.1.84	6.1.87	adhikara	एकः पूर्वपरयोः
6.1.84	6.1.101	adhikara	एकः पूर्वपरयोः
6.1.87	6.1.88	anuvritti	आद्गुणः
6.1.88	6.1.89	anuvritti	वृद्धिरेचि
6.1.88	6.1.90	anuvritti	वृद्धिरेचि
6.1.88	6.1.91	anuvritti	वृद्धिरेचि
6.1.91	6.1.92	anuvritti	उपसर्गादृति धातौ
6.1.91	6.1.93	anuvritti	उपसर्गादृति धातौ
6.1.91	6.1.94	anuvritti	उपसर्गादृति धातौ
6.1.94	6.1.95	anuvritti	एङि पररूपम्
6.1.94	6.1.96	anuvritti	एङि पररूपम्
6.1.94	6.1.98	anuvritti	एङि पररूपम्
6.1.96	6.1.97	anuvritti	उस्यपदान्तात्
6.1.98	6.1.99	anuvritti	अव्यक्तानुकरणस्यात इतौ
6.1.98	6.1.100	anuvritti	अव्यक्तानुकरणस्यात इतौ
6.1.101	6.1.102	anuvritti	अकः सवर्णे दीर्घः
6.1.101	6.1.107	anuvritti	अकः सवर्णे दीर्घः
6.1.102	6.1.103	anuvritti	प्रथमयोः पूर्वसवर्णः
6.1.102	6.1.104	anuvritti	प्रथमयोः पूर्वसवर्णः
6.1.104	6.1.105	anuvritti	नादिचि
6.1.105	6.1.106	anuvritti	दीर्घाज्जसि च
6.1.107	6.1.108	anuvritti	अमि पूर्वः
6.1.107	6.1.109	anuvritti	अमि पूर्वः
6.1.109	6.1.110	anuvritti	एङः पदान्तादति
6.1.109	6.1.115	anuvritti	एङः पदान्तादति
6.1.110	6.1.111	anuvritti	ङसिङसोश्च
6.1.110	6.1.112	anuvritti	ङसिङसोश्च
6.1.111	6.1.113	anuvritti	ऋत उत्
6.1.113	6.1.114	anuvritti	अतो रोरप्लुतादप्लुते
6.1.115	6.1.116	anuvritti	प्रकृत्याऽन्तःपादमव्यपरे
6.1.115	6.1.117	anuvritti	प्रकृत्याऽन्तःपादमव्यपरे
6.1.115	6.1.122	anuvritti	प्रकृत्याऽन्तःपादमव्यपरे
6.1.115	6.1.125	anuvritti	प्रकृत्याऽन्तःपादमव्यपरे
6.1.117	6.1.118	anuvritti	यजुष्युरः
6.1.117	6.1.119	anuvritti	यजुष्युरः
6.1.117	6.1.120	anuvritti	यजुष्युरः
6.1.120	6.1.121	anuvritti	अनुदात्ते च कुधपरे
6.1.122	6.1.123	anuvritti	सर्वत्र विभाषा गोः
6.1.123	6.1.124	anuvritti	अवङ् स्फोटायनस्य
6.1.125	6.1.126	anuvritti	प्लुतप्रगृह्या अचि नित्यम्
6.1.125	6.1.127	anuvritti	प्लुतप्रगृह्या अचि नित्यम्
6.1.125	6.1.129	anuvritti	प्लुतप्रगृह्या अचि नित्यम्
6.1.127	6.1.128	anuvritti	इकोऽसवर्णे शाकल्यस्य ह्रस्वश्च
6.1.129	6.1.130	anuvritti	अप्लुतवदुपस्थिते
6.1.132	6.1.133	anuvritti	एतत्तदोः सुलोपोऽकोरनञ्समासे हलि
6.1.132	6.1.134	anuvritti	एतत्तदोः सुलोपोऽकोरनञ्समासे हलि
6.1.135	6.1.136	adhikara	सुट् कात् पूर्वः
6.1.135	6.1.137	adhikara	सुट् कात् पूर्वः
6.1.135	6.1.143	adhikara	सुट् कात् पूर्वः
6.1.135	6.1.144	adhikara	सुट् कात् पूर्वः
6.1.135	6.1.145	adhikara	सुट् कात् पूर्वः
6.1.135	6.1.146	adhikara	सुट् कात् पूर्वः
6.1.135	6.1.147	adhikara	सुट् कात् पूर्वः
6.1.135	6.1.148	adhikara	सुट् कात् पूर्वः
6.1.135	6.1.149	adhikara	सुट् कात् पूर्वः
6.1.135	6.1.150	adhikara	सुट् कात् पूर्वः
6.1.135	6.1.151	adhikara	सुट् कात् पूर्वः
6.1.135	6.1.152	adhikara	सुट् कात् पूर्वः
6.1.135	6.1.153	adhikara	सुट् कात् पूर्वः
6.1.135	6.1.154	adhikara	सुट् कात् पूर्वः
6.1.135	6.1.155	adhikara	सुट् कात् पूर्वः
6.1.135	6.1.156	adhikara	सुट् कात् पूर्वः
6.1.135	6.1.157	adhikara	सुट् कात् पूर्वः
6.1.137	6.1.138	anuvritti	सम्पर्युपेभ्यः करोतौ भूषणे
6.1.137	6.1.139	anuvritti	सम्पर्युपेभ्यः करोतौ भूषणे
6.1.139	6.1.140	anuvritti	उपात् प्रतियत्नवैकृतवाक्याध्याहारेषु
6.1.140	6.1.141	anuvritti	किरतौ लवने
6.1.140	6.1.142	anuvritti	किरतौ लवने
6.1.159	6.1.160	anuvritti	कर्षात्वतो घञोऽन्त उदात्तः
6.1.159	6.1.161	anuvritti	कर्षात्वतो घञोऽन्त उदात्तः
6.1.159	6.1.162	anuvritti	कर्षात्वतो घञोऽन्त उदात्तः
6.1.159	6.1.163	anuvritti	कर्षात्वतो घञोऽन्त उदात्तः
6.1.159	6.1.166	anuvritti	कर्षात्वतो घञोऽन्त उदात्तः
6.1.159	6.1.167	anuvritti	कर्षात्वतो घञोऽन्त उदात्तः
6.1.159	6.1.168	anuvritti	कर्षात्वतो घञोऽन्त उदात्तः
6.1.159	6.1.194	anuvritti	कर्षात्वतो घञोऽन्त उदात्तः
6.1.159	6.1.197	anuvritti	कर्षात्वतो घञोऽन्त उदात्तः
6.1.159	6.1.217	anuvritti	कर्षात्वतो घञोऽन्त उदात्तः
6.1.159	6.1.219	anuvritti	कर्षात्वतो घञोऽन्त उदात्तः
6.1.163	6.1.164	anuvritti	चितः
6.1.164	6.1.165	anuvritti	तद्धितस्य
6.1.168	6.1.169	anuvritti	सावेकाचस्तृतीयादिर्विभक्तिः
6.1.169	6.1.170	anuvritti	अन्तोदात्तादुत्तरपदादन्यतरस्यामनित्यसमासे
6.1.169	6.1.176	anuvritti	अन्तोदात्तादुत्तरपदादन्यतरस्यामनित्यसमासे
6.1.170	6.1.171	anuvritti	अञ्चेश्छन्दस्यसर्वनामस्थानम्
6.1.170	6.1.172	anuvritti	अञ्चेश्छन्दस्यसर्वनामस्थानम्
6.1.170	6.1.173	anuvritti	अञ्चेश्छन्दस्यसर्वनामस्थानम्
6.1.173	6.1.174	anuvritti	शतुरनुमो नद्यजादी
6.1.174	6.1.175	anuvritti	उदात्तयणो हल्पूर्वात्
6.1.176	6.1.177	anuvritti	ह्रस्वनुड्भ्यां मतुप्
6.1.177	6.1.178	anuvritti	नामन्यतरस्याम्
6.1.177	6.1.179	anuvritti	नामन्यतरस्याम्
6.1.177	6.1.182	anuvritti	नामन्यतरस्याम्
6.1.177	6.1.185	anuvritti	नामन्यतरस्याम्
6.1.177	6.1.186	anuvritti	नामन्यतरस्याम्
6.1.179	6.1.180	anuvritti	षट्त्रिचतुर्भ्यो हलादिः
6.1.180	6.1.181	anuvritti	झल्युपोत्तमम्
6.1.182	6.1.183	anuvritti	न गोश्वन्त्साववर्णराडङ्क्रुङ्कृद्भ्यः
6.1.183	6.1.184	anuvritti	दिवो झल्
6.1.186	6.1.187	anuvritti	तास्यनुदात्तेन्ङिददुपदेशाल्लसार्वधातुकमनुदात्तमह्न्विङोः
6.1.187	6.1.188	anuvritti	आदिः सिचोऽन्यतरस्याम्
6.1.188	6.1.189	anuvritti	स्वपादिहिंसामच्यनिटि
6.1.189	6.1.190	anuvritti	अभ्यस्तानामादिः
6.1.189	6.1.191	anuvritti	अभ्यस्तानामादिः
6.1.189	6.1.192	anuvritti	अभ्यस्तानामादिः
6.1.192	6.1.193	anuvritti	भीह्रीभृहुमदजनधनदरिद्राजागरां प्रत्ययात् पूर्वम् पिति
6.1.194	6.1.195	anuvritti	आदिर्णमुल्यन्यतरस्याम्
6.1.194	6.1.196	anuvritti	आदिर्णमुल्यन्यतरस्याम्
6.1.197	6.1.198	anuvritti	ञ्नित्यादिर्नित्यम्
6.1.197	6.1.199	anuvritti	ञ्नित्यादिर्नित्यम्
6.1.197	6.1.200	anuvritti	ञ्नित्यादिर्नित्यम्
6.1.197	6.1.201	anuvritti	ञ्नित्यादिर्नित्यम्
6.1.197	6.1.202	anuvritti	ञ्नित्यादिर्नित्यम्
6.1.197	6.1.203	anuvritti	ञ्नित्यादिर्नित्यम्
6.1.197	6.1.204	anuvritti	ञ्नित्यादिर्नित्यम्
6.1.197	6.1.206	anuvritti	ञ्नित्यादिर्नित्यम्
6.1.197	6.1.207	anuvritti	ञ्नित्यादिर्नित्यम्
6.1.197	6.1.208	anuvritti	ञ्नित्यादिर्नित्यम्
6.1.197	6.1.211	anuvritti	ञ्नित्यादिर्नित्यम्
6.1.197	6.1.213	anuvritti	ञ्नित्यादिर्नित्यम्
6.1.197	6.1.214	anuvritti	ञ्नित्यादिर्नित्यम्
6.1.197	6.1.215	anuvritti	ञ्नित्यादिर्नित्यम्
6.1.204	6.1.205	anuvritti	संज्ञायामुपमानम्
6.1.208	6.1.209	anuvritti	रिक्ते विभाषा
6.1.209	6.1.210	anuvritti	जुष्टार्पिते च छन्दसि
6.1.211	6.1.212	anuvritti	युष्मदस्मदोर्ङसि
6.1.215	6.1.216	anuvritti	विभाषा वेण्विन्धानयोः
6.1.217	6.1.218	anuvritti	उपोत्तमं रिति
6.1.219	6.1.220	anuvritti	मतोः पूर्वमात् संज्ञायां स्त्रियाम्
6.1.220	6.1.221	anuvritti	अन्तोऽवत्याः
6.1.220	6.1.222	anuvritti	अन्तोऽवत्याः
6.1.220	6.1.223	anuvritti	अन्तोऽवत्याः
6.2.1	6.2.2	anuvritti	बहुव्रीहौ प्रकृत्या पूर्वपदम्
6.2.1	6.2.25	anuvritti	बहुव्रीहौ प्रकृत्या पूर्वपदम्
6.2.1	6.2.29	anuvritti	बहुव्रीहौ प्रकृत्या पूर्वपदम्
6.2.1	6.2.32	anuvritti	बहुव्रीहौ प्रकृत्या पूर्वपदम्
6.2.1	6.2.33	anuvritti	बहुव्रीहौ प्रकृत्या पूर्वपदम्
6.2.1	6.2.34	anuvritti	बहुव्रीहौ प्रकृत्या पूर्वपदम्
6.2.1	6.2.38	anuvritti	बहुव्रीहौ प्रकृत्या पूर्वपदम्
6.2.1	6.2.40	anuvritti	बहुव्रीहौ प्रकृत्या पूर्वपदम्
6.2.1	6.2.41	anuvritti	बहुव्रीहौ प्रकृत्या पूर्वपदम्
6.2.1	6.2.42	anuvritti	बहुव्रीहौ प्रकृत्या पूर्वपदम्
6.2.1	6.2.43	anuvritti	बहुव्रीहौ प्रकृत्या पूर्वपदम्
6.2.1	6.2.54	anuvritti	बहुव्रीहौ प्रकृत्या पूर्वपदम्
6.2.1	6.2.64	anuvritti	बहुव्रीहौ प्रकृत्या पूर्वपदम्
6.2.2	6.2.3	anuvritti	तत्पुरुषे तुल्यार्थतृतीयासप्तम्युपमानाव्ययद्वितीयाकृत्याः
6.2.2	6.2.4	anuvritti	तत्पुरुषे तुल्यार्थतृतीयासप्तम्युपमानाव्ययद्वितीयाकृत्याः
6.2.2	6.2.5	anuvritti	तत्पुरुषे तुल्यार्थतृतीयासप्तम्युपमानाव्ययद्वितीयाकृत्याः
6.2.2	6.2.6	anuvritti	तत्पुरुषे तुल्यार्थतृतीयासप्तम्युपमानाव्ययद्वितीयाकृत्याः
6.2.2	6.2.7	anuvritti	तत्पुरुषे तुल्यार्थतृतीयासप्तम्युपमानाव्ययद्वितीयाकृत्याः
6.2.2	6.2.8	anuvritti	तत्पुरुषे तुल्यार्थतृतीयासप्तम्युपमानाव्ययद्वितीयाकृत्याः
6.2.2	6.2.9	anuvritti	तत्पुरुषे तुल्यार्थतृतीयासप्तम्युपमानाव्ययद्वितीयाकृत्याः
6.2.2	6.2.10	anuvritti	तत्पुरुषे तुल्यार्थतृतीयासप्तम्युपमानाव्ययद्वितीयाकृत्याः
6.2.2	6.2.11	anuvritti	तत्पुरुषे तुल्यार्थतृतीयासप्तम्युपमानाव्ययद्वितीयाकृत्याः
6.2.2	6.2.12	anuvritti	तत्पुरुषे तुल्यार्थतृतीयासप्तम्युपमानाव्ययद्वितीयाकृत्याः
6.2.2	6.2.13	anuvritti	तत्पुरुषे तुल्यार्थतृतीयासप्तम्युपमानाव्ययद्वितीयाकृत्याः
6.2.2	6.2.14	anuvritti	तत्पुरुषे तुल्यार्थतृतीयासप्तम्युपमानाव्ययद्वितीयाकृत्याः
6.2.2	6.2.15	anuvritti	तत्पुरुषे तुल्यार्थतृतीयासप्तम्युपमानाव्ययद्वितीयाकृत्याः
6.2.2	6.2.17	anuvritti	तत्पुरुषे तुल्यार्थतृतीयासप्तम्युपमानाव्ययद्वितीयाकृत्याः
6.2.2	6.2.18	anuvritti	तत्पुरुषे तुल्यार्थतृतीयासप्तम्युपमानाव्ययद्वितीयाकृत्याः
6.2.2	6.2.21	anuvritti	तत्पुरुषे तुल्यार्थतृतीयासप्तम्युपमानाव्ययद्वितीयाकृत्याः
6.2.2	6.2.22	anuvritti	तत्पुरुषे तुल्यार्थतृतीयासप्तम्युपमानाव्ययद्वितीयाकृत्याः
6.2.2	6.2.23	anuvritti	तत्पुरुषे तुल्यार्थतृतीयासप्तम्युपमानाव्ययद्वितीयाकृत्याः
6.2.2	6.2.24	anuvritti	तत्पुरुषे तुल्यार्थतृतीयासप्तम्युपमानाव्ययद्वितीयाकृत्याः
6.2.14	6.2.144	adhikara	मात्रोपज्ञोपक्रमच्छाये नपुंसके
6.2.15	6.2.16	anuvritti	सुखप्रिययोर्हिते
6.2.18	6.2.19	anuvritti	पत्यावैश्वर्ये
6.2.18	6.2.20	anuvritti	पत्यावैश्वर्ये
6.2.25	6.2.26	anuvritti	श्रज्याऽवमकन्पापवत्सु भावे कर्मधारये
6.2.26	6.2.27	anuvritti	कुमारश्च
6.2.27	6.2.28	anuvritti	आदिः प्रत्येनसि
6.2.29	6.2.30	anuvritti	इगन्तकालकपालभगालशरावेषु द्विगौ
6.2.30	6.2.31	anuvritti	बह्वन्यतरस्याम्
6.2.34	6.2.35	anuvritti	राजन्यबहुवचनद्वन्द्वेऽन्धकवृष्णिषु
6.2.34	6.2.36	anuvritti	राजन्यबहुवचनद्वन्द्वेऽन्धकवृष्णिषु
6.2.34	6.2.37	anuvritti	राजन्यबहुवचनद्वन्द्वेऽन्धकवृष्णिषु
6.2.38	6.2.39	anuvritti	महान् व्रीह्यपराह्णगृष्टीष्वासजाबालभारभारतहैलिहिलरौरवप्रवृद्धेषु
6.2.43	6.2.44	anuvritti	चतुर्थी तदर्थे
6.2.43	6.2.45	anuvritti	चतुर्थी तदर्थे
6.2.45	6.2.46	anuvritti	क्ते च
6.2.45	6.2.47	anuvritti	क्ते च
6.2.45	6.2.48	anuvritti	क्ते च
6.2.48	6.2.49	anuvritti	तृतीया कर्मणि
6.2.49	6.2.50	anuvritti	गतिरनन्तरः
6.2.49	6.2.51	anuvritti	गतिरनन्तरः
6.2.49	6.2.52	anuvritti	गतिरनन्तरः
6.2.52	6.2.53	anuvritti	अनिगन्तोऽञ्चतौ वप्रत्यये
6.2.54	6.2.55	anuvritti	ईषदन्यतरस्याम्
6.2.54	6.2.56	anuvritti	ईषदन्यतरस्याम्
6.2.54	6.2.57	anuvritti	ईषदन्यतरस्याम्
6.2.54	6.2.61	anuvritti	ईषदन्यतरस्याम्
6.2.54	6.2.62	anuvritti	ईषदन्यतरस्याम्
6.2.57	6.2.58	anuvritti	कतरकतमौ कर्मधारये
6.2.58	6.2.59	anuvritti	आर्यो ब्राह्मणकुमारयोः
6.2.59	6.2.60	anuvritti	राजा च
6.2.62	6.2.63	anuvritti	ग्रामः शिल्पिनि
6.2.64	6.2.65	adhikara+anuvritti	आदिरुदात्तः
6.2.64	6.2.66	adhikara+anuvritti	आदिरुदात्तः
6.2.64	6.2.67	adhikara+anuvritti	आदिरुदात्तः
6.2.64	6.2.69	adhikara+anuvritti	आदिरुदात्तः
6.2.64	6.2.70	adhikara+anuvritti	आदिरुदात्तः
6.2.64	6.2.71	adhikara+anuvritti	आदिरुदात्तः
6.2.64	6.2.72	adhikara+anuvritti	आदिरुदात्तः
6.2.64	6.2.73	adhikara+anuvritti	आदिरुदात्तः
6.2.64	6.2.75	adhikara+anuvritti	आदिरुदात्तः
6.2.64	6.2.78	adhikara+anuvritti	आदिरुदात्तः
6.2.64	6.2.79	adhikara+anuvritti	आदिरुदात्तः
6.2.64	6.2.81	adhikara+anuvritti	आदिरुदात्तः
6.2.64	6.2.82	adhikara+anuvritti	आदिरुदात्तः
6.2.64	6.2.84	adhikara+anuvritti	आदिरुदात्तः
6.2.64	6.2.85	adhikara+anuvritti	आदिरुदात्तः
6.2.64	6.2.86	adhikara+anuvritti	आदिरुदात्तः
6.2.64	6.2.87	adhikara+anuvritti	आदिरुदात्तः
6.2.64	6.2.89	adhikara+anuvritti	आदिरुदात्तः
6.2.64	6.2.90	adhikara+anuvritti	आदिरुदात्तः
6.2.64	6.2.92	adhikara	आदिरुदात्तः
6.2.67	6.2.68	anuvritti	विभाषाऽध्यक्षे
6.2.73	6.2.74	anuvritti	अके जीविकाऽर्थे
6.2.75	6.2.76	anuvritti	अणि नियुक्ते
6.2.76	6.2.77	anuvritti	शिल्पिनि चाकृञः
6.2.79	6.2.80	anuvritti	णिनि
6.2.82	6.2.83	anuvritti	दीर्घकाशतुषभ्राष्ट्रवटं जे
6.2.87	6.2.88	anuvritti	प्रस्थेऽवृद्धमकर्क्यादीनाम्
6.2.90	6.2.91	anuvritti	अर्मे चावर्णं द्व्यच्त्र्यच्
6.2.92	6.2.93	adhikara+anuvritti	अन्तः
6.2.92	6.2.94	adhikara+anuvritti	अन्तः
6.2.92	6.2.95	adhikara+anuvritti	अन्तः
6.2.92	6.2.96	adhikara+anuvritti	अन्तः
6.2.92	6.2.97	adhikara+anuvritti	अन्तः
6.2.92	6.2.98	adhikara+anuvritti	अन्तः
6.2.92	6.2.99	adhikara+anuvritti	अन्तः
6.2.92	6.2.102	adhikara+anuvritti	अन्तः
6.2.92	6.2.103	adhikara+anuvritti	अन्तः
6.2.92	6.2.106	adhikara+anuvritti	अन्तः
6.2.99	6.2.100	anuvritti	पुरे प्राचाम्
6.2.99	6.2.101	anuvritti	पुरे प्राचाम्
6.2.103	6.2.104	anuvritti	दिक्शब्दा ग्रामजनपदाख्यानचानराटेषु
6.2.103	6.2.105	anuvritti	दिक्शब्दा ग्रामजनपदाख्यानचानराटेषु
6.2.106	6.2.107	anuvritti	बहुव्रीहौ विश्वं संज्ञायाम्
6.2.106	6.2.109	anuvritti	बहुव्रीहौ विश्वं संज्ञायाम्
6.2.106	6.2.110	anuvritti	बहुव्रीहौ विश्वं संज्ञायाम्
6.2.106	6.2.111	anuvritti	बहुव्रीहौ विश्वं संज्ञायाम्
6.2.107	6.2.108	anuvritti	उदराश्वेषुषु
6.2.111	6.2.112	adhikara	उत्तरपदादिः
6.2.111	6.2.116	adhikara	उत्तरपदादिः
6.2.111	6.2.117	adhikara	उत्तरपदादिः
6.2.111	6.2.121	adhikara	उत्तरपदादिः
6.2.111	6.2.122	adhikara	उत्तरपदादिः
6.2.111	6.2.123	adhikara	उत्तरपदादिः
6.2.111	6.2.144	adhikara	उत्तरपदादिः
6.2.111	6.2.145	adhikara	उत्तरपदादिः
6.2.111	6.2.152	adhikara	उत्तरपदादिः
6.2.111	6.2.153	adhikara	उत्तरपदादिः
6.2.111	6.2.155	adhikara	उत्तरपदादिः
6.2.111	6.2.162	adhikara	उत्तरपदादिः
6.2.111	6.2.199	adhikara	उत्तरपदादिः
6.2.112	6.2.113	anuvritti	कर्णो वर्णलक्षणात्
6.2.113	6.2.114	anuvritti	संज्ञौपम्ययोश्च
6.2.113	6.2.115	anuvritti	संज्ञौपम्ययोश्च
6.2.117	6.2.118	anuvritti	सोर्मनसी अलोमोषसी
6.2.117	6.2.119	anuvritti	सोर्मनसी अलोमोषसी
6.2.119	6.2.120	anuvritti	आद्युदात्तं द्व्यच् छन्दसि
6.2.123	6.2.124	anuvritti	तत्पुरुषे शालायां नपुंसके
6.2.123	6.2.126	anuvritti	तत्पुरुषे शालायां नपुंसके
6.2.123	6.2.127	anuvritti	तत्पुरुषे शालायां नपुंसके
6.2.123	6.2.128	anuvritti	तत्पुरुषे शालायां नपुंसके
6.2.123	6.2.129	anuvritti	तत्पुरुषे शालायां नपुंसके
6.2.123	6.2.130	anuvritti	तत्पुरुषे शालायां नपुंसके
6.2.123	6.2.132	anuvritti	तत्पुरुषे शालायां नपुंसके
6.2.123	6.2.134	anuvritti	तत्पुरुषे शालायां नपुंसके
6.2.123	6.2.136	anuvritti	तत्पुरुषे शालायां नपुंसके
6.2.123	6.2.137	anuvritti	तत्पुरुषे शालायां नपुंसके
6.2.124	6.2.125	anuvritti	कन्था च
6.2.130	6.2.131	anuvritti	अकर्मधारये राज्यम्
6.2.132	6.2.133	anuvritti	पुत्रः पुंभ्यः
6.2.134	6.2.135	anuvritti	चूर्णादीन्यप्राणिषष्ठ्याः
6.2.137	6.2.138	anuvritti	प्रकृत्या भगालम्
6.2.137	6.2.139	anuvritti	प्रकृत्या भगालम्
6.2.137	6.2.140	anuvritti	प्रकृत्या भगालम्
6.2.140	6.2.141	anuvritti	उभे वनस्पत्यादिषु युगपत्
6.2.141	6.2.142	anuvritti	देवताद्वन्द्वे च
6.2.143	6.2.145	adhikara	अन्तः
6.2.143	6.2.152	adhikara	अन्तः
6.2.143	6.2.153	adhikara	अन्तः
6.2.143	6.2.155	adhikara	अन्तः
6.2.143	6.2.162	adhikara	अन्तः
6.2.143	6.2.199	adhikara	अन्तः
6.2.145	6.2.146	anuvritti	सूपमानात् क्तः
6.2.146	6.2.147	anuvritti	संज्ञायामनाचितादीनाम्
6.2.146	6.2.148	anuvritti	संज्ञायामनाचितादीनाम्
6.2.148	6.2.149	anuvritti	कारकाद्दत्तश्रुतयोरेवाशिषि
6.2.148	6.2.150	anuvritti	कारकाद्दत्तश्रुतयोरेवाशिषि
6.2.148	6.2.151	anuvritti	कारकाद्दत्तश्रुतयोरेवाशिषि
6.2.153	6.2.154	anuvritti	ऊनार्थकलहं तृतीयायाः
6.2.155	6.2.156	anuvritti	नञो गुणप्रतिषेधे सम्पाद्यर्हहितालमर्थास्तद्धिताः
6.2.155	6.2.157	anuvritti	नञो गुणप्रतिषेधे सम्पाद्यर्हहितालमर्थास्तद्धिताः
6.2.155	6.2.160	anuvritti	नञो गुणप्रतिषेधे सम्पाद्यर्हहितालमर्थास्तद्धिताः
6.2.155	6.2.161	anuvritti	नञो गुणप्रतिषेधे सम्पाद्यर्हहितालमर्थास्तद्धिताः
6.2.157	6.2.158	anuvritti	अच्कावशक्तौ
6.2.158	6.2.159	anuvritti	आक्रोशे च
6.2.162	6.2.163	anuvritti	बहुव्रीहाविदमेतत्तद्भ्यः प्रथमपूरणयोः क्रियागणने
6.2.162	6.2.165	anuvritti	बहुव्रीहाविदमेतत्तद्भ्यः प्रथमपूरणयोः क्रियागणने
6.2.162	6.2.166	anuvritti	बहुव्रीहाविदमेतत्तद्भ्यः प्रथमपूरणयोः क्रियागणने
6.2.162	6.2.167	anuvritti	बहुव्रीहाविदमेतत्तद्भ्यः प्रथमपूरणयोः क्रियागणने
6.2.162	6.2.170	anuvritti	बहुव्रीहाविदमेतत्तद्भ्यः प्रथमपूरणयोः क्रियागणने
6.2.162	6.2.172	anuvritti	बहुव्रीहाविदमेतत्तद्भ्यः प्रथमपूरणयोः क्रियागणने
6.2.162	6.2.175	anuvritti	बहुव्रीहाविदमेतत्तद्भ्यः प्रथमपूरणयोः क्रियागणने
6.2.162	6.2.177	anuvritti	बहुव्रीहाविदमेतत्तद्भ्यः प्रथमपूरणयोः क्रियागणने
6.2.163	6.2.164	anuvritti	संख्यायाः स्तनः
6.2.167	6.2.168	anuvritti	मुखं स्वाङ्गम्
6.2.167	6.2.169	anuvritti	मुखं स्वाङ्गम्
6.2.170	6.2.171	anuvritti	जातिकालसुखादिभ्योऽनाच्छादनात् क्तोऽकृतमितप्रतिपन्नाः
6.2.172	6.2.173	anuvritti	नञ्सुभ्याम्
6.2.173	6.2.174	anuvritti	कपि पूर्वम्
6.2.175	6.2.176	anuvritti	बहोर्नञ्वदुत्तरपदभूम्नि
6.2.177	6.2.178	anuvritti	उपसर्गात् स्वाङ्गं ध्रुवमपर्शु
6.2.177	6.2.180	anuvritti	उपसर्गात् स्वाङ्गं ध्रुवमपर्शु
6.2.177	6.2.182	anuvritti	उपसर्गात् स्वाङ्गं ध्रुवमपर्शु
6.2.177	6.2.183	anuvritti	उपसर्गात् स्वाङ्गं ध्रुवमपर्शु
6.2.177	6.2.184	anuvritti	उपसर्गात् स्वाङ्गं ध्रुवमपर्शु
6.2.177	6.2.185	anuvritti	उपसर्गात् स्वाङ्गं ध्रुवमपर्शु
6.2.177	6.2.188	anuvritti	उपसर्गात् स्वाङ्गं ध्रुवमपर्शु
6.2.177	6.2.189	anuvritti	उपसर्गात् स्वाङ्गं ध्रुवमपर्शु
6.2.177	6.2.190	anuvritti	उपसर्गात् स्वाङ्गं ध्रुवमपर्शु
6.2.177	6.2.191	anuvritti	उपसर्गात् स्वाङ्गं ध्रुवमपर्शु
6.2.177	6.2.192	anuvritti	उपसर्गात् स्वाङ्गं ध्रुवमपर्शु
6.2.177	6.2.193	anuvritti	उपसर्गात् स्वाङ्गं ध्रुवमपर्शु
6.2.178	6.2.179	anuvritti	वनं समासे
6.2.180	6.2.181	anuvritti	अन्तश्च
6.2.185	6.2.186	anuvritti	अभेर्मुखम्
6.2.186	6.2.187	anuvritti	अपाच्च
6.2.193	6.2.194	anuvritti	प्रतेरंश्वादयस्तत्पुरुषे
6.2.193	6.2.195	anuvritti	प्रतेरंश्वादयस्तत्पुरुषे
6.2.193	6.2.196	anuvritti	प्रतेरंश्वादयस्तत्पुरुषे
6.2.196	6.2.197	anuvritti	विभाषोत्पुच्छे
6.2.196	6.2.198	anuvritti	विभाषोत्पुच्छे
6.3.1	6.3.2	adhikara	अलुगुत्तरपदे
6.3.1	6.3.3	adhikara	अलुगुत्तरपदे
6.3.1	6.3.9	adhikara	अलुगुत्तरपदे
6.3.1	6.3.21	adhikara	अलुगुत्तरपदे
6.3.1	6.3.32	adhikara	अलुगुत्तरपदे
6.3.1	6.3.33	adhikara	अलुगुत्तरपदे
6.3.1	6.3.34	adhikara	अलुगुत्तरपदे
6.3.1	6.3.46	adhikara	अलुगुत्तरपदे
6.3.1	6.3.73	adhikara	अलुगुत्तरपदे
6.3.1	6.3.78	adhikara	अलुगुत्तरपदे
6.3.1	6.3.97	adhikara	अलुगुत्तरपदे
6.3.1	6.3.99	adhikara	अलुगुत्तरपदे
6.3.1	6.3.101	adhikara	अलुगुत्तरपदे
6.3.1	6.3.109	adhikara	अलुगुत्तरपदे
6.3.1	6.3.110	adhikara	अलुगुत्तरपदे
6.3.1	6.3.111	adhikara	अलुगुत्तरपदे
6.3.3	6.3.4	anuvritti	ओजःसहोऽम्भस्तमसः तृतीयायाः
6.3.3	6.3.6	anuvritti	ओजःसहोऽम्भस्तमसः तृतीयायाः
6.3.4	6.3.5	anuvritti	मनसः संज्ञायाम्
6.3.6	6.3.7	anuvritti	आत्मनश्च पूरणे
6.3.7	6.3.8	anuvritti	वैयाकरणाख्यायां चतुर्थ्याः
6.3.9	6.3.10	anuvritti	हलदन्तात् सप्तम्याः संज्ञायाम्
6.3.9	6.3.11	anuvritti	हलदन्तात् सप्तम्याः संज्ञायाम्
6.3.9	6.3.12	anuvritti	हलदन्तात् सप्तम्याः संज्ञायाम्
6.3.9	6.3.13	anuvritti	हलदन्तात् सप्तम्याः संज्ञायाम्
6.3.9	6.3.14	anuvritti	हलदन्तात् सप्तम्याः संज्ञायाम्
6.3.9	6.3.15	anuvritti	हलदन्तात् सप्तम्याः संज्ञायाम्
6.3.9	6.3.19	anuvritti	हलदन्तात् सप्तम्याः संज्ञायाम्
6.3.15	6.3.16	anuvritti	प्रावृट्शरत्कालदिवां जे
6.3.16	6.3.17	anuvritti	विभाषा वर्षक्षरशरवरात्
6.3.16	6.3.18	anuvritti	विभाषा वर्षक्षरशरवरात्
6.3.19	6.3.20	anuvritti	नेन्सिद्धबध्नातिषु
6.3.21	6.3.22	anuvritti	षष्ठ्या आक्रोशे
6.3.21	6.3.23	anuvritti	षष्ठ्या आक्रोशे
6.3.23	6.3.24	anuvritti	ऋतो विद्यायोनिसम्बन्धेभ्यः
6.3.23	6.3.25	anuvritti	ऋतो विद्यायोनिसम्बन्धेभ्यः
6.3.25	6.3.26	anuvritti	आनङ् ऋतो द्वन्द्वे
6.3.26	6.3.27	anuvritti	देवताद्वन्द्वे च
6.3.26	6.3.28	anuvritti	देवताद्वन्द्वे च
6.3.26	6.3.29	anuvritti	देवताद्वन्द्वे च
6.3.26	6.3.31	anuvritti	देवताद्वन्द्वे च
6.3.29	6.3.30	anuvritti	दिवो द्यावा
6.3.34	6.3.35	anuvritti	स्त्रियाः पुंवद्भाषितपुंस्कादनूङ् समानाधिकरणे स्त्रियामपूरणीप्रियाऽऽदिषु
6.3.34	6.3.36	anuvritti	स्त्रियाः पुंवद्भाषितपुंस्कादनूङ् समानाधिकरणे स्त्रियामपूरणीप्रियाऽऽदिषु
6.3.34	6.3.37	anuvritti	स्त्रियाः पुंवद्भाषितपुंस्कादनूङ् समानाधिकरणे स्त्रियामपूरणीप्रियाऽऽदिषु
6.3.37	6.3.38	anuvritti	न कोपधायाः
6.3.37	6.3.39	anuvritti	न कोपधायाः
6.3.37	6.3.40	anuvritti	न कोपधायाः
6.3.37	6.3.42	anuvritti	न कोपधायाः
6.3.37	6.3.43	anuvritti	न कोपधायाः
6.3.40	6.3.41	anuvritti	स्वाङ्गाच्चेतोऽमानिनि
6.3.43	6.3.44	anuvritti	घरूपकल्पचेलड्ब्रुवगोत्रमतहतेषु ङ्योऽनेकाचो ह्रस्वः
6.3.44	6.3.45	anuvritti	नद्याः शेषस्यान्यतरस्याम्
6.3.46	6.3.47	anuvritti	आन्महतः समानाधिकरणजातीययोः
6.3.47	6.3.48	anuvritti	द्व्यष्टनः संख्यायामबहुव्रीह्यशीत्योः
6.3.48	6.3.49	anuvritti	त्रेस्त्रयः
6.3.48	6.3.50	anuvritti	त्रेस्त्रयः
6.3.48	6.3.52	anuvritti	त्रेस्त्रयः
6.3.48	6.3.57	anuvritti	त्रेस्त्रयः
6.3.50	6.3.51	anuvritti	हृदयस्य हृल्लेखयदण्लासेषु
6.3.52	6.3.53	anuvritti	पादस्य पदाज्यातिगोपहतेषु
6.3.53	6.3.54	anuvritti	पद् यत्यतदर्थे
6.3.53	6.3.55	anuvritti	पद् यत्यतदर्थे
6.3.53	6.3.56	anuvritti	पद् यत्यतदर्थे
6.3.57	6.3.58	anuvritti	उदकस्योदः संज्ञायाम्
6.3.57	6.3.59	anuvritti	उदकस्योदः संज्ञायाम्
6.3.59	6.3.60	anuvritti	एकहलादौ पूरयितव्येऽन्यतरस्याम्
6.3.59	6.3.61	anuvritti	एकहलादौ पूरयितव्येऽन्यतरस्याम्
6.3.61	6.3.62	anuvritti	इको ह्रस्वोऽङ्यो गालवस्य
6.3.61	6.3.63	anuvritti	इको ह्रस्वोऽङ्यो गालवस्य
6.3.61	6.3.65	anuvritti	इको ह्रस्वोऽङ्यो गालवस्य
6.3.61	6.3.66	anuvritti	इको ह्रस्वोऽङ्यो गालवस्य
6.3.63	6.3.64	anuvritti	ङ्यापोः संज्ञाछन्दसोर्बहुलम्
6.3.66	6.3.67	anuvritti	खित्यनव्ययस्य
6.3.67	6.3.68	anuvritti	अरुर्द्विषदजन्तस्य मुम्
6.3.67	6.3.69	anuvritti	अरुर्द्विषदजन्तस्य मुम्
6.3.67	6.3.70	anuvritti	अरुर्द्विषदजन्तस्य मुम्
6.3.67	6.3.71	anuvritti	अरुर्द्विषदजन्तस्य मुम्
6.3.67	6.3.72	anuvritti	अरुर्द्विषदजन्तस्य मुम्
6.3.73	6.3.74	anuvritti	नलोपो नञः
6.3.73	6.3.75	anuvritti	नलोपो नञः
6.3.75	6.3.76	anuvritti	नभ्राण्नपान्नवेदानासत्यानमुचिनकुलनखनपुंसकनक्षत्रनक्रनाकेषु प्रकृत्या
6.3.75	6.3.77	anuvritti	नभ्राण्नपान्नवेदानासत्यानमुचिनकुलनखनपुंसकनक्षत्रनक्रनाकेषु प्रकृत्या
6.3.78	6.3.79	anuvritti	सहस्य सः संज्ञायाम्
6.3.78	6.3.80	anuvritti	सहस्य सः संज्ञायाम्
6.3.78	6.3.81	anuvritti	सहस्य सः संज्ञायाम्
6.3.78	6.3.82	anuvritti	सहस्य सः संज्ञायाम्
6.3.78	6.3.83	anuvritti	सहस्य सः संज्ञायाम्
6.3.78	6.3.84	anuvritti	सहस्य सः संज्ञायाम्
6.3.78	6.3.89	anuvritti	सहस्य सः संज्ञायाम्
6.3.84	6.3.85	anuvritti	समानस्य छन्दस्यमूर्धप्रभृत्युदर्केषु
6.3.84	6.3.86	anuvritti	समानस्य छन्दस्यमूर्धप्रभृत्युदर्केषु
6.3.84	6.3.87	anuvritti	समानस्य छन्दस्यमूर्धप्रभृत्युदर्केषु
6.3.84	6.3.88	anuvritti	समानस्य छन्दस्यमूर्धप्रभृत्युदर्केषु
6.3.89	6.3.90	anuvritti	दृग्दृशवतुषु
6.3.89	6.3.91	anuvritti	दृग्दृशवतुषु
6.3.91	6.3.92	anuvritti	आ सर्वनाम्नः
6.3.92	6.3.93	anuvritti	विष्वग्देवयोश्च टेरद्र्यञ्चतावप्रत्यये
6.3.92	6.3.94	anuvritti	विष्वग्देवयोश्च टेरद्र्यञ्चतावप्रत्यये
6.3.92	6.3.95	anuvritti	विष्वग्देवयोश्च टेरद्र्यञ्चतावप्रत्यये
6.3.95	6.3.96	anuvritti	सहस्य सध्रिः
6.3.97	6.3.98	anuvritti	द्व्यन्तरुपसर्गेभ्योऽप ईत्
6.3.99	6.3.100	anuvritti	अषष्ठ्यतृतीयास्थस्यान्यस्य दुगाशीराशाऽऽस्थाऽऽस्थितोत्सुकोतिकारकरागच्छेषु
6.3.101	6.3.102	anuvritti	कोः कत् तत्पुरुषेऽचि
6.3.101	6.3.103	anuvritti	कोः कत् तत्पुरुषेऽचि
6.3.101	6.3.104	anuvritti	कोः कत् तत्पुरुषेऽचि
6.3.104	6.3.105	anuvritti	का पथ्यक्षयोः
6.3.104	6.3.106	anuvritti	का पथ्यक्षयोः
6.3.106	6.3.107	anuvritti	विभाषा पुरुषे
6.3.107	6.3.108	anuvritti	कवं चोष्णे
6.3.111	6.3.112	anuvritti	ढ्रलोपे पूर्वस्य दीर्घोऽणः
6.3.111	6.3.113	anuvritti	ढ्रलोपे पूर्वस्य दीर्घोऽणः
6.3.111	6.3.114	anuvritti	ढ्रलोपे पूर्वस्य दीर्घोऽणः
6.3.114	6.3.115	adhikara	संहितायाम्
6.3.114	6.3.116	adhikara	संहितायाम्
6.3.114	6.3.117	adhikara	संहितायाम्
6.3.114	6.3.121	adhikara	संहितायाम्
6.3.114	6.3.122	adhikara	संहितायाम्
6.3.114	6.3.125	adhikara	संहितायाम्
6.3.114	6.3.127	adhikara	संहितायाम्
6.3.114	6.3.128	adhikara	संहितायाम्
6.3.114	6.3.131	adhikara	संहितायाम्
6.3.114	6.3.133	adhikara	संहितायाम्
6.3.114	6.3.137	adhikara	संहितायाम्
6.3.114	6.3.138	adhikara	संहितायाम्
6.3.114	6.3.139	adhikara	संहितायाम्
6.3.117	6.3.118	anuvritti	वनगिर्योः संज्ञायां कोटरकिंशुलकादीनाम्
6.3.117	6.3.119	anuvritti	वनगिर्योः संज्ञायां कोटरकिंशुलकादीनाम्
6.3.119	6.3.120	anuvritti	मतौ बह्वचोऽनजिरादीनाम्
6.3.122	6.3.123	anuvritti	उपसर्गस्य घञ्यमनुष्ये बहुलम्
6.3.123	6.3.124	anuvritti	इकः काशे
6.3.125	6.3.126	anuvritti	अष्टनः संज्ञायाम्
6.3.128	6.3.129	anuvritti	विश्वस्य वसुराटोः
6.3.128	6.3.130	anuvritti	विश्वस्य वसुराटोः
6.3.131	6.3.132	anuvritti	मन्त्रे सोमाश्वेन्द्रियविश्वदेव्यस्य मतौ
6.3.133	6.3.134	anuvritti	ऋचि तुनुघमक्षुतङ्कुत्रोरुष्याणाम्
6.3.133	6.3.135	anuvritti	ऋचि तुनुघमक्षुतङ्कुत्रोरुष्याणाम्
6.3.133	6.3.136	anuvritti	ऋचि तुनुघमक्षुतङ्कुत्रोरुष्याणाम्
6.3.139	6.4.1	anuvritti	सम्प्रसारणस्य
6.4.1	6.4.2	adhikara	अङ्गस्य
6.4.1	6.4.3	adhikara	अङ्गस्य
6.4.1	6.4.22	adhikara	अङ्गस्य
6.4.1	7.1.1	adhikara	अङ्गस्य
6.4.1	7.1.2	adhikara	अङ्गस्य
6.4.1	7.1.9	adhikara	अङ्गस्य
6.4.1	7.1.27	adhikara	अङ्गस्य
6.4.1	7.1.34	adhikara	अङ्गस्य
6.4.1	7.1.35	adhikara	अङ्गस्य
6.4.1	7.1.58	adhikara	अङ्गस्य
6.4.1	7.1.100	adhikara	अङ्गस्य
6.4.1	7.2.1	adhikara	अङ्गस्य
6.4.1	7.2.8	adhikara	अङ्गस्य
6.4.1	7.2.35	adhikara	अङ्गस्य
6.4.1	7.2.84	adhikara	अङ्गस्य
6.4.1	7.2.114	adhikara	अङ्गस्य
6.4.1	7.3.36	adhikara	अङ्गस्य
6.4.1	7.3.44	adhikara	अङ्गस्य
6.4.1	7.3.50	adhikara	अङ्गस्य
6.4.1	7.3.52	adhikara	अङ्गस्य
6.4.1	7.3.70	adhikara	अङ्गस्य
6.4.1	7.3.74	adhikara	अङ्गस्य
6.4.1	7.3.116	adhikara	अङ्गस्य
6.4.1	7.4.1	adhikara	अङ्गस्य
6.4.1	7.4.16	adhikara	अङ्गस्य
6.4.1	7.4.21	adhikara	अङ्गस्य
6.4.1	7.4.40	adhikara	अङ्गस्य
6.4.1	7.4.58	adhikara	अङ्गस्य
6.4.3	6.4.4	anuvritti	नामि
6.4.3	6.4.7	anuvritti	नामि
6.4.4	6.4.5	anuvritti	न तिसृचतसृ
6.4.5	6.4.6	anuvritti	छन्दस्युभयथा
6.4.7	6.4.8	anuvritti	नोपधायाः
6.4.7	6.4.15	anuvritti	नोपधायाः
6.4.8	6.4.9	anuvritti	सर्वनामस्थाने चासम्बुद्धौ
6.4.8	6.4.10	anuvritti	सर्वनामस्थाने चासम्बुद्धौ
6.4.8	6.4.11	anuvritti	सर्वनामस्थाने चासम्बुद्धौ
6.4.8	6.4.12	anuvritti	सर्वनामस्थाने चासम्बुद्धौ
6.4.12	6.4.13	anuvritti	इन्हन्पूषार्यम्णां शौ
6.4.13	6.4.14	anuvritti	सौ च
6.4.15	6.4.16	anuvritti	अनुनासिकस्य क्विझलोः क्ङिति
6.4.15	6.4.19	anuvritti	अनुनासिकस्य क्विझलोः क्ङिति
6.4.16	6.4.17	anuvritti	अज्झनगमां सनि
6.4.17	6.4.18	anuvritti	तनोतेर्विभाषा
6.4.19	6.4.20	anuvritti	च्छ्वोः शूडनुनासिके च
6.4.19	6.4.21	anuvritti	च्छ्वोः शूडनुनासिके च
6.4.22	6.4.23	adhikara	असिद्धवदत्राभात्
6.4.22	6.4.71	adhikara	असिद्धवदत्राभात्
6.4.22	6.4.77	adhikara	असिद्धवदत्राभात्
6.4.22	6.4.127	adhikara	असिद्धवदत्राभात्
6.4.22	6.4.129	adhikara	असिद्धवदत्राभात्
6.4.23	6.4.24	anuvritti	श्नान्नलोपः
6.4.23	6.4.37	anuvritti	श्नान्नलोपः
6.4.23	6.4.41	anuvritti	श्नान्नलोपः
6.4.23	6.4.46	anuvritti	श्नान्नलोपः
6.4.24	6.4.25	anuvritti	अनिदितां हल उपधायाः क्ङिति
6.4.24	6.4.30	anuvritti	अनिदितां हल उपधायाः क्ङिति
6.4.24	6.4.34	anuvritti	अनिदितां हल उपधायाः क्ङिति
6.4.25	6.4.26	anuvritti	दंशसञ्जस्वञ्जां शपि
6.4.26	6.4.27	anuvritti	रञ्जेश्च
6.4.27	6.4.28	anuvritti	घञि च भावकरणयोः
6.4.27	6.4.29	anuvritti	घञि च भावकरणयोः
6.4.30	6.4.31	anuvritti	नाञ्चेः पूजायाम्
6.4.31	6.4.32	anuvritti	क्त्वि स्कन्दिस्यन्दोः
6.4.32	6.4.33	anuvritti	जान्तनशां विभाषा
6.4.34	6.4.35	anuvritti	शास इदङ्हलोः
6.4.35	6.4.36	anuvritti	शा हौ
6.4.37	6.4.38	anuvritti	अनुदात्तोपदेशवनतितनोत्यादीनामनुनासिक लोपो झलि क्ङिति
6.4.37	6.4.39	anuvritti	अनुदात्तोपदेशवनतितनोत्यादीनामनुनासिक लोपो झलि क्ङिति
6.4.37	6.4.40	anuvritti	अनुदात्तोपदेशवनतितनोत्यादीनामनुनासिक लोपो झलि क्ङिति
6.4.41	6.4.42	anuvritti	विड्वनोरनुनासिकस्यात्
6.4.41	6.4.45	anuvritti	विड्वनोरनुनासिकस्यात्
6.4.42	6.4.43	anuvritti	जनसनखनां सञ्झलोः
6.4.43	6.4.44	anuvritti	ये विभाषा
6.4.46	6.4.47	adhikara	आर्धधातुके
6.4.46	6.4.48	adhikara	आर्धधातुके
6.4.46	6.4.62	adhikara	आर्धधातुके
6.4.46	6.4.63	adhikara	आर्धधातुके
6.4.48	6.4.49	anuvritti	अतो लोपः
6.4.48	6.4.51	anuvritti	अतो लोपः
6.4.49	6.4.50	anuvritti	यस्य हलः
6.4.51	6.4.52	anuvritti	णेरनिटि
6.4.51	6.4.53	anuvritti	णेरनिटि
6.4.51	6.4.54	anuvritti	णेरनिटि
6.4.51	6.4.55	anuvritti	णेरनिटि
6.4.55	6.4.56	anuvritti	अयामन्ताल्वाय्येत्न्विष्णुषु
6.4.56	6.4.57	anuvritti	ल्यपि लघुपूर्वात्
6.4.56	6.4.58	anuvritti	ल्यपि लघुपूर्वात्
6.4.58	6.4.59	anuvritti	युप्लुवोर्दीर्घश्छन्दसि
6.4.59	6.4.60	anuvritti	क्षियः
6.4.60	6.4.61	anuvritti	निष्ठायामण्यदर्थे
6.4.63	6.4.64	anuvritti	दीङो युडचि क्ङिति
6.4.64	6.4.65	anuvritti	आतो लोप इटि च
6.4.65	6.4.66	anuvritti	ईद्यति
6.4.66	6.4.67	anuvritti	घुमास्थागापाजहातिसां हलि
6.4.66	6.4.69	anuvritti	घुमास्थागापाजहातिसां हलि
6.4.67	6.4.68	anuvritti	एर्लिङि
6.4.69	6.4.70	anuvritti	न ल्यपि
6.4.71	6.4.72	anuvritti	लुङ्लङ्लृङ्क्ष्वडुदात्तः
6.4.72	6.4.73	anuvritti	आडजादीनाम्
6.4.72	6.4.74	anuvritti	आडजादीनाम्
6.4.72	6.4.75	anuvritti	आडजादीनाम्
6.4.75	6.4.76	anuvritti	बहुलं छन्दस्यमाङ्योगेऽपि
6.4.77	6.4.78	anuvritti	अचि श्नुधातुभ्रुवां य्वोरियङुवङौ
6.4.77	6.4.79	anuvritti	अचि श्नुधातुभ्रुवां य्वोरियङुवङौ
6.4.77	6.4.81	anuvritti	अचि श्नुधातुभ्रुवां य्वोरियङुवङौ
6.4.77	6.4.88	anuvritti	अचि श्नुधातुभ्रुवां य्वोरियङुवङौ
6.4.77	6.4.89	anuvritti	अचि श्नुधातुभ्रुवां य्वोरियङुवङौ
6.4.79	6.4.80	anuvritti	स्त्रियाः
6.4.81	6.4.82	anuvritti	इणो यण्
6.4.82	6.4.83	anuvritti	एरनेकाचोऽसंयोगपूर्वस्य
6.4.82	6.4.85	anuvritti	एरनेकाचोऽसंयोगपूर्वस्य
6.4.82	6.4.87	anuvritti	एरनेकाचोऽसंयोगपूर्वस्य
6.4.83	6.4.84	anuvritti	ओः सुपि
6.4.85	6.4.86	anuvritti	न भूसुधियोः
6.4.89	6.4.90	anuvritti	ऊदुपधाया गोहः
6.4.89	6.4.98	anuvritti	ऊदुपधाया गोहः
6.4.90	6.4.91	anuvritti	दोषो णौ
6.4.90	6.4.92	anuvritti	दोषो णौ
6.4.90	6.4.94	anuvritti	दोषो णौ
6.4.92	6.4.93	anuvritti	मितां ह्रस्वः
6.4.94	6.4.95	anuvritti	खचि ह्रस्वः
6.4.94	6.4.96	anuvritti	खचि ह्रस्वः
6.4.96	6.4.97	anuvritti	छादेर्घेऽद्व्युपसर्गस्य
6.4.98	6.4.99	anuvritti	गमहनजनखनघसां लोपः क्ङित्यनङि
6.4.98	6.4.104	anuvritti	गमहनजनखनघसां लोपः क्ङित्यनङि
6.4.99	6.4.100	anuvritti	तनिपत्योश्छन्दसि
6.4.100	6.4.101	anuvritti	घसिभसोर्हलि च
6.4.101	6.4.102	anuvritti	हुझल्भ्यो हेर्धिः
6.4.102	6.4.103	anuvritti	श्रुशृणुपॄकृवृभ्यश्छन्दसि
6.4.104	6.4.105	anuvritti	चिणो लुक्
6.4.105	6.4.106	anuvritti	अतो हेः
6.4.106	6.4.107	anuvritti	उतश्च प्रत्ययादसंयोगपूर्वात्
6.4.107	6.4.108	anuvritti	लोपश्चास्यान्यतरस्यां म्वोः
6.4.108	6.4.109	anuvritti	नित्यं करोतेः
6.4.108	6.4.110	anuvritti	नित्यं करोतेः
6.4.110	6.4.111	anuvritti	अत उत् सार्वधातुके
6.4.110	6.4.119	anuvritti	अत उत् सार्वधातुके
6.4.111	6.4.112	anuvritti	श्नसोरल्लोपः
6.4.112	6.4.113	anuvritti	श्नाऽभ्यस्तयोरातः
6.4.113	6.4.114	anuvritti	ई हल्यघोः
6.4.114	6.4.115	anuvritti	इद्दरिद्रस्य
6.4.115	6.4.116	anuvritti	भियोऽन्यतरस्याम्
6.4.116	6.4.117	anuvritti	जहातेश्च
6.4.116	6.4.118	anuvritti	जहातेश्च
6.4.119	6.4.120	anuvritti	घ्वसोरेद्धावभ्यासलोपश्च
6.4.120	6.4.121	anuvritti	अत एकहल्मध्येऽनादेशादेर्लिटि
6.4.121	6.4.122	anuvritti	थलि च सेटि
6.4.121	6.4.123	anuvritti	थलि च सेटि
6.4.121	6.4.124	anuvritti	थलि च सेटि
6.4.121	6.4.126	anuvritti	थलि च सेटि
6.4.124	6.4.125	anuvritti	वा जॄभ्रमुत्रसाम्
6.4.127	6.4.128	anuvritti	अर्वणस्त्रसावनञः
6.4.129	6.4.130	adhikara	भस्य
6.4.129	6.4.131	adhikara	भस्य
6.4.129	6.4.134	adhikara	भस्य
6.4.129	6.4.172	adhikara	भस्य
6.4.129	6.4.173	adhikara	भस्य
6.4.129	6.4.174	adhikara	भस्य
6.4.129	6.4.175	adhikara	भस्य
6.4.131	6.4.132	anuvritti	वसोः सम्प्रसारणम्
6.4.131	6.4.133	anuvritti	वसोः सम्प्रसारणम्
6.4.134	6.4.135	anuvritti	अल्लोपोऽनः
6.4.134	6.4.136	anuvritti	अल्लोपोऽनः
6.4.134	6.4.137	anuvritti	अल्लोपोऽनः
6.4.134	6.4.138	anuvritti	अल्लोपोऽनः
6.4.134	6.4.140	anuvritti	अल्लोपोऽनः
6.4.134	6.4.141	anuvritti	अल्लोपोऽनः
6.4.134	6.4.142	anuvritti	अल्लोपोऽनः
6.4.138	6.4.139	anuvritti	अचः
6.4.142	6.4.143	anuvritti	ति विंशतेर्डिति
6.4.143	6.4.144	anuvritti	टेः
6.4.144	6.4.145	anuvritti	नस्तद्धिते
6.4.144	6.4.146	anuvritti	नस्तद्धिते
6.4.146	6.4.147	anuvritti	ओर्गुणः
6.4.147	6.4.148	anuvritti	ढे लोपोऽकद्र्वाः
6.4.147	6.4.154	anuvritti	ढे लोपोऽकद्र्वाः
6.4.148	6.4.149	anuvritti	यस्येति च
6.4.149	6.4.150	anuvritti	सूर्यतिष्यागस्त्यमत्स्यानां य उपधायाः
6.4.150	6.4.151	anuvritti	हलस्तद्धितस्य
6.4.151	6.4.152	anuvritti	आपत्यस्य च तद्धितेऽनाति
6.4.151	6.4.153	anuvritti	आपत्यस्य च तद्धितेऽनाति
6.4.154	6.4.155	anuvritti	तुरिष्ठेमेयस्सु
6.4.154	6.4.156	anuvritti	तुरिष्ठेमेयस्सु
6.4.154	6.4.157	anuvritti	तुरिष्ठेमेयस्सु
6.4.154	6.4.158	anuvritti	तुरिष्ठेमेयस्सु
6.4.154	6.4.160	anuvritti	तुरिष्ठेमेयस्सु
6.4.154	6.4.161	anuvritti	तुरिष्ठेमेयस्सु
6.4.154	6.4.163	anuvritti	तुरिष्ठेमेयस्सु
6.4.158	6.4.159	anuvritti	बहोर्लोपो भू च बहोः
6.4.161	6.4.162	anuvritti	र ऋतो हलादेर्लघोः
6.4.163	6.4.164	anuvritti	प्रकृत्यैकाच्
6.4.164	6.4.165	anuvritti	इनण्यनपत्ये
6.4.164	6.4.166	anuvritti	इनण्यनपत्ये
6.4.164	6.4.167	anuvritti	इनण्यनपत्ये
6.4.164	6.4.171	anuvritti	इनण्यनपत्ये
6.4.167	6.4.168	anuvritti	अन्
6.4.167	6.4.169	anuvritti	अन्
6.4.167	6.4.170	anuvritti	अन्
7.1.2	7.1.3	anuvritti	आयनेयीनीयियः फढखच्छघां प्रत्ययादीनाम्
7.1.3	7.1.4	anuvritti	झोऽन्तः
7.1.4	7.1.5	anuvritti	अदभ्यस्तात्
7.1.4	7.1.6	anuvritti	अदभ्यस्तात्
7.1.6	7.1.7	anuvritti	शीङो रुट्
7.1.6	7.1.8	anuvritti	शीङो रुट्
7.1.9	7.1.10	anuvritti	अतो भिस ऐस्
7.1.9	7.1.11	anuvritti	अतो भिस ऐस्
7.1.9	7.1.12	anuvritti	अतो भिस ऐस्
7.1.9	7.1.13	anuvritti	अतो भिस ऐस्
7.1.13	7.1.14	anuvritti	ङेर्यः
7.1.14	7.1.15	anuvritti	सर्वनाम्नः स्मै
7.1.14	7.1.17	anuvritti	सर्वनाम्नः स्मै
7.1.15	7.1.16	anuvritti	ङसिङ्योः स्मात्स्मिनौ
7.1.17	7.1.18	anuvritti	जसः शी
7.1.18	7.1.19	anuvritti	औङ आपः
7.1.19	7.1.20	anuvritti	नपुंसकाच्च
7.1.20	7.1.21	anuvritti	जश्शसोः शिः
7.1.20	7.1.22	anuvritti	जश्शसोः शिः
7.1.22	7.1.23	anuvritti	षड्भ्यो लुक्
7.1.23	7.1.24	anuvritti	स्वमोर्नपुंसकात्
7.1.23	7.1.25	anuvritti	स्वमोर्नपुंसकात्
7.1.23	7.1.26	anuvritti	स्वमोर्नपुंसकात्
7.1.27	7.1.28	anuvritti	युष्मदस्मद्भ्यां ङसोऽश्
7.1.27	7.1.29	anuvritti	युष्मदस्मद्भ्यां ङसोऽश्
7.1.27	7.1.30	anuvritti	युष्मदस्मद्भ्यां ङसोऽश्
7.1.27	7.1.33	anuvritti	युष्मदस्मद्भ्यां ङसोऽश्
7.1.30	7.1.31	anuvritti	भ्यसो भ्यम्
7.1.31	7.1.32	anuvritti	पञ्चम्या अत्
7.1.35	7.1.36	anuvritti	तुह्योस्तातङ्ङाशिष्यन्यतरस्याम्
7.1.35	7.1.37	anuvritti	तुह्योस्तातङ्ङाशिष्यन्यतरस्याम्
7.1.37	7.1.38	anuvritti	समासेऽनञ्पूर्वे क्त्वो ल्यप्
7.1.38	7.1.39	anuvritti	क्त्वाऽपि छन्दसि
7.1.38	7.1.40	anuvritti	क्त्वाऽपि छन्दसि
7.1.38	7.1.41	anuvritti	क्त्वाऽपि छन्दसि
7.1.38	7.1.42	anuvritti	क्त्वाऽपि छन्दसि
7.1.38	7.1.43	anuvritti	क्त्वाऽपि छन्दसि
7.1.38	7.1.44	anuvritti	क्त्वाऽपि छन्दसि
7.1.38	7.1.46	anuvritti	क्त्वाऽपि छन्दसि
7.1.38	7.1.47	anuvritti	क्त्वाऽपि छन्दसि
7.1.38	7.1.50	anuvritti	क्त्वाऽपि छन्दसि
7.1.44	7.1.45	anuvritti	तस्य तात्
7.1.47	7.1.48	anuvritti	क्त्वो यक्
7.1.47	7.1.49	anuvritti	क्त्वो यक्
7.1.50	7.1.51	anuvritti	आज्जसेरसुक्
7.1.50	7.1.52	anuvritti	आज्जसेरसुक्
7.1.52	7.1.53	anuvritti	आमि सर्वनाम्नः सुट्
7.1.52	7.1.54	anuvritti	आमि सर्वनाम्नः सुट्
7.1.54	7.1.55	anuvritti	ह्रस्वनद्यापो नुट्
7.1.54	7.1.56	anuvritti	ह्रस्वनद्यापो नुट्
7.1.54	7.1.57	anuvritti	ह्रस्वनद्यापो नुट्
7.1.58	7.1.59	anuvritti	इदितो नुम् धातोः
7.1.58	7.1.60	anuvritti	इदितो नुम् धातोः
7.1.58	7.1.61	anuvritti	इदितो नुम् धातोः
7.1.58	7.1.70	anuvritti	इदितो नुम् धातोः
7.1.58	7.1.78	anuvritti	इदितो नुम् धातोः
7.1.61	7.1.62	anuvritti	रधिजभोरचि
7.1.61	7.1.63	anuvritti	रधिजभोरचि
7.1.63	7.1.64	anuvritti	रभेरशब्लिटोः
7.1.64	7.1.65	anuvritti	लभेश्च
7.1.64	7.1.67	anuvritti	लभेश्च
7.1.64	7.1.69	anuvritti	लभेश्च
7.1.65	7.1.66	anuvritti	आङो यि
7.1.67	7.1.68	anuvritti	उपसर्गात् खल्घञोः
7.1.70	7.1.71	anuvritti	उगिदचां सर्वनामस्थानेऽधातोः
7.1.70	7.1.72	anuvritti	उगिदचां सर्वनामस्थानेऽधातोः
7.1.72	7.1.73	anuvritti	नपुंसकस्य झलचः
7.1.73	7.1.74	anuvritti	इकोऽचि विभक्तौ
7.1.74	7.1.75	anuvritti	तृतीयादिषु भाषितपुंस्कं पुंवद्गालवस्य
7.1.75	7.1.76	anuvritti	अस्थिदधिसक्थ्यक्ष्णामनङुदात्तः
7.1.76	7.1.77	anuvritti	छन्दस्यपि दृश्यते
7.1.78	7.1.79	anuvritti	नाभ्यस्ताच्छतुः
7.1.79	7.1.80	anuvritti	वा नपुंसकस्य
7.1.80	7.1.81	anuvritti	आच्छीनद्योर्नुम्
7.1.80	7.1.82	anuvritti	आच्छीनद्योर्नुम्
7.1.82	7.1.83	anuvritti	सावनडुहः
7.1.82	7.1.84	anuvritti	सावनडुहः
7.1.82	7.1.85	anuvritti	सावनडुहः
7.1.85	7.1.86	anuvritti	पथिमथ्यृभुक्षामात्
7.1.85	7.1.88	anuvritti	पथिमथ्यृभुक्षामात्
7.1.86	7.1.87	anuvritti	इतोऽत् सर्वनामस्थाने
7.1.86	7.1.89	anuvritti	इतोऽत् सर्वनामस्थाने
7.1.86	7.1.90	anuvritti	इतोऽत् सर्वनामस्थाने
7.1.86	7.1.98	anuvritti	इतोऽत् सर्वनामस्थाने
7.1.90	7.1.91	anuvritti	गोतो णित्
7.1.90	7.1.92	anuvritti	गोतो णित्
7.1.92	7.1.93	anuvritti	सख्युरसम्बुद्धौ
7.1.92	7.1.95	anuvritti	सख्युरसम्बुद्धौ
7.1.93	7.1.94	anuvritti	अनङ् सौ
7.1.95	7.1.96	anuvritti	तृज्वत् क्रोष्टुः
7.1.95	7.1.97	anuvritti	तृज्वत् क्रोष्टुः
7.1.98	7.1.99	anuvritti	चतुरनडुहोरामुदात्तः
7.1.100	7.1.101	anuvritti	ॠत इद्धातोः
7.1.100	7.1.102	anuvritti	ॠत इद्धातोः
7.1.102	7.1.103	anuvritti	उदोष्ठ्यपूर्वस्य
7.2.1	7.2.2	anuvritti	सिचि वृद्धिः परस्मैपदेषु
7.2.1	7.2.3	anuvritti	सिचि वृद्धिः परस्मैपदेषु
7.2.3	7.2.4	anuvritti	वदव्रजहलन्तस्याचः
7.2.4	7.2.5	anuvritti	नेटि
7.2.4	7.2.6	anuvritti	नेटि
7.2.6	7.2.7	anuvritti	ऊर्णोतेर्विभाषा
7.2.8	7.2.9	anuvritti	नेड् वशि कृति
7.2.8	7.2.10	anuvritti	नेड् वशि कृति
7.2.8	7.2.13	anuvritti	नेड् वशि कृति
7.2.8	7.2.14	anuvritti	नेड् वशि कृति
7.2.10	7.2.11	anuvritti	एकाच उपदेशेऽनुदात्तात्
7.2.11	7.2.12	anuvritti	श्र्युकः किति
7.2.14	7.2.15	anuvritti	श्वीदितो निष्ठायाम्
7.2.14	7.2.16	anuvritti	श्वीदितो निष्ठायाम्
7.2.14	7.2.18	anuvritti	श्वीदितो निष्ठायाम्
7.2.14	7.2.19	anuvritti	श्वीदितो निष्ठायाम्
7.2.14	7.2.20	anuvritti	श्वीदितो निष्ठायाम्
7.2.14	7.2.21	anuvritti	श्वीदितो निष्ठायाम्
7.2.14	7.2.22	anuvritti	श्वीदितो निष्ठायाम्
7.2.14	7.2.23	anuvritti	श्वीदितो निष्ठायाम्
7.2.14	7.2.24	anuvritti	श्वीदितो निष्ठायाम्
7.2.14	7.2.26	anuvritti	श्वीदितो निष्ठायाम्
7.2.14	7.2.30	anuvritti	श्वीदितो निष्ठायाम्
7.2.14	7.2.31	anuvritti	श्वीदितो निष्ठायाम्
7.2.16	7.2.17	anuvritti	आदितश्च
7.2.24	7.2.25	anuvritti	अर्देः संनिविभ्यः
7.2.26	7.2.27	anuvritti	णेरध्ययने वृत्तम्
7.2.27	7.2.28	anuvritti	वा दान्तशान्तपूर्णदस्तस्पष्टच्छन्नज्ञप्ताः
7.2.27	7.2.29	anuvritti	वा दान्तशान्तपूर्णदस्तस्पष्टच्छन्नज्ञप्ताः
7.2.31	7.2.32	anuvritti	ह्रु ह्वरेश्छन्दसि
7.2.31	7.2.33	anuvritti	ह्रु ह्वरेश्छन्दसि
7.2.31	7.2.34	anuvritti	ह्रु ह्वरेश्छन्दसि
7.2.35	7.2.36	anuvritti	आर्धधातुकस्येड् वलादेः
7.2.35	7.2.37	anuvritti	आर्धधातुकस्येड् वलादेः
7.2.35	7.2.44	anuvritti	आर्धधातुकस्येड् वलादेः
7.2.35	7.2.55	anuvritti	आर्धधातुकस्येड् वलादेः
7.2.35	7.2.67	anuvritti	आर्धधातुकस्येड् वलादेः
7.2.35	7.2.70	anuvritti	आर्धधातुकस्येड् वलादेः
7.2.35	7.2.71	anuvritti	आर्धधातुकस्येड् वलादेः
7.2.35	7.2.74	anuvritti	आर्धधातुकस्येड् वलादेः
7.2.35	7.2.76	anuvritti	आर्धधातुकस्येड् वलादेः
7.2.37	7.2.38	anuvritti	ग्रहोऽलिटि दीर्घः
7.2.38	7.2.39	anuvritti	वॄतो वा
7.2.38	7.2.41	anuvritti	वॄतो वा
7.2.39	7.2.40	anuvritti	न लिङि
7.2.41	7.2.42	anuvritti	इट् सनि वा
7.2.42	7.2.43	anuvritti	लिङ्सिचोरात्मनेपदेषु
7.2.44	7.2.45	anuvritti	स्वरतिसूतिसूयतिधूञूदितो वा
7.2.44	7.2.46	anuvritti	स्वरतिसूतिसूयतिधूञूदितो वा
7.2.44	7.2.48	anuvritti	स्वरतिसूतिसूयतिधूञूदितो वा
7.2.44	7.2.49	anuvritti	स्वरतिसूतिसूयतिधूञूदितो वा
7.2.44	7.2.50	anuvritti	स्वरतिसूतिसूयतिधूञूदितो वा
7.2.46	7.2.47	anuvritti	निरः कुषः
7.2.50	7.2.51	anuvritti	क्लिशः क्त्वानिष्ठयोः
7.2.50	7.2.52	anuvritti	क्लिशः क्त्वानिष्ठयोः
7.2.50	7.2.53	anuvritti	क्लिशः क्त्वानिष्ठयोः
7.2.50	7.2.54	anuvritti	क्लिशः क्त्वानिष्ठयोः
7.2.55	7.2.56	anuvritti	जॄव्रश्च्योः क्त्वि
7.2.56	7.2.57	anuvritti	उदितो वा
7.2.57	7.2.58	anuvritti	सेऽसिचि कृतचृतच्छृदतृदनृतः
7.2.58	7.2.59	anuvritti	गमेरिट् परस्मैपदेषु
7.2.59	7.2.60	anuvritti	न वृद्भ्यश्चतुर्भ्यः
7.2.60	7.2.61	anuvritti	तासि च कॢपः
7.2.61	7.2.62	anuvritti	अचस्तास्वत् थल्यनिटो नित्यम्
7.2.61	7.2.63	anuvritti	अचस्तास्वत् थल्यनिटो नित्यम्
7.2.61	7.2.64	anuvritti	अचस्तास्वत् थल्यनिटो नित्यम्
7.2.61	7.2.65	anuvritti	अचस्तास्वत् थल्यनिटो नित्यम्
7.2.61	7.2.66	anuvritti	अचस्तास्वत् थल्यनिटो नित्यम्
7.2.67	7.2.68	anuvritti	वस्वेकाजाद्घसाम्
7.2.67	7.2.69	anuvritti	वस्वेकाजाद्घसाम्
7.2.71	7.2.72	anuvritti	अञ्जेः सिचि
7.2.72	7.2.73	anuvritti	स्तुसुधूञ्भ्यः परस्मैपदेषु
7.2.74	7.2.75	anuvritti	स्मिपूङ्रञ्ज्वशां सनि
7.2.76	7.2.77	anuvritti	रुदादिभ्यः सार्वधातुके
7.2.76	7.2.79	anuvritti	रुदादिभ्यः सार्वधातुके
7.2.76	7.2.80	anuvritti	रुदादिभ्यः सार्वधातुके
7.2.77	7.2.78	anuvritti	ईशः से
7.2.80	7.2.81	anuvritti	अतो येयः
7.2.80	7.2.82	anuvritti	अतो येयः
7.2.82	7.2.83	anuvritti	आने मुक्
7.2.84	7.2.85	anuvritti	अष्टन आ विभक्तौ
7.2.84	7.2.86	anuvritti	अष्टन आ विभक्तौ
7.2.84	7.2.99	anuvritti	अष्टन आ विभक्तौ
7.2.84	7.2.102	anuvritti	अष्टन आ विभक्तौ
7.2.84	7.2.103	anuvritti	अष्टन आ विभक्तौ
7.2.84	7.2.106	anuvritti	अष्टन आ विभक्तौ
7.2.86	7.2.87	anuvritti	युष्मदस्मदोरनादेशे
7.2.86	7.2.88	anuvritti	युष्मदस्मदोरनादेशे
7.2.86	7.2.89	anuvritti	युष्मदस्मदोरनादेशे
7.2.86	7.2.90	anuvritti	युष्मदस्मदोरनादेशे
7.2.86	7.2.91	anuvritti	युष्मदस्मदोरनादेशे
7.2.91	7.2.92	adhikara+anuvritti	मपर्यन्तस्य
7.2.91	7.2.93	adhikara+anuvritti	मपर्यन्तस्य
7.2.91	7.2.94	adhikara+anuvritti	मपर्यन्तस्य
7.2.91	7.2.95	adhikara+anuvritti	मपर्यन्तस्य
7.2.91	7.2.96	adhikara+anuvritti	मपर्यन्तस्य
7.2.91	7.2.97	adhikara+anuvritti	मपर्यन्तस्य
7.2.97	7.2.98	anuvritti	त्वमावेकवचने
7.2.99	7.2.100	anuvritti	त्रिचतुरोः स्त्रियां तिसृचतसृ
7.2.100	7.2.101	anuvritti	अचि र ऋतः
7.2.103	7.2.104	anuvritti	किमः कः
7.2.103	7.2.105	anuvritti	किमः कः
7.2.106	7.2.107	anuvritti	तदोः सः सावनन्त्ययोः
7.2.106	7.2.108	anuvritti	तदोः सः सावनन्त्ययोः
7.2.108	7.2.109	anuvritti	इदमो मः
7.2.108	7.2.110	anuvritti	इदमो मः
7.2.110	7.2.111	anuvritti	यः सौ
7.2.111	7.2.112	anuvritti	इदोऽय् पुंसि
7.2.111	7.2.113	anuvritti	इदोऽय् पुंसि
7.2.114	7.2.115	anuvritti	मृजेर्वृद्धिः
7.2.115	7.2.116	anuvritti	अचो ञ्णिति
7.2.115	7.2.117	anuvritti	अचो ञ्णिति
7.2.115	7.3.32	anuvritti	अचो ञ्णिति
7.2.115	7.3.33	anuvritti	अचो ञ्णिति
7.2.117	7.2.118	anuvritti	तद्धितेष्वचामादेः
7.2.117	7.3.1	anuvritti	तद्धितेष्वचामादेः
7.2.117	7.3.2	anuvritti	तद्धितेष्वचामादेः
7.2.117	7.3.3	anuvritti	तद्धितेष्वचामादेः
7.3.3	7.3.4	anuvritti	न य्वाभ्यां पदान्ताभ्याम् पूर्वौ तु ताभ्यामैच्
7.3.3	7.3.5	anuvritti	न य्वाभ्यां पदान्ताभ्याम् पूर्वौ तु ताभ्यामैच्
7.3.3	7.3.6	anuvritti	न य्वाभ्यां पदान्ताभ्याम् पूर्वौ तु ताभ्यामैच्
7.3.6	7.3.7	anuvritti	न कर्मव्यतिहारे
7.3.6	7.3.8	anuvritti	न कर्मव्यतिहारे
7.3.8	7.3.9	anuvritti	श्वादेरिञि
7.3.8	7.3.10	anuvritti	श्वादेरिञि
7.3.10	7.3.11	adhikara+anuvritti	उत्तरपदस्य
7.3.10	7.3.12	adhikara+anuvritti	उत्तरपदस्य
7.3.10	7.3.15	adhikara+anuvritti	उत्तरपदस्य
7.3.10	7.3.18	adhikara+anuvritti	उत्तरपदस्य
7.3.10	7.3.19	adhikara+anuvritti	उत्तरपदस्य
7.3.10	7.3.26	adhikara+anuvritti	उत्तरपदस्य
7.3.12	7.3.13	anuvritti	सुसर्वार्धाज्जनपदस्य
7.3.13	7.3.14	anuvritti	दिशोऽमद्राणाम्
7.3.15	7.3.16	anuvritti	संख्यायाः संवत्सरसंख्यस्य च
7.3.15	7.3.17	anuvritti	संख्यायाः संवत्सरसंख्यस्य च
7.3.19	7.3.20	anuvritti	हृद्भगसिन्ध्वन्ते पूर्वपदस्य च
7.3.19	7.3.21	anuvritti	हृद्भगसिन्ध्वन्ते पूर्वपदस्य च
7.3.19	7.3.24	anuvritti	हृद्भगसिन्ध्वन्ते पूर्वपदस्य च
7.3.19	7.3.25	anuvritti	हृद्भगसिन्ध्वन्ते पूर्वपदस्य च
7.3.21	7.3.22	anuvritti	देवताद्वन्द्वे च
7.3.22	7.3.23	anuvritti	नेन्द्रस्य परस्य
7.3.26	7.3.27	anuvritti	अर्धात् परिमाणस्य पूर्वस्य तु वा
7.3.26	7.3.28	anuvritti	अर्धात् परिमाणस्य पूर्वस्य तु वा
7.3.26	7.3.30	anuvritti	अर्धात् परिमाणस्य पूर्वस्य तु वा
7.3.28	7.3.29	anuvritti	प्रवाहणस्य ढे
7.3.30	7.3.31	anuvritti	नञः शुचीश्वरक्षेत्रज्ञकुशलनिपुणानाम्
7.3.33	7.3.34	anuvritti	आतो युक् चिण्कृतोः
7.3.34	7.3.35	anuvritti	नोदात्तोपदेशस्य मान्तस्यानाचमेः
7.3.36	7.3.37	anuvritti	अर्तिह्रीव्लीरीक्नूयीक्ष्माय्यातां पुङ्णौ
7.3.36	7.3.38	anuvritti	अर्तिह्रीव्लीरीक्नूयीक्ष्माय्यातां पुङ्णौ
7.3.36	7.3.39	anuvritti	अर्तिह्रीव्लीरीक्नूयीक्ष्माय्यातां पुङ्णौ
7.3.36	7.3.40	anuvritti	अर्तिह्रीव्लीरीक्नूयीक्ष्माय्यातां पुङ्णौ
7.3.36	7.3.41	anuvritti	अर्तिह्रीव्लीरीक्नूयीक्ष्माय्यातां पुङ्णौ
7.3.36	7.3.42	anuvritti	अर्तिह्रीव्लीरीक्नूयीक्ष्माय्यातां पुङ्णौ
7.3.36	7.3.43	anuvritti	अर्तिह्रीव्लीरीक्नूयीक्ष्माय्यातां पुङ्णौ
7.3.44	7.3.45	anuvritti	प्रत्ययस्थात् कात् पूर्वस्यात इदाप्यसुपः
7.3.44	7.3.46	anuvritti	प्रत्ययस्थात् कात् पूर्वस्यात इदाप्यसुपः
7.3.46	7.3.47	anuvritti	उदीचामातः स्थाने यकपूर्वायाः
7.3.46	7.3.48	anuvritti	उदीचामातः स्थाने यकपूर्वायाः
7.3.48	7.3.49	anuvritti	अभाषितपुंस्काच्च
7.3.50	7.3.51	anuvritti	ठस्येकः
7.3.52	7.3.53	anuvritti	चजोः कु घिण्ण्यतोः
7.3.52	7.3.54	anuvritti	चजोः कु घिण्ण्यतोः
7.3.52	7.3.59	anuvritti	चजोः कु घिण्ण्यतोः
7.3.54	7.3.55	anuvritti	हो हन्तेर्ञ्णिन्नेषु
7.3.55	7.3.56	anuvritti	अभ्यासाच्च
7.3.55	7.3.57	anuvritti	अभ्यासाच्च
7.3.57	7.3.58	anuvritti	सन्लिटोर्जेः
7.3.59	7.3.60	anuvritti	न क्वादेः
7.3.59	7.3.61	anuvritti	न क्वादेः
7.3.59	7.3.62	anuvritti	न क्वादेः
7.3.59	7.3.63	anuvritti	न क्वादेः
7.3.59	7.3.64	anuvritti	न क्वादेः
7.3.59	7.3.65	anuvritti	न क्वादेः
7.3.65	7.3.66	anuvritti	ण्य आवश्यके
7.3.65	7.3.67	anuvritti	ण्य आवश्यके
7.3.65	7.3.68	anuvritti	ण्य आवश्यके
7.3.65	7.3.69	anuvritti	ण्य आवश्यके
7.3.70	7.3.71	anuvritti	घोर्लोपो लेटि वा
7.3.70	7.3.72	anuvritti	घोर्लोपो लेटि वा
7.3.72	7.3.73	anuvritti	क्सस्याचि
7.3.74	7.3.75	anuvritti	शमामष्टानां दीर्घः श्यनि
7.3.75	7.3.76	anuvritti	ष्ठिवुक्लमुचमां शिति
7.3.75	7.3.77	anuvritti	ष्ठिवुक्लमुचमां शिति
7.3.75	7.3.78	anuvritti	ष्ठिवुक्लमुचमां शिति
7.3.75	7.3.79	anuvritti	ष्ठिवुक्लमुचमां शिति
7.3.75	7.3.80	anuvritti	ष्ठिवुक्लमुचमां शिति
7.3.75	7.3.82	anuvritti	ष्ठिवुक्लमुचमां शिति
7.3.80	7.3.81	anuvritti	प्वादीनां ह्रस्वः
7.3.82	7.3.83	anuvritti	मिदेर्गुणः
7.3.82	7.3.84	anuvritti	मिदेर्गुणः
7.3.84	7.3.85	anuvritti	सार्वधातुकार्धधातुकयोः
7.3.84	7.3.86	anuvritti	सार्वधातुकार्धधातुकयोः
7.3.86	7.3.87	anuvritti	पुगन्तलघूपधस्य च
7.3.87	7.3.88	anuvritti	नाभ्यस्तस्याचि पिति सार्वधातुके
7.3.87	7.3.89	anuvritti	नाभ्यस्तस्याचि पिति सार्वधातुके
7.3.87	7.3.101	anuvritti	नाभ्यस्तस्याचि पिति सार्वधातुके
7.3.89	7.3.90	anuvritti	उतो वृद्धिर्लुकि हलि
7.3.89	7.3.92	anuvritti	उतो वृद्धिर्लुकि हलि
7.3.89	7.3.93	anuvritti	उतो वृद्धिर्लुकि हलि
7.3.90	7.3.91	anuvritti	ऊर्णोतेर्विभाषा
7.3.93	7.3.94	anuvritti	ब्रुव ईट्
7.3.93	7.3.96	anuvritti	ब्रुव ईट्
7.3.94	7.3.95	anuvritti	यङो वा
7.3.96	7.3.97	anuvritti	अस्तिसिचोऽपृक्ते
7.3.96	7.3.98	anuvritti	अस्तिसिचोऽपृक्ते
7.3.96	7.3.100	anuvritti	अस्तिसिचोऽपृक्ते
7.3.98	7.3.99	anuvritti	रुदश्च पञ्चभ्यः
7.3.101	7.3.102	anuvritti	अतो दीर्घो यञि
7.3.102	7.3.103	anuvritti	सुपि च
7.3.103	7.3.104	anuvritti	बहुवचने झल्येत्
7.3.104	7.3.105	anuvritti	ओसि च
7.3.105	7.3.106	anuvritti	आङि चापः
7.3.106	7.3.107	anuvritti	सम्बुद्धौ च
7.3.106	7.3.108	anuvritti	सम्बुद्धौ च
7.3.108	7.3.109	anuvritti	ह्रस्वस्य गुणः
7.3.108	7.3.110	anuvritti	ह्रस्वस्य गुणः
7.3.108	7.3.111	anuvritti	ह्रस्वस्य गुणः
7.3.111	7.3.112	anuvritti	घेर्ङिति
7.3.111	7.3.113	anuvritti	घेर्ङिति
7.3.113	7.3.114	anuvritti	याडापः
7.3.114	7.3.115	anuvritti	सर्वनाम्नः स्याड्ढ्रस्वश्च
7.3.116	7.3.117	anuvritti	ङेराम्नद्याम्नीभ्यः
7.3.117	7.3.118	anuvritti	इदुद्भ्याम्
7.3.118	7.3.119	anuvritti	औत्
7.3.119	7.3.120	anuvritti	अच्च घेः
7.4.1	7.4.2	anuvritti	णौ चङ्युपधाया ह्रस्वः
7.4.1	7.4.3	anuvritti	णौ चङ्युपधाया ह्रस्वः
7.4.1	7.4.4	anuvritti	णौ चङ्युपधाया ह्रस्वः
7.4.1	7.4.5	anuvritti	णौ चङ्युपधाया ह्रस्वः
7.4.1	7.4.9	anuvritti	णौ चङ्युपधाया ह्रस्वः
7.4.5	7.4.6	anuvritti	तिष्ठतेरित्
7.4.6	7.4.7	anuvritti	जिघ्रतेर्वा
7.4.7	7.4.8	anuvritti	उर्ऋत्
7.4.9	7.4.10	anuvritti	दयतेर्दिगि लिटि
7.4.10	7.4.11	anuvritti	ऋतश्च संयोगादेर्गुणः
7.4.10	7.4.12	anuvritti	ऋतश्च संयोगादेर्गुणः
7.4.12	7.4.13	anuvritti	शॄदॄप्रां ह्रस्वो वा
7.4.12	7.4.14	anuvritti	शॄदॄप्रां ह्रस्वो वा
7.4.14	7.4.15	anuvritti	न कपि
7.4.16	7.4.17	anuvritti	ऋदृशोऽङि गुणः
7.4.16	7.4.18	anuvritti	ऋदृशोऽङि गुणः
7.4.16	7.4.19	anuvritti	ऋदृशोऽङि गुणः
7.4.16	7.4.20	anuvritti	ऋदृशोऽङि गुणः
7.4.21	7.4.22	anuvritti	शीङः सार्वधातुके गुणः
7.4.22	7.4.23	anuvritti	अयङ् यि क्ङिति
7.4.22	7.4.25	anuvritti	अयङ् यि क्ङिति
7.4.23	7.4.24	anuvritti	उपसर्गाद्ध्रस्व ऊहतेः
7.4.25	7.4.26	anuvritti	अकृत्सार्वधातुकयोर्दीर्घः
7.4.26	7.4.27	anuvritti	च्वौ च
7.4.27	7.4.28	anuvritti	रीङ् ऋतः
7.4.28	7.4.29	anuvritti	रिङ् शयग्लिङ्क्षु
7.4.29	7.4.30	anuvritti	गुणोऽर्तिसंयोगाद्योः
7.4.30	7.4.31	anuvritti	यङि च
7.4.31	7.4.32	anuvritti	ई घ्राध्मोः
7.4.32	7.4.33	anuvritti	अस्य च्वौ
7.4.33	7.4.34	anuvritti	क्यचि च
7.4.33	7.4.35	anuvritti	क्यचि च
7.4.35	7.4.36	anuvritti	न च्छन्दस्यपुत्रस्य
7.4.35	7.4.37	anuvritti	न च्छन्दस्यपुत्रस्य
7.4.35	7.4.39	anuvritti	न च्छन्दस्यपुत्रस्य
7.4.37	7.4.38	anuvritti	अश्वाघस्यात्
7.4.40	7.4.41	anuvritti	द्यतिस्यतिमास्थामित्ति किति
7.4.40	7.4.42	anuvritti	द्यतिस्यतिमास्थामित्ति किति
7.4.40	7.4.46	anuvritti	द्यतिस्यतिमास्थामित्ति किति
7.4.42	7.4.43	anuvritti	दधातेर्हिः
7.4.43	7.4.44	anuvritti	जहातेश्च क्त्वि
7.4.44	7.4.45	anuvritti	विभाषा छन्दसि
7.4.46	7.4.47	anuvritti	दो दद् घोः
7.4.47	7.4.48	anuvritti	अच उपसर्गात्तः
7.4.47	7.4.49	anuvritti	अच उपसर्गात्तः
7.4.49	7.4.50	anuvritti	सः स्यार्द्धधातुके
7.4.49	7.4.54	anuvritti	सः स्यार्द्धधातुके
7.4.50	7.4.51	anuvritti	तासस्त्योर्लोपः
7.4.50	7.4.52	anuvritti	तासस्त्योर्लोपः
7.4.50	7.4.53	anuvritti	तासस्त्योर्लोपः
7.4.54	7.4.55	anuvritti	सनि मीमाघुरभलभशकपतपदामच इस्
7.4.54	7.4.57	anuvritti	सनि मीमाघुरभलभशकपतपदामच इस्
7.4.55	7.4.56	anuvritti	आप्ज्ञप्यृधामीत्
7.4.58	7.4.59	adhikara+anuvritti	अत्र लोपोऽभ्यासस्य
7.4.58	7.4.60	anuvritti	अत्र लोपोऽभ्यासस्य
7.4.58	7.4.62	adhikara+anuvritti	अत्र लोपोऽभ्यासस्य
7.4.58	7.4.66	adhikara+anuvritti	अत्र लोपोऽभ्यासस्य
7.4.58	7.4.67	adhikara+anuvritti	अत्र लोपोऽभ्यासस्य
7.4.58	7.4.75	adhikara+anuvritti	अत्र लोपोऽभ्यासस्य
7.4.58	7.4.82	adhikara+anuvritti	अत्र लोपोऽभ्यासस्य
7.4.58	7.4.93	adhikara+anuvritti	अत्र लोपोऽभ्यासस्य
7.4.60	7.4.61	anuvritti	हलादिः शेषः
7.4.62	7.4.63	anuvritti	कुहोश्चुः
7.4.63	7.4.64	anuvritti	न कवतेर्यङि
7.4.64	7.4.65	anuvritti	कृषेश्छन्दसि
7.4.67	7.4.68	anuvritti	द्युतिस्वाप्योः सम्प्रसारणम्
7.4.68	7.4.69	anuvritti	व्यथो लिटि
7.4.68	7.4.71	anuvritti	व्यथो लिटि
7.4.68	7.4.73	anuvritti	व्यथो लिटि
7.4.69	7.4.70	anuvritti	दीर्घ इणः किति
7.4.71	7.4.72	anuvritti	तस्मान्नुड् द्विहलः
7.4.73	7.4.74	anuvritti	भवतेरः
7.4.75	7.4.76	anuvritti	निजां त्रयाणां गुणः श्लौ
7.4.76	7.4.77	anuvritti	भृञामित्
7.4.76	7.4.78	anuvritti	भृञामित्
7.4.76	7.4.79	anuvritti	भृञामित्
7.4.79	7.4.80	anuvritti	सन्यतः
7.4.80	7.4.81	anuvritti	ओः पुयण्ज्यपरे
7.4.82	7.4.83	anuvritti	गुणो यङ्लुकोः
7.4.82	7.4.84	anuvritti	गुणो यङ्लुकोः
7.4.82	7.4.85	anuvritti	गुणो यङ्लुकोः
7.4.82	7.4.88	anuvritti	गुणो यङ्लुकोः
7.4.82	7.4.90	anuvritti	गुणो यङ्लुकोः
7.4.85	7.4.86	anuvritti	नुगतोऽनुनासिकान्तस्य
7.4.85	7.4.87	anuvritti	नुगतोऽनुनासिकान्तस्य
7.4.88	7.4.89	anuvritti	उत् परस्यातः
7.4.90	7.4.91	anuvritti	रीगृदुपधस्य च
7.4.91	7.4.92	anuvritti	रुग्रिकौ च लुकि
7.4.93	7.4.94	anuvritti	सन्वल्लघुनि चङ्परेऽनग्लोपे
7.4.93	7.4.95	anuvritti	सन्वल्लघुनि चङ्परेऽनग्लोपे
7.4.95	7.4.96	anuvritti	अत् स्मृदॄत्वरप्रथम्रदस्तॄस्पशाम्
7.4.95	7.4.97	anuvritti	अत् स्मृदॄत्वरप्रथम्रदस्तॄस्पशाम्
8.1.1	8.1.2	adhikara	सर्वस्य द्वे
8.1.1	8.1.4	adhikara	सर्वस्य द्वे
8.1.1	8.1.5	adhikara	सर्वस्य द्वे
8.1.1	8.1.6	adhikara	सर्वस्य द्वे
8.1.1	8.1.7	adhikara	सर्वस्य द्वे
8.1.1	8.1.8	adhikara	सर्वस्य द्वे
8.1.1	8.1.9	adhikara	सर्वस्य द्वे
8.1.1	8.1.11	adhikara	सर्वस्य द्वे
8.1.2	8.1.3	anuvritti	तस्य परमाम्रेडितम्
8.1.9	8.1.10	anuvritti	एकं बहुव्रीहिवत्
8.1.11	8.1.12	anuvritti	कर्मधारयवत् उत्तरेषु
8.1.11	8.1.13	anuvritti	कर्मधारयवत् उत्तरेषु
8.1.11	8.1.14	anuvritti	कर्मधारयवत् उत्तरेषु
8.1.11	8.1.15	anuvritti	कर्मधारयवत् उत्तरेषु
8.1.16	8.1.17	adhikara	पदस्य
8.1.16	8.2.1	adhikara	पदस्य
8.1.17	8.1.18	adhikara	पदात्
8.1.18	8.1.19	adhikara	अनुदात्तं सर्वमपादादौ
8.1.18	8.1.20	adhikara	अनुदात्तं सर्वमपादादौ
8.1.18	8.1.27	adhikara	अनुदात्तं सर्वमपादादौ
8.1.18	8.1.28	adhikara	अनुदात्तं सर्वमपादादौ
8.1.18	8.1.70	adhikara	अनुदात्तं सर्वमपादादौ
8.1.18	8.1.72	adhikara	अनुदात्तं सर्वमपादादौ
8.1.20	8.1.21	anuvritti	युष्मदस्मदोः षष्ठीचतुर्थीद्वितीयास्थयोर्वान्नावौ
8.1.20	8.1.22	anuvritti	युष्मदस्मदोः षष्ठीचतुर्थीद्वितीयास्थयोर्वान्नावौ
8.1.20	8.1.24	anuvritti	युष्मदस्मदोः षष्ठीचतुर्थीद्वितीयास्थयोर्वान्नावौ
8.1.22	8.1.23	anuvritti	तेमयावेकवचनस्य
8.1.24	8.1.25	anuvritti	न चवाहाहैवयुक्ते
8.1.24	8.1.26	anuvritti	न चवाहाहैवयुक्ते
8.1.28	8.1.29	anuvritti	तिङ्ङतिङः
8.1.29	8.1.30	anuvritti	न लुट्
8.1.29	8.1.31	anuvritti	न लुट्
8.1.29	8.1.32	anuvritti	न लुट्
8.1.29	8.1.33	anuvritti	न लुट्
8.1.29	8.1.36	anuvritti	न लुट्
8.1.29	8.1.39	anuvritti	न लुट्
8.1.29	8.1.43	anuvritti	न लुट्
8.1.29	8.1.44	anuvritti	न लुट्
8.1.29	8.1.46	anuvritti	न लुट्
8.1.29	8.1.47	anuvritti	न लुट्
8.1.29	8.1.51	anuvritti	न लुट्
8.1.29	8.1.55	anuvritti	न लुट्
8.1.29	8.1.56	anuvritti	न लुट्
8.1.29	8.1.57	anuvritti	न लुट्
8.1.29	8.1.59	anuvritti	न लुट्
8.1.33	8.1.34	anuvritti	अङ्गाप्रातिलोम्ये
8.1.34	8.1.35	anuvritti	हि च
8.1.36	8.1.37	anuvritti	यावद्यथाभ्याम्
8.1.37	8.1.38	anuvritti	पूजायां नानन्तरम्
8.1.39	8.1.40	anuvritti	तुपश्यपश्यताहैः पूजायाम्
8.1.40	8.1.41	anuvritti	अहो च
8.1.41	8.1.42	anuvritti	शेषे विभाषा
8.1.44	8.1.45	anuvritti	किं क्रियाप्रश्नेऽनुपसर्गमप्रतिषिद्धम्
8.1.47	8.1.48	anuvritti	जात्वपूर्वम्
8.1.47	8.1.49	anuvritti	जात्वपूर्वम्
8.1.49	8.1.50	anuvritti	आहो उताहो चानन्तरम्
8.1.51	8.1.52	anuvritti	गत्यर्थलोटा लृण्न चेत् कारकं सर्वान्यत्
8.1.52	8.1.53	anuvritti	लोट् च
8.1.53	8.1.54	anuvritti	विभाषितं सोपसर्गमनुत्तमम्
8.1.57	8.1.58	anuvritti	चनचिदिवगोत्रादितद्धिताम्रेडितेष्वगतेः
8.1.59	8.1.60	anuvritti	चवायोगे प्रथमा
8.1.60	8.1.61	anuvritti	हेति क्षियायाम्
8.1.60	8.1.62	anuvritti	हेति क्षियायाम्
8.1.60	8.1.63	anuvritti	हेति क्षियायाम्
8.1.60	8.1.66	anuvritti	हेति क्षियायाम्
8.1.60	8.1.67	anuvritti	हेति क्षियायाम्
8.1.63	8.1.64	anuvritti	चादिलोपे विभाषा
8.1.64	8.1.65	anuvritti	वैवावेति च च्छन्दसि
8.1.67	8.1.68	anuvritti	पूजनात् पूजितमनुदात्तं काष्ठादिभ्यः
8.1.68	8.1.69	anuvritti	सगतिरपि तिङ्
8.1.70	8.1.71	anuvritti	गतिर्गतौ
8.1.72	8.1.73	anuvritti	आमन्त्रितं पूर्वमविद्यमानवत्
8.1.73	8.1.74	anuvritti	नामन्त्रिते समानाधिकरणे सामान्यवचनम्
8.2.1	8.2.2	adhikara	पूर्वत्रासिद्धम्
8.2.1	8.2.3	adhikara	पूर्वत्रासिद्धम्
8.2.1	8.2.4	adhikara	पूर्वत्रासिद्धम्
8.2.1	8.2.7	adhikara	पूर्वत्रासिद्धम्
8.2.1	8.2.9	adhikara	पूर्वत्रासिद्धम्
8.2.1	8.2.18	adhikara	पूर्वत्रासिद्धम्
8.2.1	8.2.23	adhikara	पूर्वत्रासिद्धम्
8.2.1	8.2.39	adhikara	पूर्वत्रासिद्धम्
8.2.1	8.2.40	adhikara	पूर्वत्रासिद्धम्
8.2.1	8.2.41	adhikara	पूर्वत्रासिद्धम्
8.2.1	8.2.42	adhikara	पूर्वत्रासिद्धम्
8.2.1	8.2.62	adhikara	पूर्वत्रासिद्धम्
8.2.1	8.2.64	adhikara	पूर्वत्रासिद्धम्
8.2.1	8.2.66	adhikara	पूर्वत्रासिद्धम्
8.2.1	8.2.67	adhikara	पूर्वत्रासिद्धम्
8.2.1	8.2.68	adhikara	पूर्वत्रासिद्धम्
8.2.1	8.2.80	adhikara	पूर्वत्रासिद्धम्
8.2.1	8.2.82	adhikara	पूर्वत्रासिद्धम्
8.2.1	8.2.108	adhikara	पूर्वत्रासिद्धम्
8.2.4	8.2.5	anuvritti	उदात्तस्वरितयोर्यणः स्वरितोऽनुदात्तस्य
8.2.5	8.2.6	anuvritti	एकादेश उदात्तेनोदात्तः
8.2.7	8.2.8	anuvritti	नलोपः प्रातिपदिकान्तस्य
8.2.9	8.2.10	anuvritti	मादुपधायाश्च मतोर्वोऽयवादिभ्यः
8.2.9	8.2.11	anuvritti	मादुपधायाश्च मतोर्वोऽयवादिभ्यः
8.2.11	8.2.12	anuvritti	संज्ञायाम्
8.2.11	8.2.13	anuvritti	संज्ञायाम्
8.2.11	8.2.14	anuvritti	संज्ञायाम्
8.2.11	8.2.15	anuvritti	संज्ञायाम्
8.2.15	8.2.16	anuvritti	छन्दसीरः
8.2.16	8.2.17	anuvritti	अनो नुट्
8.2.18	8.2.19	anuvritti	कृपो रो लः
8.2.18	8.2.20	anuvritti	कृपो रो लः
8.2.20	8.2.21	anuvritti	ग्रो यङि
8.2.21	8.2.22	anuvritti	अचि विभाषा
8.2.23	8.2.24	anuvritti	संयोगान्तस्य लोपः
8.2.24	8.2.25	anuvritti	रात्सस्य
8.2.24	8.2.26	anuvritti	रात्सस्य
8.2.26	8.2.27	anuvritti	झलो झलि
8.2.26	8.2.28	anuvritti	झलो झलि
8.2.26	8.2.29	anuvritti	झलो झलि
8.2.29	8.2.30	anuvritti	स्कोः संयोगाद्योरन्ते च
8.2.29	8.2.31	anuvritti	स्कोः संयोगाद्योरन्ते च
8.2.31	8.2.32	anuvritti	हो ढः
8.2.32	8.2.33	anuvritti	दादेर्धातोर्घः
8.2.32	8.2.34	anuvritti	दादेर्धातोर्घः
8.2.32	8.2.35	anuvritti	दादेर्धातोर्घः
8.2.32	8.2.36	anuvritti	दादेर्धातोर्घः
8.2.32	8.2.37	anuvritti	दादेर्धातोर्घः
8.2.37	8.2.38	anuvritti	एकाचो बशो भष् झषन्तस्य स्ध्वोः
8.2.42	8.2.43	anuvritti	रदाभ्यां निष्ठातो नः पूर्वस्य च दः
8.2.42	8.2.44	anuvritti	रदाभ्यां निष्ठातो नः पूर्वस्य च दः
8.2.42	8.2.45	anuvritti	रदाभ्यां निष्ठातो नः पूर्वस्य च दः
8.2.42	8.2.46	anuvritti	रदाभ्यां निष्ठातो नः पूर्वस्य च दः
8.2.42	8.2.47	anuvritti	रदाभ्यां निष्ठातो नः पूर्वस्य च दः
8.2.42	8.2.48	anuvritti	रदाभ्यां निष्ठातो नः पूर्वस्य च दः
8.2.42	8.2.49	anuvritti	रदाभ्यां निष्ठातो नः पूर्वस्य च दः
8.2.42	8.2.50	anuvritti	रदाभ्यां निष्ठातो नः पूर्वस्य च दः
8.2.42	8.2.51	anuvritti	रदाभ्यां निष्ठातो नः पूर्वस्य च दः
8.2.42	8.2.52	anuvritti	रदाभ्यां निष्ठातो नः पूर्वस्य च दः
8.2.42	8.2.53	anuvritti	रदाभ्यां निष्ठातो नः पूर्वस्य च दः
8.2.42	8.2.55	anuvritti	रदाभ्यां निष्ठातो नः पूर्वस्य च दः
8.2.42	8.2.56	anuvritti	रदाभ्यां निष्ठातो नः पूर्वस्य च दः
8.2.42	8.2.57	anuvritti	रदाभ्यां निष्ठातो नः पूर्वस्य च दः
8.2.53	8.2.54	anuvritti	क्षायो मः
8.2.57	8.2.58	anuvritti	न ध्याख्यापॄमूर्छिमदाम्
8.2.57	8.2.59	anuvritti	न ध्याख्यापॄमूर्छिमदाम्
8.2.57	8.2.60	anuvritti	न ध्याख्यापॄमूर्छिमदाम्
8.2.57	8.2.61	anuvritti	न ध्याख्यापॄमूर्छिमदाम्
8.2.62	8.2.63	anuvritti	क्विन्प्रत्ययस्य कुः
8.2.64	8.2.65	anuvritti	मो नो धातोः
8.2.66	8.2.72	anuvritti	ससजुषो रुः
8.2.68	8.2.69	anuvritti	अहन्
8.2.69	8.2.70	anuvritti	रोऽसुपि
8.2.70	8.2.71	anuvritti	अम्नरूधरवरित्युभयथा छन्दसि
8.2.72	8.2.73	anuvritti	वसुस्रंसुध्वंस्वनडुहां दः
8.2.72	8.2.74	anuvritti	वसुस्रंसुध्वंस्वनडुहां दः
8.2.74	8.2.75	anuvritti	सिपि धातो रुर्वा
8.2.74	8.2.76	anuvritti	सिपि धातो रुर्वा
8.2.76	8.2.77	anuvritti	र्वोरुपधाया दीर्घ इकः
8.2.76	8.2.79	anuvritti	र्वोरुपधाया दीर्घ इकः
8.2.77	8.2.78	anuvritti	हलि च
8.2.80	8.2.81	anuvritti	अदसोऽसेर्दादु दो मः
8.2.82	8.2.83	adhikara	वाक्यस्य टेः प्लुत उदात्तः
8.2.82	8.2.84	adhikara	वाक्यस्य टेः प्लुत उदात्तः
8.2.82	8.2.87	adhikara	वाक्यस्य टेः प्लुत उदात्तः
8.2.82	8.2.88	adhikara	वाक्यस्य टेः प्लुत उदात्तः
8.2.82	8.2.93	adhikara	वाक्यस्य टेः प्लुत उदात्तः
8.2.82	8.2.95	adhikara	वाक्यस्य टेः प्लुत उदात्तः
8.2.82	8.2.97	adhikara	वाक्यस्य टेः प्लुत उदात्तः
8.2.82	8.2.99	adhikara	वाक्यस्य टेः प्लुत उदात्तः
8.2.82	8.2.100	adhikara	वाक्यस्य टेः प्लुत उदात्तः
8.2.82	8.2.103	adhikara	वाक्यस्य टेः प्लुत उदात्तः
8.2.82	8.2.106	adhikara	वाक्यस्य टेः प्लुत उदात्तः
8.2.82	8.2.107	adhikara	वाक्यस्य टेः प्लुत उदात्तः
8.2.84	8.2.85	anuvritti	दूराद्धूते च
8.2.84	8.2.86	anuvritti	दूराद्धूते च
8.2.88	8.2.89	anuvritti	ये यज्ञकर्मणि
8.2.88	8.2.91	anuvritti	ये यज्ञकर्मणि
8.2.89	8.2.90	anuvritti	प्रणवष्टेः
8.2.91	8.2.92	anuvritti	ब्रूहिप्रेष्यश्रौषड्वौषडावहानामादेः
8.2.93	8.2.94	anuvritti	विभाषा पृष्टप्रतिवचने हेः
8.2.95	8.2.96	anuvritti	आम्रेडितं भर्त्सने
8.2.97	8.2.98	anuvritti	विचार्यमाणानाम्
8.2.100	8.2.101	anuvritti	अनुदात्तं प्रश्नान्ताभिपूजितयोः
8.2.100	8.2.102	anuvritti	अनुदात्तं प्रश्नान्ताभिपूजितयोः
8.2.103	8.2.104	anuvritti	स्वरितमाम्रेडितेऽसूयासम्मतिकोपकुत्सनेषु
8.2.103	8.2.105	anuvritti	स्वरितमाम्रेडितेऽसूयासम्मतिकोपकुत्सनेषु
8.2.108	8.3.1	adhikara	तयोर्य्वावचि संहितायाम्
8.2.108	8.3.13	adhikara	तयोर्य्वावचि संहितायाम्
8.2.108	8.3.25	adhikara	तयोर्य्वावचि संहितायाम्
8.2.108	8.3.32	adhikara	तयोर्य्वावचि संहितायाम्
8.2.108	8.3.55	adhikara	तयोर्य्वावचि संहितायाम्
8.2.108	8.4.1	adhikara	तयोर्य्वावचि संहितायाम्
8.2.108	8.4.40	adhikara	तयोर्य्वावचि संहितायाम्
8.2.108	8.4.53	adhikara	तयोर्य्वावचि संहितायाम्
8.2.108	8.4.58	adhikara	तयोर्य्वावचि संहितायाम्
8.2.108	8.4.66	adhikara	तयोर्य्वावचि संहितायाम्
8.2.108	8.4.68	adhikara	तयोर्य्वावचि संहितायाम्
8.3.1	8.3.2	anuvritti	मतुवसो रु सम्बुद्धौ छन्दसि
8.3.2	8.3.3	adhikara	अत्रानुनासिकः पूर्वस्य तु वा
8.3.2	8.3.4	adhikara	अत्रानुनासिकः पूर्वस्य तु वा
8.3.2	8.3.5	adhikara	अत्रानुनासिकः पूर्वस्य तु वा
8.3.2	8.3.6	adhikara	अत्रानुनासिकः पूर्वस्य तु वा
8.3.6	8.3.7	anuvritti	पुमः खय्यम्परे
8.3.7	8.3.8	anuvritti	नश्छव्यप्रशान्
8.3.7	8.3.9	anuvritti	नश्छव्यप्रशान्
8.3.7	8.3.10	anuvritti	नश्छव्यप्रशान्
8.3.7	8.3.11	anuvritti	नश्छव्यप्रशान्
8.3.7	8.3.12	anuvritti	नश्छव्यप्रशान्
8.3.13	8.3.14	anuvritti	ढो ढे लोपः
8.3.14	8.3.15	anuvritti	रो रि
8.3.15	8.3.16	anuvritti	खरवसानयोर्विसर्जनीयः
8.3.15	8.3.34	anuvritti	खरवसानयोर्विसर्जनीयः
8.3.16	8.3.17	anuvritti	रोः सुपि
8.3.17	8.3.18	anuvritti	भोभगोअघोअपूर्वस्य योऽशि
8.3.18	8.3.19	anuvritti	व्योर्लघुप्रयत्नतरः शाकटायनस्य
8.3.19	8.3.20	anuvritti	लोपः शाकल्यस्य
8.3.19	8.3.21	anuvritti	लोपः शाकल्यस्य
8.3.19	8.3.22	anuvritti	लोपः शाकल्यस्य
8.3.22	8.3.23	anuvritti	हलि सर्वेषाम्
8.3.23	8.3.24	anuvritti	मोऽनुस्वारः
8.3.25	8.3.26	anuvritti	मो राजि समः क्वौ
8.3.26	8.3.27	anuvritti	हे मपरे वा
8.3.26	8.3.28	anuvritti	हे मपरे वा
8.3.28	8.3.29	anuvritti	ङ्णोः कुक्टुक् शरि
8.3.29	8.3.30	anuvritti	डः सि धुट्
8.3.30	8.3.31	anuvritti	नश्च
8.3.32	8.3.33	anuvritti	ङमो ह्रस्वादचि ङमुण्नित्यम्
8.3.34	8.3.35	anuvritti	विसर्जनीयस्य सः
8.3.34	8.3.37	anuvritti	विसर्जनीयस्य सः
8.3.35	8.3.36	anuvritti	शर्परे विसर्जनीयः
8.3.37	8.3.38	anuvritti	कुप्वोः ≍क≍पौ च
8.3.38	8.3.39	anuvritti	सोऽपदादौ
8.3.39	8.3.40	anuvritti	इणः षः
8.3.39	8.3.41	anuvritti	इणः षः
8.3.39	8.3.42	anuvritti	इणः षः
8.3.42	8.3.43	anuvritti	तिरसोऽन्यतरस्याम्
8.3.42	8.3.44	anuvritti	तिरसोऽन्यतरस्याम्
8.3.44	8.3.45	anuvritti	इसुसोः सामर्थ्ये
8.3.45	8.3.46	anuvritti	नित्यं समासेऽनुत्तरपदस्थस्य
8.3.45	8.3.47	anuvritti	नित्यं समासेऽनुत्तरपदस्थस्य
8.3.45	8.3.48	anuvritti	नित्यं समासेऽनुत्तरपदस्थस्य
8.3.45	8.3.49	anuvritti	नित्यं समासेऽनुत्तरपदस्थस्य
8.3.49	8.3.50	anuvritti	छन्दसि वाऽप्राम्रेडितयोः
8.3.49	8.3.51	anuvritti	छन्दसि वाऽप्राम्रेडितयोः
8.3.49	8.3.53	anuvritti	छन्दसि वाऽप्राम्रेडितयोः
8.3.51	8.3.52	anuvritti	पञ्चम्याः परावध्यर्थे
8.3.53	8.3.54	anuvritti	षष्ठ्याः पतिपुत्रपृष्ठपारपदपयस्पोषेषु
8.3.55	8.3.56	adhikara	अपदान्तस्य मूर्धन्यः
8.3.56	8.3.57	anuvritti	सहेः साडः सः
8.3.57	8.3.58	adhikara	इण्कोः
8.3.57	8.3.60	adhikara	इण्कोः
8.3.57	8.3.61	adhikara	इण्कोः
8.3.57	8.3.63	adhikara	इण्कोः
8.3.57	8.3.78	adhikara	इण्कोः
8.3.57	8.3.80	adhikara	इण्कोः
8.3.57	8.3.87	adhikara	इण्कोः
8.3.57	8.3.88	adhikara	इण्कोः
8.3.57	8.3.89	adhikara	इण्कोः
8.3.57	8.3.90	adhikara	इण्कोः
8.3.57	8.3.91	adhikara	इण्कोः
8.3.57	8.3.92	adhikara	इण्कोः
8.3.57	8.3.93	adhikara	इण्कोः
8.3.57	8.3.95	adhikara	इण्कोः
8.3.57	8.3.96	adhikara	इण्कोः
8.3.57	8.3.97	adhikara	इण्कोः
8.3.57	8.3.98	adhikara	इण्कोः
8.3.57	8.3.99	adhikara	इण्कोः
8.3.57	8.3.101	adhikara	इण्कोः
8.3.57	8.3.110	adhikara	इण्कोः
8.3.58	8.3.59	anuvritti	नुम्विसर्जनीयशर्व्यवायेऽपि
8.3.61	8.3.62	anuvritti	स्तौतिण्योरेव षण्यभ्यासात्
8.3.63	8.3.64	anuvritti	प्राक्सितादड्व्यवायेऽपि
8.3.64	8.3.65	anuvritti	स्थाऽऽदिष्वभ्यासेन चाभ्यासस्य
8.3.65	8.3.66	anuvritti	उपसर्गात् सुनोतिसुवतिस्यतिस्तौतिस्तोभतिस्थासेनयसेधसिचसञ्जस्वञ्जाम्
8.3.65	8.3.67	anuvritti	उपसर्गात् सुनोतिसुवतिस्यतिस्तौतिस्तोभतिस्थासेनयसेधसिचसञ्जस्वञ्जाम्
8.3.65	8.3.70	anuvritti	उपसर्गात् सुनोतिसुवतिस्यतिस्तौतिस्तोभतिस्थासेनयसेधसिचसञ्जस्वञ्जाम्
8.3.65	8.3.77	anuvritti	उपसर्गात् सुनोतिसुवतिस्यतिस्तौतिस्तोभतिस्थासेनयसेधसिचसञ्जस्वञ्जाम्
8.3.67	8.3.68	anuvritti	स्तम्भेः
8.3.68	8.3.69	anuvritti	अवाच्चालम्बनाविदूर्ययोः
8.3.70	8.3.71	anuvritti	परिनिविभ्यः सेवसितसयसिवुसहसुट्स्तुस्वञ्जाम्
8.3.71	8.3.72	anuvritti	सिवादीनां वाऽड्व्यवायेऽपि
8.3.71	8.3.73	anuvritti	सिवादीनां वाऽड्व्यवायेऽपि
8.3.71	8.3.76	anuvritti	सिवादीनां वाऽड्व्यवायेऽपि
8.3.73	8.3.74	anuvritti	वेः स्कन्देरनिष्ठायाम्
8.3.73	8.3.75	anuvritti	वेः स्कन्देरनिष्ठायाम्
8.3.78	8.3.79	anuvritti	इणः षीध्वंलुङ्लिटां धोऽङ्गात्
8.3.80	8.3.81	anuvritti	समासेऽङ्गुलेः सङ्गः
8.3.80	8.3.82	anuvritti	समासेऽङ्गुलेः सङ्गः
8.3.80	8.3.83	anuvritti	समासेऽङ्गुलेः सङ्गः
8.3.80	8.3.84	anuvritti	समासेऽङ्गुलेः सङ्गः
8.3.84	8.3.85	anuvritti	मातृपितृभ्यां स्वसा
8.3.85	8.3.86	anuvritti	मातुःपितुर्भ्यामन्यतरस्याम्
8.3.93	8.3.94	anuvritti	वृक्षासनयोर्विष्टरः
8.3.99	8.3.100	anuvritti	एति संज्ञायामगात्
8.3.101	8.3.102	anuvritti	ह्रस्वात् तादौ तद्धिते
8.3.101	8.3.103	anuvritti	ह्रस्वात् तादौ तद्धिते
8.3.103	8.3.104	anuvritti	युष्मत्तत्ततक्षुःष्वन्तःपादम्
8.3.104	8.3.105	anuvritti	यजुष्येकेषाम्
8.3.105	8.3.106	anuvritti	स्तुतस्तोमयोश्छन्दसि
8.3.106	8.3.107	anuvritti	पूर्वपदात्
8.3.106	8.3.108	anuvritti	पूर्वपदात्
8.3.106	8.3.109	anuvritti	पूर्वपदात्
8.3.110	8.3.111	anuvritti	न रपरसृपिसृजिस्पृशिस्पृहिसवनादीनाम्
8.3.110	8.3.112	anuvritti	न रपरसृपिसृजिस्पृशिस्पृहिसवनादीनाम्
8.3.110	8.3.113	anuvritti	न रपरसृपिसृजिस्पृशिस्पृहिसवनादीनाम्
8.3.110	8.3.114	anuvritti	न रपरसृपिसृजिस्पृशिस्पृहिसवनादीनाम्
8.3.110	8.3.115	anuvritti	न रपरसृपिसृजिस्पृशिस्पृहिसवनादीनाम्
8.3.110	8.3.116	anuvritti	न रपरसृपिसृजिस्पृशिस्पृहिसवनादीनाम्
8.3.110	8.3.117	anuvritti	न रपरसृपिसृजिस्पृशिस्पृहिसवनादीनाम्
8.3.110	8.3.118	anuvritti	न रपरसृपिसृजिस्पृशिस्पृहिसवनादीनाम्
8.3.110	8.3.119	anuvritti	न रपरसृपिसृजिस्पृशिस्पृहिसवनादीनाम्
8.4.1	8.4.2	anuvritti	रषाभ्यां नो णः समानपदे
8.4.1	8.4.3	anuvritti	रषाभ्यां नो णः समानपदे
8.4.1	8.4.14	anuvritti	रषाभ्यां नो णः समानपदे
8.4.1	8.4.24	anuvritti	रषाभ्यां नो णः समानपदे
8.4.1	8.4.26	anuvritti	रषाभ्यां नो णः समानपदे
8.4.3	8.4.4	anuvritti	पूर्वपदात् संज्ञायामगः
8.4.3	8.4.7	anuvritti	पूर्वपदात् संज्ञायामगः
8.4.3	8.4.8	anuvritti	पूर्वपदात् संज्ञायामगः
8.4.3	8.4.9	anuvritti	पूर्वपदात् संज्ञायामगः
8.4.4	8.4.5	anuvritti	वनं पुरगामिश्रकासिध्रकाशारिकाकोटराऽग्रेभ्यः
8.4.4	8.4.6	anuvritti	वनं पुरगामिश्रकासिध्रकाशारिकाकोटराऽग्रेभ्यः
8.4.9	8.4.10	anuvritti	पानं देशे
8.4.10	8.4.11	anuvritti	वा भावकरणयोः
8.4.11	8.4.12	anuvritti	प्रातिपदिकान्तनुम्विभक्तिषु च
8.4.11	8.4.13	anuvritti	प्रातिपदिकान्तनुम्विभक्तिषु च
8.4.14	8.4.15	anuvritti	उपसर्गादसमासेऽपि णोपदेशस्य
8.4.14	8.4.16	anuvritti	उपसर्गादसमासेऽपि णोपदेशस्य
8.4.14	8.4.17	anuvritti	उपसर्गादसमासेऽपि णोपदेशस्य
8.4.14	8.4.19	anuvritti	उपसर्गादसमासेऽपि णोपदेशस्य
8.4.14	8.4.22	anuvritti	उपसर्गादसमासेऽपि णोपदेशस्य
8.4.17	8.4.18	anuvritti	नेर्गदनदपतपदघुमास्यतिहन्तियातिवातिद्रातिप्सातिवपतिवहतिशाम्यतिचिनोतिदेग्धिषु च
8.4.19	8.4.20	anuvritti	अनितेः
8.4.19	8.4.21	anuvritti	अनितेः
8.4.22	8.4.23	anuvritti	हन्तेरत्पूर्वस्य
8.4.24	8.4.25	anuvritti	अन्तरदेशे
8.4.26	8.4.27	anuvritti	छन्दस्यृदवग्रहात्
8.4.27	8.4.28	anuvritti	नश्च धातुस्थोरुषुभ्यः
8.4.28	8.4.29	anuvritti	उपसर्गाद् बहुलम्
8.4.29	8.4.30	anuvritti	कृत्यचः
8.4.29	8.4.33	anuvritti	कृत्यचः
8.4.29	8.4.34	anuvritti	कृत्यचः
8.4.30	8.4.31	anuvritti	णेर्विभाषा
8.4.31	8.4.32	anuvritti	हलश्च इजुपधात्
8.4.34	8.4.35	anuvritti	न भाभूपूकमिगमिप्यायीवेपाम्
8.4.34	8.4.36	anuvritti	न भाभूपूकमिगमिप्यायीवेपाम्
8.4.34	8.4.37	anuvritti	न भाभूपूकमिगमिप्यायीवेपाम्
8.4.34	8.4.38	anuvritti	न भाभूपूकमिगमिप्यायीवेपाम्
8.4.34	8.4.39	anuvritti	न भाभूपूकमिगमिप्यायीवेपाम्
8.4.40	8.4.41	anuvritti	स्तोः श्चुना श्चुः
8.4.41	8.4.42	anuvritti	ष्टुना ष्टुः
8.4.42	8.4.43	anuvritti	न पदान्ताट्टोरनाम्
8.4.42	8.4.45	anuvritti	न पदान्ताट्टोरनाम्
8.4.43	8.4.44	anuvritti	तोः षि
8.4.45	8.4.46	anuvritti	यरोऽनुनासिकेऽनुनासिको वा
8.4.46	8.4.47	anuvritti	अचो रहाभ्यां द्वे
8.4.46	8.4.48	anuvritti	अचो रहाभ्यां द्वे
8.4.48	8.4.49	anuvritti	नादिन्याक्रोशे पुत्रस्य
8.4.48	8.4.50	anuvritti	नादिन्याक्रोशे पुत्रस्य
8.4.48	8.4.51	anuvritti	नादिन्याक्रोशे पुत्रस्य
8.4.48	8.4.52	anuvritti	नादिन्याक्रोशे पुत्रस्य
8.4.53	8.4.54	anuvritti	झलां जश् झशि
8.4.54	8.4.55	anuvritti	अभ्यासे चर्च
8.4.54	8.4.56	anuvritti	अभ्यासे चर्च
8.4.56	8.4.57	anuvritti	वाऽवसाने
8.4.58	8.4.59	anuvritti	अनुस्वारस्य ययि परसवर्णः
8.4.58	8.4.60	anuvritti	अनुस्वारस्य ययि परसवर्णः
8.4.58	8.4.61	anuvritti	अनुस्वारस्य ययि परसवर्णः
8.4.61	8.4.62	anuvritti	उदः स्थास्तम्भोः पूर्वस्य
8.4.62	8.4.63	anuvritti	झयो होऽन्यतरस्याम्
8.4.62	8.4.64	anuvritti	झयो होऽन्यतरस्याम्
8.4.64	8.4.65	anuvritti	हलो यमां यमि लोपः
8.4.66	8.4.67	anuvritti	उदात्तादनुदात्तस्य स्वरितः
