seq	layer	ref	devanagari	roman
1	1	1.1.1	वृद्धिरादैच्	vruddhiraadaich
2	1	1.1.2	अदेङ् गुणः	adengunah
3	1	1.1.7	हलोऽनन्तराः संयोगः	halonantaraasamyogah
4	1	1.1.8	मुखनासिकावचनोऽनुनासिकः	mukhanaasikaavachanonunaasikah
5	1	1.1.9	तुल्यास्यप्रयत्नं सवर्णम्	tulyaasyaprayatnamsavarnam
6	1	1.1.11	ईदूदेद्द्विवचनं प्रगृह्यम्	eedoodeddvivachanampragruhyam
7	1	1.1.20	दाधा घ्वदाप्	daadhaaghvadaap
8	1	1.1.21	आद्यन्तवदेकस्मिन्	aadyantavadekasmin
9	1	1.1.22	तरप्तमपौ घः	taraptamapaughah
10	1	1.1.23	बहुगणवतुडति संख्या	bahuganavatudatisamkhyaa
11	1	1.1.26	क्तक्तवतू निष्ठा	ktaktavatoonishthaa
12	1	1.1.27	सर्वादीनि सर्वनामानि	sarvaadeenisarvanaamaani
13	1	1.1.37	स्वरादिनिपातमव्ययम्	svaraadinipaatamavyayam
14	1	1.1.42	शि सर्वनामस्थानम्	shisarvanaamasthaanam
15	1	1.1.44	न वेति विभाषा	navetivibhaashaa
16	1	1.1.45	इग्यणः सम्प्रसारणम्	igyanahasamprasaaranam
17	1	1.1.46	आद्यन्तौ टकितौ	aadyantautakitau
18	1	1.1.47	मिदचोऽन्त्यात्परः	midachontyaatparah
19	1	1.1.48	एच इग्घ्रस्वादेशे	echigghrasvaadeshe
20	1	1.1.49	षष्ठी स्थानेयोगा	shashtheesthaaneyogaa
21	1	1.1.50	स्थानेऽन्तरतमः	sthaanentaratamah
22	1	1.1.56	स्थानिवदादेशोऽनल्विधौ	sthaanivadaadeshonalvidhau
23	1	1.1.62	प्रत्ययलोपे प्रत्ययलक्षणम्	pratyayalopepratyayalakshanam
24	1	1.1.64	अचोऽन्त्यादि टि	achontyaaditi
25	1	1.1.65	अलोऽन्त्यात् पूर्व उपधा	alontyaatpoorvupadhaa
26	1	1.1.66	तस्मिन्निति निर्दिष्टे पूर्वस्य	tasminnitinirdishtepoorvasya
27	1	1.1.68	स्वं रूपं शब्दस्याशब्दसंज्ञा	svamroopamshabdasyaashabdasamjnyaa
28	1	1.1.73	वृद्धिर्यस्याचामादिस्तद् वृद्धम्	vruddhiryasyaachaamaadistadvruddham
29	1	1.2.1	गाङ्कुटादिभ्योऽञ्णिन्ङित्	gaangkutaadibhyonyninngit
30	1	1.2.27	ऊकालोऽज्झ्रस्वदीर्घप्लुतः	ookaalojjhrasvadeerghaplutah
31	1	1.2.32	तस्यादित उदात्तमर्धह्रस्वम्	tasyaaditudaattamardhahrasvam
32	1	1.2.33	एकश्रुति दूरात् सम्बुद्धौ	ekashrutidooraatsambuddhau
33	1	1.2.41	अपृक्त एकाल् प्रत्ययः	apruktekaalpratyayah
34	1	1.2.42	तत्पुरुषः समानाधिकरणः कर्मधारयः	tatpurushahasamaanaadhikaranahakarmadhaarayah
35	1	1.2.43	प्रथमानिर्दिष्टं समास उपसर्जनम्	prathamaanirdishtamsamaasupasarjanam
36	1	1.2.45	अर्थवदधातुरप्रत्ययः प्रातिपदिकम्	arthavadadhaaturapratyayahapraatipadikam
37	1	1.2.47	ह्रस्वो नपुंसके प्रातिपदिकस्य	hrasvonapumsakepraatipadikasya
38	1	1.2.51	लुपि युक्तवद्व्यक्तिवचने	lupiyuktavadvyaktivachane
39	1	1.2.53	तदशिष्यं संज्ञाप्रमाणत्वात्	tadashishyamsamjnyaapramaanatvaat
40	1	1.2.63	तिष्यपुनर्वस्वोर्नक्षत्रद्वन्द्वे बहुवचनस्य द्विवचनं नित्यम्	tishyapunarvasvornakshatradvamdvebahuvachanasyadvivachanamnityam
41	1	1.2.64	सरूपाणामेकशेष एकविभक्तौ	saroopaanaamekasheshekavibhaktau
42	1	1.3.1	भूवादयो धातवः	bhoovaadayodhaatavah
43	1	1.3.2	उपदेशेऽजनुनासिक इत्	upadesheajanunaasikait
44	1	1.3.9	तस्य लोपः	tasyalopah
45	1	1.3.10	यथासंख्यमनुदेशः समानाम्	yathaasamkhyamanudeshahasamaanaam
46	1	1.3.11	स्वरितेनाधिकारः	svaritenaadhikaarah
47	1	1.4.1	आ कडारादेका संज्ञा	aakadaaraadekaasamjnyaa
48	1	2.3.1	अनभिहिते	anabhihite
49	1	2.4.1	द्विगुरेकवचनम्	dvigurekavachanam
50	1	2.4.17	स नपुंसकम्	sanapumsakam
51	1	2.4.26	परवल्लिङ्गं द्वन्द्वतत्पुरुषयोः	paravallinggamdvandvatatpurushayoh
52	1	2.4.27	पूर्ववदश्ववडवौ	poorvavadashvavadavau
53	1	2.4.29	रात्राह्नाहाः पुंसि	raatraahnaahaahapumsi
54	1	2.4.30	अपथं नपुंसकम्	apathamnapumsakam
55	1	2.4.32	इदमोऽन्वादेशेऽशनुदात्तस्तृतीयादौ	idamonvaadesheshanudaattastruteeyaadau
56	1	2.4.35	आर्धधातुके	aarddhadhaatuke
57	1	2.4.58	ण्यक्षत्रियार्षञितो यूनि लुगणिञोः	nyakshatriyaarshanyitoyooniluganinyoh
58	1	2.4.85	लुटः प्रथमस्य डारौरसः	lutahaprathamasyadaaraurasah
59	1	3.1.1	प्रत्ययः	pratyayah
60	1	6.1.1	एकाचो द्वे प्रथमस्य	ekaachodveprathamasya
61	1	6.1.13	ष्यङः सम्प्रसारणं पुत्रपत्योस्तत्पुरुषे	shyangahasamprasaaranamputrapatyostatpurushe
62	1	6.1.45	आदेच उपदेशेऽशिति	aadechupadesheshiti
63	1	6.1.66	लोपो व्योर्वलि	lopovyorvali
64	1	6.1.71	ह्रस्वस्य पिति कृति तुक्	hrasvasyapitikrutituk
65	1	6.1.158	अनुदात्तं पदमेकवर्जम्	anudaattampadamekavarjam
66	1	6.1.159	कर्षात्वतो घञोऽन्त उदात्तः	karshaatvatoghanyontudaattah
67	1	6.2.1	बहुव्रीहौ प्रकृत्या पूर्वपदम्	bahuvreehauprakrutyaapoorvapadam
68	1	6.2.143	अन्तः	antah
69	1	6.3.1	अलुगुत्तरपदे	aluguttarapade
70	1	8.1.1	सर्वस्य द्वे	sarvasyadve
71	1	8.1.16	पदस्य	padasya
72	2	1.1.3	इको गुणवृद्धी	ikogunavruddhee
73	2	1.1.10	नाज्झलौ	naajjhalau
74	2	1.1.12	अदसो मात्	adasomaat
75	2	1.1.13	शे	she
76	2	1.1.14	निपात एकाजनाङ्	nipaatekaajanaang
77	2	1.1.19	ईदूतौ च सप्तम्यर्थे	eedootauchasaptamyarthe
78	2	1.1.24	ष्णान्ता षट्	shnaantaashat
79	2	1.1.28	विभाषा दिक्समासे बहुव्रीहौ	vibhaashaadiksamaasebahuvreehau
80	2	1.1.29	न बहुव्रीहौ	nabahuvreehau
81	2	1.1.38	तद्धितश्चासर्वविभक्तिः	taddhitashchaasarvavibhaktih
82	2	1.1.39	कृन्मेजन्तः	krunmejantah
83	2	1.1.40	क्त्वातोसुन्कसुनः	ktvaatosunkasunah
84	2	1.1.41	अव्ययीभावश्च	avyayeebhaavashcha
85	2	1.1.43	सुडनपुंसकस्य	sudanapumsakasya
86	2	1.1.51	उरण् रपरः	uranraparah
87	2	1.1.52	अलोऽन्त्यस्य	alontyasya
88	2	1.1.55	अनेकाल्शित्सर्वस्य	anekaalshitsarvasya
89	2	1.1.57	अचः परस्मिन् पूर्वविधौ	achahaparasminpoorvavidhau
90	2	1.1.59	द्विर्वचनेऽचि	dvirvachanechi
91	2	1.1.60	अदर्शनं लोपः	adarshanamlopah
92	2	1.1.63	न लुमताङ्गस्य	nalumataanggasya
93	2	1.1.67	तस्मादित्युत्तरस्य	tasmaadityuttarasya
94	2	1.1.69	अणुदित् सवर्णस्य चाप्रत्ययः	anuditsavarnasyachaapratyayah
95	2	1.1.71	आदिरन्त्येन सहेता	aadirantyenasahetaa
96	2	1.1.72	येन विधिस्तदन्तस्य	yenavidhistadantasya
97	2	1.1.74	त्यदादीनि च	tyadaadeenicha
98	2	1.1.75	एङ् प्राचां देशे	engpraachaamdeshe
99	2	1.2.2	विज इट्	vijait
100	2	1.2.4	सार्वधातुकमपित्	saarvadhaatukamapit
101	2	1.2.28	अचश्च	achashcha
102	2	1.2.29	उच्चैरुदात्तः	uchchairudaattah
103	2	1.2.30	नीचैरनुदात्तः	neechairanudaattah
104	2	1.2.31	समाहारः स्वरितः	samaahaarahasvaritah
105	2	1.2.34	यज्ञकर्मण्यजपन्यूङ्खसामसु	yajnyakarmanyajapanyoongkhasaamasu
106	2	1.2.36	विभाषा छन्दसि	vibhaashaachhandasi
107	2	1.2.37	न सुब्रह्मण्यायां स्वरितस्य तूदात्तः	nasubrahmanyaayaamsvaritasyatoodaattah
108	2	1.2.39	स्वरितात् संहितायामनुदात्तानाम्	svaritaatsamhitaayaamanudaattaanaam
109	2	1.2.44	एकविभक्ति चापूर्वनिपाते	ekavibhaktichaapoorvanipaate
110	2	1.2.46	कृत्तद्धितसमासाश्च	kruttaddhitasamaasaashcha
111	2	1.2.48	गोस्त्रियोरुपसर्जनस्य	gostriyorupasarjanasya
112	2	1.2.52	विशेषणानां चाजातेः	visheshanaanaamchaajaateh
113	2	1.2.54	लुब्योगाप्रख्यानात्	lubyogaaprakhyaanaat
114	2	1.2.55	योगप्रमाणे च तदभावेऽदर्शनं स्यात्	yogapramaanechatadabhaavedarshanamsyaat
115	2	1.2.56	प्रधानप्रत्ययार्थवचनमर्थस्यान्यप्रमाणत्वात्	pradhaanapratyayaarthavachanamarthasyaanyapramaanatvaat
116	2	1.2.65	वृद्धो यूना तल्लक्षणश्चेदेव विशेषः	vruddhoyoonaatallakshanashchedevavisheshah
117	2	1.2.72	त्यदादीनि सर्वैर्नित्यम्	tyadaadeenisarvairnityam
118	2	1.2.73	ग्राम्यपशुसंघेष्वतरुणेषु स्त्री	graamyapashusamgheshuataruneshustree
119	2	1.3.3	हलन्त्यम्	halantyam
120	2	1.3.5	आदिर्ञिटुडवः	aadirnyitudavah
121	2	1.3.12	अनुदात्तङित आत्मनेपदम्	anudaattangitaatmanepadam
122	2	1.4.2	विप्रतिषेधे परं कार्यम्	vipratishedheparamkaaryam
123	2	1.4.3	यू स्त्र्याख्यौ नदी	yoostryaakhyaunadee
124	2	1.4.10	ह्रस्वं लघु	hrasvamlaghu
125	2	1.4.13	यस्मात् प्रत्ययविधिस्तदादि प्रत्ययेऽङ्गम्	yasmaatpratyayavidhistadaadipratyayenggam
126	2	1.4.14	सुप्तिङन्तं पदम्	suptingantampadam
127	2	1.4.21	बहुषु बहुवचनम्	bahushubahuvachanam
128	2	1.4.22	द्व्येकयोर्द्विवचनैकवचने	dvyekayordvivachanaikavachane
129	2	1.4.23	कारके	kaarake
130	2	1.4.56	प्राग्रीश्वरान्निपाताः	praagreeshvaraannipaataah
131	2	1.4.99	लः परस्मैपदम्	lahaparasmaipadam
132	2	1.4.101	तिङस्त्रीणि त्रीणि प्रथममध्यमोत्तमाः	tingastreenitreeniprathamamadhyamottamaah
133	2	1.4.105	युष्मद्युपपदे समानाधिकरणे स्थानिन्यपि मध्यमः	yushmadyupapadesamaanaadhikaranesthaaninyapimadhyamah
134	2	1.4.109	परः सन्निकर्षः संहिता	parassannikarshahasamhitaa
135	2	1.4.110	विरामोऽवसानम्	viraamovasaanam
136	2	2.1.1	समर्थः पदविधिः	samarthahapadavidhih
137	2	2.1.2	सुबामन्त्रिते पराङ्गवत् स्वरे	subaamantriteparaanggavatsvare
138	2	2.1.3	प्राक् कडारात् समासः	praakkadaaraatsamaasah
139	2	2.3.2	कर्मणि द्वितीया	karmanidviteeyaa
140	2	2.3.8	कर्मप्रवचनीययुक्ते द्वितीया	karmapravachaneeyayuktedviteeyaa
141	2	2.3.12	गत्यर्थकर्मणि द्वितीयाचतुर्थ्यौ चेष्टायामनध्वनि	gatyarthakarmanidviteeyaachaturthyaucheshtaayaamanadhvani
142	2	2.3.13	चतुर्थी सम्प्रदाने	chaturtheesampradaane
143	2	2.3.18	कर्तृकरणयोस्तृतीया	kartrukaranayostruteeyaa
144	2	2.3.28	अपादाने पञ्चमी	apaadaanepanychamee
145	2	2.3.31	एनपा द्वितीया	enapaadviteeyaa
146	2	2.3.43	साधुनिपुणाभ्यामर्चायां सप्तम्यप्रतेः	saadhunipunaabhyaamarchaayaamsaptamyaprateh
147	2	2.3.46	प्रातिपदिकार्थलिङ्गपरिमाणवचनमात्रे प्रथमा	praatipadikaarthalinggaparimaanavachanamaatreprathamaa
148	2	2.3.50	षष्ठी शेषे	shashtheesheshe
149	2	2.4.2	द्वन्द्वश्च प्राणितूर्यसेनाङ्गानाम्	dvamdvashchapraanitooryasenaanggaanaam
150	2	2.4.18	अव्ययीभावश्च	avyayeebhaavashcha
151	2	2.4.19	तत्पुरुषोऽनञ् कर्मधारयः	tatpurushonanykarmadhaarayah
152	2	2.4.28	हेमन्तशिशिरावहोरात्रे च च्छन्दसि	hemantashishiraavahoraatrechachchhandasi
153	2	2.4.31	अर्धर्चाः पुंसि च	ardharchaahapumsicha
154	2	2.4.33	एतदस्त्रतसोस्त्रतसौ चानुदात्तौ	etadastratasostratasauchaanudaattau
155	2	2.4.36	अदो जग्धिर्ल्यप्ति किति	adojagdhirlyaptikiti
156	2	2.4.42	हनो वध लिङि	hanovadhalingi
157	2	2.4.45	इणो गा लुङि	inogaalungi
158	2	2.4.52	अस्तेर्भूः	asterbhooh
159	2	2.4.53	ब्रुवो वचिः	bruvovachih
160	2	2.4.54	चक्षिङः ख्याञ्	chakshingahakhyaany
161	2	2.4.56	अजेर्व्यघञपोः	ajervyaghanyapoh
162	2	2.4.59	पैलादिभ्यश्च	pailaadibhyashcha
163	2	2.4.60	इञः प्राचाम्	inyahapraachaam
164	2	2.4.61	न तौल्वलिभ्यः	nataulvalibhyah
165	2	2.4.62	तद्राजस्य बहुषु तेनैवास्त्रियाम्	tadraajasyabahushutenaivaastriyaam
166	2	2.4.71	सुपो धातुप्रातिपदिकयोः	supodhaatupraatipadikayoh
167	2	2.4.72	अदिप्रभृतिभ्यः शपः	adiprabhrutibhyahashapah
168	2	2.4.77	गातिस्थाघुपाभूभ्यः सिचः परस्मैपदेषु	gaatisthaaghupaabhoobhyahasichahaparasmaipadeshu
169	2	2.4.80	मन्त्रे घसह्वरणशवृदहाद्वृच्कृगमिजनिभ्यो लेः	mantreghasahvaranashavrudahaadvruchkrugamijanibhyoleh
170	2	2.4.82	अव्ययादाप्सुपः	avyayaadaapsupah
171	2	3.1.2	परश्च	parashcha
172	2	6.1.2	अजादेर्द्वितीयस्य	ajaaderdviteeyasya
173	2	6.1.12	दाश्वान् साह्वान् मीढ्वांश्च	daashvaansaahvaanmeedhvaamshcha
174	2	6.1.14	बन्धुनि बहुव्रीहौ	bandhunibahuvreehau
175	2	6.1.15	वचिस्वपियजादीनां किति	vachisvapiyajaadeenaamkiti
176	2	6.1.18	स्वापेश्चङि	svaapeshchangi
177	2	6.1.19	स्वपिस्यमिव्येञां यङि	svapisyamivyenyaamyangi
178	2	6.1.22	स्फायः स्फी निष्ठायाम्	sphaayahaspheenishthaayaam
179	2	6.1.46	न व्यो लिटि	navyoliti
180	2	6.1.47	स्फुरतिस्फुलत्योर्घञि	sphuratisphulatyorghanyi
181	2	6.1.48	क्रीङ्जीनां णौ	kreengjeenaamnau
182	2	6.1.50	मीनातिमिनोतिदीङां ल्यपि च	meenaatiminotideengaamlyapicha
183	2	6.1.58	सृजिदृशोर्झल्यमकिति	srujidrushorjhalyamakiti
184	2	6.1.60	शीर्षंश्छन्दसि	sheershamshchhandasi
185	2	6.1.62	अचि शीर्षः	achisheershah
186	2	6.1.63	पद्दन्नोमास्हृन्निशसन्यूषन्दोषन्यकञ्छकन्नुदन्नासञ्छस्प्रभृतिषु	paddannomaashrunnishasanyooshandoshanyakanychhakannudannaasanychhasprabhrutishu
187	2	6.1.64	धात्वादेः षः सः	dhaatvaadehashahasah
188	2	6.1.67	वेरपृक्तस्य	verapruktasya
189	2	6.1.68	हल्ङ्याब्भ्यो दीर्घात् सुतिस्यपृक्तं हल्	halngyaabbhyodeerghaatsutisyapruktamhal
190	2	6.1.70	शेश्छन्दसि बहुलम्	sheshchhandasibahulam
191	2	6.1.72	संहितायाम्	samhitaayaam
192	2	6.1.160	उञ्छादीनां च	unychhaadeenaamcha
193	2	6.1.161	अनुदात्तस्य च यत्रोदात्तलोपः	anudaattasyachayatrodaattalopah
194	2	6.1.162	धातोः	dhaatoh
195	2	6.1.163	चितः	chitah
196	2	6.1.166	तिसृभ्यो जसः	tisrubhyojasah
197	2	6.1.167	चतुरः शसि	chaturahashasi
198	2	6.1.168	सावेकाचस्तृतीयादिर्विभक्तिः	saavekaachastruteeyaadivibhaktih
199	2	6.1.194	आदिर्णमुल्यन्यतरस्याम्	aadirnamulyanyatarasyaam
200	2	6.1.197	ञ्नित्यादिर्नित्यम्	nynityaadirnityam
201	2	6.1.217	उपोत्तमं रिति	upottamamriti
202	2	6.1.219	मतोः पूर्वमात् संज्ञायां स्त्रियाम्	matohapoorvamaatsamjnyaayaamstriyaam
203	2	6.2.2	तत्पुरुषे तुल्यार्थतृतीयासप्तम्युपमानाव्ययद्वितीयाकृत्याः	tatpurushetulyaarthatruteeyaasaptamyupamaanaavyayadviteeyaakrutyaah
204	2	6.2.25	श्रज्याऽवमकन्पापवत्सु भावे कर्मधारये	shrajyaavamakanpaapavatsubhaavekarmadhaaraye
205	2	6.2.29	इगन्तकालकपालभगालशरावेषु द्विगौ	igantakaalakapaalabhagaalasharaaveshudvigau
206	2	6.2.32	सप्तमी सिद्धशुष्कपक्वबन्धेष्वकालात्	saptameesiddhashushkapakvabandheshvakaalaat
207	2	6.2.33	परिप्रत्युपापा वर्ज्यमानाहोरात्रावयवेषु	paripratyupaapaavarjyamaanaahoraatraavayaveshu
208	2	6.2.34	राजन्यबहुवचनद्वन्द्वेऽन्धकवृष्णिषु	raajanyabahuvachanadvamdvendhakavrushnishu
209	2	6.2.38	महान् व्रीह्यपराह्णगृष्टीष्वासजाबालभारभारतहैलिहिलरौरवप्रवृद्धेषु	mahaanvreehyaparaahnagrushteeshvaasajaabaalabhaarabhaaratahailihilarauravapravruddheshu
210	2	6.2.40	उष्ट्रः सादिवाम्योः	ushtrahasaadivaamyoh
211	2	6.2.41	गौः सादसादिसारथिषु	gauhasaadasaadisaarathishu
212	2	6.2.42	कुरुगार्हपतरिक्तगुर्वसूतजरत्यश्लीलदृढरूपापारेवडवातैतिलकद्रूःपण्यकम्बलो दासीभाराणां च	kurugaarhapatariktagurvasootajaratyashleeladrudharoopaapaarevadavaataitilakadroohapanyakambalodaaseebhaaraanaamcha
213	2	6.2.43	चतुर्थी तदर्थे	chaturtheetadarthe
214	2	6.2.54	ईषदन्यतरस्याम्	eeshadanyatarasyaam
215	2	6.2.64	आदिरुदात्तः	aadirudaattah
216	2	6.3.2	पञ्चम्याः स्तोकादिभ्यः	panychamyaahastokaadibhyah
217	2	6.3.3	ओजःसहोऽम्भस्तमसः तृतीयायाः	ojahasahombhastamasahatruteeyaayaah
218	2	6.3.9	हलदन्तात् सप्तम्याः संज्ञायाम्	haladantaatsaptamyaahasamjnyaayaam
219	2	6.3.21	षष्ठ्या आक्रोशे	shashthyaaaakroshe
220	2	6.3.32	मातरपितरावुदीचाम्	maatarapitaraavudeechaam
221	2	6.3.33	पितरामातरा च च्छन्दसि	pitaraamaataraachachchhandasi
222	2	6.3.34	स्त्रियाः पुंवद्भाषितपुंस्कादनूङ् समानाधिकरणे स्त्रियामपूरणीप्रियाऽऽदिषु	striyaahapumvadbhaashitapumskaadanoongsamaanaadhikaranestriyaamapooraneepriyaadishu
223	2	6.3.46	आन्महतः समानाधिकरणजातीययोः	aanmahatahasamaanaadhikaranajaateeyayoh
224	2	6.3.73	नलोपो नञः	naloponanyah
225	2	6.3.78	सहस्य सः संज्ञायाम्	sahasyasahasamjnyaayaam
226	2	6.3.97	द्व्यन्तरुपसर्गेभ्योऽप ईत्	dvyantarupasargebhyopeet
227	2	6.3.99	अषष्ठ्यतृतीयास्थस्यान्यस्य दुगाशीराशाऽऽस्थाऽऽस्थितोत्सुकोतिकारकरागच्छेषु	ashashthyatruteeyaasthasyaanyasyadugaasheeraashaasthaasthitotsukotikaarakaraagachchheshu
228	2	6.3.101	कोः कत् तत्पुरुषेऽचि	kohakattatpurushechi
229	2	6.3.109	पृषोदरादीनि यथोपदिष्टम्	prushodaraadeeniyathopadishtam
230	2	6.3.110	संख्याविसायपूर्वस्याह्नस्याहन्नन्यतरस्यां ङौ	samkhyaavisaayapoorvasyaahnasyaahannanyatarasyaamngau
231	2	6.3.111	ढ्रलोपे पूर्वस्य दीर्घोऽणः	dhralopepoorvasyadeerghonah
232	2	8.1.2	तस्य परमाम्रेडितम्	tasyaparamaamreditam
233	2	8.1.4	नित्यवीप्सयोः	nityaveepsayoh
234	2	8.1.5	परेर्वर्जने	parervarjane
235	2	8.1.6	प्रसमुपोदः पादपूरणे	prasamupodahapaadapoorane
236	2	8.1.7	उपर्यध्यधसः सामीप्ये	uparyadhyadhasahasaameepye
237	2	8.1.8	वाक्यादेरामन्त्रितस्यासूयासम्मतिकोपकुत्सनभर्त्सनेषु	vaakyaaderaamantritasyaasooyaasammatikopakutsanabhartsaneshu
238	2	8.1.9	एकं बहुव्रीहिवत्	ekambahuvreehivat
239	2	8.1.11	कर्मधारयवत् उत्तरेषु	karmadhaarayavatuttareshu
240	2	8.1.17	पदात्	padaat
241	2	8.2.1	पूर्वत्रासिद्धम्	poorvatraasiddham
242	3	1.1.4	न धातुलोप आर्धधातुके	nadhaatulopaardhadhaatuke
243	3	1.1.15	ओत्	ot
244	3	1.1.25	डति च	daticha
245	3	1.1.30	तृतीयासमासे	truteeyaasamaase
246	3	1.1.31	द्वन्द्वे च	dvandvecha
247	3	1.1.53	ङिच्च	ngichcha
248	3	1.1.54	आदेः परस्य	aadehaparasya
249	3	1.1.58	न पदान्तद्विर्वचनवरेयलोपस्वरसवर्णानुस्वारदीर्घजश्चर्विधिषु	napadaantadvirvachanavareyalopasvarasavarnaanusvaaradeerghajashcharvidhishu
250	3	1.1.61	प्रत्ययस्य लुक्श्लुलुपः	pratyayasyalukshlulupah
251	3	1.1.70	तपरस्तत्कालस्य	taparastatkaalasya
252	3	1.2.3	विभाषोर्णोः	vibhaashornoh
253	3	1.2.5	असंयोगाल्लिट् कित्	asamyogaallitkit
254	3	1.2.35	उच्चैस्तरां वा वषट्कारः	uchchaistaraamvaavashatkaarah
255	3	1.2.38	देवब्रह्मणोरनुदात्तः	devabrahmanoranudaattah
256	3	1.2.40	उदात्तस्वरितपरस्य सन्नतरः	udaattasvaritaparasyasannatarah
257	3	1.2.49	लुक् तद्धितलुकि	luktaddhitaluki
258	3	1.2.57	कालोपसर्जने च तुल्यम्	kaalopasarjanechatulyam
259	3	1.2.58	जात्याख्यायामेकस्मिन् बहुवचनमन्यतरस्याम्	jaatyaakhyaayaamekasminbahuvachanamanyatarasyaam
260	3	1.2.66	स्त्री पुंवच्च	streepumvachcha
261	3	1.2.67	पुमान् स्त्रिया	pumaanstriyaa
262	3	1.2.68	भ्रातृपुत्रौ स्वसृदुहितृभ्याम्	bhraatruputrausvasruduhitrubhyaam
263	3	1.2.69	नपुंसकमनपुंसकेनैकवच्चास्यान्यतरस्याम्	napumsakamanapumsakenaikavachchaasyaanyatarasyaam
264	3	1.3.4	न विभक्तौ तुस्माः	navibhaktautusmaah
265	3	1.3.6	षः प्रत्ययस्य	shahapratyayasya
266	3	1.3.13	भावकर्मणोः	bhaavakarmmanoh
267	3	1.3.14	कर्तरि कर्मव्यतिहारे	kartarikarmmavyatihaare
268	3	1.3.17	नेर्विशः	nervishah
269	3	1.3.18	परिव्यवेभ्यः क्रियः	parivyavebhyahakriyah
270	3	1.3.19	विपराभ्यां जेः	viparaabhyaamjeh
271	3	1.3.20	आङो दोऽनास्यविहरणे	aangodonaasyaviharane
272	3	1.3.22	समवप्रविभ्यः स्थः	samavapravibhyahasthah
273	3	1.3.30	निसमुपविभ्यो ह्वः	nisamupavibhyohvah
274	3	1.3.32	गन्धनावक्षेपणसेवनसाहसिक्यप्रतियत्नप्रकथनोपयोगेषु कृञः	gandhanaavakshepanasevanasaahasikyapratiyatnaprakathanopayogeshukrunyah
275	3	1.3.36	सम्माननोत्सञ्जनाचार्यकरणज्ञानभृतिविगणनव्ययेषु नियः	sammaananotsanyjanaachaaryakaranajnyaanabhrutivigananavyayeshuniyah
276	3	1.3.38	वृत्तिसर्गतायनेषु क्रमः	vruttisargataayaneshukramah
277	3	1.3.44	अपह्नवे ज्ञः	apahnavejnyah
278	3	1.3.47	भासनोपसम्भाषाज्ञानयत्नविमत्युपमन्त्रणेषु वदः	bhaasanopasambhaashaajnyaanayatnavimatyupamantraneshuvadah
279	3	1.3.51	अवाद्ग्रः	avaadgrah
280	3	1.3.53	उदश्चरः सकर्मकात्	udashcharahasakarmakaat
281	3	1.3.56	उपाद्यमः स्वकरणे	upaadyamahasvakarane
282	3	1.3.57	ज्ञाश्रुस्मृदृशां सनः	jnyaashrusmrudrushaamsanah
283	3	1.3.60	शदेः शितः	shadehashitah
284	3	1.3.62	पूर्ववत् सनः	poorvavatsanah
285	3	1.3.63	आम्प्रत्ययवत् कृञोऽनुप्रयोगस्य	aampratyayavatkrunyonuprayogasya
286	3	1.3.64	प्रोपाभ्यां युजेरयज्ञपात्रेषु	propaabhyaamyujerayajnyapaatreshu
287	3	1.3.65	समः क्ष्णुवः	samahakshnuvah
288	3	1.3.66	भुजोऽनवने	bhujonavane
289	3	1.3.67	णेरणौ यत्कर्म णौ चेत् स कर्ताऽनाध्याने	neranauyatkarmanauchetsakartaanaadhyaane
290	3	1.3.72	स्वरितञितः कर्त्रभिप्राये क्रियाफले	svaritanyitahakartrabhipraayekriyaaphale
291	3	1.4.4	नेयङुवङ्स्थानावस्त्री	neyanguvangsthaanaavastree
292	3	1.4.11	संयोगे गुरु	samyogeguru
293	3	1.4.15	नः क्ये	nahakye
294	3	1.4.16	सिति च	siticha
295	3	1.4.17	स्वादिष्वसर्वनामस्थाने	svaadishvasarvanaamasthaane
296	3	1.4.24	ध्रुवमपायेऽपादानम्	dhruvamapaayepaadaanam
297	3	1.4.32	कर्मणा यमभिप्रैति स सम्प्रदानम्	karmanaayamabhipraitisasampradaanam
298	3	1.4.42	साधकतमं करणम्	saadhakatamamkaranam
299	3	1.4.45	आधारोऽधिकरणम्	aadhaarodhikaranam
300	3	1.4.49	कर्तुरीप्सिततमं कर्म	kartureepsitatamamkarma
301	3	1.4.54	स्वतन्त्रः कर्ता	svatantrahakartaa
302	3	1.4.57	चादयोऽसत्त्वे	chaadayosattve
303	3	1.4.80	ते प्राग्धातोः	tepraagdhaatoh
304	3	1.4.83	कर्मप्रवचनीयाः	karmapravachaneeyaah
305	3	1.4.100	तङानावात्मनेपदम्	tangaanaavaatmanepadam
306	3	1.4.102	तान्येकवचनद्विवचनबहुवचनान्येकशः	taanyekavachanadvivachanabahuvachanaanyekashah
307	3	1.4.106	प्रहासे च मन्योपपदे मन्यतेरुत्तम एकवच्च	prahaasechamanyopapademanyateruttamekavachcha
308	3	1.4.107	अस्मद्युत्तमः	asmadyuttamah
309	3	1.4.108	शेषे प्रथमः	shesheprathamah
310	3	2.1.4	सह सुपा	sahasupaa
311	3	2.3.3	तृतीया च होश्छन्दसि	truteeyaachahoshchhandasi
312	3	2.3.4	अन्तराऽन्तरेण युक्ते	antaraantarenayukte
313	3	2.3.5	कालाध्वनोरत्यन्तसंयोगे	kaalaadhvanoratyantasamyoge
314	3	2.3.9	यस्मादधिकं यस्य चेश्वरवचनं तत्र सप्तमी	yasmaadadhikamyasyacheshvaravachanamtatrasaptamee
315	3	2.3.10	पञ्चम्यपाङ्परिभिः	panychameeapaangparibhih
316	3	2.3.14	क्रियार्थोपपदस्य च कर्मणि स्थानिनः	kriyaarthopapadasyachakarmanisthaaninah
317	3	2.3.15	तुमर्थाच्च भाववचनात्	tumarthaachchabhaavavachanaat
318	3	2.3.16	नमःस्वस्तिस्वाहास्वधालम्वषड्योगाच्च	namahasvastisvaahaasvadhaalamvashadyogaachcha
319	3	2.3.17	मन्यकर्मण्यनादरे विभाषाऽप्राणिषु	manyakarmanyanaadarevibhaashaapraanishu
320	3	2.3.19	सहयुक्तेऽप्रधाने	sahayuktepradhaane
321	3	2.3.20	येनाङ्गविकारः	yenaanggavikaarah
322	3	2.3.21	इत्थंभूतलक्षणे	itthambhootalakshane
323	3	2.3.22	संज्ञोऽन्यतरस्यां कर्मणि	samjnyonyatarasyaamkarmani
324	3	2.3.23	हेतौ	hetau
325	3	2.3.29	अन्यारादितरर्तेदिक्छब्दाञ्चूत्तरपदाजाहियुक्ते	anyaaraaditararttedikshabdaanychoottarapadaajaahiyukte
326	3	2.3.30	षष्ठ्यतसर्थप्रत्ययेन	shashthyatasarthapratyayena
327	3	2.3.32	पृथग्विनानानाभिस्तृतीयाऽन्यतरस्याम्	pruthagvinaanaanaabhistruteeyaanyatarasyaam
328	3	2.3.47	सम्बोधने च	sambodhanecha
329	3	2.3.51	ज्ञोऽविदर्थस्य करणे	jnyovidarthasyakarane
330	3	2.3.52	अधीगर्थदयेशां कर्मणि	adheegarthadayeshaamkarmani
331	3	2.3.62	चतुर्थ्यर्थे बहुलं छन्दसि	chaturthyarthebahulamchhandasi
332	3	2.3.64	कृत्वोऽर्थप्रयोगे कालेऽधिकरणे	krutvorthaprayogekaaledhikarane
333	3	2.3.65	कर्तृकर्मणोः कृति	kartrukarmanohakruti
334	3	2.3.66	उभयप्राप्तौ कर्मणि	ubhayapraaptaukarmani
335	3	2.3.67	क्तस्य च वर्तमाने	ktasyachavartamaane
336	3	2.3.69	न लोकाव्ययनिष्ठाखलर्थतृनाम्	nalokaavyayanishthaakhalarthatrunaam
337	3	2.3.71	कृत्यानां कर्तरि वा	krutyaanaamkartarivaa
338	3	2.3.72	तुल्यार्थैरतुलोपमाभ्यां तृतीयाऽन्यतरस्याम्	tulyaarthairatulopamaabhyaamtruteeyaanyatarasyaam
339	3	2.4.3	अनुवादे चरणानाम्	anuvaadecharanaanaam
340	3	2.4.4	अध्वर्युक्रतुरनपुंसकम्	adhvaryukraturanapumsakam
341	3	2.4.5	अध्ययनतोऽविप्रकृष्टाख्यानाम्	adhyayanatoviprakrushtaakhyaanaam
342	3	2.4.6	जातिरप्राणिनाम्	jaatirapraaninaam
343	3	2.4.7	विशिष्टलिङ्गो नदी देशोऽग्रामाः	vishishtalinggonadeedeshograamaah
344	3	2.4.8	क्षुद्रजन्तवः	kshudrajantavah
345	3	2.4.9	येषां च विरोधः शाश्वतिकः	yeshaamchavirodhahashaashvatikah
346	3	2.4.10	शूद्राणामनिरवसितानाम्	shoodraanaamaniravasitaanaam
347	3	2.4.11	गवाश्वप्रभृतीनि च	gavaashvaprabhruteenicha
348	3	2.4.12	विभाषा वृक्षमृगतृणधान्यव्यञ्जनपशुशकुन्यश्ववडवपूर्वापराधरोत्तराणाम्	vibhaashaavrukshamrugatrunadhaanyavyanyjanapashushakunyashvavadavapoorvaaparaadharottaraanaam
349	3	2.4.14	न दधिपयआदीनि	nadadhipayaadeeni
350	3	2.4.20	संज्ञायां कन्थोशीनरेषु	samjnyaayaamkanthosheenareshu
351	3	2.4.21	उपज्ञोपक्रमं तदाद्याचिख्यासायाम्	upajnyopakramamtadaadyaachikhyaasaayaam
352	3	2.4.22	छाया बाहुल्ये	chhaayaabaahulye
353	3	2.4.23	सभा राजामनुष्यपूर्वा	sabhaaraajaamanushyapoorvaa
354	3	2.4.25	विभाषा सेनासुराच्छायाशालानिशानाम्	vibhaashaasenaasuraachhaayaashaalaanishaanaam
355	3	2.4.34	द्वितीयाटौस्स्वेनः	dviteeyaataussvenah
356	3	2.4.37	लुङ्सनोर्घसॢ	lungsanorghasa
357	3	2.4.43	लुङि च	lungicha
358	3	2.4.46	णौ गमिरबोधने	naugamirabodhane
359	3	2.4.55	वा लिटि	vaaliti
360	3	2.4.57	वा यौ	vaayau
361	3	2.4.63	यस्कादिभ्यो गोत्रे	yaskaadibhyogotre
362	3	2.4.73	बहुलं छन्दसि	bahulamchhandasi
363	3	2.4.75	जुहोत्यादिभ्यः श्लुः	juhotyaadibhyahashluh
364	3	2.4.78	विभाषा घ्राधेट्शाच्छासः	vibhaashaaghraadhetshaachchhaasah
365	3	2.4.81	आमः	aamah
366	3	2.4.83	नाव्ययीभावादतोऽम्त्वपञ्चम्याः	naavyayeebhaavaadatomtvapanychamyaah
367	3	3.1.3	आद्युदात्तश्च	aadyudaattashcha
368	3	6.1.3	न न्द्राः संयोगादयः	nandraahasamyogaadayah
369	3	6.1.4	पूर्वोऽभ्यासः	poorvobhyaasah
370	3	6.1.5	उभे अभ्यस्तम्	ubheabhyastam
371	3	6.1.7	तुजादीनां दीर्घोऽभ्यासस्य	tujaadeenaamdeerghobhyaasasya
372	3	6.1.8	लिटि धातोरनभ्यासस्य	litidhaatoranabhyaasasya
373	3	6.1.16	ग्रहिज्यावयिव्यधिवष्टिविचतिवृश्चतिपृच्छतिभृज्जतीनां ङिति च	grahijyaavayivyadhivashtivichativrushchatipruchchhatibhrujjateenaamngiticha
374	3	6.1.20	न वशः	navashah
375	3	6.1.21	चायः की	chaayahakee
376	3	6.1.23	स्त्यः प्रपूर्वस्य	styahprapoorvasya
377	3	6.1.24	द्रवमूर्तिस्पर्शयोः श्यः	dravamoortisparshayohashyah
378	3	6.1.49	सिध्यतेरपारलौकिके	sidhyaterapaaralaukike
379	3	6.1.51	विभाषा लीयतेः	vibhaashaaleeyateh
380	3	6.1.59	अनुदात्तस्य चर्दुपधस्यान्यतरस्याम्	anudaattasyachardupadhasyaanyatarasyaam
381	3	6.1.61	ये च तद्धिते	yechataddhite
382	3	6.1.65	णो नः	nonah
383	3	6.1.69	एङ्ह्रस्वात् सम्बुद्धेः	enghrasvaatsambuddheh
384	3	6.1.73	छे च	chhecha
385	3	6.1.77	इको यणचि	ikoyanachi
386	3	6.1.131	दिव उत्	divaut
387	3	6.1.132	एतत्तदोः सुलोपोऽकोरनञ्समासे हलि	etattadohasulopokorananysamaasehali
388	3	6.1.135	सुट् कात् पूर्वः	sutkaatpoorvah
389	3	6.1.164	तद्धितस्य	taddhitasya
390	3	6.1.169	अन्तोदात्तादुत्तरपदादन्यतरस्यामनित्यसमासे	antodattaaduttarapadaadanyatarasyaamanityasamaase
391	3	6.1.195	अचः कर्तृयकि	achahakartruyaki
392	3	6.1.196	थलि च सेटीडन्तो वा	thalichaseteedantovaa
393	3	6.1.198	आमन्त्रितस्य च	aamantritasyacha
394	3	6.1.199	पथिमथोः सर्वनामस्थाने	pathimathohasarvanaamasthaane
395	3	6.1.200	अन्तश्च तवै युगपत्	antashchatavaiyugapat
396	3	6.1.201	क्षयो निवासे	kshayonivaase
397	3	6.1.202	जयः करणम्	jayahakaranam
398	3	6.1.203	वृषादीनां च	vrushaadeenaamcha
399	3	6.1.204	संज्ञायामुपमानम्	samjnyaayaamupamaanam
400	3	6.1.206	शुष्कधृष्टौ	shushkadhrushtau
401	3	6.1.207	आशितः कर्ता	aashitahakartaa
402	3	6.1.208	रिक्ते विभाषा	riktevibhaashaa
403	3	6.1.211	युष्मदस्मदोर्ङसि	yushmadasmadorngasi
404	3	6.1.213	यतोऽनावः	yatonaavah
405	3	6.1.214	ईडवन्दवृशंसदुहां ण्यतः	eedavandavrushamsaduhaamnyatah
406	3	6.1.215	विभाषा वेण्विन्धानयोः	vibhaashaavenvindhaanayoh
407	3	6.1.218	चङ्यन्यतरस्याम्	changyanyatarasyaam
408	3	6.1.220	अन्तोऽवत्याः	antovatyaah
409	3	6.2.3	वर्णो वर्णेष्वनेते	varnahavarneshvanete
410	3	6.2.4	गाधलवणयोः प्रमाणे	gaadhalavanayohapramaane
411	3	6.2.5	दायाद्यं दायादे	daayaadyamdaayaade
412	3	6.2.6	प्रतिबन्धि चिरकृच्छ्रयोः	pratibandhichirakruchchhrayoh
413	3	6.2.7	पदेऽपदेशे	padepadeshe
414	3	6.2.8	निवाते वातत्राणे	nivaatevaatatraane
415	3	6.2.9	शारदेऽनार्तवे	shaaradeanaartave
416	3	6.2.10	अध्वर्युकषाययोर्जातौ	adhvaryukashaayayorjaatau
417	3	6.2.11	सदृशप्रतिरूपयोः सादृश्ये	sadrushapratiroopayohasaadrushye
418	3	6.2.12	द्विगौ प्रमाणे	dvigaupramaane
419	3	6.2.13	गन्तव्यपण्यं वाणिजे	gantavyapanyamvaanije
420	3	6.2.14	मात्रोपज्ञोपक्रमच्छाये नपुंसके	maatropajnyopakramachchhaayenapumsake
421	3	6.2.15	सुखप्रिययोर्हिते	sukhapriyayorhite
422	3	6.2.17	स्वं स्वामिनि	svamsvaamini
423	3	6.2.18	पत्यावैश्वर्ये	patyaavaishvarye
424	3	6.2.21	आशङ्काबाधनेदीयस्सु संभावने	aashangkaabaadhanedeeyassusambhaavane
425	3	6.2.22	पूर्वे भूतपूर्वे	poorvebhootapoorve
426	3	6.2.23	सविधसनीडसमर्यादसवेशसदेशेषु सामीप्ये	savidhasaneedasamaryaadasaveshasadesheshusaameepye
427	3	6.2.24	विस्पष्टादीनि गुणवचनेषु	vispashtaadeenigunavachaneshu
428	3	6.2.26	कुमारश्च	kumaarashcha
429	3	6.2.30	बह्वन्यतरस्याम्	bahvanyatarasyaam
430	3	6.2.35	संख्या	samkhyaa
431	3	6.2.36	आचार्योपसर्जनश्चान्तेवासी	aachaaryopasarjanashchaantevaasee
432	3	6.2.37	कार्तकौजपादयश्च	kaartakaujapaadayashcha
433	3	6.2.39	क्षुल्लकश्च वैश्वदेवे	kshullakashchavaishvadeve
434	3	6.2.44	अर्थे	arthe
435	3	6.2.45	क्ते च	ktecha
436	3	6.2.55	हिरण्यपरिमाणं धने	hiranyaparimaanamdhane
437	3	6.2.56	प्रथमोऽचिरोपसम्पत्तौ	prathamochiropasampattau
438	3	6.2.57	कतरकतमौ कर्मधारये	katarakatamaukarmadhaaraye
439	3	6.2.61	क्ते नित्यार्थे	ktenityaarthe
440	3	6.2.62	ग्रामः शिल्पिनि	graamahashilpini
441	3	6.2.65	सप्तमीहारिणौ धर्म्येऽहरणे	saptameehaarinaudharmyeharane
442	3	6.2.66	युक्ते च	yuktecha
443	3	6.2.67	विभाषाऽध्यक्षे	vibhaashaadhyakshe
444	3	6.2.69	गोत्रान्तेवासिमाणवब्राह्मणेषु क्षेपे	gotraantevaasimaanavabraahmaneshukshepe
445	3	6.2.70	अङ्गानि मैरेये	anggaanimaireye
446	3	6.2.71	भक्ताख्यास्तदर्थेषु	bhaktaakhyaastadartheshu
447	3	6.2.72	गोबिडालसिंहसैन्धवेषूपमाने	gobidaalasimhasaindhaveshoopamaane
448	3	6.2.73	अके जीविकाऽर्थे	akejeevikaarthe
449	3	6.2.75	अणि नियुक्ते	aniniyukte
450	3	6.2.78	गोतन्तियवं पाले	gotantiyavampaale
451	3	6.2.79	णिनि	nini
452	3	6.2.81	युक्तारोह्यादयश्च	yuktaarohyaadayashcha
453	3	6.2.82	दीर्घकाशतुषभ्राष्ट्रवटं जे	deerghakaashatushabhraashtravatamje
454	3	6.2.84	ग्रामेऽनिवसन्तः	graamenivasantah
455	3	6.2.85	घोषादिषु च	ghoshaadishu
456	3	6.2.86	छात्र्यादयः शालायाम्	chhaatryaadayahashaalaayaam
457	3	6.2.87	प्रस्थेऽवृद्धमकर्क्यादीनाम्	prasthevruddhamakarkyaadeenaam
458	3	6.2.89	अमहन्नवं नगरेऽनुदीचाम्	amahannavamnagarenudeechaam
459	3	6.2.90	अर्मे चावर्णं द्व्यच्त्र्यच्	armechaavarnamdvyachtryach
460	3	6.2.92	अन्तः	antah
461	3	6.3.4	मनसः संज्ञायाम्	manasahasamjnyaayaam
462	3	6.3.6	आत्मनश्च पूरणे	aatmanashchapoorane
463	3	6.3.10	कारनाम्नि च प्राचां हलादौ	kaaranaamnichapraachaamhalaadau
464	3	6.3.11	मध्याद्गुरौ	madhyaadgurau
465	3	6.3.12	अमूर्धमस्तकात् स्वाङ्गादकामे	amoordhamastakaatsvaanggaadakaame
466	3	6.3.13	बन्धे च विभाषा	bandhechavibhaashaa
467	3	6.3.14	तत्पुरुषे कृति बहुलम्	tatpurushekrutibahulam
468	3	6.3.15	प्रावृट्शरत्कालदिवां जे	praavrutsharatkaaladivaamje
469	3	6.3.19	नेन्सिद्धबध्नातिषु	nensiddhabadhnaatishu
470	3	6.3.22	पुत्रेऽन्यतरस्याम्	putrenyatarasyaam
471	3	6.3.23	ऋतो विद्यायोनिसम्बन्धेभ्यः	rutovidyaayonisambandhebhyah
472	3	6.3.35	तसिलादिष्वाकृत्वसुचः	tasilaadishvaakrutvasuchah
473	3	6.3.36	क्यङ्मानिनोश्च	kyangmaaninoshcha
474	3	6.3.37	न कोपधायाः	nakopadhaayaah
475	3	6.3.47	द्व्यष्टनः संख्यायामबहुव्रीह्यशीत्योः	dvyashtanahasamkhyaayaamabahuvreehyasheetyoh
476	3	6.3.74	तस्मान्नुडचि	tasmaannudachi
477	3	6.3.75	नभ्राण्नपान्नवेदानासत्यानमुचिनकुलनखनपुंसकनक्षत्रनक्रनाकेषु प्रकृत्या	nabhraannapaannavedaanaasatyaanamuchinakulanakhanapumsakanakshatranakranaakeshuprakrutyaa
478	3	6.3.79	ग्रन्थान्ताधिके च	granthaantaadhikecha
479	3	6.3.80	द्वितीये चानुपाख्ये	dviteeyechaanupaakhye
480	3	6.3.81	अव्ययीभावे चाकाले	avyayeebhaavechaakaale
481	3	6.3.82	वोपसर्जनस्य	vopasarjanasya
482	3	6.3.83	प्रकृत्याऽऽशिष्यगोवत्सहलेषु	prakrutyaashishyagovatsahaleshu
483	3	6.3.84	समानस्य छन्दस्यमूर्धप्रभृत्युदर्केषु	samaanasyachhandasyamoordhaprabhrutyudarkeshu
484	3	6.3.89	दृग्दृशवतुषु	drugdrushavatushu
485	3	6.3.98	ऊदनोर्देशे	oodanordeshe
486	3	6.3.100	अर्थे विभाषा	arthevibhaashaa
487	3	6.3.102	रथवदयोश्च	rathavadayoshcha
488	3	6.3.103	तृणे च जातौ	trunechajaatau
489	3	6.3.104	का पथ्यक्षयोः	kaapathyakshayoh
490	3	6.3.112	सहिवहोरोदवर्णस्य	sahivahorodavarnasya
491	3	6.3.113	साढ्यै साढ्वा साढेति निगमे	saadhyaisaadhvaasaadhetinigame
492	3	6.3.114	संहितायाम्	samhitaayaam
493	3	8.1.3	अनुदात्तं च	anudaattamcha
494	3	8.1.10	आबाधे च	aabaadhecha
495	3	8.1.12	प्रकारे गुणवचनस्य	prakaaregunavachanasya
496	3	8.1.13	अकृच्छ्रे प्रियसुखयोरन्यतरस्याम्	akruchchhrepriyasukhayoranyatarasyaam
497	3	8.1.14	यथास्वे यथायथम्	yathaasveyathaayatham
498	3	8.1.15	द्वन्द्वं रहस्यमर्यादावचनव्युत्क्रमणयज्ञपात्रप्रयोगाभिव्यक्तिषु	dvandvamrahasyamaryaadaavachanavyutkramanayajnyapaatraprayogaabhivyaktishu
499	3	8.1.18	अनुदात्तं सर्वमपादादौ	anudaattamsarvamapaadaadau
500	3	8.2.2	नलोपः सुप्स्वरसंज्ञातुग्विधिषु कृति	nalopahasupsvarasamjnyaatugvidhishukruti
501	3	8.2.3	न मु ने	namune
502	3	8.2.4	उदात्तस्वरितयोर्यणः स्वरितोऽनुदात्तस्य	udaattasvaritayoryanahasvaritonudaattasya
503	3	8.2.7	नलोपः प्रातिपदिकान्तस्य	nalopahapraatipadikaantasya
504	3	8.2.9	मादुपधायाश्च मतोर्वोऽयवादिभ्यः	maadupadhaayaashchamatorvoyavaadibhyah
505	3	8.2.18	कृपो रो लः	kruporolah
506	3	8.2.23	संयोगान्तस्य लोपः	samyogaantasyalopah
507	3	8.2.39	झलां जशोऽन्ते	jhalaamjashonte
508	3	8.2.40	झषस्तथोर्धोऽधः	jhashastathordhodhah
509	3	8.2.41	षढोः कः सि	shadhohakahasi
510	3	8.2.42	रदाभ्यां निष्ठातो नः पूर्वस्य च दः	radaabhyaamnishthaatonahapoorvasyachadah
511	3	8.2.62	क्विन्प्रत्ययस्य कुः	kvinpratyayasyakuh
512	3	8.2.64	मो नो धातोः	monodhaatoh
513	3	8.2.66	ससजुषो रुः	sasajushoruh
514	3	8.2.67	अवयाःश्वेतवाःपुरोडाश्च	avayaahashvetavaahapurodaashcha
515	3	8.2.68	अहन्	ahan
516	3	8.2.80	अदसोऽसेर्दादु दो मः	adasoserdaadudomah
517	3	8.2.82	वाक्यस्य टेः प्लुत उदात्तः	vaakyasyatehaplutudaattah
518	3	8.2.108	तयोर्य्वावचि संहितायाम्	tayoryvaavachisamhitaayaam
519	4	1.1.5	क्ङिति च	kngiticha
520	4	1.1.6	दीधीवेवीटाम्	deedheeveveetaam
521	4	1.1.16	सम्बुद्धौ शाकल्यस्येतावनार्षे	sambuddhaushaakalyasyetaavanaarshe
522	4	1.1.32	विभाषा जसि	vibhaashaajasi
523	4	1.2.6	इन्धिभवतिभ्यां च	eendhibhavatibhyaamcha
524	4	1.2.7	मृडमृदगुधकुषक्लिशवदवसः क्त्वा	mrudamrudagudhakushaklishavadavasahaktvaa
525	4	1.2.18	न क्त्वा सेट्	naktvaaset
526	4	1.2.50	इद्गोण्याः	idgonyaah
527	4	1.2.59	अस्मदो द्वयोश्च	asmadodvaayoshcha
528	4	1.2.70	पिता मात्रा	pitaamaatraa
529	4	1.2.71	श्वशुरः श्वश्र्वा	shvashurahashvashrvaa
530	4	1.3.7	चुटू	chutoo
531	4	1.3.8	लशक्वतद्धिते	lashakvataddhite
532	4	1.3.15	न गतिहिंसार्थेभ्यः	nagatihimsaarthebhyah
533	4	1.3.21	क्रीडोऽनुसम्परिभ्यश्च	kreedonusamparibhyashcha
534	4	1.3.23	प्रकाशनस्थेयाख्ययोश्च	prakaashanastheyaakhyayoshcha
535	4	1.3.24	उदोऽनूर्ध्वकर्मणि	udonoorddhvakarmani
536	4	1.3.25	उपान्मन्त्रकरणे	upaanmantrakarane
537	4	1.3.31	स्पर्द्धायामाङः	sparddhaayaamaangah
538	4	1.3.33	अधेः प्रसहने	adhehaprasahane
539	4	1.3.34	वेः शब्दकर्मणः	vehashabdakarmanah
540	4	1.3.37	कर्तृस्थे चाशरीरे कर्मणि	kartrusthechaashareerekarmani
541	4	1.3.39	उपपराभ्याम्	upaparaabhyaam
542	4	1.3.40	आङ उद्गमने	aangudgamane
543	4	1.3.41	वेः पादविहरणे	vehpaadaviharane
544	4	1.3.42	प्रोपाभ्यां समर्थाभ्याम्	propaabhyaamsamarthaabhyaam
545	4	1.3.43	अनुपसर्गाद्वा	anupasargaadvaa
546	4	1.3.45	अकर्मकाच्च	akarmakaachcha
547	4	1.3.46	सम्प्रतिभ्यामनाध्याने	sampratibhyaamanaadhyaane
548	4	1.3.48	व्यक्तवाचां समुच्चारणे	vyaktavaachaamsamuchchaarane
549	4	1.3.52	समः प्रतिज्ञाने	samahapratijnyaane
550	4	1.3.54	समस्तृतीयायुक्तात्	samastruteeyaayuktaat
551	4	1.3.58	नानोर्ज्ञः	naanorjnyah
552	4	1.3.61	म्रियतेर्लुङ्लिङोश्च	mriyaterlunglingoshcha
553	4	1.3.68	भीस्म्योर्हेतुभये	bheesmyorhetubhaye
554	4	1.3.69	गृधिवञ्च्योः प्रलम्भने	grudhivanychyohapralambhane
555	4	1.3.71	मिथ्योपपदात् कृञोऽभ्यासे	mithyopapadaatkrunyobhyaase
556	4	1.3.73	अपाद्वदः	apaadvadah
557	4	1.3.74	णिचश्च	nichashcha
558	4	1.3.75	समुदाङ्भ्यो यमोऽग्रन्थे	samudaangbhyoyamogranthe
559	4	1.3.76	अनुपसर्गाज्ज्ञः	anupasargaajjnyah
560	4	1.3.77	विभाषोपपदेन प्रतीयमाने	vibhaashopapadenaprateeyamaane
561	4	1.3.78	शेषात् कर्तरि परस्मैपदम्	sheshaatkartariparasmaipadam
562	4	1.4.5	वाऽऽमि	vaami
563	4	1.4.12	दीर्घं च	deerghamcha
564	4	1.4.18	यचि भम्	yachibham
565	4	1.4.25	भीत्रार्थानां भयहेतुः	bheetraarthaanaambhayahetuh
566	4	1.4.26	पराजेरसोढः	paraajerasodhah
567	4	1.4.27	वारणार्थानामीप्सितः	vaaranaarthaanaameepsitah
568	4	1.4.28	अन्तर्द्धौ येनादर्शनमिच्छति	antarddhauyenaadarshanamichchhati
569	4	1.4.29	आख्यातोपयोगे	aakhyaatopayoge
570	4	1.4.30	जनिकर्तुः प्रकृतिः	janikartuhaprakrutih
571	4	1.4.33	रुच्यर्थानां प्रीयमाणः	ruchyarthaanaampreeyamaanah
572	4	1.4.34	श्लाघह्नुङ्स्थाशपां ज्ञीप्स्यमानः	shlaaghahnungsthaashapaamjnyeepsyamaanah
573	4	1.4.35	धारेरुत्तमर्णः	dhaareruttamarnah
574	4	1.4.36	स्पृहेरीप्सितः	spruhereepsitah
575	4	1.4.37	क्रुधद्रुहेर्ष्याऽसूयार्थानां यं प्रति कोपः	krudhadruhershyaasooyaarthaanaamyampratikopah
576	4	1.4.39	राधीक्ष्योर्यस्य विप्रश्नः	raadhikshyoryasyaviprashnah
577	4	1.4.40	प्रत्याङ्भ्यां श्रुवः पूर्वस्य कर्ता	pratyaangbhyaamshruvahapoorvasyakartaa
578	4	1.4.43	दिवः कर्म च	divahakarmacha
579	4	1.4.44	परिक्रयणे सम्प्रदानमन्यतरस्याम्	parikrayanesampradaanamanyatarasyaam
580	4	1.4.46	अधिशीङ्स्थाऽऽसां कर्म	adhisheengsthaasaamkarma
581	4	1.4.50	तथायुक्तं चानीप्सितम्	tathaayuktamchaanipseetam
582	4	1.4.51	अकथितं च	akathitamcha
583	4	1.4.52	गतिबुद्धिप्रत्यवसानार्थशब्दकर्माकर्मकाणामणि कर्ता स णौ	gatibuddhipratyavasaanaarthashabdakarmaakarmakaanaamanikartaa
584	4	1.4.55	तत्प्रयोजको हेतुश्च	tatprayojakohetushcha
585	4	1.4.58	प्रादयः	praadayah
586	4	1.4.81	छन्दसि परेऽपि	chhandasiparepi
587	4	1.4.84	अनुर्लक्षणे	anurlakshane
588	4	1.4.88	अपपरी वर्जने	apapareevarjane
589	4	1.4.89	आङ् मर्यादावचने	aangmaryaadaavachane
590	4	1.4.90	लक्षणेत्थम्भूताख्यानभागवीप्सासु प्रतिपर्यनवः	lakshanetthambhootaakhyaanabhaagaveepsaasupratiparyanavah
591	4	1.4.93	अधिपरी अनर्थकौ	adhipareeanarthakau
592	4	1.4.94	सुः पूजायाम्	suhapoojaayaam
593	4	1.4.96	अपिः पदार्थसम्भावनान्ववसर्गगर्हासमुच्चयेषु	apihapadaarthasambhaavanaanvavasargagarhaasamuchchayeshu
594	4	1.4.97	अधिरीश्वरे	adhireeshvare
595	4	1.4.103	सुपः	supah
596	4	2.1.5	अव्ययीभावः	avyayeebhaavah
597	4	2.3.6	अपवर्गे तृतीया	apavargetruteeyaa
598	4	2.3.7	सप्तमीपञ्चम्यौ कारकमध्ये	saptameepanychamyaukaarakamadhye
599	4	2.3.11	प्रतिनिधिप्रतिदाने च यस्मात्	pratinidhipratidaanechayasmaat
600	4	2.3.24	अकर्तर्यृणे पञ्चमी	akartaryrunepanychamee
601	4	2.3.26	षष्ठी हेतुप्रयोगे	shashtheehetuprayoge
602	4	2.3.33	करणे च स्तोकाल्पकृच्छ्रकतिपयस्यासत्त्ववचनस्य	karanechastokaalpakruchchhrakatipayasyaasattvavachanasya
603	4	2.3.48	सामन्त्रितम्	saamantritam
604	4	2.3.49	एकवचनं संबुद्धिः	ekavachanamsambuddhih
605	4	2.3.53	कृञः प्रतियत्ने	krunyahapratiyatne
606	4	2.3.54	रुजार्थानां भाववचनानामज्वरेः	rujaarthaanaambhaavavachanaanaamajvareh
607	4	2.3.55	आशिषि नाथः	aashishinaathah
608	4	2.3.56	जासिनिप्रहणनाटक्राथपिषां हिंसायाम्	jaasiniprahananaatakraathapishaamhimsaayaam
609	4	2.3.57	व्यवहृपणोः समर्थयोः	vyavahrupanohasamarthayoh
610	4	2.3.61	प्रेष्यब्रुवोर्हविषो देवतासम्प्रदाने	preshyabruvorhavishodevataasampradaane
611	4	2.3.63	यजेश्च करणे	yajeshchakarane
612	4	2.3.68	अधिकरणवाचिनश्च	adhikaranavaachinashcha
613	4	2.3.70	अकेनोर्भविष्यदाधमर्ण्ययोः	akenorbhavishyadaadhamarnyayoh
614	4	2.3.73	चतुर्थी चाशिष्यायुष्यमद्रभद्रकुशलसुखार्थहितैः	chaturtheechaashishyaayushyamadrabhadrakushalasukhaarthahitaih
615	4	2.4.13	विप्रतिषिद्धं चानधिकरणवाचि	vipratishiddhamchaanadhikaranavaachi
616	4	2.4.15	अधिकरणैतावत्त्वे च	adhikaranaitaavattvecha
617	4	2.4.24	अशाला च	ashaalaacha
618	4	2.4.38	घञपोश्च	ghanyaposhcha
619	4	2.4.39	बहुलं छन्दसि	bahulamchhandasi
620	4	2.4.40	लिट्यन्यतरस्याम्	lityanyatarasyaam
621	4	2.4.44	आत्मनेपदेष्वन्यतरस्याम्	aatmanepadeshvanyatarasyaam
622	4	2.4.47	सनि च	sanicha
623	4	2.4.64	यञञोश्च	yanyanyoshcha
624	4	2.4.65	अत्रिभृगुकुत्सवसिष्ठगोतमाङ्गिरोभ्यश्च	atribhrugukutsavasishthagotamaanggirobhyashcha
625	4	2.4.66	बह्वचः इञः प्राच्यभरतेषु	bahvachahinyahapraachyabharateshu
626	4	2.4.67	न गोपवनादिभ्यः	nagopavanaadibhyah
627	4	2.4.68	तिककितवादिभ्यो द्वन्द्वे	tikakitavaadibhyodvamdve
628	4	2.4.69	उपकादिभ्योऽन्यतरस्यामद्वन्द्वे	upakaadibhyonyatarasyaamadvamdve
629	4	2.4.70	आगस्त्यकौण्डिन्ययोरगस्तिकुण्डिनच्	aagastyakaundinyayoragastikundinach
630	4	2.4.74	यङोऽचि च	yangochicha
631	4	2.4.76	बहुलं छन्दसि	bahulamchhandasi
632	4	2.4.79	तनादिभ्यस्तथासोः	tanaadibhyastathaasoh
633	4	2.4.84	तृतीयासप्तम्योर्बहुलम्	truteeyaasaptamyorbahulam
634	4	3.1.4	अनुदात्तौ सुप्पितौ	anudattausuppitau
635	4	3.1.5	गुप्तिज्किद्भ्यः सन्	guptijkidbhyahasan
636	4	3.1.91	धातोः	dhaatoh
637	4	4.1.1	ङ्याप्प्रातिपदिकात्	ngyaappraatipadikaat
638	4	6.1.6	जक्षित्यादयः षट्	jakshityaadayahashat
639	4	6.1.9	सन्यङोः	sanyangoh
640	4	6.1.10	श्लौ	shlau
641	4	6.1.11	चङि	changi
642	4	6.1.17	लिट्यभ्यासस्योभयेषाम्	lityabhyaasasyobhayeshaam
643	4	6.1.25	प्रतेश्च	prateshcha
644	4	6.1.26	विभाषाऽभ्यवपूर्वस्य	vibhaashaabhyavapoorvasya
645	4	6.1.52	खिदेश्छन्दसि	khideshchhandasi
646	4	6.1.53	अपगुरो णमुलि	apaguronamuli
647	4	6.1.54	चिस्फुरोर्णौ	chisphurornau
648	4	6.1.74	आङ्माङोश्च	aangmaangoshcha
649	4	6.1.75	दीर्घात्	deerghaat
650	4	6.1.78	एचोऽयवायावः	echoyavaayaavah
651	4	6.1.84	एकः पूर्वपरयोः	ekahapoorvaparayoh
652	4	6.1.133	स्यश्छन्दसि बहुलम्	syashchhandasibahulam
653	4	6.1.134	सोऽचि लोपे चेत् पादपूरणम्	sochilopechetpaadapooranam
654	4	6.1.136	अडभ्यासव्यवायेऽपि	adabhyaasavyavaayepi
655	4	6.1.137	सम्पर्युपेभ्यः करोतौ भूषणे	samparyupebhyahakarotaubhooshane
656	4	6.1.143	कुस्तुम्बुरूणि जातिः	kustumburoonijaatih
657	4	6.1.144	अपरस्पराः क्रियासातत्ये	aparasparaahakriyaasaatatye
658	4	6.1.145	गोष्पदं सेवितासेवितप्रमाणेषु	goshpadamsevitaasevitapramaaneshu
659	4	6.1.146	आस्पदं प्रतिष्ठायाम्	aaspadampratishthaayaam
660	4	6.1.147	आश्चर्यमनित्ये	aashcharyamanitye
661	4	6.1.148	वर्चस्केऽवस्करः	varchaskevaskarah
662	4	6.1.149	अपस्करो रथाङ्गम्	apaskarorathaanggam
663	4	6.1.150	विष्किरः शकुनौ वा	vishkirahashakunauvaa
664	4	6.1.151	ह्रस्वाच्चन्द्रोत्तरपदे मन्त्रे	hrasvaachchandrottarapademantre
665	4	6.1.152	प्रतिष्कशश्च कशेः	pratishkashashchakasheh
666	4	6.1.153	प्रस्कण्वहरिश्चन्द्रावृषी	praskanvaharishchandraavrushee
667	4	6.1.154	मस्करमस्करिणौ वेणुपरिव्राजकयोः	maskaramaskarinauvenuparivraajakayoh
668	4	6.1.155	कास्तीराजस्तुन्दे नगरे	kaasteeraajastundenagare
669	4	6.1.156	कारस्करो वृक्षः	kaaraskarovrukshah
670	4	6.1.157	पारस्करप्रभृतीनि च संज्ञायाम्	paaraskaraprabhruteenichasamjnyaayaam
671	4	6.1.165	कितः	kitah
672	4	6.1.170	अञ्चेश्छन्दस्यसर्वनामस्थानम्	anycheshchhandasyasarvanaamasthaanam
673	4	6.1.176	ह्रस्वनुड्भ्यां मतुप्	hrasvanudbhyaammatup
674	4	6.1.205	निष्ठा च द्व्यजनात्	nishthaachadvyajanaat
675	4	6.1.209	जुष्टार्पिते च छन्दसि	jushtaarpitechachhandasi
676	4	6.1.212	ङयि च	ngayicha
677	4	6.1.216	त्यागरागहासकुहश्वठक्रथानाम्	tyaagaraagahaasakuhashvathakrathaanaam
678	4	6.1.221	ईवत्याः	eevatyaah
679	4	6.1.222	चौ	chau
680	4	6.1.223	समासस्य	samaasasya
681	4	6.2.16	प्रीतौ च	preetaucha
682	4	6.2.19	न भूवाक्चिद्दिधिषु	nabhoovaakchiddidhishu
683	4	6.2.20	वा भुवनम्	vaabhuvanam
684	4	6.2.27	आदिः प्रत्येनसि	aadihapratyenasi
685	4	6.2.31	दिष्टिवितस्त्योश्च	dishtivitastyoshcha
686	4	6.2.46	कर्मधारयेऽनिष्ठा	karmadhaarayenishthaa
687	4	6.2.47	अहीने द्वितीया	aheenedviteeyaa
688	4	6.2.48	तृतीया कर्मणि	truteeyaakarmani
689	4	6.2.58	आर्यो ब्राह्मणकुमारयोः	aaryobraahmanakumaarayoh
690	4	6.2.63	राजा च प्रशंसायाम्	raajaachaprashamsaayaam
691	4	6.2.68	पापं च शिल्पिनि	paapamchashilpini
692	4	6.2.74	प्राचां क्रीडायाम्	praachaamkreedaayaam
693	4	6.2.76	शिल्पिनि चाकृञः	shilpinichaakrunyah
694	4	6.2.80	उपमानं शब्दार्थप्रकृतावेव	upamaanamshabdaarthaprakrutaaveva
695	4	6.2.83	अन्त्यात् पूर्वं बह्वचः	antyaatpoorvambahvachah
696	4	6.2.88	मालादीनां च	maalaadeenaamcha
697	4	6.2.91	न भूताधिकसंजीवमद्राश्मकज्जलम्	nabhootaadhikasamjeevamadraashmakajjalam
698	4	6.2.93	सर्वं गुणकार्त्स्न्ये	sarvamgunakaartsnye
699	4	6.2.94	संज्ञायां गिरिनिकाययोः	samjnyaayaamgirinikaayayoh
700	4	6.2.95	कुमार्यां वयसि	kumaaryaamvayasi
701	4	6.2.96	उदकेऽकेवले	udakekevale
702	4	6.2.97	द्विगौ क्रतौ	dvigaukratau
703	4	6.2.98	सभायां नपुंसके	sabhaayaamnapumsake
704	4	6.2.99	पुरे प्राचाम्	purepraachaam
705	4	6.2.102	कुसूलकूपकुम्भशालं बिले	kusoolakoopakumbhashaalambile
706	4	6.2.103	दिक्शब्दा ग्रामजनपदाख्यानचानराटेषु	dikshabdaagraamajanapadaakhyaanachaanaraateshu
707	4	6.2.106	बहुव्रीहौ विश्वं संज्ञायाम्	bahuvreehauvishvamsamjnyayaam
708	4	6.3.5	आज्ञायिनि च	aajnyaayinicha
709	4	6.3.7	वैयाकरणाख्यायां चतुर्थ्याः	vaiyaakaranaakhyaayaamchaturthyaah
710	4	6.3.16	विभाषा वर्षक्षरशरवरात्	vibhaashaavarshaksharasharavaraat
711	4	6.3.20	स्थे च भाषायाम्	sthechabhaashaayaam
712	4	6.3.24	विभाषा स्वसृपत्योः	vibhaashaasvasrupatyoh
713	4	6.3.25	आनङ् ऋतो द्वन्द्वे	aanangrutodvandve
714	4	6.3.38	संज्ञापूरण्योश्च	samjnyaapooranyoshcha
715	4	6.3.39	वृद्धिनिमित्तस्य च तद्धितस्यारक्तविकारे	vruddhinimittasyachataddhitasyaaraktavikaare
716	4	6.3.40	स्वाङ्गाच्चेतोऽमानिनि	svaanggaachchetomaanini
717	4	6.3.42	पुंवत् कर्मधारयजातीयदेशीयेषु	pumvatkarmadhaarayajaateeyadesheeyeshu
718	4	6.3.43	घरूपकल्पचेलड्ब्रुवगोत्रमतहतेषु ङ्योऽनेकाचो ह्रस्वः	gharoopakalpacheladbruvagotramatahateshungyonekaachohrasvah
719	4	6.3.48	त्रेस्त्रयः	trestrayah
720	4	6.3.76	एकादिश्चैकस्य चादुक्	ekaadishchaikasyachaaduk
721	4	6.3.77	नगोऽप्राणिष्वन्यतरस्याम्	nagopraanishvanyatarasyaam
722	4	6.3.85	ज्योतिर्जनपदरात्रिनाभिनामगोत्ररूपस्थानवर्णवयोवचनबन्धुषु	jyotirjanapadaraatrinaabhinaamagotraroopasthaanavarnavayovachanabandhushu
723	4	6.3.86	चरणे ब्रह्मचारिणि	charanebrahmachaarini
724	4	6.3.87	तीर्थे ये	teertheye
725	4	6.3.88	विभाषोदरे	vibhaashodare
726	4	6.3.90	इदङ्किमोरीश्की	idangkimoreeshkee
727	4	6.3.91	आ सर्वनाम्नः	aasarvanaamnah
728	4	6.3.105	ईषदर्थे	eeshadarthe
729	4	6.3.106	विभाषा पुरुषे	vibhaashaapurushe
730	4	6.3.115	कर्णे लक्षणस्याविष्टाष्टपञ्चमणिभिन्नछिन्नछिद्रस्रुवस्वस्तिकस्य	karnelakshanasyaavishtaashtapanychamanibhinnachhinnachhidrasruvasvastikasya
731	4	6.3.116	नहिवृतिवृषिव्यधिरुचिसहितनिषु क्वौ	nahivrutivrushivyadhiruchisahitanishukvau
732	4	6.3.117	वनगिर्योः संज्ञायां कोटरकिंशुलकादीनाम्	vanagiryohasamjnyaayaamkotarakimshulakaadeenaam
733	4	6.3.121	इकः वहेऽपीलोः	ikahavahepeeloh
734	4	6.3.122	उपसर्गस्य घञ्यमनुष्ये बहुलम्	upasargasyaghanyyamanushyebahulam
735	4	6.3.125	अष्टनः संज्ञायाम्	ashtanahasamjnyaayaam
736	4	6.3.127	चितेः कपि	chitehakapi
737	4	6.3.128	विश्वस्य वसुराटोः	vishvasyavasuraatoh
738	4	6.3.131	मन्त्रे सोमाश्वेन्द्रियविश्वदेव्यस्य मतौ	mantresomaashvendriyavishvadevyasyamatau
739	4	6.3.133	ऋचि तुनुघमक्षुतङ्कुत्रोरुष्याणाम्	ruchitunughamakshutangkutrorushyaanaam
740	4	6.3.137	अन्येषामपि दृश्यते	anyeshaamapidrushyate
741	4	6.3.138	चौ	chau
742	4	6.3.139	सम्प्रसारणस्य	samprasaaranasya
743	4	8.1.19	आमन्त्रितस्य च	aamantritasyacha
744	4	8.1.20	युष्मदस्मदोः षष्ठीचतुर्थीद्वितीयास्थयोर्वान्नावौ	yushmadasmadohashashtheechaturtheedviteeyaasthayorvaannaavau
745	4	8.1.27	तिङो गोत्रादीनि कुत्सनाभीक्ष्ण्ययोः	tingogotraadeenikutsanaabheekshnyayoh
746	4	8.1.28	तिङ्ङतिङः	tingngatingah
747	4	8.1.70	गतिर्गतौ	gatirgatau
748	4	8.1.72	आमन्त्रितं पूर्वमविद्यमानवत्	aamantritampoorvamavidyamaanavat
749	4	8.2.5	एकादेश उदात्तेनोदात्तः	ekaadeshudaattenodaattah
750	4	8.2.8	न ङिसम्बुद्ध्योः	nangisambuddhyoh
751	4	8.2.10	झयः	jhayah
752	4	8.2.11	संज्ञायाम्	samjnyaayaam
753	4	8.2.19	उपसर्गस्यायतौ	upasargasyaayatau
754	4	8.2.20	ग्रो यङि	groyangi
755	4	8.2.24	रात्सस्य	raatsasya
756	4	8.2.43	संयोगादेरातो धातोर्यण्वतः	samyogaaderaatodhaatoryanvatah
757	4	8.2.44	ल्वादिभ्यः	lvaadibhyah
758	4	8.2.45	ओदितश्च	oditashcha
759	4	8.2.46	क्षियो दीर्घात्	kshiyodeerghaat
760	4	8.2.47	श्योऽस्पर्शे	shyosparshe
761	4	8.2.48	अञ्चोऽनपादाने	anychonapaadaane
762	4	8.2.49	दिवोऽविजिगीषायाम्	divovijigeeshaayaam
763	4	8.2.50	निर्वाणोऽवाते	nirvaanovaate
764	4	8.2.51	शुषः कः	shushahakah
765	4	8.2.52	पचो वः	pachovah
766	4	8.2.53	क्षायो मः	kshaayomah
767	4	8.2.55	अनुपसर्गात् फुल्लक्षीबकृशोल्लाघाः	anupasargaatphullaksheebakrushollaaghaah
768	4	8.2.56	नुदविदोन्दत्राघ्राह्रीभ्योऽन्यतरस्याम्	nudavidondatraaghraahreebhyonyatarasyaam
769	4	8.2.57	न ध्याख्यापॄमूर्छिमदाम्	nadhyaakhyaaprumoorchhimadaam
770	4	8.2.63	नशेर्वा	nashervaa
771	4	8.2.65	म्वोश्च	mvoshcha
772	4	8.2.69	रोऽसुपि	rosupi
773	4	8.2.72	वसुस्रंसुध्वंस्वनडुहां दः	vasusramsudhvamsvanaduhaamdah
774	4	8.2.81	एत ईद्बहुवचने	eteedbahuvachane
775	4	8.2.83	प्रत्यभिवादेऽशूद्रे	pratyabhivaadeshoodre
776	4	8.2.84	दूराद्धूते च	dooraaddhootecha
777	4	8.2.87	ओमभ्यादाने	omabhyaadaane
778	4	8.2.88	ये यज्ञकर्मणि	yeyajnyakarmani
779	4	8.2.93	विभाषा पृष्टप्रतिवचने हेः	vibhaashaaprushtaprativachaneheh
780	4	8.2.95	आम्रेडितं भर्त्सने	aamreditambhartsane
781	4	8.2.97	विचार्यमाणानाम्	vichaaryamaanaanaam
782	4	8.2.99	प्रतिश्रवणे च	pratishravanecha
783	4	8.2.100	अनुदात्तं प्रश्नान्ताभिपूजितयोः	anudaattamprashnaantaabhipoojitayoh
784	4	8.2.103	स्वरितमाम्रेडितेऽसूयासम्मतिकोपकुत्सनेषु	svaritamaamreditesooyaasammatikopakutsaneshu
785	4	8.2.106	प्लुतावैच इदुतौ	plutaavaichidutau
786	4	8.2.107	एचोऽप्रगृह्यस्यादूराद्धूते पूर्वस्यार्धस्यादुत्तरस्येदुतौ	echopragruhyasyaadooraaddhootepoorvasyaardhasyaaduttarasyedutau
787	4	8.3.1	मतुवसो रु सम्बुद्धौ छन्दसि	matuvasorusambuddhauchhandasi
788	4	8.3.13	ढो ढे लोपः	dhodhelopah
789	4	8.3.25	मो राजि समः क्वौ	moraajisamahakvau
790	4	8.3.32	ङमो ह्रस्वादचि ङमुण्नित्यम्	ngamohrasvaadachingamunnityam
791	4	8.3.55	अपदान्तस्य मूर्धन्यः	apadaantasyamoordhanyah
792	4	8.4.1	रषाभ्यां नो णः समानपदे	rashaabhyaamnonahasamaanapade
793	4	8.4.40	स्तोः श्चुना श्चुः	stohashchunaashchuh
794	4	8.4.53	झलां जश् झशि	jhalaamjashjhashi
795	4	8.4.58	अनुस्वारस्य ययि परसवर्णः	anusvaarasyayayiparasavarnah
796	4	8.4.66	उदात्तादनुदात्तस्य स्वरितः	udaattaadanudaattasyasvaritah
797	4	8.4.68	अ अ	aaiti
798	5	1.1.17	उञः	unyah
799	5	1.1.33	प्रथमचरमतयाल्पार्धकतिपयनेमाश्च	prathamacharamatayaalpaardhakatipayanemaashcha
800	5	1.1.34	पूर्वपरावरदक्षिणोत्तरापराधराणि व्यवस्थायामसंज्ञायाम्	poorvaparaavaradakshinottaraaparaadharaani
801	5	1.1.35	स्वमज्ञातिधनाख्यायाम्	svamadnyaatidhanaakhyaayaam
802	5	1.1.36	अन्तरं बहिर्योगोपसंव्यानयोः	antarambahiryogopasamvyaanayoh
803	5	1.2.8	रुदविदमुषग्रहिस्वपिप्रच्छः सँश्च	rudavidamushagrahisvapiprachchhahasanshcha
804	5	1.2.19	निष्ठा शीङ्स्विदिमिदिक्ष्विदिधृषः	nishthaasheengsvidimidikshvididhrushah
805	5	1.2.60	फल्गुनीप्रोष्ठपदानां च नक्षत्रे	phalguneeproshthapadaanaamchanakshatre
806	5	1.3.16	इतरेतरान्योन्योपपदाच्च	itaretaraanyonyopapadaachcha
807	5	1.3.26	अकर्मकाच्च	akarmakaachcha
808	5	1.3.35	अकर्मकाच्च	akarmakaachcha
809	5	1.3.49	अनोरकर्मकात्	anorakarmakaat
810	5	1.3.50	विभाषा विप्रलापे	vibhaashaavipralaape
811	5	1.3.55	दाणश्च सा चेच्चतुर्थ्यर्थे	daanashchasaachechchaturthyarthe
812	5	1.3.59	प्रत्याङ्भ्यां श्रुवः	pratyaangbhyaamshruvah
813	5	1.3.70	लियः सम्माननशालीनीकरणयोश्च	liyahasammaananashaaleeneekaranayoshcha
814	5	1.3.79	अनुपराभ्यां कृञः	anuparaabhyaamkrunyah
815	5	1.3.80	अभिप्रत्यतिभ्यः क्षिपः	abhipratyatibhyahakshipah
816	5	1.3.81	प्राद्वहः	praadvahah
817	5	1.3.82	परेर्मृषः	parermrushah
818	5	1.3.83	व्याङ्परिभ्यो रमः	vyaangparibhyoramah
819	5	1.3.86	बुधयुधनशजनेङ्प्रुद्रुस्रुभ्यो णेः	budhayudhanashajanengprudrusrubhyoneh
820	5	1.3.90	वा क्यषः	vaakyashah
821	5	1.4.6	ङिति ह्रस्वश्च	ngitihrasvashcha
822	5	1.4.19	तसौ मत्वर्थे	tasaumatvarthe
823	5	1.4.20	अयस्मयादीनि च्छन्दसि	ayasmayaadeenichchhandasi
824	5	1.4.31	भुवः प्रभवः	bhuvahaprabhavah
825	5	1.4.38	क्रुधद्रुहोरुपसृष्टयोः कर्म	krudhadruhorupasrushtayohakarma
826	5	1.4.41	अनुप्रतिगृणश्च	anupratigrunashcha
827	5	1.4.47	अभिनिविशश्च	abhinivishashcha
828	5	1.4.48	उपान्वध्याङ्वसः	upaanvadhyaangvasah
829	5	1.4.53	हृक्रोरन्यतरस्याम्	hrukroranyatarasyaam
830	5	1.4.59	उपसर्गाः क्रियायोगे	upasargaahakriyaayoge
831	5	1.4.82	व्यवहिताश्च	vyavahitaashcha
832	5	1.4.85	तृतीयार्थे	truteeyaarthe
833	5	1.4.86	हीने	heene
834	5	1.4.91	अभिरभागे	abhirabhaage
835	5	1.4.92	प्रतिः प्रतिनिधिप्रतिदानयोः	pratihapratinidhipratidaanayoh
836	5	1.4.95	अतिरतिक्रमणे च	atiratikramanecha
837	5	1.4.98	विभाषा कृञि	vibhaashaakrunyi
838	5	1.4.104	विभक्तिश्च	vibhaktishcha
839	5	2.1.6	अव्ययं विभक्तिसमीपसमृद्धिव्यृद्ध्यर्थाभावात्ययासम्प्रतिशब्दप्रादुर्भावपश्चाद्यथानुपूर्व्ययौगपद्यसादृश्यसम्पत्तिसाकल्यान्तवचनेषु	avyayamvibhaktisameepasamruddhivyruddhyarthaabhaavaatyayaasampratishabdapraadurbhaavapashchaadyathaanupoorvyayaugapadyasaadrushyasampattisaakalyaantavachaneshu
840	5	2.1.9	सुप्प्रतिना मात्रार्थे	suppratinaamaatraarthe
841	5	2.1.10	अक्षशलाकासंख्याः परिणा	akshashalaakaasamkhyaahaparinaa
842	5	2.1.11	विभाषा	vibhaashaa
843	5	2.3.25	विभाषा गुणेऽस्त्रियाम्	vibhaashaagunestriyaam
844	5	2.3.27	सर्वनाम्नस्तृतीया च	sarvanaamnastruteeyaacha
845	5	2.3.34	दूरान्तिकार्थैः षष्ठ्यन्यतरस्याम्	dooraantikaarthaihashashthyanyatarasyaam
846	5	2.3.35	दूरान्तिकार्थेभ्यो द्वितीया च	dooraantikaarthebhyodviteeyaacha
847	5	2.3.58	दिवस्तदर्थस्य	divastadarthasya
848	5	2.4.16	विभाषा समीपे	vibhaashaasameepe
849	5	2.4.41	वेञो वयिः	venyovayih
850	5	2.4.48	इङश्च	ingashcha
851	5	3.1.6	मान्बधदान्शान्भ्यो दीर्घश्चाभ्यासस्य	maanbadhadaanshaanbhyodeerghashchaabhyaasasya
852	5	3.1.7	धातोः कर्मणः समानकर्तृकादिच्छायां वा	dhaatohakarmanahasamaanakartrukaadichchhaayaamvaa
853	5	3.1.92	तत्रोपपदं सप्तमीस्थम्	tatropapadamsaptameestham
854	5	3.4.113	तिङ्शित्सार्वधातुकम्	tingshitsaarvadhaatukam
855	5	3.4.114	आर्धधातुकं शेषः	aardhadhatukamsheshah
856	5	4.1.2	स्वौजसमौट्छष्टाभ्याम्भिस्ङेभ्याम्भ्यस्ङसिभ्याम्भ्यस्ङसोसाङ्ङ्योस्सुप्	svaujasamautchhashtaabhyaambhisngebhyaambhyasngasibhyaambhyasngasosaamngyossup
857	5	4.1.3	स्त्रियाम्	striyaam
858	5	6.1.27	शृतं पाके	shrutampaake
859	5	6.1.28	प्यायः पी	pyaayahapee
860	5	6.1.55	प्रजने वीयतेः	prajaneveeyateh
861	5	6.1.56	बिभेतेर्हेतुभये	bibheterhetubhaye
862	5	6.1.76	पदान्ताद्वा	padaantaadvaa
863	5	6.1.79	वान्तो यि प्रत्यये	vaantoyipratyaye
864	5	6.1.85	अन्तादिवच्च	antaadivachcha
865	5	6.1.86	षत्वतुकोरसिद्धः	shatvatukorasiddhah
866	5	6.1.87	आद्गुणः	aadgunah
867	5	6.1.101	अकः सवर्णे दीर्घः	akahasavarnedeerghah
868	5	6.1.138	समवाये च	samavaayecha
869	5	6.1.139	उपात् प्रतियत्नवैकृतवाक्याध्याहारेषु	upaatpratiyatnavaikrutavaakyaadhyaahaareshu
870	5	6.1.171	ऊडिदम्पदाद्यप्पुम्रैद्युभ्यः	oodidampadaadyappumraidyubhyah
871	5	6.1.172	अष्टनो दीर्घात्	ashtanodeerghaat
872	5	6.1.173	शतुरनुमो नद्यजादी	shaturanumonadyajaadee
873	5	6.1.177	नामन्यतरस्याम्	naamanyatarasyaam
874	5	6.1.210	नित्यं मन्त्रे	nityammantre
875	5	6.2.28	पूगेष्वन्यतरस्याम्	poogeshvanyatarasyaam
876	5	6.2.49	गतिरनन्तरः	gatiranantarah
877	5	6.2.59	राजा च	raajaacha
878	5	6.2.77	संज्ञायां च	samjnyaayaamcha
879	5	6.2.100	अरिष्टगौडपूर्वे च	arishtagaudapoorvecha
880	5	6.2.101	न हास्तिनफलकमार्देयाः	nahaastinaphalakamaardeyaah
881	5	6.2.104	आचार्योपसर्जनश्चान्तेवासिनि	aachaaryopasarjanashchaantevaasini
882	5	6.2.105	उत्तरपदवृद्धौ सर्वं च	uttarapadavruddhausarvamcha
883	5	6.2.107	उदराश्वेषुषु	udaraashveshushu
884	5	6.2.109	नदी बन्धुनि	nadeebandhuni
885	5	6.2.110	निष्ठोपसर्गपूर्वमन्यतरस्याम्	nishthopasargapoorvamanyatarasyaam
886	5	6.2.111	उत्तरपदादिः	uttarapadaadih
887	5	6.3.8	परस्य च	parasyacha
888	5	6.3.17	घकालतनेषु कालनाम्नः	ghakaalataneshukaalanaamnah
889	5	6.3.18	शयवासवासिष्वकालात्	shayavaasavaasishvakaalaat
890	5	6.3.26	देवताद्वन्द्वे च	devataadvandvecha
891	5	6.3.41	जातेश्च	jaateshcha
892	5	6.3.44	नद्याः शेषस्यान्यतरस्याम्	nadyaahasheshasyaanyatarasyaam
893	5	6.3.49	विभाषा चत्वारिंशत्प्रभृतौ सर्वेषाम्	vibhaashaachatvaarimshatprabhrutausarveshaam
894	5	6.3.50	हृदयस्य हृल्लेखयदण्लासेषु	hrudayasyahrullekhayadanlaaseshu
895	5	6.3.52	पादस्य पदाज्यातिगोपहतेषु	paadasyapadaajyaatigopahateshu
896	5	6.3.57	उदकस्योदः संज्ञायाम्	udakasyodahasamjnyaayaam
897	5	6.3.92	विष्वग्देवयोश्च टेरद्र्यञ्चतावप्रत्यये	vishvagdevayoshchateradryanychatauvapratyaye
898	5	6.3.107	कवं चोष्णे	kavamchoshne
899	5	6.3.118	वले	vale
900	5	6.3.119	मतौ बह्वचोऽनजिरादीनाम्	mataubahvachonajiraadeenaam
901	5	6.3.123	इकः काशे	ikahakaashe
902	5	6.3.126	छन्दसि च	chhandasicha
903	5	6.3.129	नरे संज्ञायाम्	naresamjnyaayaam
904	5	6.3.130	मित्रे चर्षौ	mitrecharshau
905	5	6.3.132	ओषधेश्च विभक्तावप्रथमायाम्	oshadheshchavibhaktaavaprathamaayaam
906	5	6.3.134	इकः सुञि	ikahasunyi
907	5	6.3.135	द्व्यचोऽतस्तिङः	dvyachotastingah
908	5	6.3.136	निपातस्य च	nipaatasyacha
909	5	6.4.1	अङ्गस्य	anggasya
910	5	8.1.21	बहुवचनस्य वस्नसौ	bahuvachanevasnasau
911	5	8.1.22	तेमयावेकवचनस्य	temayaavekavachanasya
912	5	8.1.24	न चवाहाहैवयुक्ते	nachavaahaahaivayukte
913	5	8.1.29	न लुट्	nalut
914	5	8.1.71	तिङि चोदात्तवति	tingichodaattavati
915	5	8.1.73	नामन्त्रिते समानाधिकरणे सामान्यवचनम्	naamantritesamaanaadhikaranesaamaanyavachanam
916	5	8.2.6	स्वरितो वाऽनुदात्ते पदादौ	svaritovaanudaattepadaadau
917	5	8.2.12	आसन्दीवदष्ठीवच्चक्रीवत्कक्षीवद्रुमण्वच्चर्मण्वती	aasandeevadashtheevachchakreevatkaksheevadrumanvachcharmanvatee
918	5	8.2.13	उदन्वानुदधौ च	udanvaanudadhaucha
919	5	8.2.14	राजन्वान् सौराज्ये	raajanvaansauraajye
920	5	8.2.15	छन्दसीरः	chhandaseerah
921	5	8.2.21	अचि विभाषा	achivibhaashaa
922	5	8.2.25	धि च	dhicha
923	5	8.2.26	झलो झलि	jhalojhali
924	5	8.2.54	प्रस्त्योऽन्यतरस्याम्	prastyonyatarasyaam
925	5	8.2.58	वित्तो भोगप्रत्यययोः	vittobhogapratyayayoh
926	5	8.2.59	भित्तं शकलम्	bhittamshakalam
927	5	8.2.60	ऋणमाधमर्ण्ये	runamaadhamarnye
928	5	8.2.61	नसत्तनिषत्तानुत्तप्रतूर्तसूर्तगूर्तानि छन्दसि	nasattanishattaanuttapratoortasoortagoortaanichhandasi
929	5	8.2.70	अम्नरूधरवरित्युभयथा छन्दसि	amnaroodharavarityubhayathaachhandasi
930	5	8.2.73	तिप्यनस्तेः	tipyanasteh
931	5	8.2.74	सिपि धातो रुर्वा	sipidhaatorurvaa
932	5	8.2.85	हैहेप्रयोगे हैहयोः	haiheprayogehaihayoh
933	5	8.2.86	गुरोरनृतोऽनन्त्यस्याप्येकैकस्य प्राचाम्	guroranrutonantyasyaapyekaikasyapraachaam
934	5	8.2.89	प्रणवष्टेः	pranavashteh
935	5	8.2.91	ब्रूहिप्रेष्यश्रौषड्वौषडावहानामादेः	broohipresyashraushadvaushadaavahaanaamaadeh
936	5	8.2.94	निगृह्यानुयोगे च	nigruhyaanuyogecha
937	5	8.2.96	अङ्गयुक्तं तिङ् आकाङ्क्षम्	anggayuktamtingaakaangksham
938	5	8.2.98	पूर्वं तु भाषायाम्	poorvamtubhaashaayaam
939	5	8.2.101	चिदिति चोपमाऽर्थे प्रयुज्यमाने	chiditichopamaartheprayujyamaane
940	5	8.2.102	उपरिस्विदासीदिति च	uparisvidaaseediticha
941	5	8.2.104	क्षियाऽऽशीःप्रैषेषु तिङ् आकाङ्क्षम्	kshiyaasheehapraisheshutingaakaangksham
942	5	8.2.105	अनन्त्यस्यापि प्रश्नाख्यानयोः	anantyasyaapiprashnaakhyaanayoh
943	5	8.3.2	अत्रानुनासिकः पूर्वस्य तु वा	atraanunaasikahapoorvasyatuvaa
944	5	8.3.14	रो रि	rori
945	5	8.3.26	हे मपरे वा	hemaparevaa
946	5	8.3.33	मय उञो वो वा	mayunyovovaa
947	5	8.3.56	सहेः साडः सः	sahehasaadahasah
948	5	8.4.2	अट्कुप्वाङ्नुम्व्यवायेऽपि	atkupvaangnumvyavaayepi
949	5	8.4.3	पूर्वपदात् संज्ञायामगः	poorvapadaatsamjnyaayaamagah
950	5	8.4.14	उपसर्गादसमासेऽपि णोपदेशस्य	upasargaadasamaasepinopadeshasya
951	5	8.4.24	अन्तरदेशे	antaradeshe
952	5	8.4.26	छन्दस्यृदवग्रहात्	chhandasyrudavagrahaat
953	5	8.4.41	ष्टुना ष्टुः	shtunaashtuh
954	5	8.4.54	अभ्यासे चर्च	abhyaasecharchcha
955	5	8.4.59	वा पदान्तस्य	vaapadaantasya
956	5	8.4.60	तोर्लि	torli
957	5	8.4.61	उदः स्थास्तम्भोः पूर्वस्य	udahasthaastambhohapoorvasya
958	5	8.4.67	नोदात्तस्वरितोदयमगार्ग्यकाश्यपगालवानाम्	nodaattasvaritodayamagaargyakaashyapagaalavaanaam
959	6	1.1.18	ऊँ	oon
960	6	1.2.9	इको झल्	ikojhal
961	6	1.2.20	मृषस्तितिक्षायाम्	mrushastitikshaayaam
962	6	1.2.21	उदुपधाद्भावादिकर्मणोरन्यतरस्याम्	udupadhaadbhaavaadikarmanoranyatarasyaam
963	6	1.2.22	पूङः क्त्वा च	poongahaktvaacha
964	6	1.2.61	छन्दसि पुनर्वस्वोरेकवचनम्	chhandasipunarvasvorekavachanam
965	6	1.3.27	उद्विभ्यां तपः	udvibhyaamtapah
966	6	1.3.28	आङो यमहनः	aangoyamahanah
967	6	1.3.29	समो गम्यृच्छिप्रच्छिस्वरत्यर्तिश्रुविदिभ्यः	samogamyruchchhiprachchhisvaratyartishruvidibhyah
968	6	1.3.84	उपाच्च	upaachcha
969	6	1.3.87	निगरणचलनार्थेभ्यश्च	nigaranachalanaarthebhyah
970	6	1.3.88	अणावकर्मकाच्चित्तवत्कर्तृकात्	anaavakarmakaachchittavatkartrukaat
971	6	1.3.89	न पादम्याङ्यमाङ्यसपरिमुहरुचिनृतिवदवसः	napaadamyaangyamaangyasaparimuharuchinrutivadavasah
972	6	1.3.91	द्युद्भ्यो लुङि	dyudbhyolungi
973	6	1.3.92	वृद्भ्यः स्यसनोः	vrudbhyahasyasanoh
974	6	1.4.7	शेषो घ्यसखि	sheshoghyasakhi
975	6	1.4.60	गतिश्च	gatishcha
976	6	1.4.87	उपोऽधिके च	upodhikecha
977	6	2.1.7	यथासादृश्ये	yathaasaadruye
978	6	2.1.8	यावदवधारणे	yaavadavadhaarane
979	6	2.1.12	अपपरिबहिरञ्चवः पञ्चम्या	apaparibahiranychavahapanychamyaa
980	6	2.1.14	लक्षणेनाभिप्रती आभिमुख्ये	lakshanenaabhiprateeaabhimukhye
981	6	2.1.17	तिष्ठद्गुप्रभृतीनि च	tishthadguprabhruteenicha
982	6	2.1.18	पारे मध्ये षष्ठ्या वा	paaremadhyeshashthyaavaa
983	6	2.1.19	संख्या वंश्येन	samkhyaavamshyena
984	6	2.1.22	तत्पुरुषः	tatpurushah
985	6	2.2.23	शेषो बहुव्रीहिः	sheshobahuvreehih
986	6	2.2.24	अनेकमन्यपदार्थे	anekamanyapadaarthe
987	6	2.2.30	उपसर्जनं पूर्वम्	upasarjanampoorvam
988	6	2.3.36	सप्तम्यधिकरणे च	saptamyadhikaranecha
989	6	2.3.59	विभाषोपसर्गे	vibhaashopasarge
990	6	2.3.60	द्वितीया ब्राह्मणे	dviteeyaabraahmane
991	6	2.4.49	गाङ् लिटि	gaangliti
992	6	3.1.8	सुप आत्मनः क्यच्	supaatmanahakyach
993	6	3.1.22	धातोरेकाचो हलादेः क्रियासमभिहारे यङ्	dhaatorekaachohalaadehakriyaasamabhihaareyang
994	6	3.1.93	कृदतिङ्	krudating
995	6	3.4.115	लिट् च	litcha
996	6	3.4.116	लिङाशिषि	lingaashishi
997	6	3.4.117	छन्दस्युभयथा	chhandasyubhayathaa
998	6	4.1.4	अजाद्यतष्टाप्	ajaadyatashtaap
999	6	4.1.5	ऋन्नेभ्यो ङीप्	runnebhyongeep
1000	6	6.1.29	लिड्यङोश्च	lidyangoshcha
1001	6	6.1.57	नित्यं स्मयतेः	nityamsmayateh
1002	6	6.1.80	धातोस्तन्निमित्तस्यैव	dhaatostannimittasyaiva
1003	6	6.1.88	वृद्धिरेचि	vruddhirechi
1004	6	6.1.102	प्रथमयोः पूर्वसवर्णः	prathamayohapoorvasavarnah
1005	6	6.1.107	अमि पूर्वः	amipoorvah
1006	6	6.1.140	किरतौ लवने	kirataulavane
1007	6	6.1.174	उदात्तयणो हल्पूर्वात्	udaattayanohalpoorvaat
1008	6	6.1.178	ङ्याश्छन्दसि बहुलम्	ngyaashchhandasibahulam
1009	6	6.1.179	षट्त्रिचतुर्भ्यो हलादिः	shattrichaturbhyohalaadih
1010	6	6.1.182	न गोश्वन्त्साववर्णराडङ्क्रुङ्कृद्भ्यः	nagoshvantsaavavarnaraadangkrungkrudbhyah
1011	6	6.1.185	तित्स्वरितम्	titsvaritam
1012	6	6.1.186	तास्यनुदात्तेन्ङिददुपदेशाल्लसार्वधातुकमनुदात्तमह्न्विङोः	taasyanudaattenngidadupadeshaallasaarvadhaatukamanudaattamahanvingoh
1013	6	6.2.50	तादौ च निति कृत्यतौ	taadauchanitikrutyatau
1014	6	6.2.51	तवै चान्तश्च युगपत्	tavaichaantashchayugapat
1015	6	6.2.52	अनिगन्तोऽञ्चतौ वप्रत्यये	anigantonychatauvapratyaye
1016	6	6.2.60	षष्ठी प्रत्येनसि	shashtheepratyenasi
1017	6	6.2.108	क्षेपे	kshepe
1018	6	6.2.112	कर्णो वर्णलक्षणात्	karnovarnalakshanaat
1019	6	6.2.116	नञो जरमरमित्रमृताः	nanyojaramaramitramrutaah
1020	6	6.2.117	सोर्मनसी अलोमोषसी	sormanaseealomoshasee
1021	6	6.2.121	कूलतीरतूलमूलशालाऽक्षसममव्ययीभावे	koolateeratoolamoolashaalaakshasamamavyayeebhaave
1022	6	6.2.122	कंसमन्थशूर्पपाय्यकाण्डं द्विगौ	kamsamanthashoorpapaayyakaandamdvigau
1023	6	6.2.123	तत्पुरुषे शालायां नपुंसके	tatpurusheshaalaayaamnapumsake
1024	6	6.2.144	थाथघञ्क्ताजबित्रकाणाम्	thaathaghanyktaajabitrakaanaam
1025	6	6.2.145	सूपमानात् क्तः	soopamaanaatktah
1026	6	6.2.152	सप्तम्याः पुण्यम्	saptamyaahapunyam
1027	6	6.2.153	ऊनार्थकलहं तृतीयायाः	oonaarthakalahamtruteeyaayaah
1028	6	6.2.155	नञो गुणप्रतिषेधे सम्पाद्यर्हहितालमर्थास्तद्धिताः	nanyogunapratishedhesampaadyarhahitaalamarthaastaddhitaah
1029	6	6.2.162	बहुव्रीहाविदमेतत्तद्भ्यः प्रथमपूरणयोः क्रियागणने	bahuvreehaavidametattadbhyahaprathamapooranayohakriyaaganane
1030	6	6.2.199	परादिश्छन्दसि बहुलम्	paraadishchhandasibahulam
1031	6	6.3.27	ईदग्नेः सोमवरुणयोः	eedagnehasomavarunayoh
1032	6	6.3.28	इद्वृद्धौ	idvruddhau
1033	6	6.3.29	दिवो द्यावा	divodyaavaa
1034	6	6.3.31	उषासोषसः	ushaasoshasah
1035	6	6.3.45	उगितश्च	ugitashcha
1036	6	6.3.51	वा शोकष्यञ्रोगेषु	vaashokashyanyrogeshu
1037	6	6.3.53	पद् यत्यतदर्थे	padyatyatadarthe
1038	6	6.3.58	पेषंवासवाहनधिषु च	peshamvaasavaahanadhishucha
1039	6	6.3.59	एकहलादौ पूरयितव्येऽन्यतरस्याम्	ekahalaadaupoorayitavyenyatarasyaam
1040	6	6.3.93	समः समि	samahasami
1041	6	6.3.94	तिरसस्तिर्यलोपे	tirasastiryalope
1042	6	6.3.95	सहस्य सध्रिः	sahasyasadhrih
1043	6	6.3.108	पथि च च्छन्दसि	pathichachchhandasi
1044	6	6.3.120	शरादीनां च	sharaadeenaamcha
1045	6	6.3.124	दस्ति	dasti
1046	6	6.4.2	हलः	halah
1047	6	6.4.3	नामि	naami
1048	6	6.4.22	असिद्धवदत्राभात्	asiddhavadatraabhaat
1049	6	7.1.1	युवोरनाकौ	yuvoranaakau
1050	6	7.1.2	आयनेयीनीयियः फढखच्छघां प्रत्ययादीनाम्	aayaneyeeneeyiyahaphadhakhachchhaghaampratyayaadeenaam
1051	6	7.1.9	अतो भिस ऐस्	atobhisais
1052	6	7.1.27	युष्मदस्मद्भ्यां ङसोऽश्	yushmadasmadbhyaamngasosh
1053	6	7.1.34	आत औ णलः	aataunalah
1054	6	7.1.35	तुह्योस्तातङ्ङाशिष्यन्यतरस्याम्	tuhyostaatangaashishyanyatarasyaam
1055	6	7.1.58	इदितो नुम् धातोः	iditonumdhaatoh
1056	6	7.1.100	ॠत इद्धातोः	tiddhaatoh
1057	6	7.2.1	सिचि वृद्धिः परस्मैपदेषु	sichivruddhihaparasmaipadeshu
1058	6	7.2.8	नेड् वशि कृति	nedvashikruti
1059	6	7.2.35	आर्धधातुकस्येड् वलादेः	aardhadhaatukasyedvalaadeh
1060	6	7.2.84	अष्टन आ विभक्तौ	ashtanaavibhaktau
1061	6	7.2.114	मृजेर्वृद्धिः	mrujervruddhih
1062	6	7.3.36	अर्तिह्रीव्लीरीक्नूयीक्ष्माय्यातां पुङ्णौ	arttihreebleereeknooyeekshmaayyaataampungnau
1063	6	7.3.44	प्रत्ययस्थात् कात् पूर्वस्यात इदाप्यसुपः	pratyayasthaatkaatpoorvasyaatidaapyasupah
1064	6	7.3.50	ठस्येकः	thasyekah
1065	6	7.3.52	चजोः कु घिण्ण्यतोः	chajohakughinnyatoh
1066	6	7.3.70	घोर्लोपो लेटि वा	ghorlopoletivaa
1067	6	7.3.74	शमामष्टानां दीर्घः श्यनि	shamaamashtaanaamdeerghahashyani
1068	6	7.3.116	ङेराम्नद्याम्नीभ्यः	ngeraamnadyaamneebhyah
1069	6	7.4.1	णौ चङ्युपधाया ह्रस्वः	nauchangyupadhaayaahrasvah
1070	6	7.4.16	ऋदृशोऽङि गुणः	rudrushongigunah
1071	6	7.4.21	शीङः सार्वधातुके गुणः	sheengahasaarvadhaatukegunah
1072	6	7.4.40	द्यतिस्यतिमास्थामित्ति किति	dyatisyatimaasthaamittikiti
1073	6	7.4.58	अत्र लोपोऽभ्यासस्य	atralopobhyaasasya
1074	6	8.1.23	त्वामौ द्वितीयायाः	tvaamaudviteeyaayaah
1075	6	8.1.25	पश्यार्थैश्चानालोचने	pashyaarthaishchaanaalochane
1076	6	8.1.26	सपूर्वायाः प्रथमाया विभाषा	sapoorvaayaahaprathamaayaavibhaashaa
1077	6	8.1.30	निपातैर्यद्यदिहन्तकुविन्नेच्चेच्चण्कच्चिद्यत्रयुक्तम्	nipaatairyadyadihantakuvinnechchechchankachchidyatrayuktam
1078	6	8.1.31	नह प्रत्यारम्भे	nahapratyaarambhe
1079	6	8.1.32	सत्यं प्रश्ने	satyamprashne
1080	6	8.1.33	अङ्गाप्रातिलोम्ये	anggaapraatilomye
1081	6	8.1.36	यावद्यथाभ्याम्	yaavadyathaabhyaam
1082	6	8.1.39	तुपश्यपश्यताहैः पूजायाम्	tupashyapashyataahaihapoojaayaam
1083	6	8.1.43	नन्वित्यनुज्ञैषणायाम्	nanvityanujnyaishanaayaam
1084	6	8.1.44	किं क्रियाप्रश्नेऽनुपसर्गमप्रतिषिद्धम्	kimkriyaaprashnenupasargamapratishiddham
1085	6	8.1.46	एहिमन्ये प्रहासे लृट्	ehimanyeprahaaselrut
1086	6	8.1.47	जात्वपूर्वम्	jaatvapoorvam
1087	6	8.1.51	गत्यर्थलोटा लृण्न चेत् कारकं सर्वान्यत्	gatyarthalotaalrunnachetkaarakamsarvaanyat
1088	6	8.1.55	आम एकान्तरमामन्त्रितमनन्तिके	aamekaantaramaamantritamanantike
1089	6	8.1.56	यद्धितुपरं छन्दसि	yaddhituparamchhandasi
1090	6	8.1.57	चनचिदिवगोत्रादितद्धिताम्रेडितेष्वगतेः	chanachidivagotraaditaddhitaamrediteshvagateh
1091	6	8.1.59	चवायोगे प्रथमा	chavaayogeprathamaa
1092	6	8.1.74	विभाषितं विशेषवचने बहुवचनम्	vibhaashitamvisheshavachanebahuvachanam
1093	6	8.2.16	अनो नुट्	anonut
1094	6	8.2.22	परेश्च घाङ्कयोः	pareshchaghaangkayoh
1095	6	8.2.27	ह्रस्वादङ्गात्	hrasvaadanggaat
1096	6	8.2.28	इट ईटि	iteeti
1097	6	8.2.29	स्कोः संयोगाद्योरन्ते च	skohasamyogaadyorantecha
1098	6	8.2.71	भुवश्च महाव्याहृतेः	bhuvashchamahaavyaahruteh
1099	6	8.2.75	दश्च	dashcha
1100	6	8.2.76	र्वोरुपधाया दीर्घ इकः	rvorupadhaayaadeerghikah
1101	6	8.2.90	याज्याऽन्तः	yaajyaantah
1102	6	8.2.92	अग्नीत्प्रेषणे परस्य च	agneetpreshaneparasyacha
1103	6	8.3.3	आतोऽटि नित्यम्	aatotinityam
1104	6	8.3.4	अनुनासिकात् परोऽनुस्वारः	anunaasikaatparonusvaarah
1105	6	8.3.5	समः सुटि	samahasuti
1106	6	8.3.6	पुमः खय्यम्परे	pumahakhayyampare
1107	6	8.3.15	खरवसानयोर्विसर्जनीयः	kharavasaanayorvisarjaneeyah
1108	6	8.3.27	नपरे नः	naparenah
1109	6	8.3.28	ङ्णोः कुक्टुक् शरि	ngnohakuktukshari
1110	6	8.3.57	इण्कोः	inkoh
1111	6	8.4.4	वनं पुरगामिश्रकासिध्रकाशारिकाकोटराऽग्रेभ्यः	vanampuragaamishrakaasidhrakaashaarikaakotaraagrebhyah
1112	6	8.4.7	अह्नोऽदन्तात्	ahnodantaat
1113	6	8.4.8	वाहनमाहितात्	vaahanamaahitaat
1114	6	8.4.9	पानं देशे	paanamdeshe
1115	6	8.4.15	हिनुमीना	hinumeenaa
1116	6	8.4.16	आनि लोट्	aanilot
1117	6	8.4.17	नेर्गदनदपतपदघुमास्यतिहन्तियातिवातिद्रातिप्सातिवपतिवहतिशाम्यतिचिनोतिदेग्धिषु च	nergadanadapatapadaghumaasyatihantiyaativaatidraatipsaativapativahatishaamyatichinotidegdhishucha
1118	6	8.4.19	अनितेः	aniteh
1119	6	8.4.22	हन्तेरत्पूर्वस्य	hanteratpoorvasya
1120	6	8.4.25	अयनं च	ayanamcha
1121	6	8.4.27	नश्च धातुस्थोरुषुभ्यः	nashchadhaatusthorushubhyah
1122	6	8.4.42	न पदान्ताट्टोरनाम्	napadaantaattoranaam
1123	6	8.4.55	खरि च	kharicha
1124	6	8.4.56	वाऽवसाने	vaavasaane
1125	6	8.4.62	झयो होऽन्यतरस्याम्	jhayohonyatarasyaam
1126	7	1.2.10	हलन्ताच्च	halantaachcha
1127	7	1.2.23	नोपधात्थफान्ताद्वा	nopadhaatthaphaantaadvaa
1128	7	1.2.62	विशाखयोश्च	vishaakhayoshcha
1129	7	1.3.85	विभाषाऽकर्मकात्	vibhaashaakarmakaat
1130	7	1.3.93	लुटि च कॢपः	lutichakapah
1131	7	1.4.8	पतिः समास एव	patihasamaaseva
1132	7	1.4.61	ऊर्यादिच्विडाचश्च	ooryaadichvidaachashcha
1133	7	1.4.62	अनुकरणं चानितिपरम्	anukaranamchaanitiparam
1134	7	1.4.63	आदरानादरयोः सदसती	aadaraanaadarayohasadasatee
1135	7	1.4.64	भूषणेऽलम्	bhooshanelam
1136	7	1.4.65	अन्तरपरिग्रहे	antaraparigrahe
1137	7	1.4.66	कणेमनसी श्रद्धाप्रतीघाते	kanemanaseeshraddhaaprateeghaate
1138	7	1.4.67	पुरोऽव्ययम्	purovyayam
1139	7	1.4.70	अदोऽनुपदेशे	adonupadeshe
1140	7	1.4.71	तिरोऽन्तर्द्धौ	tirontarddhau
1141	7	2.1.13	आङ् मर्यादाभिविध्योः	aangmaryaadaabhividhyoh
1142	7	2.1.15	अनुर्यत्समया	anuryatsamayaa
1143	7	2.1.20	नदीभिश्च	nadeebhishcha
1144	7	2.1.23	द्विगुश्च	dvigushcha
1145	7	2.1.24	द्वितीया श्रितातीतपतितगतात्यस्तप्राप्तापन्नैः	dviteeyaashritaateetapatitagataatyastapraaptaapannaih
1146	7	2.1.30	तृतीया तत्कृतार्थेन गुणवचनेन	truteeyaatatkrutaarthenagunavachanena
1147	7	2.1.36	चतुर्थी तदर्थार्थबलिहितसुखरक्षितैः	chaturtheetadarthaarthabalihitasukharakshitaih
1148	7	2.1.37	पञ्चमी भयेन	panychameebhayena
1149	7	2.1.40	सप्तमी शौण्डैः	saptameeshaundaih
1150	7	2.1.49	पूर्वकालैकसर्वजरत्पुराणनवकेवलाः समानाधिकरणेन	poorvakaalaikasarvajaratpuraananavakevalaahasamaanaadhikaranena
1151	7	2.2.1	पूर्वापराधरोत्तरमेकदेशिनैकाधिकरणे	poorvaaparaadharottaramekadeshinaikaadhikarane
1152	7	2.2.4	प्राप्तापन्ने च द्वितीयया	praaptaapannechadviteeyayaa
1153	7	2.2.5	कालाः परिमाणिना	kaalaahaparimaaninaa
1154	7	2.2.6	नञ्	nany
1155	7	2.2.7	ईषदकृता	eeshadakrutaa
1156	7	2.2.8	षष्ठी	shashthee
1157	7	2.2.25	संख्ययाऽव्ययासन्नादूराधिकसंख्याः संख्येये	samkhyayaavyayaasannaadooraadhikasamkhyaahasamkhyeye
1158	7	2.2.26	दिङ्नामान्यन्तराले	dingnaamaanyantaraale
1159	7	2.2.27	तत्र तेनेदमिति सरूपे	tatratenedamitisaroope
1160	7	2.2.28	तेन सहेति तुल्ययोगे	tenasahetitulyayoge
1161	7	2.2.29	चार्थे द्वन्द्वः	chaarthedvamdvah
1162	7	2.2.31	राजदन्तादिषु परम्	raajadantaadishuparam
1163	7	2.2.32	द्वन्द्वे घि	dvamdveghi
1164	7	2.2.35	सप्तमीविशेषणे बहुव्रीहौ	saptameevisheshanebahuvreehau
1165	7	2.3.37	यस्य च भावेन भावलक्षणम्	yasyachabhaavenabhaavalakshanam
1166	7	2.3.44	प्रसितोत्सुकाभ्यां तृतीया च	prasitotsukaabhyaamtruteeyaacha
1167	7	2.4.50	विभाषा लुङ्लृङोः	vibhaashaalunglrungoh
1168	7	3.1.9	काम्यच्च	kaamyachcha
1169	7	3.1.10	उपमानादाचारे	upamaanaadaachaare
1170	7	3.1.23	नित्यं कौटिल्ये गतौ	nityamkautilyegatau
1171	7	3.1.25	सत्यापपाशरूपवीणातूलश्लोकसेनालोमत्वचवर्मवर्णचूर्णचुरादिभ्यो णिच्	satyaapapaasharoopaveenaatoolashlokasenaalomatvachavarmavarnachoornachuraadibhyonich
1172	7	3.1.27	कण्ड्वादिभ्यो यक्	kandvaadibhyoyak
1173	7	3.1.28	गुपूधूपविच्छिपणिपनिभ्य आयः	gupoodhoopavichchhipanipanibhyaayah
1174	7	3.1.29	ऋतेरीयङ्	rutereeyang
1175	7	3.1.30	कमेर्णिङ्	kamerning
1176	7	3.1.31	आयादय आर्धधातुके वा	aayaadayaardhaddhaatukevaa
1177	7	3.1.32	सनाद्यन्ता धातवः	sanaadyantaadhaatavah
1178	7	3.1.33	स्यतासी लृलुटोः	syataaseelrulutoh
1179	7	3.1.34	सिब्बहुलं लेटि	sibbahulamleti
1180	7	3.1.35	कास्प्रत्ययादाममन्त्रे लिटि	kaaspratyayaadaamamantreliti
1181	7	3.1.43	च्लि लुङि	chlilungi
1182	7	3.1.94	वाऽसरूपोऽस्त्रियाम्	vaasaroopostriyaam
1183	7	3.1.95	कृत्याः	krutyaahapraangnvulah
1184	7	3.1.133	ण्वुल्तृचौ	nvultruchau
1185	7	3.1.134	नन्दिग्रहिपचादिभ्यो ल्युणिन्यचः	nandigrahipachaadibhyolyuninyachah
1186	7	3.1.135	इगुपधज्ञाप्रीकिरः कः	igupadhajnyaapreekirahakah
1187	7	3.1.145	शिल्पिनि ष्वुन्	shilpinishvun
1188	7	3.1.149	प्रुसृल्वः समभिहारे वुन्	prusrulvahasamabhihaarevun
1189	7	3.2.1	कर्मण्यण्	karmanyan
1190	7	3.2.123	वर्तमाने लट्	vartamaanelat
1191	7	3.3.16	पदरुजविशस्पृशो घञ्	padarujavishasprushoghany
1192	7	3.3.113	कृत्यल्युटो बहुलम्	krutyalyutobahulam
1193	7	3.3.114	नपुंसके भावे क्तः	napumsakebhaavektah
1194	7	3.3.126	ईषद्दुःसुषु कृच्छ्राकृच्छ्रार्थेषु खल्	eeshadduhasushukruchchhraakruchchhraartheshukhal
1195	7	3.3.131	वर्तमानसामीप्ये वर्तमानवद्वा	vartamaanasaameepyevartamaanavadvaa
1196	7	3.3.134	आशंसावचने लिङ्	aashamsaavachaneling
1197	7	3.3.135	नानद्यतनवत् क्रियाप्रबन्धसामीप्ययोः	naanadyatanavatkriyaaprabandhasaameepyayoh
1198	7	3.3.152	उताप्योः समर्थयोर्लिङ्	utaapyohasamarthayorling
1199	7	3.3.157	इच्छार्थेषु लिङ्लोटौ	ichchhaartheshulinglotau
1200	7	3.3.161	विधिनिमन्त्रणामन्त्रणाधीष्टसंप्रश्नप्रार्थनेषु लिङ्	vidhinimantranaamantranaadheeshtasamprashnapraarthaneshuling
1201	7	3.3.167	कालसमयवेलासु तुमुन्	kaalasamayavelaasutumun
1202	7	3.3.170	आवश्यकाधमर्ण्ययोर्णिनिः	aavashyakaadhamarnyayorninih
1203	7	3.3.173	आशिषि लिङ्लोटौ	aashishilinglotau
1204	7	3.3.174	क्तिच्क्तौ च संज्ञायाम्	ktichktauchasamjnyaayaam
1205	7	3.3.175	माङि लुङ्	maangilung
1206	7	3.4.1	धातुसम्बन्धे प्रत्ययाः	dhaatusambandhepratyayaah
1207	7	3.4.18	अलङ्खल्वोः प्रतिषेधयोः प्राचां क्त्वा	alangkhalvohapratishedhayohapraachaamktvaa
1208	7	3.4.59	अव्ययेऽयथाभिप्रेताख्याने कृञः क्त्वाणमुलौ	avyayeyathaabhipretaakhyaanekrunyahaktvaanamulau
1209	7	3.4.65	शकधृषज्ञाग्लाघटरभलभक्रमसहार्हास्त्यर्थेषु तुमुन्	shakadhrushajnyaaglaaghatarabhalabhakramasahaarhaastyartheshutumun
1210	7	3.4.67	कर्तरि कृत्	kartarikrut
1211	7	3.4.70	तयोरेव कृत्यक्तखलर्थाः	tayorevakrutyaktakhalarthaah
1212	7	3.4.71	आदिकर्मणि क्तः कर्तरि च	adikarmaniktahakartaricha
1213	7	3.4.73	दाशगोघ्नौ सम्प्रदाने	daashagoghnausampradaane
1214	7	3.4.74	भीमादयोऽपादाने	bheemaadayopaadaane
1215	7	3.4.75	ताभ्यामन्यत्रोणादयः	taabhyaamanyatronaadayah
1216	7	3.4.76	क्तोऽधिकरणे च ध्रौव्यगतिप्रत्यवसानार्थेभ्यः	ktodhikaranechadhrauvyagatipratyavasaanaarthebhyah
1217	7	3.4.77	लस्य	lasya
1218	7	4.1.6	उगितश्च	ugitashcha
1219	7	4.1.7	वनो र च	vanoracha
1220	7	4.1.8	पादोऽन्यतरस्याम्	paadonyatarasyaam
1221	7	4.1.14	अनुपसर्जनात्	anupasarjanaat
1222	7	6.1.30	विभाषा श्वेः	vibhaashaashveh
1223	7	6.1.81	क्षय्यजय्यौ शक्यार्थे	kshayyajayyaushakyaarthe
1224	7	6.1.82	क्रय्यस्तदर्थे	krayyastadarthe
1225	7	6.1.83	भय्यप्रवय्ये च च्छन्दसि	bhayyapravayyechachchhandasi
1226	7	6.1.89	एत्येधत्यूठ्सु	etyedhatyoothsu
1227	7	6.1.90	आटश्च	aatashcha
1228	7	6.1.91	उपसर्गादृति धातौ	upasargaadrutidhaatau
1229	7	6.1.103	तस्माच्छसो नः पुंसि	tasmaachchhasonahapumsi
1230	7	6.1.104	नादिचि	naadichi
1231	7	6.1.108	सम्प्रसारणाच्च	samprasaaranaachcha
1232	7	6.1.109	एङः पदान्तादति	engahapadaantaadati
1233	7	6.1.141	हिंसायां प्रतेश्च	himsaayaamprateshcha
1234	7	6.1.142	अपाच्चतुष्पाच्छकुनिष्वालेखने	apaachchatushpaachchhakunishvaalekhane
1235	7	6.1.175	नोङ्धात्वोः	nongdhaatvoh
1236	7	6.1.180	झल्युपोत्तमम्	jhalyupottamam
1237	7	6.1.183	दिवो झल्	divojhal
1238	7	6.1.187	आदिः सिचोऽन्यतरस्याम्	aadihasichonyatarasyaam
1239	7	6.2.53	न्यधी च	nyadheecha
1240	7	6.2.113	संज्ञौपम्ययोश्च	samjnyaupamyayoshcha
1241	7	6.2.118	क्रत्वादयश्च	kratvaadayashcha
1242	7	6.2.119	आद्युदात्तं द्व्यच् छन्दसि	aadyudaattamdvyachchhandasi
1243	7	6.2.124	कन्था च	kanthaacha
1244	7	6.2.126	चेलखेटकटुककाण्डं गर्हायाम्	chelakhetakatukakaandamgarhaayaam
1245	7	6.2.127	चीरमुपमानम्	cheeramupamaanam
1246	7	6.2.128	पललसूपशाकं मिश्रे	palalasoopashaakammishre
1247	7	6.2.129	कूलसूदस्थलकर्षाः संज्ञायाम्	koolasoodasthalakarshaahasamjnyaayaam
1248	7	6.2.130	अकर्मधारये राज्यम्	akarmadhaarayeraajyam
1249	7	6.2.132	पुत्रः पुंभ्यः	putrahapumbhyah
1250	7	6.2.134	चूर्णादीन्यप्राणिषष्ठ्याः	choornaadeenyapraanishashthyaah
1251	7	6.2.136	कुण्डं वनम्	kundamvanam
1252	7	6.2.137	प्रकृत्या भगालम्	prakrutyaabhagaalam
1253	7	6.2.146	संज्ञायामनाचितादीनाम्	samjnyaayaamanaachitaadeenaam
1254	7	6.2.154	मिश्रं चानुपसर्गमसंधौ	mishramchaanupasargamasamdhau
1255	7	6.2.156	ययतोश्चातदर्थे	yayatoshchaatadarthe
1256	7	6.2.157	अच्कावशक्तौ	achkaavashaktau
1257	7	6.2.160	कृत्योकेष्णुच्चार्वादयश्च	krutyokeshnuchchaarvaadayashcha
1258	7	6.2.161	विभाषा तृन्नन्नतीक्ष्णशुचिषु	vibhaashaatrunnannateekshnashuchishu
1259	7	6.2.163	संख्यायाः स्तनः	samkhyaayaahastanah
1260	7	6.2.165	संज्ञायां मित्राजिनयोः	samjnyaayaammitraajinayoh
1261	7	6.2.166	व्यवायिनोऽन्तरम्	vyavaayinontaram
1262	7	6.2.167	मुखं स्वाङ्गम्	mukhamsvaanggam
1263	7	6.2.170	जातिकालसुखादिभ्योऽनाच्छादनात् क्तोऽकृतमितप्रतिपन्नाः	jaatikaalasukhaadibhyonaachchhaadanaatktokrutamitapratipannaah
1264	7	6.2.172	नञ्सुभ्याम्	nanysubhyaam
1265	7	6.2.175	बहोर्नञ्वदुत्तरपदभूम्नि	bahornanyvaduttarapadabhoomni
1266	7	6.2.177	उपसर्गात् स्वाङ्गं ध्रुवमपर्शु	upasargaatsvaanggamdhruvamaparshu
1267	7	6.3.30	दिवसश्च पृथिव्याम्	divasashchapruthivyaam
1268	7	6.3.54	हिमकाषिहतिषु च	himakaashihatishucha
1269	7	6.3.55	ऋचः शे	ruchahashe
1270	7	6.3.56	वा घोषमिश्रशब्देषु	vaaghoshamishrashabdeshu
1271	7	6.3.60	मन्थौदनसक्तुबिन्दुवज्रभारहारवीवधगाहेषु च	manthaudanasaktubinduvajrabhaarahaaraveevadhagaaheshucha
1272	7	6.3.61	इको ह्रस्वोऽङ्यो गालवस्य	ikohrasvongyogaalavasya
1273	7	6.3.96	सध मादस्थयोश्छन्दसि	sadhamaadasthayoshchhandasi
1274	7	6.4.4	न तिसृचतसृ	natisruchatasru
1275	7	6.4.7	नोपधायाः	nopadhaayaah
1276	7	6.4.23	श्नान्नलोपः	shnaannalopah
1277	7	6.4.71	लुङ्लङ्लृङ्क्ष्वडुदात्तः	lunglanglrungkshvadudaattah
1278	7	6.4.77	अचि श्नुधातुभ्रुवां य्वोरियङुवङौ	achishnudhaatubhruvaamyvoriyanguvangau
1279	7	6.4.127	अर्वणस्त्रसावनञः	arvanastrasaavananyah
1280	7	6.4.129	भस्य	bhasya
1281	7	7.1.3	झोऽन्तः	jhontah
1282	7	7.1.10	बहुलं छन्दसि	bahulamchhandasi
1283	7	7.1.11	नेदमदसोरकोः	nedamadasorakoh
1284	7	7.1.12	टाङसिङसामिनात्स्याः	taangasingasaaminaatsyaah
1285	7	7.1.13	ङेर्यः	ngeryah
1286	7	7.1.28	ङे प्रथमयोरम्	ngeprathamayoram
1287	7	7.1.29	शसो न	shasona
1288	7	7.1.30	भ्यसो भ्यम्	bhyasobhyam
1289	7	7.1.33	साम आकम्	saamaakam
1290	7	7.1.36	विदेः शतुर्वसुः	videhashaturvasuh
1291	7	7.1.37	समासेऽनञ्पूर्वे क्त्वो ल्यप्	samaasenanypoorvektvolyap
1292	7	7.1.59	शे मुचादीनाम्	shemuchaadeenaam
1293	7	7.1.60	मस्जिनशोर्झलि	masjinashorjhali
1294	7	7.1.61	रधिजभोरचि	radhijabhorachi
1295	7	7.1.70	उगिदचां सर्वनामस्थानेऽधातोः	ugidachaamsarvanaamasthaanedhaatoh
1296	7	7.1.78	नाभ्यस्ताच्छतुः	naabhyastaachchhatuh
1297	7	7.1.101	उपधायाश्च	upadhaayaashcha
1298	7	7.1.102	उदोष्ठ्यपूर्वस्य	udoshthyapoorvasya
1299	7	7.2.2	अतो ल्रान्तस्य	atorlaantasya
1300	7	7.2.3	वदव्रजहलन्तस्याचः	vadavrajahalantasyaachah
1301	7	7.2.9	तितुत्रतथसिसुसरकसेषु च	titutratathasisusarakaseshucha
1302	7	7.2.10	एकाच उपदेशेऽनुदात्तात्	ekaachupadeshenudaattaat
1303	7	7.2.13	कृसृभृवृस्तुद्रुस्रुश्रुवो लिटि	krusrubhruvrustudrusrushruvoliti
1304	7	7.2.14	श्वीदितो निष्ठायाम्	shveeditonishthaayaam
1305	7	7.2.36	स्नुक्रमोरनात्मनेपदनिमित्ते	snukramoranaatmanepadanimitte
1306	7	7.2.37	ग्रहोऽलिटि दीर्घः	graholitideerghah
1307	7	7.2.44	स्वरतिसूतिसूयतिधूञूदितो वा	svaratisootisooyatidhoonyooditovaa
1308	7	7.2.55	जॄव्रश्च्योः क्त्वि	jruvrashchyohaktvi
1309	7	7.2.67	वस्वेकाजाद्घसाम्	vasvekaajaadghasaam
1310	7	7.2.70	ऋद्धनोः स्ये	ruddhanohasye
1311	7	7.2.71	अञ्जेः सिचि	anyjehasichi
1312	7	7.2.74	स्मिपूङ्रञ्ज्वशां सनि	smipoongranyjvashaamsani
1313	7	7.2.76	रुदादिभ्यः सार्वधातुके	rudaadibhyahasaarvadhaatuke
1314	7	7.2.85	रायो हलि	raayohali
1315	7	7.2.86	युष्मदस्मदोरनादेशे	yushmadasmadoranaadeshe
1316	7	7.2.99	त्रिचतुरोः स्त्रियां तिसृचतसृ	trichaturohastriyaamtisruchatasru
1317	7	7.2.102	त्यदादीनामः	tyadaadeenaamah
1318	7	7.2.103	किमः कः	kimahakah
1319	7	7.2.106	तदोः सः सावनन्त्ययोः	tadohasahasaavanantyayoh
1320	7	7.2.115	अचो ञ्णिति	achonyniti
1321	7	7.3.37	शाच्छासाह्वाव्यावेपां युक्	shaachchhaasaahvaavyaavepaamyuk
1322	7	7.3.38	वो विधूनने जुक्	vovidhoonanejuk
1323	7	7.3.39	लीलोर्नुग्लुकावन्यतरस्यां स्नेहविपातने	leelornuglukaavanyatarasyaamsnehavipaatane
1324	7	7.3.40	भियो हेतुभये षुक्	bhiyohetubhayeshuk
1325	7	7.3.41	स्फायो वः	sphaayovah
1326	7	7.3.42	शदेरगतौ तः	shaderagatautah
1327	7	7.3.43	रुहः पोऽन्यतरस्याम्	ruhahaponyatarasyaam
1328	7	7.3.45	न यासयोः	nayaasayoh
1329	7	7.3.46	उदीचामातः स्थाने यकपूर्वायाः	udeechaamaatahasthaaneyakapoorvaayaah
1330	7	7.3.51	इसुसुक्तान्तात् कः	isusuktaantaatkah
1331	7	7.3.53	न्यङ्क्वादीनां च	nyangkvaadeenaamcha
1332	7	7.3.54	हो हन्तेर्ञ्णिन्नेषु	hohanternyninneshu
1333	7	7.3.59	न क्वादेः	nakvaadeh
1334	7	7.3.71	ओतः श्यनि	otahashyani
1335	7	7.3.72	क्सस्याचि	ksasyaachi
1336	7	7.3.75	ष्ठिवुक्लमुचमां शिति	shthivuklamuchamaamshiti
1337	7	7.3.117	इदुद्भ्याम्	idudbhyaam
1338	7	7.4.2	नाग्लोपिशास्वृदिताम्	naaglopishaasvruditaam
1339	7	7.4.3	भ्राजभासभाषदीपजीवमीलपीडामन्यतरस्याम्	bhraajabhaasabhaashadeepajeevameelapeedaamanyatarasyaam
1340	7	7.4.4	लोपः पिबतेरीच्चाभ्यासस्य	lopahapibatereechchaabhyaasasya
1341	7	7.4.5	तिष्ठतेरित्	tishthaterit
1342	7	7.4.9	दयतेर्दिगि लिटि	dayaterdigiliti
1343	7	7.4.17	अस्यतेस्थुक्	asyatesthuk
1344	7	7.4.18	श्वयतेरः	shvayaterah
1345	7	7.4.19	पतः पुम्	patahapum
1346	7	7.4.20	वच उम्	vachum
1347	7	7.4.22	अयङ् यि क्ङिति	ayangyikngiti
1348	7	7.4.41	शाच्छोरन्यतरस्याम्	shaachhoranyatarasyaam
1349	7	7.4.42	दधातेर्हिः	dadhaaterhih
1350	7	7.4.46	दो दद् घोः	dodadghoh
1351	7	7.4.59	ह्रस्वः	hrasvah
1352	7	7.4.60	हलादिः शेषः	halaadihasheshah
1353	7	7.4.62	कुहोश्चुः	kuhoshchuh
1354	7	7.4.66	उरत्	urat
1355	7	7.4.67	द्युतिस्वाप्योः सम्प्रसारणम्	dyutisvaapyohasamprasaaranam
1356	7	7.4.75	निजां त्रयाणां गुणः श्लौ	nijaamtrayaanaamgunahashlau
1357	7	7.4.82	गुणो यङ्लुकोः	gunoyanglukoh
1358	7	7.4.93	सन्वल्लघुनि चङ्परेऽनग्लोपे	sanvallaghunichangparenaglope
1359	7	8.1.34	हि च	hicha
1360	7	8.1.37	पूजायां नानन्तरम्	poojaayaamnaanantaram
1361	7	8.1.40	अहो च	ahocha
1362	7	8.1.45	लोपे विभाषा	lopevibhaashaa
1363	7	8.1.48	किम्वृत्तं च चिदुत्तरम्	kimvruttamchachiduttaram
1364	7	8.1.49	आहो उताहो चानन्तरम्	aahoutaahochaanantaram
1365	7	8.1.52	लोट् च	lotcha
1366	7	8.1.58	चादिषु च	chaadishucha
1367	7	8.1.60	हेति क्षियायाम्	hetikshiyaayaam
1368	7	8.2.17	नाद्घस्य	naadghasya
1369	7	8.2.30	चोः कुः	chohakuh
1370	7	8.2.31	हो ढः	hodhah
1371	7	8.2.77	हलि च	halicha
1372	7	8.2.79	न भकुर्छुराम्	nabhakurchhuraam
1373	7	8.3.7	नश्छव्यप्रशान्	nashchhavyaprashaan
1374	7	8.3.16	रोः सुपि	rohasupi
1375	7	8.3.29	डः सि धुट्	dahasidhut
1376	7	8.3.34	विसर्जनीयस्य सः	visarjaneeyasyasah
1377	7	8.3.58	नुम्विसर्जनीयशर्व्यवायेऽपि	numvisarjaneeyasharvyavaayepi
1378	7	8.3.60	शासिवसिघसीनां च	shaasivasighaseenaamcha
1379	7	8.3.61	स्तौतिण्योरेव षण्यभ्यासात्	stautinyorevashanyabhyaasaat
1380	7	8.3.63	प्राक्सितादड्व्यवायेऽपि	praaksitaadadvyavaayepi
1381	7	8.3.78	इणः षीध्वंलुङ्लिटां धोऽङ्गात्	inahasheedhvamlunglitaamdhonggaat
1382	7	8.3.80	समासेऽङ्गुलेः सङ्गः	samaasenggulehasanggah
1383	7	8.3.87	उपसर्गप्रादुर्भ्यामस्तिर्यच्परः	upasargapraadurbhyaamastiryachparah
1384	7	8.3.88	सुविनिर्दुर्भ्यः सुपिसूतिसमाः	suvinirdurbhyahasupisootisamaah
1385	7	8.3.89	निनदीभ्यां स्नातेः कौशले	ninadeebhyaamsnaatehakaushale
1386	7	8.3.90	सूत्रं प्रतिष्णातम्	sootrampratishnaatam
1387	7	8.3.91	कपिष्ठलो गोत्रे	kapishthalogotre
1388	7	8.3.92	प्रष्ठोऽग्रगामिनि	prashthogragaamini
1389	7	8.3.93	वृक्षासनयोर्विष्टरः	vrukshaasanayorvishtarah
1390	7	8.3.95	गवियुधिभ्यां स्थिरः	gaviyudhibhyaamsthirah
1391	7	8.3.96	विकुशमिपरिभ्यः स्थलम्	vikushamiparibhyahasthalam
1392	7	8.3.97	अम्बाम्बगोभूमिसव्यापद्वित्रिकुशेकुशङ्क्वङ्गुमञ्जिपुञ्जिपरमेबर्हिर्दिव्यग्निभ्यः स्थः	ambaambagobhoomisavyaapadvitrikushekushangkvanggumanyjipunyjiparamebarhirdivyagnibhyahasthah
1393	7	8.3.98	सुषामादिषु च	sushaamaadishucha
1394	7	8.3.99	एति संज्ञायामगात्	etisamjnyaayaamagaat
1395	7	8.3.101	ह्रस्वात् तादौ तद्धिते	hrasvaattaadautaddhite
1396	7	8.3.110	न रपरसृपिसृजिस्पृशिस्पृहिसवनादीनाम्	naraparasrupisrujisprushispruhisavanaadeenaam
1397	7	8.4.5	प्रनिरन्तःशरेक्षुप्लक्षाम्रकार्ष्यखदिरपीयूक्षाभ्योऽसंज्ञायामपि	pranirantahasharekshuplakshaamrakaarshyakhadirapiiyookshaabhyosamjnyaayaamapi
1398	7	8.4.6	विभाषौषधिवनस्पतिभ्यः	vibhaashaushadhivanaspatibhyah
1399	7	8.4.10	वा भावकरणयोः	vaabhaavakaranayoh
1400	7	8.4.18	शेषे विभाषाऽकखादावषान्त उपदेशे	sheshevibhaashaakakhaadaavashaantupadeshe
1401	7	8.4.20	अन्तः	antah
1402	7	8.4.21	उभौ साभ्यासस्य	ubhausaabhyaasasya
1403	7	8.4.23	वमोर्वा	vamorvaa
1404	7	8.4.28	उपसर्गाद् बहुलम्	upasargaadbahulam
1405	7	8.4.43	तोः षि	tohashi
1406	7	8.4.45	यरोऽनुनासिकेऽनुनासिको वा	yaronunaasikenunaasikovaa
1407	7	8.4.57	अणोऽप्रगृह्यस्यानुनासिकः	anopragruhyasyaanunaasikah
1408	7	8.4.63	शश्छोऽटि	shashchhoti
1409	7	8.4.64	हलो यमां यमि लोपः	haloyamaamyamilopah
1410	8	1.2.11	लिङ्सिचावात्मनेपदेषु	lingsichaavaatmanepadeshu
1411	8	1.2.24	वञ्चिलुञ्च्यृतश्च	vanychilunychyrutashcha
1412	8	1.2.25	तृषिमृषिकृशेः काश्यपस्य	trushimrushikrushehakaashyapasya
1413	8	1.2.26	रलो व्युपधाद्धलादेः संश्च	ralovyupadhaaddhalaadehasamshcha
1414	8	1.4.9	षष्ठीयुक्तश्छन्दसि वा	shashtheeyuktashchhandasivaa
1415	8	1.4.68	अस्तं च	astamcha
1416	8	1.4.69	अच्छ गत्यर्थवदेषु	achchhagatyarthavadeshu
1417	8	1.4.72	विभाषा कृञि	vibhaashaakrunyi
1418	8	2.1.16	यस्य चायामः	yasyachaayaamah
1419	8	2.1.21	अन्यपदार्थे च संज्ञायाम्	anyapadaarthechasamjnyaayaam
1420	8	2.1.25	स्वयं क्तेन	svayamktena
1421	8	2.1.31	पूर्वसदृशसमोनार्थकलहनिपुणमिश्रश्लक्ष्णैः	poorvasadrushasamonaarthakalahanipunamishrashlakshnaih
1422	8	2.1.32	कर्तृकरणे कृता बहुलम्	kartrukaranekrutaabahulam
1423	8	2.1.34	अन्नेन व्यञ्जनम्	annenavyanyjanam
1424	8	2.1.35	भक्ष्येण मिश्रीकरणम्	bhakshyenamishreekaranam
1425	8	2.1.38	अपेतापोढमुक्तपतितापत्रस्तैरल्पशः	apetaapodhamuktapatitaapatrastairalpashah
1426	8	2.1.39	स्तोकान्तिकदूरार्थकृच्छ्राणि क्तेन	stokaantikadooraarthakruchchhraaniktena
1427	8	2.1.41	सिद्धशुष्कपक्वबन्धैश्च	siddhashushkapakvabandhaishcha
1428	8	2.1.42	ध्वाङ्क्षेण क्षेपे	dhvaangkshenakshepe
1429	8	2.1.43	कृत्यैर्ऋणे	krutyairrune
1430	8	2.1.44	संज्ञायाम्	sanjnaayaam
1431	8	2.1.45	क्तेनाहोरात्रावयवाः	ktenaahoraatraavayavaah
1432	8	2.1.50	दिक्संख्ये संज्ञायाम्	diksamkhyesamjnyaayaam
1433	8	2.1.52	संख्यापूर्वो द्विगुः	samkhyaapoorvodviguh
1434	8	2.1.53	कुत्सितानि कुत्सनैः	kutsitaanikutsanaih
1435	8	2.1.54	पापाणके कुत्सितैः	paapaanakekutsitaih
1436	8	2.1.55	उपमानानि सामान्यवचनैः	upamaanaanisaamaanyavachanaih
1437	8	2.1.56	उपमितं व्याघ्रादिभिः सामान्याप्रयोगे	upamitamvyaaghraadibhihasaamaanyaaprayoge
1438	8	2.1.57	विशेषणं विशेष्येण बहुलम्	visheshanamvisheshyenabahulam
1439	8	2.1.59	श्रेण्यादयः कृतादिभिः	shrenyaadayahakrutaadibhih
1440	8	2.1.60	क्तेन नञ्विशिष्टेनानञ्	ktenananyvishishtenaanany
1441	8	2.1.61	सन्महत्परमोत्तमोत्कृष्टाः पूज्यमानैः	sanmahatparamottamotkrushtaahapoojyamaanaih
1442	8	2.1.62	वृन्दारकनागकुञ्जरैः पूज्यमानम्	vrundaarakanaagakunyjaraihapoojyamaanam
1443	8	2.1.63	कतरकतमौ जातिपरिप्रश्ने	katarakatamaujaatipariprashne
1444	8	2.1.64	किं क्षेपे	kimkshepe
1445	8	2.1.65	पोटायुवतिस्तोककतिपयगृष्टिधेनुवशावेहत्बष्कयणीप्रवक्तृश्रोत्रियाध्यापकधूर्तैर्जातिः	potaayuvatistokakatipayagrushtidhenuvashaavehatbashkayaneepravaktrushrotriyaadhyaapakadhoortairjaatih
1446	8	2.1.67	युवा खलतिपलितवलिनजरतीभिः	yuvaakhalatipalitavalinajarateebhih
1447	8	2.1.68	कृत्यतुल्याख्या अजात्या	krutyatulyaakhyaaajaatyaa
1448	8	2.1.69	वर्णो वर्णेन	varnovarnena
1449	8	2.1.70	कुमारः श्रमणादिभिः	kumaarahashramanaadibhih
1450	8	2.1.71	चतुष्पादो गर्भिण्या	chatushpaadogarbhinyaa
1451	8	2.1.72	मयूरव्यंसकादयश्च	mayooravyamsakaadayashcha
1452	8	2.2.2	अर्धं नपुंसकम्	ardhamnapumsakam
1453	8	2.2.3	द्वितीयतृतीयचतुर्थतुर्याण्यन्यतरस्याम्	dviteeyatruteeyachaturthaturyaanyanyatarasyaam
1454	8	2.2.9	याजकादिभिश्च	yaajakaadibhishcha
1455	8	2.2.10	न निर्धारणे	nanirdhaarane
1456	8	2.2.33	अजाद्यदन्तम्	ajaadyadantam
1457	8	2.2.34	अल्पाच्तरम्	alpaachtaram
1458	8	2.2.36	निष्ठा	nishthaa
1459	8	2.3.38	षष्ठी चानादरे	shashtheechaanaadare
1460	8	2.3.45	नक्षत्रे च लुपि	nakshatrechalupi
1461	8	2.4.51	णौ च संश्चङोः	nauchasanshchangoh
1462	8	3.1.11	कर्तुः क्यङ् सलोपश्च	kartuhakyangsalopashcha
1463	8	3.1.24	लुपसदचरजपजभदहदशगॄभ्यो भावगर्हायाम्	lupasadacharajapajabhadahadashagrubhyobhaavagarhaayaam
1464	8	3.1.26	हेतुमति च	hetumaticha
1465	8	3.1.36	इजादेश्च गुरुमतोऽनृच्छः	ijaadeshchagurumatonruchchhah
1466	8	3.1.37	दयायासश्च	dayaayaasashcha
1467	8	3.1.38	उषविदजागृभ्योऽन्यतरस्याम्	ushavidajaagrubhyonyatarasyaam
1468	8	3.1.40	कृञ् चानुप्रयुज्यते लिटि	krunychaanuprayujyateliti
1469	8	3.1.41	विदाङ्कुर्वन्त्वित्यन्यतरस्याम्	vidaangkurvantvityanyatarasyaam
1470	8	3.1.44	च्लेः सिच्	chlehasich
1471	8	3.1.96	तव्यत्तव्यानीयरः	tavyattavyaaneeyarah
1472	8	3.1.97	अचो यत्	achoyat
1473	8	3.1.136	आतश्चोपसर्गे	aatashchopasarge
1474	8	3.1.146	गस्थकन्	gasthakan
1475	8	3.1.150	आशिषि च	aashishicha
1476	8	3.2.2	ह्वावामश्च	hvaavaamashcha
1477	8	3.2.3	आतोऽनुपसर्गे कः	aatonupasargekah
1478	8	3.2.124	लटः शतृशानचावप्रथमासमानाधिकरणे	latahashatrushaanachaavaprathamaasamaanaadhikarane
1479	8	3.2.127	तौ सत्	tausat
1480	8	3.2.128	पूङ्यजोः शानन्	poongyajohashaanan
1481	8	3.2.129	ताच्छील्यवयोवचनशक्तिषु चानश्	taachchheelyavayovachanashaktishuchaanash
1482	8	3.2.130	इङ्धार्योः शत्रकृच्छ्रिणि	ingdhaaryohashatrakruchchhrini
1483	8	3.2.134	आक्वेस्तच्छीलतद्धर्मतत्साधुकारिषु	aakvestachchheelataddharmatatsaadhukaarishu
1484	8	3.2.181	धः कर्मणि ष्ट्रन्	dhahakarmanishtran
1485	8	3.2.187	ञीतः क्तः	nyeetahaktah
1486	8	3.3.1	उणादयो बहुलम्	unaadayobahulam
1487	8	3.3.17	सृ स्थिरे	srusthire
1488	8	3.3.18	भावे	bhaave
1489	8	3.3.115	ल्युट् च	lyutcha
1490	8	3.3.127	कर्तृकर्मणोश्च भूकृञोः	kartrukarmanoshchabhookrunyoh
1491	8	3.3.128	आतो युच्	aatoyuch
1492	8	3.3.132	आशंसायां भूतवच्च	aashamsaayaambhootavachcha
1493	8	3.3.136	भविष्यति मर्यादावचनेऽवरस्मिन्	bhavishyatimaryaadaavachanevarasmin
1494	8	3.3.153	कामप्रवेदनेऽकच्चिति	kaamapravedanekachchiti
1495	8	3.3.154	सम्भावनेऽलमिति चेत् सिद्धाप्रयोगे	sambhavaanelamitichetsiddhaaprayoge
1496	8	3.3.158	समानकर्तृकेषु तुमुन्	samaanakartrukeshutumun
1497	8	3.3.162	लोट् च	lotcha
1498	8	3.3.168	लिङ् यदि	lingyadi
1499	8	3.3.171	कृत्याश्च	krutyaashcha
1500	8	3.3.176	स्मोत्तरे लङ् च	smottarelangcha
1501	8	3.4.2	क्रियासमभिहारे लोट्; लोटो हिस्वौ; वा च तध्वमोः	kriyaasamabhihaarelotlotohisvauvaachatadhvamoh
1502	8	3.4.4	यथाविध्यनुप्रयोगः पूर्वस्मिन्	yathaavidhyanuprayogahapoorvasmin
1503	8	3.4.6	छन्दसि लुङ्लङ्लिटः	chhandasilunglanglitah
1504	8	3.4.19	उदीचां माङो व्यतीहारे	udeechaammaangovyateehaare
1505	8	3.4.20	परावरयोगे च	paraavarayogecha
1506	8	3.4.21	समानकर्तृकयोः पूर्वकाले	samaanakartrukayohapoorvakaale
1507	8	3.4.60	तिर्यच्यपवर्गे	tiryachyapavarge
1508	8	3.4.61	स्वाङ्गे तस्प्रत्यये कृभ्वोः	svaanggetaspratyayekrubhvoh
1509	8	3.4.63	तूष्णीमि भुवः	tooshneemibhuvah
1510	8	3.4.66	पर्याप्तिवचनेष्वलमर्थेषु	paryaaptivachaneshvalamartheshu
1511	8	3.4.68	भव्यगेयप्रवचनीयोपस्थानीयजन्याप्लाव्यापात्या वा	bhavyageyapravachaneeyopasthaaneeyajanyaaplaavyaapaatyaavaa
1512	8	3.4.69	लः कर्मणि च भावे चाकर्मकेभ्यः	lahakarmanichabhaavechaakarmakebhyah
1513	8	3.4.72	गत्यर्थाकर्मकश्लिषशीङ्स्थाऽऽसवसजनरुहजीर्यतिभ्यश्च	gatyarthaakarmakashlishasheengsthaasavasajanaruhajeeryatibhyashcha
1514	8	3.4.78	तिप्तस्झिसिप्थस्थमिब्वस्मस् तातांझथासाथांध्वमिड्वहिमहिङ्	tiptasjhisipthasthamibvasmastaataamjhathaasaathaamdhvamidvahimahing
1515	8	3.4.79	टित आत्मनेपदानां टेरे	titaatmanepadaanaamtere
1516	8	3.4.81	लिटस्तझयोरेशिरेच्	litastajhayoreshirech
1517	8	3.4.85	लोटो लङ्वत्	lotolangvat
1518	8	3.4.94	लेटोऽडाटौ	letodaatau
1519	8	3.4.102	लिङस्सीयुट्	lingasseeyut
1520	8	4.1.9	टाबृचि	taabruchi
1521	8	4.1.15	टिड्ढाणञ्द्वयसज्दघ्नञ्मात्रच्तयप्ठक्ठञ्कञ्क्वरपः	tiddhaananydvayasajdaghnanymaatrachtayapthakthanykanykvarapah
1522	8	4.1.16	यञश्च	yanyashcha
1523	8	4.1.20	वयसि प्रथमे	vayasiprathame
1524	8	4.1.21	द्विगोः	dvigoh
1525	8	4.1.25	बहुव्रीहेरूधसो ङीष्	bahuvreeheroodhasongeesh
1526	8	4.1.32	अन्तर्वत्पतिवतोर्नुक्	antarvatpativatornuk
1527	8	4.1.33	पत्युर्नो यज्ञसंयोगे	patyurnoyajnyasamyoge
1528	8	4.1.36	पूतक्रतोरै च	pootakratoraicha
1529	8	4.1.73	शार्ङ्गरवाद्यञो ङीन्	shaarnggaravaadyanyongeen
1530	8	4.1.74	यङश्चाप्	yangashchaap
1531	8	4.1.76	तद्धिताः	taddhitaah
1532	8	6.1.31	णौ च संश्चङोः	nauchasamshchangoh
1533	8	6.1.92	वा सुप्यापिशलेः	vaasupyaapishaleh
1534	8	6.1.93	औतोऽम्शसोः	automshasoh
1535	8	6.1.94	एङि पररूपम्	engipararoopam
1536	8	6.1.105	दीर्घाज्जसि च	deerghaajjasicha
1537	8	6.1.110	ङसिङसोश्च	ngasingasoshcha
1538	8	6.1.115	प्रकृत्याऽन्तःपादमव्यपरे	prakrutyaantahapaadamavyapare
1539	8	6.1.181	विभाषा भाषायाम्	vibhaashaabhaashaayaam
1540	8	6.1.184	नृ चान्यतरस्याम्	nruchaanyatarasyaam
1541	8	6.1.188	स्वपादिहिंसामच्यनिटि	svapaadirhimsaamachyaniti
1542	8	6.2.114	कण्ठपृष्ठग्रीवाजंघं च	kanthaprushthagreevaajamghamcha
1543	8	6.2.115	शृङ्गमवस्थायां च	shrunggamavasthaayaamcha
1544	8	6.2.120	वीरवीर्यौ च	veeraveeryaucha
1545	8	6.2.125	आदिश्चिहणादीनाम्	aadishchihanaadeenaam
1546	8	6.2.131	वर्ग्यादयश्च	vargyaadayashcha
1547	8	6.2.133	नाचार्यराजर्त्विक्संयुक्तज्ञात्याख्येभ्यः	naachaaryaraajartviksamyuktajnyaatyaakhyebhyah
1548	8	6.2.135	षट् च काण्डादीनि	shatchakaandaadeeni
1549	8	6.2.138	शितेर्नित्याबह्वज्बहुव्रीहावभसत्	shiternityaabahvajbahuvreehaavabhasat
1550	8	6.2.139	गतिकारकोपपदात् कृत्	gatikaarakopapadaatkrut
1551	8	6.2.140	उभे वनस्पत्यादिषु युगपत्	ubhevanaspatyaadishuyugapat
1552	8	6.2.147	प्रवृद्धादीनां च	pravruddhaadeenaamcha
1553	8	6.2.148	कारकाद्दत्तश्रुतयोरेवाशिषि	kaarakaaddattashrutayorevaashishi
1554	8	6.2.158	आक्रोशे च	aakroshecha
1555	8	6.2.164	विभाषा छन्दसि	vibhaashaachhandasi
1556	8	6.2.168	नाव्ययदिक्शब्दगोमहत्स्थूलमुष्टिपृथुवत्सेभ्यः	naavyayadikshabdagomahatsthoolamushtipruthuvatsebhyah
1557	8	6.2.169	निष्ठोपमानादन्यतरस्याम्	nishthopamaanaadanyatarasyaam
1558	8	6.2.171	वा जाते	vaajaate
1559	8	6.2.173	कपि पूर्वम्	kapipoorvam
1560	8	6.2.176	न गुणादयोऽवयवाः	nagunaadayovayavaah
1561	8	6.2.178	वनं समासे	vanamsamaase
1562	8	6.2.180	अन्तश्च	antashcha
1563	8	6.2.182	परेरभितोभाविमण्डलम्	parerabhitobhaavimandalam
1564	8	6.2.183	प्रादस्वाङ्गं संज्ञायाम्	praadasvaanggamsamjnyaayaam
1565	8	6.2.184	निरुदकादीनि च	nirudakaadeenicha
1566	8	6.2.185	अभेर्मुखम्	abhermukham
1567	8	6.2.188	अधेरुपरिस्थम्	adheruparistham
1568	8	6.2.189	अनोरप्रधानकनीयसी	anorapradhaanakaneeyasee
1569	8	6.2.190	पुरुषश्चान्वादिष्टः	purushashchaanvaadishtah
1570	8	6.2.191	अतेरकृत्पदे	aterakrutpade
1571	8	6.2.192	नेरनिधाने	neranidhaane
1572	8	6.2.193	प्रतेरंश्वादयस्तत्पुरुषे	prateramshvaadayastatpurushe
1573	8	6.3.62	एक तद्धिते च	ekataddhitecha
1574	8	6.3.63	ङ्यापोः संज्ञाछन्दसोर्बहुलम्	ngyaapohasamjnyaachhandasorbahulam
1575	8	6.3.65	इष्टकेषीकामालानां चिततूलभारिषु	ishtakesheekaamaalaanaamchitatoolabhaarishu
1576	8	6.3.66	खित्यनव्ययस्य	khityanavyayasya
1577	8	6.4.5	छन्दस्युभयथा	chhandasyubhayathaa
1578	8	6.4.8	सर्वनामस्थाने चासम्बुद्धौ	sarvanaamasthaanechaasambuddhau
1579	8	6.4.15	अनुनासिकस्य क्विझलोः क्ङिति	anunaasikasyakvijhalohakngiti
1580	8	6.4.24	अनिदितां हल उपधायाः क्ङिति	aniditaamhalupadhaayaahakngiti
1581	8	6.4.37	अनुदात्तोपदेशवनतितनोत्यादीनामनुनासिक लोपो झलि क्ङिति	anudaattopadeshavanatitanotyaadeenaamanunaasikalopojhalikngiti
1582	8	6.4.41	विड्वनोरनुनासिकस्यात्	vidvanoranunaasikasyaat
1583	8	6.4.46	आर्धधातुके	aardhadhaatuke
1584	8	6.4.72	आडजादीनाम्	aadajaadeenaam
1585	8	6.4.78	अभ्यासस्यासवर्णे	abhyaasasyaasavarne
1586	8	6.4.79	स्त्रियाः	striyaah
1587	8	6.4.81	इणो यण्	inoyan
1588	8	6.4.88	भुवो वुग्लुङ्लिटोः	bhuvovuglunglitoh
1589	8	6.4.89	ऊदुपधाया गोहः	oodupadhaayaagohah
1590	8	6.4.128	मघवा बहुलम्	maghavaabahulam
1591	8	6.4.130	पादः पत्	paadahapat
1592	8	6.4.131	वसोः सम्प्रसारणम्	vasohasamprasaaranam
1593	8	6.4.134	अल्लोपोऽनः	alloponah
1594	8	6.4.172	कार्मस्ताच्छील्ये	kaarmastaachchheelye
1595	8	6.4.173	औक्षमनपत्ये	aukshamanapatye
1596	8	6.4.174	दाण्डिनायनहास्तिनायनाथर्वणिकजैह्माशिनेयवाशिनायनिभ्रौणहत्यधैवत्यसारवैक्ष्वाकमैत्रेयहिरण्मयानि	daandinaayanahaastinaayanaatharvanikajaihmaashineyavaashinaayanibhraunahatyadhaivatyasaaravaikshvaakamaitreyahiranmayaani
1597	8	6.4.175	ऋत्व्यवास्त्व्यवास्त्वमाध्वीहिरण्ययानि च्छन्दसि	rutvyavaastvyavaastvamaadhveehiranyayaanichchhandasi
1598	8	7.1.4	अदभ्यस्तात्	adabhyastaat
1599	8	7.1.14	सर्वनाम्नः स्मै	sarvanaamnahasmai
1600	8	7.1.31	पञ्चम्या अत्	panychamyaaat
1601	8	7.1.38	क्त्वाऽपि छन्दसि	ktvaapichhandasi
1602	8	7.1.62	नेट्यलिटि रधेः	netyalitiradheh
1603	8	7.1.63	रभेरशब्लिटोः	rabherashablitoh
1604	8	7.1.71	युजेरसमासे	yujerasamaase
1605	8	7.1.72	नपुंसकस्य झलचः	napumsakasyajhalachah
1606	8	7.1.79	वा नपुंसकस्य	vaanapumsakasya
1607	8	7.1.103	बहुलं छन्दसि	bahulamchhandasi
1608	8	7.2.4	नेटि	neti
1609	8	7.2.11	श्र्युकः किति	shryukahakiti
1610	8	7.2.15	यस्य विभाषा	yasyavibhaashaa
1611	8	7.2.16	आदितश्च	aaditashcha
1612	8	7.2.18	क्षुब्धस्वान्तध्वान्तलग्नम्लिष्टविरिब्धफाण्टबाढानि मन्थमनस्तमःसक्ताविस्पष्टस्वरानायासभृशेषु	kshubdhasvaantadhvaantalagnamlishtaviribdhaphaantabaadhaanimanthamanastamahasaktaavispashtasvaraanaayaasabhrusheshu
1613	8	7.2.19	धृषिशसी वैयात्ये	dhrushishaseevaiyaatye
1614	8	7.2.20	दृढः स्थूलबलयोः	drudhahasthoolabalayoh
1615	8	7.2.21	प्रभौ परिवृढः	prabhauparivrudhah
1616	8	7.2.22	कृच्छ्रगहनयोः कषः	kruchchhragahanayohakashah
1617	8	7.2.23	घुषिरविशब्दने	ghushiravishabdane
1618	8	7.2.24	अर्देः संनिविभ्यः	ardehasamnivibhyah
1619	8	7.2.26	णेरध्ययने वृत्तम्	neradhyayanevruttam
1620	8	7.2.30	अपचितश्च	apachitashcha
1621	8	7.2.31	ह्रु ह्वरेश्छन्दसि	hruhvareshchhandasi
1622	8	7.2.38	वॄतो वा	vrutovaa
1623	8	7.2.45	रधादिभ्यश्च	radhaadibhyashcha
1624	8	7.2.46	निरः कुषः	nirahakushah
1625	8	7.2.48	तीषसहलुभरुषरिषः	teeshasahalubharusharishah
1626	8	7.2.49	सनीवन्तर्धभ्रस्जदम्भुश्रिस्वृयूर्णुभरज्ञपिसनाम्	saneevantardhabhrasjadambhushrisvruyoornubharajnyapisanaam
1627	8	7.2.50	क्लिशः क्त्वानिष्ठयोः	klishahaktvaanishthayoh
1628	8	7.2.56	उदितो वा	uditovaa
1629	8	7.2.68	विभाषा गमहनविदविशाम्	vibhaashaagamahanavidavishaam
1630	8	7.2.69	सनिंससनिवांसम्	sanimsasanivaamsam
1631	8	7.2.72	स्तुसुधूञ्भ्यः परस्मैपदेषु	stusudhoonybhyahaparasmaipadeshu
1632	8	7.2.75	किरश्च पञ्चभ्यः	kirashchapanychabhyah
1633	8	7.2.77	ईशः से	eeshahase
1634	8	7.2.79	लिङः सलोपोऽनन्त्यस्य	lingahasaloponantyasya
1635	8	7.2.80	अतो येयः	atoyeyah
1636	8	7.2.87	द्वितीयायां च	dviteeyaayaamcha
1637	8	7.2.88	प्रथमायाश्च द्विवचने भाषायाम्	prathamaayaashchadvivachanebhaashaayaam
1638	8	7.2.89	योऽचि	yochi
1639	8	7.2.90	शेषे लोपः	sheshelopah
1640	8	7.2.91	मपर्यन्तस्य	maparyantasya
1641	8	7.2.100	अचि र ऋतः	achirrutah
1642	8	7.2.104	कु तिहोः	kutihoh
1643	8	7.2.105	क्वाति	kvaati
1644	8	7.2.107	अदस औ सुलोपश्च	adasausulopashcha
1645	8	7.2.108	इदमो मः	idamomah
1646	8	7.2.116	अत उपधायाः	ataupadhaayaah
1647	8	7.2.117	तद्धितेष्वचामादेः	taddhiteshvachaamaadeh
1648	8	7.3.32	हनस्तोऽचिण्णलोः	hanastochinnaloh
1649	8	7.3.33	आतो युक् चिण्कृतोः	aatoyukchinkrutoh
1650	8	7.3.47	भस्त्रैषाऽजाज्ञाद्वास्वानञ्पूर्वाणामपि	bhastraishaajaajnyaadvaasvaananypoorvaanaamapi
1651	8	7.3.48	अभाषितपुंस्काच्च	abhaashitapumskaachcha
1652	8	7.3.55	अभ्यासाच्च	abhyaasaachcha
1653	8	7.3.60	अजिव्रज्योश्च	ajivrajyoshcha
1654	8	7.3.61	भुजन्युब्जौ पाण्युपतापयोः	bhujanyubjaupaanyupataapayoh
1655	8	7.3.62	प्रयाजानुयाजौ यज्ञाङ्गे	prayaajaanuyaajauyajnyaangge
1656	8	7.3.63	वञ्चेर्गतौ	vanychergatau
1657	8	7.3.64	ओक उचः के	okuchahake
1658	8	7.3.65	ण्य आवश्यके	nyaavashyake
1659	8	7.3.73	लुग्वा दुहदिहलिहगुहामात्मनेपदे दन्त्ये	lugvaaduhadihalihaguhaamaatmanepadedantye
1660	8	7.3.76	क्रमः परस्मैपदेषु	kramahaparasmaipadeshu
1661	8	7.3.77	इषुगमियमां छः	ishugamiyamaamchhah
1662	8	7.3.78	पाघ्राध्मास्थाम्नादाण्दृश्यर्त्तिसर्त्तिशदसदां पिबजिघ्रधमतिष्ठमनयच्छपश्यर्च्छधौशीयसीदाः	paaghraadhmaasthaamnaadaandrushyarttisarttishadasadaampibajighradhamatishthamanayachchhapashyarchchhadhausheeyaseedaah
1663	8	7.3.79	ज्ञाजनोर्जा	jnyaajanorjaa
1664	8	7.3.80	प्वादीनां ह्रस्वः	pvaadeenaamhrasvah
1665	8	7.3.82	मिदेर्गुणः	midergunah
1666	8	7.3.118	औत्	aut
1667	8	7.4.6	जिघ्रतेर्वा	jighratervaa
1668	8	7.4.10	ऋतश्च संयोगादेर्गुणः	rutashchasamyogaadergunah
1669	8	7.4.23	उपसर्गाद्ध्रस्व ऊहतेः	upasargaaddhrasvoohateh
1670	8	7.4.25	अकृत्सार्वधातुकयोर्दीर्घः	akrutsaarvadhaatukayordeerghah
1671	8	7.4.43	जहातेश्च क्त्वि	jahaateshchaktvi
1672	8	7.4.47	अच उपसर्गात्तः	achupasargaattah
1673	8	7.4.61	शर्पूर्वाः खयः	sharpoorvaahakhayah
1674	8	7.4.63	न कवतेर्यङि	nakavateryangi
1675	8	7.4.68	व्यथो लिटि	vyatholiti
1676	8	7.4.76	भृञामित्	bhrunyaamit
1677	8	7.4.83	दीर्घोऽकितः	deerghokitah
1678	8	7.4.84	नीग्वञ्चुस्रंसुध्वंसुभ्रंसुकसपतपदस्कन्दाम्	neegvanychusramsudhvamsubhramsukasapatapadaskandaam
1679	8	7.4.85	नुगतोऽनुनासिकान्तस्य	nugatonunaasikaantasya
1680	8	7.4.88	उत् परस्यातः	utparasyaatah
1681	8	7.4.90	रीगृदुपधस्य च	reegrudupadhasyacha
1682	8	7.4.94	दीर्घो लघोः	deergholaghoh
1683	8	7.4.95	अत् स्मृदॄत्वरप्रथम्रदस्तॄस्पशाम्	atsmrudrutvaraprathamradastruspashaam
1684	8	8.1.35	छन्दस्यनेकमपि साकाङ्क्षम्	chhandasyanekamapisaakaangksham
1685	8	8.1.38	उपसर्गव्यपेतं च	upasargavyapetamcha
1686	8	8.1.41	शेषे विभाषा	sheshevibhaashaa
1687	8	8.1.50	शेषे विभाषा	sheshevibhaashaa
1688	8	8.1.53	विभाषितं सोपसर्गमनुत्तमम्	vibhaashitamsopasargamanuttamam
1689	8	8.1.61	अहेति विनियोगे च	ahetiviniyogecha
1690	8	8.1.62	चाहलोप एवेत्यवधारणम्	chaahalopevetyavadhaaranam
1691	8	8.1.63	चादिलोपे विभाषा	chaadilopevibhaashaa
1692	8	8.1.66	यद्वृत्तान्नित्यम्	yadvruttaannityam
1693	8	8.1.67	पूजनात् पूजितमनुदात्तं काष्ठादिभ्यः	poojanaatpoojitamanudaattamkaashthaadibhyah
1694	8	8.2.32	दादेर्धातोर्घः	daaderdhaatorghah
1695	8	8.2.78	उपधायां च	upadhaayaamcha
1696	8	8.3.8	उभयथर्क्षु	ubhayatharkshu
1697	8	8.3.9	दीर्घादटि समानपादे	deerghaadatisamaanapade
1698	8	8.3.10	नॄन् पे	nrunpe
1699	8	8.3.11	स्वतवान् पायौ	svatavaanpaayau
1700	8	8.3.12	कानाम्रेडिते	kaanaamredite
1701	8	8.3.17	भोभगोअघोअपूर्वस्य योऽशि	bhobhagoaghoapurvasyayoshi
1702	8	8.3.30	नश्च	nashcha
1703	8	8.3.35	शर्परे विसर्जनीयः	sharparevisarjaneeyah
1704	8	8.3.37	कुप्वोः ≍क≍पौ च	kupvohakapaucha
1705	8	8.3.59	आदेशप्रत्यययोः	aadeshapratyayayoh
1706	8	8.3.62	सः स्विदिस्वदिसहीनां च	sahasvidisvadisaheenaamcha
1707	8	8.3.64	स्थाऽऽदिष्वभ्यासेन चाभ्यासस्य	sthaadishvabhyaasenachaabhyaasaya
1708	8	8.3.79	विभाषेटः	vibhaashetah
1709	8	8.3.81	भीरोः स्थानम्	bheerohasthaanam
1710	8	8.3.82	अग्नेः स्तुत्स्तोमसोमाः	agnehastutstomasomaah
1711	8	8.3.83	ज्योतिरायुषः स्तोमः	jyotiraayushahastomah
1712	8	8.3.84	मातृपितृभ्यां स्वसा	maatrupitrubhyaamsvasaa
1713	8	8.3.94	छन्दोनाम्नि च	chhandonaamnicha
1714	8	8.3.100	नक्षत्राद्वा	nakshatraadvaa
1715	8	8.3.102	निसस्तपतावनासेवने	nisastapataavanaasevane
1716	8	8.3.103	युष्मत्तत्ततक्षुःष्वन्तःपादम्	yushmattattatakshuhashvantahapaadam
1717	8	8.3.111	सात्पदाद्योः	saatpadaadyoh
1718	8	8.3.112	सिचो यङि	sichoyangi
1719	8	8.3.113	सेधतेर्गतौ	sedhatergatau
1720	8	8.3.114	प्रतिस्तब्धनिस्तब्धौ च	pratistabdhanistabdhaucha
1721	8	8.3.115	सोढः	sodhah
1722	8	8.3.116	स्तम्भुसिवुसहां चङि	stambhusivusahaamchangi
1723	8	8.3.117	सुनोतेः स्यसनोः	sunotehasyasanoh
1724	8	8.3.118	सदेः परस्य लिटि	sadishvanyjohaparasyaliti
1725	8	8.3.119	निव्यभिभ्योऽड्व्यवाये वा छन्दसि	nivyabhibhyodvyaavayevaachhandasi
1726	8	8.4.11	प्रातिपदिकान्तनुम्विभक्तिषु च	praatipadikaantanumvibhaktishucha
1727	8	8.4.29	कृत्यचः	krutyachah
1728	8	8.4.44	शात्	shaat
1729	8	8.4.46	अचो रहाभ्यां द्वे	achorahaabhyaamdve
1730	8	8.4.65	झरो झरि सवर्णे	jharojharisavarne
1731	9	1.2.12	उश्च	ushcha
1732	9	1.2.13	वा गमः	vaagamah
1733	9	1.2.14	हनः सिच्	hanahasich
1734	9	1.4.73	उपाजेऽन्वाजे	upaajenvaaje
1735	9	1.4.74	साक्षात्प्रभृतीनि च	saakshaatprabhruteenicha
1736	9	1.4.75	अनत्याधान उरसिमनसी	anatyaadhaanurasimanasee
1737	9	1.4.77	नित्यं हस्ते पाणावुपयमने	nityamhastepaanaavupayamane
1738	9	1.4.78	प्राध्वं बन्धने	praadhvambandhane
1739	9	1.4.79	जीविकोपनिषदावौपम्ये	jeevikopanishadaavaupamye
1740	9	2.1.26	खट्वा क्षेपे	khatvaakshepe
1741	9	2.1.27	सामि	saami
1742	9	2.1.28	कालाः	kaalaah
1743	9	2.1.33	कृत्यैरधिकार्थवचने	krutyairadhikaarthavachane
1744	9	2.1.46	तत्र	tatra
1745	9	2.1.47	क्षेपे	kshepe
1746	9	2.1.51	तद्धितार्थोत्तरपदसमाहारे च	taddhitaarthottarapadasamaahaarecha
1747	9	2.1.58	पूर्वापरप्रथमचरमजघन्यसमानमध्यमध्यमवीराश्च	poorvaaparaprathamacharamajaghanyasamaanamadhyamadhyamaveeraashcha
1748	9	2.1.66	प्रशंसावचनैश्च	prashamsaavachanaishcha
1749	9	2.2.11	पूरणगुणसुहितार्थसदव्ययतव्यसमानाधिकरणेन	pooranagunasuhitaarthasadavyayatavyasamaanaadhikaranena
1750	9	2.2.12	क्तेन च पूजायाम्	ktenachapoojaayaam
1751	9	2.2.14	कर्मणि च	karmmanicha
1752	9	2.2.15	तृजकाभ्यां कर्तरि	trujakaabhyaamkartari
1753	9	2.2.37	वाहिताग्न्यादिषु	vaahitaagnyaadishu
1754	9	2.3.39	स्वामीश्वराधिपतिदायादसाक्षिप्रतिभूप्रसूतैश्च	svaameeshvaraadhipatidaayaadasaakshipratibhooprasootaishcha
1755	9	2.3.40	आयुक्तकुशलाभ्यां चासेवायाम्	aayuktakushalaabhyaamchaasevaayaam
1756	9	2.3.41	यतश्च निर्धारणम्	yatashchanirdhaaranam
1757	9	3.1.12	भृशादिभ्यो भुव्यच्वेर्लोपश्च हलः	bhrushaadibhyobhuvyachverlopashchahalah
1758	9	3.1.14	कष्टाय क्रमणे	kashtaayakramane
1759	9	3.1.15	कर्मणो रोमन्थतपोभ्यां वर्तिचरोः	karmanaharomanthatapobhyaamvarticharoh
1760	9	3.1.39	भीह्रीभृहुवां श्लुवच्च	bheehreebhruhuvaamshluvachcha
1761	9	3.1.42	अभ्युत्सादयांप्रजनयांचिकयांरमयामकः पावयांक्रियाद्विदामक्रन्निति च्छन्दसि	abhyutsaadayaamprajanayaamchikayaamramayaamakah paavayamkruyaadvidaamkranniti chandasi
1762	9	3.1.45	शल इगुपधादनिटः क्सः	shaligupadhaadanitahaksah
1763	9	3.1.48	णिश्रिद्रुस्रुभ्यः कर्तरि चङ्	nishridrusrubhyahakartarichang
1764	9	3.1.52	अस्यतिवक्तिख्यातिभ्योऽङ्	asyativaktikhyaatibhyahang
1765	9	3.1.60	चिण् ते पदः	chintepadah
1766	9	3.1.98	पोरदुपधात्	poradupadhaat
1767	9	3.1.99	शकिसहोश्च	shakisahoshcha
1768	9	3.1.100	गदमदचरयमश्चानुपसर्गे	gadamadacharayamashchaanupasarge
1769	9	3.1.104	उपसर्या काल्या प्रजने	upasaryaakaalyaaprajane
1770	9	3.1.122	अमावस्यदन्यतरस्याम्	amaavasyadanyatarasyaam
1771	9	3.1.123	छन्दसि निष्टर्क्यदेवहूयप्रणीयोन्नीयोच्छिष्यमर्यस्तर्याध्वर्यखन्यखान्यदेवयज्यापृच्छ्यप्रतिषीव्यब्रह्मवाद्यभाव्यस्ताव्योपचाय्यपृडानि	chhandasinishtarkyadevahooyapraneeyonneeyochchhishyamaryastvaryaadhvaryakhanyakhaanyadevayajyapruchyapratisheevyabrahmavaadyabhaavyastaavyopachaayyaprudaani
1772	9	3.1.124	ऋहलोर्ण्यत्	ruhalornyat
1773	9	3.1.132	चित्याग्निचित्ये च	chityaagnichityecha
1774	9	3.1.137	पाघ्राध्माधेट्दृशः शः	paaghraadhmaadhetdrushahashah
1775	9	3.1.147	ण्युट् च	nyutcha
1776	9	3.2.4	सुपि स्थः	supisthah
1777	9	3.2.125	सम्बोधने च	sambodhanecha
1778	9	3.2.126	लक्षणहेत्वोः क्रियायाः	lakshanahetvohakriyaayaah
1779	9	3.2.131	द्विषोऽमित्रे	dvishomitre
1780	9	3.2.132	सुञो यज्ञसंयोगे	sunyoyajnyasamyoge
1781	9	3.2.133	अर्हः प्रशंसायाम्	arhahapoojaayaam
1782	9	3.2.135	तृन्	trun
1783	9	3.2.136	अलंकृञ्निराकृञ्प्रजनोत्पचोत्पतोन्मदरुच्यपत्रपवृतुवृधुसहचर इष्णुच्	alamkrunyniraakrunyprajanotpachotpatonmadaruchyapatrapavrutuvrudhusahacharishnuch
1784	9	3.2.140	त्रसिगृधिधृषिक्षिपेः क्नुः	trasigrudhidhrushikshipehaknuh
1785	9	3.2.141	शमित्यष्टाभ्यो घिनुण्	shamityashtaabhyoghinun
1786	9	3.2.146	निन्दहिंसक्लिशखादविनाशपरिक्षिपपरिरटपरिवादिव्याभाषासूञो वुञ्	nindahimsaklishakhaadavinaashaparikshipaparirataparivaadivyaabhaashaasoonyovuny
1787	9	3.2.147	देविक्रुशोश्चोपसर्गे	devikrushoshchopasarge
1788	9	3.2.148	चलनशब्दार्थादकर्मकाद्युच्	chalanashabdaarthaadakarmakaadyuch
1789	9	3.2.154	लषपतपदस्थाभूवृषहनकमगमशॄभ्य उकञ्	lashapatapadasthaabhoovrushahanakamagamashrubhyukany
1790	9	3.2.155	जल्पभिक्षकुट्टलुण्टवृङः षाकन्	jalpabhikshakuttaluntavrungahashaakan
1791	9	3.2.156	प्रजोरिनिः	prajorinih
1792	9	3.2.158	स्पृहिगृहिपतिदयिनिद्रातन्द्राश्रद्धाभ्य आलुच्	spruhigruhipatidayinidraatandraashraddhaabhyaaluch
1793	9	3.2.159	दाधेट्सिशदसदो रुः	daadhetsishadasadoruh
1794	9	3.2.160	सृघस्यदः क्मरच्	srughasyadahakmarach
1795	9	3.2.161	भञ्जभासमिदो घुरच्	bhanyjabhaasamidoghurach
1796	9	3.2.162	विदिभिदिच्छिदेः कुरच्	vidibhidichchhidehakurach
1797	9	3.2.163	इण्नश्जिसर्त्तिभ्यः क्वरप्	innashjisarttibhyahakvarap
1798	9	3.2.165	जागुरूकः	jaagurookah
1799	9	3.2.166	यजजपदशां यङः	yajajapadashaamyangah
1800	9	3.2.167	नमिकम्पिस्म्यजसकमहिंसदीपो रः	namikampismyajasakamahimsadeeporah
1801	9	3.2.168	सनाशंसभिक्ष उः	sanaashamsabhikshuh
1802	9	3.2.172	स्वपितृषोर्नजिङ्	svapitrushornajing
1803	9	3.2.173	शॄवन्द्योरारुः	shruvandyoraaruh
1804	9	3.2.174	भियः क्रुक्लुकनौ	bhiyahakruklukanau
1805	9	3.2.175	स्थेशभासपिसकसो वरच्	stheshabhaasapisakasovarach
1806	9	3.2.177	भ्राजभासधुर्विद्युतोर्जिपॄजुग्रावस्तुवः क्विप्	bhraajabhaasadhurvidyutorjiprujugraavastuvahakvip
1807	9	3.2.182	दाम्नीशसयुयुजस्तुतुदसिसिचमिहपतदशनहः करणे	daamneeshasayuyujastutudasisichamihapatadashanahahakarane
1808	9	3.2.188	मतिबुद्धिपूजार्थेभ्यश्च	matibuddhipoojaarthebhyashcha
1809	9	3.3.2	भूतेऽपि दृश्यन्ते	bhootepidrushyante
1810	9	3.3.3	भविष्यति गम्यादयः	bhavishyatigamyaadayah
1811	9	3.3.19	अकर्तरि च कारके संज्ञायाम्	akartarichakaarakesamjnyaayaam
1812	9	3.3.116	कर्मणि च येन संस्पर्शात् कर्तुः शरीरसुखम्	karmanichayenasamsparshaatkartuhashareerasukham
1813	9	3.3.117	करणाधिकरणयोश्च	karanaadhikaranayoshcha
1814	9	3.3.129	छन्दसि गत्यर्थेभ्यः	chhandasigatyarthebhyah
1815	9	3.3.133	क्षिप्रवचने लृट्	kshipravachanelrut
1816	9	3.3.137	कालविभागे चानहोरात्राणाम्	kaalavibhaagechaanahoraatraanaam
1817	9	3.3.139	लिङ्निमित्ते लृङ् क्रियातिपत्तौ	lingnimittelrungkriyaatipattau
1818	9	3.3.155	विभाषा धातौ सम्भावनवचनेऽयदि	vibhaashaadhaatausambhaavanavachaneyadi
1819	9	3.3.159	लिङ् च	lingcha
1820	9	3.3.163	प्रैषातिसर्गप्राप्तकालेषु कृत्याश्च	praishaatisargapraaptakaaleshukrutyaashcha
1821	9	3.3.169	अर्हे कृत्यतृचश्च	arhekrutyatruchashcha
1822	9	3.3.172	शकि लिङ् च	shakilingcha
1823	9	3.4.3	समुच्चयेऽन्यतरस्याम्	samuchchayenyatarasyaam
1824	9	3.4.5	समुच्चये सामान्यवचनस्य	samuchchayesaamaanyavachanasya
1825	9	3.4.7	लिङर्थे लेट्	lingarthelet
1826	9	3.4.9	तुमर्थे सेसेनसेऽसेन्क्सेकसेनध्यैअध्यैन्कध्यैकध्यैन्शध्यैशध्यैन्तवैतवेङ्तवेनः	tumarthesesenaseasenksekasenadhyaiadhyainkadhyaikadhyainshadhyaishadhyaintavaitavengtavenah
1827	9	3.4.14	कृत्यार्थे तवैकेन्केन्यत्वनः	krutyaarthetavaikenkenyatvanah
1828	9	3.4.16	भावलक्षणे स्थेण्कृञ्वदिचरिहुतमिजनिभ्यस्तोसुन्	bhaavalakshanesthenkrunyvadicharihutamijanibhyastosun
1829	9	3.4.22	आभीक्ष्ण्ये णमुल् च	aabheekshnyenamulcha
1830	9	3.4.25	कर्मण्याक्रोशे कृञः खमुञ्	karmanyaakroshekrunyahakhamuny
1831	9	3.4.62	नाधाऽर्थप्रत्यये च्व्यर्थे	naadhaarthapratyayechvyarthe
1832	9	3.4.64	अन्वच्यानुलोम्ये	anvachyaanulomye
1833	9	3.4.80	थासस्से	thaasasse
1834	9	3.4.82	परस्मैपदानां णलतुसुस्थलथुसणल्वमाः	parasmaipadaanaamnalatususthalathusanalvamaah
1835	9	3.4.86	एरुः	eruh
1836	9	3.4.87	सेर्ह्यपिच्च	serhyapichcha
1837	9	3.4.89	मेर्निः	mernih
1838	9	3.4.90	आमेतः	aametah
1839	9	3.4.92	आडुत्तमस्य पिच्च	aaduttamasyapichcha
1840	9	3.4.95	आत ऐ	aatai
1841	9	3.4.103	यासुट् परस्मैपदेषूदात्तो ङिच्च	yaasutparasmaipadeshoodaattongichcha
1842	9	3.4.105	झस्य रन्	jhasyaran
1843	9	3.4.106	इटोऽत्	itot
1844	9	3.4.107	सुट् तिथोः	suttithoh
1845	9	3.4.108	झेर्जुस्	jherjus
1846	9	4.1.10	न षट्स्वस्रादिभ्यः	nashatsvasraadibhyah
1847	9	4.1.17	प्राचां ष्फ तद्धितः	praachaamshphataddhitah
1848	9	4.1.22	अपरिमाणबिस्ताचितकम्बल्येभ्यो न तद्धितलुकि	aparimaanabistaachitakambalyebhyonataddhitaluki
1849	9	4.1.26	संख्याव्ययादेर्ङीप्	samkhyaavyayaaderngeep
1850	9	4.1.28	अन उपधालोपिनोन्यतरस्याम्	anupadhaalopinonyatarasyaam
1851	9	4.1.34	विभाषा सपूर्वस्य	vibhaashaasapoorvasya
1852	9	4.1.35	नित्यं सपत्न्यादिषु	nityamsapatnyaadishu
1853	9	4.1.37	वृषाकप्यग्निकुसितकुसिदानामुदात्तः	vrushaakapyagnikusitakuseedaanaamudaattah
1854	9	4.1.75	आवट्याच्च	aavatyaachcha
1855	9	4.1.77	यूनस्तिः	yoonastih
1856	9	4.1.78	अणिञोरनार्षयोर्गुरूपोत्तमयोः ष्यङ् गोत्रे	aninyoranaarshayorguroopottamayohashyanggotre
1857	9	4.1.82	समर्थानां प्रथमाद्वा	samarthaanaamprathamaadvaa
1858	9	6.1.32	ह्वः सम्प्रसारणम्	hvahasamprasaaranam
1859	9	6.1.95	ओमाङोश्च	omaangoshcha
1860	9	6.1.96	उस्यपदान्तात्	usyapadaantaat
1861	9	6.1.98	अव्यक्तानुकरणस्यात इतौ	avyaktaanukaranasyaatitau
1862	9	6.1.106	वा छन्दसि	vaachhandasi
1863	9	6.1.111	ऋत उत्	rutut
1864	9	6.1.112	ख्यत्यात् परस्य	khyatyaatparasya
1865	9	6.1.116	अव्यादवद्यादवक्रमुरव्रतायमवन्त्ववस्युषु च	avyaadavadyaadavakramuravrataayamavantvavasyushucha
1866	9	6.1.117	यजुष्युरः	yajushyurah
1867	9	6.1.122	सर्वत्र विभाषा गोः	sarvatravibhaashaagoh
1868	9	6.1.125	प्लुतप्रगृह्या अचि नित्यम्	plutapragruhyaaachinityam
1869	9	6.1.189	अभ्यस्तानामादिः	abhyastaanaamaadih
1870	9	6.2.141	देवताद्वन्द्वे च	devataadvamdvecha
1871	9	6.2.149	इत्थम्भूतेन कृतमिति च	itthambhootenakrutamiticha
1872	9	6.2.150	अनो भावकर्मवचनः	anobhaavakarmavachanah
1873	9	6.2.151	मन्क्तिन्व्याख्यानशयनासनस्थानयाजकादिक्रीताः	manktinvyaakhyaanashayanaasanasthaanayaajakaadikreetaah
1874	9	6.2.159	संज्ञायाम्	samjnyaayaam
1875	9	6.2.174	ह्रस्वान्तेऽन्त्यात् पूर्वम्	hrasvaantentyaatpoorvam
1876	9	6.2.179	अन्तः	antah
1877	9	6.2.181	न निविभ्याम्	nanivibhyaam
1878	9	6.2.186	अपाच्च	apaachcha
1879	9	6.2.194	उपाद् द्व्यजजिनमगौरादयः	upaaddvyajajinamagauraadayah
1880	9	6.2.195	सोरवक्षेपणे	soravakshepane
1881	9	6.2.196	विभाषोत्पुच्छे	vibhaashotpuchchhe
1882	9	6.3.64	त्वे च	tvecha
1883	9	6.3.67	अरुर्द्विषदजन्तस्य मुम्	arurdvishadajantasyamum
1884	9	6.4.6	नृ च	nrucha
1885	9	6.4.9	वा षपूर्वस्य निगमे	vaashapoorvasyanigame
1886	9	6.4.10	सान्तमहतः संयोगस्य	saantamahatahasamyogasya
1887	9	6.4.11	अप्तृन्तृच्स्वसृनप्तृनेष्टृत्वष्टृक्षत्तृहोतृपोतृप्रशास्तॄणाम्	aptruntruchsvasrunaptruneshtrutvashtrukshattruhotrupotruprashaastrunaam
1888	9	6.4.12	इन्हन्पूषार्यम्णां शौ	inhanpooshaaryamnaamshau
1889	9	6.4.16	अज्झनगमां सनि	ajjhanagamaamsani
1890	9	6.4.19	च्छ्वोः शूडनुनासिके च	chchhvohashoodanunaasikecha
1891	9	6.4.25	दंशसञ्जस्वञ्जां शपि	danshasanyjasvanyjaamshapi
1892	9	6.4.30	नाञ्चेः पूजायाम्	naanychehapoojaayaam
1893	9	6.4.34	शास इदङ्हलोः	shaasidanghaloh
1894	9	6.4.38	वा ल्यपि	vaalyapi
1895	9	6.4.39	न क्तिचि दीर्घश्च	naktichideerghashcha
1896	9	6.4.40	गमः क्वौ	gamahakvau
1897	9	6.4.42	जनसनखनां सञ्झलोः	janasanakhanaamsanyjhaloh
1898	9	6.4.45	सनः क्तिचि लोपश्चास्यान्यतरस्याम्	sanahaktichilopashchaasyaanyatarasyaam
1899	9	6.4.47	भ्रस्जो रोपधयोः रमन्यतरस्याम्	bhrasjoropadhayoharamanyatarasyaam
1900	9	6.4.48	अतो लोपः	atolopah
1901	9	6.4.62	स्यसिच्सीयुट्तासिषु भावकर्मणोरुपदेशेऽज्झनग्रहदृशां वा चिण्वदिट् च	syasichseeyuttaasishubhaavakarmanorupadeshejjhanagrahadrushaamvaachinvaditcha
1902	9	6.4.63	दीङो युडचि क्ङिति	deengoyudachikngiti
1903	9	6.4.73	छन्दस्यपि दृश्यते	chhandasyapidrushyate
1904	9	6.4.74	न माङ्योगे	namaangyoge
1905	9	6.4.75	बहुलं छन्दस्यमाङ्योगेऽपि	bahulamchhandasyamaangyogepi
1906	9	6.4.80	वाऽम्शसोः	vaamshasoh
1907	9	6.4.82	एरनेकाचोऽसंयोगपूर्वस्य	eranekaachosamyogapoorvasya
1908	9	6.4.90	दोषो णौ	doshonau
1909	9	6.4.98	गमहनजनखनघसां लोपः क्ङित्यनङि	gamahanajanakhanaghasaamlopahakngityanangi
1910	9	6.4.132	वाह ऊठ्	vaahooth
1911	9	6.4.133	श्वयुवमघोनामतद्धिते	shvayuvamaghonaamataddhite
1912	9	6.4.135	षपूर्वहन्धृतराज्ञामणि	shapoorvahandhrutaraajnyaamani
1913	9	6.4.136	विभाषा ङिश्योः	vibhaashaangishyoh
1914	9	6.4.137	न संयोगाद्वमन्तात्	nasamyogaadvamantaat
1915	9	6.4.138	अचः	achah
1916	9	6.4.140	आतो धातोः	aatodhaatoh
1917	9	6.4.141	मन्त्रेष्वाङ्यादेरात्मनः	mantreshvaangyaaderaatmanah
1918	9	6.4.142	ति विंशतेर्डिति	tivimshaterditi
1919	9	7.1.5	आत्मनेपदेष्वनतः	aatmanepadeshvanatah
1920	9	7.1.6	शीङो रुट्	sheengorut
1921	9	7.1.15	ङसिङ्योः स्मात्स्मिनौ	ngasingyohasmaatsminau
1922	9	7.1.17	जसः शी	jasahashee
1923	9	7.1.32	एकवचनस्य च	ekavachanasyacha
1924	9	7.1.39	सुपां सुलुक्पूर्वसवर्णाऽऽच्छेयाडाड्यायाजालः	supaamsulukpoorvasavarnaachchheyaadaadyaayaajaalah
1925	9	7.1.40	अमो मश्	amomash
1926	9	7.1.41	लोपस्त आत्मनेपदेषु	lopastaatmanepadeshu
1927	9	7.1.42	ध्वमो ध्वात्	dhvamodhvaat
1928	9	7.1.43	यजध्वैनमिति च	yajadhvainamiticha
1929	9	7.1.44	तस्य तात्	tasyataat
1930	9	7.1.46	इदन्तो मसि	idantomasi
1931	9	7.1.47	क्त्वो यक्	ktvoyak
1932	9	7.1.50	आज्जसेरसुक्	aajjaserasuk
1933	9	7.1.64	लभेश्च	labheshcha
1934	9	7.1.73	इकोऽचि विभक्तौ	ikochivibhaktau
1935	9	7.1.80	आच्छीनद्योर्नुम्	aachchheenadyornum
1936	9	7.2.5	ह्म्यन्तक्षणश्वसजागृणिश्व्येदिताम्	hmyantakshanashvasajaagrunishvyeditaam
1937	9	7.2.6	ऊर्णोतेर्विभाषा	oornotervibhaashaa
1938	9	7.2.12	सनि ग्रहगुहोश्च	sanigrahaguhoshcha
1939	9	7.2.17	विभाषा भावादिकर्मणोः	vibhaashaabhaavaadikarmanoh
1940	9	7.2.25	अभेश्चाविदूर्ये	abheshchaavidoorye
1941	9	7.2.27	वा दान्तशान्तपूर्णदस्तस्पष्टच्छन्नज्ञप्ताः	vaadaantashaantapoornadastaspashtachchhannajnyaptaah
1942	9	7.2.32	अपरिह्वृताश्च	aparihvrutaashcha
1943	9	7.2.33	सोमे ह्वरितः	somehvaritah
1944	9	7.2.34	ग्रसितस्कभितस्तभितोत्तभितचत्तविकस्ताविशस्तृशंस्तृशास्तृतरुतृतरूतृवरुतृवरूतृवरूत्रीरुज्ज्वलितिक्षरितिक्षमितिवमित्यमितीति च	grasitaskabhitastabhitottabhitachattavikastavishastrushamstrushaastrutarutrutarootruvarutruvarootruvarutreerujjvalitiksharitikshamitivamityamiteeticha
1945	9	7.2.39	न लिङि	nalingi
1946	9	7.2.41	इट् सनि वा	itsanivaa
1947	9	7.2.47	इण्निष्ठायाम्	innishthaayaam
1948	9	7.2.51	पूङश्च	poongashcha
1949	9	7.2.52	वसतिक्षुधोरिट्	vasatikshudhorit
1950	9	7.2.53	अञ्चेः पूजायाम्	anychehapoojaayaam
1951	9	7.2.54	लुभो विमोहने	lubhovimochane
1952	9	7.2.57	सेऽसिचि कृतचृतच्छृदतृदनृतः	sesichikrutachrutachchhrudatrudanrutah
1953	9	7.2.73	यमरमनमातां सक् च	yamaramanamaataamsakcha
1954	9	7.2.78	ईडजनोर्ध्वे च	eedajanordhvecha
1955	9	7.2.81	आतो ङितः	aatongitah
1956	9	7.2.82	आने मुक्	aanemuk
1957	9	7.2.92	युवावौ द्विवचने	yuvaavaudvivachane
1958	9	7.2.93	यूयवयौ जसि	yooyavayaujasi
1959	9	7.2.94	त्वाहौ सौ	tvaahausau
1960	9	7.2.95	तुभ्यमह्यौ ङयि	tubhyamahyaungayi
1961	9	7.2.96	तवममौ ङसि	tavamamaungasi
1962	9	7.2.97	त्वमावेकवचने	tvamaavekavachane
1963	9	7.2.101	जराया जरसन्यतरस्याम्	jaraayaajarasanyatarasyaam
1964	9	7.2.109	दश्च	dashcha
1965	9	7.2.110	यः सौ	yahasau
1966	9	7.2.118	किति च	kiticha
1967	9	7.3.1	देविकाशिंशपादित्यवाड्दीर्घसत्रश्रेयसामात्	devikaashimshapaadityavaaddeerghasatrashreyasaamaat
1968	9	7.3.2	केकयमित्त्रयुप्रलयानां यादेरियः	kekayamittrayupralayaanaamyaaderiyah
1969	9	7.3.3	न य्वाभ्यां पदान्ताभ्याम् पूर्वौ तु ताभ्यामैच्	nayvaabhyaampadaantaabhyaampoorvaututaabhyaamaich
1970	9	7.3.34	नोदात्तोपदेशस्य मान्तस्यानाचमेः	nodaattopadeshasyamaantasyaanaachameh
1971	9	7.3.49	आदाचार्याणाम्	aadaachaaryaanaam
1972	9	7.3.56	हेरचङि	herachangi
1973	9	7.3.57	सन्लिटोर्जेः	sanlitorjeh
1974	9	7.3.66	यजयाचरुचप्रवचर्चश्च	yajayaacharuchapravacharchashcha
1975	9	7.3.67	वचोऽशब्दसंज्ञायाम्	vachoshabdasamjnyaayaam
1976	9	7.3.68	प्रयोज्यनियोज्यौ शक्यार्थे	prayojyaniyojyaushakyaarthe
1977	9	7.3.69	भोज्यं भक्ष्ये	bhojyambhakshye
1978	9	7.3.81	मीनातेर्निगमे	meenaaternigame
1979	9	7.3.83	जुसि च	jusicha
1980	9	7.3.84	सार्वधातुकार्धधातुकयोः	saarvadhaatukaardhadhaatukayoh
1981	9	7.3.119	अच्च घेः	achchagheh
1982	9	7.4.7	उर्ऋत्	urrut
1983	9	7.4.11	ऋच्छत्यॄताम्	ruchchhatyrutaam
1984	9	7.4.12	शॄदॄप्रां ह्रस्वो वा	shrudrupraamhrasvovaa
1985	9	7.4.24	एतेर्लिङि	eterlingi
1986	9	7.4.26	च्वौ च	chvaucha
1987	9	7.4.44	विभाषा छन्दसि	vibhaashaachhandasi
1988	9	7.4.48	अपो भि	apobhi
1989	9	7.4.49	सः स्यार्द्धधातुके	sahasyaarddhadhaatuke
1990	9	7.4.64	कृषेश्छन्दसि	krusheshchhandasi
1991	9	7.4.69	दीर्घ इणः किति	deerghinahakiti
1992	9	7.4.71	तस्मान्नुड् द्विहलः	tasmaannuddvihalah
1993	9	7.4.73	भवतेरः	bhavaterah
1994	9	7.4.77	अर्तिपिपर्त्योश्च	artipipartyoshcha
1995	9	7.4.78	बहुलं छन्दसि	bahulamchhandasi
1996	9	7.4.79	सन्यतः	sanyatah
1997	9	7.4.86	जपजभदहदशभञ्जपशां च	japajabhadahadashabhanyjapashaamcha
1998	9	7.4.87	चरफलोश्च	charaphaloshcha
1999	9	7.4.89	ति च	ticha
2000	9	7.4.91	रुग्रिकौ च लुकि	rugrikauchaluki
2001	9	7.4.96	विभाषा वेष्टिचेष्ट्योः	vibhaashaaveshticheshtyoh
2002	9	7.4.97	ई च गणः	eechaganah
2003	9	8.1.42	पुरा च परीप्सायाम्	puraachapareepsaayaam
2004	9	8.1.54	हन्त च	hantacha
2005	9	8.1.64	वैवावेति च च्छन्दसि	vaivaavetichachchhandasi
2006	9	8.1.68	सगतिरपि तिङ्	sagatirapiting
2007	9	8.2.33	वा द्रुहमुहष्णुहष्णिहाम्	vaadruhamuhashnuhashnihaam
2008	9	8.2.34	नहो धः	nahodhah
2009	9	8.2.35	आहस्थः	aahasthah
2010	9	8.2.36	व्रश्चभ्रस्जसृजमृजयजराजभ्राजच्छशां षः	vrashchabhrasjasrujamrujayajaraajabhraajachchhashaamshah
2011	9	8.2.37	एकाचो बशो भष् झषन्तस्य स्ध्वोः	ekaachobashobhashjhashantasyasdhvoh
2012	9	8.3.18	व्योर्लघुप्रयत्नतरः शाकटायनस्य	vyorlaghuprayatnatarahashaakataayanasya
2013	9	8.3.31	शि तुक्	shituk
2014	9	8.3.36	वा शरि	vaashari
2015	9	8.3.38	सोऽपदादौ	sopadaadau
2016	9	8.3.65	उपसर्गात् सुनोतिसुवतिस्यतिस्तौतिस्तोभतिस्थासेनयसेधसिचसञ्जस्वञ्जाम्	upasargaatsunotisuvatisyatistautistobhatisthaasenayasedhasichasanyjasvanyjaam
2017	9	8.3.85	मातुःपितुर्भ्यामन्यतरस्याम्	maatuhapiturbhyaamanyatarasyaam
2018	9	8.3.104	यजुष्येकेषाम्	yajushyekeshaam
2019	9	8.4.12	एकाजुत्तरपदे णः	ekaajuttarapadenah
2020	9	8.4.13	कुमति च	kumaticha
2021	9	8.4.30	णेर्विभाषा	nervibhaashaa
2022	9	8.4.33	वा निंसनिक्षनिन्दाम्	vaanimsanikshanindaam
2023	9	8.4.34	न भाभूपूकमिगमिप्यायीवेपाम्	nabhaabhoopookamigamipyaayeevepaam
2024	9	8.4.47	अनचि च	anachicha
2025	9	8.4.48	नादिन्याक्रोशे पुत्रस्य	naadinyaakrosheputrasya
2026	10	1.2.15	यमो गन्धने	yamogandhane
2027	10	1.2.17	स्था घ्वोरिच्च	sthaaghvorichcha
2028	10	1.4.76	मध्ये पदे निवचने च	madhyepadenivachanecha
2029	10	2.1.29	अत्यन्तसंयोगे च	atyantasamyogecha
2030	10	2.1.48	पात्रेसमितादयश्च	paatresamitaadayashcha
2031	10	2.2.13	अधिकरणवाचिना च	adhikaranavaachinaacha
2032	10	2.2.16	कर्तरि  च	karttaricha
2033	10	2.2.17	नित्यं क्रीडाजीविकयोः	nityamkreedaajeevikayoh
2034	10	2.2.38	कडाराः कर्मधारये	kadaaraahakarmadharaaye
2035	10	2.3.42	पञ्चमी विभक्ते	panychameevibhakte
2036	10	3.1.13	लोहितादिडाज्भ्यः क्यष्	lohitaadidaajbhyahakyash
2037	10	3.1.16	बाष्पोष्मभ्यामुद्वमने	baashposhmaabhyaamudvamane
2038	10	3.1.17	शब्दवैरकलहाभ्रकण्वमेघेभ्यः करणे	shabdavairakalahaabhrakanvameghebhyahakarane
2039	10	3.1.46	श्लिष आलिङ्गने	shlishaalinggane
2040	10	3.1.47	न दृशः	nadrushah
2041	10	3.1.49	विभाषा धेट्श्व्योः	vibhaashaadhetshvyoh
2042	10	3.1.53	लिपिसिचिह्वश्च	lipisichihvashcha
2043	10	3.1.55	पुषादिद्युताद्यॢदितः परस्मैपदेषु	pushaadidyutaadyaditahaparasmaipadeshu
2044	10	3.1.59	कृमृदृरुहिभ्यश्छन्दसि	krumrudruruhibhyashchhandasi
2045	10	3.1.61	दीपजनबुधपूरितायिप्यायिभ्योऽन्यतरस्याम्	deepajanabudhapooritaayipyaayibhyonyatarasyaam
2046	10	3.1.66	चिण् भावकर्मणोः	chinbhaavakarmanoh
2047	10	3.1.101	अवद्यपण्यवर्या गर्ह्यपणितव्यानिरोधेषु	avadyapanyavaryaagarhyapanitavyaanirodheshu
2048	10	3.1.102	वह्यं करणम्	vahyamkaranam
2049	10	3.1.103	अर्यः स्वामिवैश्ययोः	aryahasvaamivaishyayoh
2050	10	3.1.105	अजर्यं संगतम्	ajaryamsamgatam
2051	10	3.1.106	वदः सुपि क्यप् च	vadahasupikyapcha
2052	10	3.1.125	ओरावश्यके	oraavashyake
2053	10	3.1.126	आसुयुवपिरपिलपित्रपिचमश्च	aasuyuvapirapilapitrapichamashcha
2054	10	3.1.127	आनाय्योऽनित्ये	aanaayyonitye
2055	10	3.1.128	प्रणाय्योऽसंमतौ	pranaayyosammatau
2056	10	3.1.129	पाय्यसान्नाय्यनिकाय्यधाय्या मानहविर्निवाससामिधेनीषु	paayyasaannaayyanikaayyadhaayyaamaanahavirnivaasasaamidheneeshu
2057	10	3.1.130	क्रतौ कुण्डपाय्यसंचाय्यौ	krataukundapaayyasamchaayyau
2058	10	3.1.131	अग्नौ परिचाय्योपचाय्यसमूह्याः	agnauparichaayyopachaayyasamoohyaah
2059	10	3.1.138	अनुपसर्गाल्लिम्पविन्दधारिपारिवेद्युदेजिचेतिसातिसाहिभ्यश्च	anupasargaallimpavindadhaaripaarivedyudejichetisaatisaahibhyashcha
2060	10	3.1.148	हश्च व्रीहिकालयोः	hashchavreehikaalayoh
2061	10	3.2.5	तुन्दशोकयोः परिमृजापनुदोः	tundashokayohaparimrujaapanudoh
2062	10	3.2.6	प्रे दाज्ञः	predaajnyah
2063	10	3.2.7	समि ख्यः	samikhyah
2064	10	3.2.8	गापोष्टक्	gaaposhtak
2065	10	3.2.9	हरतेरनुद्यमनेऽच्	harateranudyamanech
2066	10	3.2.28	एजेः खश्	ejehakhash
2067	10	3.2.38	प्रियवशे वदः खच्	priyavashevadahakhach
2068	10	3.2.56	आढ्यसुभगस्थूलपलितनग्नान्धप्रियेषु च्व्यर्थेष्वच्वौ कृञः करणे ख्युन्	aadhyasubhagasthoolapalitanagnaandhapriyeshuchvyrtheshvachvaukrunyahakaranekhyun
2069	10	3.2.58	स्पृशोऽनुदके क्विन्	sprushonudakekvin
2070	10	3.2.61	सत्सूद्विषद्रुहदुहयुजविदभिदच्छिदजिनीराजामुपसर्गेऽपि क्विप्	satsoodvishadruhaduhayujavidabhidachchhidajineeraajaamupasargepikvip
2071	10	3.2.78	सुप्यजातौ णिनिस्ताच्छील्ये	supyajaatauninistaachchhilye
2072	10	3.2.137	णेश्छन्दसि	neshchhandasi
2073	10	3.2.142	संपृचानुरुधाङ्यमाङ्यसपरिसृसंसृजपरिदेविसंज्वरपरिक्षिपपरिरटपरिवदपरिदहपरिमुहदुषद्विषद्रुहदुहयुजाक्रीडविविचत्यजरजभजातिचरापचरामुषाभ्याहनश्च	sampruchaanurudhaangyamaangyasaparisrusamsrujaparidevisamjvaraparikshipaparirataparivadaparidahaparimuhadushadvishadruhaduhayujaakreedavivichatyajarajabhajaaticharaapacharaamushaabhyaahanashcha
2074	10	3.2.143	वौ कषलसकत्थस्रम्भः	vaukashalasakatthasrambhah
2075	10	3.2.145	प्रे लपसृद्रुमथवदवसः	prelapasrudrumathavadavasah
2076	10	3.2.149	अनुदात्तेतश्च हलादेः	anudaattetashchahalaadeh
2077	10	3.2.150	जुचङ्क्रम्यदन्द्रम्यसृगृधिज्वलशुचलषपतपदः	juchangkramyadandramyasrugrudhijvalashuchalashapatapadah
2078	10	3.2.151	क्रुधमण्डार्थेभ्यश्च	krudhamandaarthebhyashcha
2079	10	3.2.152	न यः	nayah
2080	10	3.2.157	जिदृक्षिविश्रीण्वमाव्यथाभ्यमपरिभूप्रसूभ्यश्च	jidrukshivishreenvamaavyathaabhyamaparibhooprasoobhyashcha
2081	10	3.2.164	गत्वरश्च	gatvarashcha
2082	10	3.2.169	विन्दुरिच्छुः	vindurichchhuh
2083	10	3.2.170	क्याच्छन्दसि	kyaachchhandasi
2084	10	3.2.176	यश्च यङः	yashchayangah
2085	10	3.2.178	अन्येभ्योऽपि दृश्यते	anyebhyopidrushyate
2086	10	3.2.179	भुवः संज्ञाऽन्तरयोः	bhuvahasamjnyaantarayoh
2087	10	3.2.183	हलसूकरयोः पुवः	halasookarayohapuvah
2088	10	3.2.184	अर्तिलूधूसूखनसहचर इत्रः	artiloodhoosookhanasahacharitrah
2089	10	3.3.4	यावत्पुरानिपातयोर्लट्	yaavatpuraanipaatayorlat
2090	10	3.3.10	तुमुन्ण्वुलौ क्रियायां क्रियार्थायाम्	tumunnvulaukriyaayaamkriyaarthaayaam
2091	10	3.3.20	परिमाणाख्यायां सर्वेभ्यः	parimaanaakhyaayaamsarvebhyah
2092	10	3.3.21	इङश्च	ingashcha
2093	10	3.3.22	उपसर्गे रुवः	upasargeruvah
2094	10	3.3.23	समि युद्रुदुवः	samiyudruduvah
2095	10	3.3.24	श्रिणीभुवोऽनुपसर्गे	shrineebhuvonupasarge
2096	10	3.3.25	वौ क्षुश्रुवः	vaukshushruvah
2097	10	3.3.26	अवोदोर्नियः	avodorniyah
2098	10	3.3.27	प्रे द्रुस्तुस्रुवः	predrustusruvah
2099	10	3.3.28	निरभ्योः पूल्वोः	nirabhyohapoolvoh
2100	10	3.3.29	उन्न्योर्ग्रः	unnyorgrah
2101	10	3.3.31	यज्ञे समि स्तुवः	yajnyesamistuvah
2102	10	3.3.32	प्रे स्त्रोऽयज्ञे	prestroyajnye
2103	10	3.3.35	उदि ग्रहः	udigrahah
2104	10	3.3.37	परिन्योर्नीणोर्द्यूताभ्रेषयोः	parinyorneenordyootaabhreshayoh
2105	10	3.3.38	परावनुपात्यय इणः	paraavanupaatyayinah
2106	10	3.3.39	व्युपयोः शेतेः पर्याये	vyupayohashetehaparyaaye
2107	10	3.3.40	हस्तादाने चेरस्तेये	hastaadaanecherasteye
2108	10	3.3.43	कर्मव्यतिहारे णच् स्त्रियाम्	karmavyatihaarenachstriyaam
2109	10	3.3.44	अभिविधौ भाव इनुण्	abhividhaubhaavinun
2110	10	3.3.45	आक्रोशेऽवन्योर्ग्रहः	aakroshevanyorgrahah
2111	10	3.3.48	नौ वृ धान्ये	nauvrudhaanye
2112	10	3.3.49	उदि श्रयतियौतिपूद्रुवः	udishrayatiyautipoodruvah
2113	10	3.3.50	विभाषाऽऽङि रुप्लुवोः	vibhaashaangirupluvoh
2114	10	3.3.56	एरच्	erach
2115	10	3.3.57	ॠदोरप्	rudorap
2116	10	3.3.88	ड्वितः क्त्रिः	dvitahaktrih
2117	10	3.3.89	ट्वितोऽथुच्	tvitothuch
2118	10	3.3.90	यजयाचयतविच्छप्रच्छरक्षो नङ्	yajayaachayatavichchhaprachchharakshonang
2119	10	3.3.91	स्वपो नन्	svaponan
2120	10	3.3.92	उपसर्गे घोः किः	upasargeghohakih
2121	10	3.3.94	स्त्रियां क्तिन्	striyaamktin
2122	10	3.3.118	पुंसि संज्ञायां घः प्रायेण	pumsisamjnyaayaamghahapraayena
2123	10	3.3.130	अन्येभ्योऽपि दृश्यते	anyebhyopidrushyate
2124	10	3.3.138	परस्मिन् विभाषा	parasminvibhaashaa
2125	10	3.3.140	भूते च	bhootecha
2126	10	3.3.156	हेतुहेतुमतोर्लिङ्	hetuhetumatorling
2127	10	3.3.160	इच्छार्थेभ्यो विभाषा वर्तमाने	ichchhaarthebhyovibhaashaavartamaane
2128	10	3.3.164	लिङ् चोर्ध्वमौहूर्तिके	lingchordhvamauhoortike
2129	10	3.4.8	उपसंवादाशङ्कयोश्च	upasamvaadaashangkayoshcha
2130	10	3.4.10	प्रयै रोहिष्यै अव्यथिष्यै	prayairohishyaiavyathishyai
2131	10	3.4.11	दृशे विख्ये च	drushevikhyecha
2132	10	3.4.12	शकि णमुल्कमुलौ	shakinamulkamulau
2133	10	3.4.13	ईश्वरे तोसुन्कसुनौ	eeshvaretosunkasunau
2134	10	3.4.15	अवचक्षे च	avachakshecha
2135	10	3.4.17	सृपितृदोः कसुन्	srupitrudohakasun
2136	10	3.4.23	न यद्यनाकाङ्क्षे	nayadyanaakaangkshe
2137	10	3.4.24	विभाषाऽग्रेप्रथमपूर्वेषु	vibhaashaagreprathamapoorveshu
2138	10	3.4.26	स्वादुमि णमुल्	svaaduminamul
2139	10	3.4.83	विदो लटो वा	vidolatovaa
2140	10	3.4.88	वा छन्दसि	vaachhandasi
2141	10	3.4.91	सवाभ्यां वामौ	savaabhyaamvaamau
2142	10	3.4.93	एत ऐ	etai
2143	10	3.4.96	वैतोऽन्यत्र	vaitonyatra
2144	10	3.4.104	किदाशिषि	kidaashishi
2145	10	3.4.109	सिजभ्यस्तविदिभ्यश्च	sijabhyastavidibhyahacha
2146	10	3.4.110	आतः	aatah
2147	10	4.1.11	मनः	manah
2148	10	4.1.18	सर्वत्र लोहितादिकतन्तेभ्यः	sarvatralohitaadikatantebhyah
2149	10	4.1.19	कौरव्यमाण्डूकाभ्यां च	kauravyamaandookaabhyaamcha
2150	10	4.1.23	काण्डान्तात् क्षेत्रे	kaandaantaatkshetre
2151	10	4.1.24	पुरुषात् प्रमाणेऽन्यतरस्याम्	purushaatpramaanenyatarasyaam
2152	10	4.1.27	दामहायनान्ताच्च	daamahaayanaantaachcha
2153	10	4.1.29	नित्यं संज्ञाछन्दसोः	nityamsamjnyaachhandasoh
2154	10	4.1.38	मनोरौ वा	manorauvaa
2155	10	4.1.79	गोत्रावयवात्	gotraavayavaat
2156	10	4.1.80	क्रौड्यादिभ्यश्च	kraudyaadibhyashcha
2157	10	4.1.81	दैवयज्ञिशौचिवृक्षिसात्यमुग्रिकाण्ठेविद्धिभ्योऽन्यतरस्याम्	daivayajnyishauchivrukshisaatyamugrikaantheviddhibhyonyatarasyaam
2158	10	4.1.83	प्राग्दीव्यतोऽण्	praagdeevyaton
2159	10	4.4.1	प्राग्वहतेष्ठक्	praagvahateshthak
2160	10	4.4.75	प्राग्घिताद्यत्	praagghitaadyat
2161	10	5.1.1	प्राक् क्रीताच्छः	praakkreetaachchhah
2162	10	5.1.18	प्राग्वतेष्ठञ्	praagvateshthany
2163	10	5.1.115	तेन तुल्यं क्रिया चेद्वतिः	tenatulyamkriyaachedvatih
2164	10	5.1.119	तस्य भावस्त्वतलौ	tasyabhaavastvatalau
2165	10	5.2.1	धान्यानां भवने क्षेत्रे खञ्	dhaanyaanaambhavanekshetrekhany
2166	10	5.2.5	सर्वचर्मणः कृतः खखञौ	sarvacharmanahakrutahakhakhanyau
2167	10	5.2.6	यथामुखसंमुखस्य दर्शनः खः	yathaamukhasammukhasyadarshanahakhah
2168	10	5.2.28	वेः शालच्छङ्कटचौ	vehashaalachchhangkatachau
2169	10	5.2.35	कर्मणि घटोऽठच्	karmanighatothach
2170	10	5.2.36	तदस्य संजातं तारकादिभ्य इतच्	tadasyasamjaatamtaarakaadibhyitach
2171	10	5.2.39	यद्तदेतेभ्यः परिमाणे वतुप्	yadtadetebhyahaparimaanevatup
2172	10	5.2.42	संख्याया अवयवे तयप्	samkhyaayaaavayavetayap
2173	10	5.2.43	द्वित्रिभ्यां तयस्यायज्वा	dvitribhyaamtayasyaayajvaa
2174	10	5.2.45	तदस्मिन्नधिकमिति दशान्ताड्डः	tadasminnadhikamitidashaantaaddah
2175	10	5.2.47	संख्याया गुणस्य निमाने मयट्	samkhyaayaagunasyanimaanemayat
2176	10	5.2.59	मतौ छः सूक्तसाम्नोः	matauchchhahasooktasaamnoh
2177	10	5.2.84	श्रोत्रियंश्छन्दोऽधीते	shrotriyamshchhandodheete
2178	10	5.2.85	श्राद्धमनेन भुक्तमिनिठनौ	shraaddhamanenabhuktaminithanau
2179	10	5.2.92	क्षेत्रियच् परक्षेत्रे चिकित्स्यः	kshetriyachparakshetrechikitsyah
2180	10	5.2.93	इन्द्रियमिन्द्रलिंगमिन्द्रदृष्टमिन्द्रसृष्टमिन्द्रजुष्टमिन्द्रदत्तमिति वा	indriyamindralimgamindradrushtamindrasrushtamindrajushtamindradattamitivaa
2181	10	5.2.94	तदस्यास्त्यस्मिन्निति मतुप्	tadasyaastyasminnitimatup
2182	10	5.3.1	प्राग्दिशो विभक्तिः	praagdishovibhaktih
2183	10	5.3.42	संख्याया विधार्थे धा	sankhyaayaavidhaarthedhaa
2184	10	5.3.44	एकाद्धो ध्यमुञन्यतरस्याम्	ekaaddhodhyamunyanyaarayaam
2185	10	5.3.47	याप्ये पाशप्	yaapyepaashap
2186	10	5.3.48	पूरणाद्भागे तीयादन्	pooranaadbhaageteeyaadan
2187	10	5.3.53	भूतपूर्वे चरट्	bhootapoorvecharat
2188	10	5.3.55	अतिशायने तमबिष्ठनौ	atishaayanetamabishthanau
2189	10	5.3.112	पूगाञ्ञ्योऽग्रामणीपूर्वात्	poogaanynyyograamaneepoorvaat
2190	10	5.3.114	आयुधजीविसंघाञ्ञ्यड्वाहीकेष्वब्राह्मणराजन्यात्	aayudhajeevisamghaanynyyadvaaheekeshvabraahmanaraajanyaat
2191	10	5.3.118	अभिजिद्विदभृच्छालावच्छिखावच्छमीवदूर्णावच्छ्रुमदणो यञ्	abhijidvidabhruchchhaalaavachchhikhaavachchhameevadoornaavachchhrumadanoyany
2192	10	5.3.119	ञ्यादयस्तद्राजाः	nyyaadayastadraajaah
2193	10	5.4.1	पादशतस्य संख्यादेर्वीप्सायां वुन् लोपश्च	paadashatasyasamkhyaaderveepsaayaamvunlopashcha
2194	10	5.4.3	स्थूलादिभ्यः प्रकारवचने कन्	sthoolaadibhyahaprakaaravachanekan
2195	10	5.4.7	अषडक्षाशितङ्ग्वलंकर्मालम्पुरुषाध्युत्तरपदात् खः	ashadakshaashitanggvalamkarmaalampurushaadhyuttarapadaatkhah
2196	10	5.4.9	जात्यन्ताच्छ बन्धुनि	jaatyantaachchhabandhuni
2197	10	5.4.11	किमेत्तिङव्ययघादाम्वद्रव्यप्रकर्षे	kimettingavyayaghaadaamvadravyaprakarshe
2198	10	5.4.13	अनुगादिनष्ठक्	anugaadinashthak
2199	10	5.4.14	णचः स्त्रियामञ्	nachahastriyaamany
2200	10	5.4.15	अणिनुणः	aninunah
2201	10	5.4.17	संख्यायाः क्रियाभ्यावृत्तिगणने कृत्वसुच्	samkhyaayaahakriyaabhyaavruttigananekrutvasuch
2202	10	5.4.21	तत्प्रकृतवचने मयट्	tatprakrutavachanemayat
2203	10	5.4.27	देवात्तल्	devaattal
2204	10	5.4.28	अवेः कः	avehakah
2205	10	5.4.29	यावादिभ्यः कन्	yaavaadibhyahakan
2206	10	5.4.34	विनयादिभ्यष्ठक्	vinayaadibhyashthak
2207	10	5.4.39	मृदस्तिकन्	mrudastikan
2208	10	5.4.42	बह्वल्पार्थाच्छस् कारकादन्यतरस्याम्	bahvalpaarthaachchhaskaarakaadanyatarasyaam
2209	10	5.4.50	अभूततद्भावे कृभ्वस्तियोगे सम्पद्यकर्तरि च्विः	abhootatadbhaavekrubhvastiyogesampadyakartarichvih
2210	10	5.4.68	समासान्ताः	samaasaantaah
2211	10	6.1.33	अभ्यस्तस्य च	abhyastasyacha
2212	10	6.1.34	बहुलं छन्दसि	bahulamchhandasi
2213	10	6.1.37	न सम्प्रसारणे सम्प्रसारणम्	nasamprasaaranesamprasaaranam
2214	10	6.1.97	अतो गुणे	atogune
2215	10	6.1.99	नाम्रेडितस्यान्त्यस्य तु वा	naamreditasyaantyasyatuvaa
2216	10	6.1.100	नित्यमाम्रेडिते डाचि	nityamaamreditedaachi
2217	10	6.1.113	अतो रोरप्लुतादप्लुते	atororaplutaadaplute
2218	10	6.1.118	आपोजुषाणोवृष्णोवर्षिष्ठेऽम्बेऽम्बालेऽम्बिकेपूर्वे	aapojushaanovrushnovarshishthembembaalembikepoorve
2219	10	6.1.119	अङ्ग इत्यादौ च	anggityaadaucha
2220	10	6.1.120	अनुदात्ते च कुधपरे	anudaattechakudhapare
2221	10	6.1.123	अवङ् स्फोटायनस्य	avangsphotaayanasya
2222	10	6.1.126	आङोऽनुनासिकश्छन्दसि	aangonunaasikashchhandasi
2223	10	6.1.127	इकोऽसवर्णे शाकल्यस्य ह्रस्वश्च	ikosavarneshaakalyasyahrasvashcha
2224	10	6.1.129	अप्लुतवदुपस्थिते	aplutavadupasthite
2225	10	6.1.190	अनुदात्ते च	anudaattecha
2226	10	6.1.191	सर्वस्य सुपि	sarvasyasupi
2227	10	6.1.192	भीह्रीभृहुमदजनधनदरिद्राजागरां प्रत्ययात् पूर्वम् पिति	bheehreebhruhumadajanadhanadaridraajaagaraampratyayaatpoorvampiti
2228	10	6.2.142	नोत्तरपदेऽनुदात्तादावपृथिवीरुद्रपूषमन्थिषु	nottarapadenudaattaadaavapruthiveerudrapooshamanthishu
2229	10	6.2.187	स्फिगपूतवीणाऽञ्जोऽध्वकुक्षिसीरनामनाम च	sphigapootaveenaanyjodhvakukshiseeranaamanaamacha
2230	10	6.2.197	द्वित्रिभ्यां पाद्दन्मूर्धसु बहुव्रीहौ	dvitribhyaampaaddanmoordhasubahuvreehau
2231	10	6.2.198	सक्थं चाक्रान्तात्	sakthamchaakraantaat
2232	10	6.3.68	इच एकाचोऽम्प्रत्ययवच्च	ichekaachompratyayavachcha
2233	10	6.3.69	वाचंयमपुरंदरौ च	vaachamyamapuramdaraucha
2234	10	6.3.70	कारे सत्यागदस्य	kaaresatyaagadasya
2235	10	6.3.71	श्येनतिलस्य पाते ञे	shyenatilasyapaatenye
2236	10	6.3.72	रात्रेः कृति विभाषा	raatrehakrutivibhaashaa
2237	10	6.4.13	सौ च	saucha
2238	10	6.4.17	तनोतेर्विभाषा	tanotervibhaashaa
2239	10	6.4.20	ज्वरत्वरस्रिव्यविमवामुपधायाश्च	jvaratvarasrivyavimavaamupadhaayaashcha
2240	10	6.4.21	राल्लोपः	raallopah
2241	10	6.4.26	रञ्जेश्च	ranyjeshcha
2242	10	6.4.31	क्त्वि स्कन्दिस्यन्दोः	ktviskandisyandoh
2243	10	6.4.35	शा हौ	shaahau
2244	10	6.4.43	ये विभाषा	yevibhaashaa
2245	10	6.4.49	यस्य हलः	yasyahalah
2246	10	6.4.51	णेरनिटि	neraniti
2247	10	6.4.64	आतो लोप इटि च	aatolopiticha
2248	10	6.4.76	इरयो रे	irayore
2249	10	6.4.83	ओः सुपि	ohosupi
2250	10	6.4.85	न भूसुधियोः	nabhoosudhiyoh
2251	10	6.4.87	हुश्नुवोः सार्वधातुके	hushnuvohasaarvadhaatuke
2252	10	6.4.91	वा चित्तविरागे	vaachittaviraage
2253	10	6.4.92	मितां ह्रस्वः	mitaamhrasvah
2254	10	6.4.94	खचि ह्रस्वः	khachihrasvah
2255	10	6.4.99	तनिपत्योश्छन्दसि	tanipatyoshchhandasi
2256	10	6.4.104	चिणो लुक्	chinoluk
2257	10	6.4.139	उद ईत्	udeet
2258	10	6.4.143	टेः	teh
2259	10	7.1.7	वेत्तेर्विभाषा	vettervibhaashaa
2260	10	7.1.8	बहुलं छन्दसि	bahulamchhandasi
2261	10	7.1.16	पूर्वादिभ्यो नवभ्यो वा	poorvaadibhyonavabhyovaa
2262	10	7.1.18	औङ आपः	aungaapah
2263	10	7.1.45	तप्तनप्तनथनाश्च	taptanaptanathanaashcha
2264	10	7.1.48	इष्ट्वीनमिति च	ishtveenamiticha
2265	10	7.1.49	स्नात्व्यादयश्च	snaatvyaadayashcha
2266	10	7.1.51	अश्वक्षीरवृषलवणानामात्मप्रीतौ क्यचि	ashvaksheeravrushalavanaanaamaatmapreetaukyachi
2267	10	7.1.52	आमि सर्वनाम्नः सुट्	aamisarvanaamnahasut
2268	10	7.1.65	आङो यि	aangoyi
2269	10	7.1.67	उपसर्गात् खल्घञोः	upasargaatkhalghanyoh
2270	10	7.1.69	विभाषा चिण्णमुलोः	vibhaashaachinnamuloh
2271	10	7.1.74	तृतीयादिषु भाषितपुंस्कं पुंवद्गालवस्य	truteeyaadishubhaashitapumskampumvadgaalavasya
2272	10	7.1.81	शप्श्यनोर्नित्यम्	shapshyanornityam
2273	10	7.1.82	सावनडुहः	saavanaduhah
2274	10	7.2.7	अतो हलादेर्लघोः	atohalaaderlaghoh
2275	10	7.2.28	रुष्यमत्वरसंघुषास्वनाम्	rushyamatvarasamghushaasvanaam
2276	10	7.2.29	हृषेर्लोमसु	hrusherlomasu
2277	10	7.2.40	सिचि च परस्मैपदेषु	sichichaparasmaipadeshu
2278	10	7.2.42	लिङ्सिचोरात्मनेपदेषु	lingsichoraatmanepadeshu
2279	10	7.2.58	गमेरिट् परस्मैपदेषु	gameritparasmaipadeshu
2280	10	7.2.83	ईदासः	eedaasah
2281	10	7.2.98	प्रत्ययोत्तरपदयोश्च	pratayottarapadayoshcha
2282	10	7.2.111	इदोऽय् पुंसि	idoypumsi
2283	10	7.3.4	द्वारादीनां च	dvaaraadeenaamcha
2284	10	7.3.5	न्यग्रोधस्य च केवलस्य	nyagrodhasyachakevalasya
2285	10	7.3.6	न कर्मव्यतिहारे	nakarmavyatihaare
2286	10	7.3.35	जनिवध्योश्च	janivadhyoshcha
2287	10	7.3.58	विभाषा चेः	vibhaashaacheh
2288	10	7.3.85	जाग्रोऽविचिण्णल्ङित्सु	jaagrovichinnalngitsu
2289	10	7.3.86	पुगन्तलघूपधस्य च	pugantalaghoopadhasyacha
2290	10	7.3.120	आङो नाऽस्त्रियाम्	aangonaastriyaam
2291	10	7.4.8	नित्यं छन्दसि	nityamchhandasi
2292	10	7.4.13	केऽणः	kenah
2293	10	7.4.14	न कपि	nakapi
2294	10	7.4.27	रीङ् ऋतः	reengrutah
2295	10	7.4.45	सुधितवसुधितनेमधितधिष्वधिषीय च	sudhitavasudhitanemadhitadhishvadhisheeyacha
2296	10	7.4.50	तासस्त्योर्लोपः	taasastyorlopah
2297	10	7.4.54	सनि मीमाघुरभलभशकपतपदामच इस्	sanimeemaaghurabhalabhashakapatapadaamachis
2298	10	7.4.65	दाधर्तिदर्धर्तिदर्धर्षिबोभूतुतेतिक्तेऽलर्ष्यापनीफणत्संसनिष्यदत्करिक्रत्कनिक्रदद्भरिभ्रद्दविध्वतोदविद्युतत्तरित्रतःसरीसृपतंवरीवृजन्मर्मृज्यागनीगन्तीति च	daadhartidardhartidardharshibobhootutetiktelarshyaapaneephanatsamsanishyadatkarikratkanikradadbharibhraddavidhvatodavidyutattaritratahasareesrupatamvareevrujanmarmrujyaaganeeganteeticha
2299	10	7.4.70	अत आदेः	ataadeh
2300	10	7.4.72	अश्नोतेश्च	ashnoteshcha
2301	10	7.4.74	ससूवेति निगमे	sasoovetinigame
2302	10	7.4.80	ओः पुयण्ज्यपरे	ohapuyanjyapare
2303	10	7.4.92	ऋतश्च	rutashcha
2304	10	8.1.65	एकान्याभ्यां समर्थाभ्याम्	ekaanyaabhyaamsamarthaabhyaam
2305	10	8.1.69	कुत्सने च सुप्यगोत्रादौ	kutsanechasupyagotraadau
2306	10	8.2.38	दधस्तथोश्च	dadhastathoshcha
2307	10	8.3.19	लोपः शाकल्यस्य	lopahashaakalyasya
2308	10	8.3.39	इणः षः	inahashah
2309	10	8.3.66	सदिरप्रतेः	sadiraprateh
2310	10	8.3.67	स्तम्भेः	stambheh
2311	10	8.3.70	परिनिविभ्यः सेवसितसयसिवुसहसुट्स्तुस्वञ्जाम्	parinivibhyahasevasitasayasivusahasutstusvanyjaam
2312	10	8.3.77	वेः स्कभ्नातेर्नित्यम्	vehaskabhnaaternityam
2313	10	8.3.86	अभिनिसः स्तनः शब्दसंज्ञायाम्	abhinisahastanahashabdasamjnyaayaam
2314	10	8.3.105	स्तुतस्तोमयोश्छन्दसि	stutastomayoshchhandasi
2315	10	8.4.31	हलश्च इजुपधात्	halashchijupadhaat
2316	10	8.4.35	षात् पदान्तात्	shaatpadaantaat
2317	10	8.4.36	नशेः षान्तस्य	nashehashaantasya
2318	10	8.4.37	पदान्तस्य	padaantasya
2319	10	8.4.38	पदव्यवायेऽपि	padavyavaayepi
2320	10	8.4.39	क्षुभ्नाऽऽदिषु च	kshubhnaadishucha
2321	10	8.4.49	शरोऽचि	sharochi
2322	10	8.4.50	त्रिप्रभृतिषु शाकटायनस्य	triprabhrutishushaakataayanasya
2323	10	8.4.51	सर्वत्र शाकल्यस्य	sarvatrashaakalyasya
2324	10	8.4.52	दीर्घादाचार्याणाम्	deerghaadaacharyaanaam
2325	11	1.2.16	विभाषोपयमने	vibhaashopayamane
2326	11	2.2.18	कुगतिप्रादयः	kugatipraadayah
2327	11	2.2.19	उपपदमतिङ्	upapadamating
2328	11	3.1.18	सुखादिभ्यः कर्तृवेदनायाम्	sukhaadibhyahakartruvedanaayaam
2329	11	3.1.19	नमोवरिवश्चित्रङः क्यच्	namovarivashchitrangahakyach
2330	11	3.1.20	पुच्छभाण्डचीवराण्णिङ्	puchchhabhaandacheevaraanning
2331	11	3.1.21	मुण्डमिश्रश्लक्ष्णलवणव्रतवस्त्रहलकलकृततूस्तेभ्यो णिच्	mundamishrashlakshnalavanavratavastrahalakalakrutatoostebhyo nich
2332	11	3.1.50	गुपेश्छन्दसि	gupeshchhandasi
2333	11	3.1.54	आत्मनेपदेष्वन्यतरस्याम्	aatmanepadeshvanyatarasyaam
2334	11	3.1.56	सर्त्तिशास्त्यर्तिभ्यश्च	sarttishaastyartibhyashcha
2335	11	3.1.57	इरितो वा	iritovaa
2336	11	3.1.62	अचः कर्मकर्तरि	achahakarmakartari
2337	11	3.1.67	सार्वधातुके यक्	saarvadhaatukeyak
2338	11	3.1.107	भुवो भावे	bhuvobhaave
2339	11	3.1.109	एतिस्तुशास्वृदृजुषः क्यप्	etistushasvrudrujushahakyap
2340	11	3.1.110	ऋदुपधाच्चाकॢपिचृतेः	rudupadhaachchaakapichruteh
2341	11	3.1.111	ई च खनः	eechakhanah
2342	11	3.1.112	भृञोऽसंज्ञायाम्	bhrunyosamjnyaayaam
2343	11	3.1.113	मृजेर्विभाषा	mrujervibhaashaa
2344	11	3.1.114	राजसूयसूर्यमृषोद्यरुच्यकुप्यकृष्टपच्याव्यथ्याः	raajasooyasooryamrushodyaruchyakupyakrushtapachyaavyathyaah
2345	11	3.1.115	भिद्योद्ध्यौ नदे	bhidyoddhyaunade
2346	11	3.1.116	पुष्यसिद्ध्यौ नक्षत्रे	pushyasiddhyaunakshatre
2347	11	3.1.117	विपूयविनीयजित्या मुञ्जकल्कहलिषु	vipooyavineeyajityaamunyjakalkahalishu
2348	11	3.1.118	प्रत्यपिभ्यां ग्रहेश्छन्दसि	pratyapibhyaamgraheshchhandasi
2349	11	3.1.120	विभाषा कृवृषोः	vibhaashaakruvrushoh
2350	11	3.1.121	युग्यं च पत्रे	yugyamchapattre
2351	11	3.1.139	ददातिदधात्योर्विभाषा	dadaatidadhaatyorvibhaashaa
2352	11	3.2.10	वयसि च	vayasicha
2353	11	3.2.11	आङि ताच्छील्ये	aangitaachchheelye
2354	11	3.2.12	अर्हः	arhah
2355	11	3.2.13	स्तम्बकर्णयो रमिजपोः	stambakarnayoharamijapoh
2356	11	3.2.14	शमि धातोः संज्ञायाम्	shamidhaatohasamjnyaayaam
2357	11	3.2.15	अधिकरणे शेतेः	adhikaranesheteh
2358	11	3.2.29	नासिकास्तनयोर्ध्माधेटोः	naasikaastanayordhmaadhetoh
2359	11	3.2.31	उदि कूले रुजिवहोः	udikoolerujivahoh
2360	11	3.2.32	वहाभ्रे लिहः	vahaabhrelihah
2361	11	3.2.33	परिमाणे पचः	parimaanepachah
2362	11	3.2.35	विध्वरुषोस्तुदः	vidhvarushostudah
2363	11	3.2.36	असूर्यललाटयोर्दृशितपोः	asooryalalaatayordrushitapoh
2364	11	3.2.37	उग्रम्पश्येरम्मदपाणिन्धमाश्च	ugrampashyerammadapaanindhamaashcha
2365	11	3.2.39	द्विषत्परयोस्तापेः	dvishatparayostaapeh
2366	11	3.2.40	वाचि यमो व्रते	vaachiyamovrate
2367	11	3.2.41	पूःसर्वयोर्दारिसहोः	poohasarvayordaarisahoh
2368	11	3.2.42	सर्वकूलाभ्रकरीषेषु कषः	sarvakoolaabhrakareesheshukashah
2369	11	3.2.43	मेघर्तिभयेषु कृञः	meghartibhayeshukrunyah
2370	11	3.2.45	आशिते भुवः करणभावयोः	aashitebhuvahakaranabhaavayoh
2371	11	3.2.46	संज्ञायां भृतॄवृजिधारिसहितपिदमः	samjnyaayaambhrutruvrujidhaarisahitapidamah
2372	11	3.2.57	कर्तरि भुवः खिष्णुच्खुकञौ	kartaribhuvahakhishnuchkhukanyau
2373	11	3.2.59	ऋत्विग्दधृक्स्रग्दिगुष्णिगञ्चुयुजिक्रुञ्चां च	rutvigdadhruksragdigushniganychuyujikrunychaamcha
2374	11	3.2.60	त्यदादिषु दृशोऽनालोचने कञ् च	tyadaadishudrushonaalochanekanycha
2375	11	3.2.62	भजो ण्विः	bhajonvih
2376	11	3.2.70	दुहः कब् घश्च	duhahakabghashcha
2377	11	3.2.71	मन्त्रे श्वेतवहोक्थशस्पुरोडाशो ण्विन्	mantreshvetavahaukthashaspurodaashonvin
2378	11	3.2.79	कर्तर्युपमाने	kartaryupamaane
2379	11	3.2.80	व्रते	vrate
2380	11	3.2.81	बहुलमाभीक्ष्ण्ये	bahulamaabheekshnye
2381	11	3.2.82	मनः	manah
2382	11	3.2.84	भूते	bhoote
2383	11	3.2.138	भुवश्च	bhuvashcha
2384	11	3.2.144	अपे च लषः	apechalashah
2385	11	3.2.153	सूददीपदीक्षश्च	soodadeepadeekshashcha
2386	11	3.2.171	आदृगमहनजनः किकिनौ लिट् च	aadrugamahanajanahakikinaulitcha
2387	11	3.2.180	विप्रसम्भ्यो ड्वसंज्ञायाम्	viprasambhyodvasamjnyaayaam
2388	11	3.2.185	पुवः संज्ञायाम्	puvahasamjnyaayaam
2389	11	3.3.5	विभाषा कदाकर्ह्योः	vibhaashaakadaakarhyoh
2390	11	3.3.11	भाववचनाश्च	bhaavavachanaashcha
2391	11	3.3.12	अण् कर्मणि च	ankarmanicha
2392	11	3.3.13	लृट् शेषे च	lrutsheshecha
2393	11	3.3.30	कॄ धान्ये	krudhaanye
2394	11	3.3.33	प्रथने वावशब्दे	prathanevaavashabde
2395	11	3.3.36	समि मुष्टौ	samimushtau
2396	11	3.3.41	निवासचितिशरीरोपसमाधानेष्वादेश्च कः	nivaasachitishareeropasamaadhaaneshvaadeshchakah
2397	11	3.3.46	प्रे लिप्सायाम्	prelipsaayaam
2398	11	3.3.47	परौ यज्ञे	parauyajnye
2399	11	3.3.51	अवे ग्रहो वर्षप्रतिबन्धे	avegrahovarshapratibandhe
2400	11	3.3.55	परौ भुवोऽवज्ञाने	paraubhuvovajnyaane
2401	11	3.3.58	ग्रहवृदृनिश्चिगमश्च	grahavrudrunishchigamashcha
2402	11	3.3.59	उपसर्गेऽदः	upasargedah
2403	11	3.3.61	व्यधजपोरनुपसर्गे	vyadhajaporanupasarge
2404	11	3.3.66	नित्यं पणः परिमाणे	nityampanahaparimaane
2405	11	3.3.67	मदोऽनुपसर्गे	madonupasarge
2406	11	3.3.68	प्रमदसम्मदौ हर्षे	pramadasammadauharshe
2407	11	3.3.69	समुदोरजः पशुषु	samudorajahapashushu
2408	11	3.3.70	अक्षेषु ग्लहः	aksheshuglahah
2409	11	3.3.71	प्रजने सर्तेः	prajanesarteh
2410	11	3.3.72	ह्वः सम्प्रसारणं च न्यभ्युपविषु	hvahasamprasaaranamchanyabhyupavishu
2411	11	3.3.93	कर्मण्यधिकरणे च	karmanyadhikaranecha
2412	11	3.3.95	स्थागापापचो भावे	sthaagaapaapachaambhaave
2413	11	3.3.102	अ प्रत्ययात्	apratyayaat
2414	11	3.3.104	षिद्भिदादिभ्योऽङ्	shidbhidaadibhyong
2415	11	3.3.107	ण्यासश्रन्थो युच्	nyaasashranthoyuch
2416	11	3.3.108	रोगाख्यायां ण्वुल् बहुलम्	rogaakhyaayaamnvulbahulam
2417	11	3.3.111	पर्यायार्हर्णोत्पत्तिषु ण्वुच्	paryaayaarharnotpattishunvuch
2418	11	3.3.112	आक्रोशे नञ्यनिः	aakroshenanyyanih
2419	11	3.3.119	गोचरसंचरवहव्रजव्यजापणनिगमाश्च	gocharasamcharavahavrajavyajaapananigamaashcha
2420	11	3.3.120	अवे तॄस्त्रोर्घञ्	avetrustrorghany
2421	11	3.3.141	वोताप्योः	votaapyoh
2422	11	3.3.165	स्मे लोट्	smelot
2423	11	3.4.27	अन्यथैवंकथमित्थंसु सिद्धाप्रयोगश्चेत्	anyathaivamkathamitthamsusiddhaaprayogashchet
2424	11	3.4.29	कर्मणि दृशिविदोः साकल्ये	karmanidrushividohasaakalye
2425	11	3.4.37	करणे हनः	karanehanah
2426	11	3.4.41	अधिकरणे बन्धः	adhikaranebandhah
2427	11	3.4.43	कर्त्रोर्जीवपुरुषयोर्नशिवहोः	kartrorjeevapurushayornashivahoh
2428	11	3.4.46	कषादिषु यथाविध्यनुप्रयोगः	kashaadishuyathaavidhyanuprayogah
2429	11	3.4.47	उपदंशस्तृतीयायाम्	upadamshastruteeyaayaam
2430	11	3.4.52	अपादाने परीप्सायाम्	apaadaanepareepsaayaam
2431	11	3.4.84	ब्रुवः पञ्चानामादित आहो ब्रुवः	bruvahapanychaanaamaaditaahobruvah
2432	11	3.4.97	इतश्च लोपः परस्मैपदेषु	itashchalopahaparasmaipadeshu
2433	11	3.4.111	लङः शाकटायनस्यैव	langahashaakataayanasyaiva
2434	11	4.1.12	अनो बहुव्रीहेः	anobahuvreeheh
2435	11	4.1.30	केवलमामकभागधेयपापापरसमानार्यकृत-सुमङ्गलभेषजाच्च	kevalamaamakabhaagadheyapaapaaparasamaanaaryakrutasumanggalabheshajaachcha
2436	11	4.1.31	रात्रेश्चाजसौ	raatreshchaajasau
2437	11	4.1.39	वर्णादनुदात्तात्तोपधात्तो नः	varnaadanudaattaattopadhaattonah
2438	11	4.1.84	अश्वपत्यादिभ्यश्च	ashvapatyaadibhyashcha
2439	11	4.1.85	दित्यदित्यादित्यपत्युत्तरपदाण्ण्यः	dityadityaadityapatyuttarapadaannyah
2440	11	4.1.86	उत्सादिभ्योऽञ्	utsaadibhyony
2441	11	4.1.87	स्त्रीपुंसाभ्यां नञ्स्नञौ भवनात्	streepumsaabhyaamnanysnanyaubhavanaat
2442	11	4.1.88	द्विगोर्लुगनपत्ये	dvigorluganapatye
2443	11	4.1.89	गोत्रेऽलुगचि	gotrelugachi
2444	11	4.1.92	तस्यापत्यम्	tasyaapatyam
2445	11	4.1.177	अतश्च	atashcha
2446	11	4.1.178	न प्राच्यभर्गादियौधेयादिभ्यः	napraachyabhargaadiyaudheyaadibhyah
2447	11	4.2.1	तेन रक्तं रागात्	tenaraktamraagaat
2448	11	4.2.14	तत्रोद्धृतममत्रेभ्यः	tatroddhrutamamatrebhyah
2449	11	4.2.21	सास्मिन् पौर्णमासीति संज्ञायाम्	saasminpaurnamaaseetisamjnyaayaam
2450	11	4.2.24	सास्य देवता	saasyadevataa
2451	11	4.2.36	पितृव्यमातुलमातामहपितामहाः	pitruvyamaatulamaataamahapitaamahaah
2452	11	4.2.37	तस्य समूहः	tasyasamoohah
2453	11	4.2.55	सोऽस्यादिरिति च्छन्दसः प्रगाथेषु	sosyaadiritichchhandasahapragaatheshu
2454	11	4.2.57	तदस्यां प्रहरणमिति क्रीडायाम् णः	tadasyaampraharanamitikreedaayaamnah
2455	11	4.2.58	घञः साऽस्यां क्रियेति ञः	ghanyahasaasyaamkriyetinyah
2456	11	4.2.59	तदधीते तद्वेद	tadadheetetadveda
2457	11	4.2.67	तदस्मिन्नस्तीति देशे तन्नाम्नि	tadasminnasteetideshetannaamni
2458	11	4.2.71	ओरञ्	orany
2459	11	4.2.77	सुवास्त्वादिभ्योऽण्	suvaastvaadibhyon
2460	11	4.2.80	वुञ्छण्कठजिलसेनिरढञ्ण्ययफक्फिञिञ्ञ्यकक्ठकोऽरीहणकृशाश्वर्श्यकुमुदकाशतृणप्रेक्षाऽश्मसखिसंकाशबलपक्षकर्णसुतंगमप्रगदिन्वराहकुमुदादिभ्यः	vunychhankathajilaseniradhanynyayaphakphinyinynyyakakthakoreehanakrushaashvarshyakumudakaashatrunaprekshaashmasakhisamkaashabalapakshakarnasutamgamapragadinvaraahakumudaadibhyah
2461	11	4.2.81	जनपदे लुप्	janapadelup
2462	11	4.2.85	नद्यां मतुप्	nadyaammatup
2463	11	4.2.87	कुमुदनडवेतसेभ्यो ड्मतुप्	kumudanadavetasebhyodmatup
2464	11	4.2.88	नडशादाड्ड्वलच्	nadashaadaaddvalach
2465	11	4.2.89	शिखाया वलच्	shikhaayaavalach
2466	11	4.2.90	उत्करादिभ्यश्छः	utkaraadibhyashchhah
2467	11	4.2.92	शेषे	sheshe
2468	11	4.2.93	राष्ट्रावारपाराद्घखौ	raashtraavaarapaaraadghakhau
2469	11	4.2.94	ग्रामाद्यखञौ	graamaadyakhanyau
2470	11	4.2.95	कत्र्यादिभ्यो ढकञ्	kattryaadibhyodhakany
2471	11	4.2.97	नद्यादिभ्यो ढक्	nadyaadibhyodhak
2472	11	4.2.98	दक्षिणापश्चात्पुरसस्त्यक्	dakshinaapashchaatpurasastyak
2473	11	4.2.99	कापिश्याः ष्फक्	kaapishyaahashphak
2474	11	4.2.101	द्युप्रागपागुदक्प्रतीचो यत्	dyupraagapaagudakprateechoyat
2475	11	4.2.102	कन्थायाष्ठक्	kanthaayaashthak
2476	11	4.2.104	अव्ययात्त्यप्	avyayaattyap
2477	11	4.2.106	तीररूप्योत्तरपदादञ्ञौ	teeraroopyottarapadaadanynyau
2478	11	4.2.107	दिक्पूर्वपदादसंज्ञायां ञः	dikpoorvapadaadasamjnyaayaamnyah
2479	11	4.2.110	प्रस्थोत्तरपदपलद्यादिकोपधादण्	prasthottarapadapaladyaadikopadhaadan
2480	11	4.2.114	वृद्धाच्छः	vruddhaachchhah
2481	11	4.2.119	ओर्देशे ठञ्	ordeshethany
2482	11	4.2.120	वृद्धात् प्राचाम्	vruddhaatpraachaam
2483	11	4.2.131	मद्रवृज्योः कन्	madravrujyohakan
2484	11	4.2.132	कोपधादण्	kopadhaadan
2485	11	4.2.137	गर्तोत्तरपदाच्छः	gartottarapadaachchhah
2486	11	4.3.4	अर्धाद्यत्	ardhaadyat
2487	11	4.3.8	मध्यान्मः	madhyaanmah
2488	11	4.3.10	द्वीपादनुसमुद्रं यञ्	dveepaadanusamudramyany
2489	11	4.3.11	कालाट्ठञ्	kaalaatthany
2490	11	4.3.25	तत्र जातः	tatrajaatah
2491	11	4.3.52	तदस्य सोढम्	tadasyasodham
2492	11	4.3.53	तत्र भवः	tatrabhavah
2493	11	4.3.74	तत आगतः	tataagatah
2494	11	4.3.85	तद्गच्छति पथिदूतयोः	tadgachchhatipathidootayoh
2495	11	4.3.89	सोऽस्य निवासः	sosyanivaasah
2496	11	4.3.101	तेन प्रोक्तम्	tenaproktam
2497	11	4.3.112	तेनैकदिक्	tenaikadik
2498	11	4.3.120	तस्येदम्	tasyedam
2499	11	4.4.2	तेन दीव्यति खनति जयति जितम्	tenadeevyatikhanatijayatijitam
2500	11	4.4.47	तस्य धर्म्यम्	tasyadharmyam
2501	11	4.4.51	तदस्य पण्यम्	tadasyapanyam
2502	11	4.4.66	तदस्मै दीयते नियुक्तम्	tadasmaideeyateniyuktam
2503	11	4.4.69	तत्र नियुक्तः	tatraniyuktah
2504	11	4.4.76	तद्वहति रथयुगप्रासङ्गम्	tadvahatirathayugapraasanggam
2505	11	4.4.87	पदमस्मिन् दृश्यम्	padamasmindrushyam
2506	11	4.4.88	मूलमस्याबर्हि	moolamasyaabarhi
2507	11	4.4.89	संज्ञायां धेनुष्या	samjnyaayaamdhenushyaa
2508	11	4.4.90	गृहपतिना संयुक्ते ञ्यः	gruhapatinaasamyuktenyyah
2509	11	4.4.91	नौवयोधर्मविषमूलमूलसीतातुलाभ्यस्तार्यतुल्यप्राप्यवध्यानाम्यसमसमितसम्मितेषु	nauvayodharmavishamoolamoolaseetaatulaabhyastaaryatulyapraapyavadhyaanaamyasamasamitasammiteshu
2510	11	4.4.92	धर्मपथ्यर्थन्यायादनपेते	dharmapathyarthanyaayaadanapete
2511	11	4.4.93	छन्दसो निर्मिते	chhandasonirmite
2512	11	4.4.95	हृदयस्य प्रियः	hrudayasyapriyah
2513	11	4.4.97	मतजनहलात् करणजल्पकर्षेषु	matajanahalaatkaranajalpakarsheshu
2514	11	4.4.98	तत्र साधुः	tatrasaadhuh
2515	11	5.1.2	उगवादिभ्यो यत्	ugavaadibhyot
2516	11	5.1.5	तस्मै हितम्	tasmaihitam
2517	11	5.1.12	तदर्थं विकृतेः प्रकृतौ	tadarthamvikrutehaprakrutau
2518	11	5.1.16	तदस्य तदस्मिन् स्यादिति	tadasyatadasminsyaaditi
2519	11	5.1.19	आर्हादगोपुच्छसंख्यापरिमाणाट्ठक्	aarhaadagopuchchhasamkhyaaparimaanaatthak
2520	11	5.1.78	कालात्	kaalaat
2521	11	5.1.99	सम्पादिनि	sampaadini
2522	11	5.1.101	तस्मै प्रभवति संतापादिभ्यः	tasmaiprabhavatisamtaapaadibhyah
2523	11	5.1.104	समयस्तदस्य प्राप्तम्	samayastadasyapraaptam
2524	11	5.1.116	तत्र तस्येव	tatratasyeva
2525	11	5.1.117	तदर्हम्	tadarham
2526	11	5.1.118	उपसर्गाच्छन्दसि धात्वर्थे	upasargaachchhandasidhaatvarthe
2527	11	5.1.120	आ च त्वात्	aachatvaat
2528	11	5.2.2	व्रीहिशाल्योर्ढक्	vreehishaalyordhak
2529	11	5.2.3	यवयवकषष्टिकाद्यत्	yavayavakashashtikaadyat
2530	11	5.2.4	विभाषा तिलमाषोमाभङ्गाऽणुभ्यः	vibhaashaatilamaashomaabhanggaanubhyah
2531	11	5.2.7	तत्सर्वादेः पथ्यङ्गकर्मपत्रपात्रं व्याप्नोति	tatsarvaadehapathyanggakarmapatrapaatramvyaapnoti
2532	11	5.2.29	सम्प्रोदश्च कटच्	samprodashchakatach
2533	11	5.2.37	प्रमाणे द्वयसज्दघ्नञ्मात्रचः	pramaanedvayasajdaghnanymaatrachah
2534	11	5.2.40	किमिदंभ्यां वो घः	kimidambhyaamvoghah
2535	11	5.2.44	उभादुदात्तो नित्यम्	ubhaadudaattonityam
2536	11	5.2.46	शदन्तविंशतेश्च	shadantavimshateshcha
2537	11	5.2.48	तस्य पूरणे डट्	tasyapooranedat
2538	11	5.2.60	अध्यायानुवाकयोर्लुक्	adhyaayaanuvaakayorluk
2539	11	5.2.86	पूर्वादिनिः	poorvaadinih
2540	11	5.2.95	रसादिभ्यश्च	rasaadibhyashcha
2541	11	5.2.96	प्राणिस्थादातो लजन्यतरस्याम्	praanisthaadaatolajanyatarasyaam
2542	11	5.2.100	लोमादिपामादिपिच्छादिभ्यः शनेलचः	lomaadipaamaadipichchhaadibhyahashanelachah
2543	11	5.2.101	प्रज्ञाश्रद्धार्चाभ्यो णः	prajnyaashraddhaarchaavruttibhyonah
2544	11	5.2.102	तपःसहस्राभ्यां विनीनी	tapahasahasraabhyaamvineenee
2545	11	5.2.106	दन्त उन्नत उरच्	dantunnaturach
2546	11	5.2.107	ऊषसुषिमुष्कमधो रः	ooshasushimushkamadhorah
2547	11	5.2.108	द्युद्रुभ्यां मः	dyudrubhyaammah
2548	11	5.2.109	केशाद्वोऽन्यतरस्याम्	keshaadvonyatarasyaam
2549	11	5.2.111	काण्डाण्डादीरन्नीरचौ	kaandaandaadeeranneerachau
2550	11	5.2.112	रजःकृष्यासुतिपरिषदो वलच्	rajahakrushyaasutiparishadovalach
2551	11	5.2.115	अत इनिठनौ	atinithanau
2552	11	5.2.118	एकगोपूर्वाट्ठञ् नित्यम्	ekagopoorvaatthanynityam
2553	11	5.2.120	रूपादाहतप्रशंसयोर्यप्	roopaadaahataprashamsayorap
2554	11	5.2.121	अस्मायामेधास्रजो विनिः	asmaayaamedhaasrajovinih
2555	11	5.2.123	ऊर्णाया युस्	oornaayaayus
2556	11	5.2.124	वाचो ग्मिनिः	vaachogminih
2557	11	5.2.126	स्वामिन्नैश्वर्ये	svaaminnaishvarye
2558	11	5.2.127	अर्शआदिभ्योऽच्	arshaadibhyoch
2559	11	5.2.128	द्वन्द्वोपतापगर्ह्यात् प्राणिस्थादिनिः	dvamdvopataapagarhyaatpraanisthaadinih
2560	11	5.2.138	कंशंभ्यां बभयुस्तितुतयसः	kamshambhyaambabhayustitutayasah
2561	11	5.2.139	तुन्दिवलिवटेर्भः	tundivalivaterbhah
2562	11	5.2.140	अहंशुभमोर्युस्	ahamshubhamoryus
2563	11	5.3.2	किंसर्वनामबहुभ्योऽद्व्यादिभ्यः	kimsarvanaamabahubhyodvyaadibhyah
2564	11	5.3.43	अधिकरणविचाले च	adhikaranavichaalecha
2565	11	5.3.45	द्वित्र्योश्च धमुञ्	dvitryoshchadhamuny
2566	11	5.3.49	प्रागेकादशभ्योऽच्छन्दसि	praagekaadashabhyochchhandasi
2567	11	5.3.54	षष्ठ्या रूप्य च	shashthyaaroopyacha
2568	11	5.3.56	तिङश्च	tingashcha
2569	11	5.3.113	व्रातच्फञोरस्त्रियाम्	vraatachphanyorastriyaam
2570	11	5.3.115	वृकाट्टेण्यण्	vrukaattenyan
2571	11	5.3.116	दामन्यादित्रिगर्तषष्ठाच्छः	daamanyaaditrigartashashthaachchhah
2572	11	5.3.117	पर्श्वादियौधेयादिभ्यामणञौ	parshvaadiyaudheyaadibhyaamananyau
2573	11	5.4.2	दण्डव्यवसर्गयोश्च	dandavyavasargayoshcha
2574	11	5.4.4	अनत्यन्तगतौ क्तात्	anatyantagatauktaat
2575	11	5.4.6	बृहत्या आच्छादने	bruhatyaaaachchhaadane
2576	11	5.4.8	विभाषा अञ्चेरदिक्स्त्रियाम्	vibhaashaaanycheradikstriyaam
2577	11	5.4.10	स्थानान्ताद्विभाषा सस्थानेनेति चेत्	sthaanaantaadvibhaashaasasthaanenetichet
2578	11	5.4.12	अमु च च्छन्दसि	amuchachchhandasi
2579	11	5.4.16	विसारिणो मत्स्ये	visaarinomatsye
2580	11	5.4.18	द्वित्रिचतुर्भ्यः सुच्	dvitrichaturbhyahasuch
2581	11	5.4.20	विभाषा बहोर्धाविप्रकृष्टकाले	vibhaashaabahordhaaviprakrushtakaale
2582	11	5.4.22	समूहवच्च बहुषु	samoohavachchabahushu
2583	11	5.4.23	अनन्तावसथेतिहभेषजाञ्ञ्यः	anantaavasathetihabheshajaanynyyah
2584	11	5.4.24	देवतान्तात्तादर्थ्ये यत्	devataantaattaadarthyeyat
2585	11	5.4.30	लोहितान्मणौ	lohitaanmanau
2586	11	5.4.35	वाचो व्याहृतार्थायाम्	vaachovyaahrutaarthaayaam
2587	11	5.4.40	सस्नौ प्रशंसायाम्	sasnauprashamsaayaam
2588	11	5.4.43	संख्यैकवचनाच्च वीप्सायाम्	samkhyaikavachanaachchaveepsaayaam
2589	11	5.4.44	प्रतियोगे पञ्चम्यास्तसिः	pratiyogepanychamyaastasih
2590	11	5.4.51	अरुर्मनश्चक्षुश्चेतोरहोरजसां लोपश्च	arurmanashchakshushchetorahorajasaamlopashcha
2591	11	5.4.52	विभाषा साति कार्त्स्न्ये	vibhaashaasaatikaartsnye
2592	11	5.4.57	अव्यक्तानुकरणाद्द्व्यजवरार्धादनितौ डाच्	avyaktaanukaranaaddvyajavaraardhaadanitaudaach
2593	11	5.4.69	न पूजनात्	napoojanaat
2594	11	5.4.73	बहुव्रीहौ संख्येये डजबहुगणात्	bahuvreehausamkhyeyedajabahuganaat
2595	11	5.4.74	ऋक्पूरब्धूःपथामानक्षे	rukpoorapdhoohapathaamaanakshe
2596	11	5.4.75	अच् प्रत्यन्ववपूर्वात् सामलोम्नः	achpratyanvavapoorvaatsaamalomnah
2597	11	5.4.113	बहुव्रीहौ सक्थ्यक्ष्णोः स्वाङ्गात् षच्	bahuvreehausakthyakshnohasvaanggaatshach
2598	11	6.1.35	चायः की	chaayahakee
2599	11	6.1.36	अपस्पृधेथामानृचुरानृहुश्चिच्युषेतित्याजश्राताःश्रितमाशीराशीर्त्ताः	apasprudhethaamaanruchuraanruhushchichyushetityaajashraataahashritamaasheeraasheerttah
2600	11	6.1.38	लिटि वयो यः	litivayoyah
2601	11	6.1.114	हशि च	hashicha
2602	11	6.1.121	अवपथासि च	avapathaasicha
2603	11	6.1.124	इन्द्रे च	indrecha
2604	11	6.1.128	ऋत्यकः	rutyakah
2605	11	6.1.130	ई३ चाक्रवर्मणस्य	eechaakravarmanasya
2606	11	6.1.193	लिति	liti
2607	11	6.4.14	अत्वसन्तस्य चाधातोः	atvasantasyachaadhaatoh
2608	11	6.4.18	क्रमश्च क्त्वि	kramashchaktvi
2609	11	6.4.27	घञि च भावकरणयोः	ghanyichabhaavakaranayoh
2610	11	6.4.32	जान्तनशां विभाषा	jaantanashaamvibhaashaa
2611	11	6.4.36	हन्तेर्जः	hanterjah
2612	11	6.4.44	तनोतेर्यकि	tanoteryaki
2613	11	6.4.50	क्यस्य विभाषा	kyasyavibhaashaa
2614	11	6.4.52	निष्ठायां सेटि	nishthaayaamseti
2615	11	6.4.53	जनिता मन्त्रे	janitaamantre
2616	11	6.4.54	शमिता यज्ञे	shamitaayajnye
2617	11	6.4.55	अयामन्ताल्वाय्येत्न्विष्णुषु	ayaamantaalvaayyetnvishnushu
2618	11	6.4.65	ईद्यति	eedyati
2619	11	6.4.84	वर्षाभ्वश्च	varshaabhvashcha
2620	11	6.4.86	छन्दस्युभयथा	chhandasyubhayathaa
2621	11	6.4.93	चिण्णमुलोर्दीर्घोऽन्यतरस्याम्	chinnamulordeerghonyatarasyaam
2622	11	6.4.95	ह्लादो निष्ठायाम्	hlaadonishthaayaam
2623	11	6.4.96	छादेर्घेऽद्व्युपसर्गस्य	chhaaderghedvyupasargasya
2624	11	6.4.100	घसिभसोर्हलि च	ghasibhasorhalicha
2625	11	6.4.105	अतो हेः	atoheh
2626	11	6.4.144	नस्तद्धिते	nastaddhite
2627	11	7.1.19	नपुंसकाच्च	napumsakaachcha
2628	11	7.1.53	त्रेस्त्रयः	trestrayah
2629	11	7.1.54	ह्रस्वनद्यापो नुट्	hrasvanadyaaponut
2630	11	7.1.66	उपात् प्रशंसायाम्	upaatprashamsaayaam
2631	11	7.1.68	न सुदुर्भ्यां केवलाभ्याम्	nasudurbhyaamkevalaabhyaam
2632	11	7.1.75	अस्थिदधिसक्थ्यक्ष्णामनङुदात्तः	asthidadhisakthyakshnaamanangudaattah
2633	11	7.1.83	दृक्स्ववस्स्वतवसां छन्दसि	druksvavassvatavasaamchhandasi
2634	11	7.1.84	दिव औत्	divaut
2635	11	7.1.85	पथिमथ्यृभुक्षामात्	pathimathyrubhukshaamaat
2636	11	7.2.43	ऋतश्च संयोगादेः	rutashchasamyogaadeh
2637	11	7.2.59	न वृद्भ्यश्चतुर्भ्यः	navrudbhyashchaturbhyah
2638	11	7.2.112	अनाप्यकः	anaapyakah
2639	11	7.2.113	हलि लोपः	halilopah
2640	11	7.3.7	स्वागतादीनां च	svaagataadeenaamcha
2641	11	7.3.8	श्वादेरिञि	shvaaderinyi
2642	11	7.3.87	नाभ्यस्तस्याचि पिति सार्वधातुके	naabhyastasyaachipitisaarvadhaatuke
2643	11	7.4.15	आपोऽन्यतरस्याम्	aaponyatarasyaam
2644	11	7.4.28	रिङ् शयग्लिङ्क्षु	ringshayaglingkshu
2645	11	7.4.51	रि च	richa
2646	11	7.4.52	ह एति	heti
2647	11	7.4.53	यीवर्णयोर्दीधीवेव्योः	yeevarnayordeedheevevyoh
2648	11	7.4.55	आप्ज्ञप्यृधामीत्	aapjnyapyrudhaameet
2649	11	7.4.57	मुचोऽकर्मकस्य गुणो वा	muchokarmakasyagunovaa
2650	11	7.4.81	स्रवतिशृणोतिद्रवतिप्रवतिप्लवतिच्यवतीनां वा	sravatishrunotidravatipravatiplavatichyavateenaamvaa
2651	11	8.3.20	ओतो गार्ग्यस्य	otogaargyasya
2652	11	8.3.21	उञि च पदे	unyichapade
2653	11	8.3.22	हलि सर्वेषाम्	halisarveshaam
2654	11	8.3.40	नमस्पुरसोर्गत्योः	namaspurasorgatyoh
2655	11	8.3.41	इदुदुपधस्य चाप्रत्ययस्य	idudupadhasyachaapratyayasya
2656	11	8.3.42	तिरसोऽन्यतरस्याम्	tirasonyatarasyaam
2657	11	8.3.68	अवाच्चालम्बनाविदूर्ययोः	avaachchaalambanaavidooryayoh
2658	11	8.3.71	सिवादीनां वाऽड्व्यवायेऽपि	sivaadeenaamvaadvyavaayepi
2659	11	8.3.106	पूर्वपदात्	poorvapadaat
2660	11	8.4.32	इजादेः सनुमः	ijaadehasanumah
2661	12	2.2.20	अमैवाव्ययेन	amaivaavyayena
2662	12	3.1.51	नोनयतिध्वनयत्येलयत्यर्दयतिभ्यः	nonayatidhvanayatyelayatyardayatibhyah
2663	12	3.1.58	जॄस्तम्भुम्रुचुम्लुचुग्रुचुग्लुचुग्लुञ्चुश्विभ्यश्च	jrustambhumruchumluchugruchugluchuglunychushvibhyashcha
2664	12	3.1.63	दुहश्च	duhashcha
2665	12	3.1.64	न रुधः	narudhah
2666	12	3.1.68	कर्तरि शप्	kartarishap
2667	12	3.1.108	हनस्त च	hanastacha
2668	12	3.1.119	पदास्वैरिबाह्यापक्ष्येषु च	padaasvairibaahyaapakshyeshucha
2669	12	3.1.140	ज्वलितिकसन्तेभ्यो णः	jvalitikasantebhyonah
2670	12	3.2.16	चरेष्टः	chareshtah
2671	12	3.2.30	नाडीमुष्ट्योश्च	naadeemushtyoshcha
2672	12	3.2.34	मितनखे च	mitanakhecha
2673	12	3.2.44	क्षेमप्रियमद्रेऽण् च	kshemapriyamadrencha
2674	12	3.2.47	गमश्च	gamashcha
2675	12	3.2.63	छन्दसि सहः	chhandasisahah
2676	12	3.2.72	अवे यजः	aveyajah
2677	12	3.2.83	आत्ममाने खश्च	aatmamaanekhashcha
2678	12	3.2.85	करणे यजः	karaneyajah
2679	12	3.2.86	कर्मणि हनः	karmanihanah
2680	12	3.2.93	कर्मणीनिविक्रियः	karmaneenirvikriyah
2681	12	3.2.94	दृशेः क्वनिप्	drushehakvanip
2682	12	3.2.97	सप्तम्यां जनेर्डः	saptamyaamjanerdah
2683	12	3.2.102	निष्ठा	nishthaa
2684	12	3.2.103	सुयजोर्ङ्वनिप्	suyajorngvanip
2685	12	3.2.104	जीर्यतेरतृन्	jeeryateratrun
2686	12	3.2.105	छन्दसि लिट्	chhandasilit
2687	12	3.2.110	लुङ्	lung
2688	12	3.2.111	अनद्यतने लङ्	anadyatanelang
2689	12	3.2.139	ग्लाजिस्थश्च क्स्नुः	glaajisthashchaksnuh
2690	12	3.2.186	कर्तरि चर्षिदेवतयोः	kartaricharshidevatayoh
2691	12	3.3.6	किंवृत्ते लिप्सायाम्	kimvruttelipsaayaam
2692	12	3.3.7	लिप्स्यमानसिद्धौ च	lipsyamaanasiddhaucha
2693	12	3.3.8	लोडर्थलक्षणे च	lodarthalakshanecha
2694	12	3.3.14	लृटः सद् वा	lrutahasadvaa
2695	12	3.3.15	अनद्यतने लुट्	anadyatanelut
2696	12	3.3.34	छन्दोनाम्नि च	chhandonaamnicha
2697	12	3.3.42	संघे चानौत्तराधर्ये	samghechaanauttaraadharye
2698	12	3.3.52	प्रे वणिजाम्	prevanijaam
2699	12	3.3.60	नौ ण च	naunacha
2700	12	3.3.62	स्वनहसोर्वा	svanahasorvaa
2701	12	3.3.73	आङि युद्धे	aangiyuddhe
2702	12	3.3.74	निपानमाहावः	nipaanamaahaavah
2703	12	3.3.75	भावेऽनुपसर्गस्य	bhaavenupasargasya
2704	12	3.3.96	मन्त्रे वृषेषपचमनविदभूवीरा उदात्तः	mantrevrusheshapachamanavidabhooveeraaudaattah
2705	12	3.3.103	गुरोश्च हलः	guroshchahalah
2706	12	3.3.105	चिन्तिपूजिकथिकुम्बिचर्चश्च	chintipoojikathikumbicharchashcha
2707	12	3.3.106	आतश्चोपसर्गे	aatashchopasarge
2708	12	3.3.109	संज्ञायाम्	samjnyaayaam
2709	12	3.3.110	विभाषाऽऽख्यानपरिप्रश्नयोरिञ् च	vibhaashaakhyaanapariprashnayorinycha
2710	12	3.3.121	हलश्च	halashcha
2711	12	3.3.122	अध्यायन्यायोद्यावसंहाराधारावायाश्च	adhyaayanyaayodyaavasamhaaraadhaaraavayaashcha
2712	12	3.3.123	उदङ्कोऽनुदके	udangkonudake
2713	12	3.3.124	जालमानायः	jaalamaanaayah
2714	12	3.3.125	खनो घ च	khanoghacha
2715	12	3.3.142	गर्हायां लडपिजात्वोः	garhaayaamladapijaatvoh
2716	12	3.3.166	अधीष्टे च	adheeshtecha
2717	12	3.4.28	यथातथयोरसूयाप्रतिवचने	yathaatathayorasooyaaprativachane
2718	12	3.4.30	यावति विन्दजीवोः	yaavativindajeevoh
2719	12	3.4.31	चर्मोदरयोः पूरेः	charmodarayohapooreh
2720	12	3.4.34	निमूलसमूलयोः कषः	nimoolasamoolayohakashah
2721	12	3.4.35	शुष्कचूर्णरूक्षेषु पिषः	shushkachoornarooksheshupishah
2722	12	3.4.36	समूलाकृतजीवेषु हन्कृञ्ग्रहः	samoolaakrutajeeveshuhankrunygrahah
2723	12	3.4.38	स्नेहने पिषः	snehanepishah
2724	12	3.4.39	हस्ते वर्त्तिग्रहोः	hastevarttigrahoh
2725	12	3.4.40	स्वे पुषः	svepushah
2726	12	3.4.42	संज्ञायाम्	samjnyaayaam
2727	12	3.4.44	ऊर्ध्वे शुषिपूरोः	oordhveshushipooroh
2728	12	3.4.45	उपमाने कर्मणि च	upamaanekarmanicha
2729	12	3.4.48	हिंसार्थानां च समानकर्मकाणाम्	himsaarthaanaamchasamaanakarmakaanaam
2730	12	3.4.49	सप्तम्यां चोपपीडरुधकर्षः	saptamyaamchopapeedarudhakarshah
2731	12	3.4.53	द्वितीयायां च	dviteeyaayaamcha
2732	12	3.4.98	स उत्तमस्य	suttamasya
2733	12	3.4.112	द्विषश्च	dvishashcha
2734	12	4.1.13	डाबुभाभ्यामन्यतरस्याम्	daabubhaabhyaamanyatarasyaam
2735	12	4.1.40	अन्यतो ङीष्	anyatongeesh
2736	12	4.1.90	यूनि लुक्	yooniluk
2737	12	4.1.93	एको गोत्रे	ekogotre
2738	12	4.1.94	गोत्राद्यून्यस्त्रियाम्	gotraadyoonyastriyaam
2739	12	4.1.95	अत इञ्	atainya
2740	12	4.1.98	गोत्रे कुञ्जादिभ्यश्च्फञ्	gotrekunyjaadibhyashchphany
2741	12	4.1.112	शिवादिभ्योऽण्	shivaadibhyon
2742	12	4.1.120	स्त्रीभ्यो ढक्	streebhyodhak
2743	12	4.1.128	चटकाया ऐरक्	chatakaayaaairak
2744	12	4.1.129	गोधाया ढ्रक्	godhaayaadhrak
2745	12	4.1.132	पितृष्वसुश्छण्	pitrushvasushchhan
2746	12	4.1.135	चतुष्पाद्भ्यो ढञ्	chatushpaadbhyodhany
2747	12	4.1.137	राजश्वशुराद्यत्	raajashvashuraadyat
2748	12	4.1.138	क्षत्राद्घः	kshatraadghah
2749	12	4.1.139	कुलात् खः	kulaatkhah
2750	12	4.1.143	स्वसुश्छः	svasushchhah
2751	12	4.1.146	रेवत्यादिभ्यष्ठक्	revatyaadibhyashthak
2752	12	4.1.151	कुर्वादिभ्यो ण्यः	kurvaadibhyonyah
2753	12	4.1.154	तिकादिभ्यः फिञ्	tikaadibhyahaphiny
2754	12	4.1.160	प्राचामवृद्धात् फिन् बहुलम्	praachaamavruddhaatphinbahulam
2755	12	4.1.161	मनोर्जातावञ्यतौ षुक् च	manorjaataavanyyataushukcha
2756	12	4.1.162	अपत्यं पौत्रप्रभृति गोत्रम्	apatyampautraprabhrutigotram
2757	12	4.1.166	वृद्धस्य च पूजायाम्	vruddhasyachapoojaayaam
2758	12	4.1.167	यूनश्च कुत्सायाम्	yoonashchakutsaayaam
2759	12	4.1.168	जनपदशब्दात् क्षत्रियादञ्	janapadashabdaatkshatriyaadany
2760	12	4.2.2	लाक्षारोचनाशकलकर्दमाट्ठक्	laakshaarochanaashakalakardamaatthak
2761	12	4.2.3	नक्षत्रेण युक्तः कालः	nakshatrenayuktahakaalah
2762	12	4.2.7	दृष्टं साम	drushtamsaama
2763	12	4.2.10	परिवृतो रथः	parivrutorathah
2764	12	4.2.13	कौमारापूर्ववचने	kaumaaraapoorvavachane
2765	12	4.2.15	स्थण्डिलाच्छयितरि व्रते	sthandilaachchhayitarivrate
2766	12	4.2.16	संस्कृतं भक्षाः	samskrutambhakshaah
2767	12	4.2.22	आग्रहायण्यश्वत्थाट्ठक्	aagrahaayanyashvatthaatthak
2768	12	4.2.25	कस्येत्	kasyet
2769	12	4.2.26	शुक्राद्घन्	shukraadghan
2770	12	4.2.27	अपोनप्त्रपान्नप्तृभ्यां घः	aponaptrapaannaptrubhyaamghah
2771	12	4.2.28	छ च	chhacha
2772	12	4.2.30	सोमाट्ट्यण्	somaattyan
2773	12	4.2.31	वाय्वृतुपित्रुषसो यत्	vaayvrutupitrushasoyat
2774	12	4.2.33	अग्नेर्ढक्	agnerdhak
2775	12	4.2.34	कालेभ्यो भववत्	kaalebhyobhavavat
2776	12	4.2.35	महाराजप्रोष्ठपदाट्ठञ्	mahaaraajaproshthapadaatthany
2777	12	4.2.38	भिक्षादिभ्योऽण्	bhikshaadibhyon
2778	12	4.2.39	गोत्रोक्षोष्ट्रोरभ्रराजराजन्यराजपुत्रवत्समनुष्याजाद्वुञ्	gotrokshoshtrorabhraraajaraajanyaraajaputravatsamanushyaajaadvuny
2779	12	4.2.42	ब्राह्मणमाणववाडवाद्यन्	braahmanamaanavavaadavaadyan
2780	12	4.2.43	ग्रामजनबन्धुसहायेभ्यः तल्	graamajanabandhusahaayebhyahatal
2781	12	4.2.44	अनुदात्तादेरञ्	anudaattaaderany
2782	12	4.2.46	चरणेभ्यो धर्मवत्	charanebhyodharmavat
2783	12	4.2.47	अचित्तहस्तिधेनोष्ठक्	achittahastidhenoshthak
2784	12	4.2.48	केशाश्वाभ्यां यञ्छावन्यतरस्याम्	keshaashvaabhyaamyanychhaavanyatarasyaam
2785	12	4.2.49	पाशादिभ्यो यः	paashaadibhyoyah
2786	12	4.2.51	इनित्रकट्यचश्च	initrakatyachashcha
2787	12	4.2.52	विषयो देशे	vishayodeshe
2788	12	4.2.56	संग्रामे प्रयोजनयोद्धृभ्यः	samgraameprayojanayoddhrubhyah
2789	12	4.2.60	क्रतूक्थादिसूत्रान्ताट्ठक्	kratookthaadisootraantaatthak
2790	12	4.2.61	क्रमादिभ्यो वुन्	kramaadibhyovun
2791	12	4.2.62	अनुब्राह्मणादिनिः	anubraahmanaadinih
2792	12	4.2.63	वसन्तादिभ्यष्ठक्	vasantaadibhyashthak
2793	12	4.2.64	प्रोक्ताल्लुक्	proktaalluk
2794	12	4.2.68	तेन निर्वृत्तम्	tenanirvruttam
2795	12	4.2.69	तस्य निवासः	tasyanivaasah
2796	12	4.2.72	मतोश्च बह्वजङ्गात्	matoshchabahvajanggaat
2797	12	4.2.73	बह्वचः कूपेषु	bahvachahakoopeshu
2798	12	4.2.75	संकलादिभ्यश्च	samkalaadibhyashcha
2799	12	4.2.76	स्त्रीषु सौवीरसाल्वप्राक्षु	streeshusauveerasaalvapraakshu
2800	12	4.2.78	रोणी	ronee
2801	12	4.2.79	कोपधाच्च	kopadhaachcha
2802	12	4.2.82	वरणादिभ्यश्च	varanaadibhyashcha
2803	12	4.2.83	शर्कराया वा	sharkaraayaavaa
2804	12	4.2.86	मध्वादिभ्यश्च	madhvaadibhyashcha
2805	12	4.2.91	नडादीनां कुक् च	nadaadeenaamkukcha
2806	12	4.2.96	कुलकुक्षिग्रीवाभ्यः श्वास्यलंकारेषु	kulakukshigreevaabhyahashvaasyalamkaareshu
2807	12	4.2.100	रंकोरमनुष्येऽण् च	ramkoramanushyencha
2808	12	4.2.103	वर्णौ वुक्	varnauvuk
2809	12	4.2.105	ऐषमोह्यःश्वसोऽन्यतरस्याम्	aishamohyahashvasonyatarasyaam
2810	12	4.2.108	मद्रेभ्योऽञ्	madrebhyony
2811	12	4.2.111	कण्वादिभ्यो गोत्रे	kanvaadibhyogotre
2812	12	4.2.115	भवतष्ठक्छसौ	bhavatashthakchhasau
2813	12	4.2.116	काश्यादिभ्यष्ठञ्ञिठौ	kaashyaadibhyashthanynyithau
2814	12	4.2.121	धन्वयोपधाद्वुञ्	dhanvayopadhaadvuny
2815	12	4.2.133	कच्छादिभ्यश्च	kachchhaadibhyashcha
2816	12	4.2.138	गहादिभ्यश्च	gahaadibhyashcha
2817	12	4.2.139	प्राचां कटादेः	praachaamkataadeh
2818	12	4.2.140	राज्ञः क च	raajnyahakacha
2819	12	4.2.141	वृद्धादकेकान्तखोपधात्	vruddhaadakekaantakhopadhaat
2820	12	4.2.143	पर्वताच्च	parvataachcha
2821	12	4.2.145	कृकणपर्णाद्भारद्वाजे	krukanaparnaadbhaaradvaaje
2822	12	4.3.1	युष्मदस्मदोरन्यतरस्यां खञ् च	yushmadasmadoranyatarasyaamkhanycha
2823	12	4.3.5	परावराधमोत्तमपूर्वाच्च	paraavaraadhamottamapoorvaachcha
2824	12	4.3.6	दिक्पूर्वपदाट्ठञ् च	dikpoorvapadaatthanycha
2825	12	4.3.9	अ साम्प्रतिके	asaampratike
2826	12	4.3.12	श्राद्धे शरदः	shraaddhesharadah
2827	12	4.3.16	संधिवेलाद्यृतुनक्षत्रेभ्योऽण्	samdhivelaadyrutunakshatrebhyon
2828	12	4.3.17	प्रावृष एण्यः	praavrushenyah
2829	12	4.3.18	वर्षाभ्यष्ठक्	varshaabhyashthak
2830	12	4.3.23	सायंचिरम्प्राह्णेप्रगेऽव्ययेभ्यष्ट्युट्युलौ तुट् च	saayamchirampraahnepragevyayebhyashtyutyulaututcha
2831	12	4.3.26	प्रावृषष्ठप्	praavrushashthap
2832	12	4.3.27	संज्ञायां शरदो वुञ्	samjnyaayaamsharadovuny
2833	12	4.3.32	सिन्ध्वपकराभ्यां कन्	sindhvapakaraabhyaamkan
2834	12	4.3.34	श्रविष्ठाफल्गुन्यनुराधास्वातितिष्यपुनर्वसुहस्तविशाखाषाढाबहुलाल्लुक्	shravishthaaphalgunyanuraadhaasvaatitishyapunarvasuhastavishaakhaashaadhaabahulaalluk
2835	12	4.3.38	कृतलब्धक्रीतकुशलाः	krutalabdhakreetakushalaah
2836	12	4.3.39	प्रायभवः	praayabhavah
2837	12	4.3.41	संभूते	sambhoote
2838	12	4.3.51	व्याहरति मृगः	vyaaharatimrugah
2839	12	4.3.54	दिगादिभ्यो यत्	digaadibhyoyat
2840	12	4.3.56	दृतिकुक्षिकलशिवस्त्यस्त्यहेर्ढञ्	drutikukshikalashivastyastyaherdhany
2841	12	4.3.58	गम्भीराञ्ञ्यः	gambheeraanynyyah
2842	12	4.3.62	जिह्वामूलाङ्गुलेश्छः	jihvaamoolaangguleshchhah
2843	12	4.3.63	वर्गान्ताच्च	vargaantaachcha
2844	12	4.3.65	कर्णललाटात् कनलंकारे	karnalalaataatkanalamkaare
2845	12	4.3.66	तस्य व्याख्यान इति च व्याख्यातव्यनाम्नः	tasyavyaakhyaanitichavyaakhyaatavyanaamnah
2846	12	4.3.75	ठगायस्थानेभ्यः	thagaayasthaanebhyah
2847	12	4.3.76	शुण्डिकादिभ्योऽण्	shundikaadibhyon
2848	12	4.3.77	विद्यायोनिसंबन्धेभ्यो वुञ्	vidyaayonisambandhebhyovuny
2849	12	4.3.80	गोत्रादङ्कवत्	gotraadangkavat
2850	12	4.3.81	हेतुमनुष्येभ्योऽन्यतरस्यां रूप्यः	hetumanushyebhyonyatarasyaamroopyah
2851	12	4.3.83	प्रभवति	prabhavati
2852	12	4.3.86	अभिनिष्क्रामति द्वारम्	abhinishkraamatidvaaram
2853	12	4.3.87	अधिकृत्य कृते ग्रन्थे	adhikrutyakrutegranthe
2854	12	4.3.90	अभिजनश्च	abhijanashcha
2855	12	4.3.95	भक्तिः	bhaktih
2856	12	4.3.102	तित्तिरिवरतन्तुखण्डिकोखाच्छण्	tittirivaratantukhandikokhaachchhan
2857	12	4.3.103	काश्यपकौशिकाभ्यामृषिभ्यां णिनिः	kaashyapakaushikaabhyaamrushibhyaamninih
2858	12	4.3.107	कठचरकाल्लुक्	kathacharakaalluk
2859	12	4.3.108	कलापिनोऽण्	kalaapinon
2860	12	4.3.109	छगलिनो ढिनुक्	chhagalinodhinuk
2861	12	4.3.110	पाराशर्यशिलालिभ्यां भिक्षुनटसूत्रयोः	paaraasharyashilaalibhyaambhikshunatasootrayoh
2862	12	4.3.113	तसिश्च	tasishcha
2863	12	4.3.115	उपज्ञाते	upajnyaate
2864	12	4.3.116	कृते ग्रन्थे	krutegranthe
2865	12	4.3.121	रथाद्यत्	rathaadyat
2866	12	4.3.124	हलसीराट्ठक्	halaseeraatthak
2867	12	4.3.125	द्वन्द्वाद्वुन् वैरमैथुनिकयोः	dvamdvaadvunvairamaithunikayoh
2868	12	4.3.126	गोत्रचरणाद्वुञ्	gotracharanaadvuny
2869	12	4.3.127	संघाङ्कलक्षणेष्वञ्यञिञामण्	samghaangkalakshaneshvanyyanyinyaaman
2870	12	4.3.129	छन्दोगौक्थिकयाज्ञिकबह्वृचनटाञ्ञ्यः	chhandogaukthikayaajnyikabahvruchanataanynyyah
2871	12	4.3.130	न दण्डमाणवान्तेवासिषु	nadandamaanavaantevaasishu
2872	12	4.3.131	रैवतिकादिभ्यश्छः	raivatikaadibhyashchhah
2873	12	4.3.132	कौपिञ्जलहास्तिपदादण्	kaupinyjalahaastipadaadan
2874	12	4.3.134	तस्य विकारः	tasyavikaarah
2875	12	4.4.3	संस्कृतम्	samskrutam
2876	12	4.4.5	तरति	tarati
2877	12	4.4.8	चरति	charati
2878	12	4.4.12	वेतनादिभ्यो जीवति	vetanaadibhyojeevati
2879	12	4.4.15	हरत्युत्सङ्गादिभ्यः	haratyutsanggaadibhyah
2880	12	4.4.19	निर्वृत्तेऽक्षद्यूतादिभ्यः	nirvruttekshadyootaadibhyah
2881	12	4.4.22	संसृष्टे	samsrushte
2882	12	4.4.26	व्यञ्जनैरुपसिक्ते	vyanyjanairupasikte
2883	12	4.4.27	ओजस्सहोऽम्भसा वर्तते	ojassahombhasaavartate
2884	12	4.4.48	अण् महिष्यादिभ्यः	anmahishyaadibhyah
2885	12	4.4.49	ऋतोऽञ्	rutony
2886	12	4.4.50	अवक्रयः	avakrayah
2887	12	4.4.52	लवणाट्ठञ्	lavanaatthany
2888	12	4.4.53	किशरादिभ्यः ष्ठन्	kisharaadibhyahashthan
2889	12	4.4.55	शिल्पम्	shilpam
2890	12	4.4.57	प्रहरणम्	praharanam
2891	12	4.4.60	अस्तिनास्तिदिष्टं मतिः	astinaastidishtammatih
2892	12	4.4.61	शीलम्	sheelam
2893	12	4.4.63	कर्माध्ययने वृत्तम्	karmaadhyayanevruttam
2894	12	4.4.65	हितं भक्षाः	hitambhakshaah
2895	12	4.4.67	श्राणामांसौदनाट्टिठन्	shraanaamaamsaudanaattithan
2896	12	4.4.68	भक्तादणन्यतरस्याम्	bhaktaadananyatarasyaam
2897	12	4.4.70	अगारान्ताट्ठन्	agaaraantaatthan
2898	12	4.4.71	अध्यायिन्यदेशकालात्	adhyaayinyadeshakaalaat
2899	12	4.4.72	कठिनान्तप्रस्तारसंस्थानेषु व्यवहरति	kathinaantaprastaarasamsthaaneshuvyavaharati
2900	12	4.4.73	निकटे वसति	nikatevasati
2901	12	4.4.77	धुरो यड्ढकौ	dhuroyaddhakau
2902	12	4.4.78	खः सर्वधुरात्	khahasarvadhuraat
2903	12	4.4.80	शकटादण्	shakataadan
2904	12	4.4.81	हलसीराट्ठक्	halaseeraatthak
2905	12	4.4.82	संज्ञायां जन्याः	samjnyaayaamjanyaah
2906	12	4.4.83	विध्यत्यधनुषा	vidhyatyadhanushaa
2907	12	4.4.84	धनगणं लब्धा	dhanaganamlabdhaa
2908	12	4.4.86	वशं गतः	vashamgatah
2909	12	4.4.94	उरसोऽण् च	urasoncha
2910	12	4.4.96	बन्धने चर्षौ	bandhanecharshau
2911	12	4.4.99	प्रतिजनादिभ्यः खञ्	pratijanaadibhyahakhany
2912	12	4.4.100	भक्ताण्णः	bhaktaannah
2913	12	4.4.101	परिषदो ण्यः	parishadonyah
2914	12	4.4.102	कथादिभ्यष्ठक्	kathaadibhyashthak
2915	12	4.4.103	गुडादिभ्यष्ठञ्	gudaadibhyashthany
2916	12	4.4.104	पथ्यतिथिवसतिस्वपतेर्ढञ्	pathyatithivasatisvapaterdhany
2917	12	4.4.105	सभाया यः	sabhaayaayah
2918	12	4.4.107	समानतीर्थे वासी	samaanateerthevaasee
2919	12	4.4.108	समानोदरे शयित ओ चोदात्तः	samaanodareshayitochodaattah
2920	12	4.4.110	भवे छन्दसि	bhavechhandasi
2921	12	5.1.3	कम्बलाच्च संज्ञायाम्	kambalaachchasamjnyaayaam
2922	12	5.1.4	विभाषा हविरपूपादिभ्यः	vibhaashaahavirapoopaadibhyah
2923	12	5.1.6	शरीरावयवाद्यत्	shareeraavayavaadyat
2924	12	5.1.8	अजाविभ्यां थ्यन्	ajaavibhyaamthyan
2925	12	5.1.9	आत्मन्विश्वजनभोगोत्तरपदात् खः	aatmanvishvajanabhogottarapadaatkhah
2926	12	5.1.10	सर्वपुरुषाभ्यां णढञौ	sarvapurushaabhyaamnadhanyau
2927	12	5.1.11	माणवचरकाभ्यां खञ्	maanavacharakaabhyaamkhany
2928	12	5.1.13	छदिरुपधिबलेर्ढञ्	chhadirupadhibalehadhany
2929	12	5.1.14	ऋषभोपानहोर्ञ्यः	rushabhopaanahornyyah
2930	12	5.1.15	चर्मणोऽञ्	charmmanony
2931	12	5.1.17	परिखाया ढञ्	parikhaayaadhany
2932	12	5.1.20	असमासे निष्कादिभ्यः	asamaasenishkaadibhyah
2933	12	5.1.21	शताच्च ठन्यतावशते	shataachchathanyataavashate
2934	12	5.1.22	संख्याया अतिशदन्तायाः कन्	samkhyaayaaatishadantaayaahakan
2935	12	5.1.24	विंशतित्रिंशद्भ्यां ड्वुन्नसंज्ञायाम्	vimshatitrimshadbhyaamdvunnasamjnyaayaam
2936	12	5.1.25	कंसाट्टिठन्	kamsaattithan
2937	12	5.1.26	शूर्पादञन्यतरस्याम्	shoorpaadanyanyatarasyaam
2938	12	5.1.27	शतमानविंशतिकसहस्रवसनादण्	shatamaanavimshatikasahasravasanaadan
2939	12	5.1.28	अध्यर्धपूर्वद्विगोर्लुगसंज्ञायाम्	adhyardhapoorvadvigorlugasamjnyaayaam
2940	12	5.1.37	तेन क्रीतम्	tenakreetam
2941	12	5.1.38	तस्य निमित्तं संयोगोत्पातौ	tasyanimittamsamyogotpaatau
2942	12	5.1.45	तस्य वापः	tasyavaapah
2943	12	5.1.47	तदस्मिन् वृद्ध्यायलाभशुल्कोपदा दीयते	tadasminvruddhyaayalaabhashulkopadaadeeyate
2944	12	5.1.50	तद्धरति वहत्यावहति भाराद्वंशादिभ्यः	taddharativahatyaavahatibhaaraadvamshaadibhyah
2945	12	5.1.56	सोऽस्यांशवस्नभृतयः	sosyaamshavasnabhrutayah
2946	12	5.1.57	तदस्य परिमाणम्	tadasyaparimaanam
2947	12	5.1.63	तद् अर्हति	tadarhati
2948	12	5.1.79	तेन निर्वृत्तम्	tenanirvruttam
2949	12	5.1.80	तमधीष्टो भृतो भूतो भावी	tamadheeshtobhrutobhootobhaavee
2950	12	5.1.81	मासाद्वयसि यत्खञौ	maasaadvayasiyatkhanyau
2951	12	5.1.90	षष्टिकाः षष्टिरात्रेण पच्यन्ते	shashtikaahashashtiraatrenapachyante
2952	12	5.1.91	वत्सरान्ताच्छश्छन्दसि	vatsaraantaachchhashchhandasi
2953	12	5.1.93	तेन परिजय्यलभ्यकार्यसुकरम्	tenaparijayyalabhyakaaryasukaram
2954	12	5.1.94	तदस्य ब्रह्मचर्यम्	tadasyabrahmacharyam
2955	12	5.1.95	तस्य च दक्षिणा यज्ञाख्येभ्यः	tasyachadakshinaayajnyaakhyebhyah
2956	12	5.1.96	तत्र च दीयते कार्यं भववत्	tatrachadeeyatekaaryambhavavat
2957	12	5.1.100	कर्मवेषाद्यत्	karmaveshaadyat
2958	12	5.1.102	योगाद्यच्च	yogaadyachcha
2959	12	5.1.103	कर्मण उकञ्	karmanukany
2960	12	5.1.105	ऋतोरण्	kaalaadyat
2961	12	5.1.107	कालाद्यत्	kaalaadyat
2962	12	5.1.109	प्रयोजनम्	prayojanam
2963	12	5.1.121	न नञ्पूर्वात्तत्पुरुषादचतुरसंगतलवणवटयुधकतरसलसेभ्यः	nananypoorvaattatpurushaadachaturasamgatalavanavatayudhakatarasalasebhyah
2964	12	5.1.122	पृथ्वादिभ्य इमनिज्वा	pruthvaadibhyimanijvaa
2965	12	5.2.8	आप्रपदं प्राप्नोति	aaprapadampraapnoti
2966	12	5.2.9	अनुपदसर्वान्नायानयं बद्धाभक्षयतिनेयेषु	anupadasarvaannaayaanayambaddhaabhakshayatineyeshu
2967	12	5.2.10	परोवरपरम्परपुत्रपौत्रमनुभवति	parovaraparamparaputrapautramanubhavati
2968	12	5.2.11	अवारपारात्यन्तानुकामं गामी	avaarapaaraatyantaanukaamamgaamee
2969	12	5.2.12	समांसमां विजायते	samaamsamaamvijaayate
2970	12	5.2.14	आगवीनः	aagaveenah
2971	12	5.2.15	अनुग्वलंगामी	anugvalamgaamee
2972	12	5.2.18	गोष्ठात् खञ् भूतपूर्वे	goshthaatkhanybhootapoorve
2973	12	5.2.24	तस्य पाकमूले पील्वादिकर्णादिभ्यः कुणब्जाहचौ	tasyapaakamoolepeelvadikarnaadibhyahakunabjaahachau
2974	12	5.2.26	तेन वित्तश्चुञ्चुप्चणपौ	tenavittashchunychupchanapau
2975	12	5.2.27	विनञ्भ्यां नानाञौ नसह	vinanybhyaamnaanaanyaunasaha
2976	12	5.2.30	अवात् कुटारच्च	avaatkutaarachcha
2977	12	5.2.38	पुरुषहस्तिभ्यामण् च	purushahastibhyaamancha
2978	12	5.2.41	किमः संख्यापरिमाणे डति च	kimahasamkhyaaparimaanedaticha
2979	12	5.2.49	नान्तादसंख्यादेर्मट्	naantaadasamkhyaadermat
2980	12	5.2.51	षट्कतिकतिपयचतुरां थुक्	shatkatikatipayachaturaamthuk
2981	12	5.2.52	बहुपूगगणसंघस्य तिथुक्	bahupoogaganasamghasyatithuk
2982	12	5.2.53	वतोरिथुक्	vatorithuk
2983	12	5.2.54	द्वेस्तीयः	dvesteeyah
2984	12	5.2.56	विंशत्यादिभ्यस्तमडन्यतरस्याम्	vimshatyaadibhyastamadanyatarasyaam
2985	12	5.2.61	विमुक्तादिभ्योऽण्	vimuktaadibhyon
2986	12	5.2.62	गोषदादिभ्यो वुन्	goshadaadibhyovun
2987	12	5.2.87	सपूर्वाच्च	sapoorvaachcha
2988	12	5.2.88	इष्टादिभ्यश्च	ishtaadibhyashcha
2989	12	5.2.89	छन्दसि परिपन्थिपरिपरिणौ पर्यवस्थातरि	chhandasiparipanthipariparinauparyavasthaatari
2990	12	5.2.90	अनुपद्यन्वेष्टा	anupadyanveshtaa
2991	12	5.2.91	साक्षाद्द्रष्टरि संज्ञायाम्	saakshaaddrashtarisamjnyaayaam
2992	12	5.2.97	सिध्मादिभ्यश्च	sidhmaadibhyashcha
2993	12	5.2.98	वत्सांसाभ्यां कामबले	vatsaamsaabhyaamkaamabale
2994	12	5.2.99	फेनादिलच् च	phenaadilachcha
2995	12	5.2.103	अण् च	ancha
2996	12	5.2.110	गाण्ड्यजगात् संज्ञायाम्	gaandyajagaatsamjnyaayaam
2997	12	5.2.113	दन्तशिखात् संज्ञायाम्	dantashikhaatsamjnyaayaam
2998	12	5.2.116	व्रीह्यादिभ्यश्च	vreehyaadibhyashcha
2999	12	5.2.117	तुन्दादिभ्य इलच् च	tundaadibhyilachcha
3000	12	5.2.119	शतसहस्रान्ताच्च निष्कात्	shatasahasraantaachchanishkaat
3001	12	5.2.122	बहुलं छन्दसि	bahulamchhandasi
3002	12	5.2.125	आलजाटचौ बहुभाषिणि	aalajaatachaubahubhaashini
3003	12	5.2.129	वातातिसाराभ्यां कुक् च	vaataatisaaraabhyaamkukcha
3004	12	5.2.130	वयसि पूरणात्	vayasipooranaat
3005	12	5.2.131	सुखादिभ्यश्च	sukhaadibhyashcha
3006	12	5.2.132	धर्मशीलवर्णान्ताच्च	dharmasheelavarnaantaachcha
3007	12	5.2.133	हस्ताज्जातौ	hastaajjaatau
3008	12	5.2.134	वर्णाद्ब्रह्मचारिणि	varnaadbrahmachaarini
3009	12	5.2.135	पुष्करादिभ्यो देशे	pushkaraadibhyodeshe
3010	12	5.2.136	बलादिभ्यो मतुबन्यतरस्याम्	balaadibhyomatubanyatarasyaam
3011	12	5.2.137	संज्ञायां मन्माभ्याम्	samjnyaayaammanmaabhyaamh
3012	12	5.3.3	इदम इश्	idamish
3013	12	5.3.5	एतदोऽन्	etadosh
3014	12	5.3.6	सर्वस्य सोऽन्यतरस्यां दि	sarvasyasonyatarasyaamdi
3015	12	5.3.7	पञ्चम्यास्तसिल्	panychamyaastasil
3016	12	5.3.10	सप्तम्यास्त्रल्	saptamyaastral
3017	12	5.3.23	प्रकारवचने थाल्	prakaaravachanethaal
3018	12	5.3.27	दिक्शब्देभ्यः सप्तमीपञ्चमीप्रथमाभ्यो दिग्देशकालेष्वस्तातिः	dikshabdebhyahasaptameepanychameeprathamaabhyodigdeshakaaleshvastaatih
3019	12	5.3.46	एधाच्च	edhaachcha
3020	12	5.3.50	षष्ठाष्टमाभ्यां ञ च	shashthaashtamaabhyaamnyacha
3021	12	5.3.57	द्विवचनविभज्योपपदे तरबीयसुनौ	dvivachanavibhajyopapadetarabeeyasunau
3022	12	5.3.58	अजादी गुणवचनादेव	ajaadeegunavachanaadeva
3023	12	5.3.66	प्रशंसायां रूपप्	prashamsaayaamroopap
3024	12	5.3.67	ईषदसमाप्तौ कल्पब्देश्यदेशीयरः	eeshadasamaaptaukalpabdeshyadesheeyarah
3025	12	5.3.70	प्रागिवात्कः	praagivaatkah
3026	12	5.4.5	न सामिवचने	nasaamivachane
3027	12	5.4.19	एकस्य सकृच्च	ekasyasakruchcha
3028	12	5.4.25	पादार्घाभ्यां च	paadaarghaabhyaamcha
3029	12	5.4.26	अतिथेर्ञ्यः	atithernyyah
3030	12	5.4.31	वर्णे चानित्ये	varnechaanitye
3031	12	5.4.36	तद्युक्तात् कर्मणोऽण्	tadyuktaatkarmanon
3032	12	5.4.41	वृकज्येष्ठाभ्यां तिल्तातिलौ च च्छन्दसि	vrukajyeshthaabhyaamtiltaatilauchachchhandasi
3033	12	5.4.45	अपादाने चाहीयरुहोः	apaadaanechaaheeyaruhoh
3034	12	5.4.46	अतिग्रहाव्यथनक्षेपेष्वकर्तरि तृतीयायाः	atigrahaavyathanakshepeshvakartaritruteeyaayaah
3035	12	5.4.48	षष्ठ्या व्याश्रये	shashthyaavyaashraye
3036	12	5.4.53	अभिविधौ सम्पदा च	abhividhausampadaacha
3037	12	5.4.58	कृञो द्वितीयतृतीयशम्बबीजात् कृषौ	krunyodviteeyatruteeyashambabeejaatkrushau
3038	12	5.4.70	किमः क्षेपे	kimahakshepe
3039	12	5.4.71	नञस्तत्पुरुषात्	nanyastatpurushaat
3040	12	5.4.76	अक्ष्णोऽदर्शनात्	akshnodarshanaat
3041	12	5.4.77	अचतुरविचतुरसुचतुरस्त्रीपुंसधेन्वनडुहर्क्सामवाङ्मनसाक्षिभ्रुवदारगवोर्वष्ठीवपदष्ठीवनक्तंदिवरात्रिंदिवाहर्दिवसरजसनिःश्रेयसपुरुषायुषद्व्यायुषत्र्यायुषर्ग्यजुषजातोक्षमहोक्षवृद्धोक्षोपशुनगोष्ठश्वाः	achaturavichaturasuchaturastreepumsadhenvanaduharksaamavaangmanasaakshibhruvadaaragavorvashtheevapadashtheevanaktamdivaratrimdivaahardivasarajasanihashreyasapurushaayushadvyaayushatryaayushargyajushajaatokshamahokshavruddhokshopashunagoshthashvaah
3042	12	5.4.78	ब्रह्महस्तिभ्याम् वर्च्चसः	brahmahastibhyaamvarchchasah
3043	12	5.4.79	अवसमन्धेभ्यस्तमसः	avasamandhebhyastamasah
3044	12	5.4.80	श्वसो वसीयःश्रेयसः	shvasovaseeyahashreyasah
3045	12	5.4.81	अन्ववतप्ताद्रहसः	anvavataptaadrahasah
3046	12	5.4.82	प्रतेरुरसः सप्तमीस्थात्	praterurasahasaptameesthaat
3047	12	5.4.83	अनुगवमायामे	anugavamaayaame
3048	12	5.4.84	द्विस्तावा त्रिस्तावा वेदिः	dvistaavaatristaavaavedih
3049	12	5.4.85	उपसर्गादध्वनः	upasargaadadhvanah
3050	12	5.4.86	तत्पुरुषस्याङ्गुलेः संख्याव्ययादेः	tatpurushasyaanggulehasamkhyaavyayaadeh
3051	12	5.4.114	अङ्गुलेर्दारुणि	anggulerdaaruni
3052	12	5.4.115	द्वित्रिभ्यां ष मूर्ध्नः	dvitribhyaamshamoordhnah
3053	12	5.4.116	अप् पूरणीप्रमाण्योः	appooraneepramaanyoh
3054	12	5.4.118	अञ्नासिकायाः संज्ञायां नसं चास्थूलात्	anynaasikaayaahasamjnyaayaamnasamchaasthoolaat
3055	12	5.4.124	धर्मादनिच् केवलात्	dharmaadanichkevalaat
3056	12	5.4.127	इच् कर्मव्यतिहारे	ichkarmavyatihaare
3057	12	5.4.129	प्रसम्भ्यां जानुनोर्ज्ञुः	prasambhyaamjaanunorjnyuh
3058	12	5.4.131	ऊधसोऽनङ्	oodhasonang
3059	12	5.4.134	जायाया निङ्	jaayaayaaning
3060	12	5.4.135	गन्धस्येदुत्पूतिसुसुरभिभ्यः	gandhasyedutpootisusurabhibhyah
3061	12	5.4.137	उपमानाच्च	upamaanaachcha
3062	12	5.4.139	कुम्भपदीषु च	kumbhapadeeshucha
3063	12	5.4.140	संख्यासुपूर्वस्य	samkhyaasupoorvasya
3064	12	5.4.146	ककुदस्यावस्थायां लोपः	kakudasyaavasthaayaamlopah
3065	12	5.4.151	उरःप्रभृतिभ्यः कप्	urahaprabhrutibhyahakap
3066	12	6.1.39	वश्चास्यान्यतरस्याम् किति	vashchaasyaanyatarasyaamkiti
3067	12	6.1.40	वेञः	venyah
3068	12	6.4.28	स्यदो जवे	syadojave
3069	12	6.4.29	अवोदैधौद्मप्रश्रथहिमश्रथाः	avodaidhaudmaprashrathahimashrathaah
3070	12	6.4.33	भञ्जेश्च चिणि	bhanyjeshchachini
3071	12	6.4.56	ल्यपि लघुपूर्वात्	lyapilaghupoorvaat
3072	12	6.4.66	घुमास्थागापाजहातिसां हलि	ghumaasthaagaapaajahaatisaamhali
3073	12	6.4.97	इस्मन्त्रन्क्विषु च	ismantrankvishucha
3074	12	6.4.101	हुझल्भ्यो हेर्धिः	hujhalbhyoherdhih
3075	12	6.4.106	उतश्च प्रत्ययादसंयोगपूर्वात्	utashchapratyayaadasamyogapoorvaat
3076	12	6.4.145	अह्नष्टखोरेव	ahnashtakhoreva
3077	12	6.4.146	ओर्गुणः	orgunah
3078	12	7.1.20	जश्शसोः शिः	jashshasohashih
3079	12	7.1.55	षट्चतुर्भ्यश्च	shatchaturbhyashcha
3080	12	7.1.56	श्रीग्रामण्योश्छन्दसि	shreegraamanyoshchhandasi
3081	12	7.1.57	गोः पादान्ते	gohapaadaante
3082	12	7.1.76	छन्दस्यपि दृश्यते	chhandasyapidrushyate
3083	12	7.1.86	इतोऽत् सर्वनामस्थाने	itotsarvanaamasthaane
3084	12	7.1.88	भस्य टेर्लोपः	bhasyaterlopah
3085	12	7.2.60	तासि च कॢपः	taasichakapah
3086	12	7.3.9	पदान्तस्यान्यतरस्याम्	padaantasyaanyatarasyaam
3087	12	7.3.10	उत्तरपदस्य	uttarapadasya
3088	12	7.3.88	भूसुवोस्तिङि	bhoosuvostingi
3089	12	7.3.89	उतो वृद्धिर्लुकि हलि	utovruddhirlukihali
3090	12	7.3.101	अतो दीर्घो यञि	atodeerghoyanyi
3091	12	7.4.29	गुणोऽर्तिसंयोगाद्योः	gunortisamyogaadyoh
3092	12	7.4.56	दम्भ इच्च	dambhichcha
3093	12	8.3.23	मोऽनुस्वारः	monusvaarah
3094	12	8.3.43	द्विस्त्रिश्चतुरिति कृत्वोऽर्थे	dvistrishchaturitikrutvorthe
3095	12	8.3.44	इसुसोः सामर्थ्ये	isusohasaamarthye
3096	12	8.3.69	वेश्च स्वनो भोजने	veshchasvanobhojane
3097	12	8.3.72	अनुविपर्यभिनिभ्यः स्यन्दतेरप्राणिषु	anuviparyabhinibhyahasyandaterapraanishu
3098	12	8.3.73	वेः स्कन्देरनिष्ठायाम्	vehaskanderanishthaayaam
3099	12	8.3.76	स्फुरतिस्फुलत्योर्निर्निविभ्यः	sphuratisphulatyornirnivibhyah
3100	12	8.3.107	सुञः	sunyah
3101	12	8.3.108	सनोतेरनः	sanoteranah
3102	12	8.3.109	सहेः पृतनर्ताभ्यां च	sahehaprutanartaabhyaamcha
3103	13	2.2.21	तृतीयाप्रभृतीन्यन्यतरस्याम्	truteeyaaprabhruteenyanyatarasyaam
3104	13	3.1.65	तपोऽनुतापे च	taponutaapecha
3105	13	3.1.69	दिवादिभ्यः श्यन्	divaadibhyahashyan
3106	13	3.1.73	स्वादिभ्यः श्नुः	svaadibhyahashnuh
3107	13	3.1.77	तुदादिभ्यः शः	tudaadibhyahashah
3108	13	3.1.78	रुधादिभ्यः श्नम्	rudhaadibhyahashnam
3109	13	3.1.79	तनादिकृञ्भ्य उः	tanaadikrunybhyuh
3110	13	3.1.81	क्र्यादिभ्यः श्ना	kryaadibhyahashnaa
3111	13	3.1.83	हलः श्नः शानज्झौ	halahashnahashaanajjhau
3112	13	3.1.87	कर्मवत् कर्मणा तुल्यक्रियः	karmavatkarmanaatulyakriyah
3113	13	3.1.141	श्याद्व्यधास्रुसंस्र्वतीणवसाऽवहृलिहश्लिषश्वसश्च	shyaadvyadhaasrusamsrvateenavasaavahrulihashlishashvasashcha
3114	13	3.1.142	दुन्योरनुपसर्गे	dunyoranupasarge
3115	13	3.1.143	विभाषा ग्रहः	vibhaashaagraheh
3116	13	3.2.17	भिक्षासेनादायेषु च	bhikshaasenaadaayeshucha
3117	13	3.2.18	पुरोऽग्रतोऽग्रेषु सर्तेः	purogratogreshusarteh
3118	13	3.2.20	कृञो हेतुताच्छील्यानुलोम्येषु	krunyohetutaachchheelyaanulomyeshu
3119	13	3.2.48	अन्तात्यन्ताध्वदूरपारसर्वानन्तेषु डः	antaatyantaadhvadoorapaarasarvaananteshudah
3120	13	3.2.64	वहश्च	vahashcha
3121	13	3.2.67	जनसनखनक्रमगमो विट्	janasanakhanakramagamovit
3122	13	3.2.73	विजुपे छन्दसि	vijupechhandasi
3123	13	3.2.87	ब्रह्मभ्रूणवृत्रेषु क्विप्	brahmabhroonavrutreshukvip
3124	13	3.2.95	राजनि युधिकृञः	raajaniyudhikrunyah
3125	13	3.2.98	पञ्चम्यामजातौ	panychamyaamajaatau
3126	13	3.2.99	उपसर्गे च संज्ञायाम्	upasargechasamjnyaayaam
3127	13	3.2.101	अन्येष्वपि दृश्यते	anyeshvapidrushyate
3128	13	3.2.106	लिटः कानज्वा	litahakaanajvaa
3129	13	3.2.112	अभिज्ञावचने लृट्	abhijnyaavachanelrut
3130	13	3.2.115	परोक्षे लिट्	parokshelit
3131	13	3.3.9	लिङ् चोर्ध्वमौहूर्तिके	lingchordhvamauhoortike
3132	13	3.3.53	रश्मौ च	rashmaucha
3133	13	3.3.54	वृणोतेराच्छादने	vrunoteraachchhaadane
3134	13	3.3.63	यमः समुपनिविषु च	yamahasamupanivishucha
3135	13	3.3.64	नौ गदनदपठस्वनः	naugadanadapathasvanah
3136	13	3.3.76	हनश्च वधः	hanashchavadhah
3137	13	3.3.97	ऊतियूतिजूतिसातिहेतिकीर्तयश्च	ootiyootijootisaatihetikeertayashcha
3138	13	3.3.98	व्रजयजोर्भावे क्यप्	vrajayajorbhaavekyap
3139	13	3.3.143	विभाषा कथमि लिङ् च	vibhaashaakathamilingcha
3140	13	3.3.144	किंवृत्ते लिङ्लृटौ	kimvruttelinglrutau
3141	13	3.4.32	वर्षप्रमाण ऊलोपश्चास्यान्यतरस्याम्	varshapramaanoolopashchaasyaanyatarasyaam
3142	13	3.4.50	समासत्तौ	samaasattau
3143	13	3.4.51	प्रमाणे च	pramaanecha
3144	13	3.4.54	स्वाङ्गेऽध्रुवे	svaanggedhruve
3145	13	3.4.56	विशिपतिपदिस्कन्दां व्याप्यमानासेव्यमानयोः	vishipatipadiskandaamvyaapyamaanaasevyamaanayoh
3146	13	3.4.57	अस्यतितृषोः क्रियाऽन्तरे कालेषु	asyatitrushohakriyaantarekaaleshu
3147	13	3.4.58	नाम्न्यादिशिग्रहोः	naamnyaadishigrahoh
3148	13	3.4.99	नित्यं ङितः	nityamngitah
3149	13	4.1.41	षिद्गौरादिभ्यश्च	shidgauraadibhyashcha
3150	13	4.1.42	जानपदकुण्डगोणस्थलभाजनागकालनीलकुशकामुककबराद्वृत्त्यमत्रावपनाकृत्रिमाश्राणास्थौल्यवर्णानाच्छादनायोविकारमैथुनेच्छाकेशवेशेषु	jaanapadakundagonasthalabhaajanaagakaalaneelakushakaamukakabaraadvruttyamatraavapanaakrutrimaashraanaasthaulyavarnaanaachchhaadanaayovikaaramaithunechchhaakeshavesheshu
3151	13	4.1.43	शोणात् प्राचाम्	shonaatpraachaam
3152	13	4.1.44	वोतो गुणवचनात्	votogunavachanaat
3153	13	4.1.48	पुंयोगादाख्यायाम्	pumyogaadaakhyaayaam
3154	13	4.1.50	क्रीतात् करणपूर्वात्	kreetaatkaranapoorvaat
3155	13	4.1.59	दीर्घजिह्वी च च्छन्दसि	deerghajihveechachchhandasi
3156	13	4.1.60	दिक्पूर्वपदान्ङीप्	dikpoorvapadaanngeep
3157	13	4.1.61	वाहः	vaahah
3158	13	4.1.62	सख्यशिश्वीति भाषायाम्	sakhyashishveetibhaashaayaam
3159	13	4.1.63	जातेरस्त्रीविषयादयोपधात्	jaaterastreevishayaadayopadhaat
3160	13	4.1.65	इतो मनुष्यजातेः	itomanushyajaateh
3161	13	4.1.91	फक्फिञोरन्यतरस्याम्	phakphinyoranyatarasyaam
3162	13	4.1.96	बाह्वादिभ्यश्च	baahvaadibhyashcha
3163	13	4.1.97	सुधातुरकङ् च	sudhaaturakangcha
3164	13	4.1.99	नडादिभ्यः फक्	nadaadibhyahaphak
3165	13	4.1.104	अनृष्यानन्तर्ये बिदादिभ्योऽञ्	anrushyaanantaryebidaadibhyony
3166	13	4.1.105	गर्गादिभ्यो यञ्	gargaadibhyoyany
3167	13	4.1.110	अश्वादिभ्यः फञ्	ashvaadibhyahaphany
3168	13	4.1.113	अवृद्धाभ्यो नदीमानुषीभ्यस्तन्नामिकाभ्यः	avruddhaabhyonadeemaanusheebhyastannaamikaabhyah
3169	13	4.1.114	ऋष्यन्धकवृष्णिकुरुभ्यश्च	rushyandhakavrushnikurubhyashcha
3170	13	4.1.115	मातुरुत् संख्यासम्भद्रपूर्वायाः	maaturutsamkhyaasambhadrapoorvaayaah
3171	13	4.1.116	कन्यायाः कनीन च	kanyaayaahakaneenacha
3172	13	4.1.117	विकर्णशुङ्गच्छगलाद्वत्सभरद्वाजात्रिषु	vikarnashunggachchhagalaadvatsabharadvaajaatrishu
3173	13	4.1.118	पीलाया वा	peelaayaavaa
3174	13	4.1.119	ढक् च मण्डूकात्	dhakchamandookaat
3175	13	4.1.121	द्व्यचः	dvyachah
3176	13	4.1.123	शुभ्रादिभ्यश्च	shubhraadibhyashcha
3177	13	4.1.124	विकर्णकुषीतकात् काश्यपे	vikarnakusheetakaatkaashyape
3178	13	4.1.125	भ्रुवो वुक् च	bhruvovukcha
3179	13	4.1.126	कल्याण्यादीनामिनङ्	kalyaanyaadeenaaminang
3180	13	4.1.130	आरगुदीचाम्	aaragudeechaam
3181	13	4.1.131	क्षुद्राभ्यो वा	kshudraabhyovaa
3182	13	4.1.133	ढकि लोपः	dhakilopah
3183	13	4.1.136	गृष्ट्यादिभ्यश्च	grushtyaadibhyashcha
3184	13	4.1.140	अपूर्वपदादन्यतरस्यां यड्ढकञौ	apoorvapadaadanyatarasyaamyaddhakanyau
3185	13	4.1.144	भ्रातुर्व्यच्च	bhraaturvyachcha
3186	13	4.1.147	गोत्रस्त्रियाः कुत्सने ण च	gotrastriyaahakutsanenacha
3187	13	4.1.152	सेनान्तलक्षणकारिभ्यश्च	senaantalakshanakaaribhyashcha
3188	13	4.1.155	कौसल्यकार्मार्याभ्यां च	kausalyakaarmaaryaabhyaamcha
3189	13	4.1.156	अणो द्व्यचः	anodvyachah
3190	13	4.1.157	उदीचां वृद्धादगोत्रात्	udeechaamvruddhaadagotraat
3191	13	4.1.163	जीवति तु वंश्ये युवा	jeevatituvamshyeyuvaa
3192	13	4.1.169	साल्वेयगान्धारिभ्यां च	saalveyagaandhaaribhyaamcha
3193	13	4.1.170	द्व्यञ्मगधकलिङ्गसूरमसादण्	dvyanymagadhakalinggasooramasaadan
3194	13	4.1.171	वृद्धेत्कोसलाजादाञ्ञ्यङ्	vruddhetkosalaajaadaanynyyang
3195	13	4.1.172	कुरुनादिभ्यो ण्यः	kurunaadibhyonyah
3196	13	4.1.173	साल्वावयवप्रत्यग्रथकलकूटाश्मकादिञ्	saalvaavayavapratyagrathakalakootaashmakaadiny
3197	13	4.1.174	ते तद्राजाः	tetadraajaah
3198	13	4.2.4	लुबविशेषे	lubavisheshe
3199	13	4.2.6	द्वन्द्वाच्छः	dvamdvaachchhah
3200	13	4.2.8	कलेर्ढक्	kalerdhak
3201	13	4.2.9	वामदेवाड्ड्यड्ड्यौ	vaamadevaaddyaddyau
3202	13	4.2.11	पाण्डुकम्बलादिनिः	paandukambalaadinih
3203	13	4.2.12	द्वैपवैयाघ्रादञ्	dvaipavaiyaaghraadany
3204	13	4.2.17	शूलोखाद्यत्	shoolokhaadyat
3205	13	4.2.18	दध्नष्ठक्	dadhnashthak
3206	13	4.2.20	क्षीराड्ढञ्	ksheeraaddhany
3207	13	4.2.23	विभाषा फाल्गुनीश्रवणाकार्त्तिकीचैत्रीभ्यः	vibhaashaaphaalguneeshravanaakaarttikeechaitreebhyah
3208	13	4.2.29	महेन्द्राद्घाणौ च	mahendraadghaanaucha
3209	13	4.2.32	द्यावापृथिवीशुनासीरमरुत्वदग्नीषोमवास्तोष्पतिगृहमेधाच्छ च	dyaavaapruthiveeshunaaseeramarutvadagneeshomavaastoshpatigruhamedhaachchhacha
3210	13	4.2.40	केदाराद्यञ् च	kedaaraadyanycha
3211	13	4.2.45	खण्डिकादिभ्यश्च	khandikaadibhyashcha
3212	13	4.2.50	खलगोरथात्	khalagorathaat
3213	13	4.2.53	राजन्यादिभ्यो वुञ्	raajanyaadibhyovuny
3214	13	4.2.54	भौरिक्याद्यैषुकार्यादिभ्यो विधल्भक्तलौ	bhaurikyaadyaishukaaryaadibhyovidhalbhaktalau
3215	13	4.2.65	सूत्राच्च कोपधात्	sootraachchakopadhaat
3216	13	4.2.66	छन्दोब्राह्मणानि च तद्विषयाणि	chhandobraahmanaanichatadvishayaani
3217	13	4.2.70	अदूरभवश्च	adoorabhavashcha
3218	13	4.2.74	उदक् च विपाशः	udakchavipaashah
3219	13	4.2.84	ठक्छौ च	thakchhaucha
3220	13	4.2.109	उदीच्यग्रामाच्च बह्वचोऽन्तोदात्तात्	udeechyagraamaachchabahvachontodaattaat
3221	13	4.2.112	इञश्च	inyashcha
3222	13	4.2.117	वाहीकग्रामेभ्यश्च	vaaheekagraamebhyashcha
3223	13	4.2.118	विभाषोशीनरेषु	vibhaashosheenareshu
3224	13	4.2.122	प्रस्थपुरवहान्ताच्च	prasthapuravahaantaachcha
3225	13	4.2.123	रोपधेतोः प्राचाम्	ropadhetohapraachaam
3226	13	4.2.124	जनपदतदवध्योश्च	janapadatadavadhyoshcha
3227	13	4.2.127	धूमादिभ्यश्च	dhoomaadibhyashcha
3228	13	4.2.128	नगरात् कुत्सनप्रावीण्ययोः	nagaraatkutsanapraaveenyayoh
3229	13	4.2.129	अरण्यान्मनुष्ये	aranyaanmanushye
3230	13	4.2.130	विभाषा कुरुयुगन्धराभ्याम्	vibhaashaakuruyugandharaabhyaam
3231	13	4.2.134	मनुष्यतत्स्थयोर्वुञ्	manushyatatsthayorvuny
3232	13	4.2.142	कन्थापलदनगरग्रामहृदोत्तरपदात्	kanthaapaladanagaragraamahradottarapadaat
3233	13	4.2.144	विभाषाऽमनुष्ये	vibhaashaamanushye
3234	13	4.3.2	तस्मिन्नणि च युष्माकास्माकौ	tasminnanichayushmaakaasmaakau
3235	13	4.3.7	ग्रामजनपदैकदेशादञ्ठञौ	graamajanapadaikadeshaadanythanyau
3236	13	4.3.13	विभाषा रोगातपयोः	vibhaashaarogaatapayoh
3237	13	4.3.19	छन्दसि ठञ्	chhandasithany
3238	13	4.3.24	विभाषा पूर्वाह्णापराह्णाभ्याम्	vibhaashaapoorvaahnaaparaahnaabhyaam
3239	13	4.3.28	पूर्वाह्णापराह्णार्द्रामूलप्रदोषावस्कराद्वुन्	poorvaahnaaparaahnaardraamoolapradoshaavaskaraadvun
3240	13	4.3.33	अणञौ च	ananyaucha
3241	13	4.3.35	स्थानान्तगोशालखरशालाच्च	sthaanaantagoshaalakharashaalaachcha
3242	13	4.3.36	वत्सशालाभिजिदश्वयुक्छतभिषजो वा	vatsashaalaabhijidashvayukchhatabhishajovaa
3243	13	4.3.37	नक्षत्रेभ्यो बहुलम्	nakshatrebhyobahulam
3244	13	4.3.40	उपजानूपकर्णोपनीवेष्ठक्	upajaanoopakarnopaneeveshthak
3245	13	4.3.42	कोशाड्ढञ्	koshaaddhany
3246	13	4.3.43	कालात् साधुपुष्प्यत्पच्यमानेषु	kaalaatsaadhupushpyatpachyamaaneshu
3247	13	4.3.55	शरीरावयवाच्च	shareeraavayavaachcha
3248	13	4.3.57	ग्रीवाभ्योऽण् च	greevaabhyoncha
3249	13	4.3.59	अव्ययीभावाच्च	avyayeebhaavaachcha
3250	13	4.3.64	अशब्दे यत्खावन्यतरस्याम्	ashabdeyatkhaavanyatarasyaam
3251	13	4.3.67	बह्वचोऽन्तोदात्ताट्ठञ्	bahvachontodaattaatthany
3252	13	4.3.68	क्रतुयज्ञेभ्यश्च	kratuyajnyebhyashcha
3253	13	4.3.69	अध्यायेष्वेवर्षेः	adhyaayeshvevarsheh
3254	13	4.3.70	पौरोडाशपुरोडाशात् ष्ठन्	paurodaashapurodaashaatshthan
3255	13	4.3.71	छन्दसो यदणौ	chhandasoyadanau
3256	13	4.3.72	द्व्यजृद्ब्राह्मणर्क्प्रथमाध्वरपुरश्चरणनामाख्याताट्ठक्	dvyajrudbraahmanarkprathamaadhvarapurashcharananaamaakhyaataatthak
3257	13	4.3.73	अणृगयनादिभ्यः	anrugayanaadibhyah
3258	13	4.3.78	ऋतष्ठञ्	rutashthany
3259	13	4.3.82	मयट् च	mayatcha
3260	13	4.3.84	विदूराञ्ञ्यः	vidooraanynyyah
3261	13	4.3.88	शिशुक्रन्दयमसभद्वन्द्वेन्द्रजननादिभ्यश्छः	shishukrandayamasabhadvamdvendrajananaadibhyashchhah
3262	13	4.3.91	आयुधजीविभ्यश्छः पर्वते	aayudhajeevibhyashchhahaparvate
3263	13	4.3.92	शण्डिकादिभ्यो ञ्यः	shandikaadibhyonyyah
3264	13	4.3.93	सिन्धुतक्षशिलादिभ्योऽणञौ	sindhutakshashilaadibhyonanyau
3265	13	4.3.94	तूदीशलातुरवर्मतीकूचवाराड्ढक्छण्ढञ्यकः	toodeeshalaaturavarmateekoochavaaraaddhakchhandhanyyakah
3266	13	4.3.96	अचित्ताददेशकालाट्ठक्	achittaadadeshakaalaatthak
3267	13	4.3.97	महाराजाट्ठञ्	mahaaraajaatthany
3268	13	4.3.98	वासुदेवार्जुनाभ्यां वुन्	vaasudevaarjunaabhyaamvun
3269	13	4.3.99	गोत्रक्षत्रियाख्येभ्यो बहुलं वुञ्	gotrakshatriyaakhyebhyobahulamvuny
3270	13	4.3.100	जनपदिनां जनपदवत् सर्वं जनपदेन समानशब्दानां बहुवचने	janapadinaamjanapadavatsarvamjanapadenasamaanashabdaanaambahuvachane
3271	13	4.3.104	कलापिवैशम्पायनान्तेवासिभ्यश्च	kalaapivaishampaayanaantevaasibhyashcha
3272	13	4.3.105	पुराणप्रोक्तेषु ब्राह्मणकल्पेषु	puraanaprokteshubraahmanakalpeshu
3273	13	4.3.106	शौनकादिभ्यश्छन्दसि	shaunakaadibhyashchhandasi
3274	13	4.3.111	कर्मन्दकृशाश्वादिनिः	karmandakrushaashvaadinih
3275	13	4.3.114	उरसो यच्च	urasoyachcha
3276	13	4.3.117	संज्ञायाम्	samjnyaayaam
3277	13	4.3.122	पत्रपूर्वादञ्	pattrapoorvaadany
3278	13	4.3.128	शाकलाद्वा	shaakalaadvaa
3279	13	4.3.133	आथर्वणिकस्येकलोपश्च	aatharvanikasyekalopashcha
3280	13	4.3.135	अवयवे च प्राण्योषधिवृक्षेभ्यः	avayavechapraanyoshadhivrukshebhyah
3281	13	4.4.4	कुलत्थकोपधादण्	kulatthakopadhaadan
3282	13	4.4.6	गोपुच्छाट्ठञ्	gopuchchhaatthany
3283	13	4.4.7	नौद्व्यचष्ठन्	naudvyachashthan
3284	13	4.4.9	आकर्षात् ष्ठल्	aakarshaatshthal
3285	13	4.4.10	पर्पादिभ्यः ष्ठन्	parpaadibhyahashthan
3286	13	4.4.13	वस्नक्रयविक्रयाट्ठन्	vasnakrayavikrayaatthan
3287	13	4.4.16	भस्त्रादिभ्यः ष्ठन्	bhastraadibhyahashthan
3288	13	4.4.18	अण् कुटिलिकायाः	ankutilikaayaah
3289	13	4.4.20	क्त्रेर्मम् नित्यम्	ktrermamnityam
3290	13	4.4.21	अपमित्ययाचिताभ्यां कक्कनौ	apamityayaachitaabhyaamkakkanau
3291	13	4.4.23	चूर्णादिनिः	choornaadinih
3292	13	4.4.24	लवणाल्लुक्	lavanaalluk
3293	13	4.4.25	मुद्गादण्	mudgaadan
3294	13	4.4.28	तत् प्रत्यनुपूर्वमीपलोमकूलम्	tatpratyanupoorvameepalomakoolam
3295	13	4.4.54	शलालुनोऽन्यतरस्याम्	shalaalunonyatarasyaam
3296	13	4.4.56	मड्डुकझर्झरादणन्यतरस्याम्	maddukajharjharaadananyatarasyaam
3297	13	4.4.58	परश्वधाट्ठञ्च	parashvadhaatthanycha
3298	13	4.4.59	शक्तियष्ट्योरीकक्	shaktiyashtyoreekak
3299	13	4.4.62	छत्रादिभ्यो णः	chhatraadibhyonah
3300	13	4.4.64	बह्वच्पूर्वपदाट्ठच्	bahvachpoorvapadaatthach
3301	13	4.4.74	आवसथात् ष्ठल्	aavasathaatshthal
3302	13	4.4.79	एकधुराल्लुक् च	ekadhuraallukcha
3303	13	4.4.85	अन्नाण्णः	annaannah
3304	13	4.4.106	ढश्छन्दसि	dhashchhandasi
3305	13	4.4.109	सोदराद्यः	sodaraadyah
3306	13	4.4.111	पाथोनदीभ्यां ड्यण्	paathonadeebhyaamdyan
3307	13	4.4.112	वेशन्तहिमवद्भ्यामण्	veshantahimavadbhyaaman
3308	13	4.4.113	स्रोतसो विभाषा ड्यड्ड्यौ	srotasovibhaashaadyaddyau
3309	13	4.4.114	सगर्भसयूथसनुताद्यन्	sagarbhasayoothasanutaadyan
3310	13	4.4.115	तुग्राद्घन्	tugraadghan
3311	13	4.4.116	अग्राद्यत्	agraadyat
3312	13	4.4.118	समुद्राभ्राद्घः	samudraabhraadghah
3313	13	4.4.119	बर्हिषि दत्तम्	barhishidattam
3314	13	4.4.120	दूतस्य भागकर्मणी	dootasyabhaagakarmanee
3315	13	4.4.121	रक्षोयातूनां हननी	rakshoyaatoonaamhananee
3316	13	4.4.122	रेवतीजगतीहविष्याभ्यः प्रशस्ये	revateejagateehavishyaabhyahaprashasye
3317	13	4.4.123	असुरस्य स्वम्	asurasyasvam
3318	13	4.4.125	तद्वानासामुपधानो मन्त्र इतीष्टकासु लुक् च मतोः	tadvaanaasaamupadhaanomantriteeshtakaasulukchamatoh
3319	13	4.4.127	वयस्यासु मूर्ध्नो मतुप्	vayasyaasumoordhnomatup
3320	13	4.4.128	मत्वर्थे मासतन्वोः	matvarthemaasatanvoh
3321	13	4.4.133	पूर्वैः कृतमिनयौ च	poorvaihikrutaminayaucha
3322	13	4.4.134	अद्भिः संस्कृतम्	adbhihasamskrutam
3323	13	4.4.135	सहस्रेण संमितौ घः	sahasrenasammitaughah
3324	13	4.4.137	सोममर्हति यः	somamarhatiyah
3325	13	4.4.141	नक्षत्राद्घः	nakshatraadghah
3326	13	4.4.142	सर्वदेवात् तातिल्	sarvadevaattaatil
3327	13	5.1.7	खलयवमाषतिलवृषब्रह्मणश्च	khalayavamaashatilavrushabrahmanashcha
3328	13	5.1.23	वतोरिड्वा	vatoridvaa
3329	13	5.1.29	विभाषा कार्षापणसहस्राभ्याम्	vibhaashaakaarshaapanasahasraabhyaam
3330	13	5.1.32	विंशतिकात् खः	vimshatikaatkhah
3331	13	5.1.33	खार्या ईकन्	khaaryaaeekan
3332	13	5.1.34	पणपादमाषशताद्यत्	panapaadamaashashataadat
3333	13	5.1.39	गोद्व्यचोऽसंख्यापरिमाणाश्वादेर्यत्	godvyachorasamkhyaaparimaanaashvaaderyat
3334	13	5.1.41	सर्वभूमिपृथिवीभ्यामणञौ	sarvabhoomipruthiveebhyaamananyau
3335	13	5.1.46	पात्रात् ष्ठन्	paatraatshthan
3336	13	5.1.48	पूरणार्धाट्ठन्	pooranaardhaatthan
3337	13	5.1.51	वस्नद्रव्याभ्यां ठन्कनौ	vasnadravyaabhyaamthankanau
3338	13	5.1.52	सम्भवत्यवहरति पचति	sambhavatyavaharatipachati
3339	13	5.1.58	संख्यायाः संज्ञासंघसूत्राध्ययनेषु	samkhyaayaahasamjnyaasamghasootraadhyayaneshu
3340	13	5.1.59	पङ्क्तिविंशतित्रिंशत्चत्वारिंशत्पञ्चाशत्षष्टिसप्तत्यशीतिनवतिशतम्	pangktivimshatitrimshatchatvaarimshatpanychaashatshashtisaptatyasheetinavatishatam
3341	13	5.1.60	पञ्चद्दशतौ वर्गे वा	panychaddashatauvargevaa
3342	13	5.1.62	त्रिंशच्चत्वारिंशतोर्ब्राह्मणे संज्ञायां डण्	trimshachchatvaarimshatorbraahmanesamjnyaayaamdan
3343	13	5.1.64	छेदादिभ्यो नित्यम्	chhedaadibhyonityam
3344	13	5.1.71	यज्ञर्त्विग्भ्यां घखञौ	yajnyartvigbhyaamghakhanyau
3345	13	5.1.72	पारायणतुरायणचान्द्रायणं वर्तयति	paaraayanaturaayanachaandraayanamvartayati
3346	13	5.1.73	संशयमापन्नः	samshayamaapannah
3347	13	5.1.74	योजनं गच्छति	yojanamgachchhati
3348	13	5.1.82	द्विगोर्यप्	dvigoryap
3349	13	5.1.85	समायाः खः	samaayaahakhah
3350	13	5.1.92	सम्परिपूर्वात् ख च	samparipoorvaatkhacha
3351	13	5.1.97	व्युष्टादिभ्योऽण्	vyushtaadibhyon
3352	13	5.1.98	तेन यथाकथाचहस्ताभ्यां णयतौ	tenayathaakathaachahastaabhyaamnayatau
3353	13	5.1.106	छन्दसि घस्	chhandasighas
3354	13	5.1.108	प्रकृष्टे ठञ्	prakrushtethany
3355	13	5.1.110	विशाखाषाढादण् मन्थदण्डयोः	vishaakhaashaadhaadanmanthadandayoh
3356	13	5.1.111	अनुप्रवचनादिभ्यश्छः	anupravachanaadibhyashchhah
3357	13	5.1.113	ऐकागारिकट् चौरे	aikaagaarikatchaure
3358	13	5.1.114	आकालिकडाद्यन्तवचने	aakaalikadaadyantavachane
3359	13	5.1.123	वर्णदृढादिभ्यः ष्यञ् च	varnadrudhaadibhyahashyanycha
3360	13	5.2.13	अद्यश्वीनाऽवष्टब्धे	adyashveenaavashtabdhe
3361	13	5.2.16	अध्वनो यत्खौ	adhvanoyatkhau
3362	13	5.2.19	अश्वस्यैकाहगमः	ashvasyaikaahagamah
3363	13	5.2.20	शालीनकौपीने अधृष्टाकार्ययोः	shaaleenakaupeeneadhrushtaakaaryayoh
3364	13	5.2.21	व्रातेन जीवति	vraatenajeevati
3365	13	5.2.22	साप्तपदीनं सख्यम्	saaptapadeenamsakhyam
3366	13	5.2.23	हैयंगवीनं संज्ञायाम्	haiyamgaveenamsamjnyaayaam
3367	13	5.2.25	पक्षात्तिः	pakshaattih
3368	13	5.2.31	नते नासिकायाः संज्ञायां टीटञ्नाटज्भ्रटचः	natenaasikaayaahasamjnyaayaamteetanynaatajbhratachah
3369	13	5.2.50	थट् चच्छन्दसि	thatchachchhandasi
3370	13	5.2.55	त्रेः सम्प्रसारणं च	trehasamprasaaranamcha
3371	13	5.2.57	नित्यं शतादिमासार्धमाससंवत्सराच्च	nityamshataadimaasaardhamaasasamvatsaraachcha
3372	13	5.2.58	षष्ट्यादेश्चासंख्यादेः	shashtyaadeshchaasamkhyaadeh
3373	13	5.2.63	तत्र कुशलः पथः	tatrakushalahapathah
3374	13	5.2.104	सिकताशर्कराभ्यां च	sikataasharkaraabhyaamcha
3375	13	5.2.114	ज्योत्स्नातमिस्राशृङ्गिणोर्जस्विन्नूर्जस्वलगोमिन्मलिनमलीमसाः	jyotsnaatamisraashrungginojasvinnoorjasvalagominmalinamaleemasaah
3376	13	5.3.4	एतेतौ रथोः	etetaurathoh
3377	13	5.3.8	तसेश्च	taseshcha
3378	13	5.3.9	पर्यभिभ्यां च	paryabhibhyaamcha
3379	13	5.3.11	इदमो हः	idamohah
3380	13	5.3.12	किमोऽत्	kimot
3381	13	5.3.14	इतराभ्योऽपि दृश्यन्ते	itaraabhyopidrushyante
3382	13	5.3.15	सर्वैकान्यकिंयत्तदः काले दा	sarvaikaanyakimyattadahakaaledaa
3383	13	5.3.24	इदमस्थमुः	idamasthamuh
3384	13	5.3.28	दक्षिणोत्तराभ्यामतसुच्	dakshinottaraabhyaamatasuch
3385	13	5.3.30	अञ्चेर्लुक्	anycherluk
3386	13	5.3.31	उपर्युपरिष्टात्	uparyuparishtaat
3387	13	5.3.32	पश्चात्	pashchaat
3388	13	5.3.33	पश्च पश्चा च च्छन्दसि	pashchapashchaachachchhandasi
3389	13	5.3.34	उत्तराधरदक्षिणादातिः	uttaraadharadakshinaadaatih
3390	13	5.3.39	पूर्वाधरावराणामसि पुरधवश्चैषाम्	poorvaadharaavaraanaamasipuradhavashchaishaam
3391	13	5.3.51	मानपश्वङ्गयोः कन्लुकौ च	maanapashvanggayohakanlukaucha
3392	13	5.3.59	तुश्छन्दसि	tushchhandasi
3393	13	5.3.60	प्रशस्यस्य श्रः	prashasyasyashrah
3394	13	5.3.63	अन्तिकबाढयोर्नेदसाधौ	antikabaadhayornedasaadhau
3395	13	5.3.64	युवाल्पयोः कनन्यतरस्याम्	yuvaalpayohakananyatarasyaam
3396	13	5.3.65	विन्मतोर्लुक्	vinmatorluk
3397	13	5.3.68	विभाषा सुपो बहुच् पुरस्तात्तु	vibhaashaasupobahuchpurastaattu
3398	13	5.3.71	अव्ययसर्वनाम्नामकच् प्राक् टेः	avyayasarvanaamnaamakachpraakteh
3399	13	5.3.73	अज्ञाते	ajnyaate
3400	13	5.3.74	कुत्सिते	kutsite
3401	13	5.3.76	अनुकम्पायाम्	anukampaayaam
3402	13	5.3.85	अल्पे	alpe
3403	13	5.3.86	ह्रस्वे	hrasve
3404	13	5.3.88	कुटीशमीशुण्डाभ्यो रः	kuteeshameeshundaabhyorah
3405	13	5.3.89	कुत्वा डुपच्	kutvaadupach
3406	13	5.3.90	कासूगोणीभ्यां ष्टरच्	kaasoogoneebhyaamshtarach
3407	13	5.3.92	किंयत्तदो निर्द्धारणे द्वयोरेकस्य डतरच्	kimyattadonirddhaaranedvayorekasyadatarach
3408	13	5.3.95	अवक्षेपणे कन्	avakshepanekan
3409	13	5.4.32	रक्ते	rakte
3410	13	5.4.37	ओषधेरजातौ	oshadherajaatau
3411	13	5.4.38	प्रज्ञादिभ्यश्च	prajnyaadibhyashcha
3412	13	5.4.47	हीयमानपापयोगाच्च	heeyamaanapaapayogaachcha
3413	13	5.4.49	रोगाच्चापनयने	rogaachchaapanayane
3414	13	5.4.54	तदधीनवचने	tadadheenavachane
3415	13	5.4.59	संख्यायाश्च गुणान्तायाः	samkhyaayaashchagunaantaayaah
3416	13	5.4.60	समयाच्च यापनायाम्	samayaachchayaapanaayaam
3417	13	5.4.61	सपत्त्रनिष्पत्रादतिव्यथने	sapattranishpatraadativyathane
3418	13	5.4.62	निष्कुलान्निष्कोषणे	nishkulaannishkoshane
3419	13	5.4.63	सुखप्रियादानुलोम्ये	sukhapriyaadaanulomye
3420	13	5.4.64	दुःखात् प्रातिलोम्ये	duhakhaatpraatilomye
3421	13	5.4.65	शूलात् पाके	shoolaatpaake
3422	13	5.4.66	सत्यादशपथे	satyaadashapathe
3423	13	5.4.67	मद्रात् परिवापणे	madraatparivaapane
3424	13	5.4.72	पथो विभाषा	pathovibhaashaa
3425	13	5.4.87	अहस्सर्वैकदेशसंख्यातपुण्याच्च रात्रेः	ahassarvaikadeshasamkhyaatapunyaachcharaatreh
3426	13	5.4.88	अह्नोऽह्न एतेभ्यः	ahnohnetebhyah
3427	13	5.4.91	राजाहस्सखिभ्यष्टच्	raajaahassakhibhyashtach
3428	13	5.4.117	अन्तर्बहिर्भ्यां च लोम्नः	antarbahirbhyaamchalomnah
3429	13	5.4.119	उपसर्गाच्च	upasargaachcha
3430	13	5.4.120	सुप्रातसुश्वसुदिवशारिकुक्षचतुरश्रैणीपदाजपदप्रोष्ठपदाः	supraatasushvasudivashaarikukshachaturashraineepadaajapadaproshthapadaah
3431	13	5.4.121	नञ्दुःसुभ्यो हलिसक्थ्योरन्यतरस्याम्	nanyduhasubhyohalisakthyoranyatarasyaam
3432	13	5.4.125	जम्भा सुहरिततृणसोमेभ्यः	jambhaasuharitatrunasomebhyah
3433	13	5.4.126	दक्षिणेर्मा लुब्धयोगे	dakshinermaalubdhayoge
3434	13	5.4.128	द्विदण्ड्यादिभ्यश्च	dvidandyaadibhyashcha
3435	13	5.4.130	ऊर्ध्वाद्विभाषा	oordhvaadvibhaashaa
3436	13	5.4.132	धनुषश्च	dhanushashcha
3437	13	5.4.136	अल्पाख्यायाम्	alpaakhyaayaam
3438	13	5.4.138	पादस्य लोपोऽहस्त्यादिभ्यः	paadasyalopohastyaadibhyah
3439	13	5.4.141	वयसि दन्तस्य दतृ	vayasidantasyadatru
3440	13	5.4.147	त्रिककुत् पर्वते	trikakutparvate
3441	13	5.4.148	उद्विभ्यां काकुदस्य	udvibhyaamkaakudasya
3442	13	5.4.150	सुहृद्दुर्हृदौ मित्रामित्रयोः	suhruddurhrudaumitraamitrayoh
3443	13	5.4.152	इनः स्त्रियाम्	inahastriyaam
3444	13	5.4.153	नद्यृतश्च	nadyrutashcha
3445	13	5.4.154	शेषाद्विभाषा	sheshaadvibhaashaa
3446	13	5.4.155	न संज्ञायाम्	nasamjnyaayaam
3447	13	6.1.41	ल्यपि च	lyapicha
3448	13	6.4.57	विभाषापः	vibhaashaapah
3449	13	6.4.58	युप्लुवोर्दीर्घश्छन्दसि	yupluvordeerghashchhandasi
3450	13	6.4.67	एर्लिङि	erlingi
3451	13	6.4.69	न ल्यपि	nalyapi
3452	13	6.4.102	श्रुशृणुपॄकृवृभ्यश्छन्दसि	shrushrunuprukruvrubhyashchhandasi
3453	13	6.4.107	लोपश्चास्यान्यतरस्यां म्वोः	lopashchaasyaanyatarasyaammvoh
3454	13	6.4.147	ढे लोपोऽकद्र्वाः	dhelopokadrvaah
3455	13	7.1.21	अष्टाभ्य औश्	ashtaabhyaush
3456	13	7.1.22	षड्भ्यो लुक्	shadbhyoluk
3457	13	7.1.77	ई च द्विवचने	eechadvivachane
3458	13	7.1.87	थो न्थः	thonthah
3459	13	7.1.89	पुंसोऽसुङ्	pumsosung
3460	13	7.1.90	गोतो णित्	gotonit
3461	13	7.1.98	चतुरनडुहोरामुदात्तः	chaturanaduhoraamudaattah
3462	13	7.2.61	अचस्तास्वत् थल्यनिटो नित्यम्	achastaasvatthalyanitonityam
3463	13	7.3.11	अवयवादृतोः	avayavaadrutoh
3464	13	7.3.12	सुसर्वार्धाज्जनपदस्य	susarvaardhaajjanapadasya
3465	13	7.3.15	संख्यायाः संवत्सरसंख्यस्य च	samkhyaayaahasamvatsarasamkhyasyacha
3466	13	7.3.18	जे प्रोष्ठपदानाम्	jeproshthapadaanaam
3467	13	7.3.19	हृद्भगसिन्ध्वन्ते पूर्वपदस्य च	hrudbhagasindhvantepoorvapadasyacha
3468	13	7.3.26	अर्धात् परिमाणस्य पूर्वस्य तु वा	ardhaatparimaanasyapoorvasyatuvaa
3469	13	7.3.90	ऊर्णोतेर्विभाषा	oornotervibhaashaa
3470	13	7.3.92	तृणह इम्	trunahim
3471	13	7.3.93	ब्रुव ईट्	bruveet
3472	13	7.3.102	सुपि च	supicha
3473	13	7.4.30	यङि च	yangicha
3474	13	8.3.24	नश्चापदान्तस्य झलि	nashchaapadaantasyajhali
3475	13	8.3.45	नित्यं समासेऽनुत्तरपदस्थस्य	nityamsamaasenuttarapadasthasya
3476	13	8.3.74	परेश्च	pareshcha
3477	13	8.3.75	परिस्कन्दः प्राच्यभरतेषु	pariskandahapraachyabharateshu
3478	14	2.2.22	क्त्वा च	ktvaacha
3479	14	3.1.70	वा भ्राशभ्लाशभ्रमुक्रमुक्लमुत्रसित्रुटिलषः	vaabhraashabhlaashabhramukramuklamutrasitrutilashah
3480	14	3.1.74	श्रुवः शृ च	shruvahashrucha
3481	14	3.1.75	अक्षोऽन्यतरस्याम्	akshonyatarasyaam
3482	14	3.1.80	धिन्विकृण्व्योर च	dhinvikrunvyoracha
3483	14	3.1.82	स्तन्भुस्तुन्भुस्कन्भुस्कुन्भुस्कुञ्भ्यः श्नुश्च	stambhustumbhuskambhuskumbhuskunybhyahashnushcha
3484	14	3.1.84	छन्दसि शायजपि	chhandasishaayajapi
3485	14	3.1.88	तपस्तपःकर्मकस्यैव	tapastapahakarmakasyaiva
3486	14	3.1.89	न दुहस्नुनमां यक्चिणौ	naduhasnunamaamyakchinau
3487	14	3.1.90	कुषिरजोः प्राचां श्यन् परस्मैपदं च	kushirajohapraachaamshyanparasmaipadamcha
3488	14	3.1.144	गेहे कः	gehekah
3489	14	3.2.19	पूर्वे कर्तरि	poorvekartari
3490	14	3.2.21	दिवाविभानिशाप्रभाभास्कारान्तानन्तादिबहुनान्दीकिम्लिपिलिबिबलिभक्तिकर्तृचित्रक्षेत्रसंख्याजङ्घाबाह्वहर्यत्तत्धनुररुष्षु	divaavibhaanishaaprabhaabhaaskaraantaanantaadibahunaandeekimlipilibibalibhaktikartruchitrakshetrasamkhyaajangghaabaahvaharyattatdhanurarushshu
3491	14	3.2.22	कर्मणि भृतौ	karmanibhrutau
3492	14	3.2.23	न शब्दश्लोककलहगाथावैरचाटुसूत्रमन्त्रपदेषु	nashabdashlokakalahagaathaavairachaatusootramantrapadeshu
3493	14	3.2.24	स्तम्बशकृतोरिन्	stambashakrutorin
3494	14	3.2.49	आशिषि हनः	aashishihanah
3495	14	3.2.65	कव्यपुरीषपुरीष्येषु ञ्युट्	kavyapureeshapureeshyeshunyyut
3496	14	3.2.68	अदोऽनन्ने	adonanne
3497	14	3.2.74	आतो मनिन्क्वनिब्वनिपश्च	aatomaninkvanipvanipashcha
3498	14	3.2.76	क्विप् च	kvipcha
3499	14	3.2.88	बहुलं छन्दसि	bahulamchhandasi
3500	14	3.2.89	सुकर्मपापमन्त्रपुण्येषु कृञः	sukarmapaapamantrapunyeshukrunyah
3501	14	3.2.90	सोमे सुञः	somesunyah
3502	14	3.2.91	अग्नौ चेः	agnaucheh
3503	14	3.2.92	कर्मण्यग्न्याख्यायाम्	karmanyagnyaakhyaayaam
3504	14	3.2.96	सहे च	sahecha
3505	14	3.2.100	अनौ कर्मणि	anaukarmani
3506	14	3.2.107	क्वसुश्च	kvasushcha
3507	14	3.2.113	न यदि	nayadi
3508	14	3.2.114	विभाषा साकाङ्क्षे	vibhaashaasaakaangkshe
3509	14	3.2.116	हशश्वतोर्लङ् च	hashashvatorlangcha
3510	14	3.2.118	लट् स्मे	latsme
3511	14	3.3.65	क्वणो वीणायां च	kvanoveenaayaamcha
3512	14	3.3.77	मूर्तौ घनः	moortaughanah
3513	14	3.3.78	अन्तर्घनो देशे	antarghanodeshe
3514	14	3.3.79	अगारैकदेशे प्रघणः प्रघाणश्च	agaaraikadeshepraghanahapraghaanashcha
3515	14	3.3.80	उद्घनोऽत्याधानम्	udghanotyaadhaanam
3516	14	3.3.81	अपघनोऽङ्गम्	apaghanonggam
3517	14	3.3.82	करणेऽयोविद्रुषु	karaneyovidrushu
3518	14	3.3.85	उपघ्न आश्रये	upaghnaashraye
3519	14	3.3.86	संघोद्घौ गणप्रशंसयोः	samghodghauganaprashamsayoh
3520	14	3.3.87	निघो निमितम्	nighonimitam
3521	14	3.3.99	संज्ञायां समजनिषदनिपतमनविदषुञ्शीङ्भृञिणः	samjnyaayaamsamajanishadanipatamanavidashunysheengbhrunyinah
3522	14	3.3.100	कृञः श च	krunyahashacha
3523	14	3.3.145	अनवकॢप्त्यमर्षयोरकिंवृत्तेऽपि	anavakaptyamarshayorakimvruttepi
3524	14	3.4.33	चेले क्नोपेः	cheleknopeh
3525	14	3.4.55	परिक्लिश्यमाने च	pariklishyamaanecha
3526	14	3.4.100	इतश्च	itashcha
3527	14	3.4.101	तस्थस्थमिपां तांतंतामः	tasthasthamipaamtaamtamtaamah
3528	14	4.1.45	बह्वादिभ्यश्च	bahvaadibhyashcha
3529	14	4.1.49	इन्द्रवरुणभवशर्वरुद्रमृडहिमारण्ययवयवनमातुलाचार्याणामानुक्	indravarunabhavasharvarudramrudahimaaranyayavayavanamaatulaachaaryaanaamaanuk
3530	14	4.1.51	क्तादल्पाख्यायाम्	ktaadalpaakhyaayaam
3531	14	4.1.64	पाककर्णपर्णपुष्पफलमूलवालोत्तरपदाच्च	paakakarnaparnapushpaphalamoolavaalottarapadaachcha
3532	14	4.1.66	ऊङुतः	oongutah
3533	14	4.1.100	हरितादिभ्योऽञः	haritaadibhyonyah
3534	14	4.1.101	यञिञोश्च	yanyinyoshcha
3535	14	4.1.102	शरद्वच्छुनकदर्भाद्भृगुवत्साग्रायणेषु	sharadvachchhunakadarbhaadbhruguvatsaagraayaneshu
3536	14	4.1.103	द्रोणपर्वतजीवन्तादन्यतरस्याम्	dronaparvatajeevantaadanyatarayaam
3537	14	4.1.106	मधुबभ्र्वोर्ब्राह्मणकौशिकयोः	madhubabhrvorbraahmanakaushikayoh
3538	14	4.1.107	कपिबोधादाङ्गिरसे	kapibodhaadaanggirase
3539	14	4.1.111	भर्गात् त्रैगर्ते	bhargaattraigarte
3540	14	4.1.122	इतश्चानिञः	itashchaaninyah
3541	14	4.1.127	कुलटाया वा	kulataayaavaa
3542	14	4.1.134	मातृष्वसुश्च	maatrushvasushcha
3543	14	4.1.141	महाकुलादञ्खञौ	mahaakulaadanykhanyau
3544	14	4.1.142	दुष्कुलाड्ढक्	dushkulaaddhak
3545	14	4.1.145	व्यन् सपत्ने	vyansapatne
3546	14	4.1.148	वृद्धाट्ठक् सौवीरेषु बहुलम्	vruddhaatthaksauveereshubahulam
3547	14	4.1.153	उदीचामिञ्	udeechaaminy
3548	14	4.1.158	वाकिनादीनां कुक् च	vaakinaadeenaamkukcha
3549	14	4.1.164	भ्रातरि च ज्यायसि	bhraatarichajyaayasi
3550	14	4.1.165	वान्यस्मिन् सपिण्डे स्थविरतरे जीवति	vaanyasminsapindesthaviratarejeevati
3551	14	4.1.175	कम्बोजाल्लुक्	kambojaalluk
3552	14	4.2.5	संज्ञायां श्रवणाश्वत्थाभ्याम्	samjnyaayaamshravanaashvatthaabhyaam
3553	14	4.2.19	उदश्वितोऽन्यतरस्याम्	udashvitonyatarasyaam
3554	14	4.2.41	ठञ् कवचिनश्च	thanykavachinashcha
3555	14	4.2.113	न द्व्यचः प्राच्यभरतेषु	nadvyachahapraachyabharateshu
3556	14	4.2.125	अवृद्धादपि बहुवचनविषयात्	avruddhaadapibahuvachanavishayaat
3557	14	4.2.135	अपदातौ साल्वात्	apadaatausaalvaat
3558	14	4.3.3	तवकममकावेकवचने	tavakamamakaavekavachane
3559	14	4.3.14	निशाप्रदोषाभ्यां च	nishaapradoshaabhyaamcha
3560	14	4.3.15	श्वसस्तुट् च	shvasastutcha
3561	14	4.3.20	वसन्ताच्च	vasantaachcha
3562	14	4.3.21	हेमन्ताच्च	hemantaachcha
3563	14	4.3.29	पथः पन्थ च	pathahapanthacha
3564	14	4.3.30	अमावास्याया वा	amaavaasyaayaavaa
3565	14	4.3.44	उप्ते च	uptecha
3566	14	4.3.47	देयमृणे	deyamrune
3567	14	4.3.60	अन्तःपूर्वपदाट्ठञ्	antahapoorvapadaatthany
3568	14	4.3.79	पितुर्यच्च	pituryachcha
3569	14	4.3.118	कुलालादिभ्यो वुञ्	kulaalaadibhyovuny
3570	14	4.3.119	क्षुद्राभ्रमरवटरपादपादञ्	kshudraabhramaravatarapaadapaadany
3571	14	4.3.123	पत्राध्वर्युपरिषदश्च	pattraadhvaryuparishadashcha
3572	14	4.3.136	बिल्वादिभ्योऽण्	bilvaadibhyon
3573	14	4.3.142	शम्याष्ट्लञ्	shamyaashtlany
3574	14	4.3.143	मयड्वैतयोर्भाषायामभक्ष्याच्छादनयोः	mayadvaitayorbhaashaayaamabhakshyaachchhaadanayoh
3575	14	4.3.152	तालादिभ्योऽण्	taalaadibhyon
3576	14	4.3.154	प्राणिरजतादिभ्योऽञ्	praanirajataadibhyony
3577	14	4.3.156	क्रीतवत् परिमाणात्	kreetavatparimaanaat
3578	14	4.3.157	उष्ट्राद्वुञ्	ushtraadvuny
3579	14	4.3.159	एण्या ढञ्	enyaadhany
3580	14	4.3.160	गोपयसोर्यत्	gopayasoryat
3581	14	4.3.163	फले लुक्	phaleluk
3582	14	4.3.168	कंसीयपरशव्ययोर्यञञौ लुक् च	kamseeyaparashavyayoryanyanyaulukcha
3583	14	4.4.11	श्वगणाट्ठञ्च	shvaganaatthanycha
3584	14	4.4.14	आयुधाच्छ च	aayudhaachchhacha
3585	14	4.4.17	विभाषा विवधवीवधात्	vibhaashaavivadhaveevadhaat
3586	14	4.4.29	परिमुखं च	parimukhamcha
3587	14	4.4.30	प्रयच्छति गर्ह्यम्	prayachchhatigarhyam
3588	14	4.4.32	उञ्छति	unychhati
3589	14	4.4.33	रक्षति	rakshati
3590	14	4.4.34	शब्ददर्दुरं करोति	shabdadarduramkaroti
3591	14	4.4.35	पक्षिमत्स्यमृगान् हन्ति	pakshimatsyamrugaanhanti
3592	14	4.4.36	परिपन्थं च तिष्ठति	paripanthamchatishthati
3593	14	4.4.37	माथोत्तरपदपदव्यनुपदं धावति	maathottarapadapadavyanupadamdhaavati
3594	14	4.4.39	पदोत्तरपदं गृह्णाति	padottarapadamgruhnaati
3595	14	4.4.41	धर्मं चरति	dharmamcharati
3596	14	4.4.42	प्रतिपथमेति ठंश्च	pratipathametithamshcha
3597	14	4.4.43	समवायान् समवैति	samavaayaansamavaiti
3598	14	4.4.46	संज्ञायां ललाटकुक्कुट्यौ पश्यति	samjnyaayaamlalaatakukkutyaupashyati
3599	14	4.4.117	घच्छौ च	ghachchhaucha
3600	14	4.4.124	मायायामण्	maayaayaaman
3601	14	4.4.126	अश्विमानण्	ashvimaanan
3602	14	4.4.129	मधोर्ञ च	madhornyacha
3603	14	4.4.130	ओजसोऽहनि यत्खौ	ojasohaniyatkhau
3604	14	4.4.131	वेशोयशआदेर्भगाद्यल्	veshoyashaaderbhagaadyal
3605	14	4.4.136	मतौ च	mataucha
3606	14	4.4.138	मये च	mayecha
3607	14	4.4.143	शिवशमरिष्टस्य करे	shivashamarishtasyakare
3608	14	5.1.30	द्वित्रिपूर्वान्निष्कात्	dvitripoorvaannishkaat
3609	14	5.1.35	शाणाद्वा	shaanaadvaa
3610	14	5.1.40	पुत्राच्छ च	putraachchhacha
3611	14	5.1.42	तस्येश्वरः	tasyeshvarah
3612	14	5.1.43	तत्र विदित इति च	tatravidititicha
3613	14	5.1.49	भागाद्यच्च	bhaagaadyachcha
3614	14	5.1.53	आढकाचितपात्रात् खोऽन्यतरस्याम्	aadhakaachitapaatraatkhonyatarayaam
3615	14	5.1.55	कुलिजाल्लुक्खौ च	kulijaallukkhaucha
3616	14	5.1.61	सप्तनोऽञ् छन्दसि	saptanonychhandasi
3617	14	5.1.65	शीर्षच्छेदाद्यच्च	sheershachchhedaadyachcha
3618	14	5.1.75	पथः ष्कन्	pathahashkan
3619	14	5.1.77	उत्तरपथेनाहृतं च	uttarapathenaahrutamcha
3620	14	5.1.83	षण्मासाण्ण्यच्च	shanmaasaannyachcha
3621	14	5.1.86	द्विगोर्वा	dvigorvaa
3622	14	5.1.112	समापनात् सपूर्वपदात्	samaapanaatsapoorvapadaat
3623	14	5.1.124	गुणवचनब्राह्मणादिभ्यः कर्मणि च	gunavachanabraahmanaadibhyahakarmanicha
3624	14	5.2.17	अभ्यमित्राच्छ च	abhyamitraachchhacha
3625	14	5.2.32	नेर्बिडज्बिरीसचौ	nerbidajbireesachau
3626	14	5.2.34	उपाधिभ्यां त्यकन्नासन्नारूढयोः	upaadhibhyaamtyakannaasannaaroodhayoh
3627	14	5.2.64	आकर्षादिभ्यः कन्	aakarshaadibhyahakan
3628	14	5.2.105	देशे लुबिलचौ च	deshelubilachaucha
3629	14	5.3.13	वा ह च च्छन्दसि	vaahachachchhandasi
3630	14	5.3.16	इदमो र्हिल्	idamorhil
3631	14	5.3.20	तयोर्दार्हिलौ च च्छन्दसि	tayordaarhilauchachchhandasi
3632	14	5.3.21	अनद्यतने र्हिलन्यतरस्याम्	anadyatanerhilanyatarasyaam
3633	14	5.3.22	सद्यःपरुत्परार्यैषमःपरेद्यव्यद्यपूर्वेद्युरन्येद्युरन्यतरेद्युरितरेद्युरपरेद्युरधरेद्युरुभयेद्युरुत्तरेद्युः	sadyahaparutparaaryaishamahaparedyavyadyapoorvedyuranyedyuranyataredyuritaredyuraparedyuradharedyurubhayedyuruttaredyuh
3634	14	5.3.25	किमश्च	kimashcha
3635	14	5.3.29	विभाषा परावराभ्याम्	vibhaashaaparaavaraabhyaam
3636	14	5.3.35	एनबन्यतरस्यामदूरेऽपञ्चम्याः	enabanyatarasyaamadoorepanychamyaah
3637	14	5.3.40	अस्ताति च	astaaticha
3638	14	5.3.52	एकादाकिनिच्चासहाये	ekaadaakinichchaasahaaye
3639	14	5.3.61	ज्य च	jyacha
3640	14	5.3.69	प्रकारवचने जातीयर्	prakaaravachanejaateeyar
3641	14	5.3.72	कस्य च दः	kasyachadah
3642	14	5.3.75	संज्ञायां कन्	samjnyaayaamkan
3643	14	5.3.77	नीतौ च तद्युक्तात्	neetauchatadyuktaat
3644	14	5.3.87	संज्ञायां कन्	samjnyaayaamkan
3645	14	5.3.91	वत्सोक्षाश्वर्षभेभ्यश्च तनुत्वे	vatsokshaashvarshabhebhyashchatanutve
3646	14	5.3.93	वा बहूनां जातिपरिप्रश्ने डतमच्	vaabahoonaamjaatipariprashnedatamach
3647	14	5.3.96	इवे प्रतिकृतौ	ivepratikrutau
3648	14	5.4.33	कालाच्च	kaalaachcha
3649	14	5.4.55	देये त्रा च	deyetraacha
3650	14	5.4.89	न संख्यादेः समाहारे	nasamkhyaadehasamaahaare
3651	14	5.4.90	उत्तमैकाभ्यां च	uttamaikaabhyaamcha
3652	14	5.4.92	गोरतद्धितलुकि	gorataddhitaluki
3653	14	5.4.93	अग्राख्यायामुरसः	agraakhyaayaamurasah
3654	14	5.4.94	अनोऽश्मायस्सरसाम् जातिसंज्ञयोः	anoshmaayassarasaamjaatisamjnyayoh
3655	14	5.4.95	ग्रामकौटाभ्यां च तक्ष्णः	graamakautaabhyaamchatakshnah
3656	14	5.4.96	अतेः शुनः	atehashunah
3657	14	5.4.99	नावो द्विगोः	naavodvigoh
3658	14	5.4.102	द्वित्रिभ्यामञ्जलेः	dvitribhyaamanyjaleh
3659	14	5.4.103	अनसन्तान्नपुंसकाच्छन्दसि	anasantaannapumsakaachchhandasi
3660	14	5.4.104	ब्रह्मणो जानपदाख्यायाम्	brahmanojaanapadaakhyaayaam
3661	14	5.4.106	द्वन्द्वाच्चुदषहान्तात् समाहारे	dvamdvaachchudashahaantaatsamaahaare
3662	14	5.4.107	अव्ययीभावे शरत्प्रभृतिभ्यः	avyayeebhaavesharatprabhrutibhyah
3663	14	5.4.122	नित्यमसिच् प्रजामेधयोः	nityamasichprajaamedhayoh
3664	14	5.4.133	वा संज्ञायाम्	vaasamjnyaayaam
3665	14	5.4.142	छन्दसि च	chhandasicha
3666	14	5.4.143	स्त्रियां संज्ञायाम्	striyaamsamjnyaayaam
3667	14	5.4.144	विभाषा श्यावारोकाभ्याम्	vibhaashaashyaavaarokaabhyaam
3668	14	5.4.149	पूर्णाद्विभाषा	poornaadvibhaashaa
3669	14	5.4.156	ईयसश्च	eeyasashcha
3670	14	5.4.157	वन्दिते भ्रातुः	vanditebhraatuh
3671	14	5.4.158	ऋतश्छन्दसि	rutashchhandasi
3672	14	5.4.159	नाडीतन्त्र्योः स्वाङ्गे	naadeetantryohasvaangge
3673	14	5.4.160	निष्प्रवाणिश्च	nishpravaanishcha
3674	14	6.1.42	ज्यश्च	jyashcha
3675	14	6.1.43	व्यश्च	vyashcha
3676	14	6.4.59	क्षियः	kshiyah
3677	14	6.4.68	वाऽन्यस्य संयोगादेः	vaanyasyasamyogaadeh
3678	14	6.4.70	मयतेरिदन्यतरस्याम्	mayateridanyatarasyaam
3679	14	6.4.103	अङितश्च	angitashcha
3680	14	6.4.108	नित्यं करोतेः	nityamkaroteh
3681	14	6.4.148	यस्येति च	yasyeticha
3682	14	6.4.154	तुरिष्ठेमेयस्सु	turishthemeyassu
3683	14	7.1.23	स्वमोर्नपुंसकात्	svamornapumsakaat
3684	14	7.1.91	णलुत्तमो वा	naluttamovaa
3685	14	7.1.92	सख्युरसम्बुद्धौ	sakhyurasambuddhau
3686	14	7.1.99	अम् सम्बुद्धौ	amsambuddhau
3687	14	7.2.62	उपदेशेऽत्वतः	upadeshetvatah
3688	14	7.2.63	ऋतो भारद्वाजस्य	rutobhaaradvaajasya
3689	14	7.2.64	बभूथाततन्थजगृम्भववर्थेति निगमे	babhoothaatatanthajagrumbhavavarthetinigame
3690	14	7.2.65	विभाषा सृजिदृशोः	vibhaashaasrujidrushoh
3691	14	7.2.66	इडत्त्यर्तिव्ययतीनाम्	idattyartivyayateenaam
3692	14	7.3.13	दिशोऽमद्राणाम्	dishomadraanaam
3693	14	7.3.16	वर्षस्याभविष्यति	varshasyaabhavishyati
3694	14	7.3.17	परिमाणान्तस्यासंज्ञाशाणयोः	parimaanaantasyaasamjnyaashaanayoh
3695	14	7.3.20	अनुशतिकादीनां च	anushatikaadeenaamcha
3696	14	7.3.21	देवताद्वन्द्वे च	devataadvamdvecha
3697	14	7.3.24	प्राचां नगरान्ते	praachaamnagaraante
3698	14	7.3.25	जङ्गलधेनुवलजान्तस्य विभाषितमुत्तरम्	janggaladhenuvalajaantasyavibhaashitamuttaram
3699	14	7.3.27	नातः परस्य	naatahaparasya
3700	14	7.3.28	प्रवाहणस्य ढे	pravaahanasyadhe
3701	14	7.3.30	नञः शुचीश्वरक्षेत्रज्ञकुशलनिपुणानाम्	nanyahashucheeshvarakshetrajnyakushalanipunaanaam
3702	14	7.3.91	गुणोऽपृक्ते	gunoprukte
3703	14	7.3.94	यङो वा	yangovaa
3704	14	7.3.96	अस्तिसिचोऽपृक्ते	astisichoprukte
3705	14	7.3.103	बहुवचने झल्येत्	bahuvachanejhalyet
3706	14	7.4.31	ई घ्राध्मोः	eeghraadhmoh
3707	14	8.3.46	अतः कृकमिकंसकुम्भपात्रकुशाकर्णीष्वनव्ययस्य	atahakrukamikamsakumbhapaatrakushaakarneeshvanavyayasya
3708	14	8.3.47	अधःशिरसी पदे	adhahashiraseepade
3709	14	8.3.48	कस्कादिषु च	kaskaadishucha
3710	14	8.3.49	छन्दसि वाऽप्राम्रेडितयोः	chhandasivaapraamreditayoh
3711	15	3.1.71	यसोऽनुपसर्गात्	yasonupasargaat
3712	15	3.1.72	संयसश्च	samyasashcha
3713	15	3.1.76	तनूकरणे तक्षः	tanookaranetakshah
3714	15	3.1.85	व्यत्ययो बहुलम्	vyatyayobahulam
3715	15	3.1.86	लिङ्याशिष्यङ्	lingyaashishyang
3716	15	3.2.25	हरतेर्दृतिनाथयोः पशौ	haraterdrutinaathayohapashau
3717	15	3.2.26	फलेग्रहिरात्मम्भरिश्च	phalegrahiraatmambharishcha
3718	15	3.2.27	छन्दसि वनसनरक्षिमथाम्	chhandasivanasanarakshimathaam
3719	15	3.2.50	अपे क्लेशतमसोः	apekleshatamasoh
3720	15	3.2.51	कुमारशीर्षयोर्णिनिः	kumaarasheershayorninih
3721	15	3.2.52	लक्षणे जायापत्योष्टक्	lakshanejaayaapatyoshtak
3722	15	3.2.55	पाणिघताडघौ शिल्पिनि	paanighataadaghaushilpini
3723	15	3.2.66	हव्येऽनन्तः पादम्	havyenantahapaadam
3724	15	3.2.69	क्रव्ये च	kravyecha
3725	15	3.2.75	अन्येभ्योऽपि दृश्यन्ते	anyebhyopidrushyante
3726	15	3.2.77	स्थः क च	sthahakacha
3727	15	3.2.108	भाषायां सदवसश्रुवः	bhaashaayaamsadavasashruvah
3728	15	3.2.109	उपेयिवाननाश्वाननूचानश्च	upeyivaananaashvaananoochaanashcha
3729	15	3.2.117	प्रश्ने चासन्नकाले	prashnechaasannakaale
3730	15	3.2.119	अपरोक्षे च	aparokshecha
3731	15	3.2.120	ननौ पृष्टप्रतिवचने	nanauprushtaprativachane
3732	15	3.3.83	स्तम्बे क च	stambekacha
3733	15	3.3.84	परौ घः	paraughah
3734	15	3.3.101	इच्छा	ichchhaa
3735	15	3.3.146	किंकिलास्त्यर्थेषु लृट्	kimkilaastyartheshulrut
3736	15	3.3.147	जातुयदोर्लिङ्	jaatuyadorling
3737	15	4.1.46	नित्यं छन्दसि	nityamchhandasi
3738	15	4.1.52	बहुव्रीहेश्चान्तोदात्तात्	bahuvreeheshchaantodaattaat
3739	15	4.1.67	बाह्वन्तात् संज्ञायाम्	baahvantaatsamjnyaayaam
3740	15	4.1.68	पङ्गोश्च	panggoshcha
3741	15	4.1.69	ऊरूत्तरपदादौपम्ये	ooroottarapadaadaupamye
3742	15	4.1.71	कद्रुकमण्डल्वोश्छन्दसि	kadrukamandalvoshchhandasi
3743	15	4.1.108	वतण्डाच्च	vatandaachcha
3744	15	4.1.149	फेश्छ च	pheshchhacha
3745	15	4.1.150	फाण्टाहृतिमिमताभ्यां णफिञौ	phaantaahrutimimataabhyaamnaphinyau
3746	15	4.1.159	पुत्रान्तादन्यतरस्याम्	putraantaadanyatarasyaam
3747	15	4.1.176	स्त्रियामवन्तिकुन्तिकुरुभ्यश्च	striyaamavantikuntikurubhyashcha
3748	15	4.2.126	कच्छाग्निवक्त्रवर्त्तोत्तरपदात्	kachchhaagnivaktragarttottarapadaat
3749	15	4.2.136	गोयवाग्वोश्च	goyavaagvoshcha
3750	15	4.3.22	सर्वत्राण् च तलोपश्च	sarvatraanchatalopashcha
3751	15	4.3.31	अ च	acha
3752	15	4.3.45	आश्वयुज्या वुञ्	aashvayujyaavuny
3753	15	4.3.46	ग्रीष्मवसन्तादन्यतरस्याम्	greeshmavasantaadanyatarasyaam
3754	15	4.3.48	कलाप्यश्वत्थयवबुसाद्वुन्	kalaapyashvatthayavabusaadvun
3755	15	4.3.49	ग्रीष्मावरसमाद्वुञ्	greeshmaavarasamaadvuny
3756	15	4.3.61	ग्रामात् पर्यनुपूर्वात्	graamaatparyanupoorvaat
3757	15	4.3.137	कोपधाच्च	kopadhaachcha
3758	15	4.3.138	त्रपुजतुनोः षुक्	trapujatunohashuk
3759	15	4.3.139	ओरञ्	orany
3760	15	4.3.144	नित्यं वृद्धशरादिभ्यः	nityamvruddhasharaadibhyah
3761	15	4.3.145	गोश्च पुरीषे	goshchapureeshe
3762	15	4.3.146	पिष्टाच्च	pishtaachcha
3763	15	4.3.148	व्रीहेः पुरोडाशे	vreehehapurodaashe
3764	15	4.3.149	असंज्ञायां तिलयवाभ्याम्	asamjnyaayaamtilayavaabhyaam
3765	15	4.3.150	द्व्यचश्छन्दसि	dvyachashchhandasi
3766	15	4.3.153	जातरूपेभ्यः परिमाणे	jaataroopebhyahaparimaane
3767	15	4.3.155	ञितश्च तत्प्रत्ययात्	nyitashchatatpratyayaat
3768	15	4.3.158	उमोर्णयोर्वा	umornayorvaa
3769	15	4.3.161	द्रोश्च	droshcha
3770	15	4.3.164	प्लक्षादिभ्योऽण्	plakshaadibhyon
3771	15	4.4.31	कुसीददशैकादशात् ष्ठन्ष्ठचौ	kuseedadashaikaadashaatshthanshthachau
3772	15	4.4.38	आक्रन्दाट्ठञ्च	aakrandaatthanycha
3773	15	4.4.40	प्रतिकण्ठार्थललामं च	pratikanthaarthalalaamamcha
3774	15	4.4.44	परिषदो ण्यः	parishadonyah
3775	15	4.4.132	ख च	khacha
3776	15	4.4.139	मधोः	madhoh
3777	15	4.4.140	वसोः समूहे च	vasohasamoohecha
3778	15	4.4.144	भावे च	bhaavecha
3779	15	5.1.31	बिस्ताच्च	bistaachcha
3780	15	5.1.36	द्वित्रिपूर्वादण् च	dvitripoorvaadancha
3781	15	5.1.44	लोकसर्वलोकाट्ठञ्	lokasarvalokaatthany
3782	15	5.1.54	द्विगोः ष्ठंश्च	dvigoshthamshcha
3783	15	5.1.66	दण्डादिभ्यः	dandaadibhyah
3784	15	5.1.67	छन्दसि च	chhandasicha
3785	15	5.1.68	पात्राद्घंश्च	paatraadghamshcha
3786	15	5.1.69	कडङ्करदक्षिणाच्छ च	kadanggaradakshinaachchhacha
3787	15	5.1.70	स्थालीबिलात्	sthaaleebilaat
3788	15	5.1.76	पन्थो ण नित्यम्	panthonanityam
3789	15	5.1.84	अवयसि ठंश्च	avayasithamshcha
3790	15	5.1.87	रात्र्यहस्संवत्सराच्च	raatryahassamvatsaraachcha
3791	15	5.1.88	वर्षाल्लुक् च	varshaallukcha
3792	15	5.1.125	स्तेनाद्यन्नलोपश्च	stenaadyannalopashcha
3793	15	5.1.126	सख्युर्यः	sakhyuryah
3794	15	5.1.127	कपिज्ञात्योर्ढक्	kapijnyaatyordhak
3795	15	5.1.128	पत्यन्तपुरोहितादिभ्यो यक्	patyantapurohitaadibhyoyak
3796	15	5.1.129	प्राणभृज्जातिवयोवचनोद्गात्रादिभ्योऽञ्	praanabhrujjaativayovachanodgaatraadibhyony
3797	15	5.1.130	हायनान्तयुवादिभ्योऽण्	haayanaantayuvaadibhyon
3798	15	5.1.132	योपधाद्गुरूपोत्तमाद्वुञ्	yopadhaadguroopottamaadvuny
3799	15	5.1.136	ब्रह्मणस्त्वः	brahmanastvah
3800	15	5.2.33	इनच्पिटच्चिकचि च	inachpitachchikachicha
3801	15	5.2.65	धनहिरण्यात् कामे	dhanahiranyaatkaame
3802	15	5.2.66	स्वाङ्गेभ्यः प्रसिते	svaanggebhyahaprasite
3803	15	5.2.68	सस्येन परिजातः	sasyenaparijaatah
3804	15	5.2.69	अंशं हारी	amshamhaaree
3805	15	5.2.70	तन्त्रादचिरापहृते	tantraadachiraapahrute
3806	15	5.2.71	ब्राह्मणकोष्णिके संज्ञायाम्	braahmanakoshnikesamjnyaayaam
3807	15	5.2.72	शीतोष्णाभ्यां कारिणि	sheetoshnaabhyaamkaarini
3808	15	5.2.73	अधिकम्	adhikam
3809	15	5.2.74	अनुकाभिकाभीकः कमिता	anukaabhikaabheekahakamitaa
3810	15	5.2.75	पार्श्वेनान्विच्छति	paarshvenaanvichchhati
3811	15	5.2.77	तावतिथं ग्रहणमिति लुग्वा	taavatithamgrahanamitilugvaa
3812	15	5.2.78	स एषां ग्रामणीः	seshaamgraamaneeh
3813	15	5.2.79	शृङ्खलमस्य बन्धनं करभे	shrungkhalamasyabandhanamkarabhe
3814	15	5.2.80	उत्क उन्मनाः	utkunmanaah
3815	15	5.2.81	कालप्रयोजनाद्रोगे	kaalaprayojanaadroge
3816	15	5.2.82	तदस्मिन्नन्नं प्राये संज्ञायाम्	tadasminnannampraayesamjnyaayaam
3817	15	5.3.17	अधुना	adhunaa
3818	15	5.3.18	दानीं च	daaneemcha
3819	15	5.3.26	था हेतौ च च्छन्दसि	thaahetauchachchhandasi
3820	15	5.3.36	दक्षिणादाच्	dakshinaadaach
3821	15	5.3.41	विभाषावरस्य	vibhaashaavarasya
3822	15	5.3.62	वृद्धस्य च	vruddhasyacha
3823	15	5.3.78	बह्वचो मनुष्यनाम्नष्ठज्वा	bahvachomanushyanaamnashthajvaa
3824	15	5.3.94	एकाच्च प्राचाम्	ekaachchapraachaam
3825	15	5.3.97	संज्ञायां च	samjnyaayaamcha
3826	15	5.3.101	वस्तेर्ढञ्	vasterdhany
3827	15	5.3.102	शिलाया ढः	shilaayaadhah
3828	15	5.3.103	शाखादिभ्यो यत्	shaakhaadibhyoyat
3829	15	5.3.104	द्रव्यं च भव्ये	dravyamchabhavye
3830	15	5.3.105	कुशाग्राच्छः	kushaagraachchhah
3831	15	5.3.107	शर्करादिभ्योऽण्	sharkaraadibhyon
3832	15	5.3.108	अङ्गुल्यादिभ्यष्ठक्	anggulyaadibhyashthak
3833	15	5.3.110	कर्कलोहितादीकक्	karkalohitaadeekak
3834	15	5.3.111	प्रत्नपूर्वविश्वेमात्थाल् छन्दसि	pratnapoorvavishvemaatthaalchhandasi
3835	15	5.4.56	देवमनुष्यपुरुषपुरुमर्त्येभ्यो द्वितीयासप्तम्योर्बहुलम्	devamanushyapurushamartyebhyodviteeyaasaptamyorbahulam
3836	15	5.4.97	उपमानादप्राणिषु	upamaanaadapraanishu
3837	15	5.4.100	अर्धाच्च	ardhaachcha
3838	15	5.4.105	कुमहद्भ्यामन्यतरस्याम्	kumahadbhyaamanyatarasyaam
3839	15	5.4.108	अनश्च	anashcha
3840	15	5.4.112	गिरेश्च सेनकस्य	gireshchasenakasya
3841	15	5.4.123	बहुप्रजाश्छन्दसि	bahuprajaashchhandasi
3842	15	5.4.145	अग्रान्तशुद्धशुभ्रवृषवराहेभ्यश्च	agraantashuddhashubhravrushavaraahebhyashcha
3843	15	6.1.44	विभाषा परेः	vibhaashaapareh
3844	15	6.4.60	निष्ठायामण्यदर्थे	nishthaayaamanyadarthe
3845	15	6.4.109	ये च	yecha
3846	15	6.4.110	अत उत् सार्वधातुके	atutsaarvadhaatuke
3847	15	6.4.149	सूर्यतिष्यागस्त्यमत्स्यानां य उपधायाः	sooryatishyaagastyamatsyaanaamyupadhaayaah
3848	15	6.4.155	टेः	teh
3849	15	6.4.156	स्थूलदूरयुवह्रस्वक्षिप्रक्षुद्राणां यणादिपरं पूर्वस्य च गुणः	sthooladoorayuvahrasvakshiprakshudraanaamyanaadiparampoorvasyachagunah
3850	15	6.4.157	प्रियस्थिरस्फिरोरुबहुलगुरुवृद्धतृप्रदीर्घवृन्दारकाणां प्रस्थस्फवर्बंहिगर्वर्षित्रब्द्राघिवृन्दाः	priyasthirasphirorubahulaguruvruddhatrupradeerghavrundaarakaanaamprasthasphavarbamhigarvarshitrabdraaghivrundaah
3851	15	6.4.158	बहोर्लोपो भू च बहोः	bahorlopobhoochabahoh
3852	15	6.4.160	ज्यादादीयसः	jyaadaadeeyasah
3853	15	6.4.161	र ऋतो हलादेर्लघोः	rrutohalaaderlaghoh
3854	15	6.4.163	प्रकृत्यैकाच्	prakrutyaikaach
3855	15	7.1.24	अतोऽम्	atom
3856	15	7.1.25	अद्ड् डतरादिभ्यः पञ्चभ्यः	adddataraadibhyahapanychabhyah
3857	15	7.1.26	नेतराच्छन्दसि	netaraachchhandasi
3858	15	7.1.93	अनङ् सौ	anangsau
3859	15	7.1.95	तृज्वत् क्रोष्टुः	trujvatkroshtuh
3860	15	7.3.14	प्राचां ग्रामनगराणाम्	praachaamgraamanagaraanaam
3861	15	7.3.22	नेन्द्रस्य परस्य	nendrasyaparasya
3862	15	7.3.29	तत्प्रत्ययस्य च	tatpratyayasyacha
3863	15	7.3.31	यथातथयथापुरयोः पर्यायेण	yathaatathayathaapurayohaparyaayena
3864	15	7.3.95	तुरुस्तुशम्यमः सार्वधातुके	turustushamyamahasaarvadhaatuke
3865	15	7.3.97	बहुलं छन्दसि	bahulamchhandasi
3866	15	7.3.98	रुदश्च पञ्चभ्यः	rudashchapanychabhyah
3867	15	7.3.100	अदः सर्वेषाम्	adahasarveshaam
3868	15	7.3.104	ओसि च	osicha
3869	15	7.4.32	अस्य च्वौ	asyachvau
3870	15	8.3.50	कःकरत्करतिकृधिकृतेष्वनदितेः	kahakaratkaratikrudhikruteshvanaditeh
3871	15	8.3.51	पञ्चम्याः परावध्यर्थे	panychamyaahaparaavadhyarthe
3872	15	8.3.53	षष्ठ्याः पतिपुत्रपृष्ठपारपदपयस्पोषेषु	shashthyaahapatiputraprushthapaarapadapayasposheshu
3873	16	3.2.53	अमनुष्यकर्तृके च	amanushyakartrukecha
3874	16	3.2.54	शक्तौ हस्तिकपाटयोः	shaktauhastikapaatayoh
3875	16	3.2.121	नन्वोर्विभाषा	nanvorvibhaashaa
3876	16	3.3.148	यच्चयत्रयोः	yachchayatrayoh
3877	16	4.1.47	भुवश्च	bhuvashcha
3878	16	4.1.53	अस्वाङ्गपूर्वपदाद्वा	asvaanggapoorvapadaadvaa
3879	16	4.1.70	संहितशफलक्षणवामादेश्च	samhitashaphalakshanavaamaadeshcha
3880	16	4.1.72	संज्ञायाम्	samjnyaayaam
3881	16	4.1.109	लुक् स्त्रियाम्	lukstriyaam
3882	16	4.3.50	संवत्सराग्रहायणीभ्यां ठञ् च	samvatsaraagrahaayaneebhyaamthanycha
3883	16	4.3.140	अनुदात्तादेश्च	anudaattaadeshcha
3884	16	4.3.141	पलाशादिभ्यो वा	palaashaadibhyovaa
3885	16	4.3.147	संज्ञायां कन्	samjnyaayaamkan
3886	16	4.3.151	नोत्वद्वर्ध्रबिल्वात्	notvadvardhrabilvaat
3887	16	4.3.162	माने वयः	maanevayah
3888	16	4.3.165	जम्ब्वा वा	jambvaavaa
3889	16	4.4.45	सेनाया वा	senaayaavaa
3890	16	5.1.89	चित्तवति नित्यम्	chittavatinityam
3891	16	5.1.131	इगन्ताच्च लघुपूर्वात्	igantaachchalaghupoorvaat
3892	16	5.1.133	द्वन्द्वमनोज्ञादिभ्यश्च	dvamdvamanojnyaadibhyashcha
3893	16	5.1.134	गोत्रचरणाच्श्लाघात्याकारतदवेतेषु	gotracharanaachshlaaghaatyaakaaratadaveteshu
3894	16	5.1.135	होत्राभ्यश्छः	hotraabhyashchhah
3895	16	5.2.67	उदराट्ठगाद्यूने	udaraatthagaadyoone
3896	16	5.2.76	अयःशूलदण्डाजिनाभ्यां ठक्ठञौ	ayahashooladandaajinaabhyaamthakthanyau
3897	16	5.2.83	कुल्माषादञ्	kulmaashaadany
3898	16	5.3.19	तदो दा च	tadodaacha
3899	16	5.3.37	आहि च दूरे	aahichadoore
3900	16	5.3.79	घनिलचौ च	ghanilachaucha
3901	16	5.3.81	जातिनाम्नः कन्	jaatinaamnahakan
3902	16	5.3.98	लुम्मनुष्ये	lummanushye
3903	16	5.3.106	समासाच्च तद्विषयात्	samaasaachchatadvishayaat
3904	16	5.3.109	एकशालायाष्ठजन्यतरस्याम्	ekashaalaayaashthajanyatarasyaam
3905	16	5.4.98	उत्तरमृगपूर्वाच्च सक्थ्नः	uttaramrugapoorvaachchasakthnah
3906	16	5.4.101	खार्याः प्राचाम्	khaaryaahapraachaam
3907	16	5.4.109	नपुंसकादन्यतरस्याम्	napumsakaadanyatarasyaam
3908	16	6.4.61	वाक्रोशदैन्ययोः	vaakroshadainyayoh
3909	16	6.4.111	श्नसोरल्लोपः	shnasorallopah
3910	16	6.4.119	घ्वसोरेद्धावभ्यासलोपश्च	ghvasoreddhaavabhyaasalopashcha
3911	16	6.4.150	हलस्तद्धितस्य	halastaddhitasya
3912	16	6.4.159	इष्ठस्य यिट् च	ishthasyayitcha
3913	16	6.4.162	विभाषर्जोश्छन्दसि	vibhaasharjoshchhandasi
3914	16	6.4.164	इनण्यनपत्ये	inanyanapatye
3915	16	7.1.94	ऋदुशनस्पुरुदंसोऽनेहसां च	rudushanaspurudamsonehasaamcha
3916	16	7.1.96	स्त्रियां च	striyaamcha
3917	16	7.1.97	विभाषा तृतीयादिष्वचि	vibhaashaatruteeyaadishvachi
3918	16	7.3.23	दीर्घाच्च वरुणस्य	deerghaachchavarunasya
3919	16	7.3.99	अड्गार्ग्यगालवयोः	adgaargyagaalavayoh
3920	16	7.3.105	आङि चापः	aangichaapah
3921	16	7.4.33	क्यचि च	kyachicha
3922	16	8.3.52	पातौ च बहुलम्	paatauchabahulam
3923	16	8.3.54	इडाया वा	idaayaavaa
3924	17	3.2.122	पुरि लुङ् चास्मे	purilungchaasme
3925	17	3.3.149	गर्हायां च	garhaayaamcha
3926	17	3.3.150	चित्रीकरणे च	chitreekaranecha
3927	17	4.1.54	स्वाङ्गाच्चोपसर्जनादसंयोगोपधात्	svaanggaachchopasarjanaadasamyogopadhaat
3928	17	4.3.166	लुप् च	lupcha
3929	17	5.3.38	उत्तराच्च	uttaraachcha
3930	17	5.3.80	प्राचामुपादेरडज्वुचौ च	praachaamupaaderadajvuchaucha
3931	17	5.3.82	अजिनान्तस्योत्तरपदलोपश्च	ajinaantasyottarapadalopashcha
3932	17	5.3.99	जीविकार्थे चापण्ये	jeevikaarthechaapanye
3933	17	5.3.100	देवपथादिभ्यश्च	devapathaadibhyashcha
3934	17	5.4.110	नदीपौर्णमास्याग्रहायणीभ्यः	nadeepaurnamaasyaagrahaayaneebhyah
3935	17	5.4.111	झयः	jhayah
3936	17	6.4.112	श्नाऽभ्यस्तयोरातः	shnaabhyastayoraatah
3937	17	6.4.120	अत एकहल्मध्येऽनादेशादेर्लिटि	ataekahalmadhyenaadeshaaderliti
3938	17	6.4.151	आपत्यस्य च तद्धितेऽनाति	aapatyasyachataddhitenaati
3939	17	6.4.165	गाथिविदथिकेशिगणिपणिनश्च	gaathividathikeshiganipaninashcha
3940	17	6.4.166	संयोगादिश्च	samyogaadishcha
3941	17	6.4.167	अन्	an
3942	17	6.4.171	ब्राह्मोऽजातौ	braahmoajaatau
3943	17	7.3.106	सम्बुद्धौ च	sambuddhaucha
3944	17	7.4.34	अशनायोदन्यधनाया बुभुक्षापिपासागर्द्धेषु	ashanaayodanyadhanaayaabubhukshaapipaasaagarddheshu
3945	17	7.4.35	न च्छन्दस्यपुत्रस्य	nachchhandasyaputrasya
3946	18	3.3.151	शेषे लृडयदौ	sheshelrudayadau
3947	18	4.1.55	नासिकोदरौष्ठजङ्घादन्तकर्णशृङ्गाच्च	naasikodaraushthajangghaadantakarnashrunggaachcha
3948	18	4.1.56	न क्रोडादिबह्वचः	nakrodaadibahvachah
3949	18	4.3.167	हरीतक्यादिभ्यश्च	hareetakyaadibhyashcha
3950	18	5.3.83	ठाजादावूर्ध्वं द्वितीयादचः	thaajaadaavoordhvamdviteeyaadachah
3951	18	6.4.113	ई हल्यघोः	eehalyaghoh
3952	18	6.4.121	थलि च सेटि	thalichaseti
3953	18	6.4.152	क्यच्व्योश्च	kyachvyoshcha
3954	18	6.4.153	बिल्वकादिभ्यश्छस्य लुक्	bilvakaadibhyashchhasyaluk
3955	18	6.4.168	ये चाभावकर्मणोः	yechaabhaavakarmanoh
3956	18	6.4.169	आत्माध्वानौ खे	aatmaadhvaanaukhe
3957	18	6.4.170	न मपूर्वोऽपत्येऽवर्मणः	namapoorvopatyevarmanah
3958	18	7.3.107	अम्बाऽर्थनद्योर्ह्रस्वः	ambaarthanadyorhrasvah
3959	18	7.3.108	ह्रस्वस्य गुणः	hrasvasyagunah
3960	18	7.4.36	दुरस्युर्द्रविणस्युर्वृषण्यतिरिषण्यति	durasyurdravinasyurvrushanyatirishanyati
3961	18	7.4.37	अश्वाघस्यात्	ashvaaghasyaat
3962	18	7.4.39	कव्यध्वरपृतनस्यर्चि लोपः	kavyadhvaraprutanasyarchilopah
3963	19	4.1.57	सहनञ्विद्यमानपूर्वाच्च	sahananyvidyamaanapoorvaachcha
3964	19	4.1.58	नखमुखात् संज्ञायाम्	nakhamukhaatsamjnyaayaam
3965	19	5.3.84	शेवलसुपरिविशालवरुणार्यमादीनां तृतीयात्	shevalasuparivishaalavarunaaryamaadeenaamtruteeyaat
3966	19	6.4.114	इद्दरिद्रस्य	iddaridrasya
3967	19	6.4.122	तॄफलभजत्रपश्च	truphalabhajatrapashcha
3968	19	6.4.123	राधो हिंसायाम्	raadhohimsaayaam
3969	19	6.4.124	वा जॄभ्रमुत्रसाम्	vaajrubhramutrasaam
3970	19	6.4.126	न शसददवादिगुणानाम्	nashasadadavaadigunaanaam
3971	19	7.3.109	जसि च	jasicha
3972	19	7.3.110	ऋतो ङिसर्वनामस्थानयोः	rutongisarvanaamasthaanayoh
3973	19	7.3.111	घेर्ङिति	gherngiti
3974	19	7.4.38	देवसुम्नयोर्यजुषि काठके	devasumnayoryajushikaathake
3975	20	6.4.115	भियोऽन्यतरस्याम्	bhiyonyatarasyaam
3976	20	6.4.125	फणां च सप्तानाम्	phanaamchasaptaanaam
3977	20	7.3.112	आण्नद्याः	aannadyaah
3978	20	7.3.113	याडापः	yaadaapah
3979	21	6.4.116	जहातेश्च	jahaateshcha
3980	21	7.3.114	सर्वनाम्नः स्याड्ढ्रस्वश्च	sarvanaamnahasyaaddhrasvashcha
3981	22	6.4.117	आ च हौ	aachahau
3982	22	6.4.118	लोपो यि	lopoyi
3983	22	7.3.115	विभाषा द्वितीयातृतीयाभ्याम्	vibhaashaadviteeyaatruteeyaabhyaam
