palsule_root,palsule_ref,row_kind,palsule_only,n_other_sources,whitney_root,mayrhofer_ewa_root,werba_via1_root,boehtlingk_pwg_root
aṃça,1-№1,root_entry,False,1,,,,aṃça
aṃsa,1-№2,root_entry,False,1,,,,aṃsa
samāghāte,,continuation_or_gloss,True,0,,,,
1aṃh,1-№3,root_entry,False,2,aṃh,,,aṃh
gatau,,continuation_or_gloss,False,2,,,,
2aṃh,1-№4,root_entry,False,1,,,,2aṃh
bhāṣārthaḥ ca,,continuation_or_gloss,False,1,,,,
3aṃh,1-№5,root_entry,True,0,,,,
ak,1-№6,root_entry,False,2,,,ak,ak
kuṭilāyāṃ gatau,,continuation_or_gloss,False,1,,,,
akk,1-№7,root_entry,True,0,,,,
1akṣ,1-№8,root_entry,False,3,1akṣ,,1akṣ,akṣ
2akṣ,1-№9,root_entry,False,2,2akṣ,,,2akṣ
akh,1-№10,root_entry,True,0,,,,
1ag,1-№11,root_entry,False,1,,,,ag
2ag,1-№12,root_entry,True,0,,,,
agh,1-№13,root_entry,True,0,,,,
agha,1-№14,root_entry,False,1,,,,agha
aṅk,1-№15,root_entry,False,1,,,,aṅk
lakṣaṇe,,continuation_or_gloss,False,1,,,,
aṅka,1-№16,root_entry,False,1,,,,aṅka
pade lakṣaṇe ca,,continuation_or_gloss,False,1,,,,
aṅkh,1-№17,root_entry,True,0,,,,
1aṅg,1-№18,root_entry,False,2,aṅg,,,aṅg
2aṅg,1-№19,root_entry,True,0,,,,
aṅga,1-№20,root_entry,False,1,,,,aṅga
pade lakṣaṇe ca,,continuation_or_gloss,False,1,,,,
aṅgh,1-№21,root_entry,False,1,,,,aṅgh
aṅgha,1-№22,root_entry,False,1,,,,aṅgha
ac,1-№23,root_entry,False,2,ac,,,ac
gatau yācane ca ityeke,,continuation_or_gloss,False,2,,,,
acch,1-№24,root_entry,True,0,,,,
1aj,2-№25,root_entry,False,3,aj,,1aj,aj
2aj,2-№26,root_entry,False,1,,,,2aj
1añc,2-№27,root_entry,False,2,,,añc,añc
gatau yācane ca ityepare,,continuation_or_gloss,False,1,,,,
2añc,2-№28,root_entry,False,2,,,2añc,2añc
gatipūjanayoḥ,,continuation_or_gloss,False,1,,,,
3añc,2-№29,root_entry,True,0,,,,
gatau yācane ca,,continuation_or_gloss,True,0,,,,
1añj,2-№30,root_entry,False,3,añj,,1añj,añj
bhāṣārthaḥ ca,,continuation_or_gloss,False,2,,,,
2añj,2-№31,root_entry,True,0,,,,
1aṭ,2-№32,root_entry,False,3,aṭ,1aṭ,,aṭ
2aṭ,2-№33,root_entry,True,0,,,,
1aṭṭ,2-№34,root_entry,False,1,,,,aṭṭ
2aṭṭ,2-№35,root_entry,True,0,,,,
anādare,,continuation_or_gloss,True,0,,,,
3aṭṭ,2-№36,root_entry,True,0,,,,
aṭh,2-№37,root_entry,False,1,,,,aṭh
1aḍ,2-№38,root_entry,False,1,,,,aḍ
2aḍ,2-№39,root_entry,False,1,,,,2aḍ
1aḍḍ,2-№40,root_entry,False,1,,,,aḍḍ
2aḍḍ,2-№41,root_entry,True,0,,,,
1aṇ,2-№42,root_entry,False,2,,1aṇ,,aṇ
śabdārthaḥ,,continuation_or_gloss,False,2,,,,
2aṇ,2-№43,root_entry,False,1,,,,2aṇ
prāṇane,,continuation_or_gloss,False,1,,,,
aṇṭh,2-№44,root_entry,False,2,aṇṭh,,,aṇṭh
gatau,,continuation_or_gloss,False,1,,,,
1aṇḍ,3-№45,root_entry,True,0,,,,
2aṇḍ,3-№46,root_entry,True,0,,,,
at,3-№47,root_entry,False,3,at,,at,at
sātatyagamane,,continuation_or_gloss,False,3,,,,
ad,3-№48,root_entry,False,4,ad,ad,ad,ad
bhakṣaṇe,,continuation_or_gloss,False,3,,,,
1an,3-№49,root_entry,False,4,an,an,1an,an
ca prāṇane,,continuation_or_gloss,False,3,,,,
2an,3-№50,root_entry,False,1,,,,2an
prāṇane ityeke,,continuation_or_gloss,False,1,,,,
1ant,3-№51,root_entry,False,1,,,,ant
2ant,3-№52,root_entry,True,0,,,,
antr,3-№53,root_entry,True,0,,,,
1and,3-№54,root_entry,False,1,,,,and
2and,3-№55,root_entry,True,0,,,,
andh,3-№56,root_entry,True,0,,,,
andha,3-№57,root_entry,False,1,,,,andha
ap,3-№58,root_entry,False,2,,,*ap,ap
app,3-№59,root_entry,True,0,,,,
abb,3-№60,root_entry,True,0,,,,
abhr,3-№61,root_entry,False,1,,,,abhr
gatyarthaḥ,,continuation_or_gloss,False,1,,,,
1am,3-№62,root_entry,False,4,am,am,1am,am
2am,3-№63,root_entry,False,1,,,,2am
roge (na mit - 1;950),,continuation_or_gloss,False,1,,,,
1amb,3-№64,root_entry,False,1,,,,amb
2amb,3-№65,root_entry,False,1,,,,2amb
1ambh,3-№66,root_entry,False,1,,,,ambh
2ambh,3-№67,root_entry,True,0,,,,
amm,3-№68,root_entry,True,0,,,,
ay,4-№69,root_entry,False,3,ay,ay,,ay
1ark,4-№70,root_entry,False,1,,,,ark
2ark,4-№71,root_entry,True,0,,,,
argh,4-№72,root_entry,False,2,,,*ṛgh,argh
mūlye,,continuation_or_gloss,False,2,,,,
argha,4-№73,root_entry,False,1,,,,argha
arc,4-№74,root_entry,False,3,arc,arc,,arc
1arj,4-№75,root_entry,False,3,arj,arj,,arj
arjane,,continuation_or_gloss,False,3,,,,
2arj,4-№76,root_entry,False,1,,,,2arj
pratiyatne (sampādane ca),,continuation_or_gloss,False,1,,,,
art,4-№77,root_entry,False,3,art,art,,art
arth,4-№78,root_entry,False,1,,,,arth
artha,4-№79,root_entry,False,1,,,,artha
upayācñāyām,,continuation_or_gloss,False,1,,,,
1ard,4-№80,root_entry,False,2,,ard,,ard
gatau yācane ca,,continuation_or_gloss,False,2,,,,
2ard,4-№81,root_entry,True,0,,,,
hiṃsāyām,,continuation_or_gloss,True,0,,,,
arb,4-№82,root_entry,False,1,,,,arb
gatau,,continuation_or_gloss,False,1,,,,
arv,4-№83,root_entry,False,1,,,,arv
hiṃsāyām,,continuation_or_gloss,False,1,,,,
arh,4-№84,root_entry,False,4,arh,arh,arh,arh
al,4-№85,root_entry,False,1,,,,al
bhūṣaṇaparyāptivāraṇeṣu,,continuation_or_gloss,False,1,,,,
alark,4-№86,root_entry,True,0,,,,
all,4-№87,root_entry,True,0,,,,
1av,4-№88,root_entry,False,4,av,av,*av,av
2av,4-№89,root_entry,False,1,,,2av,
avadhīra,4-№90,root_entry,True,0,,,,
avy,4-№91,root_entry,True,0,,,,
avv,5-№92,root_entry,True,0,,,,
1aç,5-№93,root_entry,False,4,1aç,aç,1aç,aç
2aç,5-№94,root_entry,False,3,2aç,,2aç,2aç
açva,5-№95,root_entry,False,1,,,,açva
aṣ,5-№96,root_entry,False,1,,,,aṣ
gatidīptyādāneṣu ityeke,,continuation_or_gloss,False,1,,,,
1as,5-№97,root_entry,False,4,1as,1as,as,as
gatidīptyādāneṣu,,continuation_or_gloss,False,4,,,,
2as,5-№98,root_entry,False,4,2as,2as,2as,2as
bhuvi,,continuation_or_gloss,False,4,,,,
3as,5-№99,root_entry,False,2,,,3*as,3as
kṣepane,,continuation_or_gloss,False,2,,,,
ast,5-№100,root_entry,True,0,,,,
1ah,5-№101,root_entry,False,4,ah,1ah,1ah,ah
2ah,5-№102,root_entry,False,2,,2ah,,2ah
3ah,5-№103,root_entry,False,1,,,,3ah
4ah,5-№104,root_entry,True,0,,,,
āñch,5-№105,root_entry,False,3,āñch,āñch,,āñch
āyāme,,continuation_or_gloss,False,2,,,,
āndola,5-№106,root_entry,False,1,,,,āndola
1āp,5-№107,root_entry,False,3,āp,āp,,āp
lambhane,,continuation_or_gloss,False,3,,,,
2āp,5-№108,root_entry,True,0,,,,
vyāptau,,continuation_or_gloss,True,0,,,,
ār,5-№109,root_entry,False,4,ār,ār,ār,ār
ās,5-№110,root_entry,False,4,ās,ās,ās,ās
upaveśane,,continuation_or_gloss,False,3,,,,
āhvara,5-№111,root_entry,False,1,,,,āhvara
1i,5-№112,root_entry,False,4,1i,i,i,i
adhyayane; nityamadhipūrvaḥ,,continuation_or_gloss,False,2,,,,
2i,5-№113,root_entry,False,3,2i,,2i,2i
gatau,,continuation_or_gloss,False,2,,,,
3i,5-№114,root_entry,False,2,,,3yā,3i
smaraṇe; ayamapyadhipūrvaḥ,,continuation_or_gloss,False,2,,,,
4i,5-№115,root_entry,False,1,,,,4i
ikṣ,6-№116,root_entry,True,0,,,,
ikh,6-№117,root_entry,False,1,,,,ikh
gatyarthaḥ,,continuation_or_gloss,True,0,,,,
iṅkh,6-№118,root_entry,False,1,,iṅkh/iṅk,,
gatyarthaḥ,,continuation_or_gloss,False,1,,,,
iṅg,6-№119,root_entry,False,3,iṅg,iṅg,,iṅg
gatyarthaḥ,,continuation_or_gloss,False,3,,,,
iṅgh,6-№120,root_entry,True,0,,,,
ich,6-№121,root_entry,False,3,ich,,*ih,ich
ij,6-№122,root_entry,False,2,,,*ij,ij
iṭ,6-№123,root_entry,False,2,iṭ,,,iṭ
gatau,,continuation_or_gloss,False,1,,,,
1iḍ,6-№124,root_entry,False,2,iḍ,,,iḍ
2iḍ,6-№125,root_entry,True,0,,,,
iṇ,6-№126,root_entry,True,0,,,,
iṇḍ,6-№127,root_entry,True,0,,,,
idh,6-№128,root_entry,False,4,idh,idh,idh,idh
in,6-№129,root_entry,False,2,in,,,in
inakṣ,6-№130,root_entry,False,2,inakṣ,,,inakṣ
int,6-№131,root_entry,True,0,,,,
ind,6-№132,root_entry,False,1,,,,ind
paramaiśvarye,,continuation_or_gloss,False,1,,,,
indh,6-№133,root_entry,False,1,,,,indh
dīptau,,continuation_or_gloss,False,1,,,,
1inv,6-№134,root_entry,False,1,,,,inv
2inv,6-№135,root_entry,True,0,,,,
iyakṣ,6-№136,root_entry,False,2,iyakṣ,,,iyakṣ
ir,6-№137,root_entry,False,1,,,,ir
irajy,6-№138,root_entry,False,2,irajy,,,irajy
iraṇ,7-№139,root_entry,True,0,,,,
iradh,7-№140,root_entry,False,2,iradh,,,iradh
1il,7-№141,root_entry,False,2,il,,,il
preraṇe,,continuation_or_gloss,False,2,,,,
2il,7-№142,root_entry,True,0,,,,
svapnakṣepanayoḥ,,continuation_or_gloss,True,0,,,,
3il,7-№143,root_entry,True,0,,,,
ill,7-№144,root_entry,True,0,,,,
1iṣ,7-№145,root_entry,False,4,1iṣ,iṣ,iṣ,iṣ
īṣaṁ gatau,,continuation_or_gloss,False,4,,,,
2iṣ,7-№146,root_entry,False,3,2iṣ,,2iṣ,2iṣ
icchāyām,,continuation_or_gloss,False,3,,,,
3iṣ,7-№147,root_entry,False,2,,,3iṣ,3iṣ
ābhīkṣṇye,,continuation_or_gloss,False,2,,,,
4iṣ,7-№148,root_entry,False,2,,,4iṣ,4iṣ
1ī,7-№149,root_entry,False,3,ī,,ī,ī
2ī,7-№150,root_entry,False,3,,2yā,2*ī,2ī
īkṣ,7-№151,root_entry,False,3,īkṣ,īkṣ,,īkṣ
darśane,,continuation_or_gloss,False,3,,,,
īkh,7-№152,root_entry,True,0,,,,
gatyarthaḥ,,continuation_or_gloss,True,0,,,,
īṅkh,7-№153,root_entry,False,4,īṅkh,īṅkh,īṅkh,īṅkh
gatyarthaḥ,,continuation_or_gloss,False,4,,,,
īj,7-№154,root_entry,False,3,īj,īj,,īj
gatikutsanayoḥ,,continuation_or_gloss,False,3,,,,
īñj,7-№155,root_entry,True,0,,,,
gatikutsanayoḥ ityeke,,continuation_or_gloss,True,0,,,,
īṭ,7-№156,root_entry,False,1,,eṭ,,
1īḍ,7-№157,root_entry,False,4,īḍ,īḍ,1īḍ,īḍ
stutau,,continuation_or_gloss,False,3,,,,
2īḍ,7-№158,root_entry,True,0,,,,
stutau,,continuation_or_gloss,True,0,,,,
1īr,7-№159,root_entry,False,3,īr,īr,,īr
kṣepe,,continuation_or_gloss,False,3,,,,
2īr,7-№160,root_entry,True,0,,,,
gatau kampane ca,,continuation_or_gloss,True,0,,,,
īrkṣy,7-№161,root_entry,False,1,,,,īrkṣy
īrṣyārthaḥ,,continuation_or_gloss,True,0,,,,
īrṣ,7-№162,root_entry,False,1,,īrṣ,,
īrṣy,8-№163,root_entry,False,2,īrṣy,,,īrṣy
īrṣyārthāḥ,,continuation_or_gloss,True,0,,,,
īl,8-№164,root_entry,True,0,,,,
īḷ,8-№165,root_entry,True,0,,,,
īç,8-№166,root_entry,False,4,īç,īç,*iç,īç
1īṣ,8-№167,root_entry,False,3,īṣ,īṣ,,īṣ
uñche,,continuation_or_gloss,False,2,,,,
2īṣ,8-№168,root_entry,False,1,,2eṣ,,
gatihiṃsādarśaneṣu,,continuation_or_gloss,False,1,,,,
īh,8-№169,root_entry,False,4,īh,īh/āh,āh,īh
ceṣṭāyām,,continuation_or_gloss,False,4,,,,
1u,8-№170,root_entry,False,4,u,u,u,u
2u,8-№171,root_entry,False,2,,,2*u,2u
3u,8-№172,root_entry,False,1,,,,3u
1ukṣ,8-№173,root_entry,False,4,1ukṣ,ukṣ,1ukṣ,ukṣ
2ukṣ,8-№174,root_entry,False,3,2ukṣ,,2ukṣ,2ukṣ
3ukṣ,8-№175,root_entry,False,1,,,,3ukṣ
ukh,8-№176,root_entry,False,1,,,,ukh
gatyarthaḥ,,continuation_or_gloss,False,1,,,,
uṅkh,8-№177,root_entry,False,1,,,ūṅkh,
gatyarthaḥ,,continuation_or_gloss,False,1,,,,
uṅg,8-№178,root_entry,True,0,,,,
uc,8-№179,root_entry,False,4,uc,uc/oc,uc,uc
samavāye,,continuation_or_gloss,False,4,,,,
uch,8-№180,root_entry,False,2,uch,,,uch
ujjh,8-№181,root_entry,False,3,ujh,ujjh,,ujjh
utsarge,,continuation_or_gloss,False,3,,,,
uñch,8-№182,root_entry,False,3,uñch,uñch,,uñch
uṭ,8-№183,root_entry,True,0,,,,
uṭh,8-№184,root_entry,False,2,,uṭh,,uṭh
uḍ,8-№185,root_entry,False,1,,,,uḍ
unḍ,9-№186,root_entry,True,0,,,,
1ud,9-№187,root_entry,False,4,ud,ud/od,ud,ud
2ud,9-№188,root_entry,False,2,,,2ud,2ud
udhras,9-№189,root_entry,False,1,,,,udhras
uñche ityeke,,continuation_or_gloss,True,0,,,,
un,9-№190,root_entry,True,0,,,,
ubj,9-№192,root_entry,False,3,ubj,ubj,,ubj
ārjave,,continuation_or_gloss,False,3,,,,
ubh,9-№193,root_entry,False,4,ubh,ubh/vabh,ubh,ubh
pūraṇe,,continuation_or_gloss,False,4,,,,
umbh,9-№194,root_entry,False,1,,,,umbh
pūraṇe,,continuation_or_gloss,False,1,,,,
ur,9-№195,root_entry,False,2,,vari,,ur
urd,9-№196,root_entry,False,1,,,,urd
māne krīḍāyāṃ ca,,continuation_or_gloss,True,0,,,,
urv,9-№197,root_entry,False,1,,,,urv
hiṃsārthaḥ,,continuation_or_gloss,True,0,,,,
ul,9-№198,root_entry,False,1,,,,ul
ulaṇḍ,9-№199,root_entry,False,1,,,,ulaṇḍ
1uṣ,9-№200,root_entry,False,4,uṣ,uṣ,1uṣ,uṣ
2uṣ,9-№201,root_entry,False,2,,,2*uṣ,2uṣ
3uṣ,9-№202,root_entry,False,2,,,3uṣ,3uṣ
uh,9-№203,root_entry,False,3,,uh,uh,uh
ardane,,continuation_or_gloss,False,2,,,,
ū,9-№204,root_entry,False,2,,,ū,ū
ūṭh,10-№205,root_entry,False,2,,ūṭh/oṭh,,ūṭh
upaghāte,,continuation_or_gloss,False,1,,,,
ūna,10-№206,root_entry,False,1,,,,ūna
parihāṇe,,continuation_or_gloss,True,0,,,,
ūy,10-№207,root_entry,False,1,,,,ūy
tantusantāne,,continuation_or_gloss,False,1,,,,
1ūrj,10-№208,root_entry,False,2,,,1ūrj,ūrj
2ūrj,10-№209,root_entry,True,0,,,,
ūrṇu,10-№210,root_entry,False,2,ūrṇu,,,ūrṇu
ācchādane,,continuation_or_gloss,False,1,,,,
ūrd,10-№211,root_entry,False,1,,,,ūrd
ūrv,10-№212,root_entry,True,0,,,,
1ūṣ,10-№213,root_entry,False,2,,oṣ,,ūṣ
2ūṣ,10-№214,root_entry,True,0,,,,
ūṣa,10-№215,root_entry,False,1,,,,ūṣa
1ūh,10-№216,root_entry,False,3,1ūh,ūh/oh,,ūh
2ūh,10-№217,root_entry,False,2,2ūh,,,2ūh
3ūh,10-№218,root_entry,True,0,,,,
1ṛ,10-№219,root_entry,False,4,ṛ,ṛ/1ar,1ṛ,ṛ
gatiprāpaṇayoḥ,,continuation_or_gloss,False,2,,,,
2ṛ,10-№220,root_entry,False,2,,2ar,2ṛ,
gatau,,continuation_or_gloss,False,2,,,,
3ṛ,10-№221,root_entry,False,2,,3rā,3ṛ,
hiṃsāyām ityeke,,continuation_or_gloss,False,2,,,,
4ṛ,10-№222,root_entry,True,0,,,,
1ṛkṣ,10-№223,root_entry,True,0,,,,
2ṛkṣ,11-№224,root_entry,True,0,,,,
ṛkṣi,11-№225,root_entry,True,0,,,,
ṛc,11-№226,root_entry,False,4,ṛc,ṛc/rac,ṛc,ṛc
stutau,,continuation_or_gloss,False,4,,,,
1ṛch,11-№227,root_entry,True,0,,,,
2ṛch,11-№228,root_entry,True,0,,,,
1ṛj,11-№229,root_entry,False,3,1ṛj,ṛj,ṛj,
2ṛj,11-№230,root_entry,False,2,2ṛj,,2ṛj,
1ṛñj,11-№231,root_entry,True,0,,,,
2ṛñj,11-№232,root_entry,True,0,,,,
ṛṇ,11-№233,root_entry,True,0,,,,
gatau,,continuation_or_gloss,True,0,,,,
ṛt,11-№234,root_entry,False,1,ṛt,,,
ṛd,11-№235,root_entry,False,2,ṛd,,ṛd,
ṛdh,11-№236,root_entry,False,3,ṛdh,ṛdh/ardh,ṛdh,
ṛn,11-№237,root_entry,True,0,,,,
1ṛph,11-№238,root_entry,True,0,,,,
2ṛph,11-№239,root_entry,True,0,,,,
3ṛph,11-№240,root_entry,True,0,,,,
ṛbhukṣ,11-№241,root_entry,True,0,,,,
1ṝmph,11-№242,root_entry,True,0,,,,
2ṛmph,11-№243,root_entry,True,0,,,,
ṛç,11-№244,root_entry,False,1,ṛç,,,
1ṛṣ,11-№245,root_entry,False,3,ṛṣ,ṛṣ/1arṣ,ṛṣ,
2ṛṣ,12-№246,root_entry,False,2,,2arṣ,2ṛṣ,
ṛh,12-№247,root_entry,False,1,,,ṛh,
1ṝ,12-№248,root_entry,False,2,,,1ṝ,ṝ
2ṝ,12-№249,root_entry,True,0,,,,
ḷ,12-№250,root_entry,True,0,,,,
ḹ,12-№251,root_entry,True,0,,,,
e,12-№252,root_entry,False,2,,e,,e
ek,12-№253,root_entry,True,0,,,,
1ej,12-№254,root_entry,False,3,ej,ej,,ej
dīptau,,continuation_or_gloss,False,2,,,,
2ej,12-№255,root_entry,True,0,,,,
kampane,,continuation_or_gloss,True,0,,,,
eṭh,12-№256,root_entry,False,1,,,,eṭh
ca vibādhāyāṃ,,continuation_or_gloss,True,0,,,,
eḍ,12-№257,root_entry,True,0,,,,
edh,12-№258,root_entry,False,3,edh,edh,,edh
vṛddhau,,continuation_or_gloss,False,3,,,,
ev,12-№259,root_entry,True,0,,,,
eṣ,12-№260,root_entry,False,1,,,,eṣ
ai,12-№261,root_entry,False,1,,,,ai
o,12-№262,root_entry,False,2,,o,,o
okh,12-№263,root_entry,False,1,,,,okh
śoṣaṇālamarthyoḥ,,continuation_or_gloss,False,1,,,,
oja,12-№264,root_entry,False,1,,,,oja
oṇ,12-№265,root_entry,False,2,,oṇ,,oṇ
apanayane,,continuation_or_gloss,False,1,,,,
olañj,12-№266,root_entry,True,0,,,,
olaṇḍ,12-№267,root_entry,False,1,,,,olaṇḍ
utkṣepane ityeke,,continuation_or_gloss,False,1,,,,
au,12-№268,root_entry,False,1,,,,au
kaṃs,12-№269,root_entry,False,1,,,,kaṃs
gatiśāsanayoḥ,,continuation_or_gloss,False,1,,,,
kak,12-№270,root_entry,False,2,,kak,,kak
laulye,,continuation_or_gloss,False,2,,,,
1kakk,13-№271,root_entry,False,1,,,,kakk
2kakk,13-№272,root_entry,True,0,,,,
kakkh,13-№273,root_entry,False,1,,,,kakkh
kakṣ,13-№274,root_entry,True,0,,,,
kakh,13-№275,root_entry,False,2,,kakh,,kakh
kag,13-№276,root_entry,False,1,,,,kag
kaṅk,13-№277,root_entry,False,2,,kaṅk,,kaṅk
gatyarthaḥ,,continuation_or_gloss,False,2,,,,
kaṅkh,13-№278,root_entry,True,0,,,,
1kac,13-№279,root_entry,False,1,,,,kac
2kac,13-№280,root_entry,True,0,,,,
1kacch,13-№281,root_entry,False,1,,,,kacch
2kacch,13-№282,root_entry,True,0,,,,
kaj,13-№283,root_entry,False,1,,,,kaj
made ityeke,,continuation_or_gloss,False,1,,,,
kañc,13-№284,root_entry,False,2,,kañc,,kañc
dīptibandhanayoḥ,,continuation_or_gloss,False,1,,,,
1kañj,13-№285,root_entry,True,0,,,,
2kañj,13-№286,root_entry,True,0,,,,
1kaṭ,13-№287,root_entry,False,1,,,,kaṭ
gatau,,continuation_or_gloss,False,1,,,,
2kaṭ,13-№288,root_entry,True,0,,,,
varṣāvaraṇayoḥ,,continuation_or_gloss,True,0,,,,
kaṭṭ,13-№289,root_entry,False,1,,,,kaṭṭ
kaṭh,13-№290,root_entry,False,1,,,,kaṭh
kṛcchrajīvane,,continuation_or_gloss,False,1,,,,
1kaḍ,13-№291,root_entry,False,1,,,,kaḍ
made,,continuation_or_gloss,False,1,,,,
2kaḍ,14-№292,root_entry,True,0,,,,
made,,continuation_or_gloss,True,0,,,,
kaḍamb,14-№293,root_entry,True,0,,,,
kaḍḍ,14-№294,root_entry,False,1,,,,kaḍḍ
kārkaśye,,continuation_or_gloss,True,0,,,,
1kaṇ,14-№295,root_entry,False,1,,,,kaṇ
gatau,,continuation_or_gloss,False,1,,,,
2kaṇ,14-№296,root_entry,True,0,,,,
śabdārthaḥ,,continuation_or_gloss,True,0,,,,
3kaṇ,14-№297,root_entry,True,0,,,,
nimīlane,,continuation_or_gloss,True,0,,,,
1kaṇṭ,14-№298,root_entry,False,1,,,,kaṇṭ
2kaṇṭ,14-№299,root_entry,True,0,,,,
1kaṇṭh,14-№300,root_entry,False,1,,,,kaṇṭh
śoke,,continuation_or_gloss,False,1,,,,
2kaṇṭh,14-№301,root_entry,True,0,,,,
1kaṇḍ,14-№302,root_entry,False,2,,kaṇḍ,,kaṇḍ
made ityeke,,continuation_or_gloss,False,2,,,,
2kaṇḍ,14-№303,root_entry,True,0,,,,
made,,continuation_or_gloss,True,0,,,,
3kaṇḍ,14-№304,root_entry,True,0,,,,
khaṇḍane (bhedane),,continuation_or_gloss,True,0,,,,
1katth,14-№305,root_entry,False,3,katth,katth,,katth
2katth,14-№306,root_entry,True,0,,,,
kattha,14-№307,root_entry,True,0,,,,
katra,14-№308,root_entry,True,0,,,,
śaithilye,,continuation_or_gloss,True,0,,,,
katha,14-№309,root_entry,False,1,kath,,,
kad,14-№310,root_entry,False,2,kad,,,kad
kadhra,14-№311,root_entry,True,0,,,,
1kan,14-№312,root_entry,False,4,kan,kan,1kan,kan
2kan,15-№313,root_entry,True,0,,,,
kantr,15-№314,root_entry,True,0,,,,
kanth,15-№315,root_entry,True,0,,,,
1kand,15-№316,root_entry,False,1,,,,kand
āhvāne rodane ca,,continuation_or_gloss,False,1,,,,
2kand,15-№317,root_entry,True,0,,,,
vaiklavye; vaikalya ityeke,,continuation_or_gloss,True,0,,,,
1kap,15-№318,root_entry,False,1,,,,kap
2kap,15-№319,root_entry,True,0,,,,
kab,15-№320,root_entry,False,1,,,,kab
varṇe,,continuation_or_gloss,False,1,,,,
kam,15-№321,root_entry,False,3,kam,kam,,kam
kāntau (na mit - 1;949),,continuation_or_gloss,False,3,,,,
1kamp,15-№322,root_entry,False,4,kamp,kamp,1kamp,kamp
2kamp,15-№323,root_entry,True,0,,,,
1kamb,15-№324,root_entry,False,1,,,,kamb
2kamb,15-№325,root_entry,True,0,,,,
kambh,15-№326,root_entry,True,0,,,,
1kark,15-№327,root_entry,False,1,,,,kark
2kark,15-№328,root_entry,True,0,,,,
karj,15-№329,root_entry,False,2,,karj,,karj
vyathane,,continuation_or_gloss,False,2,,,,
karṇ,15-№330,root_entry,False,1,,,,karṇ
karṇa,15-№331,root_entry,False,1,,,,karṇa
kart,15-№332,root_entry,False,2,,skart,,kart
kartṛ,15-№333,root_entry,True,0,,,,
kartra,15-№334,root_entry,False,1,,,,kartra
kard,15-№335,root_entry,False,1,,,,kard
kutsite śabde,,continuation_or_gloss,True,0,,,,
karb,16-№336,root_entry,False,1,,,,karb
gatau,,continuation_or_gloss,False,1,,,,
karv,16-№337,root_entry,False,1,,,,karv
darpe,,continuation_or_gloss,True,0,,,,
1kal,16-№338,root_entry,False,4,kal,kal,1kal,kal
śabdasaṅkhyānayoḥ,,continuation_or_gloss,False,4,,,,
2kal,16-№339,root_entry,False,1,,,,2kal
kṣepe,,continuation_or_gloss,False,1,,,,
3kal,16-№340,root_entry,False,1,,,,3kal
kala,16-№341,root_entry,False,1,,,,kala
gatau saṅkhyāne ca,,continuation_or_gloss,False,1,,,,
kalañj,16-№342,root_entry,True,0,,,,
1kall,16-№343,root_entry,False,1,,,,kall
2kall,16-№344,root_entry,True,0,,,,
kalh,16-№345,root_entry,True,0,,,,
1kav,16-№346,root_entry,False,2,,kav/kavi,,kav
2kav,16-№347,root_entry,True,0,,,,
1kaç,16-№348,root_entry,False,2,,,*kaç,kaç
2kaç,16-№349,root_entry,True,0,,,,
3kaç,16-№350,root_entry,True,0,,,,
4kaç,16-№351,root_entry,True,0,,,,
1kaṣ,16-№352,root_entry,False,3,kaṣ,kaṣ,,kaṣ
2kaṣ,16-№353,root_entry,True,0,,,,
3kaṣ,16-№354,root_entry,True,0,,,,
4kaṣ,17-№355,root_entry,True,0,,,,
kaṣt,17-№356,root_entry,True,0,,,,
1kas,17-№357,root_entry,False,4,kas,kas,1kas,kas
gatau,,continuation_or_gloss,False,4,,,,
2kas,17-№358,root_entry,False,1,,,,2kas
gatiśāsanayoḥ ityeke,,continuation_or_gloss,True,0,,,,
kast,17-№359,root_entry,True,0,,,,
kah,17-№360,root_entry,True,0,,,,
kā,17-№361,root_entry,False,4,kā,kā,kā,kā
kāṃs,17-№362,root_entry,False,1,,,,kāṃs
kānks,17-№363,root_entry,False,2,kāṅkṣ,kāṅkṣ,,
kāñc,17-№364,root_entry,False,1,,,,kāñc
dīptibandhanayoḥ,,continuation_or_gloss,False,1,,,,
kāṇḍ,17-№365,root_entry,True,0,,,,
kāla,17-№366,root_entry,False,1,,,,kāla
kāloḍa,17-№367,root_entry,True,0,,,,
kāç,17-№368,root_entry,False,3,kāç,kāç,,kāç
1kās,17-№369,root_entry,False,4,kās,kās,1kās,kās
2kās,17-№370,root_entry,False,1,,,,2kās
ki,17-№371,root_entry,False,1,,,,ki
jñāne,,continuation_or_gloss,True,0,,,,
1kiṭ,17-№372,root_entry,False,1,,,,kiṭ
gatau,,continuation_or_gloss,False,1,,,,
2kiṭ,17-№373,root_entry,True,0,,,,
trāse,,continuation_or_gloss,True,0,,,,
kiṭṭ,17-№374,root_entry,True,0,,,,
kiṇ,17-№375,root_entry,True,0,,,,
1kit,17-№376,root_entry,False,1,,,,kit
nivāse rogāpanayane ca,,continuation_or_gloss,False,1,,,,
2kit,17-№377,root_entry,True,0,,,,
jñāne ca,,continuation_or_gloss,True,0,,,,
kinth,18-№378,root_entry,True,0,,,,
1kil,18-№379,root_entry,False,1,,,,kil
2kil,18-№380,root_entry,True,0,,,,
kiṣk,18-№381,root_entry,False,1,,,,kiṣk
kīj,18-№382,root_entry,True,0,,,,
1kīṭ,18-№383,root_entry,False,2,,keṭ,,kīṭ
2kīṭ,18-№384,root_entry,True,0,,,,
kīrt,18-№385,root_entry,True,0,,,,
kīl,18-№386,root_entry,False,1,,,,kīl
bandhane,,continuation_or_gloss,True,0,,,,
kīv,18-№387,root_entry,True,0,,,,
ku,18-№388,root_entry,False,4,ku,ku,*ku,ku
kuṃç,18-№389,root_entry,False,1,,,,kuṃç
kuṃs,18-№390,root_entry,True,0,,,,
kuk,18-№391,root_entry,False,1,,,,kuk
ādāne,,continuation_or_gloss,False,1,,,,
kukk,18-№392,root_entry,True,0,,,,
1kukṣ,18-№393,root_entry,True,0,,,,
2kukṣ,18-№394,root_entry,True,0,,,,
kuṅk,18-№395,root_entry,True,0,,,,
1kuc,18-№396,root_entry,False,4,kuc,kuc,1kuc,kuc
śabde tāre,,continuation_or_gloss,False,4,,,,
2kuc,18-№397,root_entry,True,0,,,,
3kuc,18-№398,root_entry,True,0,,,,
saṅkocane,,continuation_or_gloss,True,0,,,,
4kuc,19-№399,root_entry,True,0,,,,
kuj,19-№400,root_entry,False,1,,,,kuj
steyakaraṇe,,continuation_or_gloss,False,1,,,,
kuñc,19-№401,root_entry,False,1,,,,kuñc
kauṭilyālpībhāvayoḥ,,continuation_or_gloss,False,1,,,,
1kuñj,19-№402,root_entry,False,3,kuñj,kuñj,,kuñj
2kuñj,19-№403,root_entry,True,0,,,,
1kuṭ,19-№404,root_entry,False,2,,kuṭ,,kuṭ
chedane ityeke,,continuation_or_gloss,False,2,,,,
2kuṭ,19-№405,root_entry,False,1,,,,2kuṭ
kauṭilye,,continuation_or_gloss,False,1,,,,
3kuṭ,19-№406,root_entry,False,1,,,,3kuṭ
4kuṭ,19-№407,root_entry,True,0,,,,
kuṭumb,19-№408,root_entry,True,0,,,,
1kuṭṭ,19-№409,root_entry,False,1,kuṭṭ,,,
chedanabhartsanayoḥ,,continuation_or_gloss,False,1,,,,
2kuṭṭ,19-№410,root_entry,True,0,,,,
pratāpane,,continuation_or_gloss,True,0,,,,
3kuṭṭ,19-№411,root_entry,True,0,,,,
kuṭh,19-№412,root_entry,True,0,,,,
1kuḍ,19-№413,root_entry,False,1,,,,kuḍ
2kuḍ,19-№414,root_entry,True,0,,,,
1kuṇ,19-№415,root_entry,False,1,,,,kuṇ
2kuṇ,19-№416,root_entry,True,0,,,,
3kuṇ,19-№417,root_entry,True,0,,,,
kuṇa,20-№418,root_entry,False,1,,,,kuṇa
āmantraṇe,,continuation_or_gloss,True,0,,,,
kuṇṭ,20-№419,root_entry,False,1,,,,kuṇṭ
vaikalye ityeke,,continuation_or_gloss,True,0,,,,
1kuṇṭh,20-№420,root_entry,False,2,kuṇṭh,,,kuṇṭh
2kuṇṭh,20-№421,root_entry,False,1,,,,2kuṇṭh
3kuṇṭh,20-№422,root_entry,True,0,,,,
1kuṇḍ,20-№423,root_entry,False,2,,kuṇḍ,,kuṇḍ
dāhe,,continuation_or_gloss,False,2,,,,
2kuṇḍ,20-№424,root_entry,True,0,,,,
vaikalye,,continuation_or_gloss,True,0,,,,
3kuṇḍ,20-№425,root_entry,True,0,,,,
anṛtabhāṣaṇe ityapare,,continuation_or_gloss,True,0,,,,
4kuṇḍ,20-№426,root_entry,True,0,,,,
rakṣaṇe,,continuation_or_gloss,True,0,,,,
kut,20-№427,root_entry,False,1,,,,kut
kuts,20-№428,root_entry,False,1,,,,kuts
avakṣepane,,continuation_or_gloss,False,1,,,,
1kuth,20-№429,root_entry,False,3,kuth,kuth,,kuth
2kuth,20-№430,root_entry,True,0,,,,
kud,20-№431,root_entry,False,1,,,,kud
anṛtabhāṣaṇe ityeke,,continuation_or_gloss,True,0,,,,
1kunth,20-№432,root_entry,False,1,,,,kunth
hiṃsāsaṅkleśanayoḥ,,continuation_or_gloss,False,1,,,,
2kunth,20-№433,root_entry,True,0,,,,
saṃśleṣaṇe,,continuation_or_gloss,True,0,,,,
kund,20-№434,root_entry,True,0,,,,
kundr,20-№435,root_entry,False,1,,,,kundr
anṛtabhāṣaṇe,,continuation_or_gloss,True,0,,,,
1kup,20-№436,root_entry,False,4,kup,kup,1kup,kup
bhāṣārthaḥ,,continuation_or_gloss,False,4,,,,
2kup,20-№437,root_entry,False,1,,,,2kup
krodhe,,continuation_or_gloss,False,1,,,,
kubh,20-№438,root_entry,True,0,,,,
kumāra,20-№439,root_entry,False,1,,,,kumāra
krīḍāyām,,continuation_or_gloss,False,1,,,,
kumāla,20-№440,root_entry,True,0,,,,
kump,20-№441,root_entry,False,1,,,,kump
kumb,20-№442,root_entry,False,1,,,,kumb
1kumbh,21-№443,root_entry,False,1,,,,kumbh
2kumbh,21-№444,root_entry,True,0,,,,
kur,21-№445,root_entry,False,1,,,,kur
śabde,,continuation_or_gloss,True,0,,,,
kurk,21-№446,root_entry,True,0,,,,
kurd,21-№447,root_entry,False,1,,,,kurd
krīḍāyāmeva,,continuation_or_gloss,False,1,,,,
kul,21-№448,root_entry,False,1,,,,kul
saṃstyāne bandhuṣu ca,,continuation_or_gloss,True,0,,,,
kuç,21-№449,root_entry,False,1,,,,kuç
kuçūla,21-№450,root_entry,False,1,,,,kuçūla
kuṣ,21-№451,root_entry,False,4,kuṣ,kuṣ,kuṣ,kuṣ
niṣkarṣe,,continuation_or_gloss,False,4,,,,
kus,21-№452,root_entry,False,1,,,,kus
saṃśleṣaṇe (śleṣaṇe),,continuation_or_gloss,False,1,,,,
kusm,21-№453,root_entry,True,0,,,,
nāmno vā; kutsismayane,,continuation_or_gloss,True,0,,,,
kuh,21-№454,root_entry,False,1,,,,kuh
kuha,21-№455,root_entry,False,1,,,,kuha
vismāpane,,continuation_or_gloss,True,0,,,,
kū,21-№456,root_entry,False,4,kū,kū,kū,kū
śabde ityeke,,continuation_or_gloss,False,4,,,,
kūj,21-№457,root_entry,False,3,kūj,kūj,,kūj
avyakte śabde,,continuation_or_gloss,False,3,,,,
1kūṭ,21-№458,root_entry,False,1,,,,kūṭ
2kūṭ,21-№459,root_entry,True,0,,,,
kūṭa,21-№460,root_entry,False,1,,,,kūṭa
paritāpe; paridāha ityanye,,continuation_or_gloss,False,1,,,,
1kūḍ,21-№461,root_entry,False,4,kūḍ,kūḍ,1kūḍ,kūḍ
2kūḍ,21-№462,root_entry,True,0,,,,
kūṇ,21-№463,root_entry,False,3,kūṇ,kūṇ,,kūṇ
saṅkocane,,continuation_or_gloss,False,3,,,,
kūṇa,21-№464,root_entry,True,0,,,,
kūp,21-№465,root_entry,False,2,,kop,,kūp
kūpa,21-№466,root_entry,False,1,,,,kūpa
kūmb,22-№467,root_entry,True,0,,,,
kūrd,22-№468,root_entry,False,3,kūrd,kūrd,,kūrd
1kūl,22-№469,root_entry,False,3,,kūl,1kūl,kūl
2kūl,22-№470,root_entry,False,1,,,,2kūl
1kṛ,22-№471,root_entry,False,3,1kṛ,kṛ/1kar,kṛ,
karaṇe),,continuation_or_gloss,False,3,,,,
2kṛ,22-№472,root_entry,False,3,2kṛ,2kar,2kṛ,
hiṃsāyām,,continuation_or_gloss,False,3,,,,
3kṛ,22-№473,root_entry,False,3,3kṛ,3kar,3kṛ,
karaṇe,,continuation_or_gloss,False,2,,,,
4kṛ,22-№474,root_entry,True,0,,,,
kṛd,22-№475,root_entry,True,0,,,,
kṛn,22-№476,root_entry,True,0,,,,
kṛnv,22-№477,root_entry,True,0,,,,
1kṛt,22-№478,root_entry,False,4,1kṛt,kṛt,kṛt,kṛt
chedane,,continuation_or_gloss,False,4,,,,
2kṛt,22-№479,root_entry,False,3,2kṛt,2kart,2kṛt,
veṣṭane,,continuation_or_gloss,False,3,,,,
1kṛp,22-№480,root_entry,False,4,kṛp,kṛp,kṛp,kṛp
2kṛp,22-№481,root_entry,False,1,,,2kṛp,
sāmarthye,,continuation_or_gloss,False,1,,,,
3kṛp,22-№482,root_entry,True,0,,,,
kṛpa,22-№483,root_entry,False,1,,,,kṛpa
daurbalye,,continuation_or_gloss,False,1,,,,
kṛv,22-№484,root_entry,False,1,,,,kṛv
kṛç,22-№485,root_entry,False,3,kṛç,kṛç/karç,kṛç,
kṛṣ,23-№486,root_entry,False,3,kṛṣ,kṛṣ/karṣ,kṛṣ,
1kṝ,23-№487,root_entry,False,2,,kṝ,1kṝ,
vikṣepe (nikṣepe),,continuation_or_gloss,False,2,,,,
2kṝ,23-№488,root_entry,False,1,,,2kṝ,
hiṃsāyām,,continuation_or_gloss,False,1,,,,
3kṝ,23-№489,root_entry,False,1,,,3kṝ,
hiṃsāyām,,continuation_or_gloss,True,0,,,,
4kṝ,23-№490,root_entry,True,0,,,,
kṝt,23-№491,root_entry,True,0,,,,
saṃśabdane,,continuation_or_gloss,True,0,,,,
1kḷp,23-№492,root_entry,False,2,kḷp,kḷp/kalp,,
2kḷp,23-№493,root_entry,True,0,,,,
keṇ,23-№494,root_entry,True,0,,,,
keta,23-№495,root_entry,False,1,,,,keta
śrāvaṇe nimantraṇe ca,,continuation_or_gloss,False,1,,,,
kep,23-№496,root_entry,False,1,,,,kep
kampane ca,,continuation_or_gloss,False,1,,,,
keb,23-№497,root_entry,True,0,,,,
kel,23-№498,root_entry,False,1,,,,kel
calane,,continuation_or_gloss,False,1,,,,
kev,23-№499,root_entry,False,1,,,,kev
sevane ityapyeke,,continuation_or_gloss,False,1,,,,
kai,23-№500,root_entry,True,0,,,,
śabde,,continuation_or_gloss,True,0,,,,
kail,23-№501,root_entry,True,0,,,,
1kol,23-№502,root_entry,True,0,,,,
2kol,23-№503,root_entry,True,0,,,,
kaul,23-№504,root_entry,True,0,,,,
knaṃs,23-№505,root_entry,False,1,,,,knaṃs
knath,23-№506,root_entry,False,1,,,,knath
hiṃsārthaḥ,,continuation_or_gloss,False,1,,,,
knas,24-№507,root_entry,False,1,,,,knas
hvaraṇadīptyoḥ (mit - 1;939),,continuation_or_gloss,True,0,,,,
knu,24-№508,root_entry,False,1,,knavi,,
knus,24-№509,root_entry,True,0,,,,
1knū,24-№510,root_entry,False,3,knū,,1knū,knū
2knū,24-№511,root_entry,True,0,,,,
knūy,24-№512,root_entry,False,1,,,,knūy
śabda unde ca,,continuation_or_gloss,False,1,,,,
kmar,24-№513,root_entry,False,2,,kmar,,kmar
hūrchane,,continuation_or_gloss,False,1,,,,
kyu,24-№514,root_entry,True,0,,,,
kraṃç,24-№515,root_entry,False,1,,,,kraṃç
krakṣ,24-№516,root_entry,False,4,krakṣ,krakṣ,krakṣ,krakṣ
kraḍ,24-№517,root_entry,True,0,,,,
1krath,24-№518,root_entry,False,3,krath,krath,,krath
2krath,24-№519,root_entry,True,0,,,,
krad,24-№520,root_entry,False,1,,,,krad
1krand,24-№521,root_entry,False,4,krand,krand,1krand,krand
āhvāne rodane ca,,continuation_or_gloss,False,4,,,,
2krand,24-№522,root_entry,True,0,,,,
vaiklavye; vaikalya ityeke,,continuation_or_gloss,True,0,,,,
3krand,24-№523,root_entry,True,0,,,,
krap,24-№524,root_entry,False,3,,krapi,*krap,krap
kṛpāyāṃ gatau ca ityeke,,continuation_or_gloss,False,3,,,,
kram,25-№525,root_entry,False,4,kram,krami,kram,kram
pādavikṣepe,,continuation_or_gloss,False,4,,,,
krim,25-№526,root_entry,True,0,,,,
krī,25-№527,root_entry,False,4,krī,krī/krayi,krī,krī
dravyavinimaye,,continuation_or_gloss,False,4,,,,
krīḍ,25-№528,root_entry,False,4,krīḍ,krīḍ,krīḍ,krīḍ
vihāre,,continuation_or_gloss,False,4,,,,
1kru,25-№529,root_entry,False,2,kru,,,kru
2kru,25-№530,root_entry,True,0,,,,
kruṃç,25-№531,root_entry,True,0,,,,
kruñc,25-№532,root_entry,False,2,,,kruc,kruñc
kauṭilyālpībhāvayoḥ,,continuation_or_gloss,False,2,,,,
1kruḍ,25-№533,root_entry,False,2,,kruḍ,,kruḍ
2kruḍ,25-№534,root_entry,True,0,,,,
3kruḍ,25-№535,root_entry,True,0,,,,
krudh,25-№536,root_entry,False,4,krudh,krudh/krodh,krudh,krudh
krodhe (kope),,continuation_or_gloss,False,4,,,,
krunth,25-№537,root_entry,False,1,,,,krunth
kruç,25-№538,root_entry,False,4,kruç,kruç/kroç,kruç,kruç
1krūḍ,25-№539,root_entry,False,4,krūḍ,krūḍ/kroḍ,*krū,krūḍ
2krūḍ,25-№540,root_entry,True,0,,,,
klath,25-№541,root_entry,False,2,klath,,,klath
hiṃsārthāḥ,,continuation_or_gloss,False,2,,,,
klad,25-№542,root_entry,False,1,,,,klad
1kland,25-№543,root_entry,False,3,kland,kland,,kland
āhvāne rodane ca,,continuation_or_gloss,False,3,,,,
2kland,25-№544,root_entry,True,0,,,,
klap,25-№545,root_entry,False,1,,,,klap
vyaktāyāṃ vāci ityeke,,continuation_or_gloss,True,0,,,,
klam,25-№546,root_entry,False,3,klam,klami,,klam
glānau,,continuation_or_gloss,False,3,,,,
klav,25-№547,root_entry,False,2,klav,,,klav
klid,26-№548,root_entry,False,4,klid,klid/kled,klid,klid
ādrībhāve,,continuation_or_gloss,False,4,,,,
1klind,26-№549,root_entry,False,1,,,,klind
paridevane,,continuation_or_gloss,True,0,,,,
2klind,26-№550,root_entry,True,0,,,,
paridevane,,continuation_or_gloss,True,0,,,,
klil,26-№551,root_entry,True,0,,,,
1kliç,26-№552,root_entry,False,4,kliç,kliç,1kliç,kliç
2kliç,26-№553,root_entry,True,0,,,,
klīb,26-№554,root_entry,False,1,,,,klīb
adhārṣṭhye,,continuation_or_gloss,False,1,,,,
klīv,26-№555,root_entry,True,0,,,,
klu,26-№556,root_entry,False,1,,,,klu
gatau ityeke,,continuation_or_gloss,True,0,,,,
kluñc,26-№557,root_entry,True,0,,,,
klev,26-№558,root_entry,True,0,,,,
kleç,26-№559,root_entry,False,2,,kleç,,kleç
kvaṇ,26-№560,root_entry,False,4,kvaṇ,kvaṇ,kvaṇ,kvaṇ
śabdārthaḥ,,continuation_or_gloss,False,4,,,,
kvath,26-№561,root_entry,False,3,kvath,,kvath,kvath
niṣpāke,,continuation_or_gloss,False,3,,,,
kvel,26-№562,root_entry,False,1,,,,kvel
kçā,26-№563,root_entry,False,3,,kçā,kçā,kçā
1kṣaj,26-№564,root_entry,False,1,,,,kṣaj
2kṣaj,26-№565,root_entry,True,0,,,,
1kṣañj,26-№566,root_entry,True,0,,,,
gatidānayoḥ,,continuation_or_gloss,True,0,,,,
2kṣañj,26-№567,root_entry,True,0,,,,
kṛcchrajīvane,,continuation_or_gloss,True,0,,,,
1kṣaṇ,26-№568,root_entry,False,2,,,kṣaṇ,kṣaṇ
2kṣaṇ,26-№569,root_entry,False,1,,,2kṣaṇ,
1kṣad,26-№570,root_entry,False,4,kṣad,kṣad,1kṣad,kṣad
2kṣad,26-№571,root_entry,False,1,,,,2kṣad
kṣan,27-№572,root_entry,False,4,kṣan,2kṣan,kṣan,kṣan
1kṣap,27-№573,root_entry,False,3,kṣap,kṣap,,kṣap
2kṣap,27-№574,root_entry,False,1,,,,2kṣap
kṣapa,27-№575,root_entry,False,1,,,,kṣapa
preraṇe,,continuation_or_gloss,True,0,,,,
kṣam,27-№576,root_entry,False,4,kṣam,kṣam/kṣami,kṣam,kṣam
kṣamp,27-№577,root_entry,False,1,,,,kṣamp
kṣāntyām,,continuation_or_gloss,True,0,,,,
kṣar,27-№578,root_entry,False,4,kṣar,kṣar,kṣar,kṣar
sañcalane,,continuation_or_gloss,False,4,,,,
1kṣal,27-№579,root_entry,False,3,kṣal,kṣal,,kṣal
2kṣal,27-№580,root_entry,False,1,,,,2kṣal
kṣā,27-№581,root_entry,False,3,kṣā,,kṣā,kṣā
1kṣi,27-№582,root_entry,False,4,1kṣi,kṣi,kṣi,kṣi
kṣaye,,continuation_or_gloss,False,4,,,,
2kṣi,27-№583,root_entry,False,3,2kṣi,,2kṣi,2kṣi
3kṣi,27-№584,root_entry,False,1,,,,3kṣi
nivāsagatyoḥ,,continuation_or_gloss,False,1,,,,
4kṣi,27-№585,root_entry,False,1,,,,4kṣi
kṣiṇ,27-№586,root_entry,False,1,,,,kṣiṇ
hiṃsāyām ca,,continuation_or_gloss,True,0,,,,
kṣin,27-№587,root_entry,True,0,,,,
1kṣip,27-№588,root_entry,False,4,kṣip,kṣip/kṣep,kṣip,kṣip
prerane,,continuation_or_gloss,False,4,,,,
2kṣip,27-№589,root_entry,False,1,,,,2kṣip
preraṇe,,continuation_or_gloss,True,0,,,,
kṣipa,27-№590,root_entry,False,1,,,,kṣipa
kṣib,28-№591,root_entry,True,0,,,,
kṣiv,28-№592,root_entry,False,1,,,,kṣiv
nirasane,,continuation_or_gloss,False,1,,,,
1kṣī,28-№593,root_entry,False,2,,1kṣay,,kṣī
2kṣī,28-№594,root_entry,False,2,,2kṣay,2kṣā,
kṣīj,28-№595,root_entry,False,2,,3kṣay,,kṣīj
avyakte śabde,,continuation_or_gloss,False,2,,,,
kṣīb,28-№596,root_entry,False,1,,,,kṣīb
made,,continuation_or_gloss,True,0,,,,
1kṣīv,28-№597,root_entry,False,1,,,,kṣīv
2kṣīv,28-№598,root_entry,True,0,,,,
1kṣu,28-№599,root_entry,False,4,kṣu,kṣu/kṣav,kṣu,kṣu
2kṣu,28-№600,root_entry,False,1,,,,2kṣu
kṣud,28-№601,root_entry,False,4,kṣud,kṣud/kṣod,kṣud,kṣud
sampreṣaṇe,,continuation_or_gloss,False,4,,,,
kṣudh,28-№602,root_entry,False,4,kṣudh,kṣudh/kṣodh,kṣudh,kṣudh
bubhukṣāyām,,continuation_or_gloss,False,3,,,,
1kṣup,28-№603,root_entry,False,2,kṣup,,,kṣup
2kṣup,28-№604,root_entry,True,0,,,,
3kṣup,28-№605,root_entry,True,0,,,,
kṣubh,28-№606,root_entry,False,4,kṣubh,kṣubh/kṣobh,kṣubh,kṣubh
kṣump,28-№607,root_entry,False,1,,,,kṣump
1kṣur,28-№608,root_entry,False,1,,,,kṣur
sañcaye,,continuation_or_gloss,False,1,,,,
2kṣur,28-№609,root_entry,True,0,,,,
vilekhane,,continuation_or_gloss,True,0,,,,
kṣev,28-№610,root_entry,False,1,,,,kṣev
nirasane,,continuation_or_gloss,True,0,,,,
kṣai,29-№611,root_entry,False,2,,kṣai,kṣai,
kṣaye,,continuation_or_gloss,False,2,,,,
kṣoṭa,29-№612,root_entry,False,1,,kṣoṭ,,
kṣepe,,continuation_or_gloss,False,1,,,,
kṣnu,29-№613,root_entry,False,2,kṣṇu,,kṣṇu,
kṣmā,29-№614,root_entry,False,2,kṣmā,,,kṣmā
kṣmāy,29-№615,root_entry,False,1,,,,kṣmāy
vidhūnane,,continuation_or_gloss,False,1,,,,
kṣmīl,29-№616,root_entry,False,1,,,,kṣmīl
nimeṣaṇe,,continuation_or_gloss,False,1,,,,
kṣmai,29-№617,root_entry,True,0,,,,
1kṣviḍ,29-№618,root_entry,False,2,kṣviḍ,,,kṣviḍ
2kṣviḍ,29-№619,root_entry,False,1,,,,2kṣviḍ
1kṣvid,29-№620,root_entry,False,4,kṣvid,kṣved,kṣvid,kṣvid
avyakte śabde,,continuation_or_gloss,False,3,,,,
2kṣvid,29-№621,root_entry,True,0,,,,
kṣvel,29-№622,root_entry,False,3,kṣvel,kṣvel,,kṣvel
calane,,continuation_or_gloss,False,3,,,,
khakkh,29-№623,root_entry,False,2,,khakkh,,khakkh
khaṅg,29-№624,root_entry,True,0,,,,
1khac,29-№625,root_entry,False,3,khac,khac,,khac
2khac,29-№626,root_entry,True,0,,,,
khaca,29-№627,root_entry,True,0,,,,
khaj,29-№628,root_entry,False,2,,khaj,,khaj
manthe,,continuation_or_gloss,False,2,,,,
khañj,29-№629,root_entry,False,4,khañj,khañj,khañj,khañj
gativaikalye,,continuation_or_gloss,False,4,,,,
khaṭ,29-№630,root_entry,False,2,,khaṭ,,khaṭ
kāṅkṣāyām,,continuation_or_gloss,False,1,,,,
khaṭṭ,29-№631,root_entry,False,2,,khaṭṭ,,khaṭṭ
saṃvaraṇe,,continuation_or_gloss,False,2,,,,
khaḍ,29-№632,root_entry,False,2,,khaḍ,,khaḍ
khaṇḍane (bhedane),,continuation_or_gloss,False,2,,,,
1khaṇḍ,29-№633,root_entry,False,2,,khaṇḍ,,khaṇḍ
manthe,,continuation_or_gloss,False,2,,,,
2khaṇḍ,30-№634,root_entry,True,0,,,,
khaṇḍane (bhedane),,continuation_or_gloss,True,0,,,,
3khaṇḍ,30-№635,root_entry,True,0,,,,
khad,30-№636,root_entry,False,4,khad,khad/khadi,*khad,khad
sthairye hiṃsāyāṃ ca,,continuation_or_gloss,False,4,,,,
khan,30-№637,root_entry,False,4,khan,khan/khani,khan,khan
avadāraṇe,,continuation_or_gloss,False,4,,,,
khamb,30-№638,root_entry,False,1,,,,khamb
kharkh,30-№639,root_entry,True,0,,,,
kharj,30-№640,root_entry,False,3,kharj,kharj,,kharj
vyathane pūjane ca,,continuation_or_gloss,False,3,,,,
khard,30-№641,root_entry,False,2,,khard,,khard
dandaśūke,,continuation_or_gloss,False,2,,,,
kharb,30-№642,root_entry,False,1,,,,kharb
gatau,,continuation_or_gloss,False,1,,,,
kharv,30-№643,root_entry,False,1,,,,kharv
darpe,,continuation_or_gloss,True,0,,,,
1khal,30-№644,root_entry,False,1,,,,khal
2khal,30-№645,root_entry,True,0,,,,
khall,30-№646,root_entry,False,3,khall,khall,,khall
khav,30-№647,root_entry,False,1,,,,khav
bhūtaprādurbhāve ityeke,,continuation_or_gloss,True,0,,,,
khaṣ,30-№648,root_entry,False,1,,,,khaṣ
hiṃsārthaḥ,,continuation_or_gloss,True,0,,,,
khā,30-№649,root_entry,False,3,khā,khā,,khā
khād,30-№650,root_entry,False,4,khād,khād,khād,khād
bhakṣaṇe,,continuation_or_gloss,False,4,,,,
khiṅk,30-№651,root_entry,True,0,,,,
khiṭ,30-№652,root_entry,False,2,,kheṭ,,khiṭ
trāse,,continuation_or_gloss,False,2,,,,
khiṭa,30-№653,root_entry,True,0,,,,
1khid,30-№654,root_entry,False,4,khid,khid/khed,khid,khid
dainye,,continuation_or_gloss,False,4,,,,
2khid,30-№655,root_entry,True,0,,,,
parighāte (parighātane),,continuation_or_gloss,True,0,,,,
1khu,30-№656,root_entry,False,1,,,,khu
2khu,30-№657,root_entry,False,1,,khos,,
khuc,31-№658,root_entry,True,0,,,,
khuj,31-№659,root_entry,False,1,,,,khuj
steyakaraṇe,,continuation_or_gloss,False,1,,,,
khuḍ,31-№660,root_entry,False,1,,,,khuḍ
saṃvaraṇe ityeke,,continuation_or_gloss,False,1,,,,
1khuṇ,31-№661,root_entry,True,0,,,,
2khuṇ,31-№662,root_entry,True,0,,,,
1khuṇḍ,31-№663,root_entry,False,1,,,,khuṇḍ
2khuṇḍ,31-№664,root_entry,True,0,,,,
khud,31-№665,root_entry,False,4,khud,khud/khod,khud,khud
khun,31-№666,root_entry,True,0,,,,
1khur,31-№667,root_entry,False,1,,,,khur
2khur,31-№668,root_entry,True,0,,,,
khurd,31-№669,root_entry,False,2,,khurd,,khurd
krīḍāyāmeva,,continuation_or_gloss,False,1,,,,
khūrd,31-№670,root_entry,False,2,,khūrd,,khūrd
khṛ,31-№671,root_entry,True,0,,,,
khṛṇ,31-№672,root_entry,True,0,,,,
kheṭa,31-№673,root_entry,False,1,,,,kheṭa
bhakṣaṇe,,continuation_or_gloss,False,1,,,,
kheḍa,31-№674,root_entry,False,1,,,,kheḍa
bhakṣaṇe ityeke,,continuation_or_gloss,True,0,,,,
kheṇ,31-№675,root_entry,True,0,,,,
khep,31-№676,root_entry,True,0,,,,
khel,31-№677,root_entry,False,3,khel,khel,,khel
calane,,continuation_or_gloss,False,3,,,,
khev,31-№678,root_entry,False,1,,,,khev
sevane ityapyeke,,continuation_or_gloss,False,1,,,,
khai,31-№679,root_entry,True,0,,,,
khadane,,continuation_or_gloss,True,0,,,,
khail,31-№680,root_entry,True,0,,,,
khoṭ,31-№681,root_entry,False,1,,,,khoṭ
1khoṭa,31-№682,root_entry,True,0,,,,
2khoṭa,31-№683,root_entry,True,0,,,,
khoṭṭa,32-№684,root_entry,True,0,,,,
khoḍ,32-№685,root_entry,False,1,,,,khoḍ
khoḍa,32-№686,root_entry,False,1,,,,khoḍa
khoda,32-№687,root_entry,True,0,,,,
khor,32-№688,root_entry,False,2,,khor,,khor
gatipratighāte,,continuation_or_gloss,False,2,,,,
khol,32-№689,root_entry,False,1,,,,khol
gatipratighāte,,continuation_or_gloss,False,1,,,,
khaul,32-№690,root_entry,True,0,,,,
khyā,32-№691,root_entry,False,3,khyā,khyā,,khyā
prakathane,,continuation_or_gloss,False,3,,,,
khvel,32-№692,root_entry,True,0,,,,
gaṃh,32-№693,root_entry,True,0,,,,
gaggh,32-№694,root_entry,False,1,,,,gaggh
gacch,32-№695,root_entry,False,1,gach,,,
gaj,32-№696,root_entry,False,2,,gaj,,gaj
gañj,32-№697,root_entry,False,1,,,,gañj
śabdārthaḥ,,continuation_or_gloss,True,0,,,,
gaḍ,32-№698,root_entry,False,2,,gaḍ,,gaḍ
secane,,continuation_or_gloss,False,2,,,,
gaḍḍ,32-№699,root_entry,True,0,,,,
gaṇ,32-№700,root_entry,True,0,,,,
gaṇa,32-№701,root_entry,False,1,,,,gaṇa
saṅkhyāne,,continuation_or_gloss,False,1,,,,
gaṇḍ,32-№702,root_entry,False,1,,,,gaṇḍ
1gath,32-№703,root_entry,True,0,,,,
2gad,32-№704,root_entry,False,4,gad,gad,gad,2gad
gada,32-№705,root_entry,False,1,,,,gada
devaśabde,,continuation_or_gloss,True,0,,,,
gadh,32-№706,root_entry,False,3,gadh,gadh,,gadh
gandh,33-№707,root_entry,False,3,,gandh,*gandh,gandh
ardane,,continuation_or_gloss,False,2,,,,
gabh,33-№708,root_entry,False,1,gabh,,,
gam,33-№709,root_entry,False,4,gam,gam,gam,gam
gatau,,continuation_or_gloss,False,4,,,,
gamb,33-№710,root_entry,False,1,,,,gamb
gambh,33-№711,root_entry,True,0,,,,
garj,33-№712,root_entry,False,4,garj,garj,garj,garj
1gard,33-№713,root_entry,False,4,gard,gard,1gard,gard
śabde,,continuation_or_gloss,False,3,,,,
2gard,33-№714,root_entry,True,0,,,,
śabde,,continuation_or_gloss,True,0,,,,
gardh,33-№715,root_entry,False,2,,gardh,,gardh
abhikāṅkṣāyām,,continuation_or_gloss,False,2,,,,
garb,33-№716,root_entry,False,2,,garb,,garb
gatau,,continuation_or_gloss,False,2,,,,
1garv,33-№717,root_entry,False,1,,,,garv
2garv,33-№718,root_entry,True,0,,,,
garva,33-№719,root_entry,False,1,,,,garva
māne,,continuation_or_gloss,True,0,,,,
1garh,33-№720,root_entry,False,3,garh,garh,,garh
kutsāyām,,continuation_or_gloss,False,3,,,,
2garh,33-№721,root_entry,True,0,,,,
vinindane,,continuation_or_gloss,True,0,,,,
1gal,33-№722,root_entry,False,4,gal,gal/gali,gal,gal
adane (bhakṣaṇe srāve ca),,continuation_or_gloss,False,4,,,,
2gal,33-№723,root_entry,False,1,,,,2gal
sravaṇe,,continuation_or_gloss,False,1,,,,
galbh,33-№724,root_entry,False,3,galbh,galbh,,galbh
dhārṣṭye,,continuation_or_gloss,False,3,,,,
gall,33-№725,root_entry,True,0,,,,
galh,33-№726,root_entry,False,1,,,,galh
kutsāyām,,continuation_or_gloss,True,0,,,,
gaveṣa,33-№727,root_entry,False,1,,,,gaveṣa
mārgaṇe,,continuation_or_gloss,True,0,,,,
1gah,33-№728,root_entry,False,3,,gah,gah,gah
2gah,34-№729,root_entry,True,0,,,,
gaha,34-№730,root_entry,False,1,,,,gaha
1gā,34-№731,root_entry,False,4,1gā,1gā,1gā,gā
gatau,,continuation_or_gloss,False,4,,,,
2gā,34-№732,root_entry,False,4,2gā,2gā,2gā,2gā
stutau,,continuation_or_gloss,False,4,,,,
3gā,34-№733,root_entry,False,1,,,,3gā
gāḍh,34-№734,root_entry,True,0,,,,
gātra,34-№735,root_entry,False,1,,,,gātra
gāth,34-№736,root_entry,True,0,,,,
gādh,34-№737,root_entry,False,1,,,,gādh
pratiṣṭhālipsayorgranthe ca,,continuation_or_gloss,False,1,,,,
gāloḍa,34-№738,root_entry,True,0,,,,
gāh,34-№739,root_entry,False,4,gāh,gāh,gāh,gāh
viloḍane,,continuation_or_gloss,False,4,,,,
giṇ,34-№740,root_entry,True,0,,,,
giṇḍ,34-№741,root_entry,True,0,,,,
gir,34-№742,root_entry,False,3,gir,gir,,gir
gil,34-№743,root_entry,False,1,,,,gil
gill,34-№744,root_entry,True,0,,,,
gīl,34-№745,root_entry,True,0,,,,
1gu,34-№746,root_entry,False,4,gu,gu/gavi,1gu,gu
śabde,,continuation_or_gloss,False,4,,,,
2gu,34-№747,root_entry,False,1,,,,2gu
avyakte śabde,,continuation_or_gloss,False,1,,,,
3gu,34-№748,root_entry,False,1,,,,3gu
purīṣotsarge,,continuation_or_gloss,True,0,,,,
1guj,34-№749,root_entry,False,1,,,,guj
avyakte śabde,,continuation_or_gloss,False,1,,,,
2guj,34-№750,root_entry,True,0,,,,
śabde,,continuation_or_gloss,True,0,,,,
3guj,34-№751,root_entry,True,0,,,,
guñj,34-№752,root_entry,False,3,guñj,guñj,,guñj
avyakte śabde,,continuation_or_gloss,False,3,,,,
guṭ,34-№753,root_entry,True,0,,,,
1guḍ,34-№754,root_entry,False,1,,,,guḍ
2guḍ,35-№755,root_entry,True,0,,,,
3guḍ,35-№756,root_entry,True,0,,,,
guṇ,35-№757,root_entry,True,0,,,,
guṇa,35-№758,root_entry,False,1,,,,guṇa
cāmantraṇe,,continuation_or_gloss,False,1,,,,
1guṇṭh,35-№759,root_entry,False,3,guṇṭh,guṇṭh,,guṇṭh
2guṇṭh,35-№760,root_entry,True,0,,,,
3guṇṭh,35-№761,root_entry,True,0,,,,
1guṇḍ,35-№762,root_entry,False,2,,guṇḍ,,guṇḍ
2guṇḍ,35-№763,root_entry,True,0,,,,
3guṇḍ,35-№764,root_entry,True,0,,,,
gud,35-№765,root_entry,False,1,,,,gud
krīḍāyāmeva,,continuation_or_gloss,False,1,,,,
1gudh,35-№766,root_entry,False,2,,godh,,gudh
pariveṣṭane,,continuation_or_gloss,False,2,,,,
2gudh,35-№767,root_entry,True,0,,,,
roṣe,,continuation_or_gloss,True,0,,,,
3gudh,35-№768,root_entry,True,0,,,,
4gudh,35-№769,root_entry,True,0,,,,
gundr,35-№770,root_entry,False,1,,,,gundr
1gup,35-№771,root_entry,False,3,gup,gup/gop,,gup
gopane,,continuation_or_gloss,False,3,,,,
2gup,35-№772,root_entry,False,1,,,,2gup
rakṣaṇe,,continuation_or_gloss,True,0,,,,
3gup,35-№773,root_entry,False,1,,,,3gup
bhāṣārthaḥ,,continuation_or_gloss,True,0,,,,
4gup,35-№774,root_entry,False,1,,,,4gup
vyākulatve,,continuation_or_gloss,True,0,,,,
guph,35-№775,root_entry,False,3,guph,guph,,guph
granthe,,continuation_or_gloss,False,3,,,,
gumph,35-№776,root_entry,True,0,,,,
granthe,,continuation_or_gloss,True,0,,,,
gur,35-№777,root_entry,False,3,gur,gur,,gur
udyamane,,continuation_or_gloss,False,3,,,,
1gurd,35-№778,root_entry,False,2,,gurd,,gurd
2gurd,35-№779,root_entry,True,0,,,,
gurv,35-№780,root_entry,False,1,,,,gurv
udyamane,,continuation_or_gloss,True,0,,,,
gul,36-№781,root_entry,True,0,,,,
1gulph,36-№782,root_entry,False,2,gulph,,,gulph
2gulph,36-№783,root_entry,True,0,,,,
gull,36-№784,root_entry,True,0,,,,
1guh,36-№785,root_entry,False,3,guh,guh,,guh
2guh,36-№786,root_entry,False,1,,,,2guh
gū,36-№787,root_entry,False,3,,gū,gū,gū
gūḍ,36-№788,root_entry,True,0,,,,
1gūr,36-№789,root_entry,False,1,,,,gūr
udyamane,,continuation_or_gloss,False,1,,,,
2gūr,36-№790,root_entry,True,0,,,,
hiṃsāgatyoḥ,,continuation_or_gloss,True,0,,,,
1gūrd,36-№791,root_entry,False,3,gūrd,gūrd,,gūrd
2gūrd,36-№792,root_entry,True,0,,,,
gūrdh,36-№793,root_entry,False,3,gūrdh,gūrdh,*īrdh,
gūl,36-№794,root_entry,True,0,,,,
gūh,36-№795,root_entry,False,3,,goh,gūh,gūh
grahaṇe,,continuation_or_gloss,False,3,,,,
1gṛ,36-№796,root_entry,False,3,1gṛ,gṛ/1gari,gṛ,
2gṛ,36-№797,root_entry,False,3,2gṛ,2gari,2gṛ,
3gṛ,36-№798,root_entry,False,2,3gṛ,3gari,,
4gṛ,36-№799,root_entry,True,0,,,,
5gṛ,36-№800,root_entry,True,0,,,,
gṛj,36-№801,root_entry,True,0,,,,
śabdārthaḥ; gajaṁ madane ca,,continuation_or_gloss,True,0,,,,
gṛñj,36-№802,root_entry,True,0,,,,
śabdārthaḥ,,continuation_or_gloss,True,0,,,,
gṛdh,36-№803,root_entry,False,3,gṛdh,gṛdh,gṛdh,
abhikāṅkṣāyām,,continuation_or_gloss,False,3,,,,
gṛh,37-№804,root_entry,False,3,,gṛh/gṛhi,gṛh,gṛh
gṛha,37-№805,root_entry,False,1,,,,gṛha
grahaṇe,,continuation_or_gloss,True,0,,,,
1gṝ,37-№806,root_entry,False,2,,gṝ,1gṝ,
vijñāne,,continuation_or_gloss,False,2,,,,
2gṝ,37-№807,root_entry,False,1,,,2gṝ,
nigaraṇe,,continuation_or_gloss,False,1,,,,
3gṝ,37-№808,root_entry,False,1,,,3gṝ,
śabde,,continuation_or_gloss,True,0,,,,
geṇ,37-№809,root_entry,True,0,,,,
1gep,37-№810,root_entry,False,1,,,,gep
2gep,37-№811,root_entry,True,0,,,,
gev,37-№812,root_entry,False,1,,,,gev
sevane,,continuation_or_gloss,False,1,,,,
geṣ,37-№813,root_entry,False,1,,,,geṣ
anvicchāyām,,continuation_or_gloss,False,1,,,,
gai,37-№814,root_entry,False,2,gai,,gai,
śabde,,continuation_or_gloss,False,2,,,,
goḍ,37-№815,root_entry,True,0,,,,
goṇ,37-№816,root_entry,True,0,,,,
goma,37-№817,root_entry,True,0,,,,
upalepane,,continuation_or_gloss,True,0,,,,
goṣṭ,37-№818,root_entry,False,1,,,,goṣṭ
saṅghāte,,continuation_or_gloss,False,1,,,,
1grath,37-№819,root_entry,False,3,grath,grath,,grath
2grath,37-№820,root_entry,False,1,,,,2grath
1granth,37-№821,root_entry,False,2,,granthi,1granth,
kauṭilye,,continuation_or_gloss,False,2,,,,
2granth,37-№822,root_entry,True,0,,,,
bandhane,,continuation_or_gloss,True,0,,,,
3granth,37-№823,root_entry,True,0,,,,
sandarbhe,,continuation_or_gloss,True,0,,,,
grabh,37-№824,root_entry,False,4,grabh,grabhi,grabh,grabh
1gras,37-№825,root_entry,False,4,gras,gras,1gras,gras
adane,,continuation_or_gloss,False,4,,,,
2gras,37-№826,root_entry,False,1,,,,2gras
grahaṇe,,continuation_or_gloss,True,0,,,,
grah,38-№827,root_entry,False,3,,grahi,grah,grah
upādāne,,continuation_or_gloss,False,3,,,,
grāma,38-№828,root_entry,False,1,,,,grāma
āmantraṇe,,continuation_or_gloss,False,1,,,,
grih,38-№829,root_entry,True,0,,,,
gruc,38-№830,root_entry,False,2,,groc,,gruc
steyakaraṇe,,continuation_or_gloss,False,2,,,,
gruñc,38-№831,root_entry,True,0,,,,
grev,38-№832,root_entry,True,0,,,,
glap,38-№833,root_entry,False,2,glap,,,glap
glas,38-№834,root_entry,False,1,,,,glas
adane,,continuation_or_gloss,False,1,,,,
glah,38-№835,root_entry,False,2,glah,,,glah
grahaṇe ca (apādāne),,continuation_or_gloss,False,2,,,,
1glā,38-№836,root_entry,False,3,glā,glā,,glā
2glā,38-№837,root_entry,True,0,,,,
gluc,38-№838,root_entry,False,1,,,,gluc
steyakaraṇe,,continuation_or_gloss,False,1,,,,
gluñc,38-№839,root_entry,False,1,,,,gluñc
gatau,,continuation_or_gloss,False,1,,,,
1glep,38-№840,root_entry,False,1,,,,glep
ca kampane,,continuation_or_gloss,False,1,,,,
2glep,38-№841,root_entry,True,0,,,,
dainye,,continuation_or_gloss,True,0,,,,
glev,38-№842,root_entry,False,1,,,,glev
sevane,,continuation_or_gloss,False,1,,,,
gleṣ,38-№843,root_entry,False,1,,,,gleṣ
anvicchāyām ityeke,,continuation_or_gloss,False,1,,,,
glai,38-№844,root_entry,True,0,,,,
glaip,38-№845,root_entry,True,0,,,,
glau,39-№846,root_entry,False,1,,,,glau
ghaṃṣ,39-№847,root_entry,False,1,,,,ghaṃṣ
ghaṃs,39-№848,root_entry,True,0,,,,
ghaggh,39-№849,root_entry,False,1,,,,ghaggh
hasane ityeke,,continuation_or_gloss,True,0,,,,
ghagh,39-№850,root_entry,True,0,,,,
hasane,,continuation_or_gloss,True,0,,,,
1ghaṭ,39-№851,root_entry,False,3,ghaṭ,ghaṭ,,ghaṭ
ceṣṭāyām,,continuation_or_gloss,False,2,,,,
2ghaṭ,39-№852,root_entry,True,0,,,,
bhāṣārthaḥ,,continuation_or_gloss,True,0,,,,
3ghaṭ,39-№853,root_entry,True,0,,,,
saṅghāte; hantyarthāśca,,continuation_or_gloss,True,0,,,,
1ghaṭṭ,39-№854,root_entry,False,3,ghaṭṭ,ghaṭṭ,,ghaṭṭ
calane,,continuation_or_gloss,False,3,,,,
2ghaṭṭ,39-№855,root_entry,True,0,,,,
calane,,continuation_or_gloss,True,0,,,,
1ghaṇ,39-№856,root_entry,False,1,,,,ghaṇ
2ghaṇ,39-№857,root_entry,True,0,,,,
3ghaṇ,39-№858,root_entry,True,0,,,,
1ghaṇṭ,39-№859,root_entry,False,1,,,,ghaṇṭ
2ghaṇṭ,39-№860,root_entry,True,0,,,,
ghamb,39-№861,root_entry,False,1,,,,ghamb
1ghar,39-№862,root_entry,False,3,ghar,ghar,,ghar
2ghar,39-№863,root_entry,False,1,,,,2ghar
gharaṭṭ,39-№864,root_entry,True,0,,,,
1gharb,39-№865,root_entry,False,1,,,,gharb
2gharb,39-№866,root_entry,True,0,,,,
ghaṣ,39-№867,root_entry,True,0,,,,
kāntikaraṇe iti kecit,,continuation_or_gloss,True,0,,,,
1ghas,39-№868,root_entry,False,4,ghas,ghas,ghas,ghas
2ghas,39-№869,root_entry,True,0,,,,
ghiṃṣ,39-№870,root_entry,True,0,,,,
ghiṇ,40-№871,root_entry,True,0,,,,
ghiṇṇ,40-№872,root_entry,False,2,,ghiṇṇ,,ghiṇṇ
grahaṇe,,continuation_or_gloss,False,2,,,,
ghu,40-№873,root_entry,False,1,,,,ghu
śabde,,continuation_or_gloss,True,0,,,,
ghuṃṣ,40-№874,root_entry,False,1,,,,ghuṃṣ
kāntikaraṇe,,continuation_or_gloss,True,0,,,,
ghuj,40-№875,root_entry,True,0,,,,
1ghuṭ,40-№876,root_entry,False,3,ghuṭ,ghoṭ,,ghuṭ
parivartane,,continuation_or_gloss,False,3,,,,
2ghuṭ,40-№877,root_entry,True,0,,,,
pratighāte,,continuation_or_gloss,True,0,,,,
ghuṭṭ,40-№878,root_entry,True,0,,,,
ghuḍ,40-№879,root_entry,False,1,,,,ghuḍ
ghuṇ,40-№880,root_entry,False,1,,,,ghuṇ
ghuṇṇ,40-№881,root_entry,False,2,,ghuṇṇ,,ghuṇṇ
grahaṇe,,continuation_or_gloss,False,2,,,,
ghur,40-№882,root_entry,False,1,,,,ghur
bhīmārthaśabdayoḥ,,continuation_or_gloss,False,1,,,,
ghurd,40-№883,root_entry,True,0,,,,
1ghuṣ,40-№884,root_entry,False,4,ghuṣ,ghuṣ/ghoṣ,ghuṣ,ghuṣ
2ghuṣ,40-№885,root_entry,False,1,,,,2ghuṣ
viśabdane,,continuation_or_gloss,False,1,,,,
3ghuṣ,40-№886,root_entry,True,0,,,,
ghūr,40-№887,root_entry,False,2,,ghor,,ghūr
hiṃsāvayohanyoḥ,,continuation_or_gloss,False,2,,,,
ghūrṇ,40-№888,root_entry,False,3,ghūrṇ,ghūrṇ,,ghūrṇ
1ghṛ,40-№889,root_entry,False,3,1ghṛ,ghṛ,*ghṛ,
secane,,continuation_or_gloss,False,3,,,,
2ghṛ,40-№890,root_entry,False,1,,,2ghṛ,
prasravaṇe; srāvaṇa ityeke,,continuation_or_gloss,False,1,,,,
3ghṛ,40-№891,root_entry,True,0,,,,
kṣaraṇadīptyoḥ,,continuation_or_gloss,True,0,,,,
1ghṛṇ,40-№892,root_entry,True,0,,,,
2ghṛṇ,40-№893,root_entry,True,0,,,,
ghṛṇṇ,40-№894,root_entry,True,0,,,,
1ghṛn,40-№895,root_entry,True,0,,,,
2ghṛṣ,41-№896,root_entry,False,1,2ghṛṣ,,,
1ghṛṣ,41-№897,root_entry,False,2,,gharṣ,ghṛṣ,
ghen,41-№898,root_entry,True,0,,,,
ghev,41-№899,root_entry,True,0,,,,
ghoṇ,41-№900,root_entry,True,0,,,,
ghol,41-№901,root_entry,False,1,,ghol,,
ghrā,41-№902,root_entry,False,4,ghrā,ghrā,ghrā,ghrā
gandhopādāne (ghrāṇe),,continuation_or_gloss,False,4,,,,
ṅu,8-№903,root_entry,False,2,,ṅav,,ṅu
śabde,,continuation_or_gloss,False,2,,,,
cak,41-№904,root_entry,False,2,cak,,,cak
cakās,41-№905,root_entry,False,2,cakās,,,cakās
dīptau,,continuation_or_gloss,False,2,,,,
1cakk,41-№906,root_entry,False,1,,,,cakk
2cakk,41-№907,root_entry,True,0,,,,
cakṣ,41-№908,root_entry,False,4,cakṣ,cakṣ,cakṣ,cakṣ
cagh,41-№909,root_entry,False,1,,,,cagh
caṅk,41-№910,root_entry,True,0,,,,
cañc,41-№911,root_entry,False,2,cañc,,,cañc
gatyarthaḥ,,continuation_or_gloss,False,2,,,,
1caṭ,41-№912,root_entry,False,3,caṭ,caṭ,,caṭ
varṣāvaraṇayoḥ ityeke,,continuation_or_gloss,False,3,,,,
2caṭ,41-№913,root_entry,True,0,,,,
bhedane,,continuation_or_gloss,True,0,,,,
3caṭ,41-№914,root_entry,True,0,,,,
4caṭ,41-№915,root_entry,True,0,,,,
5caṭ,41-№916,root_entry,True,0,,,,
1caṇ,41-№917,root_entry,False,1,,,,caṇ
2caṇ,41-№918,root_entry,True,0,,,,
1caṇḍ,42-№919,root_entry,False,1,,,,caṇḍ
kope,,continuation_or_gloss,False,1,,,,
2caṇḍ,42-№920,root_entry,True,0,,,,
kope; caṇḍa ityanye,,continuation_or_gloss,True,0,,,,
cat,42-№921,root_entry,False,4,cat,cat,cat,cat
paribhāṣaṇe yācane (ca),,continuation_or_gloss,False,4,,,,
cad,42-№922,root_entry,False,1,,,,cad
paribhāṣaṇe yācane (ca),,continuation_or_gloss,False,1,,,,
1can,42-№923,root_entry,False,3,can,can/cani,,can
ca hiṃsārthaḥ,,continuation_or_gloss,False,3,,,,
2can,42-№924,root_entry,True,0,,,,
śraddhopahananayorityeke,,continuation_or_gloss,True,0,,,,
cand,42-№925,root_entry,False,4,cand,cand,*cand,cand
āhlāde dīptau ca,,continuation_or_gloss,False,3,,,,
cann,42-№926,root_entry,True,0,,,,
1cap,42-№927,root_entry,False,2,,cap,,cap
sāntvane,,continuation_or_gloss,False,2,,,,
2cap,42-№928,root_entry,True,0,,,,
parikalpane ityeke,,continuation_or_gloss,True,0,,,,
cab,42-№929,root_entry,True,0,,,,
cam,42-№930,root_entry,False,4,cam,cam/cami,cam,cam
1camp,42-№931,root_entry,False,1,,,,camp
2camp,42-№932,root_entry,True,0,,,,
1camb,42-№933,root_entry,False,1,,,,camb
2camb,42-№934,root_entry,True,0,,,,
cay,42-№935,root_entry,False,1,,,,cay
gatau,,continuation_or_gloss,False,1,,,,
1car,42-№936,root_entry,False,4,car,car/cari,1car,car
2car,42-№937,root_entry,True,0,,,,
saṃśaye,,continuation_or_gloss,True,0,,,,
cark,42-№938,root_entry,True,0,,,,
cargh,42-№939,root_entry,True,0,,,,
1carc,42-№940,root_entry,False,3,carc,carc,,carc
paribhāṣaṇahiṃsātarjaneṣu,,continuation_or_gloss,False,3,,,,
2carc,43-№941,root_entry,True,0,,,,
adhyayane,,continuation_or_gloss,True,0,,,,
3carc,43-№942,root_entry,True,0,,,,
paribhāṣaṇabhartsanayoḥ,,continuation_or_gloss,True,0,,,,
carb,43-№943,root_entry,False,2,,carb,,carb
gatau; carbaṁ adane ca,,continuation_or_gloss,False,2,,,,
carv,43-№944,root_entry,False,3,carv,carv,,carv
adane,,continuation_or_gloss,False,3,,,,
carh,43-№945,root_entry,True,0,,,,
1cal,43-№946,root_entry,False,3,cal,cali,,cal
2cal,43-№947,root_entry,False,1,,,,2cal
bhṛtau,,continuation_or_gloss,False,1,,,,
3cal,43-№948,root_entry,False,1,,,,3cal
vilasane,,continuation_or_gloss,False,1,,,,
cav,43-№949,root_entry,True,0,,,,
1caṣ,43-№950,root_entry,False,2,,caṣ,,caṣ
2caṣ,43-№951,root_entry,True,0,,,,
caṣagh,43-№952,root_entry,True,0,,,,
caṣk,43-№953,root_entry,True,0,,,,
cah,43-№954,root_entry,False,1,,,,cah
caha,43-№955,root_entry,True,0,,,,
parikalkane,,continuation_or_gloss,True,0,,,,
cākaç,43-№956,root_entry,True,0,,,,
cāy,43-№957,root_entry,False,3,cāy,cāy,,cāy
pūjāniśāmanayoḥ,,continuation_or_gloss,False,3,,,,
1ci,43-№958,root_entry,False,4,1ci,ci,ci,ci
cayane,,continuation_or_gloss,False,4,,,,
2ci,43-№959,root_entry,False,3,2ci,,2ci,2ci
bhāṣārthaḥ ca,,continuation_or_gloss,False,3,,,,
3ci,43-№960,root_entry,False,2,,,3ci,3ci
cayane,,continuation_or_gloss,False,2,,,,
4ci,43-№961,root_entry,False,1,,,,4ci
cikṛ,44-№962,root_entry,True,0,,,,
cikk,44-№963,root_entry,False,1,,,,cikk
ciṭ,44-№964,root_entry,False,1,,,,ciṭ
parapraiṣye (parapreṣye),,continuation_or_gloss,True,0,,,,
ciṇ,44-№965,root_entry,True,0,,,,
cit,44-№966,root_entry,False,4,cit,cit,cit,cit
citr,44-№967,root_entry,False,1,,,citr,
citra,44-№968,root_entry,False,1,,,,citra
citrīkaraṇe; kadāciddarśane,,continuation_or_gloss,False,1,,,,
cint,44-№969,root_entry,False,2,cint,,,cint
smṛtyām,,continuation_or_gloss,False,2,,,,
cir,44-№970,root_entry,True,0,,,,
ciri,44-№971,root_entry,False,1,,,,ciri
hiṃsāyām,,continuation_or_gloss,False,1,,,,
cirb,44-№972,root_entry,True,0,,,,
1cil,44-№973,root_entry,False,1,,,,cil
2cil,44-№974,root_entry,True,0,,,,
3cil,44-№975,root_entry,True,0,,,,
1cill,44-№976,root_entry,False,1,,,,cill
2cill,44-№977,root_entry,True,0,,,,
cīk,44-№978,root_entry,False,1,,,,cīk
āmarṣaṇe ca,,continuation_or_gloss,True,0,,,,
cīp,44-№979,root_entry,True,0,,,,
cīb,44-№980,root_entry,True,0,,,,
cībh,44-№981,root_entry,False,1,,,,cībh
ca katthane,,continuation_or_gloss,True,0,,,,
cīy,44-№982,root_entry,False,1,,,,cīy
cīl,44-№983,root_entry,True,0,,,,
1cīv,44-№984,root_entry,False,1,,,,cīv
ādānasaṃvaraṇayoḥ,,continuation_or_gloss,False,1,,,,
2cīv,44-№985,root_entry,True,0,,,,
bhāṣārthaḥ,,continuation_or_gloss,True,0,,,,
cu,45-№986,root_entry,True,0,,,,
cukk,45-№987,root_entry,False,2,,cukk,,cukk
vyathane,,continuation_or_gloss,False,1,,,,
cuc,45-№988,root_entry,True,0,,,,
cucy,45-№989,root_entry,False,1,,,,cucy
abhiṣave ityeke,,continuation_or_gloss,True,0,,,,
1cuṭ,45-№990,root_entry,False,2,,cuṭ/coṭ,,cuṭ
chedane,,continuation_or_gloss,False,1,,,,
2cuṭ,45-№991,root_entry,True,0,,,,
chedane,,continuation_or_gloss,True,0,,,,
3cuṭ,45-№992,root_entry,True,0,,,,
cuṭṭ,45-№993,root_entry,False,1,,,,cuṭṭ
alpībhāve,,continuation_or_gloss,True,0,,,,
cuḍ,45-№994,root_entry,False,1,,,,cuḍ
saṃvaraṇe,,continuation_or_gloss,False,1,,,,
cuḍḍ,45-№995,root_entry,False,1,,,,cuḍḍ
bhāvakaraṇe,,continuation_or_gloss,False,1,,,,
cuṇ,45-№996,root_entry,False,1,,,,cuṇ
1cuṇṭ,45-№997,root_entry,False,2,,cuṇṭ,,cuṇṭ
2cuṇṭ,45-№998,root_entry,True,0,,,,
cuṇṭh,45-№999,root_entry,False,1,,,,cuṇṭh
1cuṇḍ,45-№1000,root_entry,False,2,,cuṇḍ,,cuṇḍ
2cuṇḍ,45-№1001,root_entry,True,0,,,,
3cuṇḍ,45-№1002,root_entry,True,0,,,,
cut,45-№1003,root_entry,False,1,,,,cut
cud,46-№1004,root_entry,False,4,cud,cud/cod,cud,cud
sañcodane,,continuation_or_gloss,False,4,,,,
cund,46-№1005,root_entry,False,1,,,,cund
1cup,46-№1006,root_entry,False,3,cup,cup/cop,,cup
2cup,46-№1007,root_entry,False,1,,,,2cup
cub,46-№1008,root_entry,True,0,,,,
1cumb,46-№1009,root_entry,False,4,cumb,cumb,cumb,cumb
vaktrasaṃyoge,,continuation_or_gloss,False,4,,,,
2cumb,46-№1010,root_entry,False,1,,,,2cumb
hiṃsāyām,,continuation_or_gloss,False,1,,,,
3cumb,46-№1011,root_entry,True,0,,,,
cumbh,46-№1012,root_entry,True,0,,,,
cur,46-№1013,root_entry,False,3,cur,cur,,cur
steye,,continuation_or_gloss,False,3,,,,
1cul,46-№1014,root_entry,False,2,,col,,cul
2cul,46-№1015,root_entry,True,0,,,,
culump,46-№1016,root_entry,False,2,culump,,,culump
cull,46-№1017,root_entry,False,1,,,,cull
bhāvakaraṇe,,continuation_or_gloss,False,1,,,,
cuṣk,46-№1018,root_entry,True,0,,,,
cuh,46-№1019,root_entry,True,0,,,,
cūc,46-№1020,root_entry,True,0,,,,
cūṇ,46-№1021,root_entry,False,2,,cūḍ,,cūṇ
cūr,46-№1022,root_entry,False,1,,,,cūr
dāhe,,continuation_or_gloss,False,1,,,,
1cūrṇ,46-№1023,root_entry,True,0,,,,
preraṇe,,continuation_or_gloss,True,0,,,,
2cūrṇ,46-№1024,root_entry,True,0,,,,
saṅkocane,,continuation_or_gloss,True,0,,,,
cūṣ,46-№1025,root_entry,False,3,cūṣ,cūṣ,,cūṣ
pāne,,continuation_or_gloss,False,2,,,,
cṛṇ,46-№1026,root_entry,True,0,,,,
1cṛt,47-№1027,root_entry,False,3,cṛt,cṛt/cart,cṛt,
2cṛt,47-№1028,root_entry,True,0,,,,
cṛp,47-№1029,root_entry,True,0,,,,
sandīpane (ityeke),,continuation_or_gloss,True,0,,,,
cṝ,47-№1030,root_entry,False,1,,,cṝ,
cet,47-№1031,root_entry,False,1,,,,cet
ced,47-№1032,root_entry,False,1,,,,ced
cel,47-№1033,root_entry,False,1,,,,cel
calane,,continuation_or_gloss,True,0,,,,
cell,47-№1034,root_entry,False,1,,,,cell
ceṣṭ,47-№1035,root_entry,False,4,ceṣṭ,ceṣṭ,ceṣṭ,ceṣṭ
ceṣṭāyām,,continuation_or_gloss,False,4,,,,
cyav,47-№1036,root_entry,False,1,,cyav,,
1cyu,47-№1037,root_entry,False,4,cyu,cyu,cyu,cyu
2cyu,47-№1038,root_entry,False,1,,,,2cyu
cyut,47-№1039,root_entry,False,3,cyut,cyot,,cyut
āsecane,,continuation_or_gloss,False,2,,,,
cyus,47-№1040,root_entry,False,1,,,,cyus
cvan,47-№1041,root_entry,True,0,,,,
1chad,47-№1042,root_entry,False,4,chad,chad,chad,chad
2chad,47-№1043,root_entry,False,1,,,,2chad
3chad,47-№1044,root_entry,False,1,,,,3chad
chada,47-№1045,root_entry,False,1,,,,chada
apavāraṇe,,continuation_or_gloss,True,0,,,,
1chand,47-№1046,root_entry,False,4,chand,chand,chand,chand
2chand,47-№1047,root_entry,True,0,,,,
3chand,47-№1048,root_entry,True,0,,,,
chann,47-№1049,root_entry,True,0,,,,
cham,47-№1050,root_entry,False,1,,,,cham
adane,,continuation_or_gloss,False,1,,,,
champ,48-№1051,root_entry,False,1,,,,champ
chamb,48-№1052,root_entry,True,0,,,,
charch,48-№1053,root_entry,True,0,,,,
chard,48-№1054,root_entry,False,2,,chard,,chard
vamane,,continuation_or_gloss,False,2,,,,
chal,48-№1055,root_entry,False,1,,chal,,
chaṣ,48-№1056,root_entry,False,2,,chaṣ,,chaṣ
hiṃsāyām,,continuation_or_gloss,False,2,,,,
chā,48-№1057,root_entry,False,4,chā,chā,chā,chā
chiṇ,48-№1058,root_entry,True,0,,,,
chid,48-№1059,root_entry,False,4,chid,chid/ched,chid,chid
dvaidhīkaraṇe,,continuation_or_gloss,False,4,,,,
chidr,48-№1060,root_entry,True,0,,,,
chidra,48-№1061,root_entry,False,1,,,,chidra
chil,48-№1062,root_entry,True,0,,,,
chill,48-№1063,root_entry,True,0,,,,
chīl,48-№1064,root_entry,True,0,,,,
chu,48-№1065,root_entry,True,0,,,,
chuṭ,48-№1066,root_entry,False,3,chuṭ,chuṭ/choṭ,,chuṭ
chedane,,continuation_or_gloss,False,2,,,,
chuṭṭ,48-№1067,root_entry,True,0,,,,
chuḍ,48-№1068,root_entry,False,1,,,,chuḍ
saṃvaraṇe ityeke,,continuation_or_gloss,False,1,,,,
chup,48-№1069,root_entry,False,2,,chup/chop,,chup
sparśe,,continuation_or_gloss,False,2,,,,
chur,48-№1070,root_entry,False,3,chur,chur/chor,,chur
chedane,,continuation_or_gloss,False,3,,,,
1chṛd,48-№1071,root_entry,False,3,chṛd,chṛd,chṛd,
sandīpane,,continuation_or_gloss,False,3,,,,
2chṛd,48-№1072,root_entry,True,0,,,,
dīptidevanayoḥ,,continuation_or_gloss,True,0,,,,
chṛp,48-№1073,root_entry,True,0,,,,
sandīpane (ityeke),,continuation_or_gloss,True,0,,,,
cheda,48-№1074,root_entry,False,1,,,,cheda
dvaidhīkaraṇe,,continuation_or_gloss,False,1,,,,
chel,49-№1075,root_entry,True,0,,,,
cho,49-№1076,root_entry,False,2,,,cho,cho
chedane,,continuation_or_gloss,False,2,,,,
chyu,49-№1077,root_entry,False,1,,,,chyu
jaṃs,49-№1078,root_entry,False,1,,,,jaṃs
rakṣaṇe; mokṣaṇa ityeke,,continuation_or_gloss,False,1,,,,
jaṃh,49-№1079,root_entry,False,2,,,jaṃh,jaṃh
1jakṣ,49-№1080,root_entry,False,2,1jakṣ,,,jakṣ
2jakṣ,49-№1081,root_entry,False,2,2jakṣ,,,2jakṣ
jag,49-№1082,root_entry,True,0,,,,
jagh,49-№1083,root_entry,False,1,jagh,,,
jaṅkṣ,49-№1084,root_entry,False,1,,,,jaṅkṣ
jaṅgh,49-№1085,root_entry,True,0,,,,
jaj,49-№1086,root_entry,False,1,,,,jaj
yuddhe,,continuation_or_gloss,False,1,,,,
jajh,49-№1087,root_entry,False,1,jajh,,,
jañj,49-№1088,root_entry,False,2,jañj,,,jañj
yuddhe,,continuation_or_gloss,False,1,,,,
jaṭ,49-№1089,root_entry,False,1,,,,jaṭ
saṅghāte,,continuation_or_gloss,False,1,,,,
jaṭh,49-№1090,root_entry,True,0,,,,
jaṇ,49-№1091,root_entry,True,0,,,,
1jan,49-№1092,root_entry,False,4,jan,jan/jani,1jan,jan
janane (mit - 1;937),,continuation_or_gloss,False,4,,,,
2jan,49-№1093,root_entry,True,0,,,,
prādurbhāve (mit - 1;937),,continuation_or_gloss,True,0,,,,
jantr,49-№1094,root_entry,True,0,,,,
1jap,49-№1095,root_entry,False,4,jap,jap,1jap,jap
2jap,49-№1096,root_entry,True,0,,,,
1jabh,49-№1097,root_entry,False,2,,jabh,,jabh
2jabh,50-№1098,root_entry,False,1,,,,2jabh
3jabh,50-№1099,root_entry,True,0,,,,
jam,50-№1100,root_entry,False,3,jam,jam,,jam
adane,,continuation_or_gloss,False,2,,,,
1jambh,50-№1101,root_entry,False,4,jambh,1jambh,jambh,jambh
2jambh,50-№1102,root_entry,False,2,,2jambh,2jambh,
3jambh,50-№1103,root_entry,True,0,,,,
4jambh,50-№1104,root_entry,True,0,,,,
jar,50-№1105,root_entry,False,3,jar,jar/jari,,jar
jarc,50-№1106,root_entry,False,1,,,,jarc
paribhāṣaṇahiṃsātarjaneṣu,,continuation_or_gloss,False,1,,,,
jarj,50-№1107,root_entry,False,1,,,,jarj
jarjh,50-№1108,root_entry,False,1,,,,jarjh
jarts,50-№1109,root_entry,True,0,,,,
paribhāṣaṇahiṃsātarjaneṣu,,continuation_or_gloss,True,0,,,,
1jal,50-№1110,root_entry,False,1,,,,jal
ghātane,,continuation_or_gloss,False,1,,,,
2jal,50-№1111,root_entry,False,1,,,,2jal
apavāraṇe,,continuation_or_gloss,True,0,,,,
3jal,50-№1112,root_entry,True,0,,,,
jalp,50-№1113,root_entry,False,4,jalp,jalp,jalp,jalp
vyaktāyāṃ vāci,,continuation_or_gloss,False,4,,,,
jall,50-№1114,root_entry,True,0,,,,
jaṣ,50-№1115,root_entry,False,1,,,,jaṣ
hiṃsārthaḥ,,continuation_or_gloss,False,1,,,,
1jas,50-№1116,root_entry,False,4,jas,jas,jas,jas
hiṃsāyām,,continuation_or_gloss,False,4,,,,
2jas,50-№1117,root_entry,True,0,,,,
tāḍane,,continuation_or_gloss,True,0,,,,
3jas,50-№1118,root_entry,True,0,,,,
mokṣane,,continuation_or_gloss,True,0,,,,
1jah,50-№1119,root_entry,False,1,jah,,,
2jah,51-№1120,root_entry,True,0,,,,
jā,51-№1121,root_entry,False,2,jā,,,jā
jāṅkṣ,51-№1122,root_entry,True,0,,,,
jāgṛ,51-№1123,root_entry,True,0,,,,
nidrākṣaye,,continuation_or_gloss,True,0,,,,
jāp,51-№1124,root_entry,True,0,,,,
1ji,51-№1125,root_entry,False,4,1ji,ji/gay,ji,ji
abhibhave,,continuation_or_gloss,False,4,,,,
2ji,51-№1126,root_entry,False,4,2ji,gayi,2ji,2ji
jaye,,continuation_or_gloss,False,3,,,,
3ji,51-№1127,root_entry,False,1,,,,3ji
bhāṣārthaḥ ca,,continuation_or_gloss,True,0,,,,
jiñj,51-№1128,root_entry,True,0,,,,
jin,51-№1129,root_entry,True,0,,,,
jinn,51-№1130,root_entry,True,0,,,,
1jinv,51-№1131,root_entry,False,1,,,,jinv
prīṇanārthāḥ,,continuation_or_gloss,False,1,,,,
2jinv,51-№1132,root_entry,True,0,,,,
bhāṣārthaḥ ca,,continuation_or_gloss,True,0,,,,
jim,51-№1133,root_entry,False,2,,jim/jem,,jim
adane iti kecit,,continuation_or_gloss,False,2,,,,
jiri,51-№1134,root_entry,False,1,,,,jiri
hiṃsāyām,,continuation_or_gloss,False,1,,,,
jil,51-№1135,root_entry,True,0,,,,
jill,51-№1136,root_entry,True,0,,,,
jiṣ,51-№1137,root_entry,False,1,,,,jiṣ
secane,,continuation_or_gloss,True,0,,,,
jī,51-№1138,root_entry,False,3,,jī/jayi,jī,jī
jīl,51-№1139,root_entry,True,0,,,,
jīv,51-№1140,root_entry,False,3,jīv,jīv,,jīv
prāṇadhāraṇe,,continuation_or_gloss,False,3,,,,
ju,51-№1141,root_entry,False,2,,javi,,ju
juṅg,51-№1142,root_entry,False,1,,,,juṅg
varjane,,continuation_or_gloss,False,1,,,,
juñc,52-№1143,root_entry,False,1,,,,juñc
bhāṣārthaḥ ca,,continuation_or_gloss,False,1,,,,
juṭ,52-№1144,root_entry,False,2,,joṭ,,juṭ
bandhane ityeke,,continuation_or_gloss,False,1,,,,
1juḍ,52-№1145,root_entry,False,1,,,,juḍ
preraṇe,,continuation_or_gloss,False,1,,,,
2juḍ,52-№1146,root_entry,True,0,,,,
bandhane,,continuation_or_gloss,True,0,,,,
3juḍ,52-№1147,root_entry,True,0,,,,
gatau,,continuation_or_gloss,True,0,,,,
2jut,52-№1148,root_entry,True,0,,,,
1jun,52-№1149,root_entry,False,1,,,,jun
2jun,52-№1150,root_entry,True,0,,,,
junn,52-№1151,root_entry,True,0,,,,
jur,52-№1152,root_entry,False,3,jur,jur,,jur
jurv,52-№1153,root_entry,False,1,,,,jurv
1jul,52-№1154,root_entry,False,1,,,,jul
2jul,52-№1155,root_entry,True,0,,,,
1juṣ,52-№1156,root_entry,False,3,juṣ,,juṣ,juṣ
2juṣ,52-№1157,root_entry,False,1,,,,2juṣ
prītisevanayoḥ,,continuation_or_gloss,True,0,,,,
3juṣ,52-№1158,root_entry,False,1,,,,3juṣ
jū,52-№1159,root_entry,False,4,jū,jū,jū,jū
jūp,52-№1160,root_entry,True,0,,,,
jūr,52-№1161,root_entry,False,2,,,jūr,jūr
hiṃsāvayohanyoḥ,,continuation_or_gloss,False,2,,,,
jūrv,52-№1162,root_entry,False,3,jūrv,jūrv,,jūrv
jūṣ,52-№1163,root_entry,False,2,,joṣ,,jūṣ
ca hiṃsāyām,,continuation_or_gloss,False,2,,,,
1jṛ,52-№1164,root_entry,False,1,1jṛ,,,
2jṛ,52-№1165,root_entry,False,2,2jṛ,,2jṛ,
3jṛ,52-№1166,root_entry,True,0,,,,
4jṛ,52-№1167,root_entry,True,0,,,,
jṛbh,53-№1168,root_entry,True,0,,,,
jṛmb,53-№1169,root_entry,True,0,,,,
1jṛmbh,53-№1170,root_entry,False,2,jṛmbh,jṛmbh/jrambh,,
2jṛmbh,53-№1171,root_entry,True,0,,,,
jṝ,53-№1172,root_entry,False,2,,jṝ,jṝ,
jeṣ,53-№1173,root_entry,False,2,,jeṣ,,jeṣ
gatau,,continuation_or_gloss,False,2,,,,
jeh,53-№1174,root_entry,False,4,jeh,jeh,jeh,jeh
prayatne jehṛṁ gatāvapi,,continuation_or_gloss,False,4,,,,
jai,53-№1175,root_entry,True,0,,,,
kṣaye,,continuation_or_gloss,True,0,,,,
jñap,53-№1176,root_entry,False,1,,,,jñap
1jñā,53-№1177,root_entry,False,4,jñā,jñā,1jñā,jñā
niyoge,,continuation_or_gloss,False,4,,,,
2jñā,53-№1178,root_entry,False,1,,,,2jñā
jñīs,53-№1179,root_entry,True,0,,,,
jyā,53-№1180,root_entry,False,4,jyā,jyā,*jyā,jyā
vayohānau,,continuation_or_gloss,False,4,,,,
jyu,53-№1181,root_entry,False,1,,,,jyu
gatau,,continuation_or_gloss,False,1,,,,
jyut,53-№1182,root_entry,False,3,jyut,jyut/jyot,,jyut
bhāsane,,continuation_or_gloss,False,3,,,,
jyo,53-№1183,root_entry,False,1,,,,jyo
1jri,53-№1184,root_entry,False,4,jri,jri,jri,jri
abhibhave,,continuation_or_gloss,False,3,,,,
2jri,53-№1185,root_entry,False,1,,,,2jri
vayohānau ca,,continuation_or_gloss,False,1,,,,
jrī,53-№1186,root_entry,False,1,,jray,,
jvar,53-№1187,root_entry,False,4,jvar,jvari,jvar,jvar
roge,,continuation_or_gloss,False,4,,,,
jval,54-№1188,root_entry,False,3,jval,jvali,,jval
jvala,54-№1189,root_entry,False,1,,,,jvala
jvid,54-№1190,root_entry,True,0,,,,
jhaṭ,54-№1191,root_entry,False,3,jhaṭ,jhaṭ,,jhaṭ
saṅghāte,,continuation_or_gloss,False,2,,,,
jhaṇ,54-№1192,root_entry,False,2,jhaṇ,jhaṇ,,
jham,54-№1193,root_entry,False,2,,jham/jhamp,,jham
adane,,continuation_or_gloss,False,2,,,,
jhar,54-№1194,root_entry,False,2,jhar,,,jhar
jharc,54-№1195,root_entry,False,1,,,,jharc
jharch,54-№1196,root_entry,True,0,,,,
jharjh,54-№1197,root_entry,True,0,,,,
1jhaṣ,54-№1198,root_entry,False,1,,,,jhaṣ
hiṃsārthaḥ,,continuation_or_gloss,False,1,,,,
2jhaṣ,54-№1199,root_entry,True,0,,,,
ādānasaṃvaraṇayoḥ,,continuation_or_gloss,True,0,,,,
jhim,54-№1200,root_entry,True,0,,,,
jhil,54-№1201,root_entry,True,0,,,,
jhill,54-№1202,root_entry,True,0,,,,
jhīl,54-№1203,root_entry,True,0,,,,
jhu,54-№1204,root_entry,True,0,,,,
jhūṣ,54-№1205,root_entry,False,1,,,,jhūṣ
jhṝ,55-№1206,root_entry,True,0,,,,
jhyu,55-№1207,root_entry,False,1,,,,jhyu
ṭank,55-№1208,root_entry,True,0,,,,
ṭamb,55-№1209,root_entry,True,0,,,,
1ṭal,55-№1210,root_entry,False,3,ṭal,ṭal,,ṭal
2ṭal,55-№1211,root_entry,True,0,,,,
ṭall,55-№1212,root_entry,True,0,,,,
ṭik,55-№1213,root_entry,False,2,,ṭik,,ṭik
gatyarthaḥ,,continuation_or_gloss,False,1,,,,
ṭip,55-№1214,root_entry,False,1,,,,ṭip
1ṭīk,55-№1215,root_entry,False,3,ṭīk,ṭīk/ṭek,,ṭīk
2ṭīk,55-№1216,root_entry,True,0,,,,
ṭu,55-№1217,root_entry,False,1,,,,ṭu
ṭup,55-№1218,root_entry,False,2,ṭup,,,ṭup
ṭauk,55-№1219,root_entry,False,2,,ṭauk,,ṭauk
ṭval,55-№1220,root_entry,False,2,,ṭval,,ṭval
vaikalye,,continuation_or_gloss,False,2,,,,
ṭhal,55-№1221,root_entry,True,0,,,,
ṭhall,55-№1222,root_entry,True,0,,,,
ṭhu,55-№1223,root_entry,True,0,,,,
ḍap,55-№1224,root_entry,False,1,,,,ḍap
saṅghāte,,continuation_or_gloss,False,1,,,,
ḍam,55-№1225,root_entry,False,2,ḍam,,,ḍam
ḍamp,55-№1226,root_entry,False,2,,ḍamp,,ḍamp
1ḍamb,55-№1227,root_entry,False,3,ḍamb,ḍamb,,ḍamb
2ḍamb,55-№1228,root_entry,True,0,,,,
ḍambh,55-№1229,root_entry,False,1,,,,ḍambh
ḍal,56-№1230,root_entry,True,0,,,,
ḍall,56-№1231,root_entry,True,0,,,,
ḍah,56-№1232,root_entry,True,0,,,,
ḍiṇḍ,56-№1233,root_entry,True,0,,,,
1ḍip,56-№1234,root_entry,False,1,,,,ḍip
kṣepe,,continuation_or_gloss,False,1,,,,
2ḍip,56-№1235,root_entry,True,0,,,,
saṅghāte,,continuation_or_gloss,True,0,,,,
ḍim,56-№1236,root_entry,False,1,,,,ḍim
ḍimp,56-№1237,root_entry,False,1,,ḍimp,,
ḍimb,56-№1238,root_entry,False,1,,,,ḍimb
1ḍimbh,56-№1239,root_entry,False,1,,,,ḍimbh
2ḍimbh,56-№1240,root_entry,True,0,,,,
ḍih,56-№1241,root_entry,True,0,,,,
ḍī,56-№1242,root_entry,False,3,ḍī,ḍay,,ḍī
ḍu,56-№1243,root_entry,True,0,,,,
ḍuṇḍ,56-№1244,root_entry,True,0,,,,
ḍumb,56-№1245,root_entry,True,0,,,,
ḍumbh,56-№1246,root_entry,True,0,,,,
ḍuh,56-№1247,root_entry,True,0,,,,
ḍol,56-№1248,root_entry,True,0,,,,
ḍval,56-№1249,root_entry,False,2,ḍval,,,ḍval
ḍhaṇ,56-№1250,root_entry,True,0,,,,
ḍhaṇḍh,56-№1251,root_entry,True,0,,,,
ḍhal,56-№1252,root_entry,True,0,,,,
ḍhall,57-№1253,root_entry,True,0,,,,
ḍhu,57-№1254,root_entry,True,0,,,,
ḍhuṇ,57-№1255,root_entry,True,0,,,,
ḍhuṇḍh,57-№1256,root_entry,False,1,,,,ḍhuṇḍh
ḍhol,57-№1257,root_entry,True,0,,,,
ḍhauk,57-№1258,root_entry,False,3,ḍhauk,ḍhauk,,ḍhauk
gatyarthaḥ,,continuation_or_gloss,False,2,,,,
ṇu,57-№1259,root_entry,True,0,,,,
taṃs,57-№1260,root_entry,False,4,taṃs,taṃs,taṃs,taṃs
1tak,57-№1261,root_entry,False,4,tak,tak,tak,tak
2tak,57-№1262,root_entry,True,0,,,,
takk,57-№1263,root_entry,True,0,,,,
1takṣ,57-№1264,root_entry,False,4,takṣ,takṣ,takṣ,takṣ
tanūkaraṇe,,continuation_or_gloss,False,4,,,,
2takṣ,57-№1265,root_entry,False,1,,,,2takṣ
tvacane,,continuation_or_gloss,True,0,,,,
3takṣ,57-№1266,root_entry,True,0,,,,
taṅk,57-№1267,root_entry,False,3,ṭaṅk,taṇk,,taṅk
kṛcchrajīvane,,continuation_or_gloss,False,1,,,,
taṅg,57-№1268,root_entry,False,2,,taṅg,,taṅg
gatyarthaḥ,,continuation_or_gloss,False,2,,,,
tac,57-№1269,root_entry,True,0,,,,
1tañc,57-№1270,root_entry,False,4,tañc,tañc,tañc,tañc
gatyarthaḥ,,continuation_or_gloss,False,4,,,,
2tañc,57-№1271,root_entry,False,1,,,,2tañc
saṅkocane,,continuation_or_gloss,False,1,,,,
tañj,57-№1272,root_entry,False,1,,,,tañj
1taṭ,57-№1273,root_entry,False,3,taṭ,taṭ,,taṭ
2taṭ,57-№1274,root_entry,True,0,,,,
3taṭ,57-№1275,root_entry,True,0,,,,
1taḍ,57-№1276,root_entry,False,3,taḍ,taḍ,,taḍ
2taḍ,58-№1277,root_entry,False,1,,,,2taḍ
1taṇḍ,58-№1278,root_entry,False,1,,,,taṇḍ
tāḍane,,continuation_or_gloss,True,0,,,,
2taṇḍ,58-№1279,root_entry,True,0,,,,
bhāṣārthaḥ ca,,continuation_or_gloss,True,0,,,,
1tan,58-№1280,root_entry,False,4,1tan,1tan/tani,1tan,tan
2tan,58-№1281,root_entry,False,4,2tan,2tan,2tan,2tan
vistāre,,continuation_or_gloss,False,3,,,,
3tan,58-№1282,root_entry,False,1,,,,3tan
1tantr,58-№1283,root_entry,True,0,,,,
2tantr,58-№1284,root_entry,True,0,,,,
tand,58-№1285,root_entry,False,4,tand,tand,tand,tand
tandr,58-№1286,root_entry,True,0,,,,
1tap,58-№1287,root_entry,False,4,tap,tap,tap,tap
santāpe,,continuation_or_gloss,False,4,,,,
2tap,58-№1288,root_entry,False,1,,,,2tap
dāhe,,continuation_or_gloss,True,0,,,,
3tap,58-№1289,root_entry,False,1,,,,3tap
dāhe aiśverye vā,,continuation_or_gloss,False,1,,,,
tam,58-№1290,root_entry,False,4,tam,tam/tami,tam,tam
kāṅkṣāyām,,continuation_or_gloss,False,4,,,,
1tamb,58-№1291,root_entry,False,1,,,,tamb
2tamb,58-№1292,root_entry,True,0,,,,
tay,58-№1293,root_entry,False,1,,,,tay
gatau,,continuation_or_gloss,False,1,,,,
tark,58-№1294,root_entry,False,4,tark,tark,*tark,tark
bhāṣārthaḥ,,continuation_or_gloss,False,4,,,,
1tarj,58-№1295,root_entry,False,4,tarj,tarj,tarj,tarj
bhartsane,,continuation_or_gloss,False,4,,,,
2tarj,58-№1296,root_entry,True,0,,,,
santarjane (tarjane),,continuation_or_gloss,True,0,,,,
tard,58-№1297,root_entry,False,2,,tard,,tard
hiṃsāyām,,continuation_or_gloss,False,2,,,,
tarb,58-№1298,root_entry,False,2,,tarb,,tarb
tal,58-№1299,root_entry,False,2,,tal,,tal
pratiṣṭhāyām,,continuation_or_gloss,False,2,,,,
tav,58-№1300,root_entry,False,1,,tav/tavi,,
tas,59-№1301,root_entry,False,2,tas,,,tas
upakṣaye,,continuation_or_gloss,False,2,,,,
tā,59-№1302,root_entry,False,2,tā,,*tā,
tāmb,59-№1303,root_entry,True,0,,,,
tāy,59-№1304,root_entry,False,2,tāy,,,tāy
santānapālanayoḥ,,continuation_or_gloss,False,2,,,,
tāv,59-№1305,root_entry,False,2,tāv,,,tāv
ti,59-№1306,root_entry,False,2,ti,,,ti
1tik,59-№1307,root_entry,False,1,,,,tik
gatyarthaḥ,,continuation_or_gloss,False,1,,,,
2tik,59-№1308,root_entry,True,0,,,,
āskandane gatau ca,,continuation_or_gloss,True,0,,,,
tikṣ,59-№1309,root_entry,True,0,,,,
tig,59-№1310,root_entry,False,1,,,,tig
āskandane gatau ca,,continuation_or_gloss,True,0,,,,
tigh,59-№1311,root_entry,False,1,,,,tigh
tij,59-№1312,root_entry,False,4,tij,tij,tij,tij
tintr,59-№1313,root_entry,True,0,,,,
tip,59-№1314,root_entry,False,1,,,,tip
kṣaraṇārthaḥ,,continuation_or_gloss,False,1,,,,
tim,59-№1315,root_entry,False,3,tim,2tim,,tim
ārdrībhāve,,continuation_or_gloss,False,3,,,,
tir,59-№1316,root_entry,False,1,tir,,,
1til,59-№1317,root_entry,False,2,til,,,til
gatau,,continuation_or_gloss,True,0,,,,
2til,59-№1318,root_entry,False,1,,,,2til
snehane,,continuation_or_gloss,False,1,,,,
till,59-№1319,root_entry,False,2,,till,,till
gatau ityeke,,continuation_or_gloss,False,2,,,,
tīk,59-№1320,root_entry,False,1,,,,tīk
gatyarthaḥ,,continuation_or_gloss,False,1,,,,
tīkṣ,59-№1321,root_entry,True,0,,,,
tīm,59-№1322,root_entry,False,1,,,,tīm
ārdrībhāve,,continuation_or_gloss,True,0,,,,
tīra,60-№1323,root_entry,False,1,,,,tīra
karmasamāptau,,continuation_or_gloss,False,1,,,,
1tīv,60-№1324,root_entry,False,2,,tīv,,tīv
2tīv,60-№1325,root_entry,True,0,,,,
3tīv,60-№1326,root_entry,True,0,,,,
tu,60-№1327,root_entry,False,4,tu,tu,tu,tu
tuṅg,60-№1328,root_entry,True,0,,,,
tuc,60-№1329,root_entry,False,2,tuc,,,tuc
1tuj,60-№1330,root_entry,False,4,tuj,tuj/toj,1tuj,tuj
hiṃsāyām,,continuation_or_gloss,False,4,,,,
2tuj,60-№1331,root_entry,False,1,,,,2tuj
hiṃsābalādānaniketaneṣu,,continuation_or_gloss,True,0,,,,
1tuñj,60-№1332,root_entry,True,0,,,,
pālane,,continuation_or_gloss,True,0,,,,
2tuñj,60-№1333,root_entry,True,0,,,,
bhāṣārthaḥ,,continuation_or_gloss,True,0,,,,
3tuñj,60-№1334,root_entry,True,0,,,,
hiṃsābalādānaniketaneṣu,,continuation_or_gloss,True,0,,,,
tuṭ,60-№1335,root_entry,False,1,,,,tuṭ
kalahakarmaṇi,,continuation_or_gloss,False,1,,,,
tuḍ,60-№1336,root_entry,False,1,,,,tuḍ
tuḍḍ,60-№1337,root_entry,False,1,,,,tuḍḍ
1tuṇ,60-№1338,root_entry,False,1,,,,tuṇ
2tuṇ,60-№1339,root_entry,True,0,,,,
tuṇṭ,60-№1340,root_entry,True,0,,,,
1tuṇḍ,60-№1341,root_entry,False,1,,,,tuṇḍ
toḍane,,continuation_or_gloss,False,1,,,,
2tuṇḍ,60-№1342,root_entry,True,0,,,,
preraṇe,,continuation_or_gloss,True,0,,,,
3tuṇḍ,60-№1343,root_entry,True,0,,,,
tuttha,60-№1344,root_entry,False,1,,,,tuttha
āvaraṇe,,continuation_or_gloss,True,0,,,,
tud,60-№1345,root_entry,False,4,tud,tud/tod,tud,tud
vyathane,,continuation_or_gloss,False,4,,,,
tund,60-№1346,root_entry,False,1,,,,tund
tup,60-№1347,root_entry,False,2,,tup/top,,tup
tuph,61-№1348,root_entry,False,1,,,,tuph
tubh,61-№1349,root_entry,False,1,,,,tubh
1tump,61-№1350,root_entry,False,2,,tump,,tump
hiṃsārthaḥ,,continuation_or_gloss,False,1,,,,
2tump,61-№1351,root_entry,True,0,,,,
hiṃsāyām,,continuation_or_gloss,True,0,,,,
tumph,61-№1352,root_entry,True,0,,,,
tumb,61-№1353,root_entry,False,1,,,,tumb
tur,61-№1354,root_entry,False,2,tur,,,tur
tvaraṇe,,continuation_or_gloss,False,2,,,,
turv,61-№1355,root_entry,False,3,turv,turv,,turv
hiṃsārthaḥ,,continuation_or_gloss,False,3,,,,
1tul,61-№1356,root_entry,False,2,tul,,,tul
2tul,61-№1357,root_entry,True,0,,,,
tull,61-№1358,root_entry,True,0,,,,
1tuç,61-№1359,root_entry,False,4,tuç,tuç/toç,1tuç,tuç
2tuç,61-№1360,root_entry,False,1,,,,2tuç
1tuṣ,61-№1361,root_entry,False,4,tuṣ,tuṣ,1tuṣ,tuṣ
2tuṣ,61-№1362,root_entry,True,0,,,,
tus,61-№1363,root_entry,False,2,,tos,,tus
śabde,,continuation_or_gloss,False,2,,,,
1tuh,61-№1364,root_entry,False,2,,toh,,tuh
2tuh,61-№1365,root_entry,True,0,,,,
tūḍ,61-№1366,root_entry,False,2,,,tū,tūḍ
toḍane ityeke,,continuation_or_gloss,False,2,,,,
1tūṇ,61-№1367,root_entry,False,1,,,,tūṇ
2tūṇ,62-№1368,root_entry,True,0,,,,
tūr,62-№1369,root_entry,False,1,,,,tūr
gatitvaraṇahiṃsanayoḥ,,continuation_or_gloss,True,0,,,,
tūrv,62-№1370,root_entry,False,2,tūrv,tūrv,,
1tūl,62-№1371,root_entry,False,2,,tol,,tūl
2tūl,62-№1372,root_entry,True,0,,,,
tūṣ,62-№1373,root_entry,False,2,,toṣ,,tūṣ
tuṣṭau,,continuation_or_gloss,False,1,,,,
tṛ,62-№1374,root_entry,False,2,tṛ,tṛ/tari,,
tṛṃh,62-№1375,root_entry,True,0,,,,
hiṃsārthāḥ,,continuation_or_gloss,True,0,,,,
tṛkṣ,62-№1376,root_entry,True,0,,,,
gatau,,continuation_or_gloss,True,0,,,,
tṛd,62-№1377,root_entry,False,3,tṛd,tṛd,tṛd,
hiṃsānādarayoḥ,,continuation_or_gloss,False,3,,,,
1tṛṇ,62-№1378,root_entry,True,0,,,,
2tṛṇ,62-№1379,root_entry,True,0,,,,
3tṛṇ,62-№1380,root_entry,True,0,,,,
2tṛd,62-№1381,root_entry,True,0,,,,
tṛn,62-№1382,root_entry,True,0,,,,
tṛp,62-№1383,root_entry,False,4,tṛp,tṛp/tarp,tṛp,tṛp
tṛph,62-№1384,root_entry,True,0,,,,
tṛptau ityeke,,continuation_or_gloss,True,0,,,,
tṛmp,62-№1385,root_entry,True,0,,,,
tṛptau,,continuation_or_gloss,True,0,,,,
tṛmph,62-№1386,root_entry,True,0,,,,
tṛptau ityeke,,continuation_or_gloss,True,0,,,,
tṛṣ,62-№1387,root_entry,False,4,tṛṣ,tṛṣ/tarṣ,tṛṣ,tṛṣ
pipāsāyām,,continuation_or_gloss,False,3,,,,
tṛh,62-№1388,root_entry,False,3,tṛh,tṛh/tarh,tṛh,
tṝ,63-№1389,root_entry,False,1,,,tṝ,
plavanataraṇayoḥ,,continuation_or_gloss,False,1,,,,
tej,63-№1390,root_entry,False,2,,tej,,tej
pālane,,continuation_or_gloss,False,2,,,,
tep,63-№1391,root_entry,False,1,,,,tep
tem,63-№1392,root_entry,True,0,,,,
1tev,63-№1393,root_entry,False,1,,,,tev
2tev,63-№1394,root_entry,True,0,,,,
1toḍ,63-№1395,root_entry,False,1,,,,toḍ
2toḍ,63-№1396,root_entry,True,0,,,,
tyaj,63-№1397,root_entry,False,4,tyaj,tyaj,tyaj,tyaj
hānau,,continuation_or_gloss,False,4,,,,
traṃs,63-№1398,root_entry,False,1,,,,traṃs
bhāṣārthaḥ,,continuation_or_gloss,False,1,,,,
trakh,63-№1399,root_entry,False,2,,trakh,,trakh
gatyarthaḥ ityapi kecit,,continuation_or_gloss,False,2,,,,
traṅk,63-№1400,root_entry,False,1,,,,traṅk
gatyarthaḥ,,continuation_or_gloss,True,0,,,,
traṅkh,63-№1401,root_entry,False,1,,,,traṅkh
traṅg,63-№1402,root_entry,False,1,,,,traṅg
gatyarthaḥ,,continuation_or_gloss,True,0,,,,
trand,63-№1403,root_entry,False,1,,,,trand
ceṣṭāyām,,continuation_or_gloss,False,1,,,,
trap,63-№1404,root_entry,False,4,trap,trap,trap,trap
1tras,63-№1405,root_entry,False,4,tras,tras,1tras,tras
2tras,63-№1406,root_entry,False,1,,,,2tras
udvege,,continuation_or_gloss,False,1,,,,
trā,63-№1407,root_entry,False,4,trā,trā,trā,trā
triṅkh,63-№1408,root_entry,False,1,,,,triṅkh
gatyarthaḥ ityapi kecit,,continuation_or_gloss,False,1,,,,
truṭ,63-№1409,root_entry,False,3,truṭ,troṭ,,truṭ
1truḍ,64-№1410,root_entry,False,1,,,,truḍ
2truḍ,64-№1411,root_entry,True,0,,,,
truṇḍ,64-№1412,root_entry,True,0,,,,
trup,64-№1413,root_entry,False,2,,trup/trop,,trup
hiṃsārthaḥ,,continuation_or_gloss,False,2,,,,
truph,64-№1414,root_entry,True,0,,,,
hiṃsārthaḥ,,continuation_or_gloss,True,0,,,,
trump,64-№1415,root_entry,True,0,,,,
hiṃsārthaḥ,,continuation_or_gloss,True,0,,,,
trumph,64-№1416,root_entry,True,0,,,,
hiṃsārthāḥ,,continuation_or_gloss,True,0,,,,
trūṇ,64-№1417,root_entry,True,0,,,,
1trai,64-№1418,root_entry,False,2,,trai,1trai,
2trai,64-№1419,root_entry,True,0,,,,
trauk,64-№1420,root_entry,False,1,,,,trauk
gatyarthaḥ,,continuation_or_gloss,False,1,,,,
1tvakṣ,64-№1421,root_entry,False,4,tvakṣ,tvakṣ,1tvakṣ,tvakṣ
2tvakṣ,64-№1422,root_entry,True,0,,,,
tvaṅg,64-№1423,root_entry,False,3,tvaṅg,tvaṅg,,tvaṅg
tvac,64-№1424,root_entry,False,2,tvac,,,tvac
saṃvaraṇe,,continuation_or_gloss,False,2,,,,
tvañc,64-№1425,root_entry,False,2,,tvañc,,tvañc
gatyarthaḥ,,continuation_or_gloss,False,2,,,,
tvar,64-№1426,root_entry,False,4,tvar,tvar,tvar,tvar
sambhrame,,continuation_or_gloss,False,4,,,,
tviṣ,64-№1427,root_entry,False,4,tviṣ,tviṣ/tveṣ,tviṣ,tviṣ
dīptau,,continuation_or_gloss,False,4,,,,
tsadm,64-№1428,root_entry,True,0,,,,
tsar,64-№1429,root_entry,False,4,tsar,tsar,tsar,tsar
chadmagatau,,continuation_or_gloss,False,4,,,,
thaṅkh,64-№1430,root_entry,True,0,,,,
tharv,64-№1431,root_entry,False,2,,thav,,tharv
thuḍ,64-№1432,root_entry,False,2,,thuḍ/thoḍ,,thuḍ
saṃvaraṇe,,continuation_or_gloss,False,2,,,,
thurv,64-№1433,root_entry,False,2,thurv,,,thurv
hiṃsārthaḥ,,continuation_or_gloss,False,1,,,,
1daṃç,65-№1434,root_entry,False,4,daṃç,daṃç,1daṃç,daṃç
2daṃç,65-№1435,root_entry,False,1,,,,2daṃç
1daṃs,65-№1436,root_entry,False,4,daṃs,daṃs,daṃs,daṃs
bhāṣārthaḥ ca,,continuation_or_gloss,False,4,,,,
2daṃs,65-№1437,root_entry,True,0,,,,
darśanadaṃśanayoḥ,,continuation_or_gloss,True,0,,,,
daṃh,65-№1438,root_entry,False,1,,,,daṃh
1dakṣ,65-№1439,root_entry,False,4,dakṣ,dakṣ,1dakṣ,dakṣ
2dakṣ,65-№1440,root_entry,True,0,,,,
vṛddhau śīghrārthe ca,,continuation_or_gloss,True,0,,,,
dagh,65-№1441,root_entry,False,4,dagh,dagh,dagh,dagh
ghātane pālane ca,,continuation_or_gloss,False,4,,,,
daṅgh,65-№1442,root_entry,False,1,,,,daṅgh
pālane,,continuation_or_gloss,False,1,,,,
daḍḍ,65-№1443,root_entry,True,0,,,,
1daṇḍ,65-№1444,root_entry,True,0,,,,
2daṇḍ,65-№1445,root_entry,True,0,,,,
daṇḍa,65-№1446,root_entry,False,1,,,,daṇḍa
daṇḍanipāte,,continuation_or_gloss,False,1,,,,
dad,65-№1447,root_entry,False,3,dad,dad,,dad
dāne,,continuation_or_gloss,False,2,,,,
dadh,65-№1448,root_entry,False,2,dadh,,,dadh
dhāraṇe,,continuation_or_gloss,False,1,,,,
dan,65-№1449,root_entry,False,2,dan,,,dan
danv,65-№1450,root_entry,False,1,,,,danv
1dabh,65-№1451,root_entry,False,4,dabh,dabh,1dabh,dabh
2dabh,65-№1452,root_entry,False,1,,,,2dabh
3dabh,65-№1453,root_entry,True,0,,,,
dam,65-№1454,root_entry,False,4,dam,dam/dami,dam,dam
upaśame,,continuation_or_gloss,False,4,,,,
damp,65-№1455,root_entry,True,0,,,,
1dambh,65-№1456,root_entry,False,3,,dambh,1dambh,dambh
2dambh,65-№1457,root_entry,True,0,,,,
3dambh,66-№1458,root_entry,True,0,,,,
4dambh,66-№1459,root_entry,True,0,,,,
day,66-№1460,root_entry,False,3,day,1dayi,,day
dānagatirakṣaṇahiṃsādāneṣu,,continuation_or_gloss,False,3,,,,
daridrā,66-№1461,root_entry,False,2,daridrā,,,daridrā
durgatau,,continuation_or_gloss,False,2,,,,
dal,66-№1462,root_entry,False,3,dal,dal,,dal
1daç,66-№1463,root_entry,False,3,,daç,1daç,daç
2daç,66-№1464,root_entry,True,0,,,,
1das,66-№1465,root_entry,False,3,das,das,,das
darśanadaṃśanayoḥ ityapyeke,,continuation_or_gloss,False,3,,,,
2das,66-№1466,root_entry,True,0,,,,
ca upakṣaye,,continuation_or_gloss,True,0,,,,
3das,66-№1467,root_entry,True,0,,,,
dast,66-№1468,root_entry,True,0,,,,
dah,66-№1469,root_entry,False,4,dah,dah,dah,dah
bhasmīkaraṇe,,continuation_or_gloss,False,4,,,,
1dā,66-№1470,root_entry,False,4,1dā,1dā,1dā,dā
dāne,,continuation_or_gloss,False,3,,,,
2dā,66-№1471,root_entry,False,4,2dā,2dā,2dā,2dā
lavane,,continuation_or_gloss,False,3,,,,
3dā,66-№1472,root_entry,False,4,3dā,3dā,3dā,3dā
dāne,,continuation_or_gloss,False,4,,,,
4dā,66-№1473,root_entry,False,4,4dā,4dā,4dā,4dā
dān,66-№1474,root_entry,False,1,,,,dān
khaṇḍane (avakhaṇḍane),,continuation_or_gloss,True,0,,,,
dāy,66-№1475,root_entry,False,1,,,,dāy
dāḷimb,66-№1476,root_entry,True,0,,,,
1dāç,66-№1477,root_entry,False,3,dāç,dāç,,dāç
2dāç,66-№1478,root_entry,False,1,,,,2dāç
1dās,67-№1479,root_entry,False,3,dās,dās,,dās
2dās,67-№1480,root_entry,True,0,,,,
dinv,67-№1481,root_entry,False,1,,,,dinv
prīṇanārthaḥ,,continuation_or_gloss,False,1,,,,
dip,67-№1482,root_entry,False,1,,,,dip
dimp,67-№1483,root_entry,False,1,,,,dimp
1dimbh,67-№1484,root_entry,False,1,,,,dimbh
2dimbh,67-№1485,root_entry,True,0,,,,
1div,67-№1486,root_entry,False,4,div,div,1div,div
parikūjane,,continuation_or_gloss,False,4,,,,
2div,67-№1487,root_entry,False,1,,,,2div
3div,67-№1488,root_entry,False,1,,,,3div
mardane,,continuation_or_gloss,False,1,,,,
diç,67-№1489,root_entry,False,4,diç,diç/deç,diç,diç
dih,67-№1490,root_entry,False,4,dih,dih/deh,dih,dih
upacaye,,continuation_or_gloss,False,4,,,,
1dī,67-№1491,root_entry,False,4,1dī,dī,1dī,dī
2dī,67-№1492,root_entry,False,4,2dī,2dayi,2dī,2dī
3dī,67-№1493,root_entry,False,2,,,3dī,3dī
dīkṣ,67-№1494,root_entry,False,3,dīkṣ,dīkṣ/dhīkṣ,,dīkṣ
dīdī,67-№1495,root_entry,False,1,,,,dīdī
dīdhī,67-№1496,root_entry,False,2,dīdhī,,,dīdhī
dīptidevanayoḥ,,continuation_or_gloss,False,2,,,,
dīp,67-№1497,root_entry,False,3,dīp,dīp,,dīp
dīptau,,continuation_or_gloss,False,3,,,,
1dīv,67-№1498,root_entry,False,4,1dīv,dīv/dyū,1dīv,dīv
2dīv,67-№1499,root_entry,False,2,2dīv,,,2dīv
1du,67-№1500,root_entry,False,3,du,du/dav,,du
upatāpe,,continuation_or_gloss,False,3,,,,
2du,67-№1501,root_entry,False,1,,,,2du
gatau,,continuation_or_gloss,False,1,,,,
3du,67-№1502,root_entry,False,1,,,,3du
duḥkha,67-№1503,root_entry,False,1,,,,duḥkha
tatkriyāyām,,continuation_or_gloss,False,1,,,,
duḍ,68-№1504,root_entry,True,0,,,,
dudh,68-№1505,root_entry,False,3,dudh,,dudh,dudh
durv,68-№1506,root_entry,False,1,,,,durv
hiṃsārthaḥ,,continuation_or_gloss,False,1,,,,
dul,68-№1507,root_entry,False,2,dul,,,dul
utkṣepe,,continuation_or_gloss,False,1,,,,
duṣ,68-№1508,root_entry,False,4,duṣ,doṣ,duṣ,duṣ
vaikṛtye,,continuation_or_gloss,False,4,,,,
1duh,68-№1509,root_entry,False,4,duh,duh/dugh,1duh,duh
ardane,,continuation_or_gloss,False,4,,,,
2duh,68-№1510,root_entry,False,1,,,,2duh
prapūraṇe,,continuation_or_gloss,True,0,,,,
1dū,68-№1511,root_entry,False,4,dū,dū,1*dū,dū
2dū,68-№1512,root_entry,False,2,,,2dū,2dū
1dṛ,68-№1513,root_entry,False,3,1dṛ,dṛ/dari,1dṛ,
2dṛ,68-№1514,root_entry,False,1,2dṛ,,,
3dṛ,68-№1515,root_entry,True,0,,,,
4dṛ,68-№1516,root_entry,True,0,,,,
dṛṃh,68-№1517,root_entry,False,1,,dṛṃh,,
vṛddhau,,continuation_or_gloss,False,1,,,,
dṛḍh,68-№1518,root_entry,True,0,,,,
1dṛp,68-№1519,root_entry,False,3,dṛp,dṛp/darp,1dṛp,
sandīpane ityeke,,continuation_or_gloss,False,3,,,,
2dṛp,68-№1520,root_entry,True,0,,,,
harṣamohanayoḥ,,continuation_or_gloss,True,0,,,,
3dṛp,68-№1521,root_entry,True,0,,,,
utkleśe,,continuation_or_gloss,True,0,,,,
dṛph,68-№1522,root_entry,True,0,,,,
utkleśe ityeke,,continuation_or_gloss,True,0,,,,
1dṛbh,68-№1523,root_entry,False,3,dṛbh,dṛbh/darbh,1dṛbh,
bhaye (granthe),,continuation_or_gloss,False,3,,,,
2dṛbh,68-№1524,root_entry,True,0,,,,
granthe,,continuation_or_gloss,True,0,,,,
dṛmp,68-№1525,root_entry,True,0,,,,
utkleśe,,continuation_or_gloss,True,0,,,,
dṛmph,69-№1526,root_entry,True,0,,,,
utkleśe ityeke,,continuation_or_gloss,True,0,,,,
dṛç,69-№1527,root_entry,False,4,dṛç,dṛç/darç,dṛç,dṛç
dṛṣ,69-№1528,root_entry,True,0,,,,
1dṛh,69-№1529,root_entry,False,4,dṛh,dṛh/darh,1dṛh,dṛh
2dṛh,69-№1530,root_entry,True,0,,,,
1dṝ,69-№1531,root_entry,False,2,,dṝ,1dṝ,
bhaye,,continuation_or_gloss,False,2,,,,
2dṝ,69-№1532,root_entry,True,0,,,,
hiṃsāyām,,continuation_or_gloss,True,0,,,,
1de,69-№1533,root_entry,True,0,,,,
2de,69-№1534,root_entry,True,0,,,,
dep,69-№1535,root_entry,True,0,,,,
1dev,69-№1536,root_entry,False,2,dev,,,dev
2dev,69-№1537,root_entry,False,1,,,,2dev
1dai,69-№1538,root_entry,False,1,,dai,,
2dai,69-№1539,root_entry,True,0,,,,
do,69-№1540,root_entry,False,2,,do,do,
avakhaṇḍane,,continuation_or_gloss,False,2,,,,
dol,69-№1541,root_entry,True,0,,,,
dyu,69-№1542,root_entry,False,3,dyu,,dyū,dyu
abhigamane,,continuation_or_gloss,False,3,,,,
dyut,69-№1543,root_entry,False,4,dyut,dyut/dyot,dyut,dyut
dīptau,,continuation_or_gloss,False,4,,,,
dyai,69-№1544,root_entry,True,0,,,,
nyakkaraṇe,,continuation_or_gloss,True,0,,,,
dram,69-№1545,root_entry,False,4,dram,dram,dram,dram
gatau,,continuation_or_gloss,False,4,,,,
dramm,69-№1546,root_entry,True,0,,,,
1drā,69-№1547,root_entry,False,4,1drā,1drā,1drā,drā
2drā,69-№1548,root_entry,False,4,2drā,2drā,2drā,2drā
drākh,70-№1549,root_entry,False,1,,,,drākh
śoṣaṇālamarthyoḥ,,continuation_or_gloss,False,1,,,,
drāgh,70-№1550,root_entry,False,2,,drogh,,drāgh
sāmarthye; drāghṛṁ āyāme ca,,continuation_or_gloss,False,2,,,,
drāṅkṣ,70-№1551,root_entry,False,1,,,,drāṅkṣ
kāṅkṣāyām ghoravāsite ca,,continuation_or_gloss,False,1,,,,
drāḍ,70-№1552,root_entry,False,2,drāḍ,,,drāḍ
viśareṇe,,continuation_or_gloss,False,2,,,,
drāh,70-№1553,root_entry,False,1,,,,drāh
nidrākṣaye; nikṣepa ityeke,,continuation_or_gloss,False,1,,,,
drī,70-№1554,root_entry,True,0,,,,
1dru,70-№1555,root_entry,False,4,dru,dru/dravi,1dru,dru
2dru,70-№1556,root_entry,False,1,,,,2dru
druḍ,70-№1557,root_entry,False,1,,,,druḍ
druṇ,70-№1558,root_entry,False,1,,,,druṇ
hiṃsāgatikauṭilyeṣu,,continuation_or_gloss,False,1,,,,
drumm,70-№1559,root_entry,False,1,,,,drumm
druh,70-№1560,root_entry,False,4,druh,druh/droh,druh,druh
jighāṃsāyām,,continuation_or_gloss,False,4,,,,
druhi,70-№1561,root_entry,True,0,,,,
drū,70-№1562,root_entry,False,4,drū,drū,drū,drū
hiṃsāyām,,continuation_or_gloss,False,4,,,,
drūḍ,70-№1563,root_entry,False,1,,,,drūḍ
drek,70-№1564,root_entry,False,2,,drek,,drek
śabdotsāhayoḥ,,continuation_or_gloss,False,2,,,,
drai,70-№1565,root_entry,False,2,,drai,drai,
svapne,,continuation_or_gloss,False,2,,,,
dvar,70-№1566,root_entry,False,3,dvar,,*dvar,dvar
dviṣ,70-№1567,root_entry,False,4,dviṣ,dviṣ/dveṣ,dviṣ,dviṣ
aprītau,,continuation_or_gloss,False,4,,,,
dvṛ,70-№1568,root_entry,True,0,,,,
saṃvaraṇe (varaṇe),,continuation_or_gloss,True,0,,,,
dhakk,70-№1569,root_entry,False,2,,dhakk,,dhakk
nāśane,,continuation_or_gloss,False,2,,,,
dhaj,70-№1570,root_entry,True,0,,,,
dhaṇ,70-№1571,root_entry,False,1,,,,dhaṇ
śabdārthaḥ ityapi kecit,,continuation_or_gloss,False,1,,,,
1dhan,71-№1572,root_entry,False,4,dhan,dhan/dhani,1dhan,dhan
2dhan,71-№1573,root_entry,False,1,,,,2dhan
dhanv,71-№1574,root_entry,False,3,dhanv,dhanv,,dhanv
gatyarthāḥ,,continuation_or_gloss,False,3,,,,
1dham,71-№1575,root_entry,False,4,dham,dham/dhami,1dhami,dham
2dham,71-№1576,root_entry,True,0,,,,
dhav,71-№1577,root_entry,False,4,dhav,dhav/dhavi,dhav,dhav
1dhā,71-№1578,root_entry,False,4,1dhā,dhā,1dhā,dhā
2dhā,71-№1579,root_entry,False,3,2dhā,,2dhā,2dhā
1dhāv,71-№1580,root_entry,False,3,1dhāv,dhāv,,dhāv
2dhāv,71-№1581,root_entry,False,2,2dhāv,,,2dhāv
1dhi,71-№1582,root_entry,False,3,dhi,dhi,,dhi
2dhi,71-№1583,root_entry,False,1,,,,2dhi
dhikṣ,71-№1584,root_entry,False,2,,dhikṣ,,dhikṣ
sandīpanakleśanajīvaneṣu,,continuation_or_gloss,False,1,,,,
1dhinv,71-№1585,root_entry,False,1,,,,dhinv
2dhinv,71-№1586,root_entry,True,0,,,,
dhiṣ,71-№1587,root_entry,False,1,,,,dhiṣ
śabde,,continuation_or_gloss,False,1,,,,
1dhī,71-№1588,root_entry,False,4,dhī,dhī/1dhayi,1dhī,dhī
2dhī,71-№1589,root_entry,False,3,,2dhayi,2dhī,2dhī
dhīv,71-№1590,root_entry,True,0,,,,
dhu,71-№1591,root_entry,False,2,,,dhu,dhu
dhukṣ,71-№1592,root_entry,False,3,dhukṣ,dhukṣ,,dhukṣ
sandīpanakleśanajīvaneṣu,,continuation_or_gloss,False,3,,,,
dhuj,71-№1593,root_entry,True,0,,,,
dhur,72-№1594,root_entry,False,2,,dhvar,,dhur
dhurv,72-№1595,root_entry,False,1,,,,dhurv
hiṃsārthāḥ,,continuation_or_gloss,False,1,,,,
dhū,72-№1596,root_entry,False,4,dhū,dhū,dhū,dhū
1dhūp,72-№1597,root_entry,False,1,,dhūp,,
santāpe,,continuation_or_gloss,False,1,,,,
2dhūp,72-№1598,root_entry,True,0,,,,
bhāṣārthaḥ,,continuation_or_gloss,True,0,,,,
2dhur,72-№1599,root_entry,True,0,,,,
dhūrv,72-№1600,root_entry,False,2,dhūrv,,,dhūrv
dhūç,72-№1601,root_entry,False,1,,,,dhūç
dhūṣ,72-№1602,root_entry,False,1,,,,dhūṣ
kāntikaraṇe ityeke,,continuation_or_gloss,False,1,,,,
dhūs,72-№1603,root_entry,False,1,,dhūs,,
kāntikaraṇe,,continuation_or_gloss,False,1,,,,
1dhṛ,72-№1604,root_entry,False,3,dhṛ,dhṛ/dhar,1dhṛ,
avadhvaṃsane,,continuation_or_gloss,False,3,,,,
2dhṛ,72-№1605,root_entry,True,0,,,,
dhāraṇe,,continuation_or_gloss,True,0,,,,
3dhṛ,72-№1606,root_entry,True,0,,,,
avasthāne,,continuation_or_gloss,True,0,,,,
4dhṛ,72-№1607,root_entry,True,0,,,,
dhṛj,72-№1608,root_entry,True,0,,,,
gatau,,continuation_or_gloss,True,0,,,,
dhṛñj,72-№1609,root_entry,True,0,,,,
gatau,,continuation_or_gloss,True,0,,,,
1dhṛṣ,72-№1610,root_entry,False,3,dhṛṣ,dhṛṣ/dharṣ,1dhṛṣ,
prasahane,,continuation_or_gloss,False,3,,,,
2dhṛṣ,72-№1611,root_entry,True,0,,,,
prāgalbhye,,continuation_or_gloss,True,0,,,,
3dhṛṣ,72-№1612,root_entry,True,0,,,,
4dhṛṣ,72-№1613,root_entry,True,0,,,,
5dhṛṣ,73-№1614,root_entry,True,0,,,,
dhṝ,73-№1615,root_entry,True,0,,,,
vayohānau ityanye,,continuation_or_gloss,True,0,,,,
dhe,73-№1616,root_entry,False,2,,dhe,dhe,
pāne,,continuation_or_gloss,False,2,,,,
dheka,73-№1617,root_entry,True,0,,,,
dhep,73-№1618,root_entry,True,0,,,,
ca gatau,,continuation_or_gloss,True,0,,,,
dhor,73-№1619,root_entry,False,1,,,,dhor
gaticāturye,,continuation_or_gloss,False,1,,,,
dhol,73-№1620,root_entry,True,0,,,,
dhauḍ,73-№1621,root_entry,True,0,,,,
dhmā,73-№1622,root_entry,False,4,dhmā,dhmā,dhmā,dhmā
śabdāgnisaṃyogayoḥ,,continuation_or_gloss,False,3,,,,
dhmāṅkṣ,73-№1623,root_entry,True,0,,,,
dhyā,73-№1624,root_entry,False,4,dhyā,dhyā,dhyā,dhyā
dhyai,73-№1625,root_entry,False,1,,,dhyai,
cintāyām,,continuation_or_gloss,False,1,,,,
dhraj,73-№1626,root_entry,False,3,dhraj,,dhraj,dhraj
gatau,,continuation_or_gloss,False,3,,,,
dhrañj,73-№1627,root_entry,False,1,,,,dhrañj
gatau,,continuation_or_gloss,False,1,,,,
dhraṇ,73-№1628,root_entry,False,2,,dhraṇ,,dhraṇ
śabde,,continuation_or_gloss,False,2,,,,
dhran,73-№1629,root_entry,True,0,,,,
dhras,73-№1630,root_entry,False,2,,dhras,,dhras
dhrā,73-№1631,root_entry,False,1,,,,dhrā
dhrākh,73-№1632,root_entry,False,1,,,,dhrākh
śoṣaṇālamarthyoḥ,,continuation_or_gloss,True,0,,,,
dhrāgh,73-№1633,root_entry,False,1,,,,dhrāgh
dhrāṅkṣ,73-№1634,root_entry,False,1,,,,dhrāṅkṣ
kāṅkṣāyām ghoravāsite ca,,continuation_or_gloss,True,0,,,,
dhrāj,74-№1635,root_entry,True,0,,,,
dhrāḍ,74-№1636,root_entry,False,2,,dhrāḍ,,dhrāḍ
viśareṇe,,continuation_or_gloss,False,1,,,,
dhrij,74-№1637,root_entry,False,1,,,,dhrij
gatau ca,,continuation_or_gloss,True,0,,,,
dhrī,74-№1638,root_entry,True,0,,,,
1dhru,74-№1639,root_entry,False,3,,dhru/dhrav,*dhru,dhru
sthairye,,continuation_or_gloss,False,3,,,,
2dhru,74-№1640,root_entry,False,1,,,,2dhru
dhruv,74-№1641,root_entry,False,1,,,,dhruv
dhrek,74-№1642,root_entry,False,2,,dhrek,,dhrek
śabdotsāhayoḥ,,continuation_or_gloss,False,1,,,,
dhrai,74-№1643,root_entry,False,1,,dhrai,,
tṛptau,,continuation_or_gloss,True,0,,,,
dhvaṃs,74-№1644,root_entry,False,4,dhvaṃs,dhvaṃs,dhvaṃs,dhvaṃs
dhvaj,74-№1645,root_entry,False,1,,,,dhvaj
gatau,,continuation_or_gloss,False,1,,,,
dhvañj,74-№1646,root_entry,False,1,,,,dhvañj
gatau,,continuation_or_gloss,False,1,,,,
dhvaṇ,74-№1647,root_entry,False,1,,,,dhvaṇ
śabdārthāḥ,,continuation_or_gloss,False,1,,,,
dhvan,74-№1648,root_entry,False,4,dhvan,dhvan/dhvani,dhvan,dhvan
dhvana,74-№1649,root_entry,False,1,,,,dhvana
śabde,,continuation_or_gloss,True,0,,,,
dhvas,74-№1650,root_entry,False,2,,dhvas,,dhvas
dhvāṅkṣ,74-№1651,root_entry,False,1,,,*dhvun,
dhvṛ,74-№1652,root_entry,False,2,dhvṛ,,dhvṛ,
hūrchane,,continuation_or_gloss,False,2,,,,
dhvraṇ,74-№1653,root_entry,False,1,,,,dhvraṇ
naṃç,74-№1654,root_entry,False,2,naṃç,,,naṃç
nakk,75-№1655,root_entry,False,2,,nakk,,nakk
nāśane,,continuation_or_gloss,False,2,,,,
nakṣ,75-№1656,root_entry,False,4,nakṣ,nakṣ,nakṣ,nakṣ
gatau,,continuation_or_gloss,False,4,,,,
nakh,75-№1657,root_entry,False,1,,,,nakh
gatyarthaḥ,,continuation_or_gloss,True,0,,,,
naṅkh,75-№1658,root_entry,False,1,,,,naṅkh
gatyarthaḥ,,continuation_or_gloss,False,1,,,,
naj,75-№1659,root_entry,False,1,,,,naj
nañj,75-№1660,root_entry,True,0,,,,
1naṭ,75-№1661,root_entry,False,3,naṭ,naṭ,,naṭ
nṛtau,,continuation_or_gloss,False,3,,,,
2naṭ,75-№1662,root_entry,True,0,,,,
3naṭ,75-№1663,root_entry,True,0,,,,
bhāṣārthaḥ ca,,continuation_or_gloss,True,0,,,,
1naḍ,75-№1664,root_entry,False,1,,,,naḍ
2naḍ,75-№1665,root_entry,True,0,,,,
nath,75-№1666,root_entry,True,0,,,,
1nad,75-№1667,root_entry,False,4,nad,nad/nadh,1nad,nad
2nad,75-№1668,root_entry,True,0,,,,
nan,75-№1669,root_entry,True,0,,,,
nand,75-№1670,root_entry,False,3,nand,nand,,nand
samṛddhau,,continuation_or_gloss,False,3,,,,
nabh,75-№1671,root_entry,False,4,nabh,nabh,nabh,nabh
nam,75-№1672,root_entry,False,4,nam,nam,nam,nam
1namb,76-№1673,root_entry,False,1,,,,namb
2namb,76-№1674,root_entry,True,0,,,,
nay,76-№1675,root_entry,False,2,,nayi,,nay
gatau; ṇayaṁ rakṣaṇe ca,,continuation_or_gloss,False,2,,,,
nard,76-№1676,root_entry,False,4,nard,nard/nṛd,nard,nard
śabde,,continuation_or_gloss,False,4,,,,
narb,76-№1677,root_entry,False,1,,,,narb
1nal,76-№1678,root_entry,False,1,,,,nal
gandhe; bandhana ityeke,,continuation_or_gloss,False,1,,,,
2nal,76-№1679,root_entry,True,0,,,,
bhāṣārthaḥ ca,,continuation_or_gloss,True,0,,,,
3nal,76-№1680,root_entry,True,0,,,,
nall,76-№1681,root_entry,True,0,,,,
1naç,76-№1682,root_entry,False,4,1naç,1naç,1naç,naç
2naç,76-№1683,root_entry,False,4,2naç,2naç,2naç,2naç
nas,76-№1684,root_entry,False,4,nas,nas,nas,nas
kauṭilye,,continuation_or_gloss,False,3,,,,
nah,76-№1685,root_entry,False,4,nah,nah,nah,nah
bandhane,,continuation_or_gloss,False,4,,,,
nāth,76-№1686,root_entry,False,3,nāth,nāth,,nāth
yācñopatāpaiśvaryāśīṣṣu,,continuation_or_gloss,False,3,,,,
nādh,76-№1687,root_entry,False,3,,nādh,nādh,nādh
yācñopatāpaiśvaryāśīṣṣu,,continuation_or_gloss,False,2,,,,
nāy,76-№1688,root_entry,True,0,,,,
nās,76-№1689,root_entry,False,1,,,,nās
śabde,,continuation_or_gloss,True,0,,,,
niṃs,76-№1690,root_entry,False,3,niṃs,niṃs,,niṃs
cumbane,,continuation_or_gloss,False,3,,,,
nikṣ,76-№1691,root_entry,False,4,nikṣ,nikç,nikṣ,nikṣ
cumbane,,continuation_or_gloss,False,4,,,,
nij,77-№1692,root_entry,False,4,nij,nij/nej,nij,nij
śaucapoṣaṇayoḥ,,continuation_or_gloss,False,4,,,,
niñj,77-№1693,root_entry,True,0,,,,
śuddhau,,continuation_or_gloss,True,0,,,,
niḍ,77-№1694,root_entry,True,0,,,,
nid,77-№1695,root_entry,False,3,,nid,nid,nid
kutsāsannikarṣayoḥ,,continuation_or_gloss,False,3,,,,
nind,77-№1696,root_entry,False,3,nind,nind,,nind
kutsāyām,,continuation_or_gloss,False,3,,,,
ninv,77-№1697,root_entry,False,1,,,,ninv
secane; secane cetyeke,,continuation_or_gloss,False,1,,,,
nimb,77-№1698,root_entry,True,0,,,,
1nil,77-№1699,root_entry,False,1,,,,nil
2nil,77-№1700,root_entry,True,0,,,,
nill,77-№1701,root_entry,True,0,,,,
niv,77-№1702,root_entry,True,0,,,,
nivāsa,77-№1703,root_entry,False,1,,,,nivāsa
ācchādane,,continuation_or_gloss,True,0,,,,
niç,77-№1704,root_entry,False,1,,,,niç
niṣ,77-№1705,root_entry,False,1,,,,niṣ
secane,,continuation_or_gloss,False,1,,,,
1niṣk,77-№1706,root_entry,False,1,,,,niṣk
2niṣk,77-№1707,root_entry,True,0,,,,
nī,77-№1708,root_entry,False,4,nī,nī,nī,nī
prāpaṇe,,continuation_or_gloss,False,4,,,,
nīḍ,77-№1709,root_entry,False,1,nīḍ,,,
nīn,77-№1710,root_entry,True,0,,,,
1nīl,77-№1711,root_entry,False,1,,,,nīl
2nīl,78-№1712,root_entry,True,0,,,,
nīv,78-№1713,root_entry,False,2,,nīv,,nīv
sthaulye,,continuation_or_gloss,False,1,,,,
1nu,78-№1714,root_entry,False,4,1nu,nu/navi,1nu,nu
stutau,,continuation_or_gloss,False,4,,,,
2nu,78-№1715,root_entry,False,3,2nu,,2nu,2nu
stutau,,continuation_or_gloss,False,3,,,,
3nu,78-№1716,root_entry,False,1,,,,3nu
nuḍ,78-№1717,root_entry,False,1,,,,nuḍ
nuṇumb,78-№1718,root_entry,True,0,,,,
nud,78-№1719,root_entry,False,4,nud,nud/nod,nud,nud
nū,78-№1720,root_entry,False,3,,nū,nū,nū
stutau,,continuation_or_gloss,False,3,,,,
nūn,78-№1721,root_entry,True,0,,,,
nṛ,78-№1722,root_entry,False,1,nṛ,,,
nṛt,78-№1723,root_entry,False,4,nṛt,nṛt/nart,nṛt,nṛt
gātravikṣepe,,continuation_or_gloss,False,3,,,,
nṝ,78-№1724,root_entry,True,0,,,,
ned,78-№1725,root_entry,False,3,ned,,ned,ned
kutsāsannikarṣayoḥ,,continuation_or_gloss,False,3,,,,
nev,78-№1726,root_entry,True,0,,,,
neṣ,78-№1727,root_entry,False,1,,,,neṣ
gatau,,continuation_or_gloss,False,1,,,,
nau,78-№1728,root_entry,False,1,,,,nau
nvī,78-№1729,root_entry,True,0,,,,
paṃç,78-№1730,root_entry,False,2,,paṃç,,paṃç
paṃs,78-№1731,root_entry,True,0,,,,
nāśane,,continuation_or_gloss,True,0,,,,
1pakṣ,78-№1732,root_entry,False,1,,,,pakṣ
parigraha ityeke,,continuation_or_gloss,True,0,,,,
2pakṣ,79-№1733,root_entry,True,0,,,,
parigrahe,,continuation_or_gloss,True,0,,,,
pakṣa,79-№1734,root_entry,False,1,,,,pakṣa
1pac,79-№1735,root_entry,False,4,pac,pac,1pac,pac
2pac,79-№1736,root_entry,False,1,,,,2pac
pach,79-№1737,root_entry,True,0,,,,
paj,79-№1738,root_entry,False,4,paj,paj,*paj,paj
1pañc,79-№1739,root_entry,False,2,,pañc,,pañc
vyaktīkaraṇe,,continuation_or_gloss,False,2,,,,
2pañc,79-№1740,root_entry,True,0,,,,
vistāravacane,,continuation_or_gloss,True,0,,,,
1pañj,79-№1741,root_entry,False,1,,,,pañj
2pañj,79-№1742,root_entry,True,0,,,,
1paṭ,79-№1743,root_entry,False,3,paṭ,paṭ,,paṭ
gatau,,continuation_or_gloss,False,3,,,,
2paṭ,79-№1744,root_entry,True,0,,,,
bhāṣārthaḥ,,continuation_or_gloss,True,0,,,,
paṭa,79-№1745,root_entry,False,1,,,,paṭa
granthe,,continuation_or_gloss,False,1,,,,
paṭṭ,79-№1746,root_entry,True,0,,,,
paṭh,79-№1747,root_entry,False,3,paṭh,paṭh,,paṭh
vyaktāyāṃ vāci,,continuation_or_gloss,False,3,,,,
paḍḍ,79-№1748,root_entry,True,0,,,,
1paṇ,79-№1749,root_entry,False,3,paṇ,paṇ/paṇi,,paṇ
2paṇ,79-№1750,root_entry,False,1,,,,2paṇ
1paṇḍ,79-№1751,root_entry,False,1,,,,paṇḍ
gatau,,continuation_or_gloss,False,1,,,,
2paṇḍ,79-№1752,root_entry,True,0,,,,
nāśane,,continuation_or_gloss,True,0,,,,
3paṇḍ,79-№1753,root_entry,True,0,,,,
4paṇḍ,79-№1754,root_entry,True,0,,,,
5paṇḍ,79-№1755,root_entry,True,0,,,,
1pat,79-№1756,root_entry,False,4,1pat,1pat/pati,1pat,pat
2pat,79-№1757,root_entry,False,4,2pat,2pat,2pat,2pat
pata,79-№1758,root_entry,False,1,,,,pata
1path,79-№1759,root_entry,False,3,path,path,,path
gatau,,continuation_or_gloss,False,3,,,,
2path,80-№1760,root_entry,False,1,,,,2path
prakṣepe ityeke,,continuation_or_gloss,False,1,,,,
1pad,80-№1761,root_entry,False,4,pad,pad,1pad,pad
2pad,80-№1762,root_entry,False,1,,,,2pad
pada,80-№1763,root_entry,False,1,,,,pada
gatau,,continuation_or_gloss,False,1,,,,
pan,80-№1764,root_entry,False,3,pan,,*pan,pan
ca vyavahāre stutau ca,,continuation_or_gloss,False,3,,,,
panth,80-№1765,root_entry,False,1,,,,panth
gatau,,continuation_or_gloss,False,1,,,,
pappūla,80-№1766,root_entry,True,0,,,,
pamp,80-№1767,root_entry,True,0,,,,
pamb,80-№1768,root_entry,False,1,,,,pamb
pay,80-№1769,root_entry,False,2,,pay/1payi,,pay
gatau,,continuation_or_gloss,False,2,,,,
parṇa,80-№1770,root_entry,False,1,,,,parṇa
haritabhāve,,continuation_or_gloss,True,0,,,,
parth,80-№1771,root_entry,True,0,,,,
pard,80-№1772,root_entry,False,4,pard,pard,pard,pard
kutsite śabde,,continuation_or_gloss,False,4,,,,
parp,80-№1773,root_entry,False,1,,,,parp
gatau,,continuation_or_gloss,False,1,,,,
parb,80-№1774,root_entry,False,1,,parb,,
gatau,,continuation_or_gloss,False,1,,,,
parv,80-№1775,root_entry,False,1,,,,parv
pūraṇe,,continuation_or_gloss,False,1,,,,
parṣ,80-№1776,root_entry,False,2,,parṣ,,parṣ
1pal,80-№1777,root_entry,False,1,,,,pal
gatau,,continuation_or_gloss,False,1,,,,
2pal,80-№1778,root_entry,True,0,,,,
rakṣaṇe ityeke,,continuation_or_gloss,True,0,,,,
3pal,80-№1779,root_entry,True,0,,,,
pala,80-№1780,root_entry,False,1,,,,pala
palpūla,80-№1781,root_entry,True,0,,,,
palyula,80-№1782,root_entry,True,0,,,,
palyūla,80-№1783,root_entry,True,0,,,,
lavanapavanayoḥ,,continuation_or_gloss,True,0,,,,
1pall,81-№1784,root_entry,False,1,,,,pall
2pall,81-№1785,root_entry,True,0,,,,
pav,81-№1786,root_entry,False,2,,pavi,,pav
1paç,81-№1787,root_entry,False,4,1paç,paç,1paç,paç
2paç,81-№1788,root_entry,False,2,2paç,,,2paç
3paç,81-№1789,root_entry,False,1,,,,3paç
4paç,81-№1790,root_entry,False,1,,,,4paç
paça,81-№1791,root_entry,True,0,,,,
1paṣ,81-№1792,root_entry,False,1,,,,paṣ
2paṣ,81-№1793,root_entry,True,0,,,,
paṣa,81-№1794,root_entry,True,0,,,,
anupasargāt (gatau),,continuation_or_gloss,True,0,,,,
1pas,81-№1795,root_entry,False,1,,,,pas
2pas,81-№1796,root_entry,False,1,,,,2pas
1pā,81-№1797,root_entry,False,4,1pā,1pā,1pā,pā
pāne,,continuation_or_gloss,False,4,,,,
2pā,81-№1798,root_entry,False,4,2pā,2pā,2pā,2pā
rakṣaṇe,,continuation_or_gloss,False,3,,,,
3pā,81-№1799,root_entry,False,4,3pā,3pā,3pā,3pā
pāṃs,81-№1800,root_entry,True,0,,,,
pāy,81-№1801,root_entry,False,2,pāy,,,pāy
pāra,81-№1802,root_entry,False,1,,,,pāra
karmasamāptau,,continuation_or_gloss,False,1,,,,
pārth,81-№1803,root_entry,True,0,,,,
pāl,81-№1804,root_entry,True,0,,,,
rakṣaṇe,,continuation_or_gloss,True,0,,,,
pāṣ,81-№1805,root_entry,True,0,,,,
pāṣaṇḍ,81-№1806,root_entry,True,0,,,,
1pi,82-№1807,root_entry,False,3,pi,,1pi,pi
2pi,82-№1808,root_entry,False,1,,,,2pi
piṃç,82-№1809,root_entry,False,1,,,,piṃç
piṃṣ,82-№1810,root_entry,False,1,,,,piṃṣ
picc,82-№1811,root_entry,False,3,,picc/pic,pic,picc
1pich,82-№1812,root_entry,False,1,,,,pich
2pich,82-№1813,root_entry,True,0,,,,
pij,82-№1814,root_entry,False,1,,,*pāj,
hiṃsābalādānaniketaneṣu,,continuation_or_gloss,False,1,,,,
piñch,82-№1815,root_entry,True,0,,,,
1piṇj,82-№1816,root_entry,True,0,,,,
2piṇj,82-№1817,root_entry,True,0,,,,
3piṇj,82-№1818,root_entry,True,0,,,,
4piṇj,82-№1819,root_entry,True,0,,,,
1piṭ,82-№1820,root_entry,False,1,,,,piṭ
2piṭ,82-№1821,root_entry,True,0,,,,
piṭṭ,82-№1822,root_entry,True,0,,,,
1piṭh,82-№1823,root_entry,False,1,,,,piṭh
2piṭh,82-№1824,root_entry,True,0,,,,
piḍ,82-№1825,root_entry,True,0,,,,
piṇ,82-№1826,root_entry,True,0,,,,
1piṇḍ,82-№1827,root_entry,False,1,,,,piṇḍ
saṅghāte,,continuation_or_gloss,False,1,,,,
2piṇḍ,83-№1828,root_entry,True,0,,,,
saṅghāte,,continuation_or_gloss,True,0,,,,
pinv,83-№1829,root_entry,False,2,pinv,,,pinv
secane; secane cetyeke,,continuation_or_gloss,False,2,,,,
pipal,83-№1830,root_entry,True,0,,,,
pipīl,83-№1831,root_entry,True,0,,,,
pippal,83-№1832,root_entry,True,0,,,,
pibd,83-№1833,root_entry,False,2,pibd,,,pibd
1pil,83-№1834,root_entry,False,1,,,,pil
2pil,83-№1835,root_entry,True,0,,,,
pill,83-№1836,root_entry,True,0,,,,
1piç,83-№1837,root_entry,False,4,piç,piç,1piç,piç
2piç,83-№1838,root_entry,False,1,,,,2piç
piṣ,83-№1839,root_entry,False,4,piṣ,piṣ,piṣ,piṣ
sañcūrṇane,,continuation_or_gloss,False,4,,,,
pis,83-№1840,root_entry,False,3,pis,pis,,pis
1pī,83-№1841,root_entry,False,4,1pī,pī,1pī,pī
2pī,83-№1842,root_entry,False,4,2pī,2payi,2pī,2pī
3pī,83-№1843,root_entry,False,1,,,3pī,
pīḍ,83-№1844,root_entry,False,4,pīḍ,pīḍ,pīḍ,pīḍ
avagāhane,,continuation_or_gloss,False,4,,,,
pīṇ,83-№1845,root_entry,True,0,,,,
1pīy,83-№1846,root_entry,False,2,pīy,,,pīy
2pīy,83-№1847,root_entry,True,0,,,,
1pīl,83-№1848,root_entry,False,1,,,,pīl
2pīl,83-№1849,root_entry,True,0,,,,
pīv,83-№1850,root_entry,False,1,,,,pīv
sthaulye,,continuation_or_gloss,True,0,,,,
pīṣ,83-№1851,root_entry,True,0,,,,
1pu,84-№1852,root_entry,True,0,,,,
2pu,84-№1853,root_entry,True,0,,,,
puṃs,84-№1854,root_entry,False,1,,,,puṃs
abhivardhaṇe,,continuation_or_gloss,True,0,,,,
puccha,84-№1855,root_entry,False,1,,,,puccha
1puch,84-№1856,root_entry,False,1,,,,puch
2puch,84-№1857,root_entry,True,0,,,,
1puṭ,84-№1858,root_entry,False,2,puṭ,,,puṭ
mardane (pramardane) ityeke,,continuation_or_gloss,False,2,,,,
2puṭ,84-№1859,root_entry,True,0,,,,
bhāṣārthaḥ,,continuation_or_gloss,True,0,,,,
3puṭ,84-№1860,root_entry,True,0,,,,
saṃśleṣaṇe,,continuation_or_gloss,True,0,,,,
4puṭ,84-№1861,root_entry,True,0,,,,
puṭa,84-№1862,root_entry,False,1,,,,puṭa
saṃsarge,,continuation_or_gloss,True,0,,,,
puṭṭ,84-№1863,root_entry,False,1,,puṭṭ,,
alpībhāve,,continuation_or_gloss,False,1,,,,
1puḍ,84-№1864,root_entry,False,1,,,,puḍ
puṭaṁ mardane (pramardane),,continuation_or_gloss,False,1,,,,
2puḍ,84-№1865,root_entry,True,0,,,,
utsarge,,continuation_or_gloss,True,0,,,,
1puṇ,84-№1866,root_entry,False,1,,,,puṇ
saṅghāte ityanye,,continuation_or_gloss,False,1,,,,
2puṇ,84-№1867,root_entry,True,0,,,,
karmaṇi śubhe,,continuation_or_gloss,True,0,,,,
3puṇ,84-№1868,root_entry,True,0,,,,
puṇṭ,84-№1869,root_entry,False,1,,,,puṇṭ
bhāṣārthaḥ ca,,continuation_or_gloss,False,1,,,,
1puṇḍ,84-№1870,root_entry,False,1,,,,puṇḍ
2puṇḍ,84-№1871,root_entry,True,0,,,,
3puṇḍ,84-№1872,root_entry,True,0,,,,
put,84-№1873,root_entry,False,1,,,,put
1puth,84-№1874,root_entry,False,4,puth,puth/poth,puth,puth
bhāṣārthaḥ,,continuation_or_gloss,False,4,,,,
2puth,84-№1875,root_entry,True,0,,,,
hiṃsāyām,,continuation_or_gloss,True,0,,,,
punth,84-№1876,root_entry,False,1,,,,punth
hiṃsāsaṅkleśanayoḥ,,continuation_or_gloss,True,0,,,,
pur,84-№1877,root_entry,False,1,,,,pur
agragamane,,continuation_or_gloss,True,0,,,,
purb,85-№1878,root_entry,True,0,,,,
1purv,85-№1879,root_entry,False,1,,,,purv
2purv,85-№1880,root_entry,True,0,,,,
1pul,85-№1881,root_entry,False,1,,,,pul
mahattve,,continuation_or_gloss,True,0,,,,
2pul,85-№1882,root_entry,True,0,,,,
mahattve,,continuation_or_gloss,True,0,,,,
pull,85-№1883,root_entry,True,0,,,,
1puṣ,85-№1884,root_entry,False,4,puṣ,puṣ,1puṣ,puṣ
puṣṭau,,continuation_or_gloss,False,4,,,,
2puṣ,85-№1885,root_entry,False,1,,,,2puṣ
vibhāge ca iti kecit,,continuation_or_gloss,True,0,,,,
3puṣ,85-№1886,root_entry,False,1,,,,3puṣ
dhāraṇe,,continuation_or_gloss,False,1,,,,
puṣk,85-№1887,root_entry,True,0,,,,
1puṣp,85-№1888,root_entry,False,1,,,,puṣp
2puṣp,85-№1889,root_entry,True,0,,,,
1pus,85-№1890,root_entry,False,2,,pos,,pus
2pus,85-№1891,root_entry,True,0,,,,
pust,85-№1892,root_entry,False,1,,,,pust
ādarānādarayoḥ,,continuation_or_gloss,False,1,,,,
pū,85-№1893,root_entry,False,3,pū,,pū,pū
pūj,85-№1894,root_entry,False,3,pūj,pūj,,pūj
pūjāyām,,continuation_or_gloss,False,3,,,,
1pūṇ,85-№1895,root_entry,False,1,,,,pūṇ
2pūṇ,85-№1896,root_entry,True,0,,,,
pūy,85-№1897,root_entry,False,2,pūy,,,pūy
viśaraṇe durgandhe ca,,continuation_or_gloss,False,2,,,,
pūr,86-№1898,root_entry,False,2,pūr,,,pūr
pūrṇ,86-№1899,root_entry,True,0,,,,
saṅghāte ityeke,,continuation_or_gloss,True,0,,,,
pūrb,86-№1900,root_entry,False,1,,,,pūrb
1pūrv,86-№1901,root_entry,False,1,,,,pūrv
pūraṇe,,continuation_or_gloss,False,1,,,,
2pūrv,86-№1902,root_entry,True,0,,,,
niketane ityanye,,continuation_or_gloss,True,0,,,,
pūl,86-№1903,root_entry,False,1,,,,pūl
pūṣ,86-№1904,root_entry,False,2,,poṣ,,pūṣ
vṛddhau,,continuation_or_gloss,False,1,,,,
1pṛ,86-№1905,root_entry,False,3,1pṛ,pṛ/1pari,1pṛ,
pālanapūraṇayoḥ ityeke,,continuation_or_gloss,False,3,,,,
2pṛ,86-№1906,root_entry,False,2,2pṛ,2pari,,
prītau,,continuation_or_gloss,False,2,,,,
3pṛ,86-№1907,root_entry,False,1,3pṛ,,,
vyāyāme,,continuation_or_gloss,False,1,,,,
4pṛ,86-№1908,root_entry,True,0,,,,
5pṛ,86-№1909,root_entry,True,0,,,,
1pṛc,86-№1910,root_entry,False,4,pṛc,pṛc/1parc,1pṛc,pṛc
saṃyamane,,continuation_or_gloss,False,3,,,,
2pṛc,86-№1911,root_entry,True,0,,,,
samparcane (samparke),,continuation_or_gloss,True,0,,,,
pṛj,86-№1912,root_entry,False,2,,prajj,pṛj,
pṛñc,86-№1913,root_entry,True,0,,,,
1pṛñj,86-№1914,root_entry,True,0,,,,
2pṛñj,86-№1915,root_entry,True,0,,,,
pṛḍ,86-№1916,root_entry,True,0,,,,
sukhane ca,,continuation_or_gloss,True,0,,,,
1pṛṇ,86-№1917,root_entry,False,1,pṛṇ,,,
2pṛṇ,86-№1918,root_entry,True,0,,,,
1pṛt,87-№1919,root_entry,False,4,pṛt,part,*pṛt,pṛt
2pṛt,87-№1920,root_entry,True,0,,,,
1pṛth,87-№1921,root_entry,False,2,,,1pṛth,pṛth
2pṛth,87-№1922,root_entry,True,0,,,,
3pṛth,87-№1923,root_entry,True,0,,,,
pṛç,87-№1924,root_entry,False,3,pṛç,pracch,praç,
1pṛṣ,87-№1925,root_entry,False,2,,prakṣ,1pṛṣ,
2pṛṣ,87-№1926,root_entry,True,0,,,,
3pṛṣ,87-№1927,root_entry,True,0,,,,
1pṝ,87-№1928,root_entry,False,2,,pṝ,1pṝ,
pālanapūraṇayoḥ,,continuation_or_gloss,False,2,,,,
2pṝ,87-№1929,root_entry,False,1,,,2pṝ,
pūraṇe,,continuation_or_gloss,False,1,,,,
peṇ,87-№1930,root_entry,False,1,,,,peṇ
peb,87-№1931,root_entry,False,1,,,,peb
pel,87-№1932,root_entry,False,1,,,,pel
gatau,,continuation_or_gloss,False,1,,,,
pev,87-№1933,root_entry,False,1,,,,pev
sevane,,continuation_or_gloss,True,0,,,,
peç,87-№1934,root_entry,False,1,,peç,,
peṣ,87-№1935,root_entry,False,2,,peṣ,,peṣ
prayatne,,continuation_or_gloss,False,1,,,,
pes,87-№1936,root_entry,False,2,,pes,,pes
gatau,,continuation_or_gloss,False,2,,,,
pai,87-№1937,root_entry,True,0,,,,
śoṣaṇe,,continuation_or_gloss,True,0,,,,
paiṇ,87-№1938,root_entry,False,1,,,,paiṇ
gatipreraṇaśleṣaṇeṣu,,continuation_or_gloss,False,1,,,,
poñch,87-№1939,root_entry,False,1,,proñch,,
pyā,87-№1940,root_entry,False,4,pyā,pyā,pyā,pyā
pyāy,87-№1941,root_entry,False,1,,,,pyāy
vṛddhau,,continuation_or_gloss,False,1,,,,
1pyuṣ,88-№1942,root_entry,False,1,,,,pyuṣ
2pyuṣ,88-№1943,root_entry,True,0,,,,
3pyuṣ,88-№1944,root_entry,True,0,,,,
1pyus,88-№1945,root_entry,False,1,,,,pyus
2pyus,88-№1946,root_entry,True,0,,,,
pyai,88-№1947,root_entry,False,2,,pyai,pyai,
vṛddhau,,continuation_or_gloss,False,2,,,,
prach,88-№1948,root_entry,False,2,prach,,,prach
jñīpsāyām,,continuation_or_gloss,False,2,,,,
1prath,88-№1949,root_entry,False,4,prath,prath,1prath,prath
prakhyāne,,continuation_or_gloss,False,4,,,,
2prath,88-№1950,root_entry,False,1,,,,2prath
prakhyāne,,continuation_or_gloss,False,1,,,,
pras,88-№1951,root_entry,False,1,,,,pras
vistāre,,continuation_or_gloss,False,1,,,,
prā,88-№1952,root_entry,False,4,prā,prā,prā,prā
pūraṇe,,continuation_or_gloss,False,4,,,,
1prī,88-№1953,root_entry,False,4,prī,prī/prayi,1prī,prī
tarpane,,continuation_or_gloss,False,4,,,,
2prī,88-№1954,root_entry,False,1,,,,2prī
prītau (prīṇane),,continuation_or_gloss,False,1,,,,
3prī,88-№1955,root_entry,True,0,,,,
tarpane kāntau ca,,continuation_or_gloss,True,0,,,,
pru,88-№1956,root_entry,False,4,pru,pru/prav,pru,pru
gatau,,continuation_or_gloss,False,4,,,,
1pruth,88-№1957,root_entry,False,4,pruth,pruth,1pruth,pruth
2pruth,88-№1958,root_entry,True,0,,,,
1pruṣ,88-№1959,root_entry,False,4,pruṣ,pruṣ/proṣ,1pruṣ,pruṣ
dāhe,,continuation_or_gloss,False,4,,,,
2pruṣ,88-№1960,root_entry,False,1,,,,2pruṣ
snehanasevanapūraṇeṣu,,continuation_or_gloss,False,1,,,,
preṅkhola,88-№1961,root_entry,True,0,,,,
preṇ,88-№1962,root_entry,False,1,,,,preṇ
preṣ,88-№1963,root_entry,False,1,,,,preṣ
gatau,,continuation_or_gloss,False,1,,,,
praiṇ,88-№1964,root_entry,False,1,,,,praiṇ
ityapi gatipreraṇaśleṣaṇeṣu,,continuation_or_gloss,True,0,,,,
proth,89-№1965,root_entry,False,1,,,,proth
paryāptau,,continuation_or_gloss,False,1,,,,
1plakṣ,89-№1966,root_entry,False,3,,plakṣ,1*plakṣ,plakṣ
2plakṣ,89-№1967,root_entry,True,0,,,,
plab,89-№1968,root_entry,False,1,,,,plab
plav,89-№1969,root_entry,False,2,,plav,,plav
plih,89-№1970,root_entry,False,1,,,,plih
gatau,,continuation_or_gloss,False,1,,,,
plī,89-№1971,root_entry,False,2,plī,,,plī
gatau,,continuation_or_gloss,False,1,,,,
plīh,89-№1972,root_entry,True,0,,,,
plu,89-№1973,root_entry,False,3,plu,plu,,plu
gatau,,continuation_or_gloss,False,3,,,,
1pluṣ,89-№1974,root_entry,False,2,pluṣ,,,pluṣ
dāhe,,continuation_or_gloss,False,2,,,,
2pluṣ,89-№1975,root_entry,True,0,,,,
ca dāhe,,continuation_or_gloss,True,0,,,,
plus,89-№1976,root_entry,False,1,,,,plus
plev,89-№1977,root_entry,False,1,,,,plev
sevane ityapyeke,,continuation_or_gloss,False,1,,,,
psā,89-№1978,root_entry,False,4,psā,psā,psā,psā
bhakṣaṇe,,continuation_or_gloss,False,4,,,,
phakk,89-№1979,root_entry,False,3,phakk,phakk,,phakk
nicairgatau,,continuation_or_gloss,False,2,,,,
1phaṇ,89-№1980,root_entry,False,4,phaṇ,phaṇ,1phaṇ,phaṇ
2phaṇ,89-№1981,root_entry,True,0,,,,
phar,89-№1982,root_entry,False,4,phar,phar,*phar,phar
pharv,89-№1983,root_entry,False,1,,,,pharv
1phal,89-№1984,root_entry,False,4,1phal,phal,1phal,phal
2phal,89-№1985,root_entry,False,2,2phal,,,2phal
3phal,89-№1986,root_entry,False,1,,,,3phal
phalph,89-№1987,root_entry,True,0,,,,
phu,90-№1988,root_entry,False,1,,,,phu
phul,90-№1989,root_entry,True,0,,,,
phull,90-№1990,root_entry,False,1,,,,phull
vikasane,,continuation_or_gloss,False,1,,,,
phel,90-№1991,root_entry,False,1,,,,phel
gatau,,continuation_or_gloss,False,1,,,,
phreṇ,90-№1992,root_entry,True,0,,,,
1baṃh,90-№1993,root_entry,False,4,baṃh,baṃh,1baṃh,baṃh
2baṃh,90-№1994,root_entry,True,0,,,,
baṭ,90-№1995,root_entry,False,1,,,,baṭ
baṭa,90-№1996,root_entry,True,0,,,,
baṭh,90-№1997,root_entry,True,0,,,,
sthaulye ityeke,,continuation_or_gloss,True,0,,,,
baṇ,90-№1998,root_entry,True,0,,,,
śabde ityapi kecit,,continuation_or_gloss,True,0,,,,
baṇṭ,90-№1999,root_entry,True,0,,,,
vibhājane ityeke,,continuation_or_gloss,True,0,,,,
bad,90-№2000,root_entry,False,1,,,,bad
sthairye,,continuation_or_gloss,False,1,,,,
1badh,90-№2001,root_entry,False,1,,,,badh
bandhane,,continuation_or_gloss,False,1,,,,
2badh,90-№2002,root_entry,True,0,,,,
saṃyamane,,continuation_or_gloss,True,0,,,,
ban,90-№2003,root_entry,True,0,,,,
band,90-№2004,root_entry,False,1,,,,band
bandh,90-№2005,root_entry,False,4,bandh,bandh,bandh,bandh
baps,90-№2006,root_entry,False,2,,baps,,baps
babhr,90-№2007,root_entry,False,1,,,,babhr
gatyarthaḥ,,continuation_or_gloss,True,0,,,,
bamb,90-№2008,root_entry,False,1,,,,bamb
barph,90-№2009,root_entry,True,0,,,,
barb,91-№2010,root_entry,False,1,,,,barb
gatau,,continuation_or_gloss,False,1,,,,
1barh,91-№2011,root_entry,False,2,,barh,,barh
prādhānye,,continuation_or_gloss,False,2,,,,
2barh,91-№2012,root_entry,False,1,,,,2barh
bhāṣārthaḥ,,continuation_or_gloss,False,1,,,,
3barh,91-№2013,root_entry,False,1,,,,3barh
hiṃsāyām,,continuation_or_gloss,False,1,,,,
4barh,91-№2014,root_entry,False,1,,,,4barh
5barh,91-№2015,root_entry,True,0,,,,
1bal,91-№2016,root_entry,False,2,bal,,,bal
2bal,91-№2017,root_entry,False,1,,,,2bal
prāṇane,,continuation_or_gloss,False,1,,,,
3bal,91-№2018,root_entry,True,0,,,,
4bal,91-№2019,root_entry,True,0,,,,
5bal,91-№2020,root_entry,True,0,,,,
6bal,91-№2021,root_entry,True,0,,,,
ball,91-№2022,root_entry,True,0,,,,
1balh,91-№2023,root_entry,True,0,,,,
prādhānye,,continuation_or_gloss,True,0,,,,
2balh,91-№2024,root_entry,True,0,,,,
bhāṣārthaḥ,,continuation_or_gloss,True,0,,,,
3balh,91-№2025,root_entry,True,0,,,,
baṣ,91-№2026,root_entry,True,0,,,,
1baṣk,91-№2027,root_entry,True,0,,,,
2baṣk,91-№2028,root_entry,True,0,,,,
baṣka,91-№2029,root_entry,True,0,,,,
darśane,,continuation_or_gloss,True,0,,,,
1bas,91-№2030,root_entry,True,0,,,,
2bas,91-№2031,root_entry,True,0,,,,
bast,91-№2032,root_entry,True,0,,,,
ardane,,continuation_or_gloss,True,0,,,,
1bah,91-№2033,root_entry,False,1,,,,bah
2bah,91-№2034,root_entry,True,0,,,,
bāḍ,91-№2035,root_entry,False,1,,,,bāḍ
āplāvye,,continuation_or_gloss,True,0,,,,
bāḍh,91-№2036,root_entry,True,0,,,,
bādh,92-№2037,root_entry,False,4,bādh,bādh,bādh,bādh
loḍane (viloḍane),,continuation_or_gloss,False,4,,,,
bāh,92-№2038,root_entry,False,1,,bāh,,
prayatne,,continuation_or_gloss,False,1,,,,
biṅk,92-№2039,root_entry,True,0,,,,
bit,92-№2040,root_entry,True,0,,,,
biḍ,92-№2041,root_entry,False,1,,,,biḍ
bid,92-№2042,root_entry,False,1,,,,bid
bind,92-№2043,root_entry,False,1,,,,bind
avayave,,continuation_or_gloss,False,1,,,,
bibb,92-№2044,root_entry,True,0,,,,
bimb,92-№2045,root_entry,True,0,,,,
1bil,92-№2046,root_entry,False,1,,,,bil
bhedane,,continuation_or_gloss,True,0,,,,
2bil,92-№2047,root_entry,True,0,,,,
bhedane,,continuation_or_gloss,True,0,,,,
bill,92-№2048,root_entry,True,0,,,,
bilh,92-№2049,root_entry,True,0,,,,
biç,92-№2050,root_entry,False,1,,,,biç
bis,92-№2051,root_entry,False,1,,,,bis
bist,92-№2052,root_entry,True,0,,,,
bībh,92-№2053,root_entry,False,1,,,,bībh
katthane ca,,continuation_or_gloss,False,1,,,,
bu,92-№2054,root_entry,True,0,,,,
bukk,92-№2055,root_entry,False,1,,,,bukk
buṅg,92-№2056,root_entry,False,1,,,,buṅg
varjane,,continuation_or_gloss,False,1,,,,
buṭ,92-№2057,root_entry,False,1,,,,buṭ
buḍ,92-№2058,root_entry,False,1,,,,buḍ
buḍḍ,92-№2059,root_entry,True,0,,,,
buṇṭh,92-№2060,root_entry,True,0,,,,
bud,92-№2061,root_entry,False,1,,,,bud
budh,93-№2062,root_entry,False,4,budh,budh/bodh,budh,budh
bunth,93-№2063,root_entry,True,0,,,,
bund,93-№2064,root_entry,False,1,,,,bund
niśāmane,,continuation_or_gloss,False,1,,,,
1bundh,93-№2065,root_entry,False,1,,,,bundh
2bundh,93-№2066,root_entry,True,0,,,,
bubb,93-№2067,root_entry,True,0,,,,
bumb,93-№2068,root_entry,True,0,,,,
1bul,93-№2069,root_entry,False,3,bul,bol,,bul
2bul,93-№2070,root_entry,True,0,,,,
3bul,93-№2071,root_entry,True,0,,,,
1bull,93-№2072,root_entry,True,0,,,,
2bull,93-№2073,root_entry,True,0,,,,
buç,93-№2074,root_entry,True,0,,,,
buṣk,93-№2075,root_entry,True,0,,,,
1bus,93-№2076,root_entry,False,1,,,,bus
vibhāge ityapare,,continuation_or_gloss,False,1,,,,
2bus,93-№2077,root_entry,True,0,,,,
utsarge,,continuation_or_gloss,True,0,,,,
bust,93-№2078,root_entry,False,2,,bust,,bust
ādarānādarayoḥ,,continuation_or_gloss,False,1,,,,
būḍ,93-№2079,root_entry,True,0,,,,
būll,93-№2080,root_entry,True,0,,,,
būṣ,93-№2081,root_entry,True,0,,,,
1bṛṃh,93-№2082,root_entry,False,1,bṛṃh,,,
2bṛṃh,93-№2083,root_entry,True,0,,,,
bhāṣārthaḥ,,continuation_or_gloss,True,0,,,,
bṛk,93-№2084,root_entry,True,0,,,,
1bṛh,93-№2085,root_entry,False,4,1bṛh,bṛh,1bṛh,bṛh
2bṛh,93-№2086,root_entry,False,1,2bṛh,,,
udyamane ityeke,,continuation_or_gloss,False,1,,,,
3bṛh,94-№2087,root_entry,True,0,,,,
bṝ,94-№2088,root_entry,True,0,,,,
beṇ,94-№2089,root_entry,True,0,,,,
bed,94-№2090,root_entry,True,0,,,,
beç,94-№2091,root_entry,False,1,,,,beç
beh,94-№2092,root_entry,True,0,,,,
prayatne,,continuation_or_gloss,True,0,,,,
braṇ,94-№2093,root_entry,True,0,,,,
śabdārthaḥ,,continuation_or_gloss,True,0,,,,
brah,94-№2094,root_entry,True,0,,,,
brahm,94-№2095,root_entry,False,1,,,,brahm
brīs,94-№2096,root_entry,True,0,,,,
bruḍ,94-№2097,root_entry,True,0,,,,
brū,94-№2098,root_entry,False,4,brū,brū/bravi,brū,brū
vyaktāyāṃ vāci,,continuation_or_gloss,False,4,,,,
brūṣ,94-№2099,root_entry,True,0,,,,
brūs,94-№2100,root_entry,True,0,,,,
hiṃsāyām,,continuation_or_gloss,True,0,,,,
blī,94-№2101,root_entry,False,1,blī,,,
varaṇe ityeke,,continuation_or_gloss,False,1,,,,
bleṣk,94-№2102,root_entry,True,0,,,,
bleṣka,94-№2103,root_entry,False,1,,,,bleṣka
bhakṣ,94-№2104,root_entry,False,2,bhakṣ,,,bhakṣ
1bhaj,94-№2105,root_entry,False,4,bhaj,bhaj,1bhaj,bhaj
sevāyām,,continuation_or_gloss,False,4,,,,
2bhaj,94-№2106,root_entry,True,0,,,,
viśrāṇane,,continuation_or_gloss,True,0,,,,
1bhañj,94-№2107,root_entry,False,4,bhañj,bhañj,1bhañj,bhañj
bhāṣārthaḥ,,continuation_or_gloss,False,4,,,,
2bhañj,94-№2108,root_entry,False,1,,,,2bhañj
āmardane,,continuation_or_gloss,False,1,,,,
3bhañj,94-№2109,root_entry,True,0,,,,
1bhaṭ,94-№2110,root_entry,False,1,bhaṭ,,,
paribhāṣaṇe,,continuation_or_gloss,False,1,,,,
2bhaṭ,94-№2111,root_entry,False,1,,,,2bhaṭ
bhṛtau,,continuation_or_gloss,False,1,,,,
bhaṭa,94-№2112,root_entry,False,1,,,,bhaṭa
bhaṭṭ,95-№2113,root_entry,True,0,,,,
bhaṇ,95-№2114,root_entry,False,3,bhaṇ,bhaṇ,,bhaṇ
śabdārthaḥ,,continuation_or_gloss,False,3,,,,
bhaṇṭ,95-№2115,root_entry,False,1,,,,bhaṇṭ
1bhaṇḍ,95-№2116,root_entry,False,2,,bhaṇḍ,,bhaṇḍ
paribhāṣaṇe,,continuation_or_gloss,False,2,,,,
2bhaṇḍ,95-№2117,root_entry,True,0,,,,
kalyāṇe,,continuation_or_gloss,True,0,,,,
3bhaṇḍ,95-№2118,root_entry,True,0,,,,
bhan,95-№2119,root_entry,False,3,bhan,,bhan,bhan
bhand,95-№2120,root_entry,False,4,bhand,bhand,bhand,bhand
kalyāṇe sukhe ca,,continuation_or_gloss,False,3,,,,
bharts,95-№2121,root_entry,False,3,bharts,bharts,,bharts
santarjane (tarjane),,continuation_or_gloss,False,3,,,,
bharb,95-№2122,root_entry,False,1,,,,bharb
hiṃsāyām ityeke,,continuation_or_gloss,True,0,,,,
bharbh,95-№2123,root_entry,True,0,,,,
hiṃsāyām ityanye,,continuation_or_gloss,True,0,,,,
bharv,95-№2124,root_entry,False,4,bharv,bharv,bharv,bharv
hiṃsāyām,,continuation_or_gloss,False,4,,,,
1bhal,95-№2125,root_entry,False,3,bhal,bhal,,bhal
paribhāṣaṇahiṃsādāneṣu,,continuation_or_gloss,False,3,,,,
2bhal,95-№2126,root_entry,True,0,,,,
ābhaṇḍane,,continuation_or_gloss,True,0,,,,
3bhal,95-№2127,root_entry,True,0,,,,
1bhall,95-№2128,root_entry,False,1,,,,bhall
2bhall,95-№2129,root_entry,True,0,,,,
bhaṣ,95-№2130,root_entry,False,3,bhaṣ,,bhaṣ,bhaṣ
bhartsane,,continuation_or_gloss,False,3,,,,
bhas,95-№2131,root_entry,False,4,bhas,2bhas,bhas,bhas
bhā,95-№2132,root_entry,False,4,bhā,bhā,bhā,bhā
dīptau,,continuation_or_gloss,False,4,,,,
bhāja,95-№2133,root_entry,True,0,,,,
pṛthakkarmaṇi,,continuation_or_gloss,True,0,,,,
1bhāṇḍ,95-№2134,root_entry,True,0,,,,
2bhāṇḍ,95-№2135,root_entry,True,0,,,,
bhām,95-№2136,root_entry,False,2,bhām,,,bhām
krodhe,,continuation_or_gloss,False,1,,,,
bhāma,95-№2137,root_entry,False,1,,,,bhāma
krodhe,,continuation_or_gloss,True,0,,,,
bhāṣ,95-№2138,root_entry,False,3,bhāṣ,bhāṣ,,bhāṣ
vyaktāyāṃ vāci,,continuation_or_gloss,False,3,,,,
bhās,96-№2139,root_entry,False,3,bhās,bhās,,bhās
dīptau,,continuation_or_gloss,False,3,,,,
bhikṣ,96-№2140,root_entry,False,3,bhikṣ,bhikṣ,,bhikṣ
bhikṣāyāmalābhe lābhe ca,,continuation_or_gloss,False,3,,,,
bhiṇḍ,96-№2141,root_entry,True,0,,,,
bhid,96-№2142,root_entry,False,4,bhid,bhid/bhed,bhid,bhid
bhind,96-№2143,root_entry,False,1,,,,bhind
avayave ityeke,,continuation_or_gloss,True,0,,,,
1bhil,96-№2144,root_entry,False,1,,,,bhil
2bhil,96-№2145,root_entry,True,0,,,,
3bhil,96-№2146,root_entry,True,0,,,,
1bhill,96-№2147,root_entry,True,0,,,,
2bhill,96-№2148,root_entry,True,0,,,,
bhiṣ,96-№2149,root_entry,False,1,,,bhiṣ,
bhiṣaj,96-№2150,root_entry,False,3,bhiṣaj,,bhiṣaj,bhiṣaj
bhī,96-№2151,root_entry,False,4,bhī,bhī/bhayi,bhī,bhī
bhaye,,continuation_or_gloss,False,4,,,,
bhīṣ,96-№2152,root_entry,False,1,,bhīṣ,,
bhu,96-№2153,root_entry,False,2,,bhavi,,bhu
bhuṅg,96-№2154,root_entry,True,0,,,,
1bhuj,96-№2155,root_entry,False,4,1bhuj,bhuj/1bhoj,1bhuj,bhuj
kauṭilye,,continuation_or_gloss,False,4,,,,
2bhuj,96-№2156,root_entry,False,4,2bhuj,2bhoj,2bhuj,2bhuj
pālanābhyavahārayoḥ,,continuation_or_gloss,False,4,,,,
bhuṇḍ,96-№2157,root_entry,False,1,,,,bhuṇḍ
bhumbh,96-№2158,root_entry,True,0,,,,
bhur,96-№2159,root_entry,False,3,bhur,bhur,,bhur
bhuraj,96-№2160,root_entry,False,2,bhuraj,,,bhuraj
1bhū,96-№2161,root_entry,False,4,bhū,bhū,1bhū,bhū
sattāyām,,continuation_or_gloss,False,4,,,,
2bhū,96-№2162,root_entry,False,1,,,,2bhū
3bhū,97-№2163,root_entry,True,0,,,,
prāptau,,continuation_or_gloss,True,0,,,,
bhūṣ,97-№2164,root_entry,False,4,bhūṣ,bhūṣ,bhūṣ,bhūṣ
1bhṛ,97-№2165,root_entry,False,3,bhṛ,bhṛ/bhari,1bhṛ,
bharaṇe,,continuation_or_gloss,False,3,,,,
2bhṛ,97-№2166,root_entry,True,0,,,,
dhāraṇapoṣaṇayoḥ,,continuation_or_gloss,True,0,,,,
bhṛṃç,97-№2167,root_entry,True,0,,,,
bhṛkṣ,97-№2168,root_entry,True,0,,,,
bhṛj,97-№2169,root_entry,False,1,,,bhṛj,
bharjane,,continuation_or_gloss,False,1,,,,
bhṛjj,97-№2170,root_entry,False,4,bhṛjj,bhṛjj,bhṛjj,bhṛjj
bhṛḍ,97-№2171,root_entry,True,0,,,,
nimajjane ityeke,,continuation_or_gloss,True,0,,,,
bhṛç,97-№2172,root_entry,False,2,,,bhṛç,bhṛç
bhṛṣ,97-№2173,root_entry,True,0,,,,
bhṝ,97-№2174,root_entry,False,2,,bhṝ,*bhṝ,
bhartsane; bharane'pyeke,,continuation_or_gloss,False,2,,,,
bheṇ,97-№2175,root_entry,True,0,,,,
bheṣ,97-№2176,root_entry,False,1,,,,bheṣ
bhaye; gatāvityeke,,continuation_or_gloss,False,1,,,,
bhes,97-№2177,root_entry,True,0,,,,
bhyas,97-№2178,root_entry,False,3,bhyas,bhyas,,bhyas
bhaye,,continuation_or_gloss,False,3,,,,
bhraṃç,97-№2179,root_entry,False,4,bhraṃç,bhraṃç,bhraṃç,bhraṃç
bhrakṣ,97-№2180,root_entry,False,1,,,,bhrakṣ
adane,,continuation_or_gloss,False,1,,,,
bhrajj,97-№2181,root_entry,False,3,,bhrajj,bhrajj,bhrajj
pāke,,continuation_or_gloss,False,2,,,,
bhraṇ,97-№2182,root_entry,False,1,,,,bhraṇ
śabdārthaḥ,,continuation_or_gloss,True,0,,,,
bhram,98-№2183,root_entry,False,4,bhram,bhram,bhram,bhram
bhraç,98-№2184,root_entry,False,3,,bhraç,*bhraç,bhraç
bhrāj,98-№2185,root_entry,False,4,bhrāj,bhrāj,bhrāj,bhrāj
bhrāç,98-№2186,root_entry,False,2,,bhrāç,,bhrāç
bhrās,98-№2187,root_entry,False,1,,,,bhrās
bhrī,98-№2188,root_entry,False,4,bhrī,bhrī/bhrayi,bhrī,bhrī
bhaye; bharaṇa ityeke,,continuation_or_gloss,False,4,,,,
bhruḍ,98-№2189,root_entry,False,1,,,,bhruḍ
bhrūṇ,98-№2190,root_entry,False,1,,,,bhrūṇ
āśāviśaṅkayoḥ (āśāyām),,continuation_or_gloss,True,0,,,,
bhrej,98-№2191,root_entry,False,1,,,,bhrej
dīptau,,continuation_or_gloss,False,1,,,,
bhreṣ,98-№2192,root_entry,False,2,bhreṣ,,,bhreṣ
gatau,,continuation_or_gloss,False,2,,,,
bhlakṣ,98-№2193,root_entry,False,1,,,,bhlakṣ
adane,,continuation_or_gloss,False,1,,,,
bhlāç,98-№2194,root_entry,False,2,,bhlāç,,bhlāç
bhleṣ,98-№2195,root_entry,False,1,,,,bhleṣ
gatau,,continuation_or_gloss,True,0,,,,
1maṃh,98-№2196,root_entry,False,4,maṃh,maṃh,1maṃh,maṃh
vṛddhau,,continuation_or_gloss,False,3,,,,
2maṃh,98-№2197,root_entry,True,0,,,,
bhāṣārthaḥ ca,,continuation_or_gloss,True,0,,,,
makk,98-№2198,root_entry,False,1,,,,makk
1makṣ,99-№2199,root_entry,False,1,,,,makṣ
2makṣ,99-№2200,root_entry,True,0,,,,
makh,99-№2201,root_entry,False,1,,,,makh
gatyarthaḥ,,continuation_or_gloss,False,1,,,,
mag,99-№2202,root_entry,True,0,,,,
magh,99-№2203,root_entry,True,0,,,,
1maṅk,99-№2204,root_entry,False,2,,maṅk,,maṅk
2maṅk,99-№2205,root_entry,True,0,,,,
maṅkh,99-№2206,root_entry,False,1,,,,maṅkh
gatyarthaḥ,,continuation_or_gloss,False,1,,,,
maṅg,99-№2207,root_entry,False,1,,,,maṅg
gatyarthaḥ,,continuation_or_gloss,False,1,,,,
1maṅgh,99-№2208,root_entry,False,1,,,,maṅgh
2maṅgh,99-№2209,root_entry,True,0,,,,
maṇḍane,,continuation_or_gloss,True,0,,,,
mac,99-№2210,root_entry,False,2,,mac,,mac
kalkane; kathana ityanye,,continuation_or_gloss,False,2,,,,
macch,99-№2211,root_entry,True,0,,,,
1maj,99-№2212,root_entry,False,1,,,,maj
2maj,99-№2213,root_entry,True,0,,,,
majj,99-№2214,root_entry,False,4,majj,majj,majj,majj
śuddhau,,continuation_or_gloss,False,4,,,,
1mañc,99-№2215,root_entry,False,3,mañc,mañc,,mañc
2mañc,99-№2216,root_entry,True,0,,,,
3mañc,99-№2217,root_entry,True,0,,,,
1mañj,99-№2218,root_entry,False,1,,,,mañj
2mañj,99-№2219,root_entry,True,0,,,,
3mañj,99-№2220,root_entry,True,0,,,,
1maṭ,99-№2221,root_entry,True,0,,,,
2maṭ,99-№2222,root_entry,True,0,,,,
maṭṭ,99-№2223,root_entry,True,0,,,,
1maṭh,99-№2224,root_entry,False,1,,,,maṭh
2maṭh,99-№2225,root_entry,True,0,,,,
maḍḍ,100-№2226,root_entry,True,0,,,,
maṇ,100-№2227,root_entry,False,2,maṇ,,,maṇ
śabdārthaḥ,,continuation_or_gloss,False,1,,,,
1maṇṭ,100-№2228,root_entry,False,2,maṇṭ,,,maṇṭ
2maṇṭ,100-№2229,root_entry,True,0,,,,
maṇṭh,100-№2230,root_entry,True,0,,,,
śoke,,continuation_or_gloss,True,0,,,,
1maṇḍ,100-№2231,root_entry,False,3,maṇḍ,maṇḍ,,maṇḍ
ca vibhājane,,continuation_or_gloss,False,3,,,,
2maṇḍ,100-№2232,root_entry,True,0,,,,
bhūṣāyām,,continuation_or_gloss,True,0,,,,
math,100-№2233,root_entry,False,4,math,mathi,math,math
viloḍane,,continuation_or_gloss,False,4,,,,
1mad,100-№2234,root_entry,False,4,mad,mad,1mad,mad
tṛptiyoge,,continuation_or_gloss,False,4,,,,
2mad,100-№2235,root_entry,False,1,,,,2mad
1man,100-№2236,root_entry,False,4,man,1man,1man,man
stambhe,,continuation_or_gloss,False,4,,,,
2man,100-№2237,root_entry,False,2,,2man,2man,
jñāne,,continuation_or_gloss,False,2,,,,
3man,100-№2238,root_entry,False,1,,,3man,
avabodhane,,continuation_or_gloss,True,0,,,,
mantr,100-№2239,root_entry,True,0,,,,
guptaparibhāṣaṇe,,continuation_or_gloss,True,0,,,,
1manth,100-№2240,root_entry,False,2,,,1manth,manth
viloḍane,,continuation_or_gloss,False,2,,,,
2manth,100-№2241,root_entry,True,0,,,,
hiṃsāsaṅkleśanayoḥ,,continuation_or_gloss,True,0,,,,
1mand,100-№2242,root_entry,False,2,,mand,,mand
2mand,100-№2243,root_entry,True,0,,,,
mabhr,100-№2244,root_entry,False,1,,,,mabhr
gatyarthaḥ,,continuation_or_gloss,False,1,,,,
mamb,101-№2245,root_entry,False,1,,,,mamb
may,101-№2246,root_entry,False,2,,mayi,,may
gatau,,continuation_or_gloss,False,2,,,,
mayūkh,101-№2247,root_entry,True,0,,,,
1mark,101-№2248,root_entry,False,1,,,,mark
2mark,101-№2249,root_entry,True,0,,,,
1marc,101-№2250,root_entry,False,2,,marc,,marc
2marc,101-№2251,root_entry,True,0,,,,
marj,101-№2252,root_entry,False,2,,marj,,marj
marb,101-№2253,root_entry,False,1,,,,marb
gatau,,continuation_or_gloss,False,1,,,,
1marv,101-№2254,root_entry,False,1,,,,marv
2marv,101-№2255,root_entry,True,0,,,,
mal,101-№2256,root_entry,False,2,,mal,,mal
dhāraṇe,,continuation_or_gloss,False,1,,,,
mala,101-№2257,root_entry,False,1,,,,mala
mall,101-№2258,root_entry,False,2,,mall,,mall
dhāraṇe,,continuation_or_gloss,False,1,,,,
malh,101-№2259,root_entry,True,0,,,,
mav,101-№2260,root_entry,False,2,,mavi,,mav
bandhane,,continuation_or_gloss,True,0,,,,
mavy,101-№2261,root_entry,False,1,,,,mavy
bandhane,,continuation_or_gloss,True,0,,,,
maç,101-№2262,root_entry,False,1,,,,maç
maṣ,101-№2263,root_entry,False,1,,,,maṣ
hiṃsārthaḥ,,continuation_or_gloss,True,0,,,,
maṣk,101-№2264,root_entry,False,1,,,,maṣk
gatyarthaḥ,,continuation_or_gloss,False,1,,,,
mas,101-№2265,root_entry,False,2,,mas,,mas
parimāne,,continuation_or_gloss,False,2,,,,
mask,101-№2266,root_entry,False,2,,,masj,mask
gatyarthaḥ,,continuation_or_gloss,False,2,,,,
mast,101-№2267,root_entry,True,0,,,,
mah,102-№2268,root_entry,False,4,mah,mah,mah,mah
pūjāyām,,continuation_or_gloss,False,4,,,,
maha,102-№2269,root_entry,False,1,,,,maha
pūjāyām,,continuation_or_gloss,True,0,,,,
1mā,102-№2270,root_entry,False,4,1mā,1mā,1mā,mā
māne,,continuation_or_gloss,False,4,,,,
2mā,102-№2271,root_entry,False,3,2mā,2mā,,2mā
māne śabde ca,,continuation_or_gloss,False,3,,,,
3mā,102-№2272,root_entry,False,3,3mā,,3mā,3mā
māne,,continuation_or_gloss,False,3,,,,
māṅkṣ,102-№2273,root_entry,False,1,,,,māṅkṣ
kāṅkṣāyām,,continuation_or_gloss,True,0,,,,
māḍ,102-№2274,root_entry,False,1,,,,māḍ
mān,102-№2275,root_entry,False,1,,,,mān
mānth,102-№2276,root_entry,False,1,,,,mānth
1mārg,102-№2277,root_entry,False,2,mārg,,,mārg
2mārg,102-№2278,root_entry,False,1,,,,2mārg
mārj,102-№2279,root_entry,False,1,,,,mārj
śabdārthau,,continuation_or_gloss,True,0,,,,
māh,102-№2280,root_entry,False,1,,,,māh
māne,,continuation_or_gloss,False,1,,,,
1mi,102-№2281,root_entry,False,3,1mi,,1mi,mi
2mi,102-№2282,root_entry,False,3,2mi,,2mi,2mi
3mi,102-№2283,root_entry,False,2,,,3mi,3mi
mikṣ,102-№2284,root_entry,False,4,mikṣ,mikṣ/mekṣ,mikṣ,mikṣ
migh,102-№2285,root_entry,False,2,migh,,,migh
mich,102-№2286,root_entry,False,1,,,,mich
utkleśe,,continuation_or_gloss,True,0,,,,
miñj,102-№2287,root_entry,False,1,,,,miñj
bhāṣārthaḥ,,continuation_or_gloss,False,1,,,,
1miṇṭ,103-№2288,root_entry,True,0,,,,
2miṇṭ,103-№2289,root_entry,True,0,,,,
miṇṭh,103-№2290,root_entry,True,0,,,,
mith,103-№2291,root_entry,False,4,mith,mith,mith,mith
medhāhiṃsanayoḥ ityeke,,continuation_or_gloss,False,4,,,,
1mid,103-№2292,root_entry,False,4,mid,mid,1mid,mid
medhāhiṃsanayoḥ,,continuation_or_gloss,False,4,,,,
2mid,103-№2293,root_entry,False,1,,,,2mid
snehane ityeke,,continuation_or_gloss,True,0,,,,
midh,103-№2294,root_entry,False,1,,,,midh
medhāhiṃsanayoḥ ityanye,,continuation_or_gloss,False,1,,,,
1mind,103-№2295,root_entry,False,1,,,,mind
2mind,103-№2296,root_entry,True,0,,,,
minv,103-№2297,root_entry,False,1,,,,minv
secane; secane cetyeke,,continuation_or_gloss,True,0,,,,
1mil,103-№2298,root_entry,False,3,mil,mil,,mil
śleṣaṇe,,continuation_or_gloss,False,3,,,,
2mil,103-№2299,root_entry,True,0,,,,
saṅgame (saṅgamane),,continuation_or_gloss,True,0,,,,
3mil,103-№2300,root_entry,True,0,,,,
miç,103-№2301,root_entry,False,2,,,*miç,miç
miçr,103-№2302,root_entry,True,0,,,,
miçra,103-№2303,root_entry,False,1,,,,miçra
1miṣ,103-№2304,root_entry,False,4,miṣ,miṣ,1miṣ,miṣ
secane,,continuation_or_gloss,False,4,,,,
2miṣ,103-№2305,root_entry,False,1,,,,2miṣ
spardhāyām,,continuation_or_gloss,False,1,,,,
mis,103-№2306,root_entry,False,1,,,,mis
misra,103-№2307,root_entry,True,0,,,,
mih,103-№2308,root_entry,False,4,mih,mih/meh,mih,mih
secane,,continuation_or_gloss,False,4,,,,
1mī,103-№2309,root_entry,False,4,mī,mī,1mī,mī
gatau,,continuation_or_gloss,False,4,,,,
2mī,103-№2310,root_entry,False,2,,2may,,2mī
hiṃsāyām,,continuation_or_gloss,False,1,,,,
mīm,103-№2311,root_entry,False,1,,,,mīm
gatau; mīmṛṁ śabde ca,,continuation_or_gloss,False,1,,,,
mīl,104-№2312,root_entry,False,4,mīl,mīl/mel,mīl,mīl
nimeṣaṇe,,continuation_or_gloss,False,4,,,,
1mīv,104-№2313,root_entry,False,4,mīv,mīv,1mīv,mīv
2mīv,104-№2314,root_entry,False,1,,,,2mīv
mu,104-№2315,root_entry,False,1,,,,mu
mukṣ,104-№2316,root_entry,True,0,,,,
mukh,104-№2317,root_entry,True,0,,,,
muṅkh,104-№2318,root_entry,True,0,,,,
gatyarthaḥ ityapi kecit,,continuation_or_gloss,True,0,,,,
1muc,104-№2319,root_entry,False,4,muc,muc/moc,1muc,muc
2muc,104-№2320,root_entry,False,1,,,,2muc
mokṣaṇe (mocane),,continuation_or_gloss,True,0,,,,
3muc,104-№2321,root_entry,False,1,,,,3muc
much,104-№2322,root_entry,False,1,,,,much
muj,104-№2323,root_entry,False,2,,moj,,muj
śabdārthaḥ,,continuation_or_gloss,False,1,,,,
1muñc,104-№2324,root_entry,False,1,,,,muñc
2muñc,104-№2325,root_entry,False,1,,,,2muñc
3muñc,104-№2326,root_entry,False,1,,,,3muñc
4muñc,104-№2327,root_entry,True,0,,,,
muñj,104-№2328,root_entry,False,1,,,,muñj
śabdārthāḥ,,continuation_or_gloss,False,1,,,,
muṭ,104-№2329,root_entry,False,3,muṭ,moṭ,,muṭ
muṭṭ,104-№2330,root_entry,True,0,,,,
1muḍ,104-№2331,root_entry,False,1,,,,muḍ
2muḍ,105-№2332,root_entry,True,0,,,,
muḍḍ,105-№2333,root_entry,True,0,,,,
1mun,105-№2334,root_entry,True,0,,,,
2mun,105-№2335,root_entry,True,0,,,,
muṇṭ,105-№2336,root_entry,False,2,,muṇṭ,,muṇṭ
muṇṭh,105-№2337,root_entry,False,1,,,,muṇṭh
pālane,,continuation_or_gloss,True,0,,,,
1muṇḍ,105-№2338,root_entry,False,1,,,,muṇḍ
khaṇḍane,,continuation_or_gloss,True,0,,,,
2muṇḍ,105-№2339,root_entry,True,0,,,,
mārjane,,continuation_or_gloss,True,0,,,,
3muṇḍ,105-№2340,root_entry,True,0,,,,
1mud,105-№2341,root_entry,False,4,mud,mud/mod,1mud,mud
harṣe,,continuation_or_gloss,False,4,,,,
2mud,105-№2342,root_entry,False,1,,,,2mud
saṃsarge,,continuation_or_gloss,False,1,,,,
1mur,105-№2343,root_entry,False,1,,,,mur
2mur,105-№2344,root_entry,False,1,,,,2mur
murch,105-№2345,root_entry,False,2,mūrch,,,murch
mohanasamucchrāyayoḥ,,continuation_or_gloss,False,2,,,,
murv,105-№2346,root_entry,False,1,,,,murv
bandhane,,continuation_or_gloss,False,1,,,,
1mul,105-№2347,root_entry,False,1,,,,mul
2mul,105-№2348,root_entry,True,0,,,,
mull,105-№2349,root_entry,True,0,,,,
muç,105-№2350,root_entry,True,0,,,,
1muṣ,105-№2351,root_entry,False,4,muṣ,muṣ,1muṣ,muṣ
2muṣ,105-№2352,root_entry,False,1,,,,2muṣ
3muṣ,105-№2353,root_entry,False,1,,,,3muṣ
muṣk,105-№2354,root_entry,True,0,,,,
mus,105-№2355,root_entry,False,2,,mus,,mus
khaṇḍane,,continuation_or_gloss,False,1,,,,
1must,105-№2356,root_entry,False,1,,,,must
2must,106-№2357,root_entry,True,0,,,,
muh,106-№2358,root_entry,False,4,muh,muh/moh,muh,muh
vaicittye,,continuation_or_gloss,False,4,,,,
1mū,106-№2359,root_entry,False,4,mū,mū,1mū,mū
bandhane,,continuation_or_gloss,False,3,,,,
2mū,106-№2360,root_entry,False,1,,,,2mū
bandhane,,continuation_or_gloss,True,0,,,,
mūtr,106-№2361,root_entry,True,0,,,,
mūtra,106-№2362,root_entry,False,1,,,,mūtra
prasravaṇe,,continuation_or_gloss,True,0,,,,
1mūr,106-№2363,root_entry,False,1,,mūr,,
2mūr,106-№2364,root_entry,True,0,,,,
mūrv,106-№2365,root_entry,True,0,,,,
1mūl,106-№2366,root_entry,False,1,,,,mūl
pratiṣṭhāyām,,continuation_or_gloss,False,1,,,,
2mūl,106-№2367,root_entry,True,0,,,,
rohane,,continuation_or_gloss,True,0,,,,
mūṣ,106-№2368,root_entry,False,2,,moṣ,,mūṣ
steye,,continuation_or_gloss,False,1,,,,
1mṛ,106-№2369,root_entry,False,3,1mṛ,mṛ/4mari,1mṛ,
2mṛ,106-№2370,root_entry,False,2,2mṛ,2mari,,
3mṛ,106-№2371,root_entry,False,1,,3mari,,
1mṛkṣ,106-№2372,root_entry,False,2,mṛkṣ,mṛkṣ,,
2mṛkṣ,106-№2373,root_entry,True,0,,,,
mṛkh,106-№2374,root_entry,True,0,,,,
mṛg,106-№2375,root_entry,True,0,,,,
mṛga,106-№2376,root_entry,False,1,,,,mṛga
anveṣaṇe,,continuation_or_gloss,False,1,,,,
mṛc,106-№2377,root_entry,False,4,mṛc,mṛc,mṛc,mṛc
mṛch,106-№2378,root_entry,False,1,mṛch,,,
1mṛj,106-№2379,root_entry,False,3,mṛj,mṛj,1mṛj,
śaucālaṅkārayoḥ,,continuation_or_gloss,False,3,,,,
2mṛj,107-№2380,root_entry,True,0,,,,
mṛjūṁṣ śuddhau,,continuation_or_gloss,True,0,,,,
mṛñj,107-№2381,root_entry,True,0,,,,
mṛḍ,107-№2382,root_entry,False,2,mṛḍ,mṛḍ/marḍ,,
mṛṇ,107-№2383,root_entry,False,1,mṛṇ,,,
hiṃsāyām,,continuation_or_gloss,False,1,,,,
mṛṇḍ,107-№2384,root_entry,True,0,,,,
preraṇe,,continuation_or_gloss,True,0,,,,
1mṛd,107-№2385,root_entry,False,4,mṛd,mṛd/mard,1mṛd,mṛd
2mṛd,107-№2386,root_entry,False,1,,,2mṛd,
mṛdh,107-№2387,root_entry,False,4,mṛdh,mṛdh/mardh,mṛdh,mṛdh
undane,,continuation_or_gloss,False,3,,,,
mṛḷ,107-№2388,root_entry,True,0,,,,
mṛç,107-№2389,root_entry,False,3,mṛç,mṛç/març,mṛç,
1mṛṣ,107-№2390,root_entry,False,3,mṛṣ,marṣ,1mṛṣ,
secane; mṛṣuṁ sahane ca,,continuation_or_gloss,False,3,,,,
2mṛṣ,107-№2391,root_entry,True,0,,,,
titikṣāyām,,continuation_or_gloss,True,0,,,,
mṛṣa,107-№2392,root_entry,True,0,,,,
mṝ,107-№2393,root_entry,False,2,,mṝ,1mṝ,
hiṃsāyām,,continuation_or_gloss,False,2,,,,
me,107-№2394,root_entry,True,0,,,,
praṇidāne,,continuation_or_gloss,True,0,,,,
meṭ,107-№2395,root_entry,False,1,,,,meṭ
meḍ,107-№2396,root_entry,False,1,,,,meḍ
meth,107-№2397,root_entry,False,2,,meth,,meth
medhāhiṃsanayoḥ ityeke,,continuation_or_gloss,False,2,,,,
1med,107-№2398,root_entry,False,3,med,,med,med
2med,107-№2399,root_entry,True,0,,,,
medh,107-№2400,root_entry,False,1,,,,medh
mep,107-№2401,root_entry,False,1,,,,mep
gatau,,continuation_or_gloss,True,0,,,,
meb,107-№2402,root_entry,False,1,,,,meb
mev,108-№2403,root_entry,False,1,,,,mev
sevane,,continuation_or_gloss,True,0,,,,
mokṣ,108-№2404,root_entry,False,2,modṣ,,,mokṣ
āsane (asane),,continuation_or_gloss,False,1,,,,
mnā,108-№2405,root_entry,False,4,mnā,mnā,mnā,mnā
abhyāse,,continuation_or_gloss,False,4,,,,
myakṣ,108-№2406,root_entry,False,4,myakṣ,myakṣ,myakṣ,myakṣ
1mrakṣ,108-№2407,root_entry,False,2,,mrakṣ,,mrakṣ
saṅghāte ityeke,,continuation_or_gloss,False,2,,,,
2mrakṣ,108-№2408,root_entry,True,0,,,,
chedane,,continuation_or_gloss,True,0,,,,
mrad,108-№2409,root_entry,False,4,mrad,mrad,mrad,mrad
mardane,,continuation_or_gloss,False,4,,,,
mrit,108-№2410,root_entry,False,4,mrit,mrit/mret,mrit,mrit
mrī,108-№2411,root_entry,True,0,,,,
mruc,108-№2412,root_entry,False,4,mruc,mrec,mruc,mruc
gatyarthaḥ,,continuation_or_gloss,False,4,,,,
mruj,108-№2413,root_entry,True,0,,,,
mruñc,108-№2414,root_entry,False,1,,,,mruñc
gatyarthaḥ,,continuation_or_gloss,True,0,,,,
mruñj,108-№2415,root_entry,True,0,,,,
mreṭ,108-№2416,root_entry,False,1,,,,mreṭ
unmāde,,continuation_or_gloss,True,0,,,,
1mreḍ,108-№2417,root_entry,False,3,mreḍ,mreḍ,,mreḍ
2mreḍ,108-№2418,root_entry,True,0,,,,
mlakṣ,108-№2419,root_entry,False,1,,,,mlakṣ
mlā,108-№2420,root_entry,False,3,mlā,mlā,,mlā
mlich,108-№2421,root_entry,False,1,,,,mlich
mlit,108-№2422,root_entry,False,1,,mlet,,
mluc,108-№2423,root_entry,False,3,mluc,mloc,,mluc
gatyarthāḥ,,continuation_or_gloss,False,3,,,,
mluñc,108-№2424,root_entry,False,1,,,,mluñc
gatyarthaḥ,,continuation_or_gloss,True,0,,,,
mlup,108-№2425,root_entry,False,2,mlup,,,mlup
mlech,109-№2426,root_entry,False,2,mlech,,,mlech
mleṭ,109-№2427,root_entry,False,2,,leṭ,,mleṭ
unmāde ityeke,,continuation_or_gloss,False,1,,,,
1mleḍ,109-№2428,root_entry,True,0,,,,
2mleḍ,109-№2429,root_entry,True,0,,,,
mlev,109-№2430,root_entry,False,1,,,,mlev
sevane,,continuation_or_gloss,True,0,,,,
mlai,109-№2431,root_entry,False,1,,mlai,,
harṣakṣaye,,continuation_or_gloss,False,1,,,,
1yakṣ,109-№2432,root_entry,False,3,yakṣ,,1*yakṣ,yakṣ
2yakṣ,109-№2433,root_entry,True,0,,,,
yach,109-№2434,root_entry,False,2,yach,,,yach
yaj,109-№2435,root_entry,False,4,yaj,yaj,yaj,yaj
devapūjāsaṅgatikaraṇadāneṣu,,continuation_or_gloss,False,4,,,,
1yat,109-№2436,root_entry,False,4,yat,yat,1yat,yat
prayatne,,continuation_or_gloss,False,4,,,,
2yat,109-№2437,root_entry,True,0,,,,
nikāropaskārayoḥ,,continuation_or_gloss,True,0,,,,
yan,109-№2438,root_entry,True,0,,,,
yantr,109-№2439,root_entry,True,0,,,,
saṅkocane,,continuation_or_gloss,True,0,,,,
yabh,109-№2440,root_entry,False,4,yabh,yabh,yabh,yabh
maithune (viparītamaithune),,continuation_or_gloss,False,3,,,,
1yam,109-№2441,root_entry,False,4,yam,yam,1yam,yam
2yam,109-№2442,root_entry,True,0,,,,
pariveṣaṇe (mit - 1;953),,continuation_or_gloss,True,0,,,,
yas,109-№2443,root_entry,False,4,yas,yas/yaç,yas,yas
prayatne,,continuation_or_gloss,False,4,,,,
yah,109-№2444,root_entry,False,1,yah,,,
yā,109-№2445,root_entry,False,4,yā,3yā,yā,yā
prāpaṇe,,continuation_or_gloss,False,4,,,,
yāc,109-№2446,root_entry,False,4,yāc,yāc,yāc,yāc
yācñāyām,,continuation_or_gloss,False,4,,,,
yād,109-№2447,root_entry,False,4,yād,yād,*yād,yād
yās,110-№2448,root_entry,False,1,,,*yās,
1yu,110-№2449,root_entry,False,4,1yu,1yav,1yu,yu
jugupsāyām,,continuation_or_gloss,False,3,,,,
2yu,110-№2450,root_entry,False,4,2yu,2yav,2yu,2yu
miśreṇe'bhiśraṇe ca,,continuation_or_gloss,False,4,,,,
3yu,110-№2451,root_entry,False,1,,,,3yu
bandhane,,continuation_or_gloss,False,1,,,,
4yu,110-№2452,root_entry,False,1,,,,4yu
yuṅg,110-№2453,root_entry,False,1,,,,yuṅg
varjane,,continuation_or_gloss,True,0,,,,
yuch,110-№2454,root_entry,True,0,,,,
pramāde,,continuation_or_gloss,True,0,,,,
1yuj,110-№2455,root_entry,False,4,yuj,yuj/yoj,1yuj,yuj
saṃyamane,,continuation_or_gloss,False,4,,,,
2yuj,110-№2456,root_entry,False,1,,,,2yuj
samādhau,,continuation_or_gloss,False,1,,,,
3yuj,110-№2457,root_entry,True,0,,,,
yoge,,continuation_or_gloss,True,0,,,,
4yuj,110-№2458,root_entry,True,0,,,,
yut,110-№2459,root_entry,False,1,,,,yut
bhāsaṇe,,continuation_or_gloss,True,0,,,,
yudh,110-№2460,root_entry,False,4,yudh,yudh/yodh,yudh,yudh
samprahāre,,continuation_or_gloss,False,4,,,,
yunth,110-№2461,root_entry,False,1,,,,yunth
yup,110-№2462,root_entry,False,4,yup,yup/yop,yup,yup
vimohane,,continuation_or_gloss,False,4,,,,
1yuṣ,110-№2463,root_entry,True,0,,,,
2yuṣ,110-№2464,root_entry,True,0,,,,
yūṣ,110-№2465,root_entry,False,2,,,yū,yūṣ
hiṃsāyām,,continuation_or_gloss,False,1,,,,
yeraṇḍ,110-№2466,root_entry,True,0,,,,
yel,110-№2467,root_entry,True,0,,,,
yeṣ,110-№2468,root_entry,False,3,yeṣ,yeṣ,,yeṣ
prayatne ityanye,,continuation_or_gloss,False,3,,,,
yoṣṭ,110-№2469,root_entry,True,0,,,,
yauṭ,110-№2470,root_entry,False,1,,,,yauṭ
bandhe,,continuation_or_gloss,True,0,,,,
yauḍ,111-№2471,root_entry,False,1,,,,yauḍ
yauṇḍ,111-№2472,root_entry,True,0,,,,
1raṃh,111-№2473,root_entry,False,4,raṃh,raṃh,1raṃh,raṃh
gatau,,continuation_or_gloss,False,3,,,,
2raṃh,111-№2474,root_entry,True,0,,,,
bhāṣārthaḥ ca,,continuation_or_gloss,True,0,,,,
raṃha,111-№2475,root_entry,False,1,,,,raṃha
rak,111-№2476,root_entry,False,1,,,,rak
āsvādane,,continuation_or_gloss,True,0,,,,
rakṣ,111-№2477,root_entry,False,4,rakṣ,rakṣ,rakṣ,rakṣ
pālane,,continuation_or_gloss,False,4,,,,
rakh,111-№2478,root_entry,False,1,,,,rakh
gatyarthaḥ,,continuation_or_gloss,True,0,,,,
1rag,111-№2479,root_entry,False,1,,,,rag
śaṅkāyām,,continuation_or_gloss,True,0,,,,
2rag,111-№2480,root_entry,True,0,,,,
āsvādane ityanye,,continuation_or_gloss,True,0,,,,
1ragh,111-№2481,root_entry,False,1,,,,ragh
2ragh,111-№2482,root_entry,True,0,,,,
raṅkh,111-№2483,root_entry,False,1,,,,raṅkh
gatyarthaḥ,,continuation_or_gloss,True,0,,,,
raṅg,111-№2484,root_entry,False,3,raṅg,raṅg,,raṅg
gatyarthaḥ,,continuation_or_gloss,False,1,,,,
1raṅgh,111-№2485,root_entry,False,2,,raṅgh,,raṅgh
gatyarthaḥ,,continuation_or_gloss,False,2,,,,
2raṅgh,111-№2486,root_entry,True,0,,,,
bhāṣārthaḥ ca,,continuation_or_gloss,True,0,,,,
raca,111-№2487,root_entry,False,1,rac,,,
pratiyatne,,continuation_or_gloss,False,1,,,,
racch,111-№2488,root_entry,True,0,,,,
1raj,111-№2489,root_entry,False,4,1raj,1raj,1raj,raj
2raj,111-№2490,root_entry,False,3,2raj,2raj,2*raj,
rañch,111-№2491,root_entry,False,2,rañch,,,rañch
rañj,111-№2492,root_entry,False,1,,,,rañj
raṭ,111-№2493,root_entry,False,4,raṭ,raṭ,raṭ,raṭ
raṭa,112-№2494,root_entry,True,0,,,,
paribhāṣaṇe,,continuation_or_gloss,True,0,,,,
raṭṭ,112-№2495,root_entry,True,0,,,,
raṭh,112-№2496,root_entry,False,2,,raṭh,,raṭh
paribhāṣaṇe,,continuation_or_gloss,False,1,,,,
1raṇ,112-№2497,root_entry,False,2,,,raṇ,raṇ
2raṇ,112-№2498,root_entry,True,0,,,,
gatau; mit iti bhojaḥ (0932),,continuation_or_gloss,True,0,,,,
raṇṭ,112-№2499,root_entry,True,0,,,,
raṇḍ,112-№2500,root_entry,True,0,,,,
raṇv,112-№2501,root_entry,False,2,raṇv,,,raṇv
gatyarthaḥ,,continuation_or_gloss,False,2,,,,
rad,112-№2502,root_entry,False,4,rad,rad,rad,rad
vilekhane,,continuation_or_gloss,False,4,,,,
radh,112-№2503,root_entry,False,3,radh,radh,,radh
hiṃsāsaṃrāddhyoḥ,,continuation_or_gloss,False,3,,,,
1ran,112-№2504,root_entry,False,3,1ran,,1ran,ran
2ran,112-№2505,root_entry,False,2,2ran,,,2ran
randh,112-№2506,root_entry,False,3,,randh,randh,randh
rap,112-№2507,root_entry,False,4,rap,rap,rap,rap
vyaktāyāṃ vāci,,continuation_or_gloss,False,4,,,,
rapç,112-№2508,root_entry,False,3,rapç,rapç,,rapç
raph,112-№2509,root_entry,False,4,raph,raph,*raph,raph
gatau,,continuation_or_gloss,False,3,,,,
rabh,112-№2510,root_entry,False,4,rabh,rabh,rabh,rabh
rābhasye,,continuation_or_gloss,False,4,,,,
1ram,112-№2511,root_entry,False,3,ram,,1ram,ram
2ram,112-№2512,root_entry,True,0,,,,
ramph,112-№2513,root_entry,False,1,,,,ramph
gatau,,continuation_or_gloss,True,0,,,,
1ramb,112-№2514,root_entry,False,4,ramb,ramb,1ramb,ramb
2ramb,112-№2515,root_entry,False,1,,,,2ramb
3ramb,112-№2516,root_entry,True,0,,,,
4ramb,113-№2517,root_entry,True,0,,,,
1rambh,113-№2518,root_entry,False,3,rambh,,1rambh,rambh
2rambh,113-№2519,root_entry,False,1,,,,2rambh
ray,113-№2520,root_entry,False,2,,ray,,ray
gatau,,continuation_or_gloss,False,1,,,,
rarph,113-№2521,root_entry,False,1,,,,rarph
ral,113-№2522,root_entry,True,0,,,,
rall,113-№2523,root_entry,True,0,,,,
rav,113-№2524,root_entry,False,1,,rū,,
raç,113-№2525,root_entry,False,2,raç,,*raç,
1ras,113-№2526,root_entry,False,3,ras,,1ras,ras
2ras,113-№2527,root_entry,False,1,,,,2ras
rasa,113-№2528,root_entry,False,1,,,,rasa
āsvādanasnehanayoḥ,,continuation_or_gloss,False,1,,,,
rast,113-№2529,root_entry,True,0,,,,
rah,113-№2530,root_entry,False,4,rah,rah,rah,rah
raha,113-№2531,root_entry,False,1,,,,raha
tyāge,,continuation_or_gloss,True,0,,,,
1rā,113-№2532,root_entry,False,4,1rā,1rā,1rā,rā
2rā,113-№2533,root_entry,False,4,2rā,2rā,2rā,2rā
rākh,113-№2534,root_entry,False,1,,,,rākh
śoṣaṇālamarthyoḥ,,continuation_or_gloss,True,0,,,,
rāgh,113-№2535,root_entry,False,1,,,,rāgh
sāmarthye,,continuation_or_gloss,True,0,,,,
rāj,113-№2536,root_entry,False,4,rāj,rāj,rāj,rāj
dīptau,,continuation_or_gloss,False,4,,,,
rādh,113-№2537,root_entry,False,4,rādh,rādh,rādh,rādh
rāç,113-№2538,root_entry,False,1,,,,rāç
1rās,113-№2539,root_entry,False,2,1rās,,,rās
2rās,114-№2540,root_entry,False,2,2rās,,,2rās
3rās,114-№2541,root_entry,True,0,,,,
1ri,114-№2542,root_entry,False,3,ri,,1ri,ri
ṛ' hiṃsāyām,,continuation_or_gloss,False,3,,,,
2ri,114-№2543,root_entry,False,1,,,,2ri
gatau,,continuation_or_gloss,True,0,,,,
3ri,114-№2544,root_entry,False,1,,,,3ri
rikh,114-№2545,root_entry,False,4,rikh,rikh/rekh,rikh,rikh
gatyarthaḥ ityapi kecit,,continuation_or_gloss,False,4,,,,
riṅkh,114-№2546,root_entry,False,2,,riṅkh,,riṅkh
gatyarthaḥ ityapi kecit,,continuation_or_gloss,False,2,,,,
riṅg,114-№2547,root_entry,False,2,,riṅg,,riṅg
gatyarthaḥ,,continuation_or_gloss,False,2,,,,
riṅgh,114-№2548,root_entry,False,1,riñkh,,,
1ric,114-№2549,root_entry,False,4,ric,ric/rec,1ric,ric
viyojanasamparcanayoḥ,,continuation_or_gloss,False,4,,,,
2ric,114-№2550,root_entry,True,0,,,,
virecane,,continuation_or_gloss,True,0,,,,
3ric,114-№2551,root_entry,True,0,,,,
rij,114-№2552,root_entry,False,3,,rij,*rij,rij
riñc,114-№2553,root_entry,True,0,,,,
riṇ,114-№2554,root_entry,True,0,,,,
riṇv,114-№2555,root_entry,False,1,,,,riṇv
gatyarthaḥ,,continuation_or_gloss,True,0,,,,
1rip,114-№2556,root_entry,False,4,rip,rip,1rip,rip
2rip,114-№2557,root_entry,False,1,,,,2rip
1riph,114-№2558,root_entry,False,4,riph,riph/reph,1riph,riph
2riph,114-№2559,root_entry,True,0,,,,
3riph,114-№2560,root_entry,True,0,,,,
4riph,114-№2561,root_entry,True,0,,,,
ribh,114-№2562,root_entry,False,4,ribh,ribh,ribh,ribh
1rimph,114-№2563,root_entry,False,1,,,,rimph
2rimph,114-№2564,root_entry,True,0,,,,
rimb,115-№2565,root_entry,False,1,,,,rimb
rimbh,115-№2566,root_entry,True,0,,,,
riç,115-№2567,root_entry,False,4,riç,riç/reç,riç,riç
riṣ,115-№2568,root_entry,False,4,riṣ,riṣ,riṣ,riṣ
1rih,115-№2569,root_entry,False,4,rih,rih/reh,1rih,rih
2rih,115-№2570,root_entry,True,0,,,,
3rih,115-№2571,root_entry,False,1,,pṛjj,,
1rī,115-№2572,root_entry,False,3,rī,,1rī,rī
śravaṇe,,continuation_or_gloss,False,2,,,,
2rī,115-№2573,root_entry,False,1,,,,2rī
gatireṣaṇayoḥ,,continuation_or_gloss,True,0,,,,
rīv,115-№2574,root_entry,False,1,,,,rīv
1ru,115-№2575,root_entry,False,3,1ru,,1ru,ru
gatiroṣaṇayoḥ,,continuation_or_gloss,False,2,,,,
2ru,115-№2576,root_entry,False,4,2ru,2rav,2ru,2ru
śabde,,continuation_or_gloss,False,3,,,,
3ru,115-№2577,root_entry,False,1,,,,3ru
ruṃç,115-№2578,root_entry,False,1,,,,ruṃç
ruṃṣ,115-№2579,root_entry,True,0,,,,
ruṃs,115-№2580,root_entry,True,0,,,,
bhāṣārthaḥ ca,,continuation_or_gloss,True,0,,,,
ruṅg,115-№2581,root_entry,True,0,,,,
ruc,115-№2582,root_entry,False,4,ruc,ruc/roc,ruc,ruc
dīptāvabhiprītau ca,,continuation_or_gloss,False,4,,,,
1ruj,115-№2583,root_entry,False,4,ruj,ruj/roj,1ruj,ruj
hiṃsāyām,,continuation_or_gloss,False,4,,,,
2ruj,115-№2584,root_entry,False,1,,,,2ruj
bhaṅge,,continuation_or_gloss,True,0,,,,
1ruṭ,115-№2585,root_entry,False,2,,ruṭ,,ruṭ
upaghāte (pratighāte),,continuation_or_gloss,False,1,,,,
2ruṭ,115-№2586,root_entry,True,0,,,,
bhāṣārthaḥ ca,,continuation_or_gloss,True,0,,,,
3ruṭ,115-№2587,root_entry,True,0,,,,
roṣe ityeke,,continuation_or_gloss,True,0,,,,
4ruṭ,115-№2588,root_entry,True,0,,,,
1ruṭh,115-№2589,root_entry,False,3,ruṭh,roṭh,,ruṭh
2ruṭh,116-№2590,root_entry,True,0,,,,
3ruṭh,116-№2591,root_entry,True,0,,,,
4ruṭh,116-№2592,root_entry,True,0,,,,
ruṇṭ,116-№2593,root_entry,False,2,,ruṇṭ,,ruṇṭ
steye,,continuation_or_gloss,False,1,,,,
1ruṇṭh,116-№2594,root_entry,False,1,,,,ruṇṭh
steye ityeke,,continuation_or_gloss,True,0,,,,
2ruṇṭh,116-№2595,root_entry,True,0,,,,
gatau,,continuation_or_gloss,True,0,,,,
3ruṇṭh,116-№2596,root_entry,True,0,,,,
1ruṇḍ,116-№2597,root_entry,False,1,,,,ruṇḍ
2ruṇḍ,116-№2598,root_entry,True,0,,,,
rud,116-№2599,root_entry,False,4,rud,rud/rod,rudi,rud
aśruvimocane,,continuation_or_gloss,False,4,,,,
1rudh,116-№2600,root_entry,False,4,1rudh,1rodh,1rudh,rudh
2rudh,116-№2601,root_entry,False,4,2rudh,2rodh,2rudh,2rudh
3rudh,116-№2602,root_entry,False,1,,,,3rudh
4rudh,116-№2603,root_entry,True,0,,,,
5rudh,116-№2604,root_entry,True,0,,,,
rundh,116-№2605,root_entry,True,0,,,,
rup,116-№2606,root_entry,False,4,rup,rup/rop,rup,rup
vimohane,,continuation_or_gloss,False,4,,,,
rumb,116-№2607,root_entry,True,0,,,,
ruç,116-№2608,root_entry,False,2,,,*ruç,ruç
1ruṣ,116-№2609,root_entry,False,3,ruṣ,,1ruṣ,ruṣ
hiṃsārthaḥ,,continuation_or_gloss,False,3,,,,
2ruṣ,116-№2610,root_entry,False,1,,,,2ruṣ
roṣe,,continuation_or_gloss,True,0,,,,
ruh,116-№2611,root_entry,False,4,ruh,ruh/roh,ruh,ruh
bījajanmani prādurbhāve ca,,continuation_or_gloss,False,4,,,,
rūkṣ,117-№2612,root_entry,False,1,,,rū,
rūkṣa,117-№2613,root_entry,False,1,,,,rūkṣa
pāruṣye,,continuation_or_gloss,False,1,,,,
rūpa,117-№2614,root_entry,False,1,,,,rūpa
rūpakriyāyām,,continuation_or_gloss,False,1,,,,
rūṣ,117-№2615,root_entry,False,3,rūṣ,roṣ,,rūṣ
bhūṣāyām,,continuation_or_gloss,False,3,,,,
rūṣa,117-№2616,root_entry,True,0,,,,
rek,117-№2617,root_entry,False,1,,,,rek
śaṅkāyām,,continuation_or_gloss,True,0,,,,
rej,117-№2618,root_entry,False,4,rej,rej,rej,rej
dīptau,,continuation_or_gloss,False,4,,,,
reṭ,117-№2619,root_entry,False,1,,,,reṭ
paribhāṣaṇe,,continuation_or_gloss,True,0,,,,
1reḍ,117-№2620,root_entry,False,2,reḍ,,,reḍ
2reḍ,117-№2621,root_entry,True,0,,,,
rep,117-№2622,root_entry,False,2,,rep,,rep
gatau,,continuation_or_gloss,False,1,,,,
reb,117-№2623,root_entry,True,0,,,,
rebh,117-№2624,root_entry,False,3,rebh,rebh,,rebh
śabde,,continuation_or_gloss,False,2,,,,
reḷ,117-№2625,root_entry,True,0,,,,
rev,117-№2626,root_entry,False,1,,,,rev
plavagatau,,continuation_or_gloss,True,0,,,,
reṣ,117-№2627,root_entry,False,2,,reṣ,,reṣ
avyakte śabde,,continuation_or_gloss,False,1,,,,
rai,117-№2628,root_entry,False,3,,rai,rai,rai
śabde,,continuation_or_gloss,False,2,,,,
roṭ,117-№2629,root_entry,False,1,,roṭ,,
1roḍ,117-№2630,root_entry,False,1,,,,roḍ
2roḍ,117-№2631,root_entry,True,0,,,,
rolamb,117-№2632,root_entry,True,0,,,,
rauṭ,117-№2633,root_entry,False,1,,,,rauṭ
rauḍ,117-№2634,root_entry,False,1,,,,rauḍ
anādare,,continuation_or_gloss,True,0,,,,
lak,117-№2635,root_entry,False,1,,,,lak
1lakṣ,117-№2636,root_entry,False,2,lakṣ,,,lakṣ
ālocane,,continuation_or_gloss,False,1,,,,
2lakṣ,118-№2637,root_entry,True,0,,,,
darśanāṅkanayoḥ,,continuation_or_gloss,True,0,,,,
lakh,118-№2638,root_entry,False,1,,,,lakh
gatyarthaḥ,,continuation_or_gloss,True,0,,,,
1lag,118-№2639,root_entry,False,4,lag,lag,1lag,lag
saṅge,,continuation_or_gloss,False,4,,,,
2lag,118-№2640,root_entry,True,0,,,,
āsvādane,,continuation_or_gloss,True,0,,,,
lagh,118-№2641,root_entry,True,0,,,,
laṅkh,118-№2642,root_entry,False,1,,,,laṅkh
gatyarthaḥ,,continuation_or_gloss,True,0,,,,
laṅg,118-№2643,root_entry,False,1,,,,laṅg
gatyarthaḥ,,continuation_or_gloss,True,0,,,,
1laṅgh,118-№2644,root_entry,False,3,laṅgh,laṅgh,,laṅgh
2laṅgh,118-№2645,root_entry,True,0,,,,
3laṅgh,118-№2646,root_entry,True,0,,,,
bhāṣārthaḥ ca,,continuation_or_gloss,True,0,,,,
lach,118-№2647,root_entry,True,0,,,,
lakṣaṇe,,continuation_or_gloss,True,0,,,,
1laj,118-№2648,root_entry,False,1,,,,laj
bharjane,,continuation_or_gloss,False,1,,,,
2laj,118-№2649,root_entry,False,1,,,,2laj
apavāraṇe ityeke,,continuation_or_gloss,True,0,,,,
3laj,118-№2650,root_entry,False,1,,,,3laj
vrīḍāyām (vrīḍe),,continuation_or_gloss,True,0,,,,
laja,118-№2651,root_entry,True,0,,,,
prakāśane,,continuation_or_gloss,True,0,,,,
lajj,118-№2652,root_entry,False,3,lajj,lajj,,lajj
vrīḍāyām (vrīḍe),,continuation_or_gloss,False,3,,,,
lañch,118-№2653,root_entry,True,0,,,,
1lañj,118-№2654,root_entry,False,2,,lañj,,lañj
bharjane,,continuation_or_gloss,False,1,,,,
2lañj,118-№2655,root_entry,False,1,,,,2lañj
bhāṣārthaḥ ca,,continuation_or_gloss,True,0,,,,
3lañj,118-№2656,root_entry,True,0,,,,
hiṃsābalādānaniketaneṣu,,continuation_or_gloss,True,0,,,,
lañja,118-№2657,root_entry,False,1,,,,lañja
laṭ,118-№2658,root_entry,False,2,,laṭ,,laṭ
bālye,,continuation_or_gloss,False,1,,,,
1laḍ,118-№2659,root_entry,False,3,laḍ,laḍ,,laḍ
vilāse,,continuation_or_gloss,False,2,,,,
2laḍ,118-№2660,root_entry,True,0,,,,
3laḍ,119-№2661,root_entry,True,0,,,,
4laḍ,119-№2662,root_entry,True,0,,,,
laḍa,119-№2663,root_entry,True,0,,,,
1laṇḍ,119-№2664,root_entry,False,2,,laṇḍ,,laṇḍ
bhāṣārthaḥ ca,,continuation_or_gloss,False,1,,,,
2laṇḍ,119-№2665,root_entry,True,0,,,,
3laṇḍ,119-№2666,root_entry,True,0,,,,
lat,119-№2667,root_entry,True,0,,,,
land,119-№2668,root_entry,True,0,,,,
lap,119-№2669,root_entry,False,3,lap,lap,,lap
vyaktāyāṃ vāci,,continuation_or_gloss,False,3,,,,
labh,119-№2670,root_entry,False,3,labh,labh/lebh,,labh
prāptau,,continuation_or_gloss,False,3,,,,
labha,119-№2671,root_entry,False,1,,,,labha
lam,119-№2672,root_entry,False,2,lam,,,lam
lamph,119-№2673,root_entry,True,0,,,,
1lamb,119-№2674,root_entry,False,3,lamb,lamb,,lamb
śabde,,continuation_or_gloss,False,3,,,,
2lamb,119-№2675,root_entry,False,1,,,,2lamb
śabde avasraṃsane (ca),,continuation_or_gloss,True,0,,,,
1lambh,119-№2676,root_entry,False,1,,,,lambh
2lambh,119-№2677,root_entry,True,0,,,,
3lambh,119-№2678,root_entry,True,0,,,,
lay,119-№2679,root_entry,False,2,,layi,,lay
ca gatau,,continuation_or_gloss,False,1,,,,
lard,119-№2680,root_entry,False,1,,lard,,
larb,119-№2681,root_entry,False,2,,larb,,larb
gatau,,continuation_or_gloss,False,1,,,,
lal,120-№2682,root_entry,False,3,lal,lal,,lal
lala,120-№2683,root_entry,True,0,,,,
laç,120-№2684,root_entry,False,1,,,,laç
1laṣ,120-№2685,root_entry,False,3,laṣ,laṣ,,laṣ
2laṣ,120-№2686,root_entry,False,1,,,,2laṣ
1las,120-№2687,root_entry,False,4,las,las,las,las
śabde śleṣaṇakrīḍanayoḥ (ca),,continuation_or_gloss,False,4,,,,
2las,120-№2688,root_entry,False,1,,,,2las
śilpayoge,,continuation_or_gloss,True,0,,,,
lā,120-№2689,root_entry,False,3,lā,lā,,lā
ādāne (dāne),,continuation_or_gloss,False,3,,,,
lākh,120-№2690,root_entry,False,1,,,,lākh
śoṣaṇālamarthyoḥ,,continuation_or_gloss,True,0,,,,
lāgh,120-№2691,root_entry,False,1,,,,lāgh
sāmarthye,,continuation_or_gloss,True,0,,,,
lāj,120-№2692,root_entry,False,1,,,,lāj
bharjane bhartsane ca,,continuation_or_gloss,True,0,,,,
lāñch,120-№2693,root_entry,False,3,lāñch,lāñch,,lāñch
lakṣaṇe,,continuation_or_gloss,False,3,,,,
lāñj,120-№2694,root_entry,False,1,,,,lāñj
bharjane bhartsane ca,,continuation_or_gloss,True,0,,,,
lāḍa,120-№2695,root_entry,False,1,,,,lāḍa
lābha,120-№2696,root_entry,False,1,,,,lābha
preraṇe,,continuation_or_gloss,False,1,,,,
lāl,120-№2697,root_entry,True,0,,,,
1likh,120-№2698,root_entry,False,3,likh,lekh,,likh
gatyarthaḥ ityapi kecit,,continuation_or_gloss,False,3,,,,
2likh,120-№2699,root_entry,True,0,,,,
akṣaravinyāse,,continuation_or_gloss,True,0,,,,
liṅkh,120-№2700,root_entry,False,1,,,,liṅkh
gatyarthaḥ ityapi kecit,,continuation_or_gloss,True,0,,,,
1liṅg,120-№2701,root_entry,False,2,,āliṅg,,liṅg
gatyarthāḥ,,continuation_or_gloss,False,1,,,,
2liṅg,120-№2702,root_entry,True,0,,,,
citrīkaraṇe,,continuation_or_gloss,True,0,,,,
liṅgh,120-№2703,root_entry,True,0,,,,
lip,120-№2704,root_entry,False,3,lip,lip,,lip
upadehe,,continuation_or_gloss,False,3,,,,
limbh,121-№2705,root_entry,True,0,,,,
1liç,121-№2706,root_entry,False,3,liç,leç,,liç
2liç,121-№2707,root_entry,True,0,,,,
lih,121-№2708,root_entry,False,3,lih,lih/leh,,lih
āsvādane,,continuation_or_gloss,False,3,,,,
1lī,121-№2709,root_entry,False,4,1lī,lī,lī,lī
dravīkaraṇe,,continuation_or_gloss,False,4,,,,
2lī,121-№2710,root_entry,False,3,2lī,,2lī,2lī
śleṣaṇe,,continuation_or_gloss,False,2,,,,
3lī,121-№2711,root_entry,False,1,,,,3lī
śleṣaṇe,,continuation_or_gloss,False,1,,,,
luj,121-№2712,root_entry,True,0,,,,
luñc,121-№2713,root_entry,False,4,luñc,luñc/luñch,luc,luñc
apanayane,,continuation_or_gloss,False,4,,,,
1luñj,121-№2714,root_entry,False,1,,,,luñj
bhāṣārthaḥ,,continuation_or_gloss,True,0,,,,
2luñj,121-№2715,root_entry,True,0,,,,
hiṃsābalādānaniketaneṣu,,continuation_or_gloss,True,0,,,,
1luṭ,121-№2716,root_entry,False,1,,,,luṭ
upaghāte (pratighāte),,continuation_or_gloss,False,1,,,,
2luṭ,121-№2717,root_entry,True,0,,,,
viloḍane,,continuation_or_gloss,True,0,,,,
3luṭ,121-№2718,root_entry,True,0,,,,
bhāṣārthaḥ,,continuation_or_gloss,True,0,,,,
4luṭ,121-№2719,root_entry,True,0,,,,
viloḍane,,continuation_or_gloss,True,0,,,,
1luṭh,121-№2720,root_entry,False,3,1luṭh,luṭh/loṭh,,luṭh
upaghāte (pratighāte),,continuation_or_gloss,False,3,,,,
2luṭh,121-№2721,root_entry,False,2,2luṭh,,,2luṭh
upaghāte,,continuation_or_gloss,False,2,,,,
3luṭh,121-№2722,root_entry,True,0,,,,
viloḍane ityeke,,continuation_or_gloss,True,0,,,,
1luḍ,121-№2723,root_entry,False,3,luḍ,luḍ,,luḍ
viloḍane ityeke,,continuation_or_gloss,False,2,,,,
2luḍ,121-№2724,root_entry,False,1,,2loḍ,,
saṃśleṣaṇe ityanye,,continuation_or_gloss,False,1,,,,
luṇṭ,121-№2725,root_entry,False,1,,,,luṇṭ
1luṇṭh,121-№2726,root_entry,False,1,,,,luṇṭh
steye ityeke,,continuation_or_gloss,False,1,,,,
2luṇṭh,121-№2727,root_entry,True,0,,,,
ālasye pratighāte ca,,continuation_or_gloss,True,0,,,,
3luṇṭh,122-№2728,root_entry,True,0,,,,
gatau,,continuation_or_gloss,True,0,,,,
luṇḍ,122-№2729,root_entry,False,1,,,,luṇḍ
steye ityapare,,continuation_or_gloss,True,0,,,,
lunth,122-№2730,root_entry,False,1,,,,lunth
hiṃsāsaṅkleśanayoḥ,,continuation_or_gloss,True,0,,,,
1lup,122-№2731,root_entry,False,3,lup,lup/lop,,lup
vimohane,,continuation_or_gloss,False,3,,,,
2lup,122-№2732,root_entry,False,1,,,,2lup
chedane,,continuation_or_gloss,True,0,,,,
1lubh,122-№2733,root_entry,False,4,lubh,lubh/lobh,1lubh,lubh
gārddhye (gārdhnye),,continuation_or_gloss,False,4,,,,
2lubh,122-№2734,root_entry,True,0,,,,
vimohane,,continuation_or_gloss,True,0,,,,
lumb,122-№2735,root_entry,False,1,,,,lumb
lul,122-№2736,root_entry,False,2,lul,,,lul
1luṣ,122-№2737,root_entry,False,2,,lūṣ,,luṣ
2luṣ,122-№2738,root_entry,True,0,,,,
lus,122-№2739,root_entry,True,0,,,,
luh,122-№2740,root_entry,False,1,,,,luh
lū,122-№2741,root_entry,False,4,lū,lū/lavi,lū,lū
chedane,,continuation_or_gloss,False,4,,,,
leṇ,122-№2744,root_entry,True,0,,,,
lep,122-№2745,root_entry,False,2,,lep,,lep
gatau,,continuation_or_gloss,False,1,,,,
laiṇ,122-№2746,root_entry,False,1,,,,laiṇ
1lok,122-№2747,root_entry,False,3,lok,lok,,lok
darśane,,continuation_or_gloss,False,3,,,,
2lok,122-№2748,root_entry,True,0,,,,
bhāṣārthaḥ,,continuation_or_gloss,True,0,,,,
1loc,122-№2749,root_entry,False,2,loc,,,loc
darśane,,continuation_or_gloss,False,2,,,,
2loc,123-№2750,root_entry,True,0,,,,
bhāṣārthaḥ,,continuation_or_gloss,True,0,,,,
loch,123-№2751,root_entry,True,0,,,,
loṭ,123-№2752,root_entry,False,1,,,,loṭ
loḍ,123-№2753,root_entry,False,2,,loḍ,,loḍ
unmāde,,continuation_or_gloss,False,1,,,,
loṣṭ,123-№2754,root_entry,False,1,,,,loṣṭ
saṅghāte,,continuation_or_gloss,False,1,,,,
lauḍ,123-№2755,root_entry,False,1,,,,lauḍ
lpī,123-№2756,root_entry,False,1,,,,lpī
lyī,123-№2757,root_entry,False,1,,,,lyī
lvī,123-№2758,root_entry,False,1,,,,lvī
1vaṃh,123-№2759,root_entry,True,0,,,,
2vaṃh,123-№2760,root_entry,True,0,,,,
1vak,123-№2761,root_entry,False,2,vak,,,vak
2vak,123-№2762,root_entry,False,1,,,,2vak
vakk,123-№2763,root_entry,False,1,,,,vakk
1vakṣ,123-№2764,root_entry,False,4,vakṣ,prokṣ,1vakṣ,vakṣ
2vakṣ,123-№2765,root_entry,True,0,,,,
vakh,123-№2766,root_entry,False,1,,,,vakh
gatyarthaḥ,,continuation_or_gloss,True,0,,,,
vag,123-№2767,root_entry,False,1,,,*vag,
vagh,123-№2768,root_entry,True,0,,,,
1vaṅk,123-№2769,root_entry,False,2,,,1vaṅk,vaṅk
gatyarthaḥ,,continuation_or_gloss,False,2,,,,
2vaṅk,123-№2770,root_entry,True,0,,,,
kauṭilye,,continuation_or_gloss,True,0,,,,
vaṅkh,123-№2771,root_entry,False,1,,,,vaṅkh
gatyarthaḥ,,continuation_or_gloss,True,0,,,,
vaṅg,123-№2772,root_entry,False,1,,,,vaṅg
gatyarthaḥ,,continuation_or_gloss,True,0,,,,
vaṅgh,123-№2773,root_entry,True,0,,,,
vac,124-№2774,root_entry,False,4,vac,vac,vac,vac
1vaj,124-№2775,root_entry,False,4,vaj,vaj,1vaj,vaj
2vaj,124-№2776,root_entry,True,0,,,,
1vañc,124-№2777,root_entry,False,3,vañc,,1vañc,vañc
gatyarthaḥ,,continuation_or_gloss,False,3,,,,
2vañc,124-№2778,root_entry,True,0,,,,
pralambhane,,continuation_or_gloss,True,0,,,,
1vaṭ,124-№2779,root_entry,False,1,,,,vaṭ
paribhāṣaṇe,,continuation_or_gloss,True,0,,,,
2vaṭ,124-№2780,root_entry,False,1,,,,2vaṭ
veṣṭane,,continuation_or_gloss,True,0,,,,
3vaṭ,124-№2781,root_entry,True,0,,,,
1vaṭa,124-№2782,root_entry,False,1,,,,vaṭa
granthe,,continuation_or_gloss,True,0,,,,
2vaṭa,124-№2783,root_entry,True,0,,,,
vibhājane,,continuation_or_gloss,True,0,,,,
vaṭṭ,124-№2784,root_entry,False,1,,,,vaṭṭ
vaṭh,124-№2785,root_entry,False,1,,,,vaṭh
sthaulye,,continuation_or_gloss,True,0,,,,
vaṭha,124-№2786,root_entry,True,0,,,,
vaḍ,124-№2787,root_entry,True,0,,,,
vaḍḍ,124-№2788,root_entry,True,0,,,,
vaṇ,124-№2789,root_entry,False,1,,,,vaṇ
śabdārthaḥ,,continuation_or_gloss,True,0,,,,
vaṇṭ,124-№2790,root_entry,False,3,vaṇṭ,vaṇṭ,,vaṇṭ
vaṇṭa,124-№2791,root_entry,False,1,,,,vaṇṭa
vaṇṭh,124-№2792,root_entry,False,1,,,,vaṇṭh
ekacaryāyām,,continuation_or_gloss,True,0,,,,
vaṇḍ,124-№2793,root_entry,False,1,,,,vaṇḍ
vat,124-№2794,root_entry,False,4,vat,vat,vat,vat
1vad,125-№2795,root_entry,False,4,vad,vad/vadi,1vad,vad
vyaktāyāṃ vāci,,continuation_or_gloss,False,4,,,,
2vad,125-№2796,root_entry,True,0,,,,
sandeśavacane,,continuation_or_gloss,True,0,,,,
1vadh,125-№2797,root_entry,False,4,vadh,vadh,1vadh,vadh
2vadh,125-№2798,root_entry,True,0,,,,
1van,125-№2799,root_entry,False,4,van,vani,1van,van
sambhaktau,,continuation_or_gloss,False,4,,,,
2van,125-№2800,root_entry,False,2,,,2van,2van
ca nocyate (nopalabhyate),,continuation_or_gloss,False,1,,,,
3van,125-№2801,root_entry,True,0,,,,
śabde,,continuation_or_gloss,True,0,,,,
4van,125-№2802,root_entry,True,0,,,,
vand,125-№2803,root_entry,False,4,vand,vand/vandi,vand,vand
abhivādanastutyoḥ,,continuation_or_gloss,False,4,,,,
1vap,125-№2804,root_entry,False,4,1vap,1vap,1vap,vap
2vap,125-№2805,root_entry,False,4,2vap,2vap,up,2vap
vaph,125-№2806,root_entry,True,0,,,,
vabhr,125-№2807,root_entry,False,1,,,,vabhr
gatyarthaḥ,,continuation_or_gloss,True,0,,,,
vam,125-№2808,root_entry,False,4,vam,vami,vam,vam
vay,125-№2809,root_entry,False,2,,vay/vayi,,vay
gatau,,continuation_or_gloss,False,1,,,,
vara,125-№2810,root_entry,False,1,,,,vara
īpsāyām,,continuation_or_gloss,True,0,,,,
varc,125-№2811,root_entry,False,1,,,,varc
dīptau,,continuation_or_gloss,True,0,,,,
1varṇ,125-№2812,root_entry,True,0,,,,
2varṇ,125-№2813,root_entry,True,0,,,,
varṇa,125-№2814,root_entry,False,1,,,,varṇa
vardh,126-№2815,root_entry,False,2,,vardh,,vardh
chedanapūranayoḥ,,continuation_or_gloss,False,2,,,,
varph,126-№2816,root_entry,False,1,,,,varph
varb,126-№2817,root_entry,True,0,,,,
varṣ,126-№2818,root_entry,False,2,,varṣ,,varṣ
snehane,,continuation_or_gloss,False,2,,,,
1varh,126-№2819,root_entry,False,1,,varh,,
paribhāṣaṇahiṃsācchādaneṣu,,continuation_or_gloss,False,1,,,,
2varh,126-№2820,root_entry,True,0,,,,
bhāṣārthaḥ,,continuation_or_gloss,True,0,,,,
3varh,126-№2821,root_entry,True,0,,,,
hiṃsāyām ityeke,,continuation_or_gloss,True,0,,,,
4varh,126-№2822,root_entry,True,0,,,,
1val,126-№2823,root_entry,False,3,val,,1val,val
2val,126-№2824,root_entry,True,0,,,,
3val,126-№2825,root_entry,True,0,,,,
valk,126-№2826,root_entry,False,1,,,,valk
paribhāṣaṇe,,continuation_or_gloss,True,0,,,,
valg,126-№2827,root_entry,False,4,valg,valg,valg,valg
gatyarthaḥ,,continuation_or_gloss,False,4,,,,
valbh,126-№2828,root_entry,False,2,,valbh,,valbh
bhojane,,continuation_or_gloss,False,2,,,,
valyula,126-№2829,root_entry,True,0,,,,
valyūla,126-№2830,root_entry,True,0,,,,
1vall,126-№2831,root_entry,False,1,,,,vall
2vall,126-№2832,root_entry,True,0,,,,
3vall,126-№2833,root_entry,True,0,,,,
4vall,126-№2834,root_entry,True,0,,,,
1valh,126-№2835,root_entry,False,4,valh,valh,valh,valh
paribhāṣaṇahiṃsācchādaneṣu,,continuation_or_gloss,False,4,,,,
2valh,126-№2836,root_entry,True,0,,,,
bhāṣārthaḥ,,continuation_or_gloss,True,0,,,,
3valh,126-№2837,root_entry,True,0,,,,
1vaç,126-№2838,root_entry,False,4,vaç,vaç,1vaç,vaç
2vaç,126-№2839,root_entry,True,0,,,,
vaṣ,127-№2840,root_entry,False,1,,,,vaṣ
hiṃsārthaḥ,,continuation_or_gloss,True,0,,,,
vaṣk,127-№2841,root_entry,False,1,,,,vaṣk
gatyarthaḥ,,continuation_or_gloss,True,0,,,,
vaṣka,127-№2842,root_entry,True,0,,,,
1vas,127-№2843,root_entry,False,4,1vas,1vas,1vas,vas
nivāse,,continuation_or_gloss,False,3,,,,
2vas,127-№2844,root_entry,False,4,2vas,2vas,2vas,2vas
snehacchedāpaharaṇeṣu,,continuation_or_gloss,False,4,,,,
3vas,127-№2845,root_entry,False,4,3vas,3vas,3vas,3vas
ācchādane,,continuation_or_gloss,False,4,,,,
4vas,127-№2846,root_entry,False,1,,,,4vas
stambhe,,continuation_or_gloss,True,0,,,,
5vas,127-№2847,root_entry,False,1,,,,5vas
6vas,127-№2848,root_entry,False,1,,,,6vas
vasa,127-№2849,root_entry,False,1,,,,vasa
nivāse,,continuation_or_gloss,True,0,,,,
vask,127-№2850,root_entry,False,2,,vask,,vask
gatyarthaḥ,,continuation_or_gloss,False,1,,,,
vast,127-№2851,root_entry,True,0,,,,
ardane ityeke,,continuation_or_gloss,True,0,,,,
vah,127-№2852,root_entry,False,4,vah,vah,vah,vah
prāpaṇe,,continuation_or_gloss,False,4,,,,
1vā,127-№2853,root_entry,False,3,1vā,1vā,1vā,
2vā,127-№2854,root_entry,False,3,2vā,2vā,,2vā
3vā,127-№2855,root_entry,False,4,3vā,3vā,3vā,3vā
4vā,127-№2856,root_entry,False,1,,,,4vā
vāgh,127-№2857,root_entry,True,0,,,,
vāṅkṣ,127-№2858,root_entry,True,0,,,,
kāṅkṣāyām,,continuation_or_gloss,True,0,,,,
vāñc,127-№2859,root_entry,True,0,,,,
vāñch,127-№2860,root_entry,False,2,vāñch,,,vāñch
icchāyām,,continuation_or_gloss,False,1,,,,
vāḍ,127-№2861,root_entry,True,0,,,,
āplāvye ityeke,,continuation_or_gloss,True,0,,,,
vāta,127-№2862,root_entry,False,1,,,,vāta
sukhasevanayoḥ,,continuation_or_gloss,True,0,,,,
vādh,127-№2863,root_entry,True,0,,,,
vāvṛt,128-№2864,root_entry,True,0,,,,
varaṇe (vartane) iti kecit,,continuation_or_gloss,True,0,,,,
vāç,128-№2865,root_entry,False,4,vāç,vāç,vāç,vāç
1vās,128-№2866,root_entry,False,2,,vās,,vās
2vās,128-№2867,root_entry,False,1,,,,2vās
vāsa,128-№2868,root_entry,False,1,,,,vāsa
upasevāyām,,continuation_or_gloss,False,1,,,,
vāh,128-№2869,root_entry,False,3,vāh,vāh,,vāh
prayatne,,continuation_or_gloss,False,3,,,,
vi,128-№2870,root_entry,False,1,,,,vi
viṅk,128-№2871,root_entry,True,0,,,,
1vic,128-№2872,root_entry,False,4,1vic,vic/vec,1vic,vic
2vic,128-№2873,root_entry,False,3,2vic,,2vic,2vic
1vich,128-№2874,root_entry,False,1,,,,vich
bhāṣārthaḥ,,continuation_or_gloss,False,1,,,,
2vich,128-№2875,root_entry,True,0,,,,
gatau,,continuation_or_gloss,True,0,,,,
1vij,128-№2876,root_entry,False,4,vij,vij/vej,1vij,vij
pṛthagbhāve,,continuation_or_gloss,False,4,,,,
2vij,128-№2877,root_entry,False,1,,,,2vij
bhayacalanayoḥ,,continuation_or_gloss,True,0,,,,
3vij,128-№2878,root_entry,False,1,,,,3vij
bhayacalanayoḥ,,continuation_or_gloss,True,0,,,,
1viṭ,128-№2879,root_entry,False,1,,,,viṭ
2viṭ,128-№2880,root_entry,True,0,,,,
viḍ,128-№2881,root_entry,False,1,,,,viḍ
viṇṭ,128-№2882,root_entry,False,1,,,,viṇṭ
vitta,128-№2883,root_entry,False,1,,,,vitta
vith,128-№2884,root_entry,False,2,,,*vith,vith
yācane,,continuation_or_gloss,False,1,,,,
1vid,129-№2885,root_entry,False,4,1vid,vid/ved,1vid,vid
cetanākhyānanivāseṣu,,continuation_or_gloss,False,4,,,,
2vid,129-№2886,root_entry,False,3,2vid,,2vid,2vid
jñāne,,continuation_or_gloss,False,2,,,,
3vid,129-№2887,root_entry,False,1,,,,3vid
sattāyām,,continuation_or_gloss,False,1,,,,
4vid,129-№2888,root_entry,False,1,,,,4vid
lābhe,,continuation_or_gloss,True,0,,,,
5vid,129-№2889,root_entry,False,1,,,,5vid
vicāraṇe,,continuation_or_gloss,True,0,,,,
1vidh,129-№2890,root_entry,False,4,1vidh,vidh,1vidh,vidh
2vidh,129-№2891,root_entry,False,2,2vidh,,,2vidh
3vidh,129-№2892,root_entry,False,1,,,,3vidh
4vidh,129-№2893,root_entry,False,1,,,,4vidh
vind,129-№2894,root_entry,False,2,,vind,,vind
vindh,129-№2895,root_entry,False,3,vindh,vindh,,vindh
1vip,129-№2896,root_entry,False,4,vip,vip,1vip,vip
2vip,129-№2897,root_entry,False,1,,,,2vip
1vil,129-№2898,root_entry,False,1,,,,vil
kṣepe,,continuation_or_gloss,True,0,,,,
2vil,129-№2899,root_entry,True,0,,,,
saṃvaraṇe,,continuation_or_gloss,True,0,,,,
3vil,129-№2900,root_entry,True,0,,,,
1viç,129-№2901,root_entry,False,4,viç,viç,1viç,viç
2viç,129-№2902,root_entry,False,1,,,,2viç
1viṣ,129-№2903,root_entry,False,4,viṣ,veṣ,1viṣ,viṣ
secane,,continuation_or_gloss,False,4,,,,
2viṣ,129-№2904,root_entry,False,2,,,2viṣ,2viṣ
vyāptau,,continuation_or_gloss,True,0,,,,
3viṣ,129-№2905,root_entry,False,1,,,,3viṣ
viprayoge,,continuation_or_gloss,True,0,,,,
viṣk,129-№2906,root_entry,False,2,,viṣk,,viṣk
hiṃsāyām,,continuation_or_gloss,False,1,,,,
viṣka,129-№2907,root_entry,False,1,,,,viṣka
darśane,,continuation_or_gloss,True,0,,,,
viṣṭ,129-№2908,root_entry,False,4,viṣṭ,viṣṭ,viṣṭ,viṣṭ
1vis,129-№2909,root_entry,True,0,,,,
gatau,,continuation_or_gloss,True,0,,,,
2vis,130-№2910,root_entry,True,0,,,,
preraṇe ityeke,,continuation_or_gloss,True,0,,,,
vī,130-№2911,root_entry,False,4,vī,vī,vī,vī
vīja,130-№2912,root_entry,True,0,,,,
vīḍ,130-№2913,root_entry,False,4,vīḍ,vīḍ,vīḍ,vīḍ
vīṇ,130-№2914,root_entry,True,0,,,,
vīth,130-№2915,root_entry,True,0,,,,
vībh,130-№2916,root_entry,True,0,,,,
vīra,130-№2917,root_entry,False,1,,,,vīra
vikrāntau,,continuation_or_gloss,False,1,,,,
vukk,130-№2918,root_entry,True,0,,,,
vukh,130-№2919,root_entry,True,0,,,,
vuṅg,130-№2920,root_entry,True,0,,,,
varjane ityeke,,continuation_or_gloss,True,0,,,,
vuḍ,130-№2921,root_entry,False,1,,,,vuḍ
vuṇṭ,130-№2922,root_entry,True,0,,,,
vund,130-№2923,root_entry,True,0,,,,
vundh,130-№2924,root_entry,True,0,,,,
vus,130-№2925,root_entry,True,0,,,,
vibhāge iti kecit,,continuation_or_gloss,True,0,,,,
vūs,130-№2926,root_entry,True,0,,,,
1vṛ,130-№2927,root_entry,False,2,1vṛ,,1vṛ,
āvaraṇe,,continuation_or_gloss,False,2,,,,
2vṛ,130-№2928,root_entry,False,3,2vṛ,2var,2vṛ,
sambhaktau,,continuation_or_gloss,False,3,,,,
1vṛṃh,130-№2929,root_entry,False,1,vṛṃh,,,
2vṛṃh,131-№2930,root_entry,True,0,,,,
bhāṣārthaḥ,,continuation_or_gloss,True,0,,,,
vṛk,131-№2931,root_entry,False,1,,,vṛk,
ādāne,,continuation_or_gloss,False,1,,,,
vṛkṣ,131-№2932,root_entry,False,1,,,,vṛkṣ
varaṇe,,continuation_or_gloss,False,1,,,,
vṛc,131-№2933,root_entry,False,1,,,vṛc,
1vṛj,131-№2934,root_entry,False,4,vṛj,varj,1vṛj,vṛj
varjane,,continuation_or_gloss,False,3,,,,
2vṛj,131-№2935,root_entry,False,1,,,2*vṛj,
varjane,,continuation_or_gloss,False,1,,,,
vṛñj,131-№2936,root_entry,True,0,,,,
varjane ityeke,,continuation_or_gloss,True,0,,,,
vṛḍh,131-№2937,root_entry,True,0,,,,
1vṛṇ,131-№2938,root_entry,False,1,,,,vṛṇ
2vṛṇ,131-№2939,root_entry,True,0,,,,
3vṛṇ,131-№2940,root_entry,True,0,,,,
4vṛṇ,131-№2941,root_entry,True,0,,,,
1vṛt,131-№2942,root_entry,False,4,vṛt,vart,1vṛt,vṛt
vartane,,continuation_or_gloss,False,3,,,,
2vṛt,131-№2943,root_entry,False,1,,,,2vṛt
bhāṣārthaḥ,,continuation_or_gloss,True,0,,,,
3vṛt,131-№2944,root_entry,True,0,,,,
varaṇe (vartane),,continuation_or_gloss,True,0,,,,
4vṛt,131-№2945,root_entry,True,0,,,,
1vṛdh,131-№2946,root_entry,False,4,vṛdh,vṛdh,1vṛdh,vṛdh
vṛdhau,,continuation_or_gloss,False,3,,,,
2vṛdh,131-№2947,root_entry,True,0,,,,
bhāṣārthāḥ,,continuation_or_gloss,True,0,,,,
vṛn,131-№2948,root_entry,False,1,vran,,,
vṛç,131-№2949,root_entry,False,1,,,*vriç,
1vṛṣ,131-№2950,root_entry,False,2,vṛṣ,,1vṛṣ,
secane hiṃsāsaṅkleśanayośca,,continuation_or_gloss,False,2,,,,
2vṛṣ,131-№2951,root_entry,True,0,,,,
śaktibandhane,,continuation_or_gloss,True,0,,,,
1vṛh,131-№2952,root_entry,False,3,vṛh,vṛh,1vṛh,
2vṛh,132-№2953,root_entry,True,0,,,,
udyamane,,continuation_or_gloss,True,0,,,,
3vṛh,132-№2954,root_entry,True,0,,,,
vṝ,132-№2955,root_entry,False,2,,vṝ,*vṝ,
ve,132-№2956,root_entry,False,1,,ve,,
tantusantāne,,continuation_or_gloss,False,1,,,,
vekṣa,132-№2957,root_entry,True,0,,,,
veṅk,132-№2958,root_entry,True,0,,,,
1veṇ,132-№2959,root_entry,False,1,,,,veṇ
2veṇ,132-№2960,root_entry,True,0,,,,
veth,132-№2961,root_entry,False,1,,,,veth
yācane,,continuation_or_gloss,True,0,,,,
vedh,132-№2962,root_entry,False,1,,vedh,,
1ven,132-№2963,root_entry,False,3,ven,ven,,ven
2ven,132-№2964,root_entry,True,0,,,,
vep,132-№2965,root_entry,False,3,,vep,vep,vep
kampane,,continuation_or_gloss,False,3,,,,
vel,132-№2966,root_entry,False,1,,,,vel
calane,,continuation_or_gloss,True,0,,,,
vela,132-№2967,root_entry,False,1,,,,vela
kālopadeśe,,continuation_or_gloss,True,0,,,,
vell,132-№2968,root_entry,False,3,vell,vell,,vell
calane,,continuation_or_gloss,False,3,,,,
vevī,132-№2969,root_entry,False,1,,,,vevī
vetinā tulye,,continuation_or_gloss,True,0,,,,
veç,132-№2970,root_entry,False,1,,veç,,
veṣṭ,132-№2971,root_entry,False,3,veṣṭ,veṣṭ,,veṣṭ
veṣṭane,,continuation_or_gloss,False,3,,,,
ves,132-№2972,root_entry,False,1,,,,ves
gatau,,continuation_or_gloss,True,0,,,,
veh,132-№2973,root_entry,False,1,,,,veh
prayatne,,continuation_or_gloss,True,0,,,,
vehl,132-№2974,root_entry,False,1,,,,vehl
calane,,continuation_or_gloss,True,0,,,,
vai,132-№2975,root_entry,False,3,,vai,vai,vai
śoṣaṇe,,continuation_or_gloss,False,3,,,,
voc,132-№2976,root_entry,True,0,,,,
vyac,132-№2977,root_entry,False,3,vyac,,vyac,vyac
vyājīkaraṇe,,continuation_or_gloss,False,3,,,,
1vyaj,133-№2978,root_entry,False,2,vīj,,,vyaj
2vyaj,133-№2979,root_entry,True,0,,,,
vyath,133-№2980,root_entry,False,4,vyath,vyath,vyath,vyath
bhayasañcalanayoḥ,,continuation_or_gloss,False,4,,,,
vyadh,133-№2981,root_entry,False,4,vyadh,vyadh,vyadh,vyadh
tāḍane,,continuation_or_gloss,False,4,,,,
vyap,133-№2982,root_entry,False,1,,,,vyap
kṣepe,,continuation_or_gloss,True,0,,,,
1vyay,133-№2983,root_entry,False,2,vyay,,,vyay
gatau,,continuation_or_gloss,False,2,,,,
2vyay,133-№2984,root_entry,False,1,,,,2vyay
kṣepe catyeke,,continuation_or_gloss,True,0,,,,
vyaya,133-№2985,root_entry,False,1,,,,vyaya
vittasamutsarge,,continuation_or_gloss,False,1,,,,
vyā,133-№2986,root_entry,False,4,vyā,vyā,vyā,vyā
vyund,133-№2987,root_entry,True,0,,,,
1vyuṣ,133-№2988,root_entry,False,1,,,,vyuṣ
dāhe,,continuation_or_gloss,True,0,,,,
2vyuṣ,133-№2989,root_entry,False,1,,,,2vyuṣ
vibhāge,,continuation_or_gloss,True,0,,,,
3vyuṣ,133-№2990,root_entry,True,0,,,,
vyus,133-№2991,root_entry,True,0,,,,
vye,133-№2992,root_entry,True,0,,,,
saṃvaraṇe,,continuation_or_gloss,True,0,,,,
1vraj,133-№2993,root_entry,False,4,vraj,vraj,1vraj,vraj
gatau,,continuation_or_gloss,False,4,,,,
2vraj,133-№2994,root_entry,True,0,,,,
gatau,,continuation_or_gloss,True,0,,,,
vrañj,133-№2995,root_entry,True,0,,,,
gatau,,continuation_or_gloss,True,0,,,,
vraṇ,133-№2996,root_entry,False,1,,,,vraṇ
śabdārthaḥ,,continuation_or_gloss,True,0,,,,
vraṇa,133-№2997,root_entry,False,1,,,,vraṇa
gātravicūrṇane,,continuation_or_gloss,False,1,,,,
vrad,133-№2998,root_entry,False,3,vrad,,*vrad,vrad
vrand,133-№2999,root_entry,True,0,,,,
vraçc,133-№3000,root_entry,False,3,vraçc,vraçc,,vraçc
vrādh,133-№3001,root_entry,False,4,vrādh,vrādh,vrādh,vrādh
vrī,134-№3002,root_entry,False,2,,,*vrī,vrī
vrīḍ,134-№3003,root_entry,False,4,vrīḍ,vrīḍ,vrīḍ,vrīḍ
codane lajjāyāṃ ca,,continuation_or_gloss,False,4,,,,
vrīs,134-№3004,root_entry,True,0,,,,
vruḍ,134-№3005,root_entry,False,2,vruḍ,,,vruḍ
saṃvaraṇe,,continuation_or_gloss,False,2,,,,
vrūṣ,134-№3006,root_entry,False,1,,,,vrūṣ
hiṃsāyām ityanye,,continuation_or_gloss,True,0,,,,
vrūs,134-№3007,root_entry,True,0,,,,
hiṃsāyām ityeke,,continuation_or_gloss,True,0,,,,
vlag,134-№3008,root_entry,False,2,vlag,,,vlag
vlaṅg,134-№3009,root_entry,False,2,,vlaṅg,vlaṅg,
vlī,134-№3010,root_entry,False,3,vlī,vlayi,,vlī
varaṇe,,continuation_or_gloss,False,3,,,,
vlekṣa,134-№3011,root_entry,True,0,,,,
vleṣka,134-№3012,root_entry,True,0,,,,
1çaṃs,134-№3013,root_entry,False,4,çaṃs,çaṃs,1çaṃs,çaṃs
2çaṃs,134-№3014,root_entry,True,0,,,,
çaṃst,134-№3015,root_entry,True,0,,,,
1çak,134-№3016,root_entry,False,4,çak,çak,1çak,çak
2çak,134-№3017,root_entry,False,1,,,,2çak
çakvṛ,134-№3018,root_entry,True,0,,,,
çaṅk,134-№3019,root_entry,False,4,çaṅk,çaṅk,çaṅk,çaṅk
çac,134-№3020,root_entry,False,2,,,çac,çac
çañc,134-№3021,root_entry,False,1,,,,çañc
1çaṭ,134-№3022,root_entry,False,2,,çaṭ,,çaṭ
2çaṭ,134-№3023,root_entry,True,0,,,,
3çaṭ,134-№3024,root_entry,True,0,,,,
1çaṭh,134-№3025,root_entry,False,1,,,,çaṭh
2çaṭh,134-№3026,root_entry,True,0,,,,
3çaṭh,135-№3027,root_entry,True,0,,,,
4çaṭh,135-№3028,root_entry,True,0,,,,
çaṭha,135-№3029,root_entry,False,1,,,,çaṭha
1çaṇ,135-№3030,root_entry,False,1,,,,çaṇ
2çaṇ,135-№3031,root_entry,True,0,,,,
1çaṇḍ,135-№3032,root_entry,False,1,,,,çaṇḍ
2çaṇḍ,135-№3033,root_entry,True,0,,,,
çat,135-№3034,root_entry,False,4,çat,çat,çat,çat
1çad,135-№3035,root_entry,False,4,1çad,1çad,1çad,çad
2çad,135-№3036,root_entry,False,4,2çad,2çad,2*çad,2çad
çap,135-№3037,root_entry,False,4,çap,çap,çap,çap
çab,135-№3038,root_entry,True,0,,,,
çabd,135-№3039,root_entry,True,0,,,,
1çam,135-№3040,root_entry,False,4,1çam,çam/çami,1çam,çam
2çam,135-№3041,root_entry,False,3,2çam,,2çam,2çam
3çam,135-№3042,root_entry,False,2,3çam,,,3çam
4çam,135-№3043,root_entry,False,1,,,,4çam
1çamb,135-№3044,root_entry,False,1,,,,çamb
2çamb,135-№3045,root_entry,True,0,,,,
3çamb,135-№3046,root_entry,True,0,,,,
çara,135-№3047,root_entry,False,1,,,,çara
çard,135-№3048,root_entry,True,0,,,,
çarb,135-№3049,root_entry,False,1,,,,çarb
çarv,135-№3050,root_entry,False,1,,,,çarv
1çal,136-№3051,root_entry,False,3,çal,çal/ucchal,,çal
2çal,136-№3052,root_entry,False,1,,,,2çal
3çal,136-№3053,root_entry,True,0,,,,
4çal,136-№3054,root_entry,True,0,,,,
çalaṅk,136-№3055,root_entry,True,0,,,,
çalbh,136-№3056,root_entry,False,1,,,,çalbh
1çall,136-№3057,root_entry,True,0,,,,
2çall,136-№3058,root_entry,True,0,,,,
3çall,136-№3059,root_entry,True,0,,,,
çav,136-№3060,root_entry,False,2,,çav/çavi,,çav
çaç,136-№3061,root_entry,False,2,çaç,,,çaç
çaṣ,136-№3062,root_entry,False,1,,,,çaṣ
1ças,136-№3063,root_entry,False,4,ças,1ças,1ças,ças
2ças,136-№3064,root_entry,False,2,,2ças,,2ças
çā,136-№3065,root_entry,False,4,çā,çā,çā,çā
çākh,136-№3066,root_entry,False,1,,,,çākh
çāṭ,136-№3067,root_entry,True,0,,,,
çāḍ,136-№3068,root_entry,False,1,,,,çāḍ
çān,136-№3069,root_entry,False,1,,,,çān
çāra,136-№3070,root_entry,False,1,,,,çāra
çāl,136-№3071,root_entry,False,1,,,,çāl
1çās,136-№3072,root_entry,False,4,1çās,çās,1çās,çās
2çās,136-№3073,root_entry,False,2,2çās,,,2çās
3çās,137-№3074,root_entry,False,1,,,,3çās
çi,137-№3075,root_entry,False,2,,,çi,çi
çiṃh,137-№3076,root_entry,False,1,,,,çiṃh
çikṣ,137-№3077,root_entry,False,3,çikṣ,çikṣ,,çikṣ
çikhaṇḍ,137-№3078,root_entry,True,0,,,,
çiṅkh,137-№3079,root_entry,False,1,,,,çiṅkh
çiṅgh,137-№3080,root_entry,False,2,çiṅgh,,,çiṅgh
çiñj,137-№3081,root_entry,False,4,çiñj,çiñj,çiñj,çiñj
çiṭ,137-№3082,root_entry,False,1,,,,çiṭ
çiṇḍ,137-№3083,root_entry,True,0,,,,
1çip,137-№3084,root_entry,False,1,çip,,,
2çip,137-№3085,root_entry,True,0,,,,
çim,137-№3086,root_entry,False,3,çim,,çaim,çim
çimb,137-№3087,root_entry,True,0,,,,
çil,137-№3088,root_entry,False,1,,,,çil
çill,137-№3089,root_entry,True,0,,,,
1çiṣ,137-№3090,root_entry,False,4,çiṣ,çiṣ/çeṣ,1çiṣ,çiṣ
2çiṣ,137-№3091,root_entry,False,2,,,2çiṣ,2çiṣ
3çiṣ,137-№3092,root_entry,False,1,,,,3çiṣ
çist,137-№3093,root_entry,True,0,,,,
1çī,137-№3094,root_entry,False,4,1çī,çī/çayi,1çī,çī
2çī,137-№3095,root_entry,False,3,2çī,,2çī,2çī
3çī,137-№3096,root_entry,False,2,,,3çī,3çī
1çīk,138-№3097,root_entry,False,3,,çīk,1çīk,çīk
2çīk,138-№3098,root_entry,True,0,,,,
3çīk,138-№3099,root_entry,True,0,,,,
4çīk,138-№3100,root_entry,True,0,,,,
çībh,138-№3101,root_entry,False,1,,,,çībh
çīl,138-№3102,root_entry,False,1,,,,çīl
çīla,138-№3103,root_entry,False,1,,,,çīla
çu,138-№3104,root_entry,False,1,,,,çu
çuk,138-№3105,root_entry,False,1,,,,çuk
çukl,138-№3106,root_entry,True,0,,,,
1çuc,138-№3107,root_entry,False,4,çuc,çuc,1çuc,çuc
2çuc,138-№3108,root_entry,False,1,,,,2çuc
3çuc,138-№3109,root_entry,True,0,,,,
çucy,138-№3110,root_entry,False,1,,,,çucy
çuj,138-№3111,root_entry,False,3,çuj,çuj/çoj,,çuj
1çuṭh,138-№3112,root_entry,False,2,,çoṭh,,çuṭh
2çuṭh,138-№3113,root_entry,True,0,,,,
1çuṇṭh,138-№3114,root_entry,False,2,,çuṇṭh,,çuṇṭh
2çuṇṭh,138-№3115,root_entry,True,0,,,,
3çuṇṭh,138-№3116,root_entry,True,0,,,,
1çuṇḍ,138-№3117,root_entry,False,1,,,,çuṇḍ
2çuṇḍ,138-№3118,root_entry,True,0,,,,
çuddh,138-№3119,root_entry,True,0,,,,
çudh,139-№3120,root_entry,False,4,çudh,çudh/çodh,çudh,çudh
1çun,139-№3121,root_entry,False,1,,,,çun
2çun,139-№3122,root_entry,True,0,,,,
çundh,139-№3123,root_entry,False,1,,,,çundh
1çubh,139-№3124,root_entry,False,4,çubh,çubh/çobh,1çubh,çubh
2çubh,139-№3125,root_entry,False,1,,,,2çubh
3çubh,139-№3126,root_entry,False,1,,,,3çubh
4çubh,139-№3127,root_entry,False,1,,,,4çubh
1çumbh,139-№3128,root_entry,False,1,,,,çumbh
2çumbh,139-№3129,root_entry,True,0,,,,
1çulk,139-№3130,root_entry,True,0,,,,
2çulk,139-№3131,root_entry,True,0,,,,
çulb,139-№3132,root_entry,True,0,,,,
çulv,139-№3133,root_entry,True,0,,,,
1çuṣ,139-№3134,root_entry,False,4,1çuṣ,çuṣ,1çuṣ,çuṣ
2çuṣ,139-№3135,root_entry,False,2,2çuṣ,,,2çuṣ
1çū,139-№3136,root_entry,False,4,çū,çū,1çū,çū
2çū,139-№3137,root_entry,False,1,,,,2çū
çūc,139-№3138,root_entry,False,1,,çoc,,
çūn,139-№3139,root_entry,True,0,,,,
çūr,139-№3140,root_entry,False,1,,,,çūr
çūra,139-№3141,root_entry,False,1,,,,çūra
çūrp,139-№3142,root_entry,True,0,,,,
çūl,139-№3143,root_entry,False,1,,,,çūl
çūṣ,139-№3144,root_entry,False,2,,çoṣ,,çūṣ
1çṛ,140-№3145,root_entry,False,3,1çṛ,*çar,*çṛ,
2çṛ,140-№3146,root_entry,False,1,2çṛ,,,
3çṛ,140-№3147,root_entry,False,2,3çṛ,,çṛth,
4çṛ,140-№3148,root_entry,True,0,,,,
çṛṅkh,140-№3149,root_entry,True,0,,,,
çṛṅgh,140-№3150,root_entry,True,0,,,,
1çṛdh,140-№3151,root_entry,False,3,çṛdh,çṛdh/çardh,1çṛdh,
2çṛdh,140-№3152,root_entry,True,0,,,,
çṛbh,140-№3153,root_entry,True,0,,,,
çṝ,140-№3154,root_entry,False,2,,çṝ,1çṝ,
çekhṛ,140-№3155,root_entry,True,0,,,,
çeph,140-№3156,root_entry,True,0,,,,
çel,140-№3157,root_entry,False,1,,,,çel
çev,140-№3158,root_entry,True,0,,,,
çai,140-№3159,root_entry,True,0,,,,
ço,140-№3160,root_entry,False,2,,ço,ço,
çoṃs,140-№3161,root_entry,True,0,,,,
çoṇ,140-№3162,root_entry,False,1,,,,çoṇ
çauṭ,140-№3163,root_entry,False,1,,,,çauṭ
çauḍ,140-№3164,root_entry,False,1,,,,çauḍ
çauṇḍ,140-№3165,root_entry,True,0,,,,
çcand,140-№3166,root_entry,False,3,çcand,,*çcand,çcand
çcam,140-№3167,root_entry,False,2,çcam,,,çcam
çcar,141-№3168,root_entry,False,1,,,*çcar,
çcut,141-№3169,root_entry,False,4,çcut,çcot,çcut,çcut
çcyut,141-№3170,root_entry,False,2,,,çcyut,çcyut
çnath,141-№3171,root_entry,False,4,çnath,çnathi,çnath,çnath
çmīl,141-№3172,root_entry,False,2,,çmīl,,çmīl
çyam,141-№3173,root_entry,True,0,,,,
çyā,141-№3174,root_entry,False,4,çyā,çyā,çyā,çyā
çyai,141-№3175,root_entry,False,2,,çyai,çyai,
çraṃç,141-№3176,root_entry,True,0,,,,
1çraṃs,141-№3177,root_entry,True,0,,,,
2çraṃs,141-№3178,root_entry,True,0,,,,
çrak,141-№3179,root_entry,True,0,,,,
çraṅk,141-№3180,root_entry,False,2,,çraṅk,,çraṅk
çraṅg,141-№3181,root_entry,False,1,,,,çraṅg
çraṭh,141-№3182,root_entry,True,0,,,,
çraṇ,141-№3183,root_entry,False,2,,çraṇ,,çraṇ
çraṇṭh,141-№3184,root_entry,True,0,,,,
1çrath,141-№3185,root_entry,False,4,çrath,çrathi,çrath,çrath
2çrath,141-№3186,root_entry,False,1,,,,2çrath
3çrath,141-№3187,root_entry,True,0,,,,
çratha,141-№3188,root_entry,False,1,,,,çratha
1çranth,142-№3189,root_entry,False,1,,,,çranth
2çranth,142-№3190,root_entry,False,1,çran,,,
3çranth,142-№3191,root_entry,True,0,,,,
4çranth,142-№3192,root_entry,True,0,,,,
çram,142-№3193,root_entry,False,4,çram,çrami,çram,çram
çrambh,142-№3194,root_entry,False,4,çrambh,çrambh,çus,çrambh
çrā,142-№3195,root_entry,False,4,çrā,çrā,çrā,çrā
çrākh,142-№3196,root_entry,True,0,,,,
çrāma,142-№3197,root_entry,False,1,,,,çrāma
çri,142-№3198,root_entry,False,4,çri,çri,çri,çri
çriv,142-№3199,root_entry,True,0,,,,
1çriṣ,142-№3200,root_entry,False,4,çriṣ,çreṣ,1çriṣ,çriṣ
2çriṣ,142-№3201,root_entry,False,1,,,,2çriṣ
1çrī,142-№3202,root_entry,False,4,1çrī,çrī/çrayi,1çrī,çrī
2çrī,142-№3203,root_entry,False,2,2çrī,,,2çrī
çrīv,142-№3204,root_entry,False,2,,çrīv,çrīv,
1çru,142-№3205,root_entry,False,4,çru,çru/çrav,1çru,çru
2çru,142-№3206,root_entry,False,1,,,,2çru
çruṣ,142-№3207,root_entry,False,4,çruṣ,çruṣ/çroṣ,çruṣ,çruṣ
çrek,142-№3208,root_entry,True,0,,,,
çrai,143-№3209,root_entry,False,1,,,çrai,
çroṇ,143-№3210,root_entry,False,1,,,,çroṇ
çlak,143-№3211,root_entry,True,0,,,,
çlaṅk,143-№3212,root_entry,False,1,,,,çlaṅk
çlaṅg,143-№3213,root_entry,False,1,,,,çlaṅg
çlath,143-№3214,root_entry,False,2,çlath,,,çlath
çlatha,143-№3215,root_entry,False,1,,,,çlatha
çlā,143-№3216,root_entry,False,1,çlā,,,
çlākh,143-№3217,root_entry,False,1,,,,çlākh
çlāgh,143-№3218,root_entry,False,4,çlāgh,çlāgh,çlāgh,çlāgh
çlāḍ,143-№3219,root_entry,True,0,,,,
çli,143-№3220,root_entry,False,1,,,,çli
1çliṣ,143-№3221,root_entry,False,3,çliṣ,çliṣ/çleṣ,,çliṣ
2çliṣ,143-№3222,root_entry,False,1,,,,2çliṣ
çlek,143-№3223,root_entry,True,0,,,,
çlok,143-№3224,root_entry,False,1,,,,çlok
çloṇ,143-№3225,root_entry,False,1,,,,çloṇ
çvaṅk,143-№3226,root_entry,False,2,,çvaṅk,,çvaṅk
çvaṅg,143-№3227,root_entry,True,0,,,,
çvaс,143-№3228,root_entry,False,1,,,çvanc,
çvaj,143-№3229,root_entry,False,1,,,,çvaj
çvañс,143-№3230,root_entry,False,1,çvañc,,,
çvañj,143-№3231,root_entry,False,1,,,,çvañj
çvaṭh,143-№3232,root_entry,False,1,,,,çvaṭh
çvaṭha,144-№3233,root_entry,False,1,,,,çvaṭha
çvaṇṭh,144-№3234,root_entry,False,1,,,,çvaṇṭh
çvan,144-№3235,root_entry,False,1,,,,çvan
çvabhr,144-№3236,root_entry,True,0,,,,
çvart,144-№3237,root_entry,False,1,,,,çvart
çval,144-№3238,root_entry,False,2,,çval,,çval
çvalk,144-№3239,root_entry,False,1,,,,çvalk
çvall,144-№3240,root_entry,False,1,,,,çvall
çvas,144-№3241,root_entry,False,4,çvas,çvas,çvas,çvas
çvā,144-№3242,root_entry,False,4,çvā,çvā,çvā,çvā
çvātr,144-№3243,root_entry,False,1,,,,çvātr
çvi,144-№3244,root_entry,False,1,,,,çvi
çvit,144-№3245,root_entry,False,4,çvit,çvet,çvit,çvit
çvind,144-№3246,root_entry,False,2,,çvind,,çvind
çvṝ,144-№3247,root_entry,True,0,,,,
çveta,144-№3248,root_entry,False,1,,,,çveta
ṣag,144-№3249,root_entry,True,0,,,,
ṣaṭṭ,144-№3250,root_entry,False,1,,,,ṣaṭṭ
ṣaṇḍh,144-№3251,root_entry,True,0,,,,
ṣaṣk,144-№3252,root_entry,False,1,,,,ṣaṣk
ṣukk,144-№3253,root_entry,False,1,,,,ṣukk
ṣṭambh,144-№3254,root_entry,True,0,,,,
ṣṭyai,144-№3255,root_entry,False,1,,,ṣṭū,
śabdasaṅghātayoḥ,,continuation_or_gloss,True,0,,,,
ṣṭhiv,145-№3256,root_entry,False,2,,,ṣṭhiv,ṣṭhiv
ṣṭhīv,145-№3257,root_entry,False,3,ṣṭhīv,ṣṭhev,ṣṭhīv,
ṣṭhu,145-№3258,root_entry,False,2,,,ṣṭhū,ṣṭhu
ṣvakk,145-№3259,root_entry,False,1,,,,ṣvakk
ṣvaṣk,145-№3260,root_entry,False,1,,,,ṣvaṣk
gatyarthaḥ,,continuation_or_gloss,False,1,,,,
ṣvask,145-№3261,root_entry,True,0,,,,
gatyarthaḥ,,continuation_or_gloss,True,0,,,,
saṃst,145-№3262,root_entry,True,0,,,,
svapne,,continuation_or_gloss,True,0,,,,
sakṣ,145-№3263,root_entry,False,2,sakṣ,,,sakṣ
1sag,145-№3264,root_entry,False,1,,,,sag
2sag,145-№3265,root_entry,True,0,,,,
sagh,145-№3266,root_entry,False,4,sagh,sagh,sagh,sagh
saṃketa,145-№3267,root_entry,False,1,,,,saṃketa
saṃgrāma,145-№3268,root_entry,False,1,,,,saṃgrāma
saṅgh,145-№3269,root_entry,True,0,,,,
1sac,145-№3270,root_entry,False,4,sac,1sac,1sac,sac
samavāye,,continuation_or_gloss,False,4,,,,
2sac,145-№3271,root_entry,False,3,,2sac,2sac,2sac
secane sevane ca,,continuation_or_gloss,False,2,,,,
1saj,145-№3272,root_entry,False,3,saj,saj,,saj
2saj,145-№3273,root_entry,True,0,,,,
1sajj,145-№3274,root_entry,False,1,,,,sajj
2sajj,145-№3275,root_entry,True,0,,,,
sañc,145-№3276,root_entry,False,1,,,,sañc
1sañj,146-№3277,root_entry,False,3,,sañj,1sañj,sañj
2sañj,146-№3278,root_entry,True,0,,,,
3sañj,146-№3279,root_entry,True,0,,,,
1saṭ,146-№3280,root_entry,False,1,,,,saṭ
2saṭ,146-№3281,root_entry,True,0,,,,
saṭṭ,146-№3282,root_entry,False,1,,,,saṭṭ
hiṃsāyām,,continuation_or_gloss,True,0,,,,
saṭh,146-№3283,root_entry,False,1,,,,saṭh
saṇ,146-№3284,root_entry,True,0,,,,
sattra,146-№3285,root_entry,False,1,,,,sattra
santānakriyāyām,,continuation_or_gloss,False,1,,,,
1sad,146-№3286,root_entry,False,4,sad,sad,1sad,sad
viśaraṇagatyavasādaneṣu,,continuation_or_gloss,False,4,,,,
2sad,146-№3287,root_entry,False,1,,,,2sad
viśaraṇagatyavasādaneṣu,,continuation_or_gloss,True,0,,,,
sadh,146-№3288,root_entry,False,1,,,,sadh
hiṃsāyām,,continuation_or_gloss,True,0,,,,
1san,146-№3289,root_entry,False,4,san,san/sani,1sani,san
sambhaktau,,continuation_or_gloss,False,4,,,,
2san,146-№3290,root_entry,False,1,,,,2san
dāne,,continuation_or_gloss,True,0,,,,
sap,146-№3291,root_entry,False,4,sap,sap,sap,sap
samavāye,,continuation_or_gloss,False,4,,,,
sabh,146-№3292,root_entry,False,1,,,,sabh
sabhāja,146-№3293,root_entry,True,0,,,,
sam,146-№3294,root_entry,False,1,,,,sam
sama,146-№3295,root_entry,False,1,,,,sama
samp,146-№3296,root_entry,True,0,,,,
1samb,146-№3297,root_entry,False,1,,,,samb
2samb,146-№3298,root_entry,True,0,,,,
say,146-№3299,root_entry,False,2,,say/sayi,,say
1sarj,147-№3300,root_entry,False,4,sarj,1sarj,1sarj,sarj
2sarj,147-№3301,root_entry,False,2,,2sarj,,2sarj
3sarj,147-№3302,root_entry,False,1,,,,3sarj
sarb,147-№3303,root_entry,False,2,,sarb,,sarb
gatau,,continuation_or_gloss,False,1,,,,
sarv,147-№3304,root_entry,True,0,,,,
hiṃsāyām,,continuation_or_gloss,True,0,,,,
sal,147-№3305,root_entry,False,1,,,,sal
gatau,,continuation_or_gloss,True,0,,,,
sall,147-№3306,root_entry,True,0,,,,
sav,147-№3307,root_entry,False,1,,sav/1savi,,
saçc,147-№3308,root_entry,False,2,saçc,,,saçc
1saṣ,147-№3309,root_entry,True,0,,,,
2sas,147-№3310,root_entry,False,3,sas,sas,1sas,
1sah,147-№3311,root_entry,False,4,sah,sah,1sah,sah
marṣaṇe,,continuation_or_gloss,False,4,,,,
2sah,147-№3312,root_entry,False,1,,,,2sah
marṣaṇe,,continuation_or_gloss,True,0,,,,
1sā,147-№3313,root_entry,False,3,1sā,,1sā,sā
2sā,147-№3314,root_entry,False,3,2sā,,2sā,2sā
3sā,147-№3315,root_entry,False,2,,,3*sā,3sā
sākṣ,147-№3316,root_entry,False,1,,,,sākṣ
sāṭa,147-№3317,root_entry,True,0,,,,
sāt,147-№3318,root_entry,False,1,,,,sāt
sādh,147-№3319,root_entry,False,4,sādh,sādh,sādh,sādh
saṃsiddhau,,continuation_or_gloss,False,4,,,,
sāntv,147-№3320,root_entry,False,1,,,,sāntv
sāmaprayoge,,continuation_or_gloss,True,0,,,,
sām,148-№3321,root_entry,True,0,,,,
sāma,148-№3322,root_entry,False,1,,,,sāma
sāntvaprayoge,,continuation_or_gloss,True,0,,,,
sāmb,148-№3323,root_entry,False,1,,,,sāmb
sambandhane ityeke,,continuation_or_gloss,True,0,,,,
sāra,148-№3324,root_entry,False,1,,,,sāra
daurbalye,,continuation_or_gloss,True,0,,,,
sāh,148-№3325,root_entry,False,1,,,,sāh
1si,148-№3326,root_entry,False,3,si,,1si,si
bandhane,,continuation_or_gloss,False,3,,,,
2si,148-№3327,root_entry,True,0,,,,
bandhane,,continuation_or_gloss,True,0,,,,
siṃh,148-№3328,root_entry,True,0,,,,
sik,148-№3329,root_entry,True,0,,,,
1sigh,148-№3330,root_entry,True,0,,,,
2sigh,148-№3331,root_entry,True,0,,,,
siṅg,148-№3332,root_entry,True,0,,,,
sic,148-№3333,root_entry,False,4,sic,sec,sic,sic
kṣaraṇe,,continuation_or_gloss,False,3,,,,
siñj,148-№3334,root_entry,True,0,,,,
siṭ,148-№3335,root_entry,False,1,,,,siṭ
anādare,,continuation_or_gloss,True,0,,,,
1sidh,148-№3336,root_entry,False,4,1sidh,sidh/sedh,1sidh,sidh
gatyām,,continuation_or_gloss,False,4,,,,
2sidh,148-№3337,root_entry,False,3,2sidh,,2sidh,2sidh
śāstre māṅgalye ca,,continuation_or_gloss,False,3,,,,
3sidh,148-№3338,root_entry,True,0,,,,
saṃrāddhau,,continuation_or_gloss,True,0,,,,
sinv,148-№3339,root_entry,False,1,,,,sinv
sibh,148-№3340,root_entry,False,1,,,,sibh
hiṃsārthaḥ ityeke,,continuation_or_gloss,True,0,,,,
simbh,148-№3341,root_entry,False,1,,,,simbh
hiṃsārthaḥ ityeke,,continuation_or_gloss,True,0,,,,
sil,148-№3342,root_entry,False,1,,,,sil
uñche,,continuation_or_gloss,True,0,,,,
1siv,148-№3343,root_entry,False,2,,,1siv,siv
2siv,148-№3344,root_entry,True,0,,,,
sī,149-№3345,root_entry,False,2,sī,,,sī
1sīk,149-№3346,root_entry,False,1,,,,sīk
2sīk,149-№3347,root_entry,True,0,,,,
sīv,149-№3348,root_entry,False,3,sīv,,sīv,sīv
1su,149-№3349,root_entry,False,4,su,su,1su,su
prasavasaiśvaryayoḥ,,continuation_or_gloss,False,4,,,,
2su,149-№3350,root_entry,False,2,,2savi,,2su
prasavaiśvaryayoḥ,,continuation_or_gloss,False,2,,,,
3su,149-№3351,root_entry,False,1,,,,3su
abhiṣave,,continuation_or_gloss,False,1,,,,
sukha,149-№3352,root_entry,False,1,,,,sukha
tatkriyāyām,,continuation_or_gloss,False,1,,,,
sugh,149-№3353,root_entry,True,0,,,,
suṭṭ,149-№3354,root_entry,False,2,,suṭṭ,,suṭṭ
anādare,,continuation_or_gloss,False,1,,,,
suṇṭ,149-№3355,root_entry,True,0,,,,
sund,149-№3356,root_entry,False,1,,,*sud,
subh,149-№3357,root_entry,False,4,subh,sobh,subh,subh
sumb,149-№3358,root_entry,True,0,,,,
sumbh,149-№3359,root_entry,False,1,,,,sumbh
sur,149-№3360,root_entry,False,1,,,,sur
aiśvaryadīptyoḥ,,continuation_or_gloss,True,0,,,,
sura,149-№3361,root_entry,False,1,,,,sura
sul,149-№3362,root_entry,False,3,sul,sul,,sul
suh,149-№3363,root_entry,False,2,,suh,,suh
cakyarthe,,continuation_or_gloss,False,1,,,,
1sū,150-№3364,root_entry,False,3,sū,,1sū,sū
prāṇigarbhavimocane,,continuation_or_gloss,False,3,,,,
2sū,150-№3365,root_entry,False,2,,,2sū,2sū
prāṇiprasave,,continuation_or_gloss,False,1,,,,
sūca,150-№3366,root_entry,False,1,,,,sūca
paiśunye,,continuation_or_gloss,True,0,,,,
sūtr,150-№3367,root_entry,True,0,,,,
sūtra,150-№3368,root_entry,False,1,,,,sūtra
veṣṭane; vimocana ityanye,,continuation_or_gloss,False,1,,,,
sūd,150-№3369,root_entry,False,4,sūd,sūd,sūd,sūd
sūp,150-№3370,root_entry,True,0,,,,
sūr,150-№3371,root_entry,True,0,,,,
sūrkṣ,150-№3372,root_entry,False,3,sūrkṣ,,sūrkṣ,sūrkṣ
ādare,,continuation_or_gloss,False,3,,,,
1sūrkṣy,150-№3373,root_entry,True,0,,,,
2sūrkṣy,150-№3374,root_entry,True,0,,,,
sūṣ,150-№3375,root_entry,False,1,,,,sūṣ
prasave ityeke,,continuation_or_gloss,True,0,,,,
1sṛ,150-№3376,root_entry,False,3,sṛ,sar,1sṛ,
gatau,,continuation_or_gloss,False,3,,,,
2sṛ,150-№3377,root_entry,False,1,,,2sṛ,
gatau,,continuation_or_gloss,False,1,,,,
sṛk,150-№3378,root_entry,False,1,sṛk,,,
sṛkṣ,150-№3379,root_entry,True,0,,,,
sṛc,150-№3380,root_entry,True,0,,,,
sṛj,150-№3381,root_entry,False,4,sṛj,sṛj,sṛj,sṛj
1sṛdh,150-№3382,root_entry,False,1,,,,sṛdh
2sṛdh,151-№3383,root_entry,True,0,,,,
sṛp,151-№3384,root_entry,False,3,sṛp,sarp,sṛp,
gatau,,continuation_or_gloss,False,3,,,,
sṛbh,151-№3385,root_entry,True,0,,,,
hiṃsārthaḥ,,continuation_or_gloss,True,0,,,,
sṛmbh,151-№3386,root_entry,True,0,,,,
hiṃsārthau,,continuation_or_gloss,True,0,,,,
sṝ,151-№3387,root_entry,True,0,,,,
sek,151-№3388,root_entry,False,1,,,,sek
gatau,,continuation_or_gloss,True,0,,,,
sel,151-№3389,root_entry,False,1,,,,sel
gatau ityeke,,continuation_or_gloss,True,0,,,,
sev,151-№3390,root_entry,False,3,sev,sev,,sev
sevane,,continuation_or_gloss,False,3,,,,
sai,151-№3391,root_entry,True,0,,,,
kṣaye,,continuation_or_gloss,True,0,,,,
so,151-№3392,root_entry,False,1,,,,so
antakarmaṇi,,continuation_or_gloss,True,0,,,,
skand,151-№3393,root_entry,False,4,skand,skand,skand,skand
gatiśoṣaṇayoḥ,,continuation_or_gloss,False,4,,,,
skandha,151-№3394,root_entry,False,1,,,,skandha
skabh,151-№3395,root_entry,False,1,,,,skabh
skambh,151-№3396,root_entry,False,3,skambh,skambhi,skambh,
sku,151-№3397,root_entry,False,4,sku,skav,sku,sku
āpravane,,continuation_or_gloss,False,4,,,,
skund,152-№3398,root_entry,False,2,,skund,,skund
āpravaṇe,,continuation_or_gloss,False,2,,,,
skumbh,152-№3399,root_entry,True,0,,,,
skṛ,152-№3400,root_entry,False,3,skṛ,skar,skṛ,
skhad,152-№3401,root_entry,False,1,,,,skhad
skhal,152-№3402,root_entry,False,4,skhal,skhal,skhal,skhal
skhall,152-№3403,root_entry,True,0,,,,
skhuḍ,152-№3404,root_entry,False,1,,,,skhuḍ
stak,152-№3405,root_entry,False,2,,stak,,stak
pratighāte (pratīghāte),,continuation_or_gloss,False,2,,,,
stan,152-№3406,root_entry,False,4,stan,stan/stani,stan,stan
śabde,,continuation_or_gloss,False,4,,,,
stana,152-№3407,root_entry,False,1,,,,stana
devaśabde,,continuation_or_gloss,False,1,,,,
stab,152-№3408,root_entry,True,0,,,,
stabh,152-№3409,root_entry,False,2,,stabh,,stabh
stam,152-№3410,root_entry,False,1,,,,stam
avaikalye (vaikalye),,continuation_or_gloss,False,1,,,,
stama,152-№3411,root_entry,True,0,,,,
stamb,152-№3412,root_entry,True,0,,,,
stambh,152-№3413,root_entry,False,4,stambh,stambhi,stambh,stambh
stā,152-№3414,root_entry,False,3,stā,,*stā,stā
stik,153-№3415,root_entry,True,0,,,,
stigh,153-№3416,root_entry,False,4,stigh,stigh/stegh,stigh,stigh
āskandane,,continuation_or_gloss,False,4,,,,
1stip,153-№3417,root_entry,False,1,,,,stip
2stip,153-№3418,root_entry,True,0,,,,
stim,153-№3419,root_entry,False,2,stim,,,stim
ārdrībhāve,,continuation_or_gloss,False,2,,,,
stī,153-№3420,root_entry,False,3,styā,styā,*stī,
stīm,153-№3421,root_entry,False,1,,,,stīm
1stu,153-№3422,root_entry,False,4,1stu,stav,1stu,stu
2stu,153-№3423,root_entry,False,2,2stu,,,2stu
stuc,153-№3424,root_entry,False,1,,,,stuc
prasāde,,continuation_or_gloss,False,1,,,,
stup,153-№3425,root_entry,True,0,,,,
stubh,153-№3426,root_entry,False,4,stubh,stubh/stobh,stubh,stubh
stambhe,,continuation_or_gloss,False,4,,,,
stump,153-№3427,root_entry,False,1,,,,stump
stumb,153-№3428,root_entry,True,0,,,,
stumbh,153-№3429,root_entry,True,0,,,,
stūṇ,153-№3430,root_entry,True,0,,,,
stūp,153-№3431,root_entry,False,1,,,,stūp
1stṛ,153-№3432,root_entry,False,3,stṛ,stṛ/stari,1stṛ,
2stṛ,153-№3433,root_entry,True,0,,,,
stṛṃh,154-№3434,root_entry,True,0,,,,
stṛkṣ,154-№3435,root_entry,True,0,,,,
gatau,,continuation_or_gloss,True,0,,,,
stṛkh,154-№3436,root_entry,True,0,,,,
stṛp,154-№3437,root_entry,True,0,,,,
stṛh,154-№3438,root_entry,False,3,stṛh,stṛh,stṛh,
hiṃsārthaḥ,,continuation_or_gloss,False,3,,,,
stṝ,154-№3439,root_entry,False,2,,stṝ,stṝ,
ācchādane,,continuation_or_gloss,False,2,,,,
stena,154-№3440,root_entry,False,1,,,,stena
caurye,,continuation_or_gloss,False,1,,,,
1step,154-№3441,root_entry,False,2,,step,,step
2step,154-№3442,root_entry,True,0,,,,
stai,154-№3443,root_entry,True,0,,,,
veṣṭane; śobhāyāṃ cetyeke,,continuation_or_gloss,True,0,,,,
stoma,154-№3444,root_entry,False,1,,,,stoma
ślāghāyām,,continuation_or_gloss,False,1,,,,
styai,154-№3445,root_entry,False,1,,,styai,
śabdasaṅghātayoḥ,,continuation_or_gloss,False,1,,,,
stvan,154-№3446,root_entry,True,0,,,,
sthag,154-№3447,root_entry,False,3,sthag,sthag,,sthag
saṃvaraṇe,,continuation_or_gloss,False,3,,,,
sthal,154-№3448,root_entry,False,1,,,,sthal
sthā,154-№3449,root_entry,False,4,sthā,sthā,sthā,sthā
gatinivṛttau,,continuation_or_gloss,False,4,,,,
sthiv,154-№3450,root_entry,True,0,,,,
sthuḍ,154-№3451,root_entry,False,2,,sthoḍ,,sthuḍ
saṃvaraṇe,,continuation_or_gloss,False,2,,,,
sthū,154-№3452,root_entry,False,1,,,,sthū
sthūla,154-№3453,root_entry,False,1,,,,sthūla
paribṛṃhaṇe,,continuation_or_gloss,False,1,,,,
snas,154-№3454,root_entry,False,1,,,,snas
nirasane,,continuation_or_gloss,False,1,,,,
snā,155-№3455,root_entry,False,4,snā,snā,snā,snā
snit,155-№3456,root_entry,True,0,,,,
1snih,155-№3457,root_entry,False,4,snih,snih/sneh,1snih,snih
snehane,,continuation_or_gloss,False,4,,,,
2snih,155-№3458,root_entry,False,1,,,,2snih
prītau,,continuation_or_gloss,False,1,,,,
3snih,155-№3459,root_entry,True,0,,,,
snu,155-№3460,root_entry,False,4,snu,snu/snav,snu,snu
prasravaṇe,,continuation_or_gloss,False,3,,,,
snuc,155-№3461,root_entry,True,0,,,,
snus,155-№3462,root_entry,False,1,,,,snus
1snuh,155-№3463,root_entry,False,2,,snuh,,snuh
2snuh,155-№3464,root_entry,False,1,,,,2snuh
snai,155-№3465,root_entry,True,0,,,,
veṣṭane; śobhāyāṃ cetyeke,,continuation_or_gloss,True,0,,,,
spand,155-№3466,root_entry,False,4,spand,spand,spand,spand
kiñciccalane,,continuation_or_gloss,False,4,,,,
spardh,155-№3467,root_entry,False,3,,spardh,spardh,spardh
saṅgharṣe,,continuation_or_gloss,False,3,,,,
1sparç,155-№3468,root_entry,False,2,,sparç,,sparç
2sparç,155-№3469,root_entry,True,0,,,,
sparṣ,155-№3470,root_entry,False,1,,,,sparṣ
1spaç,155-№3471,root_entry,False,4,spaç,spaç,1spaç,spaç
2spaç,155-№3472,root_entry,False,1,,,,2spaç
3spaç,155-№3473,root_entry,True,0,,,,
spūrdh,155-№3474,root_entry,False,2,spūrdh,,,spūrdh
spṛ,155-№3475,root_entry,False,3,spṛ,spar,spṛ,
spṛdh,155-№3476,root_entry,False,3,spṛdh,,spṛdh,spṛdh
spṛç,155-№3477,root_entry,False,3,spṛç,,spṛç,spṛç
spṛha,156-№3478,root_entry,False,3,spṛh,sparh,spṛha,
īpsāyām,,continuation_or_gloss,False,3,,,,
spṝ,156-№3479,root_entry,True,0,,,,
1sphaṭ,156-№3480,root_entry,False,3,sphaṭ,sphaṭ,,sphaṭ
2sphaṭ,156-№3481,root_entry,True,0,,,,
sphaṭa,156-№3482,root_entry,False,1,,,,sphaṭa
1sphaṇṭ,156-№3483,root_entry,False,1,,,,sphaṇṭ
2sphaṇṭ,156-№3484,root_entry,True,0,,,,
sphaṇḍ,156-№3485,root_entry,True,0,,,,
sphar,156-№3486,root_entry,False,3,sphar,sphari,,sphar
sphal,156-№3487,root_entry,False,2,sphal,,,sphal
sphā,156-№3488,root_entry,False,4,sphā,sphā/sphī,sphā,sphā
sphāy,156-№3489,root_entry,False,2,,sphai,,sphāy
vṛddhau,,continuation_or_gloss,False,2,,,,
1sphiṭ,156-№3490,root_entry,False,1,,,,sphiṭ
snehane ityeke,,continuation_or_gloss,False,1,,,,
2sphiṭ,156-№3491,root_entry,True,0,,,,
hiṃsāyām,,continuation_or_gloss,True,0,,,,
sphiṭṭ,156-№3492,root_entry,False,1,,,,sphiṭṭ
1sphuṭ,156-№3493,root_entry,False,3,sphuṭ,sphuṭ/sphut,,sphuṭ
vikasane,,continuation_or_gloss,False,3,,,,
2sphuṭ,156-№3494,root_entry,True,0,,,,
viśaraṇe,,continuation_or_gloss,True,0,,,,
3sphuṭ,156-№3495,root_entry,True,0,,,,
bhedane,,continuation_or_gloss,True,0,,,,
4sphuṭ,156-№3496,root_entry,True,0,,,,
vikasane,,continuation_or_gloss,True,0,,,,
5sphuṭ,156-№3497,root_entry,True,0,,,,
sphuṭa,156-№3498,root_entry,False,1,,,,sphuṭa
sphuṭṭ,156-№3499,root_entry,False,1,,,,sphuṭṭ
sphuḍ,156-№3500,root_entry,False,1,,,,sphuḍ
saṃvaraṇe,,continuation_or_gloss,False,1,,,,
1sphuṇṭ,156-№3501,root_entry,False,2,,sphuṇṭ,,sphuṇṭ
viśaraṇe ityapi kecit,,continuation_or_gloss,False,2,,,,
2sphuṇṭ,156-№3502,root_entry,True,0,,,,
ityapi parihāse,,continuation_or_gloss,True,0,,,,
1sphuṇḍ,156-№3503,root_entry,False,1,,,,sphuṇḍ
vikasane,,continuation_or_gloss,False,1,,,,
2sphuṇḍ,157-№3504,root_entry,True,0,,,,
parihāse,,continuation_or_gloss,True,0,,,,
sphur,157-№3505,root_entry,False,2,sphur,,,sphur
sphurch,157-№3506,root_entry,True,0,,,,
vistṛtau,,continuation_or_gloss,True,0,,,,
sphurj,157-№3507,root_entry,False,1,,,,sphurj
sphul,157-№3508,root_entry,False,1,,,,sphul
sañcalane,,continuation_or_gloss,False,1,,,,
sphūrj,157-№3509,root_entry,False,4,sphūrj,sphūrj,sphūrj,sphūrj
vajranirghoṣe,,continuation_or_gloss,False,4,,,,
sphṛ,157-№3510,root_entry,False,3,sphṛ,sphṛ,sphṛ,
1smi,157-№3511,root_entry,False,4,smi,smay,1smi,smi
īṣaddhasane,,continuation_or_gloss,False,3,,,,
2smi,157-№3512,root_entry,True,0,,,,
anādare ityeke,,continuation_or_gloss,True,0,,,,
smiṭ,157-№3513,root_entry,False,1,,,,smiṭ
anādare,,continuation_or_gloss,False,1,,,,
smiṭṭ,157-№3514,root_entry,True,0,,,,
smīl,157-№3515,root_entry,False,1,,,,smīl
nimeṣaṇe,,continuation_or_gloss,False,1,,,,
smurch,157-№3516,root_entry,True,0,,,,
1smṛ,157-№3517,root_entry,False,3,smṛ,smar,1smṛ,
ādhyāne,,continuation_or_gloss,False,3,,,,
2smṛ,157-№3518,root_entry,True,0,,,,
cintāyām,,continuation_or_gloss,True,0,,,,
syad,157-№3519,root_entry,False,1,,,,syad
syand,157-№3520,root_entry,False,3,syand,syand,syand,
1syam,157-№3521,root_entry,False,1,,,,syam
śabde,,continuation_or_gloss,False,1,,,,
2syam,157-№3522,root_entry,True,0,,,,
vitarke,,continuation_or_gloss,True,0,,,,
syama,157-№3523,root_entry,True,0,,,,
syal,157-№3524,root_entry,True,0,,,,
syū,157-№3525,root_entry,False,3,,syū,syū,syū
syai,157-№3526,root_entry,True,0,,,,
sraṃç,158-№3527,root_entry,True,0,,,,
1sraṃs,158-№3528,root_entry,False,4,sraṃs,sraṃs,1sraṃs,sraṃs
2sraṃs,158-№3529,root_entry,True,0,,,,
sraṃh,158-№3530,root_entry,False,1,,,,sraṃh
sraṅk,158-№3531,root_entry,False,2,,sraṅk,,sraṅk
gatau,,continuation_or_gloss,False,2,,,,
1srambh,158-№3532,root_entry,False,1,,,,srambh
pramāde ityeke,,continuation_or_gloss,False,1,,,,
2srambh,158-№3533,root_entry,True,0,,,,
viśvāse,,continuation_or_gloss,True,0,,,,
sridh,158-№3534,root_entry,False,4,sridh,sridh/sredh,sridh,sridh
sribh,158-№3535,root_entry,False,1,,,,sribh
srimbh,158-№3536,root_entry,True,0,,,,
sriv,158-№3537,root_entry,False,1,,,sriv,
gatiśoṣaṇayoḥ,,continuation_or_gloss,False,1,,,,
srīv,158-№3538,root_entry,False,4,srīv,srev,srīv,srīv
sru,158-№3539,root_entry,False,4,sru,srav,sru,sru
gatau,,continuation_or_gloss,False,4,,,,
sruñc,158-№3540,root_entry,True,0,,,,
srek,158-№3541,root_entry,False,1,,,,srek
gatau,,continuation_or_gloss,False,1,,,,
srai,158-№3542,root_entry,True,0,,,,
pāke iti keṣucitpāṭhaḥ,,continuation_or_gloss,True,0,,,,
slaṅk,158-№3543,root_entry,True,0,,,,
sluñc,158-№3544,root_entry,True,0,,,,
svakk,158-№3545,root_entry,True,0,,,,
svaṅk,158-№3546,root_entry,True,0,,,,
gatyarthaḥ ityeke,,continuation_or_gloss,True,0,,,,
svaṅg,158-№3547,root_entry,False,1,,,,svaṅg
gatyarthaḥ,,continuation_or_gloss,False,1,,,,
svaj,158-№3548,root_entry,False,2,svaj,,,svaj
svañj,158-№3549,root_entry,False,2,,svañj,svañj,
pariṣvaṅge,,continuation_or_gloss,False,2,,,,
svaṭh,159-№3550,root_entry,False,1,,,,svaṭh
svad,159-№3551,root_entry,False,4,svad,svad,svad,svad
1svan,159-№3552,root_entry,False,4,svan,svani,1svan,svan
śabde,,continuation_or_gloss,False,4,,,,
2svan,159-№3553,root_entry,False,1,,,,2svan
avataṃsane mit,,continuation_or_gloss,False,1,,,,
svana,159-№3554,root_entry,False,1,,,,svana
svap,159-№3555,root_entry,False,4,svap,svap,svap,svap
śaye,,continuation_or_gloss,False,4,,,,
svar,159-№3556,root_entry,False,4,svar,svar,svar,svar
svara,159-№3557,root_entry,False,1,,,,svara
ākṣepe,,continuation_or_gloss,False,1,,,,
svart,159-№3558,root_entry,False,1,,,,svart
gatyām ityeke,,continuation_or_gloss,False,1,,,,
svard,159-№3559,root_entry,False,1,,,,svard
āsvādane,,continuation_or_gloss,False,1,,,,
1sval,159-№3560,root_entry,True,0,,,,
2sval,159-№3561,root_entry,True,0,,,,
svall,159-№3562,root_entry,True,0,,,,
svaṣk,159-№3563,root_entry,True,0,,,,
gatyarthaḥ,,continuation_or_gloss,True,0,,,,
svask,159-№3564,root_entry,True,0,,,,
gatyarthaḥ,,continuation_or_gloss,True,0,,,,
svād,159-№3565,root_entry,False,1,svād,,,
svāra,159-№3566,root_entry,False,1,,,,svāra
1svid,159-№3567,root_entry,False,4,svid,svid/sved,1svid,svid
2svid,159-№3568,root_entry,False,1,,,,2svid
svind,159-№3569,root_entry,True,0,,,,
svūrch,159-№3570,root_entry,False,2,,mūrch,,svūrch
svṛ,160-№3571,root_entry,False,1,,svṛ,,
śabdopatāpayoḥ,,continuation_or_gloss,False,1,,,,
svṝ,160-№3572,root_entry,True,0,,,,
svek,160-№3573,root_entry,False,1,,,,svek
haṭ,160-№3574,root_entry,False,1,,,,haṭ
śabdasaṅghātayoḥ dīptau (ca),,continuation_or_gloss,False,1,,,,
haṭṭ,160-№3575,root_entry,True,0,,,,
haṭh,160-№3576,root_entry,False,1,,,,haṭh
haṇ,160-№3577,root_entry,True,0,,,,
haṇḍ,160-№3578,root_entry,True,0,,,,
had,160-№3579,root_entry,False,3,had,,had,had
purīṣotsarge,,continuation_or_gloss,False,2,,,,
han,160-№3580,root_entry,False,3,han,,han,han
hiṃsāgatyoḥ,,continuation_or_gloss,False,3,,,,
ham,160-№3581,root_entry,False,1,,,,ham
hamb,160-№3582,root_entry,True,0,,,,
hamm,160-№3583,root_entry,False,2,,hamm,,hamm
gatau,,continuation_or_gloss,False,2,,,,
hamy,160-№3584,root_entry,True,0,,,,
hay,160-№3585,root_entry,False,2,,hay/he,,hay
1har,160-№3586,root_entry,False,4,har,1har/hari,1har,har
2har,160-№3587,root_entry,False,3,,2har,hṝ,2har
harm,160-№3588,root_entry,True,0,,,,
hary,160-№3589,root_entry,False,1,,,,hary
hal,160-№3590,root_entry,False,1,,,,hal
vilekhane,,continuation_or_gloss,False,1,,,,
has,160-№3591,root_entry,False,4,has,has,has,has
hasane,,continuation_or_gloss,False,4,,,,
hast,160-№3592,root_entry,True,0,,,,
ardane ityanye,,continuation_or_gloss,True,0,,,,
1hā,160-№3593,root_entry,False,4,1hā,hī,1hā,hā
gatau,,continuation_or_gloss,False,4,,,,
2hā,160-№3594,root_entry,False,3,2hā,,2hā,2hā
tyāge,,continuation_or_gloss,False,3,,,,
hās,160-№3595,root_entry,False,2,hās,,,hās
hi,161-№3596,root_entry,False,3,hi,,hi,hi
gatau vṛddhau ca,,continuation_or_gloss,False,3,,,,
hiṃs,161-№3597,root_entry,False,4,hiṃs,hiṃs,himṣ,hiṃs
1hikk,161-№3598,root_entry,False,3,hikk,hikk,,hikk
2hikk,161-№3599,root_entry,True,0,,,,
hiṭ,161-№3600,root_entry,False,1,,,,hiṭ
ākrośe ityeke,,continuation_or_gloss,False,1,,,,
hiṭṭ,161-№3601,root_entry,True,0,,,,
hiṭh,161-№3602,root_entry,True,0,,,,
hiṇṭ,161-№3603,root_entry,True,0,,,,
1hiṇḍ,161-№3604,root_entry,False,3,hiṇḍ,hiṇḍ,,hiṇḍ
2hiṇḍ,161-№3605,root_entry,True,0,,,,
hindola,161-№3606,root_entry,False,1,,,,hindola
hinv,161-№3607,root_entry,False,1,,,,hinv
prīṇanārthaḥ,,continuation_or_gloss,False,1,,,,
himb,161-№3608,root_entry,True,0,,,,
hiraṇ,161-№3609,root_entry,True,0,,,,
hil,161-№3610,root_entry,False,1,,,,hil
bhāvakaraṇe,,continuation_or_gloss,False,1,,,,
1hiṣk,161-№3611,root_entry,False,2,,hiṣk,,hiṣk
2hiṣk,161-№3612,root_entry,True,0,,,,
hīḍ,161-№3613,root_entry,False,4,hīḍ,hīḍ,hīḍ,hīḍ
hīḷ,161-№3614,root_entry,True,0,,,,
hu,161-№3615,root_entry,False,4,hu,hu/havi,hu,hu
huñj,161-№3616,root_entry,True,0,,,,
1huḍ,161-№3617,root_entry,False,1,,,,huḍ
gatau,,continuation_or_gloss,False,1,,,,
2huḍ,161-№3618,root_entry,True,0,,,,
saṅghāte,,continuation_or_gloss,True,0,,,,
3huḍ,161-№3619,root_entry,True,0,,,,
huṇ,162-№3620,root_entry,True,0,,,,
1huṇḍ,162-№3621,root_entry,False,2,,huṇḍ,,huṇḍ
varaṇe; haraṇa ityeke,,continuation_or_gloss,False,2,,,,
2huṇḍ,162-№3622,root_entry,True,0,,,,
saṅghāte,,continuation_or_gloss,True,0,,,,
3huṇḍ,162-№3623,root_entry,True,0,,,,
4huṇḍ,162-№3624,root_entry,True,0,,,,
hun,162-№3625,root_entry,False,1,,,,hun
hur,162-№3626,root_entry,False,2,hur,hvar,,
hurch,162-№3627,root_entry,False,1,,,,hurch
kauṭilye,,continuation_or_gloss,False,1,,,,
hul,162-№3628,root_entry,False,2,,hol,,hul
1hū,162-№3629,root_entry,False,3,hū,,1hū,hū
2hū,162-№3630,root_entry,False,2,,,2hū,2hū
3hū,162-№3631,root_entry,False,1,,,,3hū
hūḍ,162-№3632,root_entry,False,1,,,,hūḍ
gatau,,continuation_or_gloss,False,1,,,,
hūṇ,162-№3633,root_entry,True,0,,,,
hūrch,162-№3634,root_entry,False,2,hūrch,,,hūrch
1hṛ,162-№3635,root_entry,False,2,1hṛ,,1hṛ,
haraṇe,,continuation_or_gloss,False,2,,,,
2hṛ,162-№3636,root_entry,False,1,2hṛ,,,
prasahyakaraṇe,,continuation_or_gloss,False,1,,,,
3hṛ,162-№3637,root_entry,True,0,,,,
1hṛṣ,162-№3638,root_entry,False,3,hṛṣ,harṣ,1hṛṣ,
alīke,,continuation_or_gloss,False,3,,,,
2hṛṣ,162-№3639,root_entry,True,0,,,,
tuṣṭau,,continuation_or_gloss,True,0,,,,
heṭ,162-№3640,root_entry,False,1,,,,heṭ
1heṭh,162-№3641,root_entry,False,3,heṭh,heṭh,,heṭh
vibādhāyām,,continuation_or_gloss,False,2,,,,
2heṭh,162-№3642,root_entry,True,0,,,,
vibādhāyām,,continuation_or_gloss,True,0,,,,
1heḍ,162-№3643,root_entry,False,4,heḍ,heḍ,1heḍ,heḍ
anādare,,continuation_or_gloss,False,4,,,,
2heḍ,162-№3644,root_entry,True,0,,,,
veṣṭane,,continuation_or_gloss,True,0,,,,
3heḍ,163-№3645,root_entry,True,0,,,,
4heḍ,163-№3646,root_entry,True,0,,,,
heḍh,163-№3647,root_entry,False,1,,,,heḍh
ca bhūtaprādurbhāve ityeke,,continuation_or_gloss,False,1,,,,
hep,163-№3648,root_entry,True,0,,,,
ca gatau,,continuation_or_gloss,True,0,,,,
heramb,163-№3649,root_entry,True,0,,,,
1hel,163-№3650,root_entry,False,1,,,,hel
2hel,163-№3651,root_entry,True,0,,,,
heḷ,163-№3652,root_entry,True,0,,,,
1heṣ,163-№3653,root_entry,False,4,heṣ,1heṣ,1heṣ,heṣ
2heṣ,163-№3654,root_entry,False,1,,2heṣ,,
haiḍ,163-№3655,root_entry,True,0,,,,
1hoḍ,163-№3656,root_entry,False,1,,,,hoḍ
anādare,,continuation_or_gloss,False,1,,,,
2hoḍ,163-№3657,root_entry,True,0,,,,
gatau,,continuation_or_gloss,True,0,,,,
hauḍ,163-№3658,root_entry,False,1,,,,hauḍ
hnu,163-№3659,root_entry,False,4,hnu,hnav,hnu,hnu
apanayane,,continuation_or_gloss,False,4,,,,
1hmal,163-№3660,root_entry,False,2,,hmal,,hmal
2hmal,163-№3661,root_entry,True,0,,,,
hrag,163-№3662,root_entry,False,1,,,,hrag
saṃvaraṇe,,continuation_or_gloss,False,1,,,,
hrap,163-№3663,root_entry,False,1,,,,hrap
vyaktāyāṃ vāci ityanye,,continuation_or_gloss,False,1,,,,
hraṣ,163-№3664,root_entry,True,0,,,,
1hras,163-№3665,root_entry,False,3,hras,,1hras,hras
2hras,163-№3666,root_entry,True,0,,,,
hrād,163-№3667,root_entry,False,4,hrād,hrād,hrād,hrād
avyakte śabde,,continuation_or_gloss,False,4,,,,
hrī,163-№3668,root_entry,False,4,hrī,hrī/hrayi,hrī,hrī
lajjāyām,,continuation_or_gloss,False,4,,,,
hrīch,163-№3669,root_entry,False,1,,,,hrīch
lajjāyām,,continuation_or_gloss,False,1,,,,
hru,164-№3670,root_entry,False,2,hru,,,hru
hruḍ,164-№3671,root_entry,False,1,,,,hruḍ
hrūḍ,164-№3672,root_entry,False,2,,hrūḍ,,hrūḍ
hrep,164-№3673,root_entry,False,1,,,,hrep
1hreṣ,164-№3674,root_entry,False,3,hreṣ,hreṣ,,hreṣ
2hreṣ,164-№3675,root_entry,True,0,,,,
hrauḍ,164-№3676,root_entry,False,1,,,,hrauḍ
hlag,164-№3677,root_entry,False,1,,,,hlag
saṃvaraṇe,,continuation_or_gloss,False,1,,,,
hlap,164-№3678,root_entry,False,1,,,,hlap
vyaktāyāṃ vāci,,continuation_or_gloss,False,1,,,,
hlaṣ,164-№3679,root_entry,True,0,,,,
hlas,164-№3680,root_entry,False,1,,,,hlas
śabde,,continuation_or_gloss,False,1,,,,
hlād,164-№3681,root_entry,False,3,hlād,hlād,,hlād
avyakte śabde sukhe ca,,continuation_or_gloss,False,2,,,,
hlī,164-№3682,root_entry,True,0,,,,
hleṣ,164-№3683,root_entry,True,0,,,,
1hval,164-№3684,root_entry,False,3,hval,hval,,hval
2hval,164-№3685,root_entry,True,0,,,,
1hvṛ,164-№3686,root_entry,False,3,hvṛ,hvṛ,1hvṛ,
saṃvaraṇe (varaṇe) ityeke,,continuation_or_gloss,False,3,,,,
2hvṛ,164-№3687,root_entry,True,0,,,,
kauṭilye,,continuation_or_gloss,True,0,,,,
hvṝ,164-№3688,root_entry,True,0,,,,
hve,164-№3689,root_entry,False,4,№919,II-809-811,414-№525,hū
spardhāyāṃ śabde ca,,continuation_or_gloss,False,4,,,,
hvel,164-№3690,root_entry,True,0,,,,
