sutra	n_words	words_iast
P.1.1.1	4	aicchika|guṇa|maṇi|vṛddhi
P.1.1.2	1	guṇa
P.1.1.3	8	dhā|guṇa|paribhāṣā|sthā|suśrut|tatra|vṛddhi|yatra
P.1.1.4	7	loluva|marīmṛja|nimitta|popuva|pratiṣedha|āp|ārdhadhātuka
P.1.1.5	2	lakṣaṇa|nimitta
P.1.1.6	4	chāndasa|viṣayatva|ādīdhyaka|āvevyaka
P.1.1.7	3	anantara|dhā|saṃyoga
P.1.1.8	8	anunāsika|car|iyant|mukha|nāsikā|sahita|vacana|yama
P.1.1.9	37	aghoṣa|aghoṣamahāprāṇaprayatnavant|alpaprāṇa|aṅka|bāhya|ghoṣa|grāhya|guṇa|jñāna|kaṇṭhya|kārya|mahāprāṇa|mithas|mūrdhan|oṣṭha|pañcama|prayatna|prayoga|prātiśākhya|savarṇa|saṃvāra|sidh|sparś|upadhmānīya|var|varṇa|vicāra|visarga|viveka|vivāra|yuj|ābhyantara|āntaratamya|āsya|āśraya|īṣat|śvāsa
P.1.1.10	5	anyathā|bala|grahaṇaka|paraspara|savarṇa
P.1.1.11	10	bodhya|daṃpati|dvivacana|jampatī|maṇi|pragṛhya|pratiṣedha|rodasī|va|vā
P.1.1.12	2	adas|saṃbandhin
P.1.1.14	12	a|bhid|i|kriyāyoga|maryādā|nipāta|oṣṇa|smaraṇa|u|vid|vākya|ā
P.1.1.15	3	aho|uta|āho
P.1.1.16	6	anārṣa|iti|nimittaka|saṃbuddhi|vaidika|śākalya
P.1.1.17	1	u
P.1.1.18	3	iti|u|ūm̐
P.1.1.19	8	adhi|gaura|māmaka|mātra|saptama|sarasī|vart|śri
P.1.1.20	7	barhis|dhā|dā|gṛhītavya|rūpa|vinā|yam
P.1.1.21	4	asahāya|eka|kārya|ādyudātta
P.1.1.22	1	kumāra
P.1.1.23	8	bahuka|gaṇaśas|kati|katidhā|saṃkhya|tati|tāvatkṛtvas|yati
P.1.1.24	1	ṣaṣ
P.1.1.25	3	kati|tati|yati
P.1.1.26	1	niṣṭha
P.1.1.27	32	asma|bhavant|dva|eka|etad|idam|itara|jñāpaka|ka|katama|katara|nema|para|paramasarvatra|paṭh|pūrva|rūpa|sama|sarva|sarvanāman|sima|smar|sva|svarabheda|ta|tva|tya|ubha|ubhaya|viśva|ya|yu
P.1.1.28	10	bahuvrīhi|diś|grahaṇa|iha|muh|pratipadam|pūrva|samāsa|uttara|uttarapūrva
P.1.1.29	7	makat|muktasaṃśaya|pratyaṅgam|priya|saṃśaya|tvakat|tvatka
P.1.1.30	4	māsapūrva|pūrva|tṛtīyāsamāsa|vākya
P.1.1.31	2	itara|varṇa
P.1.1.32	4	itara|kārya|vac|ādhāra
P.1.1.33	9	ardha|carama|catuṣṭaya|dvitaya|kalpa|katipaya|nema|prathama|prati
P.1.1.34	17	abhidheya|adhara|apara|apekṣā|avadhi|avara|dakṣiṇa|gaṇapāṭha|gāthaka|niyama|para|pūrva|sarvatra|saṃjñā|uttara|vyavasthā|āp
P.1.1.35	3	sva|vācin|ātmīya
P.1.1.36	8	antara|bahiryoga|bāhya|kṣip|paridhānīya|prāvaraṇīya|upasaṃvyāna|śāṭaka
P.1.1.37	123	avyaya|bahis|bala|bata|bhuvas|bhājak|bhūr|bhūyaṃs|cira|cirarātra|divā|diṣṭi|doṣa|duṣṭu|hai|he|hetu|hiruk|hyas|iddhā|jhaṭiti|joṣa|jyok|kam|ku|kāmam|kṣam|mak|manāk|maṅkṣu|mithas|mitho|mithu|mithyā|mudhā|muhus|mā|mṛṣā|na|nak|nakta|namas|nikaṣā|nitya|nityadā|nānā|nīcais|om|param|paryanta|+73
P.1.1.38	5	prabhṛti|prāñc|sarva|taddhita|vibhakti
P.1.1.39	2	kṛt|svarūpa
P.1.1.40	1	sarp
P.1.1.41	3	adhihari|avyayībhāva|upāgni
P.1.1.42	1	sarvanāmasthāna
P.1.1.43	6	a|draṣṭavya|napuṃsaka|samartha|sāmarthya|tarhi
P.1.1.44	3	pratiṣedha|vibhāṣā|vikalpa
P.1.1.45	6	bhāvin|jāta|krama|samudāya|saṃprasāraṇa|sthāna
P.1.1.46	4	anuṣaṅga|avayava|krama|pūrva
P.1.1.47	8	antya|apavāda|madhya|nirdhāraṇa|para|paratva|pūrva|sthāneyogin
P.1.1.48	5	atinau|atirai|ri|upagu|ādeśa
P.1.1.49	7	bodhya|iha|prasaṅga|saṃbandha|sthāneyoga|viśeṣa|ṣaṣṭha
P.1.1.50	27	aneka|antara|anyatama|balīyaṃs|bhū|caturtha|diś|dvitīya|grahaṇa|guṇa|nādavant|pramāṇa|prasaṅga|sadṛśa|savarṇa|sañj|soṣman|sthāna|sādṛśya|tṛtīya|vart|vidhā|yathā|yatra|āntarya|āp|ūṣman
P.1.1.51	3	guṇa|jan|para
P.1.1.52	1	diś
P.1.1.54	4	dhā|kārya|nirdeśa|para
P.1.1.55	2	aneka|diś
P.1.1.56	22	atideśa|bhāva|jñā|karaṇa|prayojana|prāñc|pṛthaktva|rabh|saṃbandhin|sthānivat|tulya|ubhayatra|udāharaṇa|varj|vart|vidhi|yathā|ādeśa|ānumānika|āp|āśraya|śri
P.1.1.57	17	abhāva|anurodha|api|atideśa|bhūta|darś|laghay|lakṣya|nimitta|nirdeśa|paṭay|pūrva|saurya|sauryin|vart|vidhi|viṣayasaptamī
P.1.1.58	11	cikīrṣaka|dvirvacana|dvitva|gdhi|kaṇḍūti|niṣedha|pratidivan|sudhī|yāti|yāyāvara|śiṣ
P.1.1.59	5	aś|aṭ|dvirvacana|dvitva|sidh
P.1.1.60	3	adarśana|lopa|uccāraṇa
P.1.1.61	3	luk|lup|pratyaya
P.1.1.62	20	a|anyatara|atha|ekadeśa|gam|han|kar|kimartham|kṛtsna|lakṣaṇa|lup|niyama|prayojana|sidh|sūtra|yathā|yoga|āśraya|śakya|śri
P.1.1.63	7	antodātta|atri|garga|uṣṭragrīva|vida|ādyudātta|āṅga
P.1.1.64	1	śabda
P.1.1.65	2	pūrva|upadhā
P.1.1.66	3	dhā|diś|nirdeśa
P.1.1.67	1	dhā
P.1.1.68	9	bodhanīya|bāhya|grahaṇa|nirdeśa|rūpa|svarūpa|viśeṣa|śabda|śabdasaṃjñā
P.1.1.69	9	dvidhā|para|pratyeka|rīti|savarṇa|sāmarthya|sāvarṇya|triṃśat|ārambha
P.1.1.70	2	kāla|para
P.1.1.71	2	madhyapatita|pat
P.1.1.72	5	kram|pratiṣedha|sarvamāgadhaka|varjam|vidhi
P.1.1.73	6	madhya|mālīya|punar|samudāya|vṛddha|śālīya
P.1.1.74	2	prādus|tadīya
P.1.1.75	16	aiṇīpacana|bhaujakaṭa|bhojakaṭīya|bāhīka|daivadatta|devadatta|deśa|eṇīpacana|gaumata|gaunarda|gomant|gonarda|gonardīya|prāgdeśa|prāñc|āhicchatra
P.1.1.87	1	prādus
P.1.1.151	1	āścarya
P.1.1.181	1	kati
P.1.2	1	adhihari
P.1.2.1	9	bhid|gā|iti|kuṭ|paryudāsa|rabh|uruvyacas|utkoṭa|vyac
P.1.2.2	2	svaj|vij
P.1.2.3	2	prātipadika|ūrṇu
P.1.2.4	2	adhikāra|sārvadhātuka
P.1.2.5	2	bhid|sraṃs
P.1.2.6	24	artha|bodhya|dabh|grahaṇa|grath|iṣṭi|man|mādhava|mūla|mṛgya|nityatva|nyāsa|pakṣa|prāpti|rūpa|sudhākara|svaj|udāharaṇa|vacana|viṣayaka|viṣayatva|ānarthakya|śrath|śri
P.1.2.7	8	apavāda|gudh|kliś|kuṣ|mard|marḍ|vad|vas
P.1.2.8	6	grabh|muṣ|prach|rud|svap|vid
P.1.2.9	6	bādh|har|paratva|sthā|stu|śī
P.1.2.10	7	bhid|budh|dabh|samīpa|vardh|vācakatva|yaj
P.1.2.11	5	bhid|budh|ci|sarj|yaj
P.1.2.12	1	har
P.1.2.13	2	gam|vā
P.1.2.14	1	han
P.1.2.15	5	gandhana|sūcana|vart|yam|āviṣkaraṇa
P.1.2.16	2	upayamana|yam
P.1.2.17	3	dhā|dā|sthā
P.1.2.18	5	div|nigṛhīti|nikuciti|sev|vart
P.1.2.19	9	anubandha|dharṣ|kṣvid|mid|nirdeśa|nivṛtti|niṣṭha|svid|śī
P.1.2.20	2	marṣ|titikṣa
P.1.2.21	10	anyatarasyām|bhuj|cud|dyut|kārṣāpaṇa|luṭh|odana|ruc|vikaraṇa|ādikarman
P.1.2.22	2	grahaṇa|pū
P.1.2.23	5	grath|guph|riph|sraṃs|vart
P.1.2.24	3	art|luñc|vañc
P.1.2.25	6	gandhana|karś|marṣ|sūtra|tarṣ|vart
P.1.2.26	6	div|dyut|likh|ruc|vart|śuc
P.1.2.27	11	dīrgha|evam|grahaṇa|hrasva|krama|kāla|nivṛtti|parimāṇa|plu|samudāya|saṃyogin
P.1.2.28	1	sthā
P.1.2.29	5	bhāga|pad|uccais|udātta|ūrdhvabhāga
P.1.2.30	4	adhobhāga|anudātta|bhāga|nīcais
P.1.2.31	6	anudātta|anudāttatva|dharma|samāhāra|svarita|udātta
P.1.2.32	8	ardha|bhāṣya|hrasva|spaś|sārdha|tathā|āditas|śiṣ
P.1.2.33	14	aikaśrutya|bheda|budh|dhā|dūra|ekaśruti|math|saṃbodhana|saṃbuddhi|tirodhāna|traisvarya|vibhāga|vivāda|vākya
P.1.2.34	10	e|gīti|japa|nyūṅkha|prayoga|upāṃśu|varcas|yajñakarman|yajñakriyā|ṣoḍaśan
P.1.2.35	11	grahaṇa|kasmāt|kṛti|lakṣay|pakṣa|uccaistara|vaṣaṭkāra|vicitra|vidhāna|vā|yadi
P.1.2.36	14	antara|api|bahvṛca|brāhmaṇa|chandas|kar|pakṣa|pākṣika|saṃhita|sthā|svādhyāya|viṣaya|vyavasthā|yathāsaṃpradāyam
P.1.2.37	5	ekaśruti|nigada|subrahmaṇya|svarita|udātta
P.1.2.38	2	anudātta|deva
P.1.2.39	4	ekaśruti|saṃhita|vart|viṣaya
P.1.2.40	2	para|sad
P.1.2.41	3	apṛkta|ghṛtaspṛś|pratyaya
P.1.2.42	5	adhikaraṇa|ekadharmin|karmadhāraya|mahānavamī|tatpuruṣa
P.1.2.43	5	diś|upasarjana|vidhāyaka|vācya|śāstra
P.1.2.44	9	alaṃkumāri|jīvaka|nipāta|niṣkauśāmbi|pañcagu|vibhakti|vigraha|yam|āp
P.1.2.45	8	arthavant|autsargika|niṣedha|padatva|prātipadika|varja|ḍavittha|ḍittha
P.1.2.46	6	kṛt|lih|niyama|samāsa|taddhita|vākya
P.1.2.47	7	atinau|atirai|parigraha|pradhāna|prātipadika|ri|śrīpā
P.1.2.48	14	atikhaṭva|atilakṣmī|atirājakumāri|atiśrī|grahaṇa|gu|lakṣmī|mātra|strī|strīpratyaya|upasarjana|vacana|vakṣyamāṇatva|śrī
P.1.2.49	8	daśendra|diś|indrāṇī|luk|pañcendra|vyapadeśya|āmalaka|śaṣkula
P.1.2.50	3	goṇī|pañcagoṇi|sūci
P.1.2.51	17	adūra|atideśa|bahutva|bhava|janapada|kaṭubadarī|lup|magadha|nivāsa|pañcāla|prakṛti|puṃstva|vacana|vaṅga|vyakti|yuj|śirīṣa
P.1.2.52	4	goda|jāti|varj|viśeṣaṇa
P.1.2.53	19	bodha|diś|dāra|lokavyavahāra|pramāṇatva|pratipādaka|pratipādya|prāmāṇya|samudāya|saṃjñā|sidh|sikatā|svabhāva|varaṇa|varṣa|yatna|yogaśabda|śiṣya|śāstrīya
P.1.2.54	9	khyā|kāraṇa|labh|pad|prakhyāna|pratīti|vidhāna|vyartha|yoga
P.1.2.55	5	abhyupagantavya|gam|pramāṇa|pramāṇatva|rūḍhi
P.1.2.56	5	artha|cakṣ|pradhāna|prakṛti|vacana
P.1.2.57	8	adyatana|bhāṣ|nyāyya|paribhāṣā|saṃveśana|tulya|upasarjana|utthāna
P.1.2.58	1	jāti
P.1.2.59	2	asma|yu
P.1.2.60	3	nakṣatra|phalguna|proṣṭhapada
P.1.2.61	2	ekavacana|punarvasu
P.1.2.62	2	artha|viśākha
P.1.2.63	5	anurādhā|dvaṃdva|dvivacana|punarvasu|tiṣya
P.1.2.64	4	eka|ekaśeṣa|lup|sarūpa
P.1.2.65	4	lakṣaṇa|viśeṣa|vṛddha|yuvan
P.1.2.66	4	gārgyāyaṇa|gārgī|puṃvat|strī
P.1.2.67	3	kukkuṭa|mayūra|pumaṃs
P.1.2.68	2	bhrātar|putra
P.1.2.69	2	a|ekavat
P.1.2.70	1	pitar
P.1.2.71	2	śvaśrū|śvaśura
P.1.2.73	5	go|grāmyapaśu|saṃgha|taruṇa|śapha
P.1.3.1	3	dhātu|kriyā|udāharaṇa
P.1.3.2	2	anunāsika|upadeśa
P.1.3.3	1	antya
P.1.3.4	1	vibhakti
P.1.3.10	2	anudeśa|yathāsaṃkhyam
P.1.3.11	7	adhikāra|dharma|svar|svarita|sādhana|veditavya|viniyoga
P.1.3.12	2	anudātta|ātmanepada
P.1.3.13	1	autsargika
P.1.3.14	4	dyotya|lavana|lū|vyatihāra
P.1.3.15	5	gam|han|hiṃs|i|sarp
P.1.3.16	4	anyonya|itaretara|lū|upapada
P.1.3.17	1	viś
P.1.3.18	2	krī|sahacarita
P.1.3.19	3	bahuvi|ji|sāhacarya
P.1.3.20	5	dā|vac|viharaṇa|vipādikā|āsya
P.1.3.21	4	krīḍ|tvar|tācchīlya|śap
P.1.3.22	3	edha|pratijñā|sthā
P.1.3.23	7	nirṇetar|pada|prakāśana|stheya|sthā|ākhyā|āviṣkaraṇa
P.1.3.24	3	pīṭha|sthā|ūrdhvakarman
P.1.3.25	4	aindra|gārhapatya|mantrakaraṇa|sthā
P.1.3.26	4	akarmaka|bhojanakāla|sthā|śudh
P.1.3.27	1	tap
P.1.3.28	2	han|yam
P.1.3.29	2	arch|gam
P.1.3.30	1	hvā
P.1.3.31	2	hvā|spardhā
P.1.3.32	13	abhibhava|avakṣepaṇa|gandhana|kar|prakathana|pratipādana|pratiyatna|sevana|sāhasikya|upayoga|vartaka|viniyoga|ādhāna
P.1.3.33	5	bhū|kar|kṣam|kṣama|prasahana
P.1.3.34	1	kar
P.1.3.35	2	kar|saindhava
P.1.3.36	10	bhṛti|niryātana|nī|saṃmānana|utsañjana|vetana|vigaṇana|vyaya|ācārya|āp
P.1.3.37	3	dūrīkar|gaḍu|nī
P.1.3.38	9	adhyayana|han|kram|pratibandha|sarga|sphīta|sphītatā|tāyana|vṛtti
P.1.3.39	1	kram
P.1.3.40	3	kram|kutapa|udgamana
P.1.3.41	4	dvidhā|kram|saṃdhi|viharaṇa
P.1.3.42	4	kram|prārambha|samartha|tulya
P.1.3.43	1	kram
P.1.3.44	4	apahnava|apalāpa|jñā|lap
P.1.3.45	1	jñā
P.1.3.46	6	bhaj|jñā|smaraṇa|sāmarthya|yoga|ādhyāna
P.1.3.47	13	avabodha|bhāsana|chad|kulabhāryā|samyagavabodha|samyagbodha|sāntvay|upacchandana|upamantraṇa|upasaṃbhāṣā|upaśāntvana|vad|vimati
P.1.3.48	3	samuccāraṇa|vad|vyakta
P.1.3.49	4	kalāpa|kaṭha|kālāpa|vad
P.1.3.50	7	mauhūrta|rudh|sāṃvatsara|vad|vibhāṣā|vipralāpa|virodhokti
P.1.3.51	2	gar|yuj
P.1.3.52	3	gar|grāsa|pratijñāna
P.1.3.53	2	car|sakarmaka
P.1.3.54	2	car|loka
P.1.3.55	2	caturtha|yam
P.1.3.56	5	pāṇigrahaṇa|svakaraṇa|svīkāra|yam|śiṣ
P.1.3.57	4	darś|jñā|smar|śru
P.1.3.58	3	jñā|niṣedha|pūrva
P.1.3.59	1	śru
P.1.3.60	2	śad|śī
P.1.3.61	2	mar|sidh
P.1.3.62	6	gup|kram|viś|ās|ātmanepadin|śī
P.1.3.63	3	anuprayoga|vart|yuj
P.1.3.64	2	yajñapātra|yuj
P.1.3.65	1	kṣṇu
P.1.3.66	2	avana|bhuj
P.1.3.67	9	darś|gaṇay|gulma|hastipaka|lū|ruh|smar|sthala|vanagulma
P.1.3.68	6	bhī|hetu|muṇḍa|smi|upalakṣaṇa|ārambha
P.1.3.69	7	abhikāṅkṣā|gardh|har|mithyāphala|pad|pralambhana|vañc
P.1.3.70	6	lī|nyagbhāvana|nyañc|saṃmānana|vartaka|śālīnīkaraṇa
P.1.3.71	6	abhyāsa|car|kar|mithyā|upapada|vac
P.1.3.72	10	abhiprāya|i|paragāmin|phala|pācaka|svarita|tadartham|yaj|yajamāna|yājaka
P.1.3.73	1	vad
P.1.3.74	2	gāmin|pac
P.1.3.75	5	grantha|kar|udyama|vrīhi|yam
P.1.3.76	1	jñā
P.1.3.77	4	dyut|i|jñā|vad
P.1.3.78	2	parasmaipada|prakaraṇa
P.1.3.79	1	kar
P.1.3.80	1	kṣip
P.1.3.81	1	vah
P.1.3.82	2	marṣ|vah
P.1.3.83	1	ram
P.1.3.84	3	ram|saṃbandha|uttaratra
P.1.3.85	2	ram|vart
P.1.3.86	10	budh|dru|ga|i|jan|naś|pru|sru|syad|yudh
P.1.3.87	7	ad|aś|bhuj|cal|calana|kamp|nigaraṇa
P.1.3.88	4	cittavant|ās|śuṣ|śī
P.1.3.89	10	dam|dhā|muh|nart|pā|ruc|vad|vas|yam|yas
P.1.3.91	8	dyut|kalp|luṭh|mid|ruc|sraṃs|vardh|śardh
P.1.3.92	5	kalp|syad|vardh|vart|śardh
P.1.3.93	1	kalp
P.1.3.136	1	nipāta
P.1.4.1	6	avakāśa|itas|saṃjñā|uccaistva|upaniveśin|ūrdhva
P.1.4.2	4	avakāśa|prasaṅga|vipratiṣedha|vāṭ
P.1.4.3	2	nada|vṛttikāraṃ
P.1.4.4	1	sthāna
P.1.4.6	2	bhid|nipāta
P.1.4.7	2	varjam|śeṣa
P.1.4.8	1	pati
P.1.4.9	1	pati
P.1.4.10	1	laghu
P.1.4.11	2	guru|saṃyoga
P.1.4.12	2	dīrgha|guru
P.1.4.13	1	aṅga
P.1.4.14	1	pada
P.1.4.15	6	pada|rājāy|rājīy|srucy|varmāy|vācy
P.1.4.17	2	sarvanāmasthāna|varj
P.1.4.18	1	varṣaka
P.1.4.19	4	payasvin|udaśvit|vidyutvant|yaśasvin
P.1.4.20	2	ayasmaya|ṛkvan
P.1.4.21	2	bahuvacana|sāmānya
P.1.4.22	2	dvivacana|ekavacana
P.1.4.23	2	kāraka|nirvartaka
P.1.4.24	9	apādāna|apāya|avadhi|dhruva|gup|jugupsā|pat|viśleṣa|yā
P.1.4.25	2	bhī|trā
P.1.4.26	1	ji
P.1.4.27	4	var|vāraṇa|yava|āp
P.1.4.28	4	adarśana|antardhi|dhā|lī
P.1.4.29	5	i|pratipādayitar|upayoga|ākhyātar|śru
P.1.4.30	5	gomaya|jan|pad|prakṛti|vṛścika
P.1.4.31	3	bhū|himavant|prabhava
P.1.4.32	2	i|saṃpradāna
P.1.4.33	6	abhilāṣa|modaka|prī|ruc|ruci|svad
P.1.4.34	6	hnu|jñā|raṇḍa|sthā|śap|ślāgh
P.1.4.35	2	dhar|uttamarṇa
P.1.4.36	2	prakarṣa|sparh
P.1.4.37	14	akṣamā|amarṣa|apakāra|asūy|asūyā|droha|druh|kopa|krodha|krudh|nipāta|prati|īrṣy|īrṣyā
P.1.4.38	3	druh|krudh|sarj
P.1.4.39	5	loc|rādh|vipraśna|īkṣ|śubhāśubha
P.1.4.40	1	śru
P.1.4.41	4	gar|hotar|prathama|sah
P.1.4.42	2	karaṇa|sādhaka
P.1.4.43	1	div
P.1.4.44	4	krī|parikrayaṇa|saṃpradāna|yam
P.1.4.45	8	abhivyāpaka|adhikaraṇa|aupaśleṣika|dhar|icchā|sthāla|vaiṣayika|ādhāra
P.1.4.46	3	sthā|ās|śī
P.1.4.47	5	abhiniveśa|maṇḍūka|pluti|samudāya|viś
P.1.4.48	1	vas
P.1.4.49	1	karman
P.1.4.50	1	sarp
P.1.4.51	22	bhikṣ|brū|ci|daṇḍay|duh|har|ji|karṣ|kṣīranidhi|math|muṣ|nī|pac|parigaṇana|prach|rudh|sudhā|vac|vah|vraja|yāc|śās
P.1.4.52	11	bhakṣ|bhuj|budh|gam|gopa|jakṣ|pac|pratyavasāna|īr|śabdakarman|śī
P.1.4.53	2	har|kar
P.1.4.54	6	kartar|pac|sthāla|svatantra|svātantrya|vac
P.1.4.55	3	hetu|prayojaka|preraka
P.1.4.56	6	abhi|jñā|nipāta|protha|prāñc|uccāraṇa
P.1.4.57	90	ai|au|ava|bata|baṭ|bhājak|brū|ced|chambaṭ|cāṭu|daha|dikam|dvai|e|ghum|ha|hahe|hai|he|hehai|ho|hā|i|iddhā|kam|kham|khum|kum|kuvid|kūpat|man|mākim|mākis|mākīm|mātra|na|nahi|nakim|nakis|nakīm|ned|o|paśu|phaṭ|pratirūpaka|pyāṭ|pāṭ|rai|saha|sanukam|+40
P.1.4.58	8	apa|bahuvacana|pari|parā|pra|prati|sam|vi
P.1.4.59	5	abhi|api|pranāyaka|upasarga|vart
P.1.4.60	11	abhi|apa|api|artha|ava|duṣ|gati|mā|su|ud|upa
P.1.4.61	36	bhraṃśakalā|dhvaṃsakalā|dhūli|dhūsī|gulugudhā|kevāla|masamasā|maṣmaṣā|paryālī|paṭat|phala|phalīkar|prādus|sajuṣ|saṃśakalā|sevāsī|svadhā|svāhā|tanthī|tāla|urarī|vandhā|varṣālī|vauṣaṭ|vaśmasā|vaṣaṭ|vetāla|viklī|āklī|āloṣṭī|ātālī|āvis|śakalā|śevāla|śrauṣaṭ|ūrī
P.1.4.62	7	anukaraṇa|khāt|khāṭ|para|paraka|viṣaya|ṣṭhiv
P.1.4.63	5	anādara|asant|bahuvacana|sant|ādara
P.1.4.64	2	alam|bhūṣaṇa
P.1.4.65	5	antar|grabh|han|nī|parigraha
P.1.4.66	6	han|kaṇe|manas|pratirūpaka|pratīghāta|śraddhā
P.1.4.67	1	puras
P.1.4.68	1	asta
P.1.4.69	3	accha|gam|vad
P.1.4.70	3	adas|adaḥkar|upadeśa
P.1.4.71	2	antardhi|tiras
P.1.4.72	1	tiras
P.1.4.73	3	anvāje|dhā|upāje
P.1.4.74	23	amā|asaukar|bhadrākar|bījaruha|cintā|lavaṇa|mithyā|namas|prasahana|pratapana|prājayā|rocanākar|saṃsaryā|sākṣāt|udaka|uṣṇa|vaśa|vikasana|vījaryā|yadīya|ārdra|āsthā|śīta
P.1.4.75	5	atyādhāna|kar|manas|upaśleṣa|uras
P.1.4.76	4	madhya|nivacana|pada|yam
P.1.4.77	7	dārakarman|hastekar|kar|mātra|pāṇi|svīkāra|upayamana
P.1.4.78	3	bandhana|prādhva|ānukūlya
P.1.4.79	4	aupamya|jīvaka|kar|upaniṣad
P.1.4.81	2	para|pārivatsa
P.1.4.82	1	dhā
P.1.4.83	3	karmapravacanīya|kram|veditavya
P.1.4.84	6	anu|lakṣay|lakṣaṇa|varṣ|varṣaṇa|vi
P.1.4.85	4	anu|avasita|dyotya|sāhitya
P.1.4.86	3	anu|apakṛṣṭa|hīna
P.1.4.87	2	niṣka|upa
P.1.4.88	5	apa|deva|pari|varjana|varṣ
P.1.4.89	3	madhura|maryādā|ā
P.1.4.90	11	anu|bhāga|dyut|itthaṃbhūta|lakṣaṇa|pari|prati|sic|sādhu|vīpsā|ākhyāna
P.1.4.91	2	abhi|as
P.1.4.92	4	niryātana|prati|pratidāna|pratinidhi
P.1.4.93	6	adhi|anarthaka|bādha|dyotaka|pari|viśeṣa
P.1.4.94	3	su|susikta|suṣikta
P.1.4.95	4	ati|atikramaṇa|pad|pravṛtti
P.1.4.96	8	anvavasarga|api|dyotya|garhā|kāmacāra|palāṇḍu|samuccaya|saṃbhāvana
P.1.4.97	1	adhi
P.1.4.98	3	adhi|kar|viniyoktar
P.1.4.99	1	parasmaipada
P.1.4.100	1	ātmanepada
P.1.4.101	4	madhyama|prathama|trika|uttama
P.1.4.102	5	bahuvacana|dvivacana|ekavacana|ekaśas|labh
P.1.4.104	1	vibhakti
P.1.4.105	5	madhyama|puruṣa|sthānin|vācin|vācya
P.1.4.106	9	añj|man|prahāsa|pūrva|pūrvottara|uttama|vyatyāsa|yathārtha|śālaka
P.1.4.107	2	uttama|uttamapuruṣa
P.1.4.108	5	gauṇa|madbhū|mukhya|prathama|tvadbhū
P.1.4.109	6	dru|lamb|para|saṃhita|saṃnikarṣa|śī
P.1.4.110	2	avasāna|virāma
P.2.1.1	6	ekārtha|samartha|saṃbandhin|sāmarthya|vidhi|vyapekṣā
P.2.1.2	5	parigaṇana|prati|sumna|vāraṇa|āmantrita
P.2.1.3	8	anitya|kram|laukika|nitya|prāñc|samāsa|vigraha|vṛtti
P.2.1.4	3	vaikalpika|veditavya|ūrdhva
P.2.1.5	2	avyayībhāva|bodhya
P.2.1.6	50	adhi|adhistri|agnigrantha|anu|asaṃprati|ati|atinidram|ativṛtti|atiśītam|atyaya|avyaya|aśeṣa|bandh|dhvaṃsa|duḥśāka|duṣ|dyotaka|grahaṇa|i|iti|nirhimam|nirmakṣika|parigraha|paryanta|paścāt|prati|pratyartham|pratyeka|prādurbhāva|sa|sacakra|sahari|satṛṇam|saṃpatti|su|sumadra|sāgni|sākalya|tyaj|upa|vyṛddhi|yathā|yathāśakti|yaugapadya|yogya|yogyatā|yugapad|ādhikya|ānupūrvya|śīta
P.2.1.7	2	yathābhirūpam|yathādhyāpakam
P.2.1.8	7	avadhāraṇa|bhū|dvitīya|iyattā|mantray|pariccheda|yāvadamatram
P.2.1.9	3	mātra|prati|saptama
P.2.1.10	13	akṣapari|avāñc|bhū|ekapari|kaparda|pari|pañcaka|pañcama|pāta|pātayitar|saṃkhya|uttāna|śalākāpari
P.2.1.12	10	apa|atas|bahirgrāmam|bahis|deva|jñāpaka|pari|pañcama|prāñc|varṣ
P.2.1.13	5	abhividhi|caturtha|maryādā|vidhāna|ā
P.2.1.14	11	abhi|abhyagni|dyotaka|gam|lakṣaṇa|prati|srughna|tena|yena|ābhimukhya|āp
P.2.1.15	2	anu|aśani
P.2.1.16	4	anu|lakṣay|vārāṇasī|āyāma
P.2.1.17	27	ca|duḥṣama|khalevusam|khaleyavam|lūnayavam|lūyamānayavam|niḥṣama|pradakṣiṇa|pramṛgam|praratham|proḍham|prāhṇa|puṇyasama|pāpasama|pūtayavam|pūyamānayavam|samabhūmi|samapadāti|saṃhriyamāṇa|saṃhṛtabusam|saṃprati|suṣama|tiṣṭhadgu|vahadgu|viṣama|āyatīgavam|āyatīsamam
P.2.1.18	4	madhya|madhyegaṅgam|pāregaṅgam|ṣaṣṭha
P.2.1.19	9	dvimuni|janmavaṃśa|muni|saṃkhya|sāmānādhikaraṇya|trimuni|vaṃśa|vaṃśya|vidyāvaṃśa
P.2.1.20	4	dviyamunam|pañcanada|saptagaṅga|saptagodāvara
P.2.1.21	6	kṛṣṇaveṇā|lohitagaṅga|saṃjñā|tūṣṇīṃgaṅgam|unmattagaṅga|śanairgaṅgam
P.2.1.22	1	tatpuruṣa
P.2.1.23	1	dvigu
P.2.1.24	9	as|dvitīya|gam|i|pad|pat|pañcama|āp|śri
P.2.1.25	6	aikapadya|aikasvarya|atra|saṃbhava|svayam|svayaṃkṛta
P.2.1.26	4	gam|khaṭvā|khaṭvāpluta|kṣepa
P.2.1.27	2	kumāra|sāmi
P.2.1.28	4	chid|kumāra|mā|pañcama
P.2.1.29	3	atyanta|nirantara|saṃyoga
P.2.1.30	5	artha|guṇavacana|khaṇḍa|kāṇa|ṣaṣṭha
P.2.1.31	11	avara|kalaha|miśra|nipuṇa|pūrva|sadṛśa|sama|saṃmiśra|vikala|ślakṣṇa|ūna
P.2.1.32	9	bāhulaka|galecopaka|karaṇa|kṛt|pravṛtti|pādahāraka|vad|vidhāna|vyabhicāra
P.2.1.33	9	adhikārtha|karaṇa|kākapeya|kṛtya|prapañca|ruh|sādhana|tatpuruṣa|śvalehya
P.2.1.34	7	anna|dadhyodana|ghṛtaudana|kṣīraudana|saṃskāraka|vyañjana|ṣaṣṭha
P.2.1.35	8	antarbhāva|bhakṣya|dhānā|guḍa|khara|miśrīkaraṇa|sāmarthya|viśada
P.2.1.36	10	artha|bali|caturtha|hita|rakṣ|randhana|saptama|sukha|tadartha|vikṛti
P.2.1.37	2	bhaya|pañcama
P.2.1.38	8	alpaśas|i|kalpana|muc|pat|tras|ūh|ṣaṣṭha
P.2.1.39	7	abhyāśa|antika|dūra|kalpa|karṣ|kṛcchra|stoka
P.2.1.40	12	capala|dhūrta|kitava|kuśala|nipuṇa|paṇḍita|paṭu|pravīṇa|saptama|vyā|vyāḍa|śauṇḍa
P.2.1.41	5	bandh|kūpamaṇḍūka|pakva|sidh|śuṣka
P.2.1.42	7	dhvāṅkṣa|kāka|pañcama|sthā|tīrthadhvāṅkṣa|tīrthakāka|tīrthavāyasa
P.2.1.43	4	māsadeya|pūrvāhṇa|saptama|upalakṣaṇa
P.2.1.44	4	araṇyetilaka|kūpepiśācaka|vanebilvaka|vanekiṃśuka
P.2.1.45	4	apararātra|aparāhṇa|pūrvarātra|pūrvāhṇa
P.2.1.46	1	tatra
P.2.1.47	4	avataptenakulasthita|bhasman|pravāhemūtrita|udakeviśīrṇa
P.2.1.48	32	garbhetṛpta|gehedhṛṣṭa|gehedāhin|gehedṛpta|gehekṣveḍin|gehemehin|gehenardin|gehevijitin|gehevyāḍa|geheśūra|goṣṭhekṣveḍin|goṣṭhepaṇḍita|goṣṭhepaṭu|goṣṭhepragalbha|goṣṭhevijitin|goṣṭheśūra|karṇecurucurā|karṇoṭiriṭirā|kumbhamaṇḍūka|kūpakacchapa|maśaka|mātaripuruṣa|nagarakāka|nagaravāyasa|nirīha|pitariśūra|piṇḍīśūra|pātrebahula|pātresamita|udapāna|udumbara|ākhanikabaka
P.2.1.49	9	adhikaraṇa|eka|jar|kevala|khyā|naiyāyika|nava|purāṇa|snā
P.2.1.50	4	pūrveṣukāmaśamī|saṃkhya|ṛṣi|ṣaṣṭha
P.2.1.51	5	karaṇa|paurvaśāla|pañcakapāla|pāñcanāpiti|samāhāra
P.2.1.52	3	dvigu|pañcakapāla|saṃkhya
P.2.1.53	22	apasada|bhīru|caura|cela|dharṣ|dhruva|durdurūṭa|hataka|jālma|khasūci|kheṭa|kitava|kutsana|kutsay|mīmāṃsaka|mūrkha|taskara|vaiyākaraṇa|viṭa|yājana|yājya|yājñika
P.2.1.54	2	aṇaka|pāpa
P.2.1.55	5	dharma|ghanaśyāma|sāmānyavacana|upameya|upamāna
P.2.1.56	23	candana|candra|hastin|kamala|karakisalaya|kitava|kuñjara|mā|padma|palāśa|prayoga|puṇḍarīka|pṛṣant|ruru|siṃha|sāmānya|taru|varāha|vyāghra|vṛka|vṛṣa|ṛkṣa|ṛṣabha
P.2.1.57	8	bhedaka|bhedya|samabhivyāhāra|viśeṣaṇa|viśeṣya|vyāpaka|vyāpya|vyāvartaka
P.2.1.58	12	apara|carama|jaghanya|madhya|madhyama|paścārdha|prapañca|prathama|pūrva|samāna|vīra|vīrapuruṣa
P.2.1.59	39	bhū|bhūta|brāhmaṇa|capala|dal|darś|deva|dhar|har|indra|jñā|kal|kar|kunduma|kuśala|kṛpaṇa|kṛta|kṣatriya|man|mita|mnā|mukunda|muṇḍa|nicaya|nipuṇa|para|paṇḍita|paṭu|pūga|rāśi|sev|upākṛta|vadānya|vidhāna|viśeṣa|śiṣ|śramaṇa|śreṇikṛta|śru
P.2.1.60	4	a|kṛtākṛta|nañ|śiṣ
P.2.1.61	8	karṣ|mahā|parama|pūj|sant|satpuruṣa|utkṛṣṭa|uttama
P.2.1.62	6	caturtha|govṛndāraka|kuñjara|nāga|suṣīma|vṛndāraka
P.2.1.63	6	jāti|karaṇa|katama|katara|kaṭha|paripraśna
P.2.1.64	4	druh|kim|kiṃrājan|kiṃsakhi
P.2.1.65	17	adhyāpaka|baṣkayiṇī|dhenu|dhūrta|gogṛṣṭi|gṛṣṭi|jāti|katipaya|poṭa|prasava|pratyagra|pravaktar|stoka|su|vehat|yuvati|śrotriya
P.2.1.66	17	bhitti|gomatallikā|goprakāṇḍa|gotallaja|hasta|macarcikā|matallikā|miśra|prakāṇḍa|pāda|pāli|pāśa|rūḍhi|tallaja|taṭa|udgha|vitti
P.2.1.67	5	jñāpana|yuvajaratī|yuvakhalati|yuvapalita|yuvavalina
P.2.1.68	3	bhojyoṣṇa|pānīyaśīta|sadṛśa
P.2.1.69	11	bhuj|devabrāhmaṇa|dvāra|kṛtāpakṛta|kṛṣṇasāraṅga|lohitaśabala|mānonmānikā|pītavipīta|sarvakeśin|yātānuyāta|śākapārthiva
P.2.1.70	11	kulaṭā|kumāra|kumāradāsa|kumārakulaṭā|kumāranipuṇa|kumārapravrajitā|kumāraśramaṇā|kumārādhyāpaka|kuśala|pravrajita|śramaṇa
P.2.1.71	2	catuṣpād|garbhin
P.2.1.72	59	ahamahamikā|bhinddhilavaṇā|bhuktvāsuhita|ca|chāttravyaṃsaka|dravyāntara|ehikaṭā|ehiyava|hastagṛhya|hastegṛhya|ihadvitīyā|jahijoḍa|jahistamba|kambojamuṇḍa|khādatamodatā|kāndiśīka|kṛnttavicakṣaṇā|lāṅgula|lāṅgūla|mayūravyaṃsaka|nakhapraca|nipatyarohiṇī|niścapraca|pacalavaṇā|pacaprakūṭā|pacatabhṛjjatā|pat|praveśa|prehikaṭā|prohakaraṭā|prohakardamā|proṣyapāpīyaṃs|punar|pādagṛhya|pītvāsthiraka|snātvākālaka|sātatya|uccanīca|uccāvaca|uddhamacūḍā|uddhamavidhamā|uddharacūḍā|uddharāvasṛjā|ujjahistamba|unmṛjāvamṛjā|utpacanipacā|utpatanipatā|utpatyapākalā|vidhamacūḍā|yadṛcchā|+9
P.2.1.73	1	caturtha
P.2.1.83	1	avyayībhāva
P.2.1.134	1	āp
P.2.2.1	11	adhara|adhikaraṇa|apara|as|avayava|avayavin|ekadeśin|jñāpaka|pūrva|pūrvakāya|uttara
P.2.2.2	3	ardha|pippala|pravibhāga
P.2.2.3	7	bādh|caturtha|dvitīya|jaṭhara|sāmarthya|turya|tṛtīya
P.2.2.4	6	anukarṣaṇa|dvitīya|kim|pad|tarhi|āp
P.2.2.5	4	jāta|māsajāta|paricchedya|parimāṇin
P.2.2.6	2	a|antarāla
P.2.2.7	1	īṣat
P.2.2.8	2	tatstha|ṣaṣṭha
P.2.2.9	12	bhartar|hotar|paricāraka|pariveṣaka|pariṣecaka|pattigaṇaka|pūjaka|rathagaṇaka|snāpaka|udvartaka|utsāhaka|yājaka
P.2.2.10	1	nirdhāraṇa
P.2.2.11	16	adhikaraṇa|avyaya|bandh|caritārtha|gaurava|māndya|pratyeka|pāṭaliputraka|pūraṇa|sant|sidh|suhita|sāhacarya|tarp|var|śukla
P.2.2.12	3	budh|man|pūj
P.2.2.13	4	adhikaraṇa|bhukta|gam|ās
P.2.2.14	4	doha|rakṣita|skanda|āścarya
P.2.2.15	1	śāyaka
P.2.2.16	6	bhakṣaka|bhartar|ikṣubhakṣikā|paryāya|pācaka|sraṣṭar
P.2.2.17	3	bhojaka|dantalekhaka|uddālakapuṣpabhañjikā
P.2.2.18	8	ati|atirājan|duṣ|duṣkula|ku|saunāga|su|ā
P.2.2.19	2	upapada|āhāraka
P.2.2.20	2	niyama|svāduṃkāram
P.2.2.21	3	daṃś|ubhayatra|uccais
P.2.2.23	3	bahuvrīhi|trika|śeṣādhikārīya
P.2.2.24	1	a
P.2.2.25	9	adhika|adūra|dvidaśa|dvitra|sad|saṃkhya|saṃkhyeya|tridaśa|upa
P.2.2.26	7	aindra|dakṣiṇapūrva|kauvera|parigraha|pūrvottara|ruh|uttarapaścima
P.2.2.27	5	daṇḍādaṇḍi|hastāhasti|keśākeśi|sarūpa|vivakṣā
P.2.2.28	2	prāyika|sa
P.2.2.29	9	anvaya|anvācaya|dvaṃdva|itaretara|nirapekṣa|samuccaya|samāhāra|ānuṣaṅgika|ārāt
P.2.2.30	3	purastāt|upasarjana|yuj
P.2.2.31	44	bhārya|bālhīka|citra|citraratha|daṃpati|dāra|dṛṣad|gojavāja|gopāladhānīpūlāsa|guṇa|jampatī|jijñāsthi|jāyā|keśa|kiṇva|lip|luñc|madhu|mṛṣṭa|nagnamuṣita|putra|pūlāsa|rājadanta|sarpis|sic|sirābīja|siñjāśvattha|snātaka|sthūlapūlāsa|taṇḍula|ulūkhala|upta|uśīravīja|vaikārimata|viṣvaksena|vṛddhi|ādi|āragvāyanabandhakī|āraḍvāyani|śabdārtha|śirojānu|śiroviju|śiñjāśvattha|śūdra
P.2.2.32	1	niyama
P.2.2.34	2	pat|svarūpa
P.2.2.35	2	bahuvrīhi|urasiloman
P.2.2.36	2	nibandhana|niṣṭha
P.2.2.37	16	agnyāhita|bhāryoḍha|dantajāta|daṇḍapāṇi|gatārtha|ghṛtapīta|jāta|kṛta|madyapīta|putrajāta|pā|pītataila|tailapīta|āhitāgni|śmaśrujāta|ūḍhabhārya
P.2.2.38	19	badhira|barbara|bhikṣuka|gaura|gaḍula|jaimini|jaṭhara|kaḍāra|kaṃja|khalati|khañja|khoḍa|kuṇṭha|kāṇa|maṭhara|piṅga|piṅgala|tanu|vṛddha
P.2.2.64	1	adhikaraṇa
P.2.2.68	1	adhikaraṇa
P.2.3	1	vibhāṣā
P.2.3.1	3	abhidhāna|asāṃprata|prāyeṇa
P.2.3.2	14	abhitas|adhas|adhi|bhā|dhik|dvitīya|hā|karman|nikaṣā|paritas|samayā|sarvatas|ubhayatas|upari
P.2.3.3	3	agnihotra|hu|tṛtīya
P.2.3.4	3	antareṇa|antarā|yuj
P.2.3.5	3	atyanta|dvis|saṃyoga
P.2.3.6	5	apavarga|grabh|i|parisamāpti|tṛtīya
P.2.3.7	4	lakṣya|pañcama|saptama|śakti
P.2.3.8	4	karmapravacanīya|varṣ|yuj|śākalya
P.2.3.9	7	adhi|adhika|brahmadatta|paryāya|parārdha|upa|ādhikya
P.2.3.10	5	apa|dyut|pari|vraj|ā
P.2.3.11	4	prati|pratidāna|pratinidhi|pratiniryātana
P.2.3.12	6	caturtha|ceṣṭa|gam|gantar|sthā|vraj
P.2.3.13	3	jñā|saṃpradāna|vraj
P.2.3.14	2	sthānin|yā
P.2.3.15	2	bhāvavacana|vraj
P.2.3.16	7	alam|namas|prabhu|svadhā|svasti|svāhā|vaṣaṭ
P.2.3.17	4	anādara|cint|man|tiraskāra
P.2.3.18	3	karaṇa|kartar|tṛtīya
P.2.3.19	3	sama|sārdha|yuj
P.2.3.20	5	aṅga|aṅgin|khañja|kāṇa|vikāra
P.2.3.21	1	itthaṃbhūta
P.2.3.22	1	jñā
P.2.3.23	2	hetu|kāraṇa
P.2.3.24	2	bandh|varj
P.2.3.25	1	bandh
P.2.3.26	3	hetu|prayoga|ṣaṣṭha
P.2.3.27	12	alam|chid|hetu|prati|prayojaka|pā|sarvanāman|sādhanakriyā|tṛtīya|vyavahāra|yam|śiṣṭa
P.2.3.28	1	apādāna
P.2.3.29	14	anya|bhid|caitra|dakṣiṇā|dakṣiṇāhi|darś|itara|maitra|prāñc|pūrva|pūrvadeśa|uttarā|uttarāhi|ṛte
P.2.3.30	3	dakṣiṇatas|puras|uttaratas
P.2.3.31	3	adhareṇa|dakṣiṇena|uttareṇa
P.2.3.32	3	nānā|pṛthak|vinā
P.2.3.33	4	kalpa|katipaya|kṛcchra|stoka
P.2.3.34	2	antika|dūra
P.2.3.35	3	antika|dūra|viśeṣaṇa
P.2.3.36	4	adhikaraṇa|dūra|puṣkalaka|sīman
P.2.3.37	2	bhāva|bhāvavant
P.2.3.39	7	adhipati|dāyāda|pratibhū|su|svāmin|sākṣin|īśvara
P.2.3.40	3	kuśala|par|āyukta
P.2.3.41	4	kṣīra|nirdhāraṇa|pṛthakkaraṇa|śūra
P.2.3.42	2	bhaj|dhar
P.2.3.43	6	anu|arcā|nipuṇa|pari|sādhu|tātparya
P.2.3.44	2	racana|sā
P.2.3.45	2	aś|puṣya
P.2.3.46	7	liṅga|mātra|paricchedaka|parimāṇa|prathama|prātipadika|vacana
P.2.3.47	2	abhimukhīkaraṇa|saṃbodhana
P.2.3.48	1	āmantrita
P.2.3.49	1	saṃbuddhi
P.2.3.50	3	ric|saṃbandha|śeṣa
P.2.3.51	3	bhrānti|jñā|mithyājñāna
P.2.3.52	5	day|i|jñā|smar|īś
P.2.3.53	2	kar|pratiyatna
P.2.3.54	2	jvar|ruj
P.2.3.55	1	nāth
P.2.3.56	7	as|han|jas|krath|naṭ|nipātana|piṣ
P.2.3.57	4	div|har|paṇ|samartha
P.2.3.58	1	div
P.2.3.59	1	div
P.2.3.60	2	brāhmaṇa|div
P.2.3.61	3	brū|iṣ|saṃpradāna
P.2.3.63	1	yaj
P.2.3.64	3	dvis|kṛtvas|tris
P.2.3.65	5	bhettar|kṛtapūrvin|pūrvin|upasthāpya|vac
P.2.3.66	6	anuśāsana|bhedaka|bibhitsā|kṛti|prāpti|pāna
P.2.3.67	2	budh|pūj
P.2.3.68	4	bhukta|gam|ās|śī
P.2.3.69	11	alaṃkariṣṇu|avyaya|cikīrṣu|dadi|ghātuka|kara|netar|niṣṭha|papi|purā|īṣat
P.2.3.70	3	dāyin|gamin|kāraka
P.2.3.71	2	bhaj|geya
P.2.3.72	5	karṣ|sama|tulya|tulā|upamā
P.2.3.73	15	artha|bhadra|hita|jīvita|kuśala|madra|nirāmaya|paryāya|pathya|prapañca|prayojana|sukha|upādāna|āyuṣya|śam
P.2.3.12643	1	upamā
P.2.4.1	5	anuprayoga|dvigu|ekavacana|gam|sidh
P.2.4.2	9	bandh|dvaṃdva|mārdaṅgika|prāṇin|pāṇavika|pāṇi|rathika|sidh|tūrya
P.2.4.3	10	adhyetar|anuvāda|caraṇa|gā|kauthuma|kaṭha|paryudāsa|pratipādana|prāthamika|sthā
P.2.4.4	7	adhvaryu|arka|iṣu|kratu|paurṇamāsa|rājasūya|vajra
P.2.4.5	3	adhyayana|karṣ|padakramaka
P.2.4.6	3	jāti|paryudāsa|vivakṣā
P.2.4.7	9	gaṅgā|jāmbava|kuru|kurujāṅgala|kurukṣetra|uddhya|śiṣ|śoṇa|śālūkinī
P.2.4.8	1	kṣudrajantu
P.2.4.9	6	ahi|govyāghra|kalahāy|kākolūka|mārjāra|śāśvatika
P.2.4.10	10	ayaskāra|bahiṣkaraṇa|cāṇḍāla|mṛtapa|rajaka|saṃskāra|sā|takṣan|tantuvāya|śudh
P.2.4.11	27	bhāgavata|darbha|dāsa|gavaiḍaka|gavāvika|gavāśva|gośva|kirāta|kubja|kuṭīkuṭa|medas|māṃsa|mūtra|paṭīra|puruṣa|putrapautra|pūtīka|strīkumāra|tṛṇa|ulapa|uṣṭra|yakṛt|śakṛt|śara|śoṇita|śvan|śāṭa
P.2.4.12	4	adharottara|aśvabaḍava|pūrvāpara|sidh
P.2.4.13	4	adhikaraṇa|rudh|sidh|śītoṣṇa
P.2.4.14	16	brahman|dadhi|dīkṣā|idhma|madhu|medhā|parivrāj|parivrājaka|pravargya|sarpis|ulūkhala|ādi|śiva|śraddhā|śukla|ṛksāma
P.2.4.15	2	adhikaraṇa|etāvattva
P.2.4.16	2	karṣa|upadaśa
P.2.4.17	1	napuṃsaka
P.2.4.18	2	avyayībhāva|vācyaliṅgatva
P.2.4.19	2	napuṃsaka|varja
P.2.4.20	5	dākṣikanthā|kanthā|sauśami|suśama|āhvara
P.2.4.21	6	nī|prathamatas|upajñā|upakrama|vyākaraṇa|ācikhyāsā
P.2.4.22	2	bāhulya|chāya
P.2.4.23	3	amanuṣya|sabhā|viśeṣa
P.2.4.25	8	agniśāla|bandh|chāya|niśa|senā|surā|śvaniśa|śālā
P.2.4.26	1	liṅga
P.2.4.27	1	aśvabaḍava
P.2.4.28	3	ahorātra|hemanta|prapañca
P.2.4.29	10	ahan|ahna|ahorātra|aparāhṇa|madhyāhna|pumaṃs|pūrvarātra|pūrvāhṇa|rātra|uśīnara
P.2.4.30	3	apatha|gāh|kriyāviśeṣaṇa
P.2.4.31	227	airāvata|ardharca|auṣadha|bala|bhavana|bhūta|bhūṣaṇa|bimba|busta|cakra|camasa|caraṇa|caṣaka|caṣāla|chala|chāla|daivata|dara|daṇḍa|daṇḍaka|deha|dhanus|dharma|dhvaja|dina|divasa|droṇa|dvīpa|dyūta|dāru|dāḍima|dṛḍha|ghṛta|gomaya|gāṇḍīva|gūtha|gṛha|hala|hasta|hima|iṣvāsa|jṛmbha|kabandha|kakuda|kalaha|kalka|kamaṇḍalu|kapaṭa|kapittha|kapāṭa|+177
P.2.4.32	6	anukathana|anvādeśa|atha|dā|idam|upādāna
P.2.4.33	5	atas|atha|atra|i|punarvacana
P.2.4.34	5	dvitīya|dūra|ena|i|idam
P.2.4.35	3	dūra|svarūpa|ārdhadhātuka
P.2.4.36	2	i|jakṣ
P.2.4.37	2	ad|ghas
P.2.4.38	2	ghāsa|praghasa
P.2.4.39	5	ad|bahula|bhar|ghas|vikalpa
P.2.4.40	1	ghas
P.2.4.41	1	vā
P.2.4.42	2	mayūrikābandha|vadh
P.2.4.43	1	vadh
P.2.4.44	2	han|vadh
P.2.4.45	1	gā
P.2.4.46	2	gam|i
P.2.4.47	2	gam|i
P.2.4.48	2	gam|paratas
P.2.4.49	2	gā|vac
P.2.4.50	2	gā|i
P.2.4.51	2	gā|i
P.2.4.52	2	as|bhū
P.2.4.53	1	brū
P.2.4.54	4	anubandha|cakṣ|kśā|nṛcakṣas
P.2.4.55	1	cakṣ
P.2.4.56	7	aj|pravayaṇīya|pravādya|pravāyaka|samaja|samāja|vī
P.2.4.57	3	aj|pravayaṇa|prājana
P.2.4.58	9	kauhaḍa|kauravya|taikāyani|vaida|vāsiṣṭha|yuvan|ārṣa|śaiṣika|śvāphalka
P.2.4.59	18	audabhṛjji|audanyi|audavraji|audañci|audgāhamāni|aujjihāni|bhauliṅgi|daivasthāni|paila|paiṅgalaudāyani|rāhakṣati|rāvaṇi|rāṇa|sātyaki|sātyakāmi|yuvapratyaya|āṅga|śālaṅki
P.2.4.60	4	dākṣi|dākṣāyaṇa|prāñc|pānnāgāri
P.2.4.61	37	bailvaki|bāndhaki|cāphaṭṭaki|dailīpi|daivamati|daivamitri|daivati|daivayajñi|dhāraṇi|kāreṇupāli|naimiśri|naimiṣi|naivaki|naivati|pauṣkarasādi|pauṣpi|pauṣpāyaṇa|prādohani|prāḍāhati|pāraṇi|rāvaṇi|taulvali|taulvalāyana|vaihati|vaikarṇi|vaiki|vairaki|vaiśīti|vaiṅki|vārkaleya|vārkali|āhiṃsi|ānuhārati|ānurāhati|ānuti|āsināsi|āsuri
P.2.4.62	5	aṅga|kaliṅga|tadrāja|vṛka|āṅga
P.2.4.63	36	bahiryoga|bakasaktha|bhalandana|bhaḍila|bhaḍita|bhaṇḍila|bhaṇḍita|druhya|jaṅghāratha|kambalahāra|karṇāḍhaka|kaṭuka|kharapa|kroṣṭukamāna|kroṣṭumāna|kroṣṭupāda|kudri|lahya|manthaka|mathaka|mitrayu|padaka|parṇāḍhaka|piṇḍījaṅgha|puṣkarasad|rakṣomukha|sadāmatta|tṛṇakarṇa|uparimekhala|utkāsa|varṣuka|viśri|viṣapuṭa|yaska|yāska|śīrṣamāya
P.2.4.64	5	garga|urva|vaida|vatsa|vida
P.2.4.65	8	atri|aṅgiras|bhārgava|bhṛgu|gotama|kutsa|vasiṣṭha|ātreya
P.2.4.66	17	anarthaka|arjuna|auddālaki|auddālakāyana|bharata|bālāki|jñā|jñāpaka|jñāpana|manthareṣaṇa|mānthareṣaṇi|pannāgāra|pauṣpi|prayojana|prācya|vaiṅki|yudhiṣṭhira
P.2.4.67	9	aśvāvatāna|bhājana|bindu|gaupavana|gopavana|śigru|śyāmaka|śyāmāka|śyāparṇa
P.2.4.68	20	bakanakha|bhaṇḍīratha|bhraṣṭaka|daśeraka|gudapariṇaddha|kaitavāyana|kitava|kṛṣṇasundara|kṛṣṇājina|lamaka|laṅka|naraka|paphaka|taikāyana|tika|ubja|upaka|uttara|vaṅkhara|śalaṅkaṭa
P.2.4.69	47	anyatarasyām|aupakāyana|badhiraka|bhraṣṭaka|cūḍāraka|dāmakaṇṭha|gaḍuka|jantuka|jaṭilaka|kadāmatta|kalaśīkaṇṭha|kamaka|kamantaka|kapiṣṭhala|karṇaka|kavantaka|kaśakṛtsna|kaṭheraṇi|kharījaṅgha|kuṣītaka|kāśakṛtsna|kṛṣṇapiṅgala|kṛṣṇasundara|kṛṣṇājina|lamaka|lekhābhra|lāmakāyana|madāgha|masūrakarṇa|mayūrakarṇa|nidāgha|padañjala|parṇaka|patañjala|piñjūlaka|piṅgalaka|piṣṭa|pratiloma|pratāna|sudhāyuka|supiṣṭa|udaṅka|upaka|varṇaka|vaṭāraka|āḍāraka|śalāthala
P.2.4.70	4	agasti|kauṇḍinya|kuṇḍina|āgastya
P.2.4.71	1	prātipadika
P.2.4.72	1	ad
P.2.4.73	3	bahula|han|śī
P.2.4.74	8	danīdhvaṃsa|kū|loluva|paryudāsa|popuva|sanīsraṃsa|vad|yaṅ
P.2.4.75	2	dvitva|kar
P.2.4.76	4	bahula|dā|vac|vaś
P.2.4.77	6	bhū|dhā|dā|gā|pā|sthā
P.2.4.78	6	chā|dhā|ghrā|sumanas|sā|śā
P.2.4.79	2	san|tan
P.2.4.80	11	dagh|gam|ghas|hvar|jan|kar|mantra|naś|prā|upalakṣaṇa|var
P.2.4.82	1	avyaya
P.2.4.83	1	upa
P.2.4.84	1	upa
P.2.4.85	3	prathama|praśliṣṭa|sidh
P.2.4.86	1	kakubha
P.2.4.141	1	mantra
P.3.1.1	3	devahūya|parisamāpti|pratyaya
P.3.1.2	2	kalp|pad
P.3.1.3	2	man|ādyudātta
P.3.1.4	1	anudātta
P.3.1.5	3	cit|gup|tij
P.3.1.6	7	bādh|dan|dān|man|uttara|vadh|śān
P.3.1.7	6	gup|iṣ|jñā|mar|samānakartṛka|sarūpa
P.3.1.8	8	kramaṇa|muṇḍa|muṇḍay|putrīy|samānākṣara|sāmānya|vighāta|viśeṣaṇa
P.3.1.9	6	anukarṣaṇa|kiṃkāmy|kāmy|putrakāmy|svaḥkāmy|uttaratra
P.3.1.10	5	car|prāvārīy|putrīy|upamāna|ācāra
P.3.1.11	15	aśv|car|haṃsāy|idānīm|jñā|klība|ojāy|payasy|payāy|prayojana|sañj|saṃniyoga|sthā|tarhi|śyenāy
P.3.1.12	29	bhramāy|bhṛś|bhṛśāy|capalāy|durmanāy|mandāy|ojāy|paṇḍitāy|rahāy|rehat|rehāy|rohāy|saṃścat|saṃścāy|sumanāy|surajas|surajāy|tadbhāva|tṛpat|tṛpāy|unmanāy|utsuka|utsukāy|varcāy|vehāy|śaśvāy|śucivarcas|śucīy|śīghrāy
P.3.1.13	10	caritāy|dāsāy|haritāy|itara|lohitāy|madrāy|mandāy|nīlāy|paṭat|phenāy
P.3.1.14	3	kaṣṭāy|kram|kramaṇa
P.3.1.15	15	apāna|carv|carvaṇa|gar|haradatta|karṣ|nyāsa|pradeśa|punaścarvaṇa|romantha|romanthāy|tapas|tapasy|vart|vartula
P.3.1.16	6	bāṣpāy|phenāy|udvamana|vam|ūṣman|ūṣmāy
P.3.1.17	7	abhrāy|kalahāy|kaṇvāy|meghāy|vairāy|śabdāy|śaiṣika
P.3.1.18	14	alīkāy|aśrāy|duḥkhāy|karuṇāy|kṛcchrāy|kṛpaṇāy|pratīpāy|soḍhāy|sukhāy|tṛptāy|vedana|vid|āsra|āsrāy
P.3.1.19	3	citrīy|namasy|varivasy
P.3.1.20	10	as|bhāṇḍa|ci|cīvara|dhā|grahaṇa|saṃbhāṇḍay|saṃcīvaray|utpuccha|vārttika
P.3.1.21	15	halay|hali|han|kal|kṛtay|lavaṇay|miśray|muṇḍa|muṇḍay|tūsta|vastray|vijaṭa|vitūstay|vratay|ślakṣṇay
P.3.1.22	14	ar|aś|aṭ|jval|mūtray|pac|paunaḥpunya|prasiddhi|pratiṣedha|samabhihāra|sūcay|sūtray|vācya|ūrṇu
P.3.1.23	3	kauṭilya|kram|vraj
P.3.1.24	10	bhāva|car|dah|daṃś|gar|jabh|jap|lup|sad|sādhana
P.3.1.25	20	abhiṣeṇay|anulomay|anutūlay|avacūrṇay|cūrṇay|dhvaṃs|ghaṭṭ|gā|kuṣ|marj|pāśay|rūpay|satyāpay|saṃvarmay|stu|tvacay|upavīṇay|upaślokay|varṇay|ślokay
P.3.1.26	2	hetumant|īr
P.3.1.27	79	asūy|bharaṇy|bhaṅga|bhikṣy|bhiṣajy|bhiṣṇajy|bhuraṇy|caramy|caraṇy|curaṇa|dhaurtya|dravas|dravaty|duvasy|duḥkhy|elāy|gadgady|godhāy|hṛṇīy|ilāy|irajy|irasy|iry|iṣudhy|kaṇḍūy|kelāy|khela|khelāy|kusumy|kuṣubhy|laṭy|lekhy|lekhāy|leṭy|liṭy|lorāy|loṭy|lāṭhy|lī|magadhy|mahīy|manasy|mantūy|medhāy|mṛgy|namasy|nandy|pampasy|payasy|purāṇy|+29
P.3.1.28	7	caritārtha|dhūpāy|gopāy|gup|pan|paṇ|vich
P.3.1.29	1	art
P.3.1.30	1	kam
P.3.1.31	8	art|dhūpāy|gopāy|gup|kam|pan|paṇ|vich
P.3.1.32	1	dhātu
P.3.1.33	1	kar
P.3.1.34	4	juṣ|mad|tar|vap
P.3.1.35	2	kās|nu
P.3.1.36	4	arch|gurumant|īh|ūh
P.3.1.37	2	day|i
P.3.1.38	4	gar|jar|uṣ|vid
P.3.1.39	4	bhar|bhī|hrī|hu
P.3.1.40	6	bhāva|bhū|i|kar|nāla|yuj
P.3.1.41	5	kar|karaṇa|pat|pradarśana|vid
P.3.1.42	9	chandas|ci|jan|kar|loka|pū|ram|sad|vid
P.3.1.44	2	bandh|sthānin
P.3.1.45	4	diś|duh|kuṣ|lih
P.3.1.46	1	śliṣ
P.3.1.47	1	darś
P.3.1.48	5	dru|har|kar|sru|śri
P.3.1.49	2	dhā|śvā
P.3.1.50	2	gopay|gup
P.3.1.51	4	ard|dhvan|il|ūnay
P.3.1.52	3	as|khyā|vac
P.3.1.53	3	hvā|lip|sic
P.3.1.55	8	dyut|gam|mid|muh|puṣ|sraṃs|śuṣ|śvit
P.3.1.56	6	ar|jauhotyādika|sar|sāhacarya|yuj|śās
P.3.1.57	2	bhid|chid
P.3.1.58	7	gluc|gluñc|gruc|mluc|mruc|stabh|śvā
P.3.1.59	5	dar|kar|mar|ruh|śakalāṅguṣṭhaka
P.3.1.60	2	pad|vyatikrama
P.3.1.61	6	budh|dīp|jan|par|pī|tāy
P.3.1.62	4	kar|karmakartar|lū|śabda
P.3.1.63	2	abhiṣeṇay|duh
P.3.1.64	2	dvaṃdva|rudh
P.3.1.65	1	tap
P.3.1.66	2	bhāva|śī
P.3.1.67	1	niṣedha
P.3.1.68	1	kṛtya
P.3.1.70	10	bhlāś|bhram|bhrāś|klam|kram|kṛtya|laṣ|prāñc|tras|truṭ
P.3.1.71	1	yas
P.3.1.72	1	yas
P.3.1.74	1	śru
P.3.1.75	2	akṣ|bhauvādika
P.3.1.76	3	takṣ|tanūkaraṇa|upādāna
P.3.1.78	1	sārvadhātuka
P.3.1.80	2	dhi|kṛv
P.3.1.82	10	anyatra|mādhava|parasmaipadin|prayoga|sautra|skabh|sku|skubh|stabh|stubh
P.3.1.83	1	uttara
P.3.1.84	1	grabh
P.3.1.85	9	bhid|mar|nara|nī|pratīpa|tar|vyatyaya|āṇḍa|śuṣma
P.3.1.86	6	apavāda|gam|gā|ruh|sthā|vid
P.3.1.87	3	nam|svāśraya|ās
P.3.1.88	1	tap
P.3.1.89	10	antarbhāvita|bhāradvājīya|duh|grath|kar|nam|snu|utpuccha|śrath|śri
P.3.1.90	2	kuṣ|raj
P.3.1.91	1	adhikāra
P.3.1.92	2	pratipatti|upapada
P.3.1.93	1	kṛt
P.3.1.94	11	apavāda|bādhaka|juṣ|kṣepaka|kṣeptar|kṣipa|mad|tar|tācchīlika|utsarga|vap
P.3.1.95	1	kṛtya
P.3.1.96	3	kartavya|rudh|vṛttikāraṃ
P.3.1.97	15	bhūtapūrva|catya|ceya|dhitsya|ditsya|geya|janya|jeya|juṣ|mad|pūrva|takya|tar|yatya|śasya
P.3.1.98	2	labhya|śapya
P.3.1.99	2	sahya|śakya
P.3.1.100	5	carya|gadya|madya|pragādya|yamya
P.3.1.101	7	avadya|paṇitavya|paṇya|pāṇya|varya|vārya|vṛtya
P.3.1.102	2	vahya|vāhya
P.3.1.103	1	arya
P.3.1.104	4	kālya|prajana|upasaryā|upasārya
P.3.1.105	3	ajarya|gam|priya
P.3.1.106	2	karṣ|vadya
P.3.1.107	3	bhāva|brahmabhūya|prabhavya
P.3.1.108	1	hatyā
P.3.1.109	12	dohya|duhya|dṛtya|gohya|guhya|itya|juṣya|stutya|vṛtya|śasya|śaṃsya|śiṣya
P.3.1.110	5	cartya|kalpya|kīrtya|vṛdhya|vṛtya
P.3.1.111	1	kheya
P.3.1.112	3	bhartavya|bhārya|bhṛtya
P.3.1.113	4	mārgya|mṛjya|parimārgya|parimṛjya
P.3.1.114	8	avyathya|gopya|kupya|kṛṣṭapacya|mṛṣodya|rucya|rājasūya|sūrya
P.3.1.115	2	bhidya|uddhya
P.3.1.116	4	poṣaṇa|puṣya|sedhana|sidhya
P.3.1.117	6	hali|jityā|vineya|vinīya|vipavya|vipūya
P.3.1.118	2	apigṛhya|pratigṛhya
P.3.1.119	10	avagṛhya|bahis|bandhana|bāhya|grāmagṛhya|gṛhya|gṛhyaka|pakṣa|pakṣya|pragṛhya
P.3.1.120	4	kārya|kṛtya|varṣya|vṛṣya
P.3.1.121	2	yogya|yugya
P.3.1.122	5	amā|amāvasyā|amāvāsya|pat|sidh
P.3.1.123	20	bhāvya|brahmavādya|devahūya|devayajya|dhvarya|khanya|khānya|marya|mṛḍa|niṣṭarkya|pat|pratiṣīvya|praṇīya|starya|stāvya|ucchiṣya|unnīya|upacāyya|viparyaya|āpṛcchya
P.3.1.124	5	hārya|kārya|lāpya|pākya|vākya
P.3.1.125	3	lāvya|pāvya|āvaśyaka
P.3.1.126	7	apatrāpya|lāpya|rāpya|vāpya|yāvya|ācāmya|āsāvya
P.3.1.127	3	anitya|āneya|ānāyya
P.3.1.128	3	praṇeya|praṇāyya|saṃmati
P.3.1.129	9	dhāyya|meya|niceya|nikāyya|pāyya|ruh|saṃneya|sāmidhena|sāṃnāyya
P.3.1.130	3	kuṇḍapāyya|saṃceya|saṃcāyya
P.3.1.131	5	paricāyya|samūhya|saṃvāhya|upaceya|upacāyya
P.3.1.132	2	agnicityā|citya
P.3.1.133	3	cora|kāraka|pācaka
P.3.1.134	87	ahārin|asaṃvyāhārin|bhaṣa|cala|cara|cittavināśana|cora|damana|dambha|darpa|darpaṇa|darśa|deva|doṣa|dūṣaṇa|gara|grāhin|gāha|jalpana|janārdana|jārabhara|kartar|kopa|koṣa|kuladamana|kṣama|kṣapa|lavana|leha|mada|madana|madhusūdana|mantrin|mara|medha|meṣa|nada|nandana|narta|nirakṣin|nisrāvin|nivāpin|niśrāvin|niśāyin|paca|paribhavin|paribhāvin|pata|plava|pratiṣkaśa|+37
P.3.1.135	5	budha|jña|kira|kṣipa|likha
P.3.1.136	2	prastha|sugla
P.3.1.137	6	dhama|dhaya|jighra|paśya|piba|vyāghra
P.3.1.138	11	aravinda|cetaya|dhāraya|limpa|pāraya|sāhaya|sāt|sātaya|udejaya|vedaya|vinda
P.3.1.139	6	dada|dadha|dhāya|dāya|prada|pradha
P.3.1.140	56	bala|bhrama|bhrāma|bodha|bāla|cala|cāla|hala|hmala|hola|hvala|hvāla|hāla|jala|jvala|jvāla|jāla|kasa|koca|kola|krośa|kvatha|kvātha|kāsa|kṣala|kṣara|kṣāla|kṣāra|matha|mātha|nala|pala|pata|patha|pola|pāla|pāta|pātha|rama|roha|rāma|sada|saha|sthala|sthāla|sāda|sāha|vama|vāma|śada|+6
P.3.1.141	13	atyāya|avahāra|avasāya|avaśyāya|dhāya|dāya|leha|pratiśyāya|saṃsrāva|vyādha|āsrāva|śleṣa|śvāsa
P.3.1.142	4	dāva|nāya|pradava|praṇaya
P.3.1.143	2	bhava|grāha
P.3.1.144	2	gṛha|tātsthya
P.3.1.145	3	nartaka|rajaka|śilpin
P.3.1.146	1	gāthaka
P.3.1.147	1	gāyana
P.3.1.148	1	hāyana
P.3.1.149	4	lavaka|pravaka|samabhihāra|saraka
P.3.1.150	2	jīvaka|nandaka
P.3.2.1	6	adhyāya|kumbhakāra|kāma|kāṇḍalāva|vart|vedādhyāya
P.3.2.2	4	dhānyamāya|māya|svargahvāya|tantuvāya
P.3.2.3	6	da|goda|gosaṃdāya|kambala|pārṣṇitra|tra
P.3.2.4	5	bhaj|dvipa|sakarmaka|stha|uttaram
P.3.2.5	3	nakhamuca|tundaparimṛja|śoka
P.3.2.6	2	prada|prajña
P.3.2.7	1	saṃkhya
P.3.2.8	2	ga|pa
P.3.2.9	4	aṃśahara|hara|kavacahara|udyamana
P.3.2.10	3	gam|hara|kavacahara
P.3.2.11	3	tācchīlya|āhara|āhāra
P.3.2.12	1	arha
P.3.2.13	3	karṇejapa|stamberama|sūcaka
P.3.2.14	4	parivrājaka|śaṃbhava|śaṃkara|śaṃvada
P.3.2.15	2	pārśvaśaya|śaya
P.3.2.16	1	cara
P.3.2.17	3	bhikṣācara|senācara|ādāyacara
P.3.2.18	4	agrataḥsara|agresara|puraḥsara|sara
P.3.2.19	2	pūrvasara|pūrvasāra
P.3.2.20	5	arthakara|kara|vacanakara|yaśaskara|ānulomya
P.3.2.21	31	ahaskara|anantakara|antakara|aruṣkara|bahukara|balikara|bhaktikara|bhāskara|bāhukara|citrakara|dhanuṣkara|divākara|dvikara|ekakara|jaṅghākara|kartṛkara|kiṃkara|kārakara|kṣetrakara|libi|libikara|lipi|lipikara|niśākara|nāndī|prabhākara|svārthika|tatkara|vibhākara|yatkara|ādikara
P.3.2.22	4	bhṛtaka|bhṛti|karmakara|karmakāra
P.3.2.23	10	cāṭukāra|gāthākāra|kalahakāra|kāra|mantrakāra|padakāra|sūtrakāra|vairakāra|śabdakāra|ślokakāra
P.3.2.24	3	kari|stambakari|śakṛtkari
P.3.2.25	4	dṛtihari|dṛtihāra|hari|nāthahari
P.3.2.26	5	cāndra|murāri|phalegrahi|udaraṃbhari|ātmaṃbhari
P.3.2.27	9	brahmavani|goṣaṇi|havirmathi|kṣatravani|mathi|pathirakṣi|rakṣi|sani|vani
P.3.2.28	3	antarbhāvita|ejaya|janamejaya
P.3.2.29	6	ghaṭiṃdhama|ghaṭiṃdhaya|khāriṃdhama|nāsikaṃdhama|nāsikaṃdhaya|stanaṃdhaya
P.3.2.30	4	muṣṭiṃdhama|muṣṭiṃdhaya|nāḍiṃdhama|nāḍiṃdhaya
P.3.2.31	3	kūlamudruja|kūlamudvaha|vāsay
P.3.2.32	2	abhraṃliha|vahaṃliha
P.3.2.33	3	khāriṃpaca|paca|prasthaṃpaca
P.3.2.34	2	mitaṃpaca|nakhaṃpaca
P.3.2.35	2	aruṃtuda|vidhuṃtuda
P.3.2.36	2	asūryaṃpaśyā|lalāṭaṃtapa
P.3.2.37	3	iraṃmada|pāṇiṃdhama|ugraṃpaśya
P.3.2.38	2	priyaṃvada|vaśaṃvada
P.3.2.39	2	dviṣaṃtapa|paraṃtapa
P.3.2.40	2	vācaṃyama|vāgyāma
P.3.2.41	3	bhagaṃdara|puraṃdara|sarvaṃsaha
P.3.2.42	4	abhraṃkaṣa|karīṣaṃkaṣa|kūlaṃkaṣa|sarvaṃkaṣa
P.3.2.43	5	abhayaṃkara|bhayaṃkara|kara|meghaṃkara|ṛtiṃkara
P.3.2.44	6	kṣemakāra|kṣemaṃkara|madrakāra|madraṃkara|priyakāra|priyaṃkara
P.3.2.45	3	bhāva|karaṇa|āśitaṃbhava
P.3.2.46	10	ariṃdama|kuṭumba|patiṃvarā|rathaṃtara|viśvaṃbhara|yathāsaṃbhava|yugaṃdhara|śatruṃjaya|śatruṃsaha|śatruṃtapa
P.3.2.47	2	ramitaṃgama|sutaṃgama
P.3.2.48	8	adhvaga|anantaga|antaga|atyantaga|dūraga|ga|pāraga|sarvaga
P.3.2.49	4	ha|śatrugha|śatrughāta|śatruha
P.3.2.50	2	kleśāpaha|tamopaha
P.3.2.51	3	ghātin|kumāraghātin|śīrṣaghātin
P.3.2.52	3	ghna|jāyāghna|patighna
P.3.2.53	8	jāyāghna|nagaraghāta|patighna|pittaghna|tilakālaka|vātaghna|śaśaghna|śleṣmaghna
P.3.2.54	6	ghna|hastighna|hastighāta|kapāṭaghna|kavāṭa|kavāṭaghna
P.3.2.55	2	pāṇigha|tāḍagha
P.3.2.56	9	andhaṃkaraṇa|karaṇa|nagnaṃkaraṇa|palitaṃkaraṇa|priyaṃkaraṇa|saunāga|sthūlaṃkaraṇa|subhagaṃkaraṇa|āḍhyaṃkaraṇa
P.3.2.57	13	andhaṃbhaviṣṇu|bhaviṣṇu|bhāvuka|nagnaṃbhaviṣṇu|nagnaṃbhāvuka|palitaṃbhaviṣṇu|priyaṃbhaviṣṇu|priyaṃbhāvuka|sthūlaṃbhaviṣṇu|subhagaṃbhaviṣṇu|subhagaṃbhāvuka|āḍhyaṃbhaviṣṇu|śubhaṃbhāvuka
P.3.2.58	4	ghṛtaspṛś|mantraspṛś|spṛś|udakasparśa
P.3.2.59	12	añc|dadhṛk|diś|kruñc|nipātana|pratyañc|prāñc|sraj|udañc|uṣṇih|yuj|ṛtvij
P.3.2.60	9	anyādṛkṣa|apekṣā|sadṛkṣa|tyādṛś|tādṛkṣa|tādṛś|tādṛśa|yādṛśa|ālocana
P.3.2.61	36	aśvayuj|bhid|brahmavid|chid|duh|dviṣ|goduh|jit|kāṣṭha|mitradruh|mitradviṣ|nī|prabhid|pracchid|pradruh|praduh|pradviṣ|prajit|prasū|pravid|prayuj|praṇī|rajju|rāj|sad|saṃsad|senānī|svarāj|sū|vac|vid|virāj|yuj|śatasū|śatrujit|śuciṣad
P.3.2.62	3	ardhabhāj|bhāj|prabhāj
P.3.2.63	4	jalāsāha|jalāṣah|sah|turāṣāh
P.3.2.64	4	dityavah|havyavah|praṣṭhavāh|vah
P.3.2.65	3	kavyavāhana|purīṣavāhaṇa|purīṣyavāhana
P.3.2.66	3	antaḥpādam|havyavah|havyavāhana
P.3.2.67	13	abjā|agā|bisakhā|dadhikrā|gojā|goṣā|gā|jā|khā|krā|kūpakhā|nṛṣā|sā
P.3.2.68	4	annāda|mṛgād|sasya|āmād
P.3.2.69	3	i|kravyād|kravyāda
P.3.2.70	2	dugha|kāmadugha
P.3.2.71	4	mantra|puroḍāś|ukthaśas|śvetavāh
P.3.2.72	1	avayāj
P.3.2.73	1	upayaj
P.3.2.74	7	aśvatthāman|dāvan|kīlālapā|sudhīvan|sudāman|sudāvan|supīvan
P.3.2.75	9	dhīvan|nirupapada|prātaritvan|pīvan|rej|roṣ|sugaṇ|suśarman|vijāvan
P.3.2.76	2	parṇadhvas|ukha
P.3.2.77	3	stha|sthā|śaṃstha
P.3.2.78	7	anujīvin|anuyāyin|bhojin|uṣṇabhojin|vināyin|āmantrayitar|śītabhojin
P.3.2.79	3	dhvāṅkṣa|rāvin|uṣṭra
P.3.2.80	2	aśrāddhabhojin|sthaṇḍilaśāyin
P.3.2.81	4	dyotya|kulmāṣa|kṣīrapāyin|ābhīkṣṇya
P.3.2.82	2	mānin|nī
P.3.2.83	6	kāliṃmanyā|manya|māna|mānin|paṇḍitamānin|paṇḍitaṃmanya
P.3.2.84	3	bhūta|bhūtakālika|vijñeya
P.3.2.85	2	bhāvana|yājin
P.3.2.86	1	ghātin
P.3.2.87	3	bhrūṇahan|brahmahan|han
P.3.2.88	5	amitraghāta|bahula|kaṣṭa|mātṛhan|pitṛhan
P.3.2.89	9	adhyāya|bhāṣyakṛt|karmakṛt|kṛt|mantrakṛt|puṇyakṛt|pāpakṛt|sukṛt|śāstrakṛt
P.3.2.90	1	somasut
P.3.2.91	3	agnicit|cit|vauṣaṭ
P.3.2.92	2	cit|śyenacit
P.3.2.93	1	vikrayin
P.3.2.94	2	dṛśvan|merudṛśvan
P.3.2.95	2	rājakṛtvan|rājayudhvan
P.3.2.96	2	sahakṛtvan|sahayudhvan
P.3.2.97	2	ja|sarasija
P.3.2.98	1	jāti
P.3.2.99	1	prajā
P.3.2.100	4	anuja|pumanujā|rudh|stryanuja
P.3.2.101	5	adhija|aja|anuja|brāhmaṇaja|dvija
P.3.2.102	1	niṣṭha
P.3.2.103	2	sutvan|yajvan
P.3.2.104	1	jar
P.3.2.105	3	chāndasa|gam|upakaṇṭha
P.3.2.106	1	su
P.3.2.107	3	chāndasa|gam|upakaṇṭha
P.3.2.108	4	bhāṣā|sad|vas|śuśruvaṃs
P.3.2.109	5	anāśvaṃs|anūcāna|aś|i|vac
P.3.2.110	1	bhūtakālika
P.3.2.111	1	adyatana
P.3.2.112	7	abhijña|jñā|kāśmīra|parigraha|paryāya|smar|vacana
P.3.2.113	1	yad
P.3.2.114	5	jñā|kāśmīra|lakṣya|sākāṅkṣa|yad
P.3.2.115	1	parokṣa
P.3.2.116	2	ha|śaśvant
P.3.2.117	1	sad
P.3.2.118	1	sma
P.3.2.119	2	aparokṣa|parokṣa
P.3.2.120	2	nanu|prativacana
P.3.2.121	3	kim|na|nu
P.3.2.122	4	ha|purā|sma|śaśvant
P.3.2.123	1	vart
P.3.2.124	2	samānādhikaraṇa|sāmānādhikaraṇya
P.3.2.126	2	plu|yavana
P.3.2.127	1	sant
P.3.2.128	2	pavamāna|yajamāna
P.3.2.129	7	as|div|han|kavaca|maṇḍ|vah|śak
P.3.2.130	4	dhar|i|kṛcchrin|pārāyaṇa
P.3.2.131	1	dviṣ
P.3.2.132	1	su
P.3.2.133	1	arhant
P.3.2.134	5	nirapekṣa|tacchīla|taddharman|tatsādhukārin|vart
P.3.2.135	5	apahartar|apavāda|kartar|vaditar|āhvaraka
P.3.2.136	12	alaṃkariṣṇu|apatrapiṣṇu|cariṣṇu|nirākariṣṇu|prajaniṣṇu|rociṣṇu|sahiṣṇu|unmadiṣṇu|utpaciṣṇu|utpatiṣṇu|vardhiṣṇu|vartiṣṇu
P.3.2.137	2	dhārayiṣṇu|pārayiṣṇu
P.3.2.138	5	bhaviṣṇu|bhrājiṣṇu|niraṅkuśa|prabhaviṣṇu|tarhi
P.3.2.139	5	glāsnu|jiṣṇu|smārya|sthāsnu|śāsana
P.3.2.140	5	bhūta|dhṛṣṇu|gṛdhnu|kṣipnu|trasnu
P.3.2.141	8	bhramin|damin|klamin|kṣamin|pramādin|tamin|śamin|śramin
P.3.2.142	28	abhyāghātin|anurodhin|apacārin|aticārin|bhāgin|dohin|doṣin|drohin|dveṣin|paridevin|paridāhin|parikṣepin|parimohin|parirāṭin|parisārin|parivādin|rāgin|saṃjvārin|saṃparkin|saṃsargin|tyāgin|vikaraṇa|vivekin|yogin|ākrīḍin|āmoṣin|āyāmin|āyāsin
P.3.2.143	4	vikatthin|vikāṣin|vilāsin|viśrambhin
P.3.2.144	2	apalāṣin|vilāṣin
P.3.2.145	7	pradrāvin|pralāpin|pramāthin|prasārin|pravādin|pravāsin|vikaraṇa
P.3.2.146	10	asūyaka|hiṃsaka|khādaka|kleśaka|nindaka|parikṣepaka|parirāṭaka|parivādaka|vināśaka|vyābhāṣaka
P.3.2.147	4	devayitar|kroṣṭar|paridevaka|vyākrośaka
P.3.2.148	4	calana|copana|ravaṇa|śabdana
P.3.2.149	4	jugupsana|mīmāṃsana|vardhana|vartana
P.3.2.150	10	caṅkramaṇa|dandramaṇa|gardhana|javana|jvalana|laṣaṇa|padana|patana|saraṇa|śocana
P.3.2.151	5	bhūṣaṇa|krodhana|maṇḍ|maṇḍana|roṣaṇa
P.3.2.152	2	knūyitar|kṣmāyitar
P.3.2.153	7	dīkṣitar|dīpitar|kamana|kampana|kampra|kamra|sūditar
P.3.2.154	11	bhāvuka|ghātuka|gāmuka|kāmuka|lāṣuka|pāduka|pātuka|sthāyuka|varṣuka|āgāmuka|śāruka
P.3.2.155	6	bhikṣāka|jalpāka|kuṭṭ|kuṭṭāka|luṇṭāka|varāka
P.3.2.156	1	prajavin
P.3.2.157	10	abhyamin|atyayin|avyathin|darin|jayin|kṣayin|paribhavin|prasavin|vamin|viśrayin
P.3.2.158	7	dayālu|gṛhayālu|nidrālu|patayālu|spṛhayālu|tandrālu|śraddhālu
P.3.2.159	5	dhāru|dāru|sadru|seru|śadru
P.3.2.160	3	admara|ghasmara|sṛmara
P.3.2.161	4	bhaṅgura|bhāsura|druh|medura
P.3.2.162	3	bhidura|chidura|vidura
P.3.2.163	4	itvara|jitvara|naśvara|sṛtvara
P.3.2.164	1	gatvara
P.3.2.165	1	jāgarūka
P.3.2.166	3	dandaśūka|jañjapūka|yāyajūka
P.3.2.167	7	ajasra|dīpra|hiṃsra|kampra|kamra|namra|smera
P.3.2.168	3	bhikṣu|cikīrṣu|āśaṃsu
P.3.2.169	2	icchu|vindu
P.3.2.170	4	mitrayu|putrīyitar|saṃsvedayu|sumnayu
P.3.2.171	5	jaghni|jagmi|jajñi|papi|taturi
P.3.2.172	3	dhṛṣṇaj|svapnaj|tṛṣṇaj
P.3.2.173	2	vandāru|śarāru
P.3.2.174	2	bhīluka|bhīru
P.3.2.175	5	bhāsvara|kasvara|pesvara|sthāvara|īśvara
P.3.2.176	1	yāyāvara
P.3.2.177	9	bhās|dhur|grāvastut|jū|prapañca|pur|vibhrāj|vidyut|ūrj
P.3.2.178	1	śrī
P.3.2.179	5	antara|dhanika|madhyastha|mitrabhū|pratibhū
P.3.2.180	3	prabhu|saṃbhu|vibhu
P.3.2.181	1	dhātrī
P.3.2.182	13	daṃṣṭra|dātra|meḍhra|naddhrī|netra|pattra|sektra|setra|stotra|tottra|yoktra|yotra|śastra
P.3.2.183	1	potra
P.3.2.184	7	aritra|caritra|dhavitra|khanitra|lavitra|sahitra|savitra
P.3.2.185	1	pavitra
P.3.2.186	3	pavitra|pū|ṛṣi
P.3.2.187	2	kṣvid|tvar
P.3.2.188	17	amṛta|budh|har|harṣ|juṣṭa|kruś|krānta|kṣam|man|mati|pūj|pṛthak|rakṣ|ruṣ|tuṣ|yam|śīlay
P.3.3.1	1	toka
P.3.3.2	1	vāya
P.3.3.3	10	bhāvin|bhū|gamin|prasthāyin|pratibodhin|pratirodhin|pratiyodhin|pratiyogin|pratiyāyin|āgāmin
P.3.3.4	2	purā|yāvant
P.3.3.5	2	kadā|karhi
P.3.3.6	7	ka|katama|katara|kiṃvṛtta|lipsā|svarloka|vṛtta
P.3.3.7	2	labh|svargaloka
P.3.3.8	4	atha|ced|lakṣaṇa|praiṣa
P.3.3.9	4	atha|ced|upari|ūrdhvamauhūrtika
P.3.3.10	2	bhojaka|vibhāvaka
P.3.3.11	3	bhāvavacana|bādha|vraj
P.3.3.12	2	godāya|kāṇḍalāva
P.3.3.14	1	sant
P.3.3.15	4	adyatana|vyāmiśra|śvas|śvastana
P.3.3.16	4	pāda|roga|sparśa|veśa
P.3.3.17	2	khadira|sāra
P.3.3.18	1	bhāva
P.3.3.19	9	api|dāya|meṣa|mā|prāsa|saha|vyabhicāra|yāvant|āhāra
P.3.3.20	8	apavāda|nicāya|nirāsa|niṣpāva|paricchitti|rūḍhi|vidhi|ākhyā
P.3.3.21	5	adhyāya|nīśāra|prāvaraṇa|upādhyāya|śāra
P.3.3.22	3	rava|saṃrāva|uparāva
P.3.3.23	4	saṃdrāva|saṃdāva|saṃyāva|yava
P.3.3.24	7	bhāva|naya|nāya|prabhava|praśraya|praṇaya|śrāya
P.3.3.25	2	vikṣāva|viśrāva
P.3.3.26	3	avanāya|unnaya|unnāya
P.3.3.27	6	drava|pradrāva|prasrāva|prastāva|srava|stava
P.3.3.28	4	abhilāva|lava|niṣpāva|pava
P.3.3.29	3	gara|nigāra|udgāra
P.3.3.30	4	nikara|nikāra|utkara|utkāra
P.3.3.31	2	saṃstava|saṃstāva
P.3.3.32	2	prastara|prastāra
P.3.3.33	3	prathana|vistara|vistāra
P.3.3.34	2	viṣṭāra|viṣṭārapaṅkti
P.3.3.35	1	udgrāha
P.3.3.36	3	saṃgraha|saṃgrāha|saṃniveśa
P.3.3.37	5	abhreṣa|nyaya|nyāya|pariṇaya|pariṇāya
P.3.3.38	4	atipāta|paryaya|paryāya|upātyaya
P.3.3.39	4	upaśaya|upaśāya|viśaya|viśāya
P.3.3.40	5	pracaya|pracāya|pratyāsatti|puṣpapracaya|puṣpapracāya
P.3.3.41	7	citi|kāya|nicekāya|nikāya|rāśīkaraṇa|upasamādhāna|ākāya
P.3.3.42	5	auttarādharya|bhikṣuka|nicaya|nikāya|saṃgha
P.3.3.43	3	vyatihāra|vyāvahāsī|vyāvakrośī
P.3.3.44	4	abhividhi|sāṃdrāviṇa|sāṃkūṭina|sāṃrāviṇa
P.3.3.45	3	avagraha|avagrāha|nigrāha
P.3.3.46	1	pragrāha
P.3.3.47	4	parigraha|parigrāha|sphya|uttaraparigrāha
P.3.3.48	1	nivara
P.3.3.49	5	samucchraya|ucchrāya|uddrāva|udyāva|utpāva
P.3.3.50	4	āplava|āplāva|ārava|ārāva
P.3.3.51	4	abhidheya|avagraha|avagrāha|pratibandha
P.3.3.52	4	pragraha|pragrāha|tulāpragraha|tulāsūtra
P.3.3.53	2	pragraha|pragrāha
P.3.3.54	2	pravara|pravāra
P.3.3.55	3	avajñāna|paribhava|paribhāva
P.3.3.56	3	caya|jaya|varṣa
P.3.3.57	8	gara|java|kara|mukhasukha|para|stava|yava|śara
P.3.3.58	6	dara|gama|graha|niścaya|raṇa|vara
P.3.3.59	3	ghāsa|praghasa|vighasa
P.3.3.60	3	nighasa|nyāda|sava
P.3.3.61	4	japa|upajāpa|vyadha|āvyādha
P.3.3.62	6	hasa|hāsa|prahāsa|prasvāna|svana|svāna
P.3.3.63	9	niyama|niyāma|sava|saṃyama|saṃyāma|upayama|upayāma|viyama|viyāma
P.3.3.64	8	nigada|nigāda|ninada|nināda|nipaṭha|nipāṭha|nisvana|nisvāna
P.3.3.65	4	as|nikvaṇa|nikvāṇa|prakvaṇa
P.3.3.66	3	muṣṭibandha|paṇa|pāṇa
P.3.3.67	2	mada|sava
P.3.3.68	4	pramada|pramāda|saṃmada|saṃmāda
P.3.3.69	4	samaja|samāja|udaja|udāja
P.3.3.70	2	glaha|grāha
P.3.3.71	5	garbhagrahaṇa|garbhādhāna|puṃgava|strīgavī|upasara
P.3.3.72	6	abhihava|nihava|prahvāya|saṃprasāraṇa|upahava|vihava
P.3.3.73	2	āhava|āhvāya
P.3.3.74	3	nipāna|āhvāya|āhāva
P.3.3.75	1	hava
P.3.3.76	1	vadha
P.3.3.78	4	antarghana|antarghaṇa|antarghāta|bāhīka
P.3.3.79	6	agāra|praghaṇa|praghāta|praghāṇa|prakoṣṭha|pākṣika
P.3.3.80	3	atyādhāna|udghana|upari
P.3.3.81	2	apaghana|apaghāta
P.3.3.82	4	ayoghana|drughana|drughaṇa|vighana
P.3.3.83	3	stambaghana|stambaghna|stambaghāta
P.3.3.84	1	parigha
P.3.3.85	2	upaghna|āśraya
P.3.3.86	3	saṃgha|saṃghāta|udgha
P.3.3.87	5	mā|nigha|nirviśeṣa|pariṇāha|āroha
P.3.3.88	3	kṛtrima|paktrima|uptrima
P.3.3.89	4	davathu|kṣavathu|vepathu|śvayathu
P.3.3.90	6	praśna|rakṣṇa|viśna|yajña|yatna|yācñā
P.3.3.91	1	svapna
P.3.3.92	4	nidhi|pradhi|pradi|vidhi
P.3.3.93	2	jaladhi|śaradhi
P.3.3.94	3	kṛti|mati|vitti
P.3.3.95	8	iṣṭi|nipīti|pakti|prasthiti|saṃgīti|saṃpīti|upagīti|upasthiti
P.3.3.96	11	bhūti|iṣṭi|mantra|mati|mātra|rāti|vaicitrya|vipariṇāma|vitti|vīti|vṛṣṭi
P.3.3.97	7	heti|jū|jūti|kīrti|sāti|yūti|ūti
P.3.3.98	2	ijya|vrajyā
P.3.3.99	11	bhṛtyā|i|ityā|manyā|nipatyā|niṣadyā|samajyā|sutya|vidyā|ādi|śayyā
P.3.3.100	2	kriyā|kṛtya
P.3.3.101	1	icchā
P.3.3.102	6	cikīrṣā|jihīrṣā|kaṇḍūyā|lolūya|putrakāmyā|putrīyā
P.3.3.103	4	huṇḍa|kuṇḍa|īhā|ūha
P.3.3.104	23	bhidā|chidā|cūḍa|dhārā|godhā|guhā|hāra|jara|kārā|kṛpā|kṣipa|kṣiyā|medhā|mṛjā|pīḍā|rekha|trapa|tāra|vapā|vasā|vidā|ārā|śraddhā
P.3.3.105	6	carca|cintā|kathā|kumb|kumba|pūjā
P.3.3.106	3	upadhā|upadā|vādya
P.3.3.107	4	hāraṇa|kāraṇa|āsana|śranthana
P.3.3.108	3	pracchardikā|pravāhaka|śirorti
P.3.3.109	2	mālabhañjikā|uddālakapuṣpabhañjikā
P.3.3.110	7	kāraka|kāri|paripraśna|yathāprāpta|yaṣṭi|yāji|yājikā
P.3.3.111	10	arhaṇa|bhakṣaka|dhar|ikṣubhakṣikā|pad|paripāṭī|utpatti|ākhyāna|āsikā|śāyaka
P.3.3.112	6	a|ajanani|ajīvani|akaraṇi|aprayāpaṇi|aprayāṇi
P.3.3.113	7	bhojana|car|dānīya|galecopaka|pādahāraka|snānīya|vyabhicāra
P.3.3.114	2	has|jalp
P.3.3.115	2	hasana|jalpana
P.3.3.116	6	agnikuṇḍa|mardana|mānasa|pariṣvañjana|saṃsparśa|tūlikā
P.3.3.117	4	godohana|idhma|palāśaśātana|pravraścana
P.3.3.118	2	dantacchada|ākara
P.3.3.119	8	gocara|kaṣa|nigama|nikaṣa|saṃcara|vaha|vyaja|āpaṇa
P.3.3.120	2	avastāra|avatāra
P.3.3.121	2	apāmārga|deva
P.3.3.122	6	adhyāya|kṣip|nyāya|saṃhāra|udyāva|yuj
P.3.3.123	2	udañcana|udaṅka
P.3.3.124	1	ānāya
P.3.3.125	3	ākhana|ākhanikabaka|ākhāna
P.3.3.126	5	duṣ|duṣkara|kara|sukara|īṣat
P.3.3.127	6	durāḍhyaṃbhava|durāḍhyaṃkara|kara|svāḍhyaṃbhava|svāḍhyaṃkara|īṣat
P.3.3.128	3	duṣpāna|supāna|īṣat
P.3.3.129	1	sūpasadana
P.3.3.130	2	sudohana|suvedana
P.3.3.131	4	etad|idam|sāmīpya|vart
P.3.3.132	2	ced|tarhi
P.3.3.133	4	ced|kṣipra|āśu|śīghra
P.3.3.134	3	ced|kṣipra|śaṃs
P.3.3.135	6	adyatana|idam|kram|prabandha|sātatya|ya
P.3.3.136	3	avara|pravibhāga|pāṭaliputra
P.3.3.137	3	avara|rātra|vibhāga
P.3.3.138	1	para
P.3.3.139	5	atipatti|ced|kriyātipatti|niṣpatti|tadā
P.3.3.140	3	bhūtakāla|tatas|yadi
P.3.3.142	3	api|jātu|sāmānya
P.3.3.143	2	katham|nāman
P.3.3.144	5	ka|katama|katara|kiṃvṛtta|vṛtta
P.3.3.145	7	amarṣa|avaklapti|bhū|kalp|marṣ|yaj|śrat
P.3.3.146	3	as|bhū|vid
P.3.3.147	6	bhū|jātu|kalp|marṣ|yad|yadi
P.3.3.148	2	bhū|yatra
P.3.3.149	2	garh|garhā
P.3.3.150	3	citra|citrīkaraṇa|āścarya
P.3.3.151	4	citra|kim|nāman|āścarya
P.3.3.152	2	api|uta
P.3.3.153	3	kāma|prakāśana|pravedana
P.3.3.154	3	alam|api|upanyāsa
P.3.3.155	1	bhū
P.3.3.156	3	ced|hetu|hetumant
P.3.3.157	2	iṣ|kam
P.3.3.158	2	iṣ|kam
P.3.3.159	2	iṣ|kam
P.3.3.160	2	iṣ|kam
P.3.3.161	7	iṣ|nimantraṇa|niyoga|prārthana|saṃpradhāraṇa|saṃpraśna|vidhi
P.3.3.163	4	atisarga|praiṣa|preṣaṇa|prāptakāla
P.3.3.164	1	ūrdhvamauhūrtika
P.3.3.165	1	sma
P.3.3.166	1	iṣ
P.3.3.167	3	kāla|samaya|velā
P.3.3.168	3	kāla|samaya|yad
P.3.3.169	1	voḍhar
P.3.3.170	4	dāyin|kārin|ādhamarṇya|āvaśyaka
P.3.3.171	1	dātavya
P.3.3.174	4	bhūti|devadatta|sāti|tanti
P.3.3.175	1	mā
P.3.3.176	1	mā
P.3.4	1	ṛtuyāja
P.3.4.1	2	pratyaya|saṃbandha
P.3.4.2	3	parasmaipadin|samabhihāra|ātmanepadin
P.3.4.3	2	ci|samuccaya
P.3.4.4	1	anuprayoga
P.3.4.5	3	anuprayoga|har|sāmānyavacana
P.3.4.6	1	śakalāṅguṣṭhaka
P.3.4.7	5	juṣ|mad|takṣ|tar|vap
P.3.4.8	9	grabh|jihma|ned|paribhāṣaṇa|pat|paṇavandha|upasaṃvāda|āśaṅkā|īś
P.3.4.9	9	car|gam|har|hvā|i|kartu|yā|śriyadhyai|śriyase
P.3.4.10	5	avyathiṣyai|rohiṣyai|ruh|vyath|yā
P.3.4.11	2	har|khyā
P.3.4.12	3	apalup|vibhājam|śak
P.3.4.13	3	abhicaritu|likh|īśvara
P.3.4.14	5	anvetavai|avagāhe|dadṛkṣeṇya|kartva|kṛtya
P.3.4.15	1	avacakṣe
P.3.4.16	9	apākartu|car|hu|i|jan|purā|sthā|vad|āgnīdhrīya
P.3.4.17	2	sarp|tard
P.3.4.18	4	alam|khalu|pratiṣedha|prāñc
P.3.4.19	2	mā|vyatihāra
P.3.4.20	4	avara|kram|para|āp
P.3.4.22	3	bhuj|pā|ābhīkṣṇya
P.3.4.23	2	kāṅkṣ|ākāṅkṣya
P.3.4.24	4	agra|prathama|pūrva|tatas
P.3.4.25	1	kāram
P.3.4.26	4	kāram|pad|saṃpannaṃkāram|svāduṃkāram
P.3.4.27	5	anyathākāram|evaṃkāram|itthaṃkāram|kathaṃkāram|kāram
P.3.4.28	5	asūyā|ka|kāram|tathākāram|yathākāram
P.3.4.29	3	darś|sākalya|vedam
P.3.4.30	2	yāvadvedam|yāvajjīvam
P.3.4.31	3	carman|par|udarapūram
P.3.4.32	2	goṣpada|par
P.3.4.33	2	cela|knūy
P.3.4.34	3	kaṣ|nimūlam|samūlakāṣam
P.3.4.35	4	cūrṇa|piṣ|rūkṣapeṣam|śuṣkapeṣam
P.3.4.36	3	akṛtakāram|jīvagrāham|samūlaghātam
P.3.4.37	1	han
P.3.4.38	1	piṣ
P.3.4.39	5	grabh|hastagrāham|hastavartam|kara|vart
P.3.4.40	2	puṣ|svapoṣam
P.3.4.41	1	bandh
P.3.4.42	3	aṭṭālikābandha|caṇḍālikābandha|krauñcabandha
P.3.4.43	2	jīvanāśam|puruṣavāham
P.3.4.44	4	yathāvidhi|ūrdhvamukha|ūrdhvapūram|ūrdhvaśoṣam
P.3.4.45	2	dhā|naś
P.3.4.46	1	har
P.3.4.47	1	daṃś
P.3.4.48	3	han|kal|nīvāra
P.3.4.49	3	karṣ|pīḍ|rudh
P.3.4.50	3	grabh|keśa|samāsatti
P.3.4.51	2	karṣ|khaṇḍika
P.3.4.52	2	parīpsā|sthā
P.3.4.53	2	grabh|upayogin
P.3.4.54	3	adhruva|kṣip|nikāṇam
P.3.4.55	2	kliś|piṣ
P.3.4.56	10	anuprapāda|anuprapāta|anupraveśa|anuskanda|pad|sev|skand|vyāpti|āp|āsevā
P.3.4.57	5	antara|atyāsa|kram|tarṣ|vyavadhāyaka
P.3.4.58	2	nāmagrāham|nāmādeśam
P.3.4.59	4	nīcais|uccais|yathābhipreta|ākhyāna
P.3.4.60	2	apavarga|tiryañc
P.3.4.61	6	bhū|kar|kāram|mukhatas|mukhībhū|tas
P.3.4.62	6	bhū|kar|kāram|nānā|nānākāram|vinābhū
P.3.4.63	2	bhū|tūṣṇīm
P.3.4.64	3	anvagbhāvam|anvañc|ānulomya
P.3.4.65	12	arh|bhū|dharṣ|ghaṭ|glā|jñā|kram|labh|rabh|sah|vid|śak
P.3.4.66	4	alam|par|paryāpti|āp
P.3.4.67	1	kṛt
P.3.4.68	7	bhavya|geya|janya|pravacanīya|upasthānīya|āplāvya|āpātya
P.3.4.69	1	bhāva
P.3.4.71	2	kar|ādikarman
P.3.4.72	10	gam|jan|jar|māṇavaka|ruh|sthā|vas|ās|śliṣ|śī
P.3.4.73	4	dāsa|dāśa|goghna|saṃpradāna
P.3.4.74	17	apādāna|bhayānaka|bhīma|bhīṣma|caru|dṛṣṭi|khalati|mūrkha|prapatana|praskandana|rakṣas|samudra|saṃkasuka|sruc|sruva|vaha|śaṅku
P.3.4.76	7	adhikaraṇa|bhuj|bhukta|dhrauvya|gam|pratyavasāna|ās
P.3.4.77	4	lakāra|muc|ric|sāmānya
P.3.4.78	2	pratyāhāra|udāhārya
P.3.4.82	1	parasmaipada
P.3.4.83	1	vid
P.3.4.84	1	ah
P.3.4.88	4	hu|hvar|prī|yu
P.3.4.92	2	uttama|uttamapuruṣa
P.3.4.95	2	kar|mantray
P.3.4.96	5	dhā|grabh|vac|īś|śī
P.3.4.97	1	chadis
P.3.4.98	1	kar
P.3.4.102	1	liṅ
P.3.4.104	2	gar|yaj
P.3.4.109	2	abhyasta|vid
P.3.4.111	3	vā|yā|śākaṭāyana
P.3.4.112	1	dviṣ
P.3.4.113	1	sārvadhātuka
P.3.4.114	1	śeṣa
P.3.4.117	3	sthā|tārkṣya|vardh
P.3.4.144	1	ārdhadhātuka
P.4.1.1	4	agra|prātipadika|puṣpa|sāmānya
P.4.1.2	1	viśeṣaṇa
P.4.1.3	2	kroḍa|strī
P.4.1.4	25	aja|bādhana|bāla|caṭaka|daṃṣṭra|devaviśā|ekapuṣpā|eḍaka|hoḍa|jyeṣṭha|jñā|kaniṣṭha|kokila|kruñca|kāṇḍapuṣpa|madhyama|manda|mūṣaka|pācaka|pāka|pāṭhaka|pūrvāpahāṇā|uṣṇihā|vatsa|vilāta
P.4.1.6	2	bhājī|bāhīka
P.4.1.7	6	dhīvan|mātra|sahakṛtvan|saṃniyoga|sutvan|śarvara
P.4.1.8	2	pad|tripad
P.4.1.9	2	dvipada|tripada
P.4.1.10	5	dhaumāyana|kati|tu|yati|ṣaṣ
P.4.1.11	2	dāman|sīman
P.4.1.12	4	atirājan|bahuvrīhi|sucarman|suparvan
P.4.1.13	1	sīmā
P.4.1.14	4	kukkuṭa|kurucara|sūkara|upasarjana
P.4.1.15	22	aupagava|daghna|dvayasa|kumbhakāra|kurucara|liṅga|lākṣika|lāvaṇika|mātra|pauṃsna|pañcataya|prayojana|sauparṇeya|straiṇa|taluna|taruṇa|upagu|vaida|vainateya|yādṛśa|yāṣṭīka|āḍhyaṃkaraṇa
P.4.1.16	2	gārgī|vātsī
P.4.1.17	6	agrima|gārgyāyaṇa|karṣ|prāñc|taddhita|āvaṭya
P.4.1.18	33	bābhravyāyaṇī|gauhalavya|gāṇḍavya|jaigīṣavyāyaṇī|kata|kānthakya|kāpyāyanī|kāthakya|kātyāyana|lauhityāyanī|lohita|mānavyāyanī|māntavya|mānāyyāyanī|māṅkṣavya|māṇḍavyāyana|paryanta|prayojana|pūrva|saunavyāyanī|tālukṣya|tānavya|tāntavya|tārkṣyāyaṇa|tārukṣya|tāṇḍyāyanī|vālgavyāyanī|vārkṣyāyaṇī|vātaṇḍyāyanī|āligavya|ārkṣyāyaṇī|śākalyāyanī|śāṅkavyāyanī
P.4.1.19	4	kauravya|kauravyāyaṇī|māṇḍūka|māṇḍūkāyana
P.4.1.20	2	kiśora|vayas
P.4.1.21	1	dvigu
P.4.1.22	8	aśva|kambalya|luk|parimāṇa|varṣa|vista|ācita|āḍhaka
P.4.1.23	1	kāṇḍa
P.4.1.25	2	bahuvrīhi|ūdhan
P.4.1.26	1	ūdhan
P.4.1.27	3	caturhāyaṇa|dāman|hāyana
P.4.1.28	3	matsya|rāja|rājan
P.4.1.29	3	chandas|pañcadāman|surājan
P.4.1.30	10	apara|bheṣaja|bhāgadheya|kevala|loka|māmaka|pāpa|samāna|sumaṅgala|āryakṛtī
P.4.1.31	1	rātrī
P.4.1.32	6	antarvant|pativatnī|patnī|pratyudāharaṇa|upacāra|śakti
P.4.1.33	5	bhoktar|pati|patnī|saṃbandha|saṃyoga
P.4.1.34	1	pati
P.4.1.35	3	ekapatnī|patnī|sapatnī
P.4.1.36	2	pūtakratu|pūtakratāyī
P.4.1.37	4	agnāyī|kusida|kusita|vṛṣākapāyī
P.4.1.38	4	kṣatriya|manu|manāvī|manāyī
P.4.1.39	8	asiknikā|eta|harita|piśaṅga|rohita|śiti|śveta|śyeta
P.4.1.40	3	kalmāṣa|sāraṅga|śabala
P.4.1.41	149	audgāhamāni|auḍa|badara|bhauliki|bhauliṅgi|bhauriki|bhāṇḍala|bhṛṅga|bimba|bṛhant|bṛsī|cheda|deha|dehalī|dhātaki|droṇa|druṇa|eṣaṇa|gaura|gautama|gavaya|gavādana|gaḍula|gotama|gurda|haritaka|hariṇa|harītaka|haya|hrada|jharjhara|kadala|kadara|kalmāṣa|kandara|karkari|kaṭi|kevāla|khanaka|kośātaka|kroṣṭar|kuvala|kākaṇa|kākādanī|lavaṇa|lohāṇḍa|mah|mahant|manthara|manuṣya|+99
P.4.1.42	16	bhājī|goṇa|goṇī|guṇavacana|jānapada|kavara|keśaveśa|kuśa|kuṇḍa|kāla|kāmuka|nāga|nīla|sthala|vikāra|āvapana
P.4.1.43	2	prāñc|śoṇa
P.4.1.44	3	guṇavacana|mṛdu|paṭu
P.4.1.45	34	ahi|ahnī|bahu|bhaga|bharuja|candrabhāgā|caṇḍa|dhvaji|ekapatnī|gala|guda|kalyāṇa|kamala|kapi|khura|kroḍa|kṛpaṇa|muni|nakha|paddhati|purāṇa|rādhi|rāga|rāti|udāra|vikaṭa|viśaṅkaṭa|vāla|yaṣṭi|śakaṭa|śakti|śapha|śādhi|śāri
P.4.1.47	2	prabhu|vibhu
P.4.1.48	5	gaṇaka|gopa|pumākhyā|puṃyoga|ākhyā
P.4.1.49	20	araṇyāni|arya|aryāṇī|bhavānī|brahmāṇī|dīrghajihva|himānī|indrāṇī|kṣatriya|mātulānī|mṛḍa|mṛḍānī|rudrāṇī|varuṇānī|vyākhyātar|yavana|yavanānī|yavānī|ācārya|śarvāṇī
P.4.1.50	1	krī
P.4.1.51	2	abhralipta|kāvya
P.4.1.52	4	akṛta|bahuvrīhi|śaṅkhabhinna|ūrubhinna
P.4.1.53	4	palāṇḍu|surāpīta|svāṅga|śākajagdha
P.4.1.54	21	adrava|aṅga|dravant|gulpha|gātra|jñāna|kaṇṭha|keśa|mukha|mūrtimant|stana|stha|sumukha|sustanā|sveda|svāṅga|upadhā|upasarjana|vikāra|yava|śopha
P.4.1.55	9	danta|jaṅgha|karṇa|maṇipucchī|nāsikā|oṣṭha|talodara|udara|śṛṅga
P.4.1.56	15	apāṅga|bhaga|gala|ghoṇā|gokhā|guda|jaghana|khura|kroḍa|nakha|pṛthujaghana|ukha|vāla|śapha|śikhā
P.4.1.57	5	a|akeśa|sa|vid|ī
P.4.1.58	6	gauramukha|kālamukha|mukha|nakha|vajraṇakhā|śūrpaṇakhā
P.4.1.59	2	dīrghajihva|lih
P.4.1.61	1	vah
P.4.1.62	4	aśiśu|sakhi|sakhī|saptapada
P.4.1.63	11	cārāyaṇa|haya|jāti|kalāpa|kaṭha|kukkuṭa|kālāpa|manuṣya|nārāyaṇa|sūkara|vṛṣala
P.4.1.64	13	darbhamūlī|dāśaphalī|gobāla|karṇa|mūla|odanapākī|parṇa|phala|puṣpa|pāka|śaraparṇī|śaṅkhapuṣpī|śukakarṇī
P.4.1.65	6	audameyi|avantī|dākṣi|kunti|plākṣi|tittiri
P.4.1.66	3	adhvaryu|brahmabandhu|kuru
P.4.1.67	3	bhadrabāhu|bāhu|sthūlabāhu
P.4.1.68	1	paṅgu
P.4.1.69	4	aupamya|karabha|rambha|ūru
P.4.1.70	6	dhā|lakṣaṇoru|saṃhitoru|vāmoru|śaphoru|ūru
P.4.1.71	2	kadru|kamaṇḍalu
P.4.1.72	2	kadru|kamaṇḍalu
P.4.1.73	30	arāla|audapāna|aurva|bhogavant|brāhmaṇa|brāhmaṇakṛteya|caṇḍāla|ehi|gauggulava|gaurimant|gautama|kaikasa|kāmaṇḍaleya|kāpaṭava|kāpī|kāvya|kāvī|mauñjāyana|niceya|nidheya|nāra|paryehi|vaida|vataṇḍa|vātsyāyana|āniceya|āśmarathya|āśokeya|śaibī|śārṅgarava
P.4.1.74	3	kārīṣagandha|saunāga|āmbaṣṭha
P.4.1.75	2	prāñc|āvaṭya
P.4.1.76	2	parigraha|taddhita
P.4.1.77	1	yuvati
P.4.1.78	11	anārṣa|aupagava|karīṣagandhi|kānyakubja|kāpaṭava|kārīṣagandha|upottama|vaiśvāmitra|vārāhyā|vāsiṣṭha|ārtabhāga
P.4.1.79	7	bhuṇika|hauṇikyā|maukharya|mukhara|pauṇikyā|puṇika|ārambha
P.4.1.80	28	bailvayata|bhauliki|bhauriki|bhojyā|caiṭayata|caiṭayatyā|caupayata|caupayatyā|gaukakṣya|kauṭi|kauṭya|khāḍāyana|krauḍi|kāpiṣṭhali|lāḍi|saikayata|saikayatyā|saudhātaki|saudhātakyā|sūtya|vyāḍi|vyāḍyā|yautaki|āpakṣiti|āpiśali|śālmali|śālmalyā|śālāsthali
P.4.1.81	5	daivayajñi|kāṇṭheviddhi|sātyamugri|śaucivṛkṣi|śaucivṛkṣyā
P.4.1.82	3	samartha|vākya|yāvant
P.4.1.83	2	prāgdīvyatīya|prāñc
P.4.1.84	28	aśvapati|bandhupati|bāndhupata|dhanvapati|dharmapati|dhānapata|dhānvapata|dhānyapati|dhārmapata|gaṇapati|gārhapata|gāṇapata|jñānapati|kaulapata|kṣaitrapata|kṣetrapati|pati|prāṇapata|prāṇapati|pāśupata|rāṣṭrapata|rāṣṭrapati|sthānapata|sābhāpata|yājñapata|āśvapata|śatapati|śātapata
P.4.1.85	7	aśvatthāman|daitya|pati|prājāpatya|saināpatya|yāmya|āditya
P.4.1.86	50	aindrāvasāna|audapāna|audasthāna|autsa|auśīnara|auṣṇiha|baṣkaya|bhallakīya|bhāllakīya|bhārata|bārhata|bāṣkaya|daiva|dhainava|graiṣma|indrāvasāna|jāgata|jānapada|kaurava|kākubha|mahānada|mahāprāṇa|mādhyaṃdina|māhata|māhānada|māhānasa|māhāprāṇa|pailukuṇa|pārthiva|pārṣadaṃśa|pāñcāla|pāṅkta|pīlukuṇa|pṛṣadaṃśa|rathaṃtara|rāthaṃtara|satvant|sauvarṇa|sātvata|taluna|traiṣṭubha|tāluna|tāruṇa|udasthāna|vaikara|vainada|vikara|vārṣada|vārṣadaṃśa|ānuṣṭubha
P.4.1.87	3	pauṃsna|saunāga|straiṇa
P.4.1.88	5	daivadatti|dvaidatti|dviveda|pañcakapāla|pāñcakapāla
P.4.1.89	5	cārāyaṇīya|gārgīya|maitrāyaṇa|vātsīya|ātreyīya
P.4.1.90	9	bhagavitta|bhāgavitta|bhāgavitti|bhāgavittika|phāṇṭāhṛta|phāṇṭāhṛti|taikāyani|taikāyanīya|yuvan
P.4.1.91	3	gārgyāyaṇīya|gārgīya|yāskāyani
P.4.1.93	3	abhidhāna|antara|pad
P.4.1.94	3	bhid|dhā|yuvan
P.4.1.95	2	dākṣi|plākṣi
P.4.1.96	93	aindraśarmi|amitaujas|audaki|audañcavi|audaṅki|aupabāhavi|aupacākavi|aupavindavi|balāka|bhadraśarman|bhagala|bhādraśarmi|bhāgali|bāhavi|bāhu|bālāki|cauḍi|chagala|chāgali|cūḍa|daivaśarmi|daurmitri|dhauvaki|dhrauvaki|dhruvaka|durmitra|gādi|jāṅghi|kaunāmi|kauśali|kharanādin|khāranādi|kunāman|kuśala|kārṣṇi|kṣaimavṛddhi|kṣemavṛddhi|laumi|marīcī|mauṣiki|mārīci|māṣaśarāvin|māṣi|nagaramardin|naivākavi|nivāku|nāgaramardi|pauṣkarasādi|pradyumna|prādyumni|+43
P.4.1.97	9	baimbaki|bimba|cāṇḍālaki|naiṣādaki|niṣāda|saudhātaki|sudhātar|varuḍa|vāruḍaki
P.4.1.98	29	bhāsmāyana|bhāsmāyanya|bradhna|brādhnāyanya|gāṇāyana|gāṇāyanya|kauñji|kauñjāyana|kuñja|laumāyana|laumāyanya|skambha|skanda|skāmbhāyana|skāmbhāyanya|skāndāyana|vaipāśāyana|vaipāśāyanya|vipāś|śaubhāyana|śaubhāyanya|śauṇḍāyana|śaṅkha|śaṭha|śāka|śākāyana|śākāyanya|śāṅkhāyanya|śāṭhāyanya
P.4.1.99	111	adhvara|agra|aikāyana|aindhāyana|aitikāyana|aitiśāyana|aloha|audumbarāyaṇa|aupakāyana|badara|brahmadatta|brāhmadattāyana|brāhmaṇāyana|bādarāyaṇa|bākāyana|caitrāyaṇa|camasin|cāmasāyana|cārāyaṇa|cāṭakāyana|daurgāyaṇa|daṇḍapa|daṇḍin|durga|dvaipāyana|dāsāyana|dāṇḍapāyana|dāṇḍināyana|haṃsaka|hāṃsakāyana|indha|itika|itiśa|jalaṃdhara|jālaṃdharāyaṇa|kaiṃkarāyaṇa|kaiṅkalāyana|kaumārāyaṇa|kharapa|khārapāyaṇa|kiṃkala|krauṣṭāyana|kālya|kālyāyana|kāmukāyana|kārṣṇāyana|kātala|kātalāyana|kātarāyaṇa|kāvyāyana|+61
P.4.1.100	25	bādhyogāyana|dauhitrāyaṇa|gāviṣṭhirāyaṇa|harita|hāritāyana|kaiṃdāsa|mārdavāyana|mārḍākavāyana|māṭharāyaṇa|naiṣādāyana|nānāndra|pautrāyaṇa|pratibodha|prātibodhāyana|pāraśavāyana|rācitāyana|rāthaṃtarāyaṇa|rāthītarāyaṇa|sārpākavāyaṇa|vaiṣṇavāyana|vāhyaskāyana|vārddhāyana|ālasāyana|ārkalūṣa|śābarāyaṇa
P.4.1.101	3	dākṣāyaṇa|gārgyāyaṇa|taulvalāyana
P.4.1.102	9	darbha|dārbhi|dārbhāyaṇa|vatsa|āgrāyaṇa|śaradvant|śaunakāyana|śunaka|śāradvatāyana
P.4.1.103	11	aśvatthāman|drauṇi|drauṇāyana|droṇa|jaivanti|jaivantāyana|jīvanta|parvata|pārvati|pārvatāyana|upacāra
P.4.1.104	82	aupamanyava|aurva|baindava|bhaugaka|bhogaka|bhājana|bhāradvāja|bindu|bādhyoga|dauhitra|dhainava|gaupavana|haryaśva|hārita|hāryaśva|kailāta|kaiṃdarbha|kaiṃdāsa|kaucavāra|kauśika|kilāta|kiṃdarbha|kiṃdāsa|kāndarpa|kāśyapa|kūcavāra|maṭhara|mārdava|mārḍākava|māṭhara|mṛdu|mṛḍāku|naiṣāda|niṣāda|nānāndra|paunarbhava|pautra|praiyaka|pratibodha|priyaka|prātibodha|punarbhū|pāraśava|racita|rācita|rāthaṃtara|rāthītara|sārpākava|sṛpāku|urva|+32
P.4.1.105	167	aikalavya|aikya|ailāka|ailākya|aindrahavya|aligu|araraka|aukthya|aulūkya|babhru|badhyoga|bhaiṣajya|bhaiṣṇajya|bhaḍita|bhaṇḍita|bhiṣaj|bhiṣṇaja|bhāḍitya|bhāṇḍitya|bābhravya|caikitsitya|caikitya|camasa|caulukya|cekita|cikitsita|culuka|cāmasya|cāṇakya|daivahavya|dalbha|devahū|dhaumya|dhānaṃjayya|dhūma|dālbhya|ekalū|elāka|gauhalavya|gaukakṣya|gaulandya|gaṇḍu|gokakṣa|golanda|guhalu|gārgya|gāviṣṭhira|gāṇḍavya|indrahū|jaigīṣavya|+117
P.4.1.106	8	babhru|bābhrava|bābhravya|bābhravyāyaṇī|kauśika|madhu|mādhava|mādhavya
P.4.1.107	7	baudhi|baudhya|bodha|kāpeya|kāpya|kāpyāyanī|āṅgirasa
P.4.1.108	4	vataṇḍa|vātaṇḍa|vātaṇḍya|āṅgirasa
P.4.1.109	4	vataṇḍa|vātaṇḍa|vātaṇḍyāyanī|āṅgirasa
P.4.1.110	119	autsāyana|bailva|bailvāyana|bailya|basta|bharadvāja|bhaḍila|bhaḍita|bhaṇḍila|bhaṇḍita|bhāradvājāyana|bhāḍilāyana|bhāḍitāyana|bhāṇḍilāyana|bhāṇḍitāyana|bāstāyana|cakra|caupāyana|cupa|cākrāyaṇa|cāpalāyana|daurmanasāyana|dhanya|dhaumrāyaṇa|dhvana|dhvānāyana|dhānyāyana|dhārmyāyaṇa|dhūma|dhūmra|dāsaka|dāsakāyana|gairāyaṇa|gaulāṅkāyana|gaumāyana|golāṅka|graiṣmāyaṇa|grīṣma|jana|jaḍa|jānāyana|jātāyana|jāḍāyana|kaitavāyana|kaitāyana|kauṭāyana|khadira|kharjūra|khañjāra|khaḍa|+69
P.4.1.111	6	bharga|bhārgi|bhārgāyaṇa|traigarta|uttaram|vart
P.4.1.112	145	aila|anabhimlāta|aryaśveta|aurṇanābha|autkṣepa|badhiraka|bhalandana|bhauma|bhaura|bhālandana|bhūri|bādhirika|cāṇḍa|daṇḍa|drauhya|druhya|dāṇḍa|gaupika|gopaka|graivākṣa|grīvākṣa|gāṅga|haihaya|jalahrada|jambha|jaṭilaka|jālahrada|jāmbha|jāratkārava|jāṭilika|kahaya|kahoḍa|kahūya|kakubha|kakutstha|kapilaka|kauhaḍa|kauhita|kaupiñjala|kauṭhāra|khadūraka|kharjurakarṇa|khañjāla|khañjāra|khādūraka|khārjurakarṇa|khāñjana|khāñjāla|khāñjāra|kohaḍa|+95
P.4.1.113	11	caintita|cintita|cāndrabhāgeya|mānuṣa|nārmada|sauparṇeya|vainateya|vāsavadatteya|yāmuna|śaikṣita|śaubhaneya
P.4.1.114	14	andhaka|aniruddha|draṣṭar|jātasena|nākula|sāhadeva|vaiśvāmitra|vasudeva|vāsiṣṭha|vāsudeva|vṛṣṇi|āniruddha|śvāphalka|ṛṣi
P.4.1.115	9	apekṣā|bhādramātura|dhānyamātar|dvaimātura|mātura|saumātra|saṃmātar|sāṃmātura|ṣāṇmātura
P.4.1.116	1	kānīna
P.4.1.117	13	bharadvāja|bhāradvāja|chagala|chāgala|chāgali|vaikarṇa|vaikarṇi|vatsa|vikarṇa|ātreya|śauṅga|śauṅgi|śuṅga
P.4.1.118	3	paila|paileya|pīlā
P.4.1.119	3	maṇḍūka|māṇḍūka|māṇḍūki
P.4.1.120	10	bījāśva|dākṣeya|gāṅgeya|krauñca|sauparṇeya|strī|vainateya|vāḍava|vāḍaveya|vṛddha
P.4.1.121	4	datta|dātteya|gaupteya|gupta
P.4.1.122	4	kāpeya|mārīca|naidheya|ātreya
P.4.1.123	131	aitareya|ajira|akaśāya|augreya|aśoka|baijeya|balīvardin|bandhaka|bharama|bhārameya|bhārateya|brahmakṛta|brāhmakṛteya|bālīvardineya|bāndhakeya|daivatareya|daiśeya|devatara|dhārmiṇeya|gandhapiṅgalā|gaudanteya|gaudheya|godanta|gāndhapiṅgaleya|jaihmāśineya|jaiveya|jaratin|jihmāśin|jñātala|jāratineya|kaiśorikeya|karpūra|kaumārikeya|kauverikeya|kauśāmbeya|kauṭhārikeya|khaḍonmattā|khaḍūra|khāḍonmatteya|khāḍūreya|kiśorikā|kuveraka|kuśāmba|kuṭhāraka|kādraveya|kārkalāseya|kārpūreya|laikhābhreya|lakṣmaṇa|lekhābhra|+81
P.4.1.124	8	kauṣītakeya|kauṣītaki|kuṣītaka|kāśyapa|puruṣa|vaikarṇeya|vaikarṇi|vikarṇa
P.4.1.125	1	bhrauveya
P.4.1.126	16	balivarda|bandhaka|bandhuka|bālīvardineya|bāndhakineya|bāndhukineya|daurbhāgiṇeya|jyaiṣṭhineya|jāratineya|kālyāṇineya|kāniṣṭhineya|mādhyamineya|pārastraiṇeya|saubhāgineya|ānudṛṣṭineya|ānusṛtineya
P.4.1.127	7	bhikṣuka|kaulaṭera|kaulaṭeya|kaulaṭineya|kulaṭā|sant|vyabhicāra
P.4.1.128	1	cāṭakaira
P.4.1.129	2	gaudhera|gaudheya
P.4.1.130	5	gaudhāra|jāḍāra|pāṇḍāra|samāveśa|siddhatva
P.4.1.131	7	dāsera|dāseya|kāṇera|kāṇeya|kṣudra|puṃska|yam
P.4.1.132	3	paitṛṣvasrīya|pitṛṣvasar|viśa
P.4.1.133	2	jñā|paitṛṣvaseya
P.4.1.134	3	mātṛṣvasar|mātṛṣvaseya|mātṛṣvasrīya
P.4.1.135	3	catuṣpād|kāmaṇḍaleya|śaitibāheya
P.4.1.136	13	bali|bāleya|gārṣṭeya|hali|hāleya|hārṣṭeya|hṛṣṭi|kaudreya|kudri|maitreya|vaiśreya|viśri|ājavasteya
P.4.1.137	3	rājana|rājanya|śvaśurya
P.4.1.138	2	khāḍāyana|kṣātri
P.4.1.139	2	kulīna|āḍhyakulīna
P.4.1.140	4	bahukulīna|bāhukuleyaka|kauleyaka|kulya
P.4.1.141	4	mahākulīna|māhākula|māhākulīna|vṛddha
P.4.1.142	3	dauṣkuleya|duṣkula|duṣkulīna
P.4.1.143	1	svasrīya
P.4.1.144	3	bhrātrīya|bhrātṛvya|rāndhasa
P.4.1.145	4	bhrātṛvya|kaṇṭaka|pāpman|sapatna
P.4.1.146	20	aśvapāla|cāmaragrāha|daṇḍagrāha|dvārapāla|dvārapālika|dāṇḍagrāhika|kakudākṣa|karṇagrāha|kākudākṣika|kārṇagrāhika|maṇipālī|māṇipālika|raivatika|vārkabandhavika|vārkagrāhika|vārkavañcaka|vṛkabandhu|vṛkagrāha|vṛkavañcika|āśvapālika
P.4.1.147	6	aupagavi|gārga|gārgeya|gārgika|jālma|kutsana
P.4.1.148	6	bhāgavitti|bhāgavittika|bhāgavittāyana|kutsā|sauvīra|vṛddha
P.4.1.149	3	yamunda|yāmundāyani|yāmundāyanika
P.4.1.150	6	maimata|maimatāyani|mimata|phāṇṭāhṛta|phāṇṭāhṛti|phāṇṭāhṛtāyana
P.4.1.151	69	aijya|aindralājya|ainya|airakya|darbha|dāmoṣṇīṣa|dārbhya|eji|gargara|gaṇakāri|gārgarya|gāṇakārya|hārtrya|indralājī|kaiśinya|kaiśori|kaiśorya|kauravya|kauṭya|keśin|kuṭa|kāpiñjalādi|kārtrya|maurya|mauḍhya|maṅguṣa|mura|māṅguṣya|paitṛmatya|paiṇḍya|pathikāra|paurya|piṇḍa|pura|pāthikārya|rāthakārya|satyaṃkāra|sāmrājya|sātyaṃkārya|vaimatya|vainya|vaḍabhīkāra|vena|vimati|vācya|vāmaratha|vāmarathya|vātaki|vātakya|vāvadūka|+19
P.4.1.152	6	hāriṣeṇya|kāri|lākṣaṇya|nāpitya|senā|tāntuvāyya
P.4.1.153	4	hāriṣeṇi|kaumbhakāri|lākṣaṇi|tākṣṇa
P.4.1.154	64	audajñāyani|aurasāyani|auraśa|auraśāyani|bhauliki|bhaulikāyani|bhauriki|bhaurikāyaṇi|bālāyani|caiṭayata|caiṭayatāyani|caupayata|caupayatāyani|cāndramasāyana|daivarathāyani|devaratha|gaukakṣya|gaukakṣyāyaṇi|grāmyāyaṇi|gāṅgāyani|kaitavāyana|kauravya|kauravyāyaṇi|kauravāyaṇi|khalya|khalyakā|khālyakāyani|khālyāyani|kitava|kṣaitayata|laumakāyani|lomaka|nailāyani|nīla|raupyāyaṇi|rūpya|saindhavāyani|saupāmāyani|supāman|sāṃjñāyani|taikāyani|taitala|tika|udajña|uras|uraśa|vahyaka|vāhyakāyani|vājavata|vājavatāyani|+14
P.4.1.155	4	kausalyāyani|kārmārya|parama|prakṛti
P.4.1.156	2	dākṣāyaṇa|kārtra
P.4.1.157	5	aupagavi|vāsināyani|vṛddha|yājñadatti|āmragupta
P.4.1.158	8	gaudherakāyaṇi|kākakāyani|kāki|kārkaṣa|laṅka|lāṅkākāyani|vākina|vākinakāyani
P.4.1.159	3	gārgīputra|gārgīputrakāyaṇi|putra
P.4.1.160	3	glucuka|prāñc|rājadanti
P.4.1.161	7	autsargika|gam|manuṣya|mānuṣa|māṇava|samudāya|sidh
P.4.1.162	2	apatya|prabhṛti
P.4.1.163	9	abhijana|kim|nam|rabh|tarhi|vaṃśa|vaṃśya|yuvan|śiṣ
P.4.1.165	5	nyūna|sapiṇḍa|sthavira|sthāna|utkarṣa
P.4.1.166	2	tatrabhavant|vṛddha
P.4.1.167	1	kutsā
P.4.1.168	7	aikṣvāka|drauhyava|ikṣvāku|janapada|pañcāla|pāñcāla|pāñcāli
P.4.1.169	3	gāndhāra|gāndhāri|śālveya
P.4.1.170	9	kaliṅga|kāliṅga|magadha|māgadha|sauhma|sauramasa|sūramasa|vāṅga|āṅga
P.4.1.171	8	ajāda|avanti|kausalya|kosala|vṛddha|ājādya|āmbaṣṭha|āvantya
P.4.1.172	4	kauravya|kuru|naicitya|naiṣadhya
P.4.1.173	12	audumbari|avayava|aśmaka|bhauliṅgi|kalakūṭa|kālakūṭi|pratyagratha|prātyagrathi|yaugaṃdhari|yugaṃdhara|āśmaki|śālva
P.4.1.174	1	tadrāja
P.4.1.175	2	kamboja|kerala
P.4.1.176	5	avantī|kauntya|kunti|kuru|strī
P.4.1.177	3	madra|vasu|śūrasena
P.4.1.178	23	auśīnara|bharga|bhārata|bhārga|dhaurteya|dhārteya|ghārteya|jyāvāṇeya|karūṣa|kauravya|kaśmīra|kekaya|kārūṣa|prācya|pāñcāla|susthala|traigarta|uraśa|uśīnara|vaideha|yaudheya|śaubhreya|śālva
P.4.1.199	1	prāṇāyana
P.4.1.790	1	udaka
P.4.2.1	7	dravya|kausumbha|kaṣāya|kāṣāya|rakta|rāgadravya|sidh
P.4.2.2	7	cāṇaka|kārdama|lākṣika|mahārajana|raucanika|rocana|śākala
P.4.2.3	6	dhruvaka|kandara|pauṣa|puṣya|vart|yuj
P.4.2.4	5	ahorātra|jāmbavaka|lup|punar|puṣya
P.4.2.5	4	aśvattha|āśvattha|śravaṇa|śrāvaṇa
P.4.2.6	2	rādhānurādhīya|tiṣyapunarvasavīya
P.4.2.7	2	darś|vāsiṣṭha
P.4.2.8	2	kali|kāleya
P.4.2.9	1	vāmadevya
P.4.2.10	4	vac|var|veṣṭ|vāstra
P.4.2.11	2	pāṇḍukambala|pāṇḍukambalin
P.4.2.12	4	dvaipa|sphij|vaiyāghra|vikāra
P.4.2.13	4	kaumāra|pad|pati|upayamana
P.4.2.14	4	amatra|har|pūrvaka|śārāva
P.4.2.15	4	niyama|sthāṇḍila|śayitar|śī
P.4.2.16	6	bhakṣa|bhrāṣṭra|kar|khara|viśada|yava
P.4.2.17	2	ukhya|śūlya
P.4.2.18	1	dādhika
P.4.2.19	2	audaśvita|audaśvitka
P.4.2.20	3	kar|kṣaireya|yavāgū
P.4.2.21	2	paurṇamāsa|pauṣa
P.4.2.22	4	aśvattha|āgrahāyaṇa|āgrahāyaṇika|āśvatthika
P.4.2.23	9	caitra|caitrika|kārttika|kārttikika|phālguna|phālgunika|śravaṇa|śrāvaṇa|śrāvaṇika
P.4.2.24	5	kar|saṃpradāna|uddeśya|upādhi|yāga
P.4.2.25	2	ka|kāya
P.4.2.26	1	śukriya
P.4.2.27	4	ap|aponaptriya|apāṃnaptar|apāṃnaptriya
P.4.2.28	2	aponaptrīya|apāṃnaptriya
P.4.2.29	3	mahendriya|mahendrīya|māhendra
P.4.2.30	2	saumya|āgneya
P.4.2.31	4	pitrya|uṣasya|vāyavya|ṛtavya
P.4.2.32	10	agnīṣomīya|dyāvāpṛthivīya|gṛhamedha|gṛhamedhya|gṛhamedhīya|marutvatya|marutvatīya|vāstoṣpatya|vāstoṣpatīya|śunāsīrīya
P.4.2.34	2	māsika|prāvṛṣeṇya
P.4.2.35	3	mahārāja|māhārājika|prauṣṭhapadika
P.4.2.36	2	maha|pitṛvya
P.4.2.37	3	bāka|kāka|vāyasa
P.4.2.38	26	bhaikṣa|bhauta|bhikṣā|bādhaka|bādhana|cārmaṇa|cārmiṇa|dhārmiṇa|dākṣiṇa|gārbhiṇa|khaṇḍa|kṣaitra|paddhati|pādapakhaṇḍa|pāddhata|pādāta|sāhasra|tarukhaṇḍa|uttarīya|vaiṣaya|vṛkṣakhaṇḍa|yauvana|yauvata|ātharvaṇa|āṅgāra|śrautra
P.4.2.39	15	anyatra|aukṣaka|aupagava|aupagavaka|aurabhraka|auṣṭraka|laukika|mānuṣyaka|mātra|rājaka|rājanyaka|rājaputraka|sidh|vātsaka|ājaka
P.4.2.40	1	kaidāraka
P.4.2.41	2	kaidāraka|kāvacika
P.4.2.42	7	brāhmaṇya|māṇava|māṇavya|vātyā|vātūla|vāḍava|vāḍavya
P.4.2.43	3	bandhutā|grāmatā|janatā
P.4.2.44	4	dāṇḍa|kāpota|mayūra|māyūra
P.4.2.45	13	aulūka|bhaikṣuka|bhikṣuka|halabandha|hālabandha|khaṇḍika|khāṇḍika|vāḍava|yaugavaratra|yugavaratra|āhna|śauka|śauvana
P.4.2.46	3	caraṇa|kālāpaka|śākha
P.4.2.47	5	dhainuka|hāstika|ādhenava|āpūpika|śāṣkulika
P.4.2.48	4	aśvīya|kaiśika|kaiśya|āśva
P.4.2.49	14	dhūmyā|galyā|halya|naṭyā|piṭakyā|piṭāka|piṭākyā|potyā|pāśyā|pāṭalyā|tṛṇyā|vanya|vātyā|śakaṭyā
P.4.2.50	3	gavya|khalya|rathya
P.4.2.51	19	ambhojakhaṇḍa|dūrvā|gotra|kairavin|kamalakhaṇḍa|kariskandha|khalin|khaṇḍa|kumudakhaṇḍa|kāṇḍa|nalinīkhaṇḍa|naraskandha|padmakhaṇḍa|padminīkhaṇḍa|rathakaṭyā|saroja|skandha|turaṃgaskandha|tṛṇakāṇḍa
P.4.2.52	4	viṣaya|śaiba|śivi|śīlay
P.4.2.53	36	audumbaraka|aurṇanābhaka|avrīḍa|bailvaja|bailvajaka|bailvavana|bailvavanaka|bābhravya|bābhravyaka|daivayātaka|devayātu|dākṣaka|dākṣi|jālaṃdharāyaṇa|rājanyaka|saṃpriya|sāṃpriyaka|tailavaka|taivraka|telu|tīvra|udumbara|vasāti|vāratraka|vāsātaka|āmbarīṣaputraka|ānṛta|ānṛtaka|ārjunāyana|ārjunāyanaka|ātmakāmeya|āvrīḍaka|śailūṣaka|śālaṅkāyana|śālaṅkāyanaka|ūrṇanābha
P.4.2.54	39	auḍāyana|bhakta|bhauliki|bhauriki|caiṭayata|caupayata|cāndrāyaṇa|dvyākṣāyaṇa|dākṣāyaṇa|dāsamitra|jaulāyana|khāḍāyana|khāḍāyanabhakta|kāṇeya|naḍabhakta|saikayata|sauvīrabhakta|sauvīrāyaṇa|sāpiṇḍi|sārasyāyana|sārasāyana|tryākṣāyaṇa|tuṇḍadeva|tārkṣyāyaṇa|vaikayata|vaiśvadhenava|vaiśvamānava|vidhā|viśvadeva|vālikājya|vāṇijaka|vāṇikājya|śapaṇḍa|śaubhrāyaṇa|śaudrāyaṇa|śauṇḍa|śayaṇḍa|śayāṇḍa|śāyaṇḍāyana
P.4.2.55	3	jāgata|pragātha|pāṅkta
P.4.2.56	5	bhārata|prayojana|saubhadra|subhadra|yoddhar
P.4.2.57	2	dāṇḍa|praharaṇa
P.4.2.58	4	dāṇḍapātā|tailaṃpātā|śyainaṃpāta|śyenapāta
P.4.2.59	1	vaiyākaraṇa
P.4.2.60	48	adhyetar|aukthika|carca|cārcika|dhārmika|dvaipadika|gauṇika|gāṇika|jyautiṣika|jyotiṣa|krametara|krāmetaraka|laukāyatika|lokāyata|mukhyārtha|naimittika|nairuktika|naiyāsika|naiyāyika|padakrama|paunaruktika|pratipādaka|punarukta|pādakramika|pāriṣatka|saṃghaṭa|saṃghaṭṭa|sāṃghaṭika|sāṃghaṭṭika|sāṃgrahasūtrika|sāṃgrahika|sāṃhitika|sāṃsargavidya|sūtra|uktha|veditar|vārttika|vṛtti|yājñika|āgniṣṭomika|ānukalpika|ānupadika|āyurvedika|śatapatha|śatapathika|ślākṣṇika|śātapatha|ṣāṣṭipatha
P.4.2.61	7	kramaka|mīmāṃsaka|mīmāṃsā|padaka|sāmaka|śikṣaka|śikṣā
P.4.2.62	2	anubrāhmaṇa|anubrāhmaṇin
P.4.2.63	14	cāramika|gauṇika|graiṣmika|haimantika|prāthamika|sahacarita|vasanta|vasantādhyayana|vārṣika|vāsantika|ānuguṇika|ātharvaṇika|śaiśirika|śāratka
P.4.2.64	6	ayukta|nirdeśa|praukta|pāṇinīya|sautra|vac
P.4.2.65	3	aṣṭaka|cātuṣṭaya|sūtra
P.4.2.66	17	bhāllavin|brāhmaṇa|kalpa|karmanda|kauśikin|kāśyapin|kṛśāśva|mauda|paippalāda|paiṅgin|prayoktavya|pārāśarin|pāṇinīya|tāṇḍin|viṣaya|yājñavalka|śailālin
P.4.2.67	6	audumbara|bailva|cāturarthika|pārvata|romavant|upādhi
P.4.2.68	3	kauśāmba|kuśāmba|vart
P.4.2.69	3	auṣṭra|nivāsa|śaiba
P.4.2.70	7	adūra|agrima|bandh|bhava|cāturarthika|vaidiśa|vidiśā
P.4.2.71	5	bhājī|kakṣatu|kākṣatava|kārkaṭelava|āraḍava
P.4.2.72	5	aiṣṭakāvata|mālāvant|mālāvata|saidhrakāvata|āhimata
P.4.2.73	1	dairghavaratra
P.4.2.74	3	dānta|udañc|vipāś
P.4.2.75	59	aitara|audvepa|autpuṭa|auttama|auḍupa|bhalla|bhālla|bāhula|cāraṇa|gaubhṛta|gaveśa|gaveṣa|gobhṛt|gāmbhīra|gāveśa|gāveṣa|kaulāsa|kaumbha|kūlāsa|lauma|malla|māla|mālla|naidhāna|naiveśa|paulāsa|pautika|pauṣkala|pālāśa|pūlāsa|rājabhṛt|rājabhṛta|sadyoja|saikata|saubhūta|saudakṣa|saudatta|saumaṅgala|saunetra|saupiṅgala|saupūta|sauta|saṃkala|subhūta|sudatta|sumaṅgala|sunetra|supiṅgala|supūta|sādyoja|+9
P.4.2.76	1	dāttāmitrī
P.4.2.77	17	bhaṇḍu|bhāṇḍava|gauha|goha|karkandhumatī|karpūrin|kārpūriṇa|kārṣṇakarṇa|kṛṣṇakarṇa|saivālina|sauvāstava|sevālin|suvāstu|varṇu|vārṇava|śaikhaṇḍina|śākaṭīkarṇa
P.4.2.78	3	rauṇa|roṇī|ājakarauṇa
P.4.2.80	496	aindrāyaṇa|arīhaṇa|asani|audañcanaka|auddaṇḍaka|aulandaka|auṣṭrāyaṇa|aśmara|aśvatthika|aśvatthila|aśvika|badhira|baijavāpi|baiji|bailvaka|bailāyana|balasa|balbaja|balbajika|balya|bandh|bandhuka|barbara|barbarila|bhagala|bhalandana|bhalla|bhallapāla|bhāgalaka|bhālandanaka|bhāllapāleya|bhālleya|bhāstrāyaṇa|bilasa|bisila|buka|bukin|busa|busasa|bādhiraka|bāhuka|bījavāpin|bījika|caitrāyaṇa|caraṇasa|caraṇila|cauḍārya|chāgaleya|ci|cula|+446
P.4.2.81	7	aṅga|cāturarthika|kuru|magadha|matsya|pañcāla|suhma
P.4.2.82	24	campa|gaya|goda|gomant|jambu|jālapadī|jānapada|mathurā|pampā|parṇa|puṣkara|takṣaśilā|tāmraparṇa|ujjayana|uraśa|valabhī|valgu|varaṇa|āliṅgya|āliṅgyāyana|śayāṇḍa|śuṇḍa|śālmali|śṛṅga
P.4.2.83	5	pākṣika|śarkara|śarkarika|śārkara|śārkaraka
P.4.2.84	2	śarkarīya|śārkarika
P.4.2.85	2	maśakāvatī|udumbarāvatī
P.4.2.86	32	bisavant|himavant|ikṣumatī|iṣṭakāva|karkandhumatī|karīravatī|khaḍa|khaḍavant|kiśarā|madhumant|marutvant|romavant|ruṣya|ruṣṭi|sthāṇumatī|takṣaśilāvatī|vaṭavatī|veṇumant|veṭa|veṭavant|vārdālī|āmiṣī|āsandīvant|āsutimant|śakalavant|śaktimant|śalākāvant|śamīvant|śaravant|śaryaṇa|śaryaṇāvant|śuktimant
P.4.2.87	3	kumudvant|naḍvant|vetasvant
P.4.2.88	2	naḍvala|śādvala
P.4.2.89	1	śikhāvala
P.4.2.90	62	avarohita|aśvatthīya|bhastrā|bhastrīya|cārmīya|gartīya|indravṛkṣa|iḍīya|janya|janyīya|khadirīya|khalājina|khaṇḍīya|kitava|kitavīya|kāśīya|kṣudrīya|kṣānta|kṣāntīya|kṣārīya|mantraṇa|naivākava|naivākavīya|nitāntāvṛkṣīya|niśānta|niśāntīya|nīcāyaka|palāśīya|parṇīya|phalīya|picuka|picukīya|pippala|pippalīmūlīya|pippalīya|saṃpara|saṃparīya|saṃphala|suvarṇīya|tam|tika|tikīya|traivaṇa|traivaṇīya|tṛṇīya|utkarīya|utkrośīya|vairāṇaka|vetrīya|vijigīṣīya|+12
P.4.2.91	13	bilvakīyā|ikṣukīyā|kapotakīyā|kruñca|kruñcakīya|kāṣṭhakīyā|naḍakīya|plakṣakīya|takṣakīyā|tṛṇakīyā|vetasakīya|vetrakīya|veṇukīya
P.4.2.92	15	aulūkhala|cākṣuṣa|cātura|cāturdaśa|dārṣada|grabh|kṣud|piṣ|rāsana|spārśana|yāvaka|āśva|śaiṣika|śeṣa|śrāvaṇa
P.4.2.93	6	avārapāra|avārapārīṇa|grabh|rāṣṭriya|tāvant|upādāna
P.4.2.94	2	grāmya|grāmīṇa
P.4.2.95	18	aukhyeyaka|aumbheyaka|kattri|kaumbheyaka|kauḍeyaka|kauṇḍineyaka|kuḍya|kāttreyaka|maudaneyaka|māhiṣmateyaka|māhiṣmatī|nāgareyaka|pauṣkaleyaka|pauṣkareyaka|ukhya|umbhi|varmatī|vārmateya
P.4.2.96	6	graiva|graiveyaka|kaukṣa|kaukṣeyaka|kaula|kauleyaka
P.4.2.97	27	aloha|dārva|dārveya|kauśāmba|kauśāmbeya|khādira|khādireya|kāśaparī|kāśapharī|māheya|māyeya|nādeya|paurvanagareya|pāṭheya|pāṭhā|pūrvanagarī|saitakeya|setakī|vanakauśāmbī|vānakauśāmbeya|vārāṇaseya|vārāṇasī|vāḍaveya|śrāvasta|śrāvasteya|śālva|śālveya
P.4.2.98	3	dākṣiṇātya|paurastya|pāścāttya
P.4.2.99	2	kāpiśa|kāpiśāyana
P.4.2.100	4	raṅku|rāṅkava|rāṅkavaka|rāṅkavāyaṇa
P.4.2.101	5	apācya|divya|pratīcya|prācya|udīcya
P.4.2.102	2	kanthā|kānthika
P.4.2.103	3	kanthā|kānthaka|varṇu
P.4.2.104	7	amātya|avyaya|bhrātṛka|ihatya|sāmasta|sāmastika|vāyudatta
P.4.2.105	5	aiṣamastana|hyastana|hyastya|śvastana|śvastya
P.4.2.106	5	bāhurūpya|pālvalatīra|rūpya|tīra|śaivarūpya
P.4.2.107	3	dākṣiṇaśāla|paurvaśāla|pūrveṣukāmaśamī
P.4.2.108	3	madra|paryudāsa|paurvamadra
P.4.2.109	5	dhvaja|māthura|śaivapura|śivapura|śārkarīdhāna
P.4.2.110	32	audapāna|bahukīṭa|bāhukīṭa|bāhīka|gaumata|gauṣṭhī|gomant|jālakīṭa|kalakīṭa|kamalabhidā|kamalakīkara|kālakīṭa|kāmalabhida|kāmalakīkara|māhikīprastha|naikatī|nailīnaka|palada|parikhā|pariṣad|paṭaccara|prastha|pālada|pārikha|pāriṣada|pāṭaccara|raumaka|romaka|udapāna|yakṛlloma|yākṛlloma|śaurasena
P.4.2.111	52	aikalava|ailāka|aindrahava|auktha|aulūka|bhaiṣaja|bhaiṣṇaja|bhāḍita|bhāṇḍita|bārhadagna|bṛhadagni|caikita|caikitsita|cauluka|cāṇaka|daivahava|dālbha|gaukakṣa|gaulanda|jāmadagna|jātūkarṇa|kauṇḍina|kauṭīgava|kārṣṇa|kāṇva|kāṇvīya|maudgala|mausala|māhita|māntrita|paippalava|paiṅgala|pautimāṣa|pārāśara|pārṇavalka|rāhūgaṇa|sauloha|saulābha|sthaura|taitikṣa|vairohita|vārṇaka|vārṣagaṇa|yājñavalka|ābhayajāta|ādaraka|āgastya|āraraka|āśmaratha|śākala|+2
P.4.2.112	6	dākṣa|laukika|plākṣa|sautaṃgamīya|vipāś|śāstrīya
P.4.2.113	9	bharata|dākṣa|kāśi|kāśīya|pauṣpi|pauṣpīya|pānnāgāra|pṛthak|vaiṅgi
P.4.2.114	3	gārgīya|vṛddha|śālīya
P.4.2.115	3	bhavadīya|bhāvata|bhāvatka
P.4.2.116	42	auparājika|aurdhvakālika|bhāraṅgī|caidika|chāgamitra|daivadattika|daivarājika|devarāta|dāsamitra|dāśagrāmika|gauvāsanika|govāsana|hairaṇyika|hastikarṣū|hāstikarṣūka|kaunāmika|kunāman|kāraṇika|kāśika|maudamānika|maudanika|sadhamitra|saindhumitrika|saudhāmitrika|saumamitrika|saṃvāha|sindhumitra|somamitra|sudhāmitra|sādhamitrika|sāṃvāhika|sāṃyāti|tātkālika|uparāja|yauvarājika|ācyutika|āpatkālika|āritrika|āriṃdamika|śakulāda|śauvāvatāna|śākulādika
P.4.2.117	2	bāhīka|śākalika
P.4.2.118	2	saudarśana|uśīnara
P.4.2.119	5	naiṣādakarṣuka|paṭu|pāṭava|śābarajambuka|śākajambu
P.4.2.120	3	mallavāstu|māllavāstava|āḍhakajambu
P.4.2.121	5	airāvata|airāvataka|dhanvan|sāṃkāśyaka|āprātimāyava
P.4.2.122	5	mālāprastha|nāndīpura|pailuvaha|prastha|pura
P.4.2.123	8	daṇḍāmitrā|dāttāmitrīya|kākandaka|kākandi|mākanda|mākandaka|pāṭaliputraka|spaś
P.4.2.124	4	avadhi|traigartaka|ādarśa|ādarśaka
P.4.2.125	8	ajamīḍha|aṅga|dārvaka|kālañjara|kālañjaraka|vārtana|ājamīḍhaka|āṅgaka
P.4.2.126	8	agni|bāhuvartaka|dārukaccha|kaccha|kauṇḍāgnaka|saindhuvaktraka|vaktra|varta
P.4.2.127	68	aujjayanaka|bhakṣālī|bhākṣālaka|dhaumaka|dhārtarājña|dvaipaka|dvaiyāhāvaka|dvyāhāva|dākṣiṇāpathaka|dāṇḍāyana|ghauṣaka|ghoṣa|gārtaka|kaukṣaka|kaulaka|kukṣi|kūla|madrakūla|madrukasthalī|maitravardhaka|mitravardha|mitravardhra|mādrakūlaka|mādrukasthalaka|māhakasthalī|māhiṣasthalī|mānasthalī|māṭharaka|palli|paṭṭāra|pāllaka|pātheya|pātheyaka|pāṭṭāraka|rājagṛha|rājagṛhaka|rājasthalaka|rājasthalī|samudrasthalī|saṃsphīya|sāketaka|sāmudraka|sāmudrasthalaka|sātrāsāha|sātrāsāhaka|sāṃsphīyaka|tairthaka|traiyāhāvaka|tryāhāva|ujjayana|+18
P.4.2.128	4	citralekhaka|nāgara|nāgaraka|prāvīṇya
P.4.2.129	1	āraṇyaka
P.4.2.130	4	kaurava|kauravaka|yaugaṃdhara|yugaṃdhara
P.4.2.131	5	madra|madraka|pakṣya|vṛji|vṛjika
P.4.2.132	1	aikṣvāka
P.4.2.133	25	dvaipa|gandhāra|gāndhāra|kaccha|kalūtara|kamboja|kaurava|kaśmīra|kāccha|kālūtara|kāmboja|kāśmīra|madhumant|mādhumata|raṅku|rāṅkava|saindhava|vaijāpaka|varṇu|vijāpaka|vārṇava|ājavāha|ānuṣaṇḍa|ānūpa|śālva
P.4.2.134	16	dvaipaka|gāndhāraka|kaccha|kauravaka|kācchaka|kāmbojaka|kāśmīraka|mādhumataka|rāṅkavaka|saindhavaka|tatstha|vārṇavaka|ājavāha|ānuṣaṇḍa|ānūpaka|śālvaka
P.4.2.135	2	śālva|śālvaka
P.4.2.136	1	śālvaka
P.4.2.137	4	bāhugarta|garta|sṛgālagarta|vṛkagarta
P.4.2.138	68	aika|aikīya|audgāhamāni|avasyandana|baiji|baijīya|bhauji|bindavi|bindavīya|daivaśarmi|dantāgra|devakīya|ekagrāma|ekapalāśa|ekavṛkṣa|ekaśākha|gaha|gahīya|haṃsīya|iṣvagra|iṣvanīka|janakīya|khāḍāyanīya|kāmaprastha|kāṭheraṇi|kṣaimavṛddhi|lāveraṇi|lāveraṇīya|madhyamīya|magadhīya|mukhatīya|parakīya|pārśvatīya|pūrvapakṣa|pūrvapakṣīya|samānagrāma|samānagrāmīya|samānaśākhā|samīya|saumitri|saumitrīya|tantvagra|uttamaśākha|uttamīya|vaiṇukīya|vaṅga|vaṅgīya|veṇuka|viṣamīya|vyāḍīya|+18
P.4.2.139	5	kaṭa|kaṭaghoṣa|kaṭanagara|kaṭapalvala|prāñc
P.4.2.140	1	rājakīya
P.4.2.141	4	pārikha|sausuka|ārīhaṇaka|āśvatthika
P.4.2.142	7	dākṣigrāma|dākṣihrada|dākṣikanthā|dākṣinagara|dākṣipalada|kanthā|palada
P.4.2.143	1	parvatīya
P.4.2.144	2	parvatīya|pārvata
P.4.2.145	8	bharadvāja|bhāradvāja|kārkaṇa|kṛkaṇa|kṛkaṇīya|parṇa|parṇīya|pārṇa
P.4.2.154	1	aiṣukāri
P.4.3.1	7	asmadīya|autsargika|yauṣmāka|yauṣmākīṇa|yuṣmadīya|āsmāka|āsmākīna
P.4.3.2	6	kāṇḍa|tavaka|yauṣmāka|yauṣmākīṇa|āsmāka|āsmākīna
P.4.3.3	5	mamaka|māmaka|māmakīna|tāvaka|tāvakīna
P.4.3.4	1	ardhya
P.4.3.5	6	adhamārdha|adhamārdhya|ardhya|avarārdhya|parārdhya|uttamārdha
P.4.3.6	3	ardhya|paurvārdhika|pūrvārdhya
P.4.3.7	3	ekadeśa|paurvārdha|paurvārdhika
P.4.3.8	3	adhama|avama|madhyama
P.4.3.9	3	apakarṣa|madhya|sāṃpratika
P.4.3.10	3	anusamudram|dvaipa|dvaipya
P.4.3.11	2	māsika|sāṃvatsarika
P.4.3.12	1	śāradika
P.4.3.13	2	krayika|śārada
P.4.3.14	5	naiśa|naiśika|pradoṣa|prādoṣa|prādoṣika
P.4.3.15	1	śauvastika
P.4.3.16	12	bādh|cāturdaśa|paurṇamāsa|pauṣa|prātipada|pāñcadaśa|sāṃdhivela|sāṃdhya|sāṃvatsara|trāyodaśa|āmāvāsya|śaiśira
P.4.3.17	1	prāvṛṣeṇya
P.4.3.18	1	vārṣika
P.4.3.19	1	ṛtu
P.4.3.20	2	madhu|vāsantika
P.4.3.21	2	haimantika|ṛtu
P.4.3.22	4	haimana|haimanta|loka|sarvatra
P.4.3.23	9	cirantana|divātana|doṣātana|parāri|prage|pragetana|prāhṇa|prāhṇetana|sāyantana
P.4.3.24	6	aparāhṇetana|paurvāhṇika|pūrvāhṇa|pūrvāhṇatana|pūrvāhṇetana|āparāhṇika
P.4.3.25	9	autsa|avārapārīṇa|grāmya|grāmīṇa|māthura|rāṣṭriya|sraughna|srughna|śaiṣika
P.4.3.26	1	prāvṛṣika
P.4.3.27	1	śāradaka
P.4.3.28	8	aparāhṇaka|avaskaraka|mūla|mūlaka|pradoṣaka|pūrvāhṇa|pūrvāhṇaka|ārdraka
P.4.3.29	1	panthaka
P.4.3.30	3	amāvāsya|amāvāsyaka|āmāvāsya
P.4.3.31	2	amāvāsya|vaikalpika
P.4.3.32	2	apakara|sindhuka
P.4.3.33	2	saindhava|āpakara
P.4.3.34	12	anurādha|anurādhā|aṣāḍha|bahula|hasta|phalguna|phālguna|punarvasu|svāti|tiṣya|viśākha|śraviṣṭha
P.4.3.35	4	aśvasthāna|gośāla|kharaśālā|uṣṭrasthāna
P.4.3.36	10	abhijit|aśvayuj|prapañca|vatsaśāla|vatsaśālā|vātsaśāla|ābhijita|āśvayuja|śatabhiṣaj|śātabhiṣaja
P.4.3.37	4	mārgaśīrṣa|mṛgaśiras|rauhiṇa|rohiṇa
P.4.3.39	2	bāhulya|prāyabhava
P.4.3.40	5	aupajānuka|aupakarṇika|aupanīvika|upajānu|upakarṇa
P.4.3.41	1	bhū
P.4.3.42	1	kauśeya
P.4.3.43	5	haimana|pac|puṣpy|vāsanta|śārada
P.4.3.44	1	haimanta
P.4.3.45	2	āśvayuja|āśvayujaka
P.4.3.46	4	graiṣma|graiṣmaka|vāsanta|vāsantaka
P.4.3.47	4	deya|māsika|śatika|ṛṇa
P.4.3.48	7	aśvattha|aśvatthaka|kalāpaka|kalāpin|upacāra|utpatti|yavabusa
P.4.3.49	2	graiṣmaka|āvarasamaka
P.4.3.50	5	sāṃvatsaraka|sāṃvatsarika|āgrahāyaṇa|āgrahāyaṇaka|āgrahāyaṇika
P.4.3.51	5	har|naiśa|naiśika|prādoṣa|prādoṣika
P.4.3.52	6	naiśa|naiśika|prādoṣa|prādoṣika|sah|sahacarita
P.4.3.54	24	alīkya|deśya|dhāyya|diśya|gaṇya|jaghanya|kālya|medhya|mitrya|mukhya|nyāyya|pakṣya|pathya|pūgya|rahasya|sākṣya|udakya|ukhya|vargya|vaṃśya|veśya|yūthya|ādya|ākāśya
P.4.3.55	3	dantya|karṇya|oṣṭhya
P.4.3.56	9	dārteya|kalaśi|kaukṣeya|kālaśeya|pat|vāsteya|āheya|āsteya|śatika
P.4.3.57	3	graiva|graiveya|śatika
P.4.3.58	2	gāmbhīrya|parimukham
P.4.3.59	2	parimukham|pārimukhya
P.4.3.60	20	antar|aurdhvadehika|aurdhvaṃdamika|aśvatthāman|bāhya|janakīya|madhyamīya|mukhatīya|mādhyama|mādhyaṃdina|parakīya|pārśvatīya|pāñcajanya|siṃhājina|sāmānagrāmika|sāmānika|vṛkājina|ādhyātmika|āntargehika|āntarveśmika
P.4.3.61	4	anugrāmam|parigrāmam|pārigrāmika|ānugrāmika
P.4.3.62	3	aṅgulīya|jihvāmūla|jihvāmūlīya
P.4.3.63	2	vargīya|śatika
P.4.3.64	3	vargya|vargīya|vargīṇa
P.4.3.65	3	karṇika|lalāṭaka|lalāṭya
P.4.3.66	4	kārta|saupa|vyākhyāna|vyākhyātavya
P.4.3.67	2	sāṃhita|ṣātvaṇatvika
P.4.3.68	9	dāśaudanika|kratu|nirāsa|parigraha|pākayajñika|pāñcaudanika|sādhya|vājapeyika|āgniṣṭomika
P.4.3.69	5	adhyāya|lakṣaṇa|vaiśvāmitrika|vāsiṣṭha|vāsiṣṭhika
P.4.3.70	6	lakṣaṇa|pauroḍāśa|pauroḍāśika|piṣṭapiṇḍa|puroḍāś|puroḍāśika
P.4.3.71	3	chandasya|chāndasa|nāmākhyātika
P.4.3.72	12	aiṣṭika|brāhmaṇika|cāturhotṛka|nāmika|nāmākhyātika|pauraścaraṇika|prāthamika|puraścaraṇa|pāśuka|ādhvarika|ākhyātika|ārcika
P.4.3.73	32	audyāva|aupaniṣada|autpāda|autpāta|bhaikṣa|chandobhāṣā|chandomāna|chandoviciti|chāndobhāṣa|chāndomāna|chāndovicita|kṣatravidyā|kṣātravidya|mauhūrta|naigama|naimitta|nairukta|naiyāya|padavyākhyāna|paunarukta|punarukta|pādavyākhyāna|udyāva|vaidya|vaiyākaraṇa|vāstuvidya|vāstuvidyā|ārgayaṇa|āṅgavidya|śaikṣa|śikṣā|ṛgayana
P.4.3.74	1	gam
P.4.3.75	5	nāgarika|āpaṇika|āyasthāna|śaulkaśālika|śulkaśālā
P.4.3.76	11	audapāna|aupala|bhauma|kārkaṇa|kṛkaṇa|pārṇa|sthāṇḍila|tairtha|tārṇa|śauṇḍika|śuṇḍika
P.4.3.77	2	aupādhyāyaka|paitāmahaka
P.4.3.78	5	bhrātṛka|hautṛka|mātṛka|pautṛka|sāvitra
P.4.3.79	2	paitṛka|pitrya
P.4.3.80	6	aupagavaka|cārāyaṇaka|diś|kāpaṭava|lakṣay|nāḍāyana
P.4.3.81	2	rūpya|samarūpya
P.4.3.82	2	maya|samamaya
P.4.3.83	4	bhū|haimavata|kāś|prathama
P.4.3.84	2	vaiḍūrya|vidūra
P.4.3.85	3	dūta|gam|path
P.4.3.86	5	dvāra|kram|sraughna|srughna|upacāra
P.4.3.87	4	bhaimaratha|grantha|kar|saubhadra
P.4.3.88	6	agnikaśyapīya|indrajanana|pradyumnāgamana|vākyapadīya|yamasabha|śiśukranda
P.4.3.89	1	nivāsa
P.4.3.90	1	abhijana
P.4.3.91	9	andhakavarta|andhakavartīya|dhā|hṛdgola|rohitagiri|sāṃkāśyaka|ārkṣoda|āyudhajīvin|ṛkṣoda
P.4.3.92	16	baudhya|bodha|raka|rākya|sarvakeśa|sarvasena|sārvakeśya|sārvasenya|śaka|śaṅkha|śaṇḍika|śaṭa|śākya|śāṅkhya|śāṇḍikya|śāṭya
P.4.3.93	44	aurasa|avasāna|chagala|chāgala|darad|darada|dārada|gandhāra|gandikā|grāmaṇa|grāmaṇī|gāndhāra|gāndika|kainara|kairmedura|kaiṣkindha|kamboja|kaśmīra|kaṃsa|kiṃnara|kiṣkindha|krauṣṭukarṇa|kroṣṭukarṇa|kāmboja|kāśmīra|kāṃsa|kāṇḍadhāra|madhumant|mādhumata|pārvata|saindhava|saiṃhakarṇa|saṃkucita|siṃhakarṇa|sāṃkucita|takṣaśilā|tākṣaśila|uraśa|varṇu|vārvara|vārṇava|vātsoddharaṇa|āvasāna|śālva
P.4.3.94	8	kaucavāra|kūcavāra|taudeya|tūda|varmatī|vārmateya|śalātura|śālāturīya
P.4.3.96	3	acitta|āpūpika|śāṣkulika
P.4.3.97	2	mahārāja|māhārājika
P.4.3.98	3	arjunaka|vāsudeva|vāsudevaka
P.4.3.99	7	aupagavaka|glaucukāyanaka|glucuka|nākulaka|pāṇinīya|ruh|sāhadevaka
P.4.3.100	8	diś|janapadin|madraka|pauravīya|vāṅgaka|vṛjika|āṅgaka|śruti
P.4.3.101	4	praukta|sauśarmaṇa|suśarman|vac
P.4.3.102	8	aukhīya|khaṇḍika|khāṇḍikīya|taittirīya|tittiri|ukha|varatantu|vāratantavīya
P.4.3.103	5	kauśika|kauśikin|kāśyapa|kāśyapin|prāvāsika
P.4.3.104	19	antevāsin|aulapin|chagalin|haridru|hāridravin|kalāpin|kaṭha|kāmali|kāmalin|pālaṅgin|taumburavin|tumburu|tāṇḍin|vaiśaṃpāpana|ālambi|ālambin|ārcābhin|āruṇin|śyāmāyanin
P.4.3.105	10	bhāllavin|brāhmaṇakalpa|cirantana|kalpa|paiṅgin|purāṇaprokta|yājñavalka|āruṇaparājin|āśmaratha|śāṭyāyanin
P.4.3.106	33	aśvapeja|chandas|daivadarśanin|daṇḍa|devadarśa|dāṇḍin|kaṣāya|kaṭhaśāṭha|khāḍāyana|khāḍāyanin|kāṣāyin|kāṭhaśāṭhin|pauruṣāṃsakin|puruṣāṃsaka|rajjubhāra|rajjukaṇṭha|rājjubhārin|rājjukaṇṭhin|skandha|skāndhin|stambha|stāmbhin|tala|tālin|vājasaneya|vājasaneyin|āśvapejin|śaunakin|śāpeya|śāpeyin|śārṅgarava|śārṅgaravin|śāṣpeya
P.4.3.107	5	caraka|cāraka|kaṭha|kāṭha|śārkara
P.4.3.108	5	kalāpin|kālāpa|madhura|mādhura|vṛtti
P.4.3.109	2	chagalin|chāgaleyin
P.4.3.110	8	bhikṣusūtra|naṭasūtra|pārāśara|pārāśarin|pārāśarya|śailāla|śailālin|śilālin
P.4.3.111	2	karmanda|kṛśāśva
P.4.3.112	5	ekadiś|haimavata|pūga|saudāmanī|sudāman
P.4.3.113	1	himavant
P.4.3.114	2	urastas|urasya
P.4.3.115	2	jñā|pāṇinīya
P.4.3.116	2	saṃdhivelā|vāraruca
P.4.3.117	7	garmut|gārmuta|mākṣika|pauttika|samudāya|satvant|sāragha
P.4.3.118	25	brāhmaka|cāṇḍālaka|daivarājaka|devarāta|kaulālaka|kaumbhakāraka|kulāla|kārmāraka|mādhavaka|naiṣādaka|niṣāda|pāriṣadaka|pārṣadaka|raudraka|raurava|rauravaka|sainaka|sairindhra|sairindhraka|sirindhra|varuḍa|vādhavaka|vāruḍaka|ānaḍuhaka|śvāpākaka
P.4.3.119	5	bhrāmara|kṣaudra|kṣudra|pādapa|vāṭara
P.4.3.120	2	aupagava|upagu
P.4.3.121	2	rathya|uttamarathya
P.4.3.122	2	auṣṭraratha|āśvaratha
P.4.3.123	2	pāriṣada|ādhvaryava
P.4.3.124	2	hālika|sairika
P.4.3.125	5	kutsakuśikikā|kākolūkikā|maithunikā|vaira|śvāvarāhikā
P.4.3.126	4	aupagavaka|caraṇa|glaucukāyanaka|kālāpaka
P.4.3.127	4	dākṣa|gārga|saṃgha|vaida
P.4.3.128	2	śākala|śākalaka
P.4.3.129	7	aukthika|aukthikya|bāhvṛcya|chāndogya|nāṭya|yājñika|yājñikya
P.4.3.130	4	daṇḍamāṇava|gaukākṣa|kaukākṣa|māṇava
P.4.3.131	9	audameghīya|audavāpi|baijavāpi|baijavāpīya|gauragrīva|kṣaimavṛddhi|raivatika|raivatikīya|svāpiśi
P.4.3.132	2	hāstipada|kaupiñjala
P.4.3.133	7	anuvāka|atharvan|phal|vasiṣṭha|viśvāmitra|ātharvaṇa|ātharvaṇika
P.4.3.134	3	bhāsmana|mārttika|vikāra
P.4.3.135	3	kāpota|kārīra|maurva
P.4.3.136	16	aikṣava|bailva|gaudhūma|gāvedhuka|karkandhu|karpāsa|kauṭīra|kuṭīra|kārkandhava|kārpāsa|kāṇḍa|maudga|māsūra|pāṭala|vaiṇava|vraiha
P.4.3.137	2	mādhūka|tārkava
P.4.3.138	2	jātuṣa|trāpuṣa
P.4.3.139	2	bhādradārava|daivadārava
P.4.3.140	4	dadhittha|dādhittha|kapittha|kāpittha
P.4.3.141	13	khādira|kārīra|paulāka|pālāśa|pūlāka|spandana|spāndana|vaikaṅkata|vikaṅkata|yāvāsa|śairīṣa|śiṃśapā|śāṃśapa
P.4.3.142	2	śamī|śāmīla
P.4.3.143	6	aśmamaya|kārpāsa|maudga|maya|ācchādana|āśmana
P.4.3.144	16	ammaya|balbaja|balbajamaya|darbhamaya|kuṭīmaya|mṛnmaya|somamaya|tarhi|tvaṅmaya|tṛṇamaya|vāṅmaya|vṛddha|āmramaya|āpya|śaramaya|śālamaya
P.4.3.145	1	gomaya
P.4.3.146	2	paiṣṭa|piṣṭamaya
P.4.3.147	1	piṣṭaka
P.4.3.148	1	vrīhimaya
P.4.3.149	4	taila|tilamaya|yavamaya|yāvaka
P.4.3.150	3	darbhamaya|juhū|parṇamaya
P.4.3.151	7	bailva|maudga|mauñja|vardhra|vāla|vārdhra|śikya
P.4.3.152	11	aindrādṛśa|aindrāliśa|aindrāyudha|bārhiṇa|cāya|indrādṛśa|indrāliśa|paiyūkṣa|pīyūkṣā|tāla|śyāmāka
P.4.3.153	3	hāṭaka|hāṭakamaya|kārṣāpaṇa
P.4.3.154	18	audumbara|dārava|kaṇṭakāra|kāpota|kāṇṭakāra|lauha|māyūra|naipa|paitadārava|pītadāru|rauhītaka|rājata|saisa|taivradārava|traikaṇṭaka|trikaṇṭaka|tīvradāru|vaibhītaka
P.4.3.155	7	aiṇeya|bailvamaya|daivadārava|kāṃsya|pāraśava|saunāga|śāmīla
P.4.3.156	7	diś|dviniṣka|dvisahasra|dvisāhasra|naiṣkika|śatika|śatya
P.4.3.157	1	auṣṭraka
P.4.3.158	4	auma|aumaka|aurṇa|aurṇaka
P.4.3.159	3	aiṇa|aiṇeya|eṇa
P.4.3.160	2	gavya|payasya
P.4.3.161	1	dravya
P.4.3.162	1	druvaya
P.4.3.163	1	badara
P.4.3.164	10	aiṅguda|bārhata|kakṣatu|kākṣatava|naiyagrodha|plākṣa|ruru|āśvattha|śaigrava|śigru
P.4.3.165	2	jambu|jāmbava
P.4.3.166	4	aśoka|jambu|karavīra|lup
P.4.3.167	15	ciñcā|dhvākṣā|doḍī|drākṣā|dāḍī|gabhīkā|harītaka|kaṇṭakārikā|kośātaka|kāla|nakharajanī|pippala|śaṣkaṇḍī|śephālikā|śvetapākī
P.4.3.168	4	kaṃsīya|kāṃsya|paraśavya|pāraśava
P.4.4.1	1	prāñc
P.4.4.2	3	kāṭhaka|ābhrika|ākṣika
P.4.4.3	4	dādhika|kar|kāṭhaka|māricika
P.4.4.4	4	kar|kaulattha|kulattha|taintiḍīka
P.4.4.5	1	auḍupika
P.4.4.6	2	gaupucchika|gopuccha
P.4.4.7	4	bāhuka|ghaṭika|nāvika|plavika
P.4.4.8	3	dauṣka|dādhika|hāstika
P.4.4.9	3	ākarṣika|ākaṣa|ākaṣika
P.4.4.10	10	arthika|aśvatthika|aśvika|jālika|nyāsika|padika|parpa|parpika|rathika|vyālika
P.4.4.11	3	śvagaṇa|śvagaṇika|śvāgaṇika
P.4.4.12	26	aupadeśika|aupahastika|aupaniṣatka|aupasthika|aupasthānika|aupavastika|aupaveśika|dhānurdaṇḍika|dhānuṣka|dāṇḍika|jālika|jīv|praiṣaṇika|pādika|saukhika|sphaijika|upahasta|upavasti|vaitanika|vaiśika|vetana|veśa|vāhanika|ārdhavāhanika|śāktika|śāyyika
P.4.4.13	6	krayavikraya|krayavikrayika|mā|vasna|vasnika|vikrayika
P.4.4.14	2	āyudhika|āyudhīya
P.4.4.15	10	autputika|autpuṭika|autsaṅgika|auḍupika|paiṭakika|paiṭākika|piṭaka|piṭāka|utputa|utpuṭa
P.4.4.16	7	bharaṇika|bharaṭa|bharaṭika|bhastrika|bhastrā|śīrṣabhāra|śīrṣebhāra
P.4.4.17	3	vaivadhika|vivadha|vivadhika
P.4.4.18	3	kauṭilika|kuṭilaka|upakaraṇa
P.4.4.19	15	gatāgata|gatānugata|gātāgatika|gātānugatika|han|har|jaṅgha|jānuprahṛtika|jāṅghāprahatika|kāṇṭakamardanika|pādasvedana|vart|yātopayāta|ākṣadyūtika|ānugatika
P.4.4.20	1	kṛtrima
P.4.4.21	2	yācitaka|āpamityaka
P.4.4.22	2	dādhika|sarj
P.4.4.23	1	cūrṇin
P.4.4.24	1	lavaṇa
P.4.4.25	1	maudga
P.4.4.26	4	dādhika|saupika|sic|vyañjana
P.4.4.27	4	aujasika|sāhasika|vart|āmbhasika
P.4.4.28	7	pratīpa|prātikūlika|prātilomika|prātīpika|ānukūlika|ānulomika|ānvīpika
P.4.4.29	3	parimukham|pārimukhika|pāripārśvika
P.4.4.30	3	dvaiguṇika|vārddhuṣika|yam
P.4.4.31	3	daśaikādaśika|kusīda|kusīdika
P.4.4.32	2	bādarika|uñch
P.4.4.33	1	sāmājika
P.4.4.34	5	dardura|dārdurika|kar|śabda|śābdika
P.4.4.35	12	hāriṇika|mainika|mārgika|mātsyika|māyūrika|paryāya|pākṣika|sāraṅgika|viśeṣa|śākulika|śākunika|śāpharika
P.4.4.36	2	paripantham|pāripanthika
P.4.4.37	3	dāṇḍamāthika|pādavika|ānupadika
P.4.4.38	2	viśeṣa|ākrandika
P.4.4.39	3	auttarapadika|grabh|paurvapadika
P.4.4.40	4	lālāmika|pratikaṇṭham|prātikaṇṭhika|ārthika
P.4.4.41	2	bhāṇḍa|dhārmika
P.4.4.42	3	pratipatham|pratipathika|prātipathika
P.4.4.43	4	i|sāmavāyika|sāmūhika|sāṃniveśika
P.4.4.44	1	pāriṣadya
P.4.4.45	2	sainika|sainya
P.4.4.46	3	kaukkuṭika|kukkuṭa|lālāṭika
P.4.4.47	3	dharmya|āntarāgārika|āpaṇika
P.4.4.48	13	hautra|maṇipālī|māhiṣa|paurohita|pralepaka|prājāpata|prājāvata|prālepika|vailepika|vilepikā|yajamāna|ānucāraka|ānulepika
P.4.4.49	2	audgātra|hautra
P.4.4.50	4	avakraya|āpaṇika|śaulkaśālika|śulkaśālā
P.4.4.51	3	maudakika|paṇya|āpūpika
P.4.4.52	1	lāvaṇika
P.4.4.53	12	gugguluka|haridrika|haridruka|kisara|nalada|naladika|narada|naradika|parṇa|parṇika|tagarika|uśīrika
P.4.4.54	3	śalālu|śalāluka|śālāluka
P.4.4.55	3	mārdaṅgika|tarhi|vādana
P.4.4.56	4	jharjhara|jhārjhara|maḍḍu|māḍḍuka
P.4.4.57	2	prāsika|āsika
P.4.4.58	1	pāraśvadhika
P.4.4.59	3	yāṣṭīka|śakti|śāktīka
P.4.4.60	4	daiṣṭika|nāstika|paraloka|āstika
P.4.4.61	1	āpūpika
P.4.4.62	34	audasthāna|aupasthāna|baubhukṣa|bhākṣa|bubhukṣā|caukṣa|caura|chattra|chāttra|cukṣā|curā|kārma|kārṣa|māndra|pauroḍāśa|prāroha|stha|sātya|taitikṣa|tāpasa|udasthāna|vaikṣa|vaiśika|vaiśikha|vaiśvadha|vikṣā|viśikha|viśikā|viśvadhā|vīkṣā|ānṛta|āvaraṇa|śaikṣa|śikṣā
P.4.4.63	5	adhyayana|aikānyika|i|parīkṣā|skhal
P.4.4.64	2	apapāṭha|dvādaśānyika
P.4.4.65	2	taddhita|āpūpika
P.4.4.66	5	niyoga|vyabhicāra|yam|yuj|āgrabhojanika
P.4.4.67	7	audanika|māṃsaudana|māṃsaudanika|māṃsika|saṃghāta|śrā|śrāṇika
P.4.4.68	2	bhākta|bhāktika
P.4.4.69	1	ākārika
P.4.4.70	4	agāra|bhāṇḍāgāra|bhāṇḍāgārika|yuj
P.4.4.71	5	adeśakāla|adhyāyin|cāturdaśika|sidh|śmāśānika
P.4.4.72	6	har|kaṭhina|prāstārika|sāṃsthānika|vaṃśakaṭhina|vāṃśakaṭhinika
P.4.4.73	2	naikaṭika|nikaṭa
P.4.4.74	1	āvasathika
P.4.4.75	1	prāgghitīya
P.4.4.76	4	prāsaṅga|prāsaṅgya|rathya|yugya
P.4.4.77	2	dhaureya|dhurya
P.4.4.78	5	apekṣā|dakṣiṇadhurīṇa|nyāyya|sarvadhurīṇa|uttaradhurīṇa
P.4.4.79	2	ekadhura|ekadhurīṇa
P.4.4.80	2	śakaṭa|śākaṭa
P.4.4.81	2	hālika|sairika
P.4.4.82	1	janya
P.4.4.83	2	padya|vyadh
P.4.4.84	3	dhanya|gaṇya|labdhar
P.4.4.85	1	ānna
P.4.4.86	1	vaśya
P.4.4.87	2	dṛśya|padya
P.4.4.88	5	mūlya|utpāṭana|ābarha|ābarhaṇa|ābarhin
P.4.4.89	2	bandhaka|dhenuṣyā
P.4.4.90	1	gārhapatya
P.4.4.91	13	dharmya|i|mā|mūlya|nāvya|prāpya|sītya|tulya|tārya|vadhya|vayasya|viṣya|ānāmya
P.4.4.92	5	anapeta|arthya|dharmya|nyāyya|pathya
P.4.4.93	2	chandas|chandasya
P.4.4.94	2	aurasa|urasya
P.4.4.95	1	hṛdya
P.4.4.96	5	bandhana|hṛdya|mantra|vaśīkaraṇa|ṛṣi
P.4.4.97	4	jalpa|janya|karṣa|matya
P.4.4.98	2	sādhu|sāmanya
P.4.4.99	17	aidaṃyugīna|idaṃyuga|māhājanīna|pratijana|prātijanīna|pārakulīna|pārasyakulīna|pārayugīna|pāñcajanīna|samayuga|sarvajana|sāmayugīna|sārvajanīna|sāṃyugīna|vaiśvajanīna|viśvajana|āmuṣyakulaka
P.4.4.100	1	bhākta
P.4.4.101	2	pāriṣada|pāriṣadya
P.4.4.102	23	gauṇika|gāṇika|janavāda|janevāda|janovāda|jānavādika|jānevādika|kauṣṭhavitka|kuṣṭhavid|kāthika|saṃgraha|saṃkathā|sāṃgrahika|sāṃkathika|vaikathika|vaitaṇḍika|vaiśvakathika|vikathā|vitaṇḍā|viśvakathā|vārttika|vṛtti|āyurvedika
P.4.4.103	16	aikṣuka|aupavāsika|gauḍika|kaulmāṣika|māṃsaudana|māṃsaudanika|naivāsika|saṃkrāma|saṃvāha|sāktuka|sāṃghātika|sāṃgrāmika|sāṃkrāmika|sāṃvāhika|vaiṇuka|āpūpika
P.4.4.104	5	pātheya|svapati|svāpateya|vāsateya|ātitheya
P.4.4.105	1	sabhya
P.4.4.106	1	sabheya
P.4.4.107	1	satīrthya
P.4.4.108	3	samānodarya|vāsin|śī
P.4.4.109	1	sodarya
P.4.4.110	7	bhakṣa|mauñjavata|medhya|muñjavant|vaikalpika|vidyutya|yathāyatham
P.4.4.111	2	nādya|pāthya
P.4.4.112	2	haimavata|vaiśanta
P.4.4.113	2	srotasya|srotyā
P.4.4.114	3	sagarbhya|sanutya|sayūthya
P.4.4.115	4	bahvṛca|tugriya|tugrya|śākha
P.4.4.116	1	agrya
P.4.4.117	2	agriya|agrīya
P.4.4.118	2	abhriya|samudriya
P.4.4.119	1	barhiṣya
P.4.4.120	1	dūtya
P.4.4.121	3	hanana|rakṣasya|yātavya
P.4.4.122	5	haviṣya|jagatya|praśasya|praśaṃsana|revatya
P.4.4.123	1	asurya
P.4.4.124	1	āsura
P.4.4.125	7	bodhana|dhā|iṣṭakā|tadvant|upadhāna|varcasvant|varcasya
P.4.4.126	2	aśvimant|āśvina
P.4.4.127	2	mūrdhanvant|upadheya
P.4.4.128	5	nabhasya|ojasya|rakṣasya|sahasya|tapasya
P.4.4.129	3	madhavya|madhu|mādhava
P.4.4.130	2	ojasya|ojasīna
P.4.4.131	3	veśas|veśobhagīna|yaśobhagīna
P.4.4.132	1	veśobhagīna
P.4.4.133	3	pūrvin|pūrvya|pūrvīṇa
P.4.4.134	1	apya
P.4.4.135	1	saṃmiti
P.4.4.136	1	sahasriya
P.4.4.138	2	maya|somamaya
P.4.4.139	1	madhavya
P.4.4.140	1	vasavya
P.4.4.142	2	devatāti|sarvatāti
P.4.4.143	3	ariṣṭatāti|śantāti|śivatāti
P.4.4.144	4	ariṣṭatāti|bhāva|śantāti|śivatāti
P.4.4.148	1	māṇipāla
P.4.4.153	1	sthāgala
P.5.1.1	3	jaḍiman|naipuṇya|prāñc
P.5.1.2	26	asurya|aṣṭakya|barhiṣya|bījya|darya|dīptya|dīsa|gavya|haviṣya|khada|khadya|kharya|kūpya|kṣarya|medhya|nabhya|sidh|skhadā|srucya|vedya|viṣya|yugya|śaṅkavya|śunya|śūnya|ūdhanya
P.5.1.3	4	dakṣiṇa|kambalya|kambalīya|pala
P.5.1.4	28	apūpya|apūpīya|avoṣa|aśvya|aśvīya|dīpya|dīpīya|irgala|karṇaveṣṭaka|karṇaveṣṭakīya|kaṭakya|kaṭakīya|kiṇvīya|musalīya|odanīya|pattrya|pattrīya|pradīpīya|pūpīya|pṛthuka|pṛthukya|pṛthukīya|sthūṇīya|sūpya|sūpīya|taṇḍulīya|yūpīya|āmikṣīya
P.5.1.5	4	goduh|hita|paṭavya|vatsīya
P.5.1.6	7	avayava|dantya|karṇya|lalāṭya|oṣṭhya|tālavya|śarīrāvayava
P.5.1.7	6	brahmaṇya|khalya|māṣya|tilya|vṛṣya|yavya
P.5.1.8	2	ajathyā|avithyā
P.5.1.9	11	bandh|bhogīna|jñāpana|mātṛbhogīṇa|parimāṇa|pitṛbhogīṇa|pratyeka|sarvabhogīṇa|viśvajanīna|viśvajanīya|ātmanīna
P.5.1.10	2	pauruṣeya|sārva
P.5.1.11	4	caraka|cārakīṇa|māṇava|māṇavīna
P.5.1.12	8	aṅgārīya|prakṛti|prākārīya|tadartham|tādarthya|vac|vikṛti|śaṅkavya
P.5.1.13	4	aupadheya|bāleya|chādiṣeya|upadhi
P.5.1.14	2	aupānahya|ārṣabhya
P.5.1.15	1	vārdhra
P.5.1.16	2	prākārīya|upādhi
P.5.1.17	2	parikhā|pārikheya
P.5.1.18	1	prāñc
P.5.1.19	8	bāhya|gaupucchika|gopuccha|parimāṇa|pramāṇa|prāsthika|sāptatika|ārhīya
P.5.1.20	9	drauṇika|māṣika|naiṣkika|pādika|pāṇika|pūrvatra|vāhika|ārhīya|ṣāṣṭika
P.5.1.21	5	cātvāriṃśatka|dviśataka|śataka|śatika|śatya
P.5.1.22	7	bahuka|cātvāriṃśatka|gaṇaka|pañcaka|saṃkhya|sāptatika|ṣaṭka
P.5.1.23	2	tāvatika|tāvatka
P.5.1.24	2	triṃśaka|viṃśaka
P.5.1.25	1	kaṃsika
P.5.1.26	2	śaurpa|śaurpika
P.5.1.27	6	sāhasra|vaiṃśatika|viṃśatika|vāsana|śatamāna|śātamāna
P.5.1.28	5	adhyardha|adhyardhakaṃsa|adhyardhaśūrpa|dviśūrpa|pāñcalohitika
P.5.1.29	13	adhyardhakārṣāpaṇa|adhyardhakārṣāpaṇika|adhyardhapratika|adhyardhasahasra|adhyardhasāhasra|dvikārṣāpaṇa|dvipratika|dvisahasra|dvisāhasra|kalp|kārṣāpaṇa|kārṣāpaṇika|sahasra
P.5.1.30	4	dviniṣka|niṣka|trainiṣkika|triniṣka
P.5.1.31	4	bahuvista|dvivista|trivaistika|trivista
P.5.1.32	3	adhyardhaviṃśatikīna|dviviṃśatikīna|viṃśatika
P.5.1.33	3	adhyardhakhārīka|dvikhārīka|khārīka
P.5.1.34	12	adhyardhamāṣya|adhyardhapaṇya|adhyardhapādya|adhyardhaśatya|dvimāṣya|dvipaṇya|dvipādya|dviśatya|māṣya|paṇya|pādya|śatya
P.5.1.35	3	adhyardhaśāṇa|adhyardhaśāṇya|śāṇya
P.5.1.36	5	dvaiśāṇa|dviśāṇa|traiśāṇa|triśāṇa|śāṇa
P.5.1.38	7	saṃyoga|spandana|sūcaka|utpāta|śatika|śatya|ślaiṣmika
P.5.1.39	10	aumika|aurṇika|dhanya|gavya|gāṅgika|svargya|vāsuka|yaśasya|āśmika|āśvika
P.5.1.40	2	putrya|putrīya
P.5.1.41	3	pārthiva|sarvabhūmi|sārvabhauma
P.5.1.42	4	anyathā|bhū|pārthiva|sārvabhauma
P.5.1.43	3	pārthiva|saṃkhya|vid
P.5.1.44	2	laukika|sārvalaukika
P.5.1.45	4	drauṇika|khārīka|prāsthika|vāpa
P.5.1.46	2	kṣetrabhakti|pātrika
P.5.1.47	13	dhana|dravya|grāhya|lābha|mūlya|nirveśa|ric|upadā|utkoca|vṛddhi|āya|śatya|śulka
P.5.1.48	5	ardhika|dvitīyika|ruh|rūpaka|tṛtīyika
P.5.1.49	3	bhāga|bhāgika|bhāgya
P.5.1.50	26	aikṣubhārika|aikṣuka|bhūta|bālbajabhārika|bālbajika|dravyaka|kauṭajabhārika|kauṭajika|khāṭvābhārika|maulabhārika|maulika|mūlabhāra|sthauṇābhārika|sthūṇābhāra|vaṃśabhāra|vyākhyāna|vāṃśabhārika|vāṃśika|ākṣabhārika|ākṣika|āśmabhārika|āśmika|āśvabhārika|āśvika|ślākṣṇabhārika|ślākṣṇika
P.5.1.51	2	vasna|vasnika
P.5.1.52	8	bhū|drauṇika|har|kauḍavika|kaṭāha|prāsthika|sva|viś
P.5.1.53	5	pātra|pātrika|pātrīṇa|ācitika|āḍhakika
P.5.1.54	4	pātra|ācita|āḍhaka|āḍhakika
P.5.1.55	1	kulija
P.5.1.56	4	bhṛti|pañcaka|vasna|śatya
P.5.1.57	2	dviṣāṣṭika|prāsthika
P.5.1.58	5	adhyayana|aṣṭaka|pañcaka|stoma|sūtra
P.5.1.59	11	aśīti|bhāva|catvāriṃśat|navati|pañcāśat|paṅkti|saptati|triṃśat|viṃśati|śata|ṣaṣṭi
P.5.1.60	3	daśaka|daśat|pañcat
P.5.1.61	1	sāpta
P.5.1.62	2	cātvāriṃśa|traiṃśa
P.5.1.63	3	śatya|śvaitacchattrika|śvetacchattra
P.5.1.64	20	bhaidika|chaidika|dauhika|drauhika|kārṣika|narta|nārtika|praiṣaṇika|prākarṣika|prāyogika|sāṃprayogika|sāṃpraśnika|tairthika|vaiprakarṣika|vaiprayogika|vaipraśnika|vairaṅgika|viprakarṣa|viprayoga|vipraśna
P.5.1.65	3	śairṣacchedika|śīrṣaccheda|śīrṣacchedya
P.5.1.66	14	arghya|bhaṅgya|bhāgya|daṇḍya|guhya|ibhya|kaśya|madhuparkya|medhya|musalya|suvarṇya|udakya|vadhya|yugya
P.5.1.67	2	gartya|yūpya
P.5.1.68	2	pātriya|pātrya
P.5.1.69	4	dakṣiṇya|dakṣiṇīya|kaḍaṃkara|kaḍaṃkarīya
P.5.1.70	1	sthālībila
P.5.1.71	2	yajñiya|ārtvijīna
P.5.1.72	7	cāndrāyaṇa|cāndrāyaṇika|pārāyaṇa|pārāyaṇika|taurāyaṇika|turāyaṇa|vart
P.5.1.73	1	sāṃśayika
P.5.1.74	1	yaujanika
P.5.1.75	1	pathika
P.5.1.76	1	pāntha
P.5.1.77	4	auttarapathika|uttarapatha|vāripathika|śaṅkupatha
P.5.1.79	3	māsika|vart|āhnika
P.5.1.80	3	iṣ|māsika|vetana
P.5.1.81	2	māsya|māsīna
P.5.1.82	1	māsya
P.5.1.83	3	ṣaṇmāsya|ṣāṇmāsika|ṣāṇmāsya
P.5.1.84	2	ṣaṇmāsa|ṣaṇmāsika
P.5.1.85	1	samīna
P.5.1.86	2	samika|varṣīṇa
P.5.1.87	6	ahnika|ahīna|rātrika|rātrīṇa|saṃvatsarīṇa|sāṃvatsarika
P.5.1.88	2	varṣa|vārṣika
P.5.1.90	3	pac|ṣaṣṭika|ṣaṣṭirātra
P.5.1.91	2	idvatsara|idāvatsara
P.5.1.92	4	parivatsarīya|parivatsarīṇa|saṃvatsarīya|saṃvatsarīṇa
P.5.1.93	5	ji|labhya|māsika|parijayya|sukara
P.5.1.94	1	māsika
P.5.1.95	7	aikāhika|dāśaudanika|parigraha|pāñcaudanika|rājasūyika|vājapeyika|āgniṣṭomika
P.5.1.96	6	haimantika|māsika|prāvṛṣeṇya|vāsantika|āgniṣṭomika|śārada
P.5.1.97	16	astaraṇa|aupasaṃkramaṇa|aupavāsa|naitya|naiṣkramaṇa|pailava|pailumūla|prāveśana|prāvāsa|sāṃghāta|sāṃgrāma|tairtha|upasaṃkramaṇa|vaiyuṣṭa|āgnipada|āstaraṇa
P.5.1.98	2	hastya|yāthākathāca
P.5.1.99	4	karṇaveṣṭaka|karṇālaṃkāra|kārṇaveṣṭakika|saṃpādin
P.5.1.100	2	karmaṇya|veṣya
P.5.1.101	30	audanika|aupasargika|aupavāsika|bhū|māṃsaudana|māṃsaudanika|māṃsika|naisargika|naiṣpeṣika|niṣpeṣa|prāvāsika|saṃmodana|saṃparāya|saṃpeṣa|saṃveśana|saṃveṣa|sāktuka|sārgika|sāṃghātika|sāṃgrāmika|sāṃmodanika|sāṃnāhika|sāṃparāyika|sāṃpeṣika|sāṃtāpika|sāṃveśanika|sāṃveṣika|sāṃvāsika|sāṃyogika|vaisargika
P.5.1.102	2	yaugika|yogya
P.5.1.103	1	kārmuka
P.5.1.104	1	sāmayika
P.5.1.105	4	aupavastra|prāśitra|upavastar|ārtava
P.5.1.106	1	ṛtviya
P.5.1.107	1	kālya
P.5.1.108	2	karṣ|kālika
P.5.1.109	2	aindramahika|indramaha
P.5.1.110	5	cauḍa|mantha|vaiśākha|āṣāḍha|śrāddha
P.5.1.111	12	anupravacana|anupravacanīya|dhanya|praveśanīya|prārambhaṇa|saṃveśana|saṃveśanīya|upasthāpana|utthāpanīya|ārambhaṇa|ārambhaṇīya|ārohaṇīya
P.5.1.112	2	nirāsa|samāpanīya
P.5.1.113	2	aikāgārika|asahāya
P.5.1.114	4	anantaram|utpatti|vināśin|ākālika
P.5.1.115	1	tulya
P.5.1.117	2	maṇḍūka|pluti
P.5.1.118	2	nivat|udvat
P.5.1.119	3	a|bhāva|niveśa
P.5.1.120	1	samāveśa
P.5.1.121	9	a|ācaturya|ākatya|ālasya|ālavaṇya|ārasya|āsaṃgatya|āvaṭya|āyudhya
P.5.1.122	50	aurava|bāhava|bāhula|bāla|bāliman|caṇḍiman|cāṇḍa|dairgha|daṇḍiman|dāṇḍa|gaurava|hauḍa|hoḍa|hoḍiman|hrasiman|hrāsva|khaṇḍiman|khāṇḍa|kṣaipra|kṣaudra|kṣepiman|kṣodiman|laghiman|lāghava|mahiman|mandiman|māhata|mānda|mārdava|paṭiman|praiya|pāka|pākiman|pārthava|pāṭava|svādava|svādiman|sādhava|sādhiman|taniman|tānava|vatsiman|vārṣa|vātsya|vṛṣiman|ākiṃcana|ārjava|āśava|āṇava|ṛjiman
P.5.1.123	73	aucitya|aucitī|auṣṇya|badhiriman|barh|bhraśiman|bhārśya|bādhirya|caukrya|cukra|cukriman|draḍhiman|dārḍhya|javana|javaniman|jaḍiman|jāvanya|jāḍya|kraśiman|kārśya|kārṣṭya|kṛṣṭiman|lavaṇiman|lāvaṇya|madhuriman|maukya|maurkhya|mādhurya|mūkiman|mūrkhiman|parivraḍhiman|parivṛḍha|paṇḍitiman|pārivṛḍhya|pāṇḍitya|saṃmanas|saṃmaniman|saṃmati|saṃmatiman|sāṃmanasya|sāṃmatya|tāmriman|tāmrya|uṣṇiman|vailātya|vaimanasya|vaimatya|vaiyātya|vaiśāradya|vakriman|+23
P.5.1.124	77	aikabhāvya|auparādhayya|bahubhāṣin|brāhmaṇya|bāhubhāṣya|bāliśa|bāliśya|caturveda|caturvidya|caurya|cora|cāpalya|cāturvaidya|cāturvidya|dauṣpuruṣya|dhaurtya|dhūrta|duṣpuruṣa|dvaibhāvya|dvibhāva|dāyādya|gaḍula|guṇavacana|gāḍulya|kautūhalya|kauśalya|kāpuruṣya|kṣaitrajñya|madhyamastha|mādhyamasthya|māṇava|māṇavya|naipuṇya|naipātya|naiśnya|niśna|paiśunya|pāramasthya|rājya|samastha|saṃbhāṣin|saṃveśin|saṃvādin|sāmasthya|sārvavedya|sāṃbhāṣya|sāṃveśya|sāṃvādya|traibhāvya|tribhāva|+27
P.5.1.125	3	stainya|steya|vārmikya
P.5.1.126	5	dūtya|mādhava|sakhya|vaṇijya|vāṇijya
P.5.1.127	2	jñāteya|kāpeya
P.5.1.128	55	bālya|carmika|cauḍikya|chattrika|chāttrikya|cārmikya|cūḍika|daṇḍika|dharmika|dhārmikya|dāṇḍikya|grāmikya|karmika|khaṇḍika|khāṇḍikya|kārmikya|maulikya|māndya|mūlika|nāgarya|nāstikya|paiṇḍikya|parṣika|patya|paurohitya|pautrikya|piṇḍika|pratika|prātikya|putrika|pārṣikya|pāthikya|rājya|saināpatya|saucakya|saucikya|sauhitya|sautikya|saṃrakṣa|sārathya|sāṃrakṣya|sūcika|sūtika|tailakya|varmika|ājānikya|ārṣikya|āstikya|āvikya|āñjalikya|+5
P.5.1.129	25	audgātra|aunnetra|dauṣṭhava|duṣṭu|hautra|hārtra|kaiśora|kaumāra|pattigaṇaka|pautra|potar|pratihartar|praśāstar|prātihartra|prāśāstra|prāṇabhṛt|pāttigaṇaka|rathagaṇaka|rāthagaṇaka|saubhaga|sauṣṭhava|suṣṭhu|vādhava|ādhvaryava|āśva
P.5.1.130	40	bhrātra|cāpala|daurbhrātra|daurhārda|daurhṛdaya|dauḥstra|durbhrātar|durhṛdaya|duḥstrī|dvaihāyana|hautra|hārda|kaustra|kautuka|kautūhala|kauśala|kustrī|kutuka|kāmaṇḍalava|kāṭuka|kṣaitrajña|naipuṇa|paiśuna|parivrājaka|pauruṣa|pārivrājaka|saubhrātra|sauhārda|sauhṛdaya|saustra|sthāvira|subhrātar|sābrahmacāra|traihāyaṇa|vārṣala|yajamāna|yauvana|ānṛśaṃsa|śramaṇa|śrāmaṇa
P.5.1.131	3	kāvya|lāghava|śauca
P.5.1.132	4	rāmaṇīyaka|sāhāyaka|sāhāyya|upottama
P.5.1.133	37	avaśyaputra|bāhulaka|caurikā|chāndasa|chāndasaka|chāttraka|dhaurtaka|dhūrta|gaupālapaśupālikā|grāmakulāla|grāmakumāra|grāmaputra|grāmaṣaṇḍa|kaulaputraka|kauputraka|kulaputra|kuputra|kālyāṇaka|maidhāvaka|manojña|mānojñaka|praiyarūpaka|priyarūpa|saukumāraka|sārapattra|vaiśvadevaka|viśvadeva|yauvanaka|ābhirūpaka|āmuṣyakulaka|āmuṣyaputraka|āvaśyaputraka|āḍhyaka|śaiṣyopādhyāyikā|śataputra|śrautriyaka|śātaputraka
P.5.1.134	9	adhikṣepa|atyākāra|gārgikā|i|kar|maitreyaka|vikatthana|ślāgh|ślāghā
P.5.1.135	5	acchāvākīya|brāhmaṇācchaṃsīya|hotrā|maitrāvaruṇīya|mitrāvaruṇīya
P.5.1.136	3	brahman|brahmatva|brahmatā
P.5.2.1	4	bhavana|kaudravīṇa|kaulatthīna|maudgīna
P.5.2.2	2	vraiheya|śāleya
P.5.2.3	4	yavaka|yavakya|yavya|ṣaṣṭikya
P.5.2.4	12	aumīna|aṇavya|bhaṅga|bhaṅgya|bhāṅgīna|māṣya|māṣīṇa|tailīna|tilya|umya|umā|āṇavīna
P.5.2.5	3	kar|sarvacarmīṇa|sārvacarmīṇa
P.5.2.6	5	darśana|saṃmukha|saṃmukhīna|yathāmukham|yathāmukhīna
P.5.2.7	7	sarvakarmīṇa|sarvapathīna|sarvapattrīṇa|sarvapātrīṇa|sarvāṅgīṇa|tu|āp
P.5.2.8	4	maryādīkar|āp|āprapadam|āprapadīna
P.5.2.9	7	anupadam|anupadīnā|ayānaya|ayānayīna|netavya|neya|sarvānnīna
P.5.2.10	4	bhū|parovarīṇa|putrapautra|putrapautrīṇa
P.5.2.11	6	anukāma|anukāmīna|atyantīna|avārapāra|avārapārīṇa|avārīṇa
P.5.2.12	5	jan|prativarṣam|samā|samāṃsamīnā|su
P.5.2.13	2	adyaśvīna|stabh
P.5.2.14	2	paryanta|āgavīna
P.5.2.15	4	alaṃgāmin|anugavīna|anugu|paścāt
P.5.2.16	2	adhvanya|adhvanīna
P.5.2.17	2	abhyamitra|abhyamitrīṇa
P.5.2.18	1	gauṣṭhīna
P.5.2.19	3	ekāha|gama|āśvīna
P.5.2.20	4	adhṛṣṭa|akārya|kaupīna|śālīna
P.5.2.21	5	aniyata|nānājātīya|utsedha|vrāta|vrātīna
P.5.2.22	1	sāptapadīna
P.5.2.23	1	haiyaṃgavīna
P.5.2.24	23	aśvatthakuṇa|badarakuṇa|bhrūjāha|dantajāha|gulphajāha|jāha|karkandhukuṇa|karīrakuṇa|karṇajāha|karṇamūla|keśajāha|khadirakuṇa|kuvalakuṇa|kuṇa|mukhajāha|nakhajāha|oṣṭhajāha|pādajāha|pīlu|pīlukuṇa|pṛṣṭhajāha|śamīkuṇa|śṛṅgajāha
P.5.2.25	1	pakṣati
P.5.2.26	6	cañcurī|caṇa|cuñcu|sidh|vidyācaṇa|vitta
P.5.2.27	2	nānā|vinā
P.5.2.28	2	viśaṅkaṭa|viśāla
P.5.2.29	6	asyavāmīya|kaṭa|prakaṭa|saṃkaṭa|utkaṭa|vikaṭa
P.5.2.30	4	avakaṭa|avakuṭāra|kaṭa|pūraṇa
P.5.2.31	4	avabhraṭa|avanāṭa|avaṭīṭa|upariṣṭāt
P.5.2.32	2	nivirīsa|niviḍā
P.5.2.33	2	cikina|cipiṭa
P.5.2.34	4	adhityakā|ruh|sad|upatya
P.5.2.35	3	ghaṭ|ghaṭa|karmaṭha
P.5.2.36	95	bakulita|bubhukṣita|bubhukṣā|candrakita|dhenuṣyita|dohita|drohita|drā|duḥkhita|dīkṣita|garbhita|gardhita|garita|garjita|garvita|gauravita|harṣ|hastaka|hastakita|jan|jvarita|kajjalita|kalaṅkita|kallolita|kandalita|kardamita|karṇakita|kañcukita|kaṇṭakita|khaṇḍay|kisalayita|koraka|korakita|kusumita|kutūhalita|kuvalayita|kuḍmalita|kuṭmalita|kṣaṇita|kṣudh|mañjarita|mudray|mukula|mukulita|mukura|mukurita|musalita|mūrch|mūtray|niṣkramaṇita|+45
P.5.2.37	3	daghna|dvayasa|mātra
P.5.2.38	3	dvayasa|hāstina|pauruṣa
P.5.2.39	4	etāvant|parimāṇa|tāvant|yāvant
P.5.2.40	3	iyant|kati|kiyant
P.5.2.41	2	pariccheda|parimāṇa
P.5.2.42	3	daśataya|pañcataya|tritaya
P.5.2.43	3	dvaya|traya|tritaya
P.5.2.44	1	ubhaya
P.5.2.45	5	adhika|man|samānajātīya|viṃśati|śata
P.5.2.46	4	catvāriṃśa|pañcāśa|triṃśa|viṃśa
P.5.2.47	5	dvimaya|guṇa|maya|nimāna|saṃkhya
P.5.2.48	3	dvitaya|dvādaśa|pūraṇa
P.5.2.49	1	pañcama
P.5.2.50	2	kram|pañcatha
P.5.2.51	4	caturtha|katipayatha|katitha|ṣaṣṭha
P.5.2.52	5	bahutitha|gaṇatitha|pūga|pūgatitha|saṃghatitha
P.5.2.53	1	yāvatitha
P.5.2.54	1	dvitīya
P.5.2.55	2	saṃprasāraṇa|tṛtīya
P.5.2.56	2	viṃśa|viṃśatitama
P.5.2.57	5	ardhamāsatama|māsatama|sahasratama|saṃvatsaratama|śatatama
P.5.2.58	3	saptatitama|ṣaṣṭa|ṣaṣṭitama
P.5.2.59	4	acchāvāka|asyavāmīya|sāman|vāravantīya
P.5.2.60	4	adhyāya|anuvāka|gardabhāṇḍa|gardabhāṇḍīya
P.5.2.61	34	aiḍa|aupasada|aurvaśa|barhavant|bārhavata|daivāsura|daśārha|daśārṇa|dāśārha|dāśārṇa|hāvirdhāna|mahitrī|mahīyatva|māhitra|māhīyatva|māruta|parisāraka|pārisāraka|pātatriṇa|pātnīvata|rākṣosura|sadasant|satvant|saumāpauṣṇa|sauvarṇa|sādasata|sātvata|vaimukta|vārtraghna|vāsava|vāsumata|vāyasa|āgnāvaiṣṇava|āsyahātya
P.5.2.62	14	anuvāka|devasyatvaka|devīrāpasaka|devīṃdhiyaka|goṣad|iṣetvāka|kṛśāku|kṛśānuka|kṛṣṇosyākhareṣṭhaka|mātariśvaka|prabhūtaka|pratūrtaka|rakṣohaṇa|yuñjānaka
P.5.2.63	1	pathaka
P.5.2.64	23	cayaka|dīpaka|gadgadaka|hlādaka|hradaka|hrādaka|jayaka|nayaka|nicayaka|picaṇḍa|picaṇḍaka|piśāca|piśācaka|pādaka|tsaruka|tsāruka|vijayaka|ācaya|ācayaka|ākarṣaka|ākaṣa|ākaṣaka|śākunika
P.5.2.65	3	dhanaka|hiraṇyaka|kāma
P.5.2.66	5	dantaka|dantoṣṭhaka|keśaka|oṣṭhaka|sā
P.5.2.67	3	audarika|vijigīṣā|ādyūna
P.5.2.68	4	jan|sasya|sasyaka|smar
P.5.2.69	2	aṃśaka|hārin
P.5.2.70	3	har|tantra|tantraka
P.5.2.71	2	brāhmaṇaka|uṣṇikā
P.5.2.72	3	kārin|uṣṇaka|śītaka
P.5.2.73	2	adhika|khārī
P.5.2.74	4	abhika|abhīka|anuka|kamitar
P.5.2.75	5	anṛju|iṣ|kausṛtika|pārśva|pārśvaka
P.5.2.76	6	ayaḥśūla|daṇḍājina|dāṇḍājinika|sadambha|tīkṣṇa|āyaḥśūlika
P.5.2.77	6	dvika|dvitīyaka|pūraṇa|trika|tṛtīyaka|ṣaṭka
P.5.2.78	2	devadattaka|grāmaṇī
P.5.2.79	2	karabha|śṛṅkhalaka
P.5.2.80	3	sādhanakriyā|unmanas|utka
P.5.2.81	7	caturthaka|dvitīyaka|kārya|prayojana|tṛtīyaka|uṣṇaka|viṣapuṣpaka
P.5.2.82	1	guḍāpūpikā
P.5.2.83	2	kaulmāṣī|kulmāṣa
P.5.2.84	2	chāndasa|śrotriya
P.5.2.85	2	śrāddhika|śrāddhin
P.5.2.86	1	pūrvin
P.5.2.87	3	bhuktapūrvin|kṛtapūrvin|pūrvin
P.5.2.88	28	abhikrāntin|dṛṣṭin|gaṇitin|gṛhītin|iṣṭin|kal|nigadita|nikathita|nipaṭhita|nirākṛtin|niṣādita|parigaditin|parikalitin|parirakṣitin|parivāditin|pūrtin|saṃkalita|saṃkalitin|saṃrakṣita|upakṛtin|upākṛtin|upāsādita|vyākulay|vyākulitin|āmnātin|āsevitin|āyukta|śrutin
P.5.2.89	3	paripanthin|pariparin|paryavasthātar
P.5.2.90	3	anupadam|anupadin|anveṣṭar
P.5.2.91	3	draṣṭar|sākṣin|sākṣāt
P.5.2.92	8	cikitsya|kṣetriya|paradārika|parakṣetra|pramāṇa|pratyākhyeya|pāradārika|sādhya
P.5.2.93	2	indriya|vyutpatti
P.5.2.95	11	bhāvavant|gandhavant|rasavant|rasika|rūpavant|rūpin|snehavant|sparśavant|sparśika|varṇavant|śabdavant
P.5.2.96	3	cūḍāla|cūḍāvant|śikhāvant
P.5.2.97	65	balūla|bījala|caṭu|caṭula|dantūla|dhamanīla|dhārāla|gaḍula|gaṇḍu|gaṇḍula|ghaṭa|ghaṭāla|granthila|hanula|jaṭāla|kapila|karṇala|kaṭa|kaṭāla|kuśala|kuṇḍala|kālala|kṛṣṇala|kṣudrala|lalāṭūla|mañju|mañjula|maṇila|maṇḍala|māsala|māṃsala|mṛdula|niṣpad|niṣpāvala|nābhila|pakṣmala|parśūla|parṇala|pattrala|peśa|peśala|pittala|piṅgala|prajñāla|puṣka|puṣkala|pārśvala|pārṣṇīla|pāṃsula|pṛthula|+15
P.5.2.98	2	aṃsala|vatsala
P.5.2.99	3	phenala|phenavant|phenila
P.5.2.100	47	ajakāva|babhruśa|dadru|dadruṇa|dhruvaka|dhruvakila|dhuvaka|dhuvakila|ghaṭa|ghaṭila|giriśa|hariśa|hemana|jaṭila|kadruṇa|kapiśa|karkaśa|kālila|kṛmiṇa|lakṣmaṇa|lomaśa|muniśa|palāla|parṇila|paṅkila|piccha|picchila|prajñila|pālālina|pāman|pāmana|pāmavant|romaśa|sāmana|taruśa|urasila|valina|varṇila|veman|vemana|vāman|vāmana|śleṣmaṇa|śākina|śākī|ūṣmavant|ūṣmaṇa
P.5.2.101	4	arcā|prājña|ārca|śrāddha
P.5.2.102	2	sahasrin|tapasvin
P.5.2.103	2	sāhasra|tāpasa
P.5.2.104	2	saikata|śārkara
P.5.2.105	8	lup|sikatila|sikatā|sikatāvant|śarkara|śarkarila|śarkarāvant|śārkara
P.5.2.106	3	dantavant|dantura|nam
P.5.2.107	9	khara|madhura|muṣka|muṣkara|pāṃsura|pāṇḍura|suṣi|suṣira|ūṣara
P.5.2.108	2	druma|dyuma
P.5.2.109	8	arṇava|iṣṭakāva|keśava|keśavant|keśika|keśin|kumārava|rājīva
P.5.2.110	6	ajaga|ajagava|gāṇḍiva|gāṇḍī|gāṇḍīva|kāṇḍīra
P.5.2.111	3	kāṇḍavant|āṇḍavant|āṇḍīra
P.5.2.112	7	kṛṣīvala|pariṣadvala|parṣad|parṣadvala|rajasvala|āsutīvala|śatruvala
P.5.2.113	2	dantāvala|śikhāvala
P.5.2.114	10	gomin|jyotsnā|malina|malīmasa|pat|tamisra|śṛṅgiṇa|ūrjas|ūrjasvala|ūrjasvin
P.5.2.115	6	daṇḍavant|daṇḍika|daṇḍin|kāryika|kāryin|taṇḍulika
P.5.2.116	32	aṣṭakika|balāka|balākin|carmika|carmin|daṃṣṭrika|daṃṣṭrin|karmika|karmin|kekika|kekin|kumārika|kumārin|mekhalika|mālin|māyika|māyin|nāvika|nāvin|patāka|patākika|patākin|saṃjñin|varmika|vaḍavin|vrīhika|vrīhin|vīṇin|yavakhada|śikhin|śālika|śālin
P.5.2.117	14	dāśārha|picaṇḍika|tunda|tundavant|tundika|tundila|tundin|udaravant|udarika|udarila|udarin|vivṛddhi|vrīhila|yavika
P.5.2.118	6	aikasahasrika|aikaśatika|eka|gausahasrika|gauśakaṭika|gauśatika
P.5.2.119	3	naiṣkasahasrika|naiṣkaśatika|niṣka
P.5.2.120	2	han|rūpya
P.5.2.121	8	medhāvant|medhāvin|māyāvant|māyāvin|sragvant|sragvin|yaśasvant|yaśasvin
P.5.2.122	5	bahula|balūla|tejasvin|varcasvant|vātūla
P.5.2.123	1	ūrṇāyu
P.5.2.124	1	vāgmin
P.5.2.125	3	bahubhāṣin|vācāla|vācāṭa
P.5.2.126	2	svāmin|tarhi
P.5.2.127	10	arśasa|catura|ghaṭa|ghāṭa|jaṭa|kardama|lavaṇa|palita|tunda|urasa
P.5.2.128	7	kakudāvartin|kaṭaka|kilāsin|kuṣṭhin|kākatālukin|upatāpa|valayin
P.5.2.129	4	atīsāra|atīsārakin|vātakin|vātavant
P.5.2.130	3	pañcamavant|pañcamin|sāmarāga
P.5.2.131	19	alīkin|aśrin|dalin|duḥkhin|halin|kakṣin|karuṇin|kṛcchrin|kṛpaṇin|mālin|pratīpin|praṇayin|soḍhin|sukhin|tṛptin|āsra|āsrin|āśra|śīlin
P.5.2.132	3	dharmin|varṇin|śīlin
P.5.2.133	2	hastavant|hastin
P.5.2.134	2	varṇavant|varṇin
P.5.2.135	40	aravindinī|bisinī|hiraṇyin|kairava|kairavin|kallolinī|kamalinī|kapitthinī|kardaminī|karīṣin|kumudinī|mṛṇālin|naḍinī|nālīka|nālīkinī|padmin|payasvin|paṅkaja|paṅkajinī|pravāhin|puṣkarin|puṭaka|puṭakinī|rājīva|rājīvinī|saroja|sarojin|saroruha|saroruhiṇī|tamālinī|taraṃgin|taṭinī|utpalin|vigarha|vigarhin|yavāsa|yavāsinī|śirīṣin|śālūka|śālūkinī
P.5.2.136	33	balavant|balin|cūḍin|cūḍāvant|kulavant|kulin|kūlavant|kūlin|pariṇāhavant|pariṇāhin|sula|sulavant|sulin|udbhāsa|udbhāsavant|udbhāsin|uddāsa|udvāsa|udvāsavant|udvāsin|upayāmavant|utsāhavant|utsāhin|vyāyāmavant|vyāyāmin|yuddhavant|yuddhin|ārohavant|ārohin|āyāmavant|āyāmin|śikhin|śikhāvant
P.5.2.137	4	dāminī|homin|prathiminī|somin
P.5.2.138	13	kamba|kambha|kam̐yya|kanta|kantu|śamba|śambha|śanta|śanti|śantu|śaṃya|śaṃyu|śaṅkhanūpuriṇī
P.5.2.139	8	mādhava|tundi|tundibha|tuṇḍi|tuṇḍibha|valibha|vaṭi|vaṭibha
P.5.2.140	3	ahaṃyu|śubhaṃyu|śubhānvita
P.5.2.216	1	varmin
P.5.3.1	3	prāgdiśīya|svārthika|vibhakti
P.5.3.2	1	prāgdiśīya
P.5.3.4	3	dakṣiṇāt|etarhi|itthā
P.5.3.5	4	atas|atra|praśliṣṭa|saṃpradhārya
P.5.3.6	2	sadā|sarvadā
P.5.3.7	5	bahutas|kutas|pañcama|tatas|yatas
P.5.3.8	4	bahutas|kutas|tatas|yatas
P.5.3.9	2	abhitas|paritas
P.5.3.10	5	bahutra|kutra|sarvatra|tatra|yatra
P.5.3.11	3	iha|imathā|viśvathā
P.5.3.12	1	kva
P.5.3.13	1	kuha
P.5.3.14	4	devānāṃpriya|itara|tatobhavant|tatrabhavant
P.5.3.15	7	anyadā|ekadā|kadā|sadā|sarvadā|tadā|yadā
P.5.3.16	1	etarhi
P.5.3.17	1	adhunā
P.5.3.18	1	idānīm
P.5.3.19	2	tadā|tadānīm
P.5.3.20	3	idā|idāvatsara|tarhi
P.5.3.21	6	adyatana|kadā|karhi|tadā|tarhi|yarhi
P.5.3.22	14	adharedyus|adya|aiṣamas|anyataredyus|anyedyus|aparedyus|itaredyus|paredyavi|parut|parāri|pūrvedyus|sadyas|ubhayedyus|uttaredyus
P.5.3.23	2	bahuthā|sarvathā
P.5.3.24	1	ittham
P.5.3.25	1	katham
P.5.3.26	2	kathā|tathā
P.5.3.27	2	adhastāt|aindra
P.5.3.28	3	dakṣiṇatas|uttaratas|vṛtti
P.5.3.29	4	avarastāt|avaratas|parastāt|paratas
P.5.3.30	2	pratyañc|prāñc
P.5.3.31	1	upari
P.5.3.32	1	paścāt
P.5.3.33	3	paśca|paścā|purā
P.5.3.34	2	adharāt|uttarāt
P.5.3.35	8	adharatas|adhareṇa|apareṇa|avadhi|avadhimant|dakṣiṇena|pūrveṇa|uttareṇa
P.5.3.36	2	bharita|dakṣiṇā
P.5.3.37	1	dakṣiṇāhi
P.5.3.38	2	uttarā|uttarāhi
P.5.3.39	3	adhas|avas|puras
P.5.3.40	3	adhastāt|avastāt|purastāt
P.5.3.41	1	avarastāt
P.5.3.42	5	aṣṭadhā|dvidhā|ekadhā|pañcadhā|saptadhā
P.5.3.43	7	adhikaraṇa|aṣṭadhā|ekadhā|pañcadhā|saptadhā|vicāla|āpādana
P.5.3.44	1	aikadhya
P.5.3.45	2	dvaidha|traidha
P.5.3.46	2	dvedhā|tredhā
P.5.3.47	2	pāśa|yāpya
P.5.3.48	2	pūraṇa|tṛtīya
P.5.3.49	5	caturtha|daśama|dvitīya|pañcama|prāñc
P.5.3.50	2	āṣṭama|ṣāṣṭha
P.5.3.51	4	aṣṭama|āṣṭama|ṣaṣṭha|ṣaṣṭhaka
P.5.3.52	3	aṣṭama|ekaka|ekākin
P.5.3.53	4	bhūtapūrva|cara|pūrva|tāvatitha
P.5.3.54	3	cara|parigaṇita|rūpya
P.5.3.55	6	atiśaya|atiśāyana|kālatara|kālitarā|sādhana|śī
P.5.3.56	1	viś
P.5.3.57	2	vibhajanīya|vibhajya
P.5.3.58	2	guṇavacana|kāra
P.5.3.59	3	dohīyaṃs|kariṣṭha|āsuti
P.5.3.60	3	praśasya|śreyaṃs|śreṣṭha
P.5.3.61	2	jyeṣṭha|jyāyaṃs
P.5.3.62	3	jyeṣṭha|jyāyaṃs|vṛddha
P.5.3.63	6	antika|bāḍha|nediṣṭha|nedīyaṃs|sādhiṣṭha|sādhīyaṃs
P.5.3.64	5	kalpa|kaniṣṭha|kanīyaṃs|yaviṣṭha|yavīyaṃs
P.5.3.65	4	srajiṣṭha|tvaciṣṭha|tvacīyaṃs|tvagvant
P.5.3.66	1	rūpa
P.5.3.67	4	deśya|deśīya|kalpa|samāpti
P.5.3.68	1	bahu
P.5.3.69	7	bhedaka|jātīya|mātra|paṭujātīya|prakāra|prakāravant|sāmānya
P.5.3.70	1	prāgivīya
P.5.3.71	3	nīcakais|sarvanāman|uccakais
P.5.3.72	3	dhakit|hirakut|pṛthakat
P.5.3.75	2	pūrṇaka|śūdraka
P.5.3.76	1	putraka
P.5.3.77	5	dhā|dhānakā|hanta|nīti|tāvatitha
P.5.3.78	5	datta|daṇḍaka|devika|yajñadattaka|yajñika
P.5.3.79	1	deviya
P.5.3.80	5	prāñc|upaka|upaḍa|upendradatta|upika
P.5.3.81	3	siṃha|siṃhaka|siṃhiya
P.5.3.82	6	ajina|kṛṣṇaka|kṛṣṇājina|siṃhājina|vyāghraka|vyāghrājina
P.5.3.83	4	savitṛdatta|savitṛla|ūrdhva|ūrdhvabhāga
P.5.3.84	15	aryamadatta|aryaman|aryamika|supari|suparidatta|suparika|supariya|varuṇadatta|varuṇika|viśāladatta|viśālika|śevala|śevaladatta|śevalika|śevaliya
P.5.3.87	3	daṇḍaka|vaṃśaka|veṇuka
P.5.3.88	4	kuṭīra|śamīra|śuṇḍa|śuṇḍāra
P.5.3.89	2	kutupa|kutū
P.5.3.90	4	goṇī|goṇītarī|kāsū|kāsūtarī
P.5.3.91	4	aśvatara|ukṣatara|vatsatara|ṛṣabhatara
P.5.3.92	6	dhar|katara|nirdhāraṇa|pṛthakkaraṇa|tatara|yatara
P.5.3.93	4	katama|paripraśna|tatama|yatama
P.5.3.94	3	ekatama|ekatara|prāñc
P.5.3.95	2	avakṣepaṇa|dā
P.5.3.96	2	gardabhaka|pratikṛti
P.5.3.97	2	araṇyetilaka|aśvaka
P.5.3.98	4	dāsa|kharakuṭī|lup|prapañca
P.5.3.99	7	devalaka|devapratikṛti|grabh|paṇya|saṃpratipūjā|skanda|śivaka
P.5.3.100	18	daṇḍa|devapatha|hasta|haṃsapatha|indra|karipatha|matsya|puṣpa|rathapatha|rājapatha|siddhagati|sindhupatha|sthalapatha|uṣṭragrīva|vāripatha|vāyarajju|śatapatha|śaṅkupatha
P.5.3.101	1	vāsteya
P.5.3.102	2	śaileya|śileya
P.5.3.103	11	caraṇya|jaghanya|medhya|mukhya|skandhya|skandya|urasya|śaraṇya|śirasya|śākhya|śṛṅgya
P.5.3.104	2	bhavya|dravya
P.5.3.105	1	kuśāgrīya
P.5.3.106	4	ajākṛpaṇīya|kākatālīya|samāsa|upanipāta
P.5.3.107	18	gaulomana|gaupuccha|gopuccha|kapiṣṭhikā|kapālikā|kapāṭikā|kāniṣṭhika|kāpiṣṭhika|kāpālika|kāpāṭika|lauma|narācī|nākula|nārāca|pauṇḍarīka|saikata|śatapattra|śātapattra
P.5.3.108	23	audaśvitka|auraska|babhru|bharuja|bharūjā|bhārujika|bhārūjika|bābhruka|gauṇika|hārika|kauliśika|khālika|kāpika|maunika|maṇḍara|māṇḍalika|māṇḍarika|rauhika|vaidabhṛtya|vālguka|āṅgulika|śaṣkulī|śāṣkulika
P.5.3.109	3	aikaśālika|ekaśālika|ekaśālā
P.5.3.110	4	karka|kārkīka|lauhitīka|sphaṭika
P.5.3.111	2	pratnathā|pūrvathā
P.5.3.112	5	devadattaka|lauhitadhvajya|lohitadhvaja|śaibya|śivi
P.5.3.113	9	brādhnāyanya|kapotapāka|kauñjāyana|kāpotapākya|vraihimatya|vrāta|vrīhimata|śaubhāyanya|śauṇḍāyanya
P.5.3.114	10	bhalla|bāhīka|gopālava|kṣaudrakya|kṣudraka|malla|mālava|mālavya|śabara|śālaṅkāyana
P.5.3.115	3	vārkeṇya|vārkeṇī|vṛka
P.5.3.116	34	audaki|audaṅki|aulapi|auḍavi|baijavāpīya|baindavi|baindavīya|bindavīya|bindu|brahmagupta|brahmaguptīya|brāhmagupta|brāhmaguptīya|dāmani|dāṇḍaki|jālaki|jālamāni|jānaki|jānakīya|kauṇḍoparatha|krauṣṭuki|kākadantaki|kākandi|mauñjāyana|mauñjāyanīya|sārvaseni|sārvasenīya|sāvitrīputra|trigarta|tulabha|ācyutadanti|ākidanti|śākuntaki|śātruṃtapi
P.5.3.117	32	asura|auśīnara|aśani|bharata|bhārata|bālhīka|daśārha|dhaurteya|dhārteya|ghārteya|jyāvāṇeya|kārṣāpaṇa|marut|māruta|paiśāca|parśu|piśāca|pārśava|rakṣas|rākṣasa|sātvata|traigarta|trigarta|uśīnara|vasu|vāsava|vāyasa|yaudheya|āsura|āśana|śaubhreya|śaukreya
P.5.3.118	16	aurṇāvata|vidabhṛt|ābhijita|ābhijitya|śaikhāvata|śamīvant|śikhāvant|śraumata|śraumatya|śrumant|śālāvant|śālāvata|śālāvatya|śāmīvata|śāmīvatya|ūrṇāvant
P.5.3.119	1	tadrāja
P.5.4.1	6	dvipadikā|dviśatikā|samutkarṣa|vīpsā|śataka|ūrdhvajñu
P.5.4.2	5	dvipadikā|dviśatikā|sarj|vyavasarga|śataka
P.5.4.3	17	gomūtraka|ikṣuka|jīrṇaka|kumārīputra|kumārīśvaśura|kālaka|kṛṣṇaka|maṇika|māṣaka|mūlaka|pattraka|pattramūlaka|pādyaka|sthūlaka|suraka|tilaka|yavaka
P.5.4.4	3	atyantagati|aśeṣa|iṣuka
P.5.4.5	3	ardha|svārthika|sāmi
P.5.4.6	1	bṛhatikā
P.5.4.7	7	adhīna|alaṃkarmīṇa|alaṃpuruṣīṇa|aṣaḍakṣīṇa|nitya|uttarapada|āśitaṃgavīna
P.5.4.8	3	avācīna|pratīcīna|prācīna
P.5.4.9	2	bandhu|jātīya
P.5.4.10	4	sasthāna|saṃsthāna|sthāna|sthānīya
P.5.4.11	6	dravya|kiṃtamām|prakarṣa|pūrvāhṇa|uccaistamām|uccaistara
P.5.4.12	1	kiṃtamām
P.5.4.13	3	anugādin|tris|ānugādika
P.5.4.14	2	vyāvahāsī|vyāvakrośī
P.5.4.15	4	sāṃkūṭina|sāṃmārjina|sāṃrāviṇa|vṛṣadant
P.5.4.16	2	vaisāriṇa|visārin
P.5.4.17	8	abhyāvṛtti|bhū|gaṇana|kṛtvas|paunaḥpunya|saṃkhya|saṃkhyāna|vāra
P.5.4.18	2	catus|dvis
P.5.4.19	2	nasa|sakṛt
P.5.4.20	6	bahu|bahudhā|karṣ|kālika|kṛtvas|sad
P.5.4.21	8	ah|annamaya|apūpamaya|kar|maya|prācurya|yavāgūmaya|śakta
P.5.4.22	2	maudakika|modakamaya
P.5.4.23	7	aitihya|bhaiṣajya|iti|pāraṃparya|samudāya|ānantya|āvasathya
P.5.4.24	1	devatya
P.5.4.25	2	arghya|pādya
P.5.4.26	1	ātithya
P.5.4.27	1	devatā
P.5.4.28	1	avika
P.5.4.29	21	asthika|dānaka|jñātaka|jānuka|kumārīkrīḍanaka|lāndra|lūnaka|maṇika|putraka|pītaka|samāpti|snātaka|tanuka|tāluka|uṣṇaka|vipātaka|vāyaska|yāva|yāvaka|śītaka|śūnyaka
P.5.4.30	23	ayasya|janya|kavya|kṣemya|lohitaka|marta|martya|navya|niṣkevala|niṣkevalya|oka|okya|pūrvya|samāvant|sā|sūra|sūrya|ukthya|varcasya|vasavya|yaviṣṭhya|āmuṣyaputraka|āmuṣyāyaṇa
P.5.4.31	2	anitya|lohitaka
P.5.4.32	1	lohitaka
P.5.4.33	2	kāla|kālaka
P.5.4.34	20	aupacārika|aupayika|kāthaṃcitka|samayācāra|samutkarṣa|sāmayika|sāmayācārika|sāmutkarṣika|sāmācārika|sāmāyika|sāmūhika|sāṃgatika|sāṃpradānika|sāṃpratika|vainayika|vaiśeṣika|vinaya|vyāvahārika|ākasmika|ātyayika
P.5.4.35	2	har|vācika
P.5.4.36	3	kārmaṇa|naiṣāda|niṣāda
P.5.4.37	1	auṣadha
P.5.4.38	34	ainasa|anuloma|auśija|auṣṇija|bāndhava|caikīrṣata|caura|daivata|daśārha|dāśārha|karṣāpaṇa|krauñca|kārṣāpaṇa|mānasa|māruta|paiśāca|prajña|prājña|prātyakṣa|rākṣasa|sātvata|uṣṇij|vaidata|vaiduṣa|vaidya|vaiyākṛta|vāyasa|vāṇija|āsura|āśana|śrautra|śātrava|ṣauḍata|ṣoḍant
P.5.4.39	1	mṛttikā
P.5.4.40	3	mṛtsna|mṛtsā|pad
P.5.4.41	1	vṛkati
P.5.4.42	3	bahuśas|bhūriśas|stokaśas
P.5.4.43	1	dviśas
P.5.4.44	3	pañcama|prati|pṛṣṭhatas
P.5.4.45	2	hā|ruh
P.5.4.46	6	atigraha|grabh|kṣepa|kṣip|vyath|vyathana
P.5.4.47	3	hā|pāpa|tātparya
P.5.4.48	2	bhū|vyāśraya
P.5.4.49	5	apanayana|kar|prakopaṇa|pratīkāra|pravāhaka
P.5.4.50	2	bhū|kar
P.5.4.51	6	as|kar|uccakṣus|unmanī|vicetī|virajī
P.5.4.52	2	ekadeśa|kar
P.5.4.53	6	abhividhi|abhivyāpti|anyathābhāva|kārtsnya|pad|vyakti
P.5.4.54	4	adhīna|kar|pad|īśitavya
P.5.4.55	4	as|brāhmaṇatrā|kar|pad
P.5.4.56	6	bahutrā|devatrā|manuṣyatrā|martyatrā|purutrā|puruṣatrā
P.5.4.57	9	anukaraṇa|avarārdha|avyakta|iti|kar|kharaṭakharaṭākar|nyūna|paṭat|śrat
P.5.4.58	8	bījākar|dvitīyākar|kar|karṣ|kṛṣi|pratiloma|tṛtīyākar|śambākar
P.5.4.59	2	guṇa|kar
P.5.4.60	6	atikramaṇa|kālakṣepa|prāpti|samaya|samayākar|yāpana
P.5.4.61	6	ativyathana|jyeṣṭhatāti|kram|niṣpattrākar|sapattrākar|viś
P.5.4.62	6	antaravayava|bahirniḥsāraṇa|niḥsāraṇa|niṣkoṣaṇa|niṣkula|niṣkulākar
P.5.4.63	5	nand|priyākar|sukha|sukhākar|ānulomya
P.5.4.64	2	duḥkhākar|prātilomya
P.5.4.65	2	pac|śūlākar
P.5.4.66	1	satyākar
P.5.4.67	3	madrākar|muṇḍana|parivāpaṇa
P.5.4.68	2	prayojana|samāsānta
P.5.4.69	6	ati|atigo|atirājan|su|sugo|surājan
P.5.4.70	1	kim
P.5.4.71	1	a
P.5.4.72	2	apatha|apathin
P.5.4.73	8	bahuvrīhi|dvitra|nistriṃśa|saṃkhyeya|tridaśa|upabahu|upadaśa|upagaṇa
P.5.4.74	20	adhyetar|akṣa|anṛc|anṛca|anṛcka|ardharca|bahvṛc|dhura|dvīpa|dṛḍhadhur|lalāṭapura|mahādhura|nāndīpura|patha|pur|pura|rājadhura|samīpa|sthalapatha|ṛca
P.5.4.75	9	anuloma|anusāma|avaloma|avasāma|loma|pratiloma|pratisāma|sāma|udagbhūma
P.5.4.76	3	akṣa|gavākṣa|puṣkarākṣa
P.5.4.77	27	acatura|ahardiva|akṣibhruva|dhenu|dvyāyuṣa|dāra|jātokṣa|mahokṣa|manasa|naktaṃdiva|niḥśreyasa|padaṣṭhīva|puruṣāyuṣa|rātriṃdiva|sarajas|sarajasa|strīpuṃsa|sucatura|tryāyuṣa|upaśunam|vicatura|vāṅmanas|vṛddhokṣa|yajuṣa|ūru|ṛc|ṛksāma
P.5.4.78	2	brahmavarcasa|hastivarcasa
P.5.4.79	3	andhatamasa|avatamasa|saṃtamasa
P.5.4.80	2	śvaḥśreyasa|śvovasīyasa
P.5.4.81	3	anurahasa|avarahasa|taptarahasa
P.5.4.82	1	pratyurasam
P.5.4.83	3	anugava|anugu|āyāma
P.5.4.84	3	dvistāvā|tristāvā|tāvant
P.5.4.85	3	adhva|niradhva|prādhva
P.5.4.86	2	aṅgula|niraṅgula
P.5.4.87	8	ahorātra|apararātra|khyā|madhyarātra|puṇyarātra|pūrvarātra|rātra|sarvarātra
P.5.4.88	7	ahna|aparāhṇa|atyahna|khyā|nirahna|pūrvāhṇa|sarvāhṇa
P.5.4.90	6	dā|ekāha|puṇyāha|saṃgraha|sudināha|upāntya
P.5.4.91	4	ahan|ahna|rāja|sakha
P.5.4.92	1	gava
P.5.4.93	1	urasa
P.5.4.94	9	amṛtāśma|aśma|jalasarasa|kālāyasa|lohitāyasa|mahānasa|maṇḍūkasarasa|piṇḍāśma|upānasa
P.5.4.95	3	grāmatakṣa|kauṭa|kauṭatakṣa
P.5.4.96	2	atiśva|śva
P.5.4.97	1	ākarṣaśva
P.5.4.98	5	mṛgasaktha|phalakasaktha|pūrvasaktha|saktha|uttarasaktha
P.5.4.99	3	dvigu|nāva|paṭat
P.5.4.100	2	ardhanāva|nāva
P.5.4.101	5	ardhakhāra|khāra|khāri|khārī|prāñc
P.5.4.102	2	dvyañjala|tryañjala
P.5.4.103	2	devacchandas|hasticarma
P.5.4.104	3	avantibrahma|devabrahman|surāṣṭra
P.5.4.105	2	kubrahma|mahābrahma
P.5.4.106	8	chattra|dhenu|parivrāja|samidh|saṃpadvipada|vāgvipruṣa|vāktvaca|śrīsraja
P.5.4.107	24	catura|diva|diś|dṛśa|himavata|hiruk|jarasa|kiyant|manasa|parokṣa|patha|pratyakṣa|sada|samakṣa|tada|tyada|upavipāśam|upaśaradam|upānah|vida|vipāś|viśa|yada|śarada
P.5.4.108	2	adhyātmam|uparājam
P.5.4.109	1	upacarma
P.5.4.110	6	nada|paurṇamāsa|upanadam|upapaurṇamāsam|upāgrahāyaṇam|āgrahāyaṇa
P.5.4.111	2	upadṛṣad|upasamid
P.5.4.112	4	gira|senaka|upagiram|upagiri
P.5.4.113	6	akṣa|akṣi|bahuvrīhi|gaurasaktha|saktha|sakthan
P.5.4.114	2	aṅgula|dāru
P.5.4.115	2	dvimūrdha|trimūrdha
P.5.4.116	3	kalyāṇa|pramāṇa|pūraṇa
P.5.4.117	2	antarloma|bahirloma
P.5.4.118	8	druṇasa|gonasa|khuraṇas|nasa|sthūlanāsika|vārdhrīṇasa|āp|śitinas
P.5.4.119	4	praṇasa|unnasa|vikhra|vikhu
P.5.4.120	10	ajapada|aśra|caturaśra|eṇīpada|proṣṭha|proṣṭhapada|sudiva|suprāta|suśva|śārikukṣa
P.5.4.121	9	ahala|asaktha|durhala|duḥsaktha|duḥśakta|suhala|susaktha|suśakta|suśakti
P.5.4.122	9	alpamedhas|amedhas|aprajas|durmedhas|duṣprajas|medhas|prajas|sumedhas|suprajas
P.5.4.123	2	bahupraja|bahuprajas
P.5.4.124	2	dharman|āpekṣika
P.5.4.125	6	haritajambhan|jambha|jambhan|somajambhan|sujambhan|tṛṇajambhan
P.5.4.126	2	dakṣiṇerman|lubdha
P.5.4.127	14	dantādanti|daṇḍādaṇḍi|hastāhasti|kacākaci|karṇākarṇi|keśākeśi|kolākoli|kopākopi|koṇākoṇi|musalāmusali|nakhānakhi|rathārathi|spṛṣṭāspṛṣṭi|vyatihāra
P.5.4.128	13	dvidaṇḍi|dvimusali|ekapadi|kuc|nikucyakarṇi|prohyapadi|sapadi|saṃhatapucchi|ubhayādanti|ubhayāhasti|ubhayākarṇi|ubhākarṇi|āḍhyapadi
P.5.4.129	3	prajñu|saṃjñu|vipāta
P.5.4.130	2	ūrdhvajñu|ūrdhvajānu
P.5.4.131	1	ūdhan
P.5.4.132	1	dhanvan
P.5.4.133	4	dṛḍhadhanus|dṛḍhadhanvan|śatadhanus|śatadhanvan
P.5.4.134	2	jāni|yuvajāni
P.5.4.135	5	gandhi|pūtigandhi|sugandhi|surabhigandhi|udgandhi
P.5.4.136	4	gandha|gandhi|leśa|sūpagandhi
P.5.4.137	1	gandhi
P.5.4.138	17	aśvapāda|dāsīpāda|gaṇikāpāda|gaṇḍapāda|gaṇḍolakapāda|hastipāda|jālapād|jālapāda|kapotapāda|kaśika|kaṇḍolakapāda|kaṭolakapāda|kuddāla|kuruta|kusūla|mahelā|pad
P.5.4.139	31	aṣṭāpād|droṇapadī|drupadī|dvipad|ekapad|godhāpadī|guṇapadī|jālapadī|kalaśīpadī|kumbhapāda|kuṇipadī|kṛṣṇapadī|munipadī|niṣpad|pad|sthūṇāpadī|supad|sūcīpadī|sūkarapadī|sūtrapadī|tripad|tṛṇapadī|vipadī|viṣṇupada|ārdra|śakṛtpadī|śatapad|śitipad|śucipadā|śūlapadī|ṣaṭpad
P.5.4.140	4	catuṣpād|dvipad|supad|tripad
P.5.4.141	4	dant|dvidant|sudant|tridant
P.5.4.142	2	nam|ubhayādant
P.5.4.143	3	ayodatī|phāladatī|ubhayatodant
P.5.4.144	3	aroka|śyāvadant|śyāvadanta
P.5.4.145	9	ahidant|dant|kuḍmala|mūṣikādant|varāhadant|vṛṣadanta|śikhāgradant|śubhradant|śuddhadant
P.5.4.146	4	ajātakakud|avastha|kakud|pūrṇakakud
P.5.4.147	4	kakud|kakuda|trikakud|trikakuda
P.5.4.148	3	utkākud|vikākud|ṣaṣṭha
P.5.4.149	1	pūrṇakākud
P.5.4.150	2	durhṛd|suhṛd
P.5.4.151	12	apārtha|apārthaka|dadhika|lakṣmīka|madhuka|nauka|payas|puṃska|sarpiṣka|upānah|uras|śālika
P.5.4.153	1	nada
P.5.4.154	2	uttarapūrva|śeṣādhikārīya
P.5.4.155	3	deva|viśvayaśas|viśvedeva
P.5.4.157	1	bhrātar
P.5.4.158	3	hatamātar|hatapitar|suhotar
P.5.4.159	3	nāḍī|pad|tantra
P.5.4.160	3	niṣpravāṇi|pravāṇi|śalāka
P.6.1.2	2	aś|aṭ
P.6.1.3	7	an|ar|arc|indrīy|ubj|uch|ud
P.6.1.4	3	abhyāsa|pac|para
P.6.1.5	3	abhyasta|darś|nij
P.6.1.6	6	cakās|dhī|jakṣ|vevī|vyac|śās
P.6.1.7	5	abhyāsa|dhar|gam|tu|tuj
P.6.1.8	3	aṭ|nu|ūrṇu
P.6.1.9	3	gup|lū|ūrṇu
P.6.1.10	1	par
P.6.1.11	2	aṭ|pac
P.6.1.12	7	babhru|cakra|ciklida|dāśvaṃs|mīḍhvaṃs|sah|yayu
P.6.1.13	3	pati|putra|saṃprasāraṇa
P.6.1.14	7	bandhu|kārīṣagandha|māta|mātar|mātṛka|prasārya|vibhāṣā
P.6.1.15	6	svap|vac|vah|vap|vas|śūna
P.6.1.16	10	bhrajj|grabh|jyā|prach|udāharaṇa|vaś|vraśc|vyac|vyadh|vā
P.6.1.17	11	abhyāsa|grabh|svap|vac|vah|vap|vaś|vraśc|vyac|vyadh|yaj
P.6.1.18	1	svap
P.6.1.19	3	svap|syam|vyā
P.6.1.20	1	vaś
P.6.1.21	1	ci
P.6.1.22	3	niṣṭha|sphāy|sphīta
P.6.1.23	1	styā
P.6.1.24	8	avastha|drava|dravant|kāṭhinya|mūrti|śyā|śīna|śīta
P.6.1.25	1	śyā
P.6.1.26	4	cakṣ|yatna|āstheya|śyā
P.6.1.27	2	śrā|śṛta
P.6.1.28	2	andhu|pī
P.6.1.29	1	pī
P.6.1.30	1	śvā
P.6.1.31	1	śvā
P.6.1.32	2	hvā|sa
P.6.1.33	2	abhyasta|hvā
P.6.1.34	2	bahula|hvā
P.6.1.35	1	ci
P.6.1.36	9	adhi|arc|arh|cyu|spardh|tyaj|āśir|śri|śrā
P.6.1.37	2	saṃprasāraṇa|videśa
P.6.1.38	1	vā
P.6.1.39	1	i
P.6.1.41	1	vā
P.6.1.42	1	jyā
P.6.1.43	1	vyā
P.6.1.44	1	vyā
P.6.1.45	3	glā|mlā|upadeśa
P.6.1.46	1	vyā
P.6.1.47	2	visphāla|visphāra
P.6.1.48	4	i|ji|krī|pralambhana
P.6.1.49	2	pāralaukika|sidh
P.6.1.50	2	dī|mi
P.6.1.51	3	lī|viletar|vilātar
P.6.1.52	1	khid
P.6.1.53	2	apagāram|gur
P.6.1.54	3	ci|sphar|sphur
P.6.1.55	4	garbhagrahaṇa|prajana|purovāta|vī
P.6.1.56	4	bhī|kuñcikā|muṇḍa|prayojaka
P.6.1.57	2	smaya|smi
P.6.1.58	4	darś|prasajya|sarj|sraṣṭavya
P.6.1.59	6	anudātta|darp|karṣ|sarp|tarp|upadeśa
P.6.1.60	3	daurbhāgya|niṣṭha|śīrṣan
P.6.1.61	2	śirasy|śīrṣaṇya
P.6.1.62	5	hāstiśīrṣi|sthaulaśīrṣa|sthūlaśiras|śīrṣa|śīrṣi
P.6.1.63	17	asan|dant|dos|doṣan|har|hṛd|mās|nas|niś|pad|prāmādika|udan|yakṛt|yūṣan|āsan|śakṛt|śala
P.6.1.64	1	upadeśa
P.6.1.65	2	nāmadhātu|upadeśa
P.6.1.66	2	div|jīradānu
P.6.1.67	4	apṛkta|ardhabhāj|bhrūṇahan|ghṛtaspṛś
P.6.1.68	3	apṛkta|bhar|bhid
P.6.1.69	2	katara|saṃbuddhi
P.6.1.71	2	bahiraṅga|kṛt
P.6.1.72	1	saṃhita
P.6.1.73	1	āgamin
P.6.1.74	2	mā|ā
P.6.1.76	2	padānta|viśvajana
P.6.1.78	3	cyavana|cāyaka|lāvaka
P.6.1.79	5	bābhravya|gavyūti|goyūti|nāvya|raiy
P.6.1.80	9	avadhāraṇa|avaśyam|kāra|lavya|lāvya|niyama|niyamana|picavya|śaṅkavya
P.6.1.81	5	jayya|jeya|kṣayya|kṣeya|yogya
P.6.1.82	6	buddhi|krayya|kretar|kreya|sar|vastu
P.6.1.83	4	bhayya|bheya|pravayyā|praveya
P.6.1.84	2	para|pūrva
P.6.1.86	2	ekādeśa|sidh
P.6.1.88	3	aitikāyana|ekādeśa|vṛddhi
P.6.1.89	2	akṣauhiṇī|edh
P.6.1.90	2	aṭ|uṣ
P.6.1.91	4	arch|vikalpa|ṛcchakā|ṝkāra
P.6.1.92	5	pralkārīy|prarṣabhīy|prālkārīy|prārṣabhīy|āpiśali
P.6.1.93	1	go
P.6.1.94	5	ej|eḍakīy|otu|pararūpa|vai
P.6.1.95	6	niṣṭha|om|oṃkāra|saunāga|vah|ā
P.6.1.98	5	anukaraṇa|avyakta|iti|jhaṭiti|paṭat
P.6.1.99	3	chanacchan|hāstināyana|mreḍ
P.6.1.100	3	kṣip|paraka|paṭat
P.6.1.101	3	bhakti|savarṇa|vart
P.6.1.102	4	prathama|rūḍhi|savarṇa|sthānin
P.6.1.106	1	upānah
P.6.1.107	3	kiśora|pūrvarūpa|śamī
P.6.1.108	2	saṃprasāraṇa|yaj
P.6.1.110	1	sārvadhātuka
P.6.1.112	2	lūnī|sakhi
P.6.1.115	4	aśvasūnṛta|bandh|grahaṇa|prakṛti
P.6.1.116	10	a|av|avasyu|avrata|bahvṛca|kram|prātiśākhya|samādheya|vācanika|śatadhāra
P.6.1.117	1	yajus
P.6.1.118	5	ambikā|ambā|ambāḍā|varṣiṣṭha|vṛṣan
P.6.1.119	3	aṅga|dhī|śuc
P.6.1.121	1	vap
P.6.1.122	3	go|goagra|sarvatra
P.6.1.123	5	gava|gavākṣa|pakṣya|sphoṭāyana|āśrayaṇa
P.6.1.124	1	gavendra
P.6.1.125	3	plu|pragṛhya|u
P.6.1.126	2	anunāsika|ā
P.6.1.127	3	anukarṣaṇa|śākala|śākalya
P.6.1.128	1	saptaṛṣi
P.6.1.129	5	iti|karaṇa|plu|upasthita|vaidika
P.6.1.130	2	cākravarmaṇa|hi
P.6.1.131	2	prasaṅga|vijñāna
P.6.1.132	3	a|etad|saka
P.6.1.133	1	sya
P.6.1.134	4	pādapūraṇa|pūraṇa|pūrti|rudh
P.6.1.135	3	antaraṅga|kar|khyā
P.6.1.136	1	vyavāya
P.6.1.137	2	kar|prakṛti
P.6.1.138	1	kar
P.6.1.139	5	adhyāhāra|kar|pratiyatna|vaikṛta|vākyādhyāhāra
P.6.1.140	1	kar
P.6.1.141	3	bandh|kar|vikṣepa
P.6.1.142	3	kar|likh|ālekhana
P.6.1.143	4	kustumburu|kutumburu|tinduka|tumburu
P.6.1.144	7	aparapara|aparaspara|kṛtya|lup|māṃspacana|māṃspāka|sātatya
P.6.1.145	1	goṣpada
P.6.1.146	3	pratiṣṭhā|yāpana|āspada
P.6.1.147	3	anitya|ācarya|āścarya
P.6.1.148	3	annamala|avaskara|varcaska
P.6.1.149	1	apaskara
P.6.1.150	5	bandh|prayoga|vikira|virodha|viṣkira
P.6.1.151	1	suścandra
P.6.1.152	3	pratikaśa|pratiṣkaśa|purogantar
P.6.1.153	4	haricandra|hariścandra|prakaṇva|praskaṇva
P.6.1.154	2	maskara|maskarin
P.6.1.155	3	ajastunda|kāstīra|kātīra
P.6.1.156	2	kārakara|kāraskara
P.6.1.157	11	bṛhaspati|cora|kiṣkindha|kiṣku|prāyacitta|prāyaścitta|prāyaścitti|pāraskara|rathasyā|taskara|tup
P.6.1.158	3	svara|varj|varjam
P.6.1.159	11	bhāva|bādhaka|dhāya|dāra|dāya|karṣa|nāya|pāka|sāra|tyāga|śāra
P.6.1.160	23	bandh|bhakṣa|bhoga|dara|dūṣya|gara|jalpa|japa|jañja|mantha|mleccha|stava|sāmba|tāpa|uttama|uñcha|vartani|veda|vega|veṣṭa|yava|yuga|śaśvant
P.6.1.161	5	kumuda|kumudvant|naḍvant|prasaṅga|vetasvant
P.6.1.163	1	uccakais
P.6.1.164	1	mauñjāyana
P.6.1.168	1	vibhakti
P.6.1.169	3	agnicit|nitya|niṣṭha
P.6.1.170	2	dadhyañc|parigraha
P.6.1.173	2	nada|tud
P.6.1.174	3	kartar|pralavitar|prasavitar
P.6.1.175	2	brahmabandhu|khalapū
P.6.1.176	4	agnimant|akṣaṇvant|kartṛmant|mūrdhanvant
P.6.1.177	4	daśan|navan|trapu|tri
P.6.1.179	5	daśan|kati|pañcan|yati|ṣaṣ
P.6.1.180	4	catvar|navan|tri|upottama
P.6.1.181	6	bhāṣā|catvar|loka|navan|tri|yati
P.6.1.182	4	kṛt|prāñc|sugu|varṇa
P.6.1.185	4	cikīrṣya|hārya|jihīrṣya|svarita
P.6.1.186	10	hnu|i|idh|khid|sthānika|su|sārvadhātuka|upadeśa|vas|vid
P.6.1.187	1	lū
P.6.1.188	4	hiṃs|karaṇa|svap|śvas
P.6.1.189	4	abhyasta|dhā|gar|jakṣ
P.6.1.190	3	dhā|hā|mā
P.6.1.191	3	sarva|sarvastoma|sarvatara
P.6.1.192	10	bhar|bhī|dhan|drā|gar|hrī|hu|jan|mad|sārvadhātuka
P.6.1.193	1	cikīrṣaka
P.6.1.194	4	aparatra|ekatra|lū|madhyodātta
P.6.1.195	3	jan|lū|nighāta
P.6.1.196	3	lū|yadā|yā
P.6.1.197	4	apavāda|arjunaka|lakṣaṇa|vātsya
P.6.1.198	3	bādh|prāpti|āmantrita
P.6.1.199	5	antodātta|math|path|pathipriya|sarvanāmasthāna
P.6.1.200	3	har|kartu|paryāya
P.6.1.201	2	kṣaya|nivāsa
P.6.1.202	1	jaya
P.6.1.203	24	caya|dhārā|gaya|graha|guhā|haya|jana|jvara|kalpa|kāma|kārā|mantra|naya|pāda|raṇa|sūda|taya|tāya|vaha|veda|vṛṣa|yāma|ārā|śama
P.6.1.204	5	dāsa|kharakuṭī|upameya|upamāna|vardhrikā
P.6.1.205	5	buddha|datta|gupta|niṣṭha|trāta
P.6.1.206	1	dharṣ
P.6.1.207	1	aś
P.6.1.208	1	ric
P.6.1.209	2	ar|juṣ
P.6.1.210	2	ar|juṣ
P.6.1.213	8	arghya|ceya|dantya|jeya|kaṇṭhya|matya|prācya|yūthya
P.6.1.214	5	dohya|vandya|vārya|īḍya|śaṃsya
P.6.1.215	2	idh|veṇu
P.6.1.216	6	hāsa|kuha|kutha|rāga|tyāga|śvaṭha
P.6.1.217	4	haraṇīya|mṛdujātīya|paṭujātīya|upottama
P.6.1.219	4	puṣkarāvatī|udumbarāvatī|vīṇāvant|śarāvatī
P.6.1.220	4	ajiravatī|haṃsavant|khadiravant|kāraṇḍavavatī
P.6.1.221	2	ahīvatī|munīvatī
P.6.1.223	4	rājadṛṣad|rājapuruṣa|samāsa|vyañjana
P.6.2.1	6	bahuvrīhi|kārṣṇa|prakṛti|pūrvapada|samabhāga|snātaka
P.6.2.2	24	a|abrāhmaṇa|akṣa|akṣaśauṇḍa|atikhaṭva|avyaya|bhojyoṣṇa|dvitīya|giri|kumuda|kṛtya|muhūrta|niṣkauśāmbi|pānaśauṇḍa|pānīya|pānīyaśīta|sadṛśa|snātvākālaka|tulya|śastra|śauṇḍa|śaṅkulā|śyeta|śyāma
P.6.2.3	4	eta|kṛṣṇasāraṅga|lohitaita|lohitakalmāṣa
P.6.2.4	8	golavaṇa|gādha|iyattā|lavaṇa|mātra|pariccheda|pramāṇa|śamba
P.6.2.5	4	dhana|dāyāda|dāyādya|vidyādāyāda
P.6.2.6	4	cira|kṛcchra|pratibandhin|vaikalya
P.6.2.7	4	apadeśa|mūtra|pada|uccāra
P.6.2.8	7	hetuka|kuṭi|nivāta|ruh|trāṇa|vātatrāṇa|śamī
P.6.2.9	6	dṛṣacchārada|pad|rajju|rajjuśārada|ārtava|śārada
P.6.2.10	5	adhvaryu|kaṣāya|prācya|prācyādhvaryu|umāpuṣpakaṣāya
P.6.2.11	2	pratirūpa|sadṛśa
P.6.2.12	3	gāndhāri|prācya|prācyasaptasama
P.6.2.13	6	gam|har|kaśmīra|madra|paṇya|vāṇija
P.6.2.14	10	chāya|duṣkaraṇa|mātra|nanda|pāṇina|samudramātra|upajñā|upakrama|vyākaraṇa|vyāḍi
P.6.2.15	4	priya|prītikara|sukha|śṛṅga
P.6.2.16	3	chāttra|pratipatti|priya
P.6.2.17	2	sva|svāmin
P.6.2.18	6	gantar|gṛhapati|nara|narapati|pati|vṛṣala
P.6.2.19	4	bhūpati|citpati|didhiṣu|vākpati
P.6.2.20	3	bhuvanapati|pati|stha
P.6.2.21	6	adhyavasāya|astitva|nedīyaṃs|saṃbhāvana|ābādha|āśaṅkā
P.6.2.22	2	bhūtapūrva|pūrva
P.6.2.23	8	madra|sadeśa|samaryāda|samayā|samudāya|sanīḍa|saveśa|savidha
P.6.2.24	12	añj|capala|cit|guṇavacana|kuśala|nipuṇa|pad|paṇḍita|paṭu|vicitra|vicitta|vispaṣṭa
P.6.2.25	9	avama|jyeṣṭha|jyāyaṃs|kaniṣṭha|kanīyaṃs|pāpa|śreyaṃs|śreṣṭha|ṣaṣṭha
P.6.2.26	4	adhyāpaka|kumāra|pratipadam|śramaṇa
P.6.2.28	1	anyatarasyām
P.6.2.29	5	aratni|bhagāla|kapāla|māsya|śarāva
P.6.2.30	3	aratni|bahu|māsya
P.6.2.31	2	diṣṭi|vitasti
P.6.2.32	3	bandh|pakva|sidh
P.6.2.33	7	apa|mahāhailihila|pari|prati|pratipūrvāhṇam|pratyagni|upa
P.6.2.34	10	andhaka|bhaimāyana|caitraka|dvaipya|rājanya|saṃkarṣaṇa|vaṃśya|vṛṣṇi|śini|śvāphalka
P.6.2.35	15	saṃkhya|trayastriṃśat|trayaścatvāriṃśat|trayaḥpañcāśat|trayaḥsaptati|trayaḥṣaṣṭi|trayodaśan|trayonavati|trayoviṃśati|tricatvāriṃśat|trinavati|tripañcāśat|trisaptati|triṣaṣṭi|tryaśīti
P.6.2.36	6	antevāsin|pāṇinīya|rauhiṇa|upasarjana|ācārya|āpiśala
P.6.2.37	34	bābhrava|cinti|dānacyuta|jarāmṛtyu|kapi|kaujapa|kauthuma|kaṭha|kaṭuka|kunti|kāmaviddha|kārta|laukākṣa|mauda|māṇḍūkeya|paila|paippalāda|pārthava|pāñcāleya|sauśruta|strīkumāra|surāṣṭra|sāvarṇi|taṇḍa|vataṇḍa|vatsa|vivakṣā|vādhūleya|yājya|ārcābhin|śaitikakṣa|śaṇaka|śyāparṇeya|śālaṅkāyana
P.6.2.38	10	jābāla|maheṣvāsa|mahābhāra|mahābhārata|mahāgṛṣṭi|mahājābāla|mahāparāhṇa|mahāpravṛddha|mahāraurava|mahāvrīhi
P.6.2.39	3	kṣulla|kṣullaka|mahāvaiśvadeva
P.6.2.40	4	sādi|uṣṭra|vāma|śunaḥśepa
P.6.2.41	1	gosāda
P.6.2.42	13	asūta|auṣadhi|aślīla|devabhīti|devahūti|devalāti|dāsībhāra|kuru|kurugārhapata|paṇyakambala|pārebaḍavā|riktaguru|taitilakadrū
P.6.2.43	3	marś|rathadāru|yūpa
P.6.2.44	3	artha|caturtha|saṃmada
P.6.2.46	2	pūga|śreṇikṛta
P.6.2.47	3	dvitīya|kaṣṭa|triśakala
P.6.2.48	3	ahi|han|nakha
P.6.2.49	7	abhyāśa|antika|dūra|gati|har|kṛcchra|stoka
P.6.2.50	6	kṛt|nipīti|prabhūti|prasthiti|upagīti|upasthiti
P.6.2.51	2	anvetavai|star
P.6.2.52	2	pratyañc|udañcana
P.6.2.53	2	adhyañc|nyañc
P.6.2.55	3	dhana|niṣka|suvarṇa
P.6.2.56	3	prathama|upasaṃpatti|vaiyākaraṇa
P.6.2.57	3	katama|katara|kaṭha
P.6.2.58	3	ārya|āryabrāhmaṇa|āryakumāra
P.6.2.59	3	rājabrāhmaṇa|rājakumāra|yogavibhāga
P.6.2.60	3	pratyenas|rājapratyenas|ṣaṣṭha
P.6.2.61	1	nitya
P.6.2.62	3	grāmakulāla|grāmanāpita|grāmarathyā
P.6.2.63	2	rājahastin|rājanāpita
P.6.2.64	2	adhikāra|sūpeśāṇa
P.6.2.65	14	dharmya|haledvipadikā|haraṇa|hārin|mukuṭekārṣāpaṇa|niṣeka|puṣṭi|svīkar|vaiyākaraṇa|vāḍava|vāḍavaharaṇa|vāḍavahārya|yam|yājñika
P.6.2.66	5	gosaṃkhya|saṃkhya|tatpara|vac|yuj
P.6.2.67	2	adhyakṣa|sthā
P.6.2.68	2	han|pāpa
P.6.2.69	12	bhayabrāhmaṇa|bhikṣāmāṇava|bhārya|brāhmaṇa|dākṣa|dāsa|kumāra|mahābrāhmaṇa|māṇava|odana|prādhānya|sauśruta
P.6.2.70	1	maireya
P.6.2.71	6	bhakta|bhaktakaṃsa|bhikṣāvāsas|kaṃsa|samaśana|samāśa
P.6.2.72	6	biḍāla|gava|saindhava|siṃha|tṛṇasiṃha|yathāsaṃbhava
P.6.2.73	3	dantalekhaka|jīvaka|nakhalekhaka
P.6.2.74	6	jīvapattra|jīvaputra|prāñc|puṣpapracāyikā|uddālakapuṣpabhañjikā|śālapuṣpa
P.6.2.75	3	chattradhāra|tūṇadhāra|yuj
P.6.2.76	3	kumbhakāra|tantuvāya|vālavāya
P.6.2.77	2	tantuvāya|vālavāya
P.6.2.78	3	gopāla|tantipāla|yavapāla
P.6.2.79	2	phalahārin|puṣpahārin
P.6.2.80	11	abhivyāhārin|dhvāṅkṣa|kharanādin|krośin|nirāsa|prakṛti|prekṣin|rāvin|saha|uṣṭra|vibhāga
P.6.2.81	43	aśvatrirātra|bhagin|ekaśitipad|garbhetṛpta|garga|gaṇapāda|gehedhṛṣṭa|gehedāhin|gehedṛpta|gehekṣveḍin|gehemehin|gehenardin|gehevijitin|gehevyāḍa|geheśūra|goṣṭhekṣveḍin|goṣṭhepaṇḍita|goṣṭhepaṭu|goṣṭhepragalbha|goṣṭhevijitin|goṣṭheśūra|grāmagoduh|karṇecurucurā|karṇoṭiriṭirā|kumbhamaṇḍūka|kūpakacchapa|kūpamaṇḍūka|kṣīra|maśaka|mātaripuruṣa|nagarakāka|nagaravāyasa|peli|pitariśūra|piṇḍīśūra|pātrebahula|pātresamita|udapāna|udumbara|vyuṣṭi|yuktārohin|āgata|ākhanikabaka
P.6.2.82	6	bhrāṣṭra|bhrāṣṭraja|ja|kāśaja|tuṣaja|vaṭaja
P.6.2.83	3	ja|manduraja|upasaraja
P.6.2.84	2	dākṣigrāma|grāma
P.6.2.85	17	aśvattha|badara|dākṣighoṣa|dākṣikaṭa|ghaṭa|ghoṣa|hrada|kaṭa|kūṭa|muni|mālā|piśaṅga|piṅgala|prekṣā|rakṣa|tṛṇa|vallabha
P.6.2.86	9	bhāṇḍi|bhāṇḍiśālā|chāttri|gomiśālā|peliśālā|vyāḍi|ākhaṇḍi|āṭi|āṭiśālā
P.6.2.87	14	badarīprastha|dākṣiprastha|indraprastha|kandukaprastha|karkandhuprastha|karkī|karīraprastha|kavalaprastha|kubalaprastha|kuṇḍaprastha|maghnīprastha|makarīprastha|prastha|śamīprastha
P.6.2.88	9	drākṣāprastha|ekaprastha|kāmaprastha|kāñcīprastha|kṣāmāprastha|mālāprastha|snākṣā|śoṇaprastha|śoṇāprastha
P.6.2.89	6	kāntīnagarī|mahānagara|nagara|navanagara|suhmanagara|virāṭa
P.6.2.90	7	arma|guptārma|kapiñjalārma|kukkuṭārma|mahārma|navārma|varṇa
P.6.2.91	9	adhikārma|arma|aśmārma|bhūtārma|kajjalārma|madrārma|saṃghāta|saṃjīva|saṃjīvārma
P.6.2.92	1	anta
P.6.2.93	5	sarva|sarvakṛṣṇa|sarvamahant|sarvasauvarṇa|sarvaśveta
P.6.2.94	4	añjanāgiri|giri|mauṇḍinikāya|nikāya
P.6.2.95	4	dā|jar|kumāra|vṛddha
P.6.2.96	3	guḍa|tilodaka|udaka
P.6.2.97	3	bilva|cāraka|garga
P.6.2.98	2	sabhā|strīsabha
P.6.2.99	4	kāñcī|nāndīpura|pura|śivadattapura
P.6.2.100	3	ariṣṭapura|ariṣṭāśritapura|gauḍapura
P.6.2.101	4	hāstinapura|mārdeya|phalakapura|pura
P.6.2.102	3	kumbhavila|kuśūlavila|kūpavila
P.6.2.103	11	aparakṛṣṇamṛttikā|aparapañcāla|aparayāyāta|cānarāṭa|janapada|kṛṣṇamṛttika|pañcāla|pūrvapañcāla|pūrveṣukāmaśamī|pūrvādhirāma|ākhyāna
P.6.2.104	2	aparakāśakṛtsna|pūrvapāṇinīya
P.6.2.105	5	pūrvapāñcālaka|sarva|sarvabhāsa|sarvakāraka|sarvapāñcālaka
P.6.2.106	5	bahuvrīhi|saṃśabdana|suvayas|viśvadeva|viśvayaśas
P.6.2.107	6	aśva|dāmodara|iṣu|maheṣu|udara|yauvanāśva
P.6.2.108	6	aśva|caleṣu|iṣu|kuṇḍodara|syanditāśva|udara
P.6.2.109	2	bandhu|nada
P.6.2.110	2	kṣal|niṣṭha
P.6.2.112	2	karṇa|vibhāga
P.6.2.113	3	aupamya|karṇa|maṇikarṇa
P.6.2.114	8	daśagrīva|daśakaṇṭha|grīvā|kaṇṭha|nākapṛṣṭha|pṛṣṭha|tālajaṅgha|śitikaṇṭha
P.6.2.115	4	avastha|dvyaṅgula|udgataśṛṅga|ṛṣyaśṛṅga
P.6.2.116	6	a|ajara|amara|amitra|amṛta|jara
P.6.2.117	6	su|sudharman|sukarman|supayas|suyaśas|sūṣas
P.6.2.118	6	subhaga|sudṛśīka|suhavya|sukratu|supratīka|supratūrti
P.6.2.119	4	subāhu|suhiraṇya|suratha|svaśva
P.6.2.120	2	suvīra|suvīrya
P.6.2.121	14	akṣa|duḥṣama|kūla|mūla|niṣamam|tīra|tūla|upakūlam|upamūlam|upatīram|upatūlam|upaśāla|upākṣam|viṣama
P.6.2.122	4	kaṃsa|kāṇḍa|mantha|pāyya
P.6.2.123	2	agniśāla|śālā
P.6.2.124	4	dākṣikanthā|kanthā|sauśami|āhvara
P.6.2.125	10	baiḍālikarṇakakantha|cihaṇakantha|cikkaṇakantha|citkanakantha|kanthā|kukkuṭakantha|madrumarakantha|maḍarakantha|paṭatkakantha|vaitula
P.6.2.126	4	cela|kaṭuka|kheṭa|kāṇḍa
P.6.2.127	1	cīra
P.6.2.128	3	palala|sūpa|śāka
P.6.2.129	8	devasūda|dākṣikarṣa|dākṣikūla|dāṇḍāyana|karṣa|kūla|sthala|sūda
P.6.2.130	1	rājya
P.6.2.131	23	alīkya|deśya|dhāyya|gaṇya|jaghanya|kālya|medhya|mitrya|mukhya|nyāyya|pakṣya|pathya|pūgya|rahasya|sākṣya|udakya|ukhya|vargya|vaṃśya|veśya|yūthya|ādya|ākāśya
P.6.2.132	2	dāśaka|putra
P.6.2.133	3	jñātiputra|putra|saṃbandhin
P.6.2.134	11	cakkana|camasa|caula|cūrṇa|dalapa|drākṣā|karipa|kariva|kunduma|tūsta|ṣaṣṭha
P.6.2.135	5	cīra|kāṇḍa|kūla|palala|sūpa
P.6.2.136	1	kuṇḍa
P.6.2.137	4	bhagāla|kapāla|nadāla|yāvant
P.6.2.138	9	bahuvrīhi|śiti|śitibhasad|śitibāhu|śitikakud|śitilalāṭa|śitipāda|śityaṃsa|śityoṣṭha
P.6.2.139	14	deśya|gati|idhma|kara|kiṃśāru|kṛt|palāśaśātana|prahāraka|prakāraka|pravraścana|saṃgīti|saṃpīti|upapada|īṣat
P.6.2.140	11	bṛhaspati|lamba|marmṛtyu|narāśaṃsa|pati|tanūnapāt|tṛṣṇāvarūtrī|vanaspati|viśvavayas|śacīpati|śaṇḍa
P.6.2.141	2	dvaṃdva|indra
P.6.2.142	6	div|manthin|pūṣan|rudra|soma|śukrāmanthinau
P.6.2.143	1	anta
P.6.2.144	52	adhyāya|apāmārga|ati|avabhṛtha|dūra|ghāsa|govṛṣa|jaṅgha|kharīvṛṣa|kāṣṭha|nihava|nisvana|nisvāna|niyama|niyāma|niścaya|niṣpāva|nyāya|nīvāra|paryāya|prabheda|pradrāva|prahāsa|prajaya|prakṣaya|pralava|pralavitra|pramada|prasava|prasavitra|prasrāva|prastāra|prastāva|prasvāna|samaja|saṃgha|saṃgrāha|saṃhāra|saṃmāda|saṃrāva|saṃyama|saṃyāma|saṃyāva|stambaghana|stambaghna|sunītha|suṣṭuta|upavasatha|vighasa|viyama|+2
P.6.2.145	3	lup|su|subhukta
P.6.2.146	16	dhanuḥkhātā|hastimṛditā|kuddālaka|nirukta|parigṛhīta|parijagdha|paryācita|pratipanna|praśliṣṭa|saṃbhūta|saṃhita|upahita|upahūta|upasthita|ācita|āsthāpita
P.6.2.147	5	dhā|kaviśasta|khaṭvāpluta|vardh|vṛṣakṛta
P.6.2.148	7	datta|devadatta|devakhāta|devapālita|saṃśruta|viṣṇuśruta|śruta
P.6.2.149	6	itthaṃbhūta|pramattagīta|prādurbhāva|suptapralapita|sāmānya|unmattapralapita
P.6.2.150	9	bhojana|dantadhāvana|dhāvana|odana|payaḥpāna|pratyudāharaṇa|pāna|rājabhojana|vacana
P.6.2.151	20	bhartar|hotar|krī|kṛti|paricāraka|pariveṣaka|pariṣecaka|pattigaṇaka|pāṇini|pūjaka|rathagaṇaka|rathavartman|snāpaka|sthāna|udvartaka|utsāhaka|vyākhyāna|yājaka|āsana|śayana
P.6.2.152	2	puṇya|vedapuṇya
P.6.2.153	4	artha|kalaha|vikala|ūna
P.6.2.154	7	aikārthya|dhā|jñāpaka|miśra|paṇavandha|saṃdhi|saṃmiśra
P.6.2.155	7	a|acchedika|akārṇaveṣṭakika|asāṃtāpika|avatsīya|gārdabharathika|saṃpādin
P.6.2.156	4	adantya|akarṇya|apāśyā|atṛṇyā
P.6.2.157	4	apaca|apaṭha|avikṣipa|avilikha
P.6.2.158	6	a|apaca|apaṭha|avikṣipa|avilikha|ākrośa
P.6.2.159	1	a
P.6.2.160	11	a|acāru|alaṃkariṣṇu|apalāṣuka|gṛhapati|nirākariṣṇu|sadṛśa|subhagaṃbhaviṣṇu|sādhu|āgāmuka|āḍhyaṃbhaviṣṇu
P.6.2.161	4	a|anna|tīkṣṇa|śuci
P.6.2.162	7	bahuvrīhi|etad|idam|kāryin|pūraṇa|ta|tatpūrva
P.6.2.163	2	saṃkhya|stana
P.6.2.164	1	dvistanā
P.6.2.165	6	ajina|brahmamitra|devamitra|kṛṣṇājina|mitra|vṛkājina
P.6.2.166	2	antara|vyavāyin
P.6.2.167	3	bhadramukha|mukha|pāribhāṣika
P.6.2.168	9	gomukha|mahāmukha|muṣṭimukha|nīcais|pratyaṅmukha|pṛthu|sthūlamukha|uccais|vatsamukha
P.6.2.170	22	alīka|aśra|chad|duḥkhajāta|jakṣ|jāta|karuṇa|kṛcchra|kṛpaṇa|kṛta|mita|māsajāta|nipāta|pad|pratīpa|putrajāta|pā|sah|sukha|tarp|ācchādana|āsra
P.6.2.171	5	alīka|dantajāta|jāta|karuṇa|sukhajāta
P.6.2.172	3	a|su|sumāṣa
P.6.2.173	2	a|sukumārīka
P.6.2.174	2	a|sumāṣa
P.6.2.175	2	bahu|bhūman
P.6.2.176	6	bahuguṇa|bahusamudācāra|bahusūkta|bahvadhyāya|bahvakṣara|chandomāna
P.6.2.177	6	dhruva|parśu|pralalāṭa|prapṛṣṭha|praśākha|suloman
P.6.2.178	4	dhā|nirvaṇa|pravaṇa|vana
P.6.2.179	1	antarvaṇa
P.6.2.180	3	anta|paryanta|samanta
P.6.2.181	3	anta|nyanta|vyanta
P.6.2.182	4	abhitas|parikūla|parimaṇḍala|paritīra
P.6.2.183	4	pra|pradvāra|prahasta|prakoṣṭha
P.6.2.184	16	dustarīpa|nirajina|nirmakṣika|nirmaśaka|nirudaka|nirupala|nistarīka|niṣkālaka|niṣkālika|niṣpeṣa|parihasta|parikarṣa|parikeśa|paripāda|udajina|upājina
P.6.2.185	1	abhimukha
P.6.2.186	1	apamukha
P.6.2.187	9	apahala|apakukṣi|apanāman|apapūta|apasphiga|apasīra|apavīṇa|apādhvan|apāñjas
P.6.2.188	4	adhi|adhidanta|upari|uparistha
P.6.2.189	4	anu|anujyeṣṭha|anukanīyaṃs|anumadhyama
P.6.2.190	4	anu|anupuruṣa|diś|kathay
P.6.2.191	7	ati|atikaśa|atikāraka|atipada|atyaṅkuśa|sañj|śakvan
P.6.2.192	5	ni|nidaṇḍa|nidhāna|nimūlam|nyakṣa
P.6.2.193	10	pratijana|pratikheṭaka|pratikṛttikā|pratiśravaṇa|pratyajira|pratyaṃśu|pratyuṣṭra|pratyārdhapura|pratyārdrā|ārdhapura
P.6.2.194	14	upa|upadeva|upagaura|upagudha|upajihvā|upakalpa|upakanyā|upakṛṣṇa|upaleṭa|upaloṭa|upapāda|upasoma|upataila|upājina
P.6.2.195	4	avakṣepaṇa|su|supratyavasita|sā
P.6.2.196	1	utpuccha
P.6.2.197	10	bahuvrīhi|dvidant|dvimūrdha|dvimūrdhan|dvipad|mūrdhan|samāsānta|tridant|trimūrdha|tripad
P.6.2.198	3	añjisaktha|cakrasaktha|saktha
P.6.2.199	3	añjisaktha|lomaśasaktha|vyatyaya
P.6.3.1	2	han|napāt
P.6.3.2	9	abhyāśa|antika|dūra|kalpa|karṣ|katipaya|kṛcchra|pañcama|stoka
P.6.3.3	4	ambhas|ojas|sahas|tamasākṛta
P.6.3.4	2	manasādattā|manasāguptā
P.6.3.5	3	manasājñāyin|ājñāyin|ātman
P.6.3.6	2	pūraṇa|ātman
P.6.3.7	4	caturtha|vaiyākaraṇa|ātmanebhāṣā|ātmanepada
P.6.3.8	4	diśodaṇḍa|parasmaibhāṣā|parasmaipada|ātmanebhāṣā
P.6.3.9	5	araṇyetilaka|nadīkukkuṭikā|tvacisāra|vanekiṃśuka|yudhiṣṭhira
P.6.3.10	7	abhyāhita|avikaṭoraṇa|dṛṣadimāṣaka|kāra|mukuṭekārṣāpaṇa|nadīdoha|yūthapaśu
P.6.3.11	1	madhyeguru
P.6.3.12	4	aṅgulitrāṇa|jaṅgha|urasiloman|vali
P.6.3.13	3	bandh|hastabandha|hastebandha
P.6.3.14	2	karṇejapa|stamberama
P.6.3.15	5	divija|kāleja|prapañca|prāvṛṣija|śaradija
P.6.3.16	8	kṣaraja|kṣareja|varaja|vareja|varṣaja|varṣeja|śaraja|śareja
P.6.3.17	4	pūrvāhṇa|pūrvāhṇatana|pūrvāhṇetana|rātritarā
P.6.3.18	8	grāmavāsa|grāmavāsin|grāmevāsa|grāmevāsin|kheśaya|vāsa|vāsin|śaya
P.6.3.19	3	bandh|sidh|vartin
P.6.3.20	1	ākhareṣṭha
P.6.3.21	4	caura|dāsa|kula|ṣaṣṭha
P.6.3.22	2	dāsa|vṛṣala
P.6.3.23	4	hoturantevāsin|pituḥputra|saṃbandha|yoni
P.6.3.24	8	duhituḥpati|duhitṛpati|mātuḥṣvasar|mātṛṣvasar|nanāndar|pati|pituḥṣvasar|pitṛṣvasar
P.6.3.25	5	hotar|mātāpitar|mātāputra|neṣṭar|yātar
P.6.3.26	6	agnāmarut|agnāviṣṇu|indra|sahadāna|sidh|sāhacarya
P.6.3.27	2	agnīvaruṇa|agnīṣoma
P.6.3.28	4	agnāmarut|āgnendra|āgnimāruta|āgnivāruṇa
P.6.3.29	1	div
P.6.3.30	2	div|vāraṇa
P.6.3.31	1	uṣas
P.6.3.32	2	mātarapitarau|mātāpitar
P.6.3.33	2	mātar|pitar
P.6.3.34	25	adhikaraṇa|bhakti|bhāṣitapuṃska|capala|duhitar|durbhaga|kalyāṇa|kṣip|kṣānta|manojña|pratipādaka|priya|puṃvat|pūraṇa|pūrvapada|ruh|saciva|sama|strī|subhaga|sva|tanaya|vastutas|vyavadhāna|vāmana
P.6.3.35	11	ativyāpti|cara|deśīya|jātīya|parigaṇana|pāśa|rūpa|tatas|tatra|vyāpti|vāraṇa
P.6.3.36	1	mānin
P.6.3.37	4	madraka|madrikāy|mānin|pācaka
P.6.3.38	3	datta|mānin|pūraṇa
P.6.3.39	3	lauheṣa|sraughna|upadhāna
P.6.3.40	1	mānin
P.6.3.41	4	kaṭha|kaṭhīy|mānin|sautra
P.6.3.42	4	deśīya|jātīya|kukkuṭa|sidh
P.6.3.43	7	bruva|cela|gotra|han|kalpa|man|rūpa
P.6.3.44	2	nada|saunāga
P.6.3.45	1	nirmūla
P.6.3.46	2	jātīya|mahājātīya
P.6.3.47	11	aṣṭan|dva|dvaimātura|dvidaśa|dvitra|dvyaśīti|dvādaśan|dvātriṃśat|dvāviṃśati|saṃkhya|āṣṭamātura
P.6.3.48	7	bhāṣitapuṃska|traimātura|trayas|trayodaśan|trayoviṃśati|tridaśa|tryaśīti
P.6.3.49	25	aṣṭan|dva|dvicatvāriṃśat|dvinavati|dvipañcāśat|dvisaptati|dviṣaṣṭi|dvācatvāriṃśat|dvānavati|dvāpañcāśat|dvāsaptati|dvāṣaṣṭi|hṛdayalekha|trayas|trayastriṃśat|trayaścatvāriṃśat|trayaḥpañcāśat|trayaḥsaptati|trayaḥṣaṣṭi|trayonavati|tricatvāriṃśat|trinavati|tripañcāśat|trisaptati|triṣaṣṭi
P.6.3.50	7	daurhṛdaya|hārda|hṛdayalekha|hṛdya|hṛllekha|hṛllāsa|sauhṛdaya
P.6.3.51	6	hṛcchoka|hṛdayaroga|hṛdayaśoka|hṛdroga|sauhārdya|sauhṛdayya
P.6.3.52	4	padaga|padopahata|padāji|padāti
P.6.3.53	4	padika|padya|pādya|vyadh
P.6.3.54	3	paddhati|paddhima|patkāṣin
P.6.3.55	2	pacchas|śaṃs
P.6.3.56	5	pacchabda|padghoṣa|panmiśra|pādamiśra|pādaśabda
P.6.3.57	4	uda|udakagiri|udamegha|udavāha
P.6.3.58	5	piṣ|udadhi|udapeṣam|udavāhana|udavāsa
P.6.3.59	3	pūrayitavya|udakaparvata|yuj
P.6.3.60	21	gāha|mantha|odana|uda|udabhāra|udagāha|udahāra|udakabhāra|udakagāha|udakahāra|udakamantha|udakasaktu|udakaudana|udakavajra|udakavindu|udakavīvadha|udamantha|udasaktu|udaudana|udavajra|udavindu
P.6.3.61	2	anuvṛtti|gālava
P.6.3.62	4	eka|ekarūpya|gaṅgadatta|yuj
P.6.3.63	24	ajakṣīra|devidāsa|durgagupta|durgasiṃha|gaṅgadāsa|kumāridatta|kumāridā|kālidāsa|lomakāgṛha|mahidatta|mahidāsa|mādrinandana|nāndīghoṣa|phālguna|prasthavāhā|revatiputra|rohiṇiputra|rādhagupta|tāranātha|vaidehibandhu|vitastadatta|viśākhadatta|śilavāhā|ūrṇāsūtra
P.6.3.64	4	ajatva|ajātva|rohiṇitva|rohiṇītva
P.6.3.65	3	iṣīkā|iṣṭakā|mālabhārin
P.6.3.66	7	divāmanya|doṣāmanya|kāliṃmanyā|nāsikaṃdhama|nāsikaṃdhaya|nāḍiṃdhama|nāḍiṃdhaya
P.6.3.67	4	aruṃtuda|dviṣaṃtapa|kāliṃmanyā|pratipatti
P.6.3.68	10	bhuvaṃmanya|gāṃmanya|lekhābhrū|manya|naraṃmanya|nyāya|striyaṃmanya|strīṃmanya|tvaṅmanya|śrimanya
P.6.3.69	2	puraṃdara|vācaṃyama
P.6.3.70	2	agadaṃkāra|satyaṃkāra
P.6.3.71	4	pāta|tailaṃpātā|śyainaṃpāta|śyenapāta
P.6.3.72	3	rātricara|rātriṃcara|rātriṃmanya
P.6.3.73	1	a
P.6.3.75	12	nabhrāj|nakha|nakra|nakula|nakṣatra|namuci|napuṃsaka|napāt|navedas|nāka|nāsatya|prakṛti
P.6.3.76	3	eka|na|vikalpa
P.6.3.77	3	a|aga|naga
P.6.3.78	2	sa|sahakṛtvan
P.6.3.79	5	droṇa|grantha|sa|sakala|saṃgraha
P.6.3.80	7	anumeya|labh|mā|piśāca|pratyakṣatas|sa|upākhya
P.6.3.81	3	sa|sacakra|saha
P.6.3.82	3	saha|sahakṛtvan|upasarjana
P.6.3.83	2	kṣip|saha
P.6.3.84	13	prabhṛti|sa|sagarbhya|sajātīya|samānamūrdhan|samānaprabhṛti|samānodarka|sanutya|sapakṣa|saprabhṛti|sayūthya|sādharmya|udarka
P.6.3.85	12	sabandhu|sagotra|sajanapada|sajyotis|sanābhi|sanāman|sarātri|sarūpa|sasthāna|savacana|savarṇa|savayas
P.6.3.86	2	caraṇa|sabrahmacārin
P.6.3.87	1	satīrthya
P.6.3.88	2	samānodarya|sodarya
P.6.3.89	2	sadṛś|sadṛśa
P.6.3.90	7	iyant|kiyant|kīdṛś|kīdṛśa|yādṛkṣa|īdṛś|īdṛśa
P.6.3.91	7	sarvanāman|tādṛś|tādṛśa|tāvant|yādṛś|yādṛśa|yāvant
P.6.3.92	8	devadryañc|kadryañc|tadryañc|viśvācī|viṣvadryañc|viṣvagañcana|viṣvagyuj|yadriyañca
P.6.3.93	1	samyañc
P.6.3.94	1	tiryañc
P.6.3.95	1	sadhryañc
P.6.3.96	2	sadhamāda|sadhastha
P.6.3.97	8	antarīpa|dvīpa|nīpa|samāpa|samīpa|udīpa|upalakṣaṇa|upasarga
P.6.3.98	3	anvīpa|anūpa|avagraha
P.6.3.99	7	anya|anyad|anyadrāga|anyadutsuka|anyadāśā|anyadīya|anyatkāraka
P.6.3.100	4	anya|anyad|anyadartha|anyārtha
P.6.3.101	5	kad|kadanna|kadaśva|kaduṣṭra|kadākāra
P.6.3.102	2	kadratha|kadvada
P.6.3.103	1	kattṛṇa
P.6.3.104	3	kā|kākṣa|kāpatha
P.6.3.106	2	kupuruṣa|kāpuruṣa
P.6.3.107	4	kaduṣṇa|kava|kavoṣṇa|koṣṇa
P.6.3.108	3	kava|kavapatha|kāpatha
P.6.3.109	15	balāhaka|bṛsī|diś|gūḍhotman|haṃsa|jīmūta|mayūra|nirukta|piśāca|pṛṣodara|pṛṣotthāna|siṃha|ulūkhala|vikṛti|śmaśāna
P.6.3.110	4	ahan|ahna|sāyāhna|vyahan
P.6.3.111	3	barh|gardh|tarh
P.6.3.112	7	sah|soḍhar|soḍhavya|vah|varṇa|voḍhar|voḍhavya
P.6.3.113	6	nigama|sah|sapatna|sāḍhar|sāḍhvā|sāḍhyai
P.6.3.114	1	saṃhita
P.6.3.115	13	aṣṭakarṇa|bhinnakarṇa|chidra|chinnakarṇa|dviguṇākarṇa|karṇa|maṇikarṇa|pañcakarṇa|sruvakarṇa|svastika|svastikakarṇa|triguṇākarṇa|viṣṭakarṇa
P.6.3.116	18	hṛdayāvidh|marmāvidh|nīruc|nīvṛt|parītat|parīṇah|paṭu|prāvṛṣ|ruc|sah|sthā|tigmaruc|upānah|vibhāṣā|vidh|śvāvidh|ṛtāṣah|ṛtīṣah
P.6.3.117	15	asipatravana|bhañjanāgiri|kiṃśuluka|koṭara|koṭarāvaṇa|kukkuṭāgiri|kṛṣṇagiri|lohitāgiri|miśrakāvaṇa|naḍāgiri|puraga|puragāvaṇa|sidhraka|sārikāvaṇa|śālvāgiri
P.6.3.118	2	dantāvala|kṛṣīvala
P.6.3.119	11	ajiravatī|amarāvatī|cakravākavatī|campakavatī|haṃsakavatī|haṃsavant|khadiravant|kāraṇḍavavatī|pulinavatī|puṣkarāvatī|vrīhimant
P.6.3.120	9	ahīvatī|dhūmāvatī|hanūmant|kapīvant|maṇīvatī|munīvatī|vaṃśāvatī|śarāvatī|śucīvatī
P.6.3.121	4	kapīvaha|munīvaha|pīluvaha|ṛṣīvaha
P.6.3.122	6	nīkleda|praseva|pratikāśa|pratīkāśa|upasarga|vīmārga
P.6.3.123	2	nīkāśa|vīkāśa
P.6.3.124	1	dā
P.6.3.125	2	aṣṭan|aṣṭāvakra
P.6.3.126	1	aṣṭan
P.6.3.127	1	citīka
P.6.3.128	4	upalakṣaṇa|viśvarāj|viśvārāj|viśvāvasu
P.6.3.129	2	viśvanara|viśvānara
P.6.3.130	2	viśvamitra|viśvāmitra
P.6.3.131	5	aśvavant|indriyāvant|mantra|somavant|viśvadevyāvant
P.6.3.132	2	oṣadhi|vibhakti
P.6.3.133	7	gha|kūmanas|makṣu|nu|tu|uruṣy|śru
P.6.3.134	1	su
P.6.3.137	11	hastāhasti|jalāṣah|keśākeśi|nāraka|puruṣa|śvādanta|śvādaṃṣṭrā|śvākarṇa|śvāpada|śvāpuccha|śvāvarāha
P.6.3.139	1	saṃprasāraṇa
P.6.3.142	1	indra
P.6.4.2	5	chid|hvā|jīna|viddhi|vā
P.6.4.4	1	tri
P.6.4.5	6	bahvṛca|catvar|dhātar|taittirīya|tri|ubhayathā
P.6.4.6	1	nar
P.6.4.8	1	sarvanāmasthāna
P.6.4.9	3	nigama|takṣan|ṛbhukṣan
P.6.4.10	1	mahant
P.6.4.11	11	hotar|kṣattar|mātar|napāt|neṣṭar|potar|praśāstar|svasar|tarhi|tvaṣṭar|yadi
P.6.4.12	3	aryaman|han|pūṣan
P.6.4.14	4	gomant|gomat|gomaty|gras
P.6.4.15	11	idām|mathīn|pac|pakti|pathīn|pratām|praśām|rājān|āntra|śam|ṛbhukṣīn
P.6.4.16	4	ci|gam|han|stu
P.6.4.17	1	tan
P.6.4.18	1	kram
P.6.4.19	6	akṣadyū|div|praśna|saṃnipāta|viśna|śabdaprāch
P.6.4.20	12	jvar|jūr|jūrṇa|mav|mū|srīv|srū|tvar|tūr|tūrṇa|ū|ūta
P.6.4.21	8	mur|mūrch|mūrta|mūrti|tur|turv|tvar|tūrṇa
P.6.4.22	1	sidh
P.6.4.23	1	añj
P.6.4.24	5	dhvaṃs|lag|nah|nand|sraṃs
P.6.4.25	3	daṃś|sañj|svaj
P.6.4.26	1	raj
P.6.4.27	2	raṅga|rāga
P.6.4.28	3	java|syada|syanda
P.6.4.29	5	avoda|edha|himaśratha|odma|praśratha
P.6.4.30	2	ac|pratyañc
P.6.4.31	2	skand|syad
P.6.4.32	5	bhañj|majj|majjana|naś|raj
P.6.4.33	1	bhañj
P.6.4.34	3	mitraśis|śiṣṭa|śās
P.6.4.35	1	śās
P.6.4.36	1	han
P.6.4.37	15	anunāsika|gam|ghar|han|man|nam|ram|tan|tarṇ|tati|upadeśa|van|vati|yam|yati
P.6.4.38	4	gam|nam|tan|vikalpa
P.6.4.39	4	manti|tanti|vanti|yanti
P.6.4.40	2	adhvagat|gat
P.6.4.41	5	abjā|avāvan|kūpakhā|sā|vijāvan
P.6.4.42	5	jan|khan|khāti|san|sāti
P.6.4.43	3	jan|khan|san
P.6.4.44	1	tan
P.6.4.45	3	santi|sati|sāti
P.6.4.47	3	bhrajj|bhrajjana|bhraṣṭavya
P.6.4.49	4	bebhiditavya|bhid|mavy|īrṣy
P.6.4.50	2	dṛṣady|samidhy
P.6.4.51	1	utpuccha
P.6.4.52	5	bhakṣ|gar|har|jñā|niṣṭha
P.6.4.53	2	janayitar|janitar
P.6.4.54	2	śamayitar|śamitar
P.6.4.55	5	gaṇḍay|poṣayiṣṇu|spṛhayālu|spṛhayāyya|stanayitnu
P.6.4.56	2	gaṇay|kathay
P.6.4.57	3	i|lākṣaṇika|āp
P.6.4.58	2	plu|yu
P.6.4.59	1	kṣi
P.6.4.60	2	akṣita|kṣi
P.6.4.61	3	dainya|kṣi|kṣitāyus
P.6.4.62	10	ci|darś|dhā|dā|grabh|han|upadeśa|vadh|vighātin|śam
P.6.4.63	2	dī|upadāna
P.6.4.64	4	pradhā|pradā|pā|rā
P.6.4.66	8	dhā|dā|gā|hā|mā|pā|sthā|sā
P.6.4.67	8	dhā|dā|gā|hā|mā|pā|sthā|sā
P.6.4.68	5	ghrā|glā|jñā|mlā|pā
P.6.4.69	7	dhā|dā|gā|hā|mā|pā|sā
P.6.4.70	1	mā
P.6.4.72	1	īh
P.6.4.73	3	aś|naś|var
P.6.4.74	1	mā
P.6.4.75	3	mā|vap|ūnay
P.6.4.76	1	dhā
P.6.4.77	5	bhrū|kṣi|lū|nī|pū
P.6.4.79	1	strī
P.6.4.81	2	i|āyaka
P.6.4.82	6	durdhī|grāmaṇī|krī|nī|unnī|śiṣ
P.6.4.83	3	khalapū|lū|ullū
P.6.4.84	5	dṛnbhū|karabhū|kārabhū|punarbhū|varṣābhū
P.6.4.85	3	bhū|pratibhū|sudhī
P.6.4.86	1	ubhayathā
P.6.4.87	3	hu|sārvadhātuka|yu
P.6.4.88	1	bhū
P.6.4.89	2	guh|nigūhaka
P.6.4.90	1	duṣ
P.6.4.91	2	duṣ|virāga
P.6.4.92	2	ghaṭ|śam
P.6.4.93	6	paraka|sthānivat|tam|vidhāna|śam|śāmam
P.6.4.94	2	dviṣaṃtapa|puraṃdara
P.6.4.95	2	hlād|prahlatti
P.6.4.96	5	chāda|dantacchada|pracchada|samupacchāda|tanucchada
P.6.4.97	5	chad|chadman|chattra|dhāmacchad|halya
P.6.4.98	5	gam|ghas|han|jan|khan
P.6.4.99	2	pat|tan
P.6.4.100	3	bhas|gdhi|sagdhi
P.6.4.101	4	chid|hu|rud|svap
P.6.4.102	4	kar|par|var|śru
P.6.4.103	3	prī|ram|yam
P.6.4.107	1	ci
P.6.4.108	1	kar
P.6.4.109	1	kar
P.6.4.110	1	kar
P.6.4.112	4	abhyasta|hā|lū|mā
P.6.4.113	1	mā
P.6.4.114	3	drā|gaumāyana|nirmūla
P.6.4.115	1	bhī
P.6.4.116	1	hā
P.6.4.117	1	hā
P.6.4.118	1	hā
P.6.4.119	3	as|dhā|dā
P.6.4.120	6	am|menakā|naś|pac|vap|yaj
P.6.4.121	4	bhaṇ|div|pac|tsar
P.6.4.122	4	bhaj|phal|tar|trap
P.6.4.123	1	rādh
P.6.4.124	3	bhram|jar|tras
P.6.4.125	7	bhlāś|bhrāj|bhrāś|phaṇ|rāj|svan|syam
P.6.4.126	9	bhāgavṛtti|dar|dā|lū|vam|vart|yu|śar|śas
P.6.4.127	3	arvan|dalatar|vayasya
P.6.4.128	3	maghavan|māghavana|māghavata
P.6.4.130	2	dvipad|pad
P.6.4.131	2	pac|saṃprasāraṇa
P.6.4.132	4	dityavah|praṣṭhavāh|vah|viśvavah
P.6.4.133	4	maghavan|yuvan|śauvana|śvan
P.6.4.135	8	aukṣṇa|bhrauṇaghna|dhārtarājña|dhṛtarājan|sāmana|tākṣaṇya|tākṣṇa|vārtraghna
P.6.4.137	2	pratidivan|somya
P.6.4.139	1	udañc
P.6.4.140	1	viśvapā
P.6.4.141	2	nakṣatriya|tmanā
P.6.4.142	3	dvāviṃśa|viṃśa|viṃśaka
P.6.4.144	15	bhādraśarmi|jaitvāyani|lauma|saudāmeya|saulohya|saulābhya|saunāmi|saupāmāyani|sābrahmacāra|sāyaṃprātika|vaima|vāgmāyana|vārkavañcaka|āgniśarmāyaṇa|śilālin
P.6.4.145	4	ahan|ahīna|dvyaha|dvyahīna
P.6.4.146	2	bābhravya|svāyaṃbhuva
P.6.4.147	4	kādraveya|kāmaṇḍaleya|laikhābhreya|śaitibāheya
P.6.4.148	2	dauleya|saurya
P.6.4.149	7	agastī|agastīya|matsya|saurya|saurīya|taiṣa|tiṣya
P.6.4.150	5	gārgī|janyīya|kārikeyi|vaidya|vātsī
P.6.4.151	7	gārgaka|kārikeyi|mānuṣyaka|saumya|vātsaka|yauvanaka|āpatya
P.6.4.152	4	gārgībhūta|gārgīy|kar|kārikeyi
P.6.4.153	20	aikṣuka|bailvaka|bilvakīyā|ikṣukīyā|kapotakīyā|krauñcaka|kruñcakīya|kāpotaka|kāṣṭhaka|kāṣṭhakīyā|takṣakīyā|tākṣaka|tārṇaka|tṛṇakīyā|vaitasaka|vaitraka|vaiṇuka|vetasakīya|vetrakīya|veṇukīya
P.6.4.154	4	dohīyaṃs|kariṣṭha|vijayiṣṭha|āsuti
P.6.4.155	4	bhāradvājīya|paṭiman|saṃmaniman|vimaniman
P.6.4.156	10	dūra|hrasiman|hrasva|kṣepiman|kṣipra|kṣudra|sthaviṣṭha|sthavīyaṃs|yaviṣṭha|yavīyaṃs
P.6.4.157	21	baṃhiman|baṃhiṣṭha|baṃhīyaṃs|drāghiman|dīrgha|gariman|guru|priya|spheman|spheyaṃs|sphira|stheyaṃs|stheṣṭha|tṛpra|uru|variman|varṣiṣṭha|varṣīyaṃs|vṛddha|vṛndiṣṭha|vṛndāraka
P.6.4.158	3	bhūman|bhūyaṃs|bhūyiṣṭha
P.6.4.159	5	atha|rāga|tatas|yadi|āho
P.6.4.160	1	jyāyaṃs
P.6.4.161	10	bhṛś|darh|kṛśa|kṛṣṇiman|mradiman|mradiṣṭha|mṛdu|parivṛḍha|prathiman|pṛthu
P.6.4.162	1	ṛju
P.6.4.163	5	srajiṣṭha|tvaciṣṭha|tvacīyaṃs|tvagvant|vasiṣṭha
P.6.4.164	4	dāṇḍa|maidhāva|srāgviṇa|sāṃkūṭina
P.6.4.165	10	gaṇin|gāthin|gāthina|gāṇina|kaiśina|keśin|paṇin|pāṇina|vaidathina|vidathin
P.6.4.166	3	cākriṇa|srāgviṇa|śāṅkhina
P.6.4.167	3	sautvana|sāmana|vaimana
P.6.4.168	3	brahmaṇya|sāmanya|vaimanya
P.6.4.169	4	adhvanīna|pratyātma|prādhva|ātmanīna
P.6.4.170	6	bhādrasāma|cākravarmaṇa|cārmaṇa|sausāma|sautvana|suṣāman
P.6.4.171	2	brāhma|brāhmaṇa
P.6.4.172	2	kārma|kārmaṇa
P.6.4.173	2	aukṣa|aukṣṇa
P.6.4.174	13	aikṣvāka|bhrauṇahatya|cāmasāyana|dhaivatya|dāṇḍināyana|hiraṇmaya|hāstināyana|ikṣvāku|jaihmāśineya|maitreya|sārava|vāsināyani|ātharvaṇika
P.6.4.175	4	hiraṇyaya|mādhva|vāstva|ṛtviya
P.7.1.1	7	bhujyu|cirantana|jñā|naigamika|nandana|śiṣyatva|śri
P.7.1.2	7	chāgaleyin|gārgīya|gāṅgeya|kāmaṇḍaleya|paitṛṣvasrīya|prātijanīna|āmragupta
P.7.1.4	4	abhyasta|dhā|drā|jakṣ
P.7.1.6	2	grahaṇa|śī
P.7.1.7	1	vid
P.7.1.8	3	bahula|darś|duh
P.7.1.10	1	nada
P.7.1.11	2	adas|imaka
P.7.1.13	2	saṃnipāta|vighātaka
P.7.1.14	1	sarvanāman
P.7.1.16	8	adhara|apara|avara|dakṣiṇa|para|pūrva|sva|uttara
P.7.1.19	2	napuṃsaka|svapnaj
P.7.1.21	5	aṣṭan|gauṇa|nirdeśa|prādhānya|vaikalpika
P.7.1.22	3	kati|yati|ṣaṣ
P.7.1.24	1	yadi
P.7.1.25	5	anya|anyatara|itara|katama|katara
P.7.1.26	1	itara
P.7.1.28	1	prathama
P.7.1.30	7	atha|bhū|car|duṣ|nirdoṣa|pakṣa|yadi
P.7.1.34	1	div
P.7.1.35	3	bhū|brū|marj
P.7.1.36	4	sāmarthya|vart|vid|vidvaṃs
P.7.1.38	3	ar|arc|dhā
P.7.1.39	16	anuṣṭhyā|asma|brāhmaṇa|chāndasatva|cyu|dhīti|dhṛṣṇuyā|path|sarasī|suṣṭuti|sādhuyā|tāt|uruyā|vasantā|yu|yāt
P.7.1.40	1	kram
P.7.1.41	2	duh|śī
P.7.1.42	1	var
P.7.1.43	1	yaj
P.7.1.44	2	khan|sarj
P.7.1.45	4	dhā|juṣ|pratibandha|śru
P.7.1.46	3	dīp|jabh|vas
P.7.1.47	2	dā|gam
P.7.1.48	1	yaj
P.7.1.49	2	pā|snā
P.7.1.50	2	para|sakṛdgati
P.7.1.51	13	aśvasy|aśvīy|dadhisy|dadhyasy|kṣīrasy|kṣīrīy|lavaṇasy|lavaṇīy|madhusy|madhvasy|vṛṣasy|vṛṣīy|ātmaprīti
P.7.1.52	2	kalp|sarvanāman
P.7.1.53	4	api|samudra|tri|vastutas
P.7.1.54	1	nada
P.7.1.55	6	catvar|kati|pañcan|prādhānya|yati|ṣaṣ
P.7.1.56	3	grāmaṇī|sūta|śrī
P.7.1.57	1	go
P.7.1.58	2	huṇḍ|kuṇḍ
P.7.1.59	13	anuṣaṅga|darp|kart|khid|lip|lup|muc|piś|sañj|sic|tarph|tup|vid
P.7.1.60	5	majj|maṅktar|naś|naṃṣṭar|naṃṣṭavya
P.7.1.61	6	jabdhar|jabh|jambhaka|radh|randhaka|randhana
P.7.1.63	2	rabh|ārambhaka
P.7.1.64	3	labh|lambhaka|pṛthagyogakaraṇa
P.7.1.65	1	ālambhya
P.7.1.66	2	upalabhya|upalambhya
P.7.1.67	6	duṣpralambha|niyama|pralambha|supralambha|vipralambha|īṣat
P.7.1.68	6	durlabha|durlābha|su|sulabha|sulābha|yadā
P.7.1.69	3	labh|lambham|lābham
P.7.1.70	5	gomant|gomaty|parṇadhvas|sarvanāmasthāna|ukha
P.7.1.71	4	dhā|suyuj|yuj|ātmanepadin
P.7.1.72	2	div|pur
P.7.1.73	1	vibhakti
P.7.1.74	5	bhāṣitapuṃska|grāmaṇī|gālava|puṃvat|pīlu
P.7.1.75	5	akṣan|akṣi|asthan|dadhi|sakthan
P.7.1.76	5	akṣan|akṣaṇvant|antara|asthan|kart
P.7.1.77	2	akṣi|dvivacana
P.7.1.78	2	abhyasta|jakṣ
P.7.1.80	1	nada
P.7.1.82	1	anaḍvāh
P.7.1.83	7	dṛś|sadṛś|svatavas|svavas|tādṛś|yādṛś|īdṛś
P.7.1.85	6	math|path|praśleṣa|vyakti|śuddha|ṛbhukṣan
P.7.1.86	2	sarvanāmasthāna|ṛbhukṣan
P.7.1.88	2	path|ṛbhukṣan
P.7.1.89	1	pumaṃs
P.7.1.90	5	div|go|smṛto|u|upalakṣaṇa
P.7.1.92	1	sakhi
P.7.1.94	6	anehas|mādhyaṃdini|purudaṃśas|saṃbodhana|uśanas|vyāghrapad
P.7.1.95	2	kroṣṭar|kroṣṭu
P.7.1.96	1	kroṣṭar
P.7.1.97	2	kroṣṭar|kroṣṭu
P.7.1.98	4	anaḍuhī|anaḍvāh|anaḍvāhī|catvar
P.7.1.99	3	anaḍvāh|catvar|saṃbuddhi
P.7.1.100	3	catvar|kar|lākṣaṇika
P.7.1.102	8	dantya|mar|oṣṭhya|par|pūrta|smar|var|īr
P.7.1.103	3	jaguri|papri|papuri
P.7.2.1	5	ci|kar|lū|plu|vṛddhi
P.7.2.2	9	aṭ|hmal|jval|kṣar|mīl|sur|tsar|vabhr|śvall
P.7.2.3	4	bhid|pac|vad|vraj
P.7.2.4	3	div|kuṣ|muṣ
P.7.2.5	12	gar|grabh|has|il|kakh|kṣan|rag|syam|vam|śvas|śvā|ūnay
P.7.2.6	1	ūrṇu
P.7.2.7	3	gad|kaṇ|takṣ
P.7.2.8	6	bhas|dīp|dīpra|kṛt|pad|īś
P.7.2.9	19	akṣara|dhūrta|dīpti|koṣṭha|kukṣi|kāṣṭha|lota|nigṛhīti|nikuciti|nipaṭhiti|pattra|pota|prathiti|saktu|tanti|tantra|upasnihiti|vatsa|śalka
P.7.2.10	138	ad|adhika|bandh|bhaj|bhañj|bhid|bhrajj|bhuj|bhāṣ|budh|chid|chup|ci|cāndra|dah|dar|darp|darś|daṃś|dhī|dih|diś|drā|duh|duṣ|dviṣ|gar|ghas|had|han|i|karṣ|khid|krudh|kruś|kṣip|kṣu|kṣud|kṣudh|kṣṇu|labh|lih|lip|lup|lū|majj|man|marj|marś|mih|+88
P.7.2.11	8	gar|jāgarita|kṛt|lū|var|yu|śri|ūrṇu
P.7.2.12	4	bhū|grabh|guh|ru
P.7.2.13	9	bhar|dru|kar|kṣubh|sar|sru|stu|var|śru
P.7.2.14	6	dīp|laj|niṣṭha|vij|śūna|ḍī
P.7.2.15	5	guh|pat|upādhi|vṛddha|śasta
P.7.2.16	6	kṣvid|mid|svid|vam|śvas|śvit
P.7.2.17	5	mid|saunāga|ādikarman|śak|śakta
P.7.2.18	15	bāḍha|dhvan|kṣubdha|lag|mantha|mlich|mādhava|phāṇita|phāṇṭa|ribh|svan|svānta|varṇay|vāh|śāstra
P.7.2.19	7	cintya|dharṣ|haradatta|niyama|vaiyātya|yā|śas
P.7.2.20	1	darh
P.7.2.21	2	barh|parivṛḍha
P.7.2.22	2	kaṣ|kṛcchra
P.7.2.23	2	ghuṣ|viśabdana
P.7.2.24	2	ard|vyarṇa
P.7.2.25	3	abhyarṇa|ard|āvidūrya
P.7.2.26	1	vṛtta
P.7.2.27	9	chad|dam|das|jñā|par|paś|spaś|śam|śānta
P.7.2.28	7	am|ghuṣ|manda|ruṣ|svan|tvar|tūrṇa
P.7.2.29	1	harṣ
P.7.2.30	1	ci
P.7.2.31	3	ahruta|hru|hvar
P.7.2.32	2	aparihvṛta|kaṣṭa
P.7.2.34	25	am|cat|gras|jval|kas|kṣam|kṣar|pradarśana|praśāsitar|praśāstar|skabh|stabh|taritar|tarutar|tarītar|tarūtar|vam|varitar|varutar|varītar|varūtar|viśasitar|viśastar|śaṃsitar|śaṃstar
P.7.2.35	1	ārdhadhātuka
P.7.2.36	2	kram|snu
P.7.2.37	1	grabh
P.7.2.38	3	star|tar|var
P.7.2.39	1	var
P.7.2.40	2	ad|var
P.7.2.41	2	tar|var
P.7.2.42	1	var
P.7.2.43	4	bhakta|dhvar|plu|smar
P.7.2.44	5	dhū|gup|gāh|su|svar
P.7.2.45	11	apara|darp|druh|eka|laj|muh|naś|radh|snih|snuh|tarp
P.7.2.46	2	kuṣ|nilayana
P.7.2.47	2	kuṣ|niṣṭha
P.7.2.48	7	iṣ|kāśyapa|lubh|prāmāṇya|riṣ|ruṣ|sah
P.7.2.49	11	ardh|bhrajj|dabh|div|drā|jñā|san|svar|yu|śri|ūrṇu
P.7.2.50	2	kliś|niṣṭha
P.7.2.51	1	pū
P.7.2.52	2	kṣudh|vas
P.7.2.53	1	ac
P.7.2.54	3	lubh|vimohana|ākulīkar
P.7.2.55	2	jar|vraśc
P.7.2.56	2	dam|śam
P.7.2.57	5	cart|chard|kart|nart|tard
P.7.2.58	1	gam
P.7.2.59	5	syad|vardh|vart|vṛt|śardh
P.7.2.60	1	kalp
P.7.2.61	7	bhid|ci|dhū|ghas|lū|vā|yā
P.7.2.62	7	añj|bhid|grabh|karṣ|pac|rādh|yaj
P.7.2.63	9	bhāradvāja|dhvar|nivartaka|niyama|nyāya|pac|saṃgraha|smar|yoga
P.7.2.64	6	bhū|grabh|nigama|pratiṣedha|tan|var
P.7.2.65	2	darś|sarj
P.7.2.66	3	ad|ar|vyā
P.7.2.67	9	ad|aś|bhid|chid|drā|ghas|pac|pā|śri
P.7.2.68	4	bhāvya|gam|vid|viś
P.7.2.69	1	san
P.7.2.70	1	han
P.7.2.71	1	añj
P.7.2.72	4	dhū|stu|su|vā
P.7.2.73	4	nam|ram|yam|yā
P.7.2.74	6	ar|añj|aś|pū|smi|vyudāsa
P.7.2.75	6	dar|dhar|gar|kar|prach|sarj
P.7.2.76	6	an|jakṣ|rud|svap|sārvadhātuka|śvas
P.7.2.77	3	doṣavant|jan|īś
P.7.2.78	3	doṣavant|jan|īḍ
P.7.2.79	1	liṅ
P.7.2.80	1	sthānin
P.7.2.82	1	bhakta
P.7.2.83	1	ās
P.7.2.84	3	aṣṭan|aṣṭatva|vibhakti
P.7.2.85	1	rai
P.7.2.86	2	mat|tvat
P.7.2.87	2	dvitīya|sārvadhātuka
P.7.2.88	1	prathama
P.7.2.90	6	atima|ativayam|atiyūyam|atyaham|bādh|vipratiṣedha
P.7.2.91	1	paryanta
P.7.2.92	1	dvivacana
P.7.2.95	1	sārvadhātuka
P.7.2.97	6	atima|atitvam|ativayam|atiyūyam|atyaham|ekavacana
P.7.2.98	9	antaraṅga|bahiraṅga|mady|mat|mattara|tvady|tvat|tvattara|yuṣmadīya
P.7.2.99	1	tri
P.7.2.100	2	jñā|tri
P.7.2.101	3	atijara|jaras|nirjaras
P.7.2.102	3	atityad|sa|saṃbodhana
P.7.2.103	1	ka
P.7.2.104	1	kuha
P.7.2.105	1	kva
P.7.2.106	2	sa|sāvakāśa
P.7.2.107	1	adas
P.7.2.110	1	ukti
P.7.2.112	2	ana|imaka
P.7.2.114	3	marj|mārṣṭavya|vṛddhi
P.7.2.115	2	nicāya|niṣpāva
P.7.2.117	2	samudāya|suśrut
P.7.3.1	12	devaka|dārghasattra|dātyauha|dāvika|dāvikākūla|kuṇarabāḍava|pūrvadevikā|pūrvadāvika|pūrvaśāṃśapa|śrāyasa|śāṃśapa|śāṃśapāsthala
P.7.3.2	6	kaikeya|karaka|kekaya|maitreya|maitreyaka|prāleya
P.7.3.3	4	nrārthi|sauvaśva|vaiyasana|vaiyākaraṇa
P.7.3.4	13	dauvārika|karaka|sauvara|sauvādumṛdava|sphaiyakṛta|sphyakṛta|svar|svara|svādhyāya|vaiyalkaśa|vyalkaśa|śvan|śvas
P.7.3.5	3	naiyagrodha|nyāgrodhamūla|vyutpatti
P.7.3.6	3	vyatihāra|vyāvahāsī|vyāvakrośī
P.7.3.7	11	svadhvara|svādhvarika|svāgata|svāgatika|svāpateya|svāṅgi|vyavahāra|vyaṅga|vyāvahārika|vyāḍi|vyāṅgi
P.7.3.8	2	śvābhastri|śvādaṃṣṭri
P.7.3.9	3	padānta|śauvāpada|śvāpada
P.7.3.10	1	uttarapada
P.7.3.11	3	aparahaimana|paurvavarṣika|pūrvavārṣika
P.7.3.12	3	ardhapāñcālaka|sarvapāñcālaka|supāñcālaka
P.7.3.13	5	aparapāñcālaka|dakṣiṇapāñcālaka|paurvamadra|paurvapañcālaka|pūrvapāñcālaka
P.7.3.14	4	aparakānyakubja|prāñc|pūrvapāṭaliputraka|pūrveṣukāmaśamī
P.7.3.15	8	dvaisamika|dvisāptatika|dvisāṃvatsarika|dviṣāṣṭika|parimāṇa|saṃkhya|sāptatika|sāṃvatsarika
P.7.3.16	5	bhaviṣyattā|dvaivarṣika|dvivārṣika|traivarṣika|vārṣika
P.7.3.17	7	kauḍavika|kulija|naiṣkika|parimāṇa|pāñcalohitika|sauvarṇika|śāṇa
P.7.3.18	5	bhadrapāda|paryāya|prauṣṭhapada|proṣṭhapada|proṣṭhapāda
P.7.3.19	11	bhaga|daurbhāgiṇeya|daurbhāgya|hṛd|pānasindhu|saktusindhu|saubhāgineya|saubhāgya|sauhārda|subhaga|sāktusaindhava
P.7.3.20	25	aihalaukika|anuśatika|asyahatya|badhyoga|bādhyogāyana|caturvidya|kata|kaurukatya|kaurupañcāla|kuru|paraloka|parastrī|pauṣkarasādi|prayoga|puṣkarasad|rājapauruṣya|sarvabhūmi|sarvapuruṣa|sautranāḍi|sārvabhauma|sūtranaḍa|udakaśuddha|ānuhārati|ānuśātika|āsyahātya
P.7.3.21	4	dvaṃdva|skāndaviśākha|viśākha|āgnimāruta
P.7.3.22	3	aindrāgna|saumendra|āgnendra
P.7.3.23	3	aindrāvaruṇa|maitrāvaruṇa|āgnivāruṇa
P.7.3.24	5	madranagara|mādranagara|pauṇḍranāgara|prāñc|sauhmanāgara
P.7.3.25	9	balaja|bhāṣ|dhenu|jaṅgala|kaurujaṅgala|kurujāṅgala|sauvarṇabalaja|vaiśvadhainava|vaiśvadhenava
P.7.3.26	4	ardha|ardhadrauṇika|parimāṇa|ārdhakaṃsika
P.7.3.27	6	ardha|ardhakauḍavika|ardhakaṃsika|ardhaprasthika|ārdhakaṃsika|ārdhaprasthika
P.7.3.28	3	pravāhaṇa|pravāhaṇeya|prāvāhaṇeya
P.7.3.29	6	bādh|bāhya|pravāhaṇeyaka|pravāhaṇeyi|prāvāhaṇeyaka|prāvāhaṇeyi
P.7.3.30	12	a|akauśala|akṣaitrajñya|akṣetrajña|anaipuṇa|anaiśvarya|aśauca|ākauśala|ākṣaitrajñya|ānaipuṇa|ānaiśvarya|āśauca
P.7.3.31	10	a|ayathāpuram|ayathātatham|ayāthatathya|ayāthāpurya|paryāya|uṣas|āyathāpurya|āyathātathya|āśraya
P.7.3.32	3	ghāta|ghātaka|han
P.7.3.33	6	dhā|dhāya|dhāyaka|dā|dāyaka|kṛt
P.7.3.34	19	cāraka|dam|dama|damaka|pāṭhaka|rāmaka|tam|tama|tamaka|udyama|udātta|upadeśa|uparama|vāma|yāmaka|ācāmaka|śam|śama|śamaka
P.7.3.35	6	jan|janaka|prajana|vadh|vadha|vadhaka
P.7.3.36	12	ar|dhā|dā|grāhya|hrī|i|ji|knūy|kṣmāy|ri|vlī|vrī
P.7.3.37	11	chā|dhū|dhūnay|hvā|kavirahasya|prī|pā|sā|vyā|vā|śā
P.7.3.38	4	kampana|vidhūnana|vājay|vāpay
P.7.3.39	3	lī|vilīna|vipātana
P.7.3.40	2	bhī|hetu
P.7.3.41	1	sphāy
P.7.3.42	2	śad|śat
P.7.3.43	1	ruh
P.7.3.44	7	bahuka|kāraka|nandana|nauka|parivrājaka|rākā|śaka
P.7.3.45	4	prāñc|saka|sūtaka|yaka
P.7.3.46	13	aśvaka|bodhaka|caṭakakā|caṭakikā|ibhyakā|kṣatriyakā|mūṣikakā|mūṣikikā|parigraha|sthāna|sāṃkāśyaka|śubhaṃyikā|śubhaṃyā
P.7.3.47	21	abhastrakā|ajakā|ajikā|ajña|ajñakā|ajñikā|anajakā|asvaka|bahubhastrakā|bhastrakā|bhastrā|bhastrākā|dvaka|etad|jñaka|jñikā|nirbhastraka|sthānika|svaka|viśeṣaṇa|vyabhicāra
P.7.3.48	3	khaṭvakā|khaṭvikā|śeṣādhikārīya
P.7.3.49	2	khaṭvākā|trairūpya
P.7.3.50	4	devika|kāśika|lāvaṇika|parpika
P.7.3.51	9	auṣika|dauṣka|dhānuṣka|lākṣaṇika|mātṛka|naiṣādakarṣuka|yākṛtka|āśiṣika|śākṛtka
P.7.3.52	4	bhāga|garjya|pākya|vākya
P.7.3.53	21	bhṛgu|dūrepāka|kapotapāka|kṣaṇepāka|madgu|megha|māṃsapāka|mūlapāka|nidāgha|nyagrodha|nyaṅku|phalepāka|pāka|pāku|takra|ulūkapāka|upasarga|vakra|vyatiṣaṅga|vīrudh|śvapāka
P.7.3.54	5	ghāta|ghātaka|han|prahāra|prahāraka
P.7.3.55	1	han
P.7.3.56	1	hi
P.7.3.57	1	ji
P.7.3.58	1	ci
P.7.3.59	13	garja|garjya|gluñc|gruc|kharja|kharjya|khyā|kūja|kūjya|par|prāmāṇya|vārttikakāra|yathottara
P.7.3.60	5	aj|parivrāja|pārivrājya|samāja|udāja
P.7.3.61	3	bhuja|nyubja|upatāpa
P.7.3.62	6	anuyāga|anuyāja|prayāga|prayāja|upayāja|ṛtuyāja
P.7.3.63	3	vañc|vañcya|vaṅkya
P.7.3.64	1	oka
P.7.3.65	3	avaśyam|pācya|āvaśyaka
P.7.3.66	6	cintya|pravācya|pūjya|rocya|yācya|yājya
P.7.3.67	2	vācya|vākya
P.7.3.68	4	niyogya|niyojya|prayogya|prayojya
P.7.3.69	8	abhyavahārya|bhakṣ|bhakṣya|bhogya|bhojya|khara|kāraṇa|viśada
P.7.3.70	2	a|dhā
P.7.3.71	4	chā|dā|sā|śā
P.7.3.72	1	duh
P.7.3.73	6	dantya|dih|duh|grabh|guh|lih
P.7.3.74	8	bhram|dam|klam|kṣam|mad|tam|śam|śram
P.7.3.75	2	cam|klam
P.7.3.76	1	kram
P.7.3.77	4	gam|iṣ|yam|śiṣ
P.7.3.78	11	arch|dham|dhāv|ghrā|mnā|paś|pā|sad|sar|sthā|śī
P.7.3.79	2	jan|jñā
P.7.3.80	2	lū|pū
P.7.3.81	2	mi|nigama
P.7.3.82	2	ci|mid
P.7.3.83	3	bhar|bhī|hu
P.7.3.84	2	sārvadhātuka|ārdhadhātuka
P.7.3.85	5	gar|jāgaraka|jāgarin|jāgarita|jāgṛvi
P.7.3.86	6	ar|hrī|knūy|laghu|ri|tadrūpa
P.7.3.87	4	abhyasta|hu|nij|viṣ
P.7.3.88	2	bhū|su
P.7.3.89	4	luk|nu|vṛddhi|yu
P.7.3.90	1	ūrṇu
P.7.3.91	2	apṛkta|ūrṇu
P.7.3.92	1	tarh
P.7.3.93	1	brū
P.7.3.94	5	har|lap|ru|vad|var
P.7.3.95	7	am|kū|ru|stu|tu|āpiśala|śam
P.7.3.96	3	apṛkta|as|su
P.7.3.97	1	as
P.7.3.98	5	an|jakṣ|rud|svap|śvas
P.7.3.99	5	an|gālava|gārgya|jakṣ|svap
P.7.3.100	1	ad
P.7.3.106	1	saṃbuddhi
P.7.3.107	5	akkā|allā|ambā|devatā|māta
P.7.3.110	1	sarvanāmasthāna
P.7.3.113	1	lākṣaṇika
P.7.3.114	1	sarvanāman
P.7.3.115	2	dvitīya|tṛtīya
P.7.3.116	2	grāmaṇī|nī
P.7.3.117	1	saṃniyoga
P.7.3.118	2	pati|sakhi
P.7.3.119	1	saṃniyoga
P.7.4.1	5	dā|gardha|lū|pac|paṭh
P.7.4.2	7	atirājay|bādh|mālay|mātay|yāc|śās|ḍhauk
P.7.4.3	19	bhaṇ|bhrāj|bhās|bhāṣ|caṇ|dīp|heṭh|hvā|jīv|kaṇ|lup|luṭ|luṭh|mīl|nyāsa|pīḍ|ran|vaṇ|śraṇ
P.7.4.4	1	pā
P.7.4.5	1	sthā
P.7.4.6	2	ghrā|suvīrya
P.7.4.7	4	darś|kīrtay|marj|vart
P.7.4.8	1	vardh
P.7.4.9	1	dā
P.7.4.10	4	dhvar|kṣi|smar|svar
P.7.4.11	3	ar|arch|kar
P.7.4.12	3	dar|par|śar
P.7.4.13	4	dhāka|gokā|nauka|rākā
P.7.4.16	3	ar|darś|sar
P.7.4.17	1	as
P.7.4.18	1	śvā
P.7.4.19	1	pat
P.7.4.20	1	vac
P.7.4.21	2	sārvadhātuka|śī
P.7.4.22	2	śeya|śī
P.7.4.23	1	ūh
P.7.4.24	2	i|prayoga
P.7.4.25	5	bhṛśāy|ci|i|stu|sukhāy
P.7.4.26	4	kar|mṛdū|nirmūla|svastī
P.7.4.27	4	kar|mātrīkar|mātrīy|pitrya
P.7.4.28	2	dar|dhar
P.7.4.29	3	ar|bahiraṅga|smar
P.7.4.30	4	ar|dhvar|smar|svar
P.7.4.31	2	dham|ghrā
P.7.4.32	3	divābhūta|doṣābhūta|kar
P.7.4.33	3	mālīy|putrīy|pṛthagyogakaraṇa
P.7.4.34	7	aśanāy|aśanīy|dhanāy|dhanīy|gardha|udakīy|udany
P.7.4.35	5	gā|janīy|mitrayu|putrīy|sumnayu
P.7.4.36	8	draviṇasyu|draviṇīy|durasyu|duṣṭīy|riṣaṇy|riṣṭīy|vṛṣaṇy|vṛṣīy
P.7.4.37	2	aghāyu|aśvāy
P.7.4.38	8	devāy|gā|kaṭha|kāṭhaka|sumnay|upalakṣaka|yajus|ātmaka
P.7.4.39	3	adhvary|kavy|pṛtany
P.7.4.40	4	dā|mita|sthita|sā
P.7.4.41	2	chā|śā
P.7.4.42	2	dhā|hita
P.7.4.43	1	hā
P.7.4.44	1	hā
P.7.4.45	5	dhā|nemadhita|sudhita|vasudhita|vasudhiti
P.7.4.46	4	barhis|datti|dā|vighātaka
P.7.4.47	4	durdatta|dā|sudatta|sūtta
P.7.4.48	3	ap|mithuna|pañcapādī
P.7.4.49	4	ghas|ghāsa|vas|ārdhadhātuka
P.7.4.50	1	as
P.7.4.51	1	saṃbhava
P.7.4.52	1	as
P.7.4.53	5	dhī|varṇa|vevī|ādīdhyaka|āvevyaka
P.7.4.54	9	dhā|dā|labh|mi|mā|pad|pat|rabh|śikṣ
P.7.4.55	3	ardh|jñā|āp
P.7.4.56	1	dabh
P.7.4.57	1	muc
P.7.4.58	7	calācala|carācara|dā|mi|mā|patāpata|vadāvada
P.7.4.59	2	trauk|ḍhauk
P.7.4.60	2	aṭ|glā
P.7.4.61	4	snā|spand|sthā|ścut
P.7.4.62	2	har|ṅu
P.7.4.63	2	kū|vyudāsa
P.7.4.64	2	karṣ|kṛṣīvala
P.7.4.65	20	ar|bhar|bhid|bhū|chid|dhar|dhvar|dhū|dyut|gam|kar|krand|marj|phaṇ|sarp|syad|tar|tij|upasaṃgraha|varj
P.7.4.66	2	nart|vart
P.7.4.67	3	dyut|saṃprasāraṇa|svap
P.7.4.68	1	vyath
P.7.4.69	1	i
P.7.4.70	1	aṭ
P.7.4.71	4	ard|ardh|aṅg|svābhāvika
P.7.4.72	3	aś|dīrghībhū|par
P.7.4.73	1	bhū
P.7.4.74	2	nigama|su
P.7.4.75	3	nij|vij|viṣ
P.7.4.76	3	bhar|hā|mā
P.7.4.77	5	antareṇa|ar|labhya|par|yad
P.7.4.78	5	dhan|ghar|jan|vac|vaś
P.7.4.79	4	lū|pac|pā|sthā
P.7.4.80	9	bhū|jū|lū|mū|nu|pac|pū|ru|yu
P.7.4.81	6	cyu|dru|plu|pru|sru|śru
P.7.4.82	4	hu|kruś|luk|lū
P.7.4.83	3	pac|yaj|yam
P.7.4.84	9	bhraṃs|bhraṃś|dhvaṃs|kas|pad|pat|skand|sraṃs|vañc
P.7.4.85	5	bhām|gam|ram|tan|tim
P.7.4.86	6	bhañj|dah|daṃś|jabh|jap|paś
P.7.4.87	2	car|phal
P.7.4.88	2	car|phal
P.7.4.89	3	cūrti|phulla|praphulta
P.7.4.90	7	bhrajj|nart|prach|vardh|vart|vraśc|śardh
P.7.4.91	1	nart
P.7.4.92	3	har|kar|tar
P.7.4.93	5	kathay|lū|pac|rakṣ|takṣ
P.7.4.94	2	har|pac
P.7.4.95	7	dar|mraday|paś|prath|smar|star|tvar
P.7.4.96	2	ceṣṭ|veṣṭ
P.7.4.97	1	gaṇay
P.8.1.1	2	antara|sthā
P.8.1.2	1	mreḍ
P.8.1.3	1	car
P.8.1.4	3	i|vīpsā|ābhīkṣṇya
P.8.1.5	4	pari|parihāra|sic|varjana
P.8.1.6	6	pra|pādapūraṇa|sam|sāmarthya|ud|upa
P.8.1.7	7	adhas|adhi|pratyāsatti|samīpadeśa|samīpakāla|sāmīpya|upari
P.8.1.8	18	abhirūpaka|aj|apakāra|asahana|asūyā|bhartsana|dharma|dhānuṣka|jālma|kutsana|nindana|prayoktar|ric|saṃmati|utpādana|vṛthā|ābhirūpya|āmantrita
P.8.1.9	2	bahuvrīhi|ekaika
P.8.1.10	1	ābādha
P.8.1.11	2	dvirvacana|uttara
P.8.1.12	5	ci|gam|guṇavacana|guṇavācaka|prakāra
P.8.1.13	4	priya|sukha|sukhasukha|āyāsa
P.8.1.14	2	yathāsva|yathāyatham
P.8.1.15	15	abhivyakti|añj|dvaṃdva|kram|mantray|maryādā|mithuna|mithunāy|mātar|prayoga|putra|vyutkramaṇa|yajñapātra|yuj|ācaturam
P.8.1.16	1	suṣṭuti
P.8.1.18	1	avadhṛṣya
P.8.1.19	2	āmantrita|ṣāṣṭha
P.8.1.20	7	caturtha|dvitīya|nau|pāriśeṣya|vākya|vām|ṣaṣṭha
P.8.1.21	2	nas|vas
P.8.1.22	2	ma|tva
P.8.1.24	12	aha|ca|eva|ha|paraṃpara|pratipatti|saṃbandha|sākṣāt|vas|vā|vām|yoga
P.8.1.25	2	ālocana|īkṣ
P.8.1.26	1	atha
P.8.1.27	17	avacakṣaṇa|bhūyiṣṭha|bruva|gotra|khan|nyāya|pracakṣaṇa|prahasana|prakathana|prapañca|pratyayana|pratyāpana|pravacana|prāya|svādhyāya|vicakṣaṇa|vānāma
P.8.1.29	1	śvas
P.8.1.30	12	ca|ced|hanta|jihma|kad|kuvid|ned|nipāta|pat|yad|yadi|yatra
P.8.1.31	2	na|pratyārambha
P.8.1.32	1	satya
P.8.1.33	6	aṅga|kūj|kūja|pratiloma|prātilomya|ānukūlya
P.8.1.34	1	hi
P.8.1.35	3	han|ji|sākāṅkṣa
P.8.1.36	3	parabhūta|yathā|yāvant
P.8.1.37	3	nighāta|yathā|yāvant
P.8.1.38	3	dhā|i|vyavadhāna
P.8.1.39	3	aha|paś|tu
P.8.1.40	2	aho|pṛthagyogakaraṇa
P.8.1.41	3	aho|anukṛṣṭa|ric
P.8.1.42	2	parīpsā|purā
P.8.1.43	5	anujñā|eṣaṇa|jñā|nanu|prārthana
P.8.1.44	7	kim|pac|praśna|sidh|sādhana|uta|āho
P.8.1.45	2	pratyudāharaṇa|āho
P.8.1.46	3	i|man|prahāsa
P.8.1.47	1	jātu
P.8.1.48	3	cid|kiṃvṛtta|vṛtta
P.8.1.49	2	uta|āho
P.8.1.50	2	uta|āho
P.8.1.54	1	hanta
P.8.1.55	5	antara|ekāntara|grabh|ām|āmantrita
P.8.1.56	3	hi|tu|yad
P.8.1.57	20	avacakṣaṇa|bhūyiṣṭha|bruva|cana|cid|gotra|iva|kalpa|nyāya|pracakṣaṇa|prahasana|prakathana|prapañca|pratyayana|pravacana|prāya|rūpa|svādhyāya|vicakṣaṇa|vānāma
P.8.1.58	6	aha|ca|eva|grāhya|ha|vā
P.8.1.59	4	ca|kal|pūrvabhūta|vad
P.8.1.60	8	bheda|gam|ha|kṣiyā|padāti|pā|yā|ācāra
P.8.1.61	2	aha|viniyoga
P.8.1.62	5	aha|avadhāraṇa|avaklapti|eva|gam
P.8.1.63	1	ājya
P.8.1.64	2	vai|vāva
P.8.1.65	6	anaśnant|anya|eka|samartha|vyabhicāritva|vyavasthā
P.8.1.66	3	ya|yadriyañca|yadvṛtta
P.8.1.67	12	atra|bhṛś|dāruṇa|ghora|jñā|kāṣṭha|parama|prakaraṇa|pūjana|su|sukha|ānantarya
P.8.1.68	4	dāruṇa|jñā|kāṣṭha|sukha
P.8.1.69	2	mithyā|pūti
P.8.1.70	3	gati|har|nī
P.8.1.71	2	gati|udāttavant
P.8.1.72	3	nighāta|vid|āmantrita
P.8.1.73	8	adhikaraṇa|bhāṣyakṛt|pravṛtti|samānādhikaraṇa|sāmānyavacana|vihavya|yuj|āmantrita
P.8.1.74	4	bhāṣ|viśeṣavacana|viśeṣya|śaraṇya
P.8.2	1	druh
P.8.2.1	9	guḍalih|kṣāmi|kṣāmin|pūrvatra|sidh|śuṣka|śuṣkaka|ūḍhay|ūḍhi
P.8.2.2	7	arma|paryaṅka|rājāy|rājāśva|rājīy|vidhi|śās
P.8.2.3	1	bhāva
P.8.2.4	5	khalapū|sakṛt|svarita|vaida|śārṅgarava
P.8.2.5	1	ekādeśa
P.8.2.6	4	bhid|devadatta|svarita|āntarya
P.8.2.7	1	prātipadika
P.8.2.8	1	saṃbuddhi
P.8.2.9	36	agnimant|bhāsvant|bhūmimant|dalmi|dalmimant|dhraji|dhrajīmant|dhrākṣā|dhvaji|drumant|drākṣāmant|dāḍimīvant|garut|garutmant|haritmant|jñānavant|kakudmant|kiṃvant|kruñca|kruñcāmant|kṛmimant|madhumant|marutmant|niji|payasvant|sañji|sañjimant|siji|vaśāmant|vidyāvant|vāyumant|yavamant|yaśasvant|śamīvant|śaṃvant|ūrmimant
P.8.2.10	6	agnicitvant|dṛṣadvant|marutmant|marutvant|udaśvit|vidyutvant
P.8.2.11	5	ahīvatī|kapīvant|munīvatī|vārdālī|ṛṣīvatī
P.8.2.12	8	aṣṭhīvant|cakravant|cakrīvant|carmavant|carmaṇvant|kakṣīvant|rumaṇvant|āsandīvant
P.8.2.13	3	udadhi|udakavant|udanvant
P.8.2.14	3	rājanvant|rājavant|saurājya
P.8.2.15	7	agnimant|bhāratīvant|dhūrvant|gīrvant|harivant|sarasvatīvant|āśīrvant
P.8.2.16	2	akṣaṇvant|asthanvant
P.8.2.17	3	dasyuhan|rayintama|supathintara
P.8.2.18	13	kalman|kalmaṣa|kalp|karmaṣa|loman|pāṃsula|pāṃsura|roman|tilpilika|tirpirika|vart|śukla|śukra
P.8.2.19	4	dvāra|i|lī|plāy
P.8.2.20	1	gar
P.8.2.21	6	gala|gar|nigalana|nigaraṇa|nigālaka|nigāraka
P.8.2.22	3	paligha|palyaṅka|parigha
P.8.2.23	1	saṃyoga
P.8.2.24	1	marj
P.8.2.25	4	cakās|grabh|lū|palita
P.8.2.26	2	chid|man
P.8.2.27	3	dviṣṭamām|har|plu
P.8.2.28	3	kuṣ|muṣ|sīv
P.8.2.29	3	bhṛjj|laj|takṣitar
P.8.2.30	2	pac|paktavya
P.8.2.31	6	dityavah|praṣṭhavāh|sah|soḍhar|soḍhavya|sthā
P.8.2.32	2	dogdhavya|lih
P.8.2.33	6	druh|muh|snih|snuh|unmuh|vibhāṣā
P.8.2.34	4	naddhavya|nah|parīṇah|upānah
P.8.2.35	2	ah|prāpti
P.8.2.36	24	bhrajj|bhraṣṭavya|bhrāj|leṣṭavya|liś|marj|mārṣṭavya|parimṛj|prach|praṣṭavya|riś|rāj|sraj|sraṣṭavya|upayaj|veṣṭavya|vibhrāj|viś|vraśc|vraṣṭavya|vyavadhāna|yaj|yaṣṭavya|śabdaprāch
P.8.2.37	5	budh|dadh|dāmalih|krudh|śiṣ
P.8.2.38	2	dhā|jñā
P.8.2.39	1	cidrūpa
P.8.2.40	2	labh|lih
P.8.2.41	1	viṣ
P.8.2.42	3	bhid|niṣṭha|śar
P.8.2.43	4	drā|glā|mlā|vibhāṣā
P.8.2.44	5	dhū|grabh|gu|jyā|lū
P.8.2.45	6	bhuj|du|dī|su|sūna|ḍī
P.8.2.46	3	añj|kṣi|nyāyya
P.8.2.47	1	śyā
P.8.2.48	1	ac
P.8.2.49	4	div|dyūta|pātana|vijigīṣā
P.8.2.50	2	nirvāta|nirvāṇa
P.8.2.51	2	śuṣka|śuṣkavant
P.8.2.52	1	pakva
P.8.2.53	2	kṣā|kṣāma
P.8.2.54	2	prastīta|styā
P.8.2.55	11	kalpa|karś|kṛśa|kṣīv|phulla|phullavant|praphulla|praphulta|saṃphulla|ullāgha|ullāghay
P.8.2.56	8	ghrā|hrī|nud|raudhādika|trā|ud|vid|vitta
P.8.2.57	6	dhyā|khyā|mad|mūrch|mūrta|pūrta
P.8.2.58	3	pratyaya|vid|vitta
P.8.2.59	2	bhitta|śakala
P.8.2.60	4	dhar|vinimaya|ādhamarṇya|ṛṇa
P.8.2.61	7	anutta|gur|nasatta|sad|svar|sūrta|tvar
P.8.2.62	2	darś|vijñāna
P.8.2.63	2	jīvanaś|naś
P.8.2.64	4	pradām|pratām|praśām|pumaṃs
P.8.2.65	3	gam|kṣam|pumaṃs
P.8.2.66	1	sajuṣ
P.8.2.67	3	avayāj|puroḍāś|śvetavāh
P.8.2.68	1	ahan
P.8.2.69	1	ahan
P.8.2.70	3	amnas|avas|ūdhan
P.8.2.71	2	bhuvas|vyāhṛti
P.8.2.72	5	anaḍvāh|dhvas|parṇadhvas|sras|ukha
P.8.2.73	2	cakās|śās
P.8.2.74	2	cakās|śās
P.8.2.75	3	bhid|chid|vid
P.8.2.77	5	div|divy|gur|pratidivan|sīv
P.8.2.78	7	ciri|dhūrv|hūrch|jiri|kūrd|mūrch|sphūrj
P.8.2.79	2	chur|dhurya
P.8.2.80	5	adadryañc|adamuyañc|adas|adasy|amumuyañc
P.8.2.81	4	adadryañc|adamuyañc|adas|amumuyañc
P.8.2.82	1	plu
P.8.2.83	11	abhivādana|bhos|nāman|pratyabhivāda|sthālin|tuṣajaka|vac|vad|yuj|āyuṣmant|āśis
P.8.2.84	9	anavasthita|antika|dā|hvā|pluti|prati|prākṛta|samāveśa|āhvāna
P.8.2.85	4	arthavattva|hai|he|ānarthakya
P.8.2.86	5	bhaj|ekaika|kalp|prāñc|samāveśa
P.8.2.87	2	abhyādāna|om
P.8.2.88	1	pañcākṣara
P.8.2.89	5	akṣara|gā|har|praṇava|yadā
P.8.2.90	2	havyavah|yājya
P.8.2.91	4	brū|iṣ|vah|śrauṣaṭ
P.8.2.92	1	agnīdh
P.8.2.93	3	hi|nanu|prativacana
P.8.2.94	11	anuyoga|anuyoktar|apanaya|cyu|nigraha|nigṛhya|pracyāvana|prakāśana|yuj|yukti|āviṣkaraṇa
P.8.2.95	1	mreḍ
P.8.2.96	3	aṅga|kāṅkṣ|ākāṅkṣa
P.8.2.97	5	car|parīkṣaṇa|pramāṇa|pratipādaka|vicāra
P.8.2.98	1	nu
P.8.2.99	4	hanta|pratijñāna|pratiśravaṇa|ābhimukhya
P.8.2.100	1	pūj
P.8.2.101	2	cid|guṇa
P.8.2.102	2	svid|upari
P.8.2.103	3	mreḍ|saṃmati|śāktīka
P.8.2.104	10	har|kṣiyā|labh|praiṣa|pūrva|sākāṅkṣatva|vyāpāraṇa|ākāṅkṣa|āśaṃsana|āśis
P.8.2.105	1	ākhyāna
P.8.2.106	8	aitikāyana|mātra|par|plu|prasaṅga|saurya|sauryabhagavant|vāḍava
P.8.2.107	1	agnibhūti
P.8.2.108	3	parāmarśa|prāpti|saṃhita
P.8.3.1	5	harivant|marutvatīya|mīḍhvaṃs|saṃbuddhi|vajrivas
P.8.3.2	4	anunāsika|pratipatti|saṃniyoga|śaṅk
P.8.3.4	3	anusvāra|para|paras
P.8.3.5	7	catuḥpañcāśat|kāra|saṃkalana|saṃkṛti|sūtrakāra|upaskṛti|vārttikakāra
P.8.3.6	16	abhisaṃbandha|paryudāsa|pumaṃs|pumācāra|pumākhya|puṃdāsa|puṃgava|puṃkhyāna|puṃkṣura|puṃkṣīra|puṃskaṭī|puṃskokila|puṃskāmā|puṃsputra|puṃścalī|vyutpatti
P.8.3.7	1	praśām
P.8.3.8	3	antar|antargata|ubhayathā
P.8.3.9	1	nimittin
P.8.3.10	3	anunāsikatva|anusvāravant|nar
P.8.3.11	1	svatavas
P.8.3.12	4	abhisaṃbandha|ka|mreḍ|vart
P.8.3.13	3	guh|gāh|lih
P.8.3.14	4	dūrakta|gardh|nīrakta|spardh
P.8.3.15	2	avasāna|visarjanīya
P.8.3.17	4	aghavant|apūrva|bhagavant|bhos
P.8.3.18	6	bhos|laghuprayatna|prayatna|upāgra|śaithilya|śākaṭāyana
P.8.3.19	1	śākalya
P.8.3.20	3	aghavant|bhos|gārgya
P.8.3.21	1	u
P.8.3.22	3	aghavant|bhos|putra
P.8.3.23	1	anusvāra
P.8.3.24	1	gam
P.8.3.25	3	rāj|samrāj|saṃrājitar
P.8.3.31	1	vikalpana
P.8.3.32	4	saṃjñin|sugaṇ|ubhayatra|yathāsaṃkhyena
P.8.3.33	1	u
P.8.3.34	2	visarjanīya|ṭīk
P.8.3.35	1	kśā
P.8.3.37	4	jihvāmūlīya|nyāya|upadhmānīya|visarjanīya
P.8.3.38	7	abhyudga|kalpa|kāmy|payaskaṃsa|pāśa|samudga|ubj
P.8.3.39	3	kalpa|kāmy|pāśa
P.8.3.40	2	namas|puras
P.8.3.41	5	bahis|duṣpīta|nis|prādus|āvis
P.8.3.42	1	tiras
P.8.3.43	4	catus|catuḥpa|dvis|tris
P.8.3.44	4	anvaya|paraspara|sāmarthya|vyapekṣā
P.8.3.45	1	kuṇḍika
P.8.3.46	15	ayaskarṇī|ayaskaṃsa|ayaskumbha|ayaskāma|ayaskāra|ayaspātra|bhāḥkaraṇa|karṇī|kaṃsa|kumbha|kuśa|kāma|manaskānta|payaskaṃsa|pātra
P.8.3.47	2	adhaspada|śiraspada
P.8.3.48	17	ahaskara|bahiṣpala|barhiṣpala|bhrātuṣputra|bhāskara|dhanuṣkapāla|ka|kautaskuta|medaspiṇḍa|sadyaskāla|sadyaḥkrī|sarpiṣkuṇḍikā|sādyaḥkra|tamaskāṇḍa|upacāra|yajuṣpātra|śunaskarṇa
P.8.3.49	2	pra|uru
P.8.3.51	1	pari
P.8.3.52	1	pā
P.8.3.53	10	bhaj|dāya|iḍ|pada|pati|payas|poṣa|putra|pāra|pṛṣṭha
P.8.3.54	5	iḍā|pada|pati|payas|pāra
P.8.3.55	2	lāghava|mūrdhanya
P.8.3.56	6	jalāṣah|purāsāh|sah|saḍa|sāḍi|turāṣāh
P.8.3.58	7	abhisaṃbandha|niṃs|sthānika|upalakṣaṇa|vyavadhāna|vyavāya|āp
P.8.3.59	4	barsa|dhūsara|supis|sīv
P.8.3.60	4	ghas|vas|śiṣṭa|śās
P.8.3.61	11	anurodha|avadhāraṇa|i|nam|prāpti|prātiśākhya|sic|sidh|sthā|stu|svap
P.8.3.62	3	sah|svad|svid
P.8.3.63	13	prāñc|sad|sañj|sev|sic|stabh|sthā|stu|stubh|su|svaj|svan|sā
P.8.3.64	7	sad|sañj|senay|sic|sidh|sthā|svaj
P.8.3.65	12	abhiṣeṇay|daivādika|nivṛtti|sañj|senay|sic|sidh|stu|stubh|su|svaj|sā
P.8.3.66	1	sad
P.8.3.67	3	stabh|uta|vart
P.8.3.68	3	stabh|ālambana|āvidūrya
P.8.3.69	2	saśabda|svan
P.8.3.70	10	kar|niṣaya|pariṣaya|sah|sev|stu|svaj|sā|sīv|viṣaya
P.8.3.71	3	dā|kar|sah
P.8.3.72	6	atha|nisyanda|pariṣyanda|paryudāsa|syad|śri
P.8.3.73	2	paryudāsa|skand
P.8.3.74	7	abhyupagama|antaraṅga|itarathā|pariskanna|pariṣkaṇa|skand|sādhana
P.8.3.75	2	bharata|pariṣkanda
P.8.3.76	2	sphul|sphur
P.8.3.77	1	skabh
P.8.3.78	8	anuvṛtti|cyu|grahaṇa|pac|plu|stu|vevī|yaj
P.8.3.79	1	lū
P.8.3.80	1	aṅguliṣaṅga
P.8.3.81	1	bhīruṣṭhāna
P.8.3.82	7	agniṣṭoma|agniṣṭut|agnīṣoma|gauṇa|mukhya|saṃpratipatti|saṃpratyaya
P.8.3.83	2	jyotiṣṭoma|āyuṣṭoma
P.8.3.84	2	mātṛṣvasar|pitṛṣvasar
P.8.3.85	3	mātuḥṣvasar|pituḥṣvasar|vākya
P.8.3.86	3	abhinistāna|abhiniṣṭāna|stan
P.8.3.87	1	as
P.8.3.88	9	duḥṣama|duḥṣupta|duḥṣūti|niḥṣama|niḥṣūti|suṣama|suṣūti|svap|viṣama
P.8.3.89	4	nadīṣṇa|rajju|snā|vartana
P.8.3.90	1	snā
P.8.3.91	3	kapisthala|kapiṣṭhala|kāpiṣṭhali
P.8.3.92	4	agragāmin|prastha|praṣṭha|vrīhi
P.8.3.93	1	viṣṭara
P.8.3.94	3	viṣṭāra|viṣṭārabṛhatī|viṣṭārapaṅkti
P.8.3.95	2	gaviṣṭhira|yudhiṣṭhira
P.8.3.96	4	kuṣṭhala|pariṣṭhala|viṣṭhala|śamiṣṭhala
P.8.3.97	25	agniṣṭha|ambaṣṭha|apaṣṭha|aṅgu|aṅguṣṭha|barhiḥṣṭha|bhūmiṣṭha|diviṣṭha|dviṣāhasra|dviṣṭha|goṣṭha|kuṣṭha|mañji|mañjiṣṭha|mañjiṣṭhā|parameṣṭha|puñji|puñjiṣṭha|savyaṣṭhā|savyeṣṭha|savyeṣṭhar|triṣṭha|āmbaṣṭha|śaṅkuṣṭha|śeku
P.8.3.98	19	dundubhiṣevaṇa|duḥṣaṃdhi|duḥṣedha|duḥṣāman|duṣṭu|gauriṣaktha|hariṣeṇa|jalāṣah|nauṣecana|niḥṣaṃdhi|niḥṣedha|niḥṣāman|niṣedha|pratiṣṇikā|rohiṇīṣeṇa|suṣaṃdhi|suṣedha|suṣāman|suṣṭhu
P.8.3.99	5	harisaktha|hariṣeṇa|sarvasena|viṣvaksena|vāriṣeṇa
P.8.3.100	3	bharaṇiṣeṇa|rohiṇiṣeṇa|śatabhiṣaksena
P.8.3.101	14	catuṣṭaya|dhūstarā|gīstarā|niketa|niṣṭya|sarpiṣṭama|sarpiṣṭara|sarpiṣṭas|sarpiṣṭva|sarpiṣṭā|yajuṣṭama|yajuṣṭara|yajuṣṭā|āviṣṭya
P.8.3.102	3	sparś|tap|āsevana
P.8.3.103	1	antaḥpādam
P.8.3.105	4	goṣṭoma|stoma|stu|ṣoḍaśin
P.8.3.106	6	dvisāhasra|dviṣaṃdhi|madhusthāna|madhuṣṭhāna|samṛddha|triṣaṃdhi
P.8.3.107	2	su|sā
P.8.3.108	4	goṣaṇi|goṣā|kar|nṛṣā
P.8.3.109	4	avagraha|pṛtanāṣah|ṛtāṣah|ṛtīṣah
P.8.3.110	21	aśvasani|aśvaṣā|bisa|bṛhaspatisava|divispṛś|goṣaṇi|jalāṣah|kisaṃ|kiṃsa|musala|niḥspṛha|sarp|savana|savanamukha|saṃvatsara|sparh|sparś|visarjana|visraṃsikā|śakunisavana|śrambh
P.8.3.112	2	nyāya|sic
P.8.3.113	1	sidh
P.8.3.114	1	stabh
P.8.3.115	1	sah
P.8.3.116	3	sah|stabh|sīv
P.8.3.117	3	abhisusūs|nisusūs|su
P.8.3.118	2	sad|svaj
P.8.3.119	2	stu|vidhāyaka
P.8.4.1	2	pravṛtti|samāna
P.8.4.2	10	bṛṃhaṇa|bṛṃhaṇīya|draṣṭavya|han|mil|nah|tṛṃhaṇa|vyavadhāna|vyavāya|yathāsaṃbhava
P.8.4.3	5	kharaṇas|praṇasa|vārdhrīṇasa|śūrpaṇakhā|ṛgayana
P.8.4.4	12	agrevaṇa|asipatravana|koṭara|koṭarāvaṇa|kuveravana|miśrakāvaṇa|nipāta|puragāvaṇa|sidhraka|sārikāvaṇa|vana|śatadhāravana
P.8.4.5	10	antarvaṇa|ikṣu|khadiravaṇa|kārṣya|nirvaṇa|plakṣa|pravaṇa|pīyūkṣā|āmra|śaravaṇa
P.8.4.6	7	badarīvaṇa|dūrvā|mirikā|mūrvā|vana|śirīṣa|śiṣ
P.8.4.7	7	ahna|durahna|dīrghāhan|nirahna|parāhṇa|pūrvāhṇa|sarvāhṇa
P.8.4.8	7	apaviddha|dhā|dākṣi|ruh|vikala|vāhana|vāhya
P.8.4.9	10	bālhīka|dvāra|dākṣi|gāndhāra|kaṣāyapāṇa|kṣīrapāṇa|pāna|sauvīrapāṇa|surāpāṇa|uśīnara
P.8.4.10	2	pāna|vīrapāṇa
P.8.4.11	6	bhagin|kṣatriya|prātipadika|vibhakti|vāpa|vāpin
P.8.4.12	1	vṛtrahan
P.8.4.13	4	kāmin|vastrayugin|yuga|yugin
P.8.4.14	10	agraṇī|grāmaṇī|nad|nard|pariṇādaka|pariṇāyaka|pranardaka|pranāyaka|praṇādaka|praṇāyaka
P.8.4.15	2	hi|mi
P.8.4.16	4	bhū|prahima|pravapa|vap
P.8.4.17	21	ci|dhā|dih|drā|dā|gad|grabh|grahaṇa|han|mā|nad|pad|pat|psā|sā|vah|vap|vā|yam|yā|śam
P.8.4.18	6	bhid|kar|khād|pac|piṣ|viś
P.8.4.19	1	an
P.8.4.20	3	anta|parāṇ|prāṇ
P.8.4.21	2	an|prāṇiṇiṣu
P.8.4.22	4	han|nyāya|parihaṇana|prahaṇana
P.8.4.24	3	antarhanana|antarhaṇana|han
P.8.4.25	2	antarayana|antarayaṇa
P.8.4.26	5	avagraha|grabh|nṛmaṇas|pitṛpāṇa|pitṛyāṇa
P.8.4.27	3	nas|su|uru
P.8.4.28	10	bhañj|bhāṣyakāra|kramapāṭha|nas|paricaya|prakrama|praṇasa|saṃhita|sāmānya|sāṃpratika
P.8.4.29	12	apariyāṇi|aprayāṇi|bhuj|hā|kṛt|majj|pariyāṇa|pariyāṇīya|prayāyin|prayāṇa|prayāṇīya|yā
P.8.4.30	5	aprayāpaṇi|prayāpaṇa|prayāpaṇīya|prayāpin|yā
P.8.4.31	8	bhuj|parivapaṇa|prakopaṇa|prakopaṇīya|pravapaṇa|prehaṇa|prohaṇa|vyabhicāra
P.8.4.32	6	pareṅkhaṇa|prakampana|pramaṅgana|preṅgaṇa|preṅkhaṇa|prombhaṇa
P.8.4.33	7	nid|nikṣ|niṃs|pranikṣaṇa|pranindana|praṇikṣaṇa|praṇindana
P.8.4.34	15	prabhavana|prabhavanīya|prabhāna|prabhānīya|prabhāpana|prabhāpanīya|pragama|pragamanīya|prakamana|prapavanīya|prapavaṇa|prapyāyana|prapyāyanīya|pravepana|pravepanīya
P.8.4.35	5	duṣpāna|niṣpāna|padānta|samāsa|saptama
P.8.4.36	1	naś
P.8.4.37	1	padānta
P.8.4.38	3	nah|pariga|praga
P.8.4.39	33	caturhāyaṇa|darbhānūpa|draṣṭavya|gahana|girinagara|giriṇadī|gṛhanamana|harinandana|harivana|irikā|karmāra|kuveravana|kṣubh|nagara|nandana|nandin|naranagara|nart|nartana|niveśa|nivāsa|nṛmana|nṛnamana|parigahana|parinandana|tarp|timira|yoga|yuj|ācāryabhogīna|śamīra|śaranivāsa|śarāgni
P.8.4.40	1	yoga
P.8.4.41	5	anudeśa|khyā|saṃkhyāta|ḍhauk|ṭīk
P.8.4.42	5	lih|padānta|sarpiṣṭama|śvalih|ṣaṣ
P.8.4.44	1	viśna
P.8.4.45	3	anunāsika|bhāṣā|caritārtha
P.8.4.46	3	anubhava|dvitva|hnu
P.8.4.47	2	cakṣ|dih
P.8.4.48	4	dvitīya|putra|putrādinī|vyāghra
P.8.4.50	1	śākaṭāyana
P.8.4.51	1	śākalya
P.8.4.54	13	dhrāgh|ghaṭṭ|jal|jhaṭ|padamañjarī|pal|phakk|prakṛti|taṅk|ḍhauk|ḍī|ṭal|ṭhakāra
P.8.4.55	3	labh|rabh|yudh
P.8.4.56	1	avasāna
P.8.4.57	2	anunāsika|pragṛhya
P.8.4.58	8	ac|anusvāra|guph|kamp|kuṇḍ|kuṇṭh|parasavarṇa|uñch
P.8.4.59	1	ḍī
P.8.4.61	5	aghoṣamahāprāṇaprayatnavant|snā|stabh|sthā|uttambhitavya
P.8.4.62	3	ghoṣavant|mahāprāṇa|nādavant
P.8.4.64	2	sthālīpāka|svīkāra
P.8.4.65	5	dā|pañcan|piṣ|sūtta|śiṣ
P.8.4.66	3	svarita|utsarga|vātsya
P.8.4.67	8	gālava|gārgya|kāśyapa|prath|prātiśākhya|saṃkīrtana|sidh|udaya
P.8.4.68	7	grabh|grahaṇa|jñā|mātrika|pratyāpatti|tathābhūta|var
P.8.4.118	1	sad
P.8.4.119	1	sad
