headword_slp1	headword_iast	L_id	n_sutras	sutras
A	ā	7766	8	P.1.1.14|P.1.4.89|P.2.1.13|P.2.2.18|P.2.3.10|P.6.1.74|P.6.1.95|P.6.1.126
ABIkzRya	ābhīkṣṇya	8879	3	P.3.2.81|P.3.4.22|P.8.1.4
ABayajAta	ābhayajāta	8847	1	P.4.2.111
ABayajAtya	ābhayajātya	8848	1	P.4.1.105
ABijita	ābhijita	8866	2	P.4.3.36|P.5.3.118
ABijitya	ābhijitya	8867	1	P.5.3.118
ABimuKya	ābhimukhya	8871	2	P.2.1.14|P.8.2.99
ABirUpaka	ābhirūpaka	8872	1	P.5.1.133
ABirUpya	ābhirūpya	8873	1	P.8.1.8
ABizikta	ābhiṣikta	8874	1	P.4.2.75
ABrika	ābhrika	8898	1	P.4.4.2
ABrya	ābhrya	8899	1	P.4.1.151
AByantara	ābhyantara	8894	1	P.1.1.9
ADAna	ādhāna	8500	1	P.1.3.32
ADAra	ādhāra	8503	2	P.1.1.32|P.1.4.45
ADamarRya	ādhamarṇya	8493	2	P.3.3.170|P.8.2.60
ADenava	ādhenava	8528	1	P.4.2.47
ADikya	ādhikya	8512	2	P.2.1.6|P.2.3.9
ADipatya	ādhipatya	8515	1	P.5.1.124
ADvarAyaRa	ādhvarāyaṇa	8543	1	P.4.1.99
ADvarika	ādhvarika	8544	1	P.4.3.72
ADvaryava	ādhvaryava	8545	2	P.4.3.123|P.5.1.129
ADyAna	ādhyāna	8538	1	P.1.3.46
ADyAtmika	ādhyātmika	8537	1	P.4.3.60
ADyaSvi	ādhyaśvi	8535	1	P.4.2.138
AKAna	ākhāna	7906	1	P.3.3.125
AKaRqi	ākhaṇḍi	7898	1	P.6.2.86
AKaka	ākhaka	7894	1	P.4.1.41
AKana	ākhana	7899	1	P.3.3.125
AKanikabaka	ākhanikabaka	7901	3	P.2.1.48|P.3.3.125|P.6.2.81
AKarezWa	ākhareṣṭha	7903	1	P.6.3.20
AKyA	ākhyā	7924	3	P.1.3.23|P.3.3.20|P.4.1.48
AKyAna	ākhyāna	7930	5	P.1.4.90|P.3.3.111|P.3.4.59|P.6.2.103|P.8.2.105
AKyAta	ākhyāta	7925	1	P.2.1.72
AKyAtar	ākhyātar	7926	1	P.1.4.29
AKyAtika	ākhyātika	7929	1	P.4.3.72
AMSya	āṃśya	7768	1	P.4.2.80
ANgAra	āṅgāra	8029	1	P.4.2.38
ANga	āṅga	8025	4	P.1.1.63|P.2.4.59|P.2.4.62|P.4.1.170
ANgaka	āṅgaka	8026	2	P.4.2.125|P.4.3.100
ANgavidya	āṅgavidya	8028	1	P.4.3.73
ANgirasa	āṅgirasa	8032	3	P.4.1.107|P.4.1.108|P.4.1.109
ANgulika	āṅgulika	8033	1	P.5.3.108
ANgya	āṅgya	8037	1	P.4.2.80
ANkuSAyana	āṅkuśāyana	8021	1	P.4.2.80
AQaka	āḍhaka	8194	4	P.2.4.31|P.4.1.22|P.4.1.41|P.5.1.54
AQakajambu	āḍhakajambu	8195	1	P.4.2.120
AQakika	āḍhakika	8196	2	P.5.1.53|P.5.1.54
AQyaMBavizRu	āḍhyaṃbhaviṣṇu	8203	2	P.3.2.57|P.6.2.160
AQyaMkaraRa	āḍhyaṃkaraṇa	8201	2	P.3.2.56|P.4.1.15
AQyaka	āḍhyaka	8199	1	P.5.1.133
AQyakulIna	āḍhyakulīna	8200	1	P.4.1.139
AQyapadi	āḍhyapadi	8202	1	P.5.4.128
ARIveya	āṇīveya	8209	1	P.4.1.123
ARavIna	āṇavīna	8207	1	P.5.2.4
ARava	āṇava	8206	1	P.5.1.122
ARqAyana	āṇḍāyana	8214	1	P.4.2.80
ARqIra	āṇḍīra	8217	1	P.5.2.111
ARqIvata	āṇḍīvata	8218	1	P.4.2.80
ARqa	āṇḍa	8210	1	P.3.1.85
ARqavant	āṇḍavant	8212	1	P.5.2.111
ASIrvant	āśīrvant	9592	1	P.8.2.15
ASOca	āśauca	9618	1	P.7.3.30
ASaMsana	āśaṃsana	9536	1	P.8.2.104
ASaMsu	āśaṃsu	9540	1	P.3.2.168
ASaNkA	āśaṅkā	9542	2	P.3.4.8|P.6.2.21
ASana	āśana	9544	2	P.5.3.117|P.5.4.38
ASava	āśava	9550	1	P.5.1.122
AScary	āścary	9619	1	P.3.1.27
AScarya	āścarya	9620	5	P.1.1.151|P.2.2.14|P.3.3.150|P.3.3.151|P.6.1.147
ASiman	āśiman	9578	1	P.5.1.123
ASir	āśir	9579	1	P.6.1.36
ASis	āśis	9585	2	P.8.2.83|P.8.2.104
ASitaMBava	āśitaṃbhava	9574	1	P.3.2.45
ASitaMgavIna	āśitaṃgavīna	9573	1	P.5.4.7
ASizika	āśiṣika	9583	1	P.7.3.51
ASmAyana	āśmāyana	9633	1	P.4.1.110
ASmaBArika	āśmabhārika	9629	1	P.5.1.50
ASmaki	āśmaki	9626	1	P.4.1.173
ASmana	āśmana	9627	1	P.4.3.143
ASmanya	āśmanya	9628	1	P.4.2.80
ASmaraTa	āśmaratha	67008	2	P.4.2.111|P.4.3.105
ASmaraTya	āśmarathya	9631	2	P.4.1.73|P.4.1.105
ASmeya	āśmeya	9635	1	P.4.1.123
ASmika	āśmika	9634	2	P.5.1.39|P.5.1.50
ASokeya	āśokeya	9617	3	P.4.1.73|P.4.1.123|P.4.2.80
ASra	āśra	9636	1	P.5.2.131
ASrama	āśrama	9638	1	P.2.4.31
ASraya	āśraya	9648	5	P.1.1.9|P.1.1.56|P.1.1.62|P.3.3.85|P.7.3.31
ASrayaRa	āśrayaṇa	9649	1	P.6.1.123
ASu	āśu	9595	1	P.3.3.133
ASvAvatAna	āśvāvatāna	9693	1	P.4.1.104
ASvAyana	āśvāyana	9692	1	P.4.1.110
ASvIna	āśvīna	9702	1	P.5.2.19
ASva	āśva	9670	3	P.4.2.48|P.4.2.92|P.5.1.129
ASvaBArika	āśvabhārika	9683	1	P.5.1.50
ASvalAyana	āśvalāyana	9689	1	P.4.1.99
ASvapAlika	āśvapālika	9679	1	P.4.1.146
ASvapata	āśvapata	9677	1	P.4.1.84
ASvapejin	āśvapejin	9680	1	P.4.3.106
ASvaraTa	āśvaratha	9687	1	P.4.3.122
ASvatTIya	āśvatthīya	9676	1	P.4.2.138
ASvatTa	āśvattha	9673	3	P.4.1.41|P.4.2.5|P.4.3.164
ASvatTi	āśvatthi	9674	1	P.4.2.138
ASvatTika	āśvatthika	9675	3	P.4.2.22|P.4.2.80|P.4.2.141
ASvayuja	āśvayuja	9685	2	P.4.3.36|P.4.3.45
ASvayujaka	āśvayujaka	9686	1	P.4.3.45
ASveya	āśveya	9703	1	P.4.1.123
ASvika	āśvika	9698	2	P.5.1.39|P.5.1.50
ASvina	āśvina	9699	1	P.4.4.126
ATarvaRa	ātharvaṇa	8371	2	P.4.2.38|P.4.3.133
ATarvaRika	ātharvaṇika	8372	3	P.4.2.63|P.4.3.133|P.6.4.174
AYjalikya	āñjalikya	8169	1	P.5.1.128
AYjanikya	āñjanikya	8166	1	P.5.1.128
AbADa	ābādha	8842	2	P.6.2.21|P.8.1.10
Abarha	ābarha	8839	1	P.4.4.88
AbarhaRa	ābarhaṇa	8840	1	P.4.4.88
Abarhin	ābarhin	8841	1	P.4.4.88
AcAmaka	ācāmaka	8054	1	P.7.3.34
AcAmya	ācāmya	8056	1	P.3.1.126
AcAra	ācāra	8057	2	P.3.1.10|P.8.1.60
AcArya	ācārya	8070	3	P.1.3.36|P.4.1.49|P.6.2.36
AcAryaBogIna	ācāryabhogīna	8074	1	P.8.4.39
AcCAdana	ācchādana	8090	2	P.4.3.143|P.6.2.170
AcaparAca	ācaparāca	8043	1	P.2.1.72
Acarya	ācarya	8052	1	P.6.1.147
Acaturam	ācaturam	8041	1	P.8.1.15
Acaturya	ācaturya	8042	1	P.5.1.121
Acaya	ācaya	8047	1	P.5.2.64
Acayaka	ācayaka	8048	1	P.5.2.64
AciKyAsA	ācikhyāsā	8077	1	P.2.4.21
Acita	ācita	8079	3	P.4.1.22|P.5.1.54|P.6.2.146
Acitika	ācitika	8080	1	P.5.1.53
Acopaca	ācopaca	8084	1	P.2.1.72
Acyutadanti	ācyutadanti	8096	1	P.5.3.116
Acyutika	ācyutika	8098	1	P.4.2.116
AdAyacara	ādāyacara	8399	1	P.3.2.17
AdIDyaka	ādīdhyaka	8465	2	P.1.1.6|P.7.4.53
AdarSa	ādarśa	8385	1	P.4.2.124
AdarSaka	ādarśaka	8387	1	P.4.2.124
Adara	ādara	8379	1	P.1.4.63
Adaraka	ādaraka	8380	1	P.4.2.111
Adarakya	ādarakya	8381	1	P.4.1.105
AdeSa	ādeśa	8476	2	P.1.1.48|P.1.1.56
Adi	ādi	8404	3	P.2.2.31|P.2.4.14|P.3.3.99
Adikara	ādikara	8406	1	P.3.2.21
Adikarman	ādikarman	8408	3	P.1.2.21|P.3.4.71|P.7.2.17
Aditas	āditas	8415	1	P.1.2.32
Aditya	āditya	8417	1	P.4.1.85
AdyUna	ādyūna	8488	1	P.5.2.67
Adya	ādya	8482	2	P.4.3.54|P.6.2.131
AdyudAtta	ādyudātta	8487	3	P.1.1.21|P.1.1.63|P.3.1.3
AgAmin	āgāmin	7965	1	P.3.3.3
AgAmuka	āgāmuka	7966	2	P.3.2.154|P.6.2.160
Agamin	āgamin	7949	1	P.6.1.73
Agastya	āgastya	7958	4	P.2.4.70|P.4.1.105|P.4.2.80|P.4.2.111
Agata	āgata	7939	1	P.6.2.81
AgavIna	āgavīna	7953	1	P.5.2.14
AgnAvEzRava	āgnāvaiṣṇava	7976	1	P.5.2.61
AgnIDrIya	āgnīdhrīya	7990	1	P.3.4.16
Agnendra	āgnendra	7992	2	P.6.3.28|P.7.3.22
Agneya	āgneya	7993	1	P.4.2.30
AgniSarmAyaRa	āgniśarmāyaṇa	7984	3	P.4.1.96|P.4.1.99|P.6.4.144
AgniSarmIya	āgniśarmīya	7985	1	P.4.2.138
Agnidatteya	āgnidatteya	7978	1	P.4.2.80
AgnimAruta	āgnimāruta	7980	2	P.6.3.28|P.7.3.21
Agnipada	āgnipada	7979	1	P.5.1.97
AgnivAruRa	āgnivāruṇa	7981	2	P.6.3.28|P.7.3.23
AgniveSya	āgniveśya	7982	1	P.4.1.105
Agnizwomika	āgniṣṭomika	7987	4	P.4.2.60|P.4.3.68|P.5.1.95|P.5.1.96
AgrAyaRa	āgrāyaṇa	8004	2	P.4.1.99|P.4.1.102
AgraBojanika	āgrabhojanika	7995	1	P.4.4.66
AgrahAyaRa	āgrahāyaṇa	7999	4	P.4.1.41|P.4.2.22|P.4.3.50|P.5.4.110
AgrahAyaRaka	āgrahāyaṇaka	8000	1	P.4.3.50
AgrahAyaRika	āgrahāyaṇika	8002	2	P.4.2.22|P.4.3.50
AhAra	āhāra	9883	2	P.3.2.11|P.3.3.19
AhAraka	āhāraka	9884	1	P.2.2.19
AhAva	āhāva	9888	1	P.3.3.74
Ahara	āhara	9872	1	P.3.2.11
AharakarawA	āharakaraṭā	9873	1	P.2.1.72
AharanivapA	āharanivapā	9876	1	P.2.1.72
AharavanitA	āharavanitā	9877	1	P.2.1.72
Ahava	āhava	9880	1	P.3.3.73
Aheya	āheya	9913	1	P.4.3.56
AhiMsi	āhiṃsi	9889	2	P.2.4.61|P.4.2.138
AhicCatra	āhicchatra	9892	1	P.1.1.75
Ahimata	āhimata	9900	1	P.4.2.72
AhitAgni	āhitāgni	9896	1	P.2.2.37
Ahna	āhna	9916	1	P.4.2.45
Ahnika	āhnika	9917	1	P.5.1.79
Aho	āho	9914	7	P.1.1.15|P.1.4.57|P.6.4.159|P.8.1.44|P.8.1.45|P.8.1.49|P.8.1.50
AhopuruzikA	āhopuruṣikā	9915	1	P.2.1.72
AhvAna	āhvāna	9932	1	P.8.2.84
AhvAya	āhvāya	9934	2	P.3.3.73|P.3.3.74
Ahvara	āhvara	9928	2	P.2.4.20|P.6.2.124
Ahvaraka	āhvaraka	9929	1	P.3.2.135
AjAdya	ājādya	8120	1	P.4.1.171
AjAnikya	ājānikya	8123	1	P.5.1.128
AjAyana	ājāyana	8126	1	P.4.1.99
AjIgarti	ājīgarti	8137	1	P.4.1.96
AjIkUla	ājīkūla	8136	1	P.4.2.127
AjYAyin	ājñāyin	8153	1	P.6.3.5
AjaDenavi	ājadhenavi	8105	1	P.4.1.96
Ajaka	ājaka	8101	1	P.4.2.39
AjakarORa	ājakarauṇa	118725	1	P.4.2.78
AjamArya	ājamārya	8110	1	P.4.1.151
AjamIQaka	ājamīḍhaka	8112	1	P.4.2.125
AjavAha	ājavāha	8117	2	P.4.2.133|P.4.2.134
Ajavasteya	ājavasteya	8116	2	P.4.1.123|P.4.1.136
AjinIya	ājinīya	8131	1	P.4.2.80
Ajireya	ājireya	8134	1	P.4.1.123
Ajiri	ājiri	8133	1	P.4.2.80
Ajya	ājya	8155	2	P.4.1.105|P.8.1.63
AkANkza	ākāṅkṣa	7795	2	P.8.2.96|P.8.2.104
AkANkzya	ākāṅkṣya	7798	1	P.3.4.23
AkASa	ākāśa	7809	1	P.2.4.31
AkASya	ākāśya	7828	2	P.4.3.54|P.6.2.131
AkAlika	ākālika	7808	1	P.5.1.114
AkArika	ākārika	7806	1	P.4.4.69
AkAya	ākāya	7799	1	P.3.3.41
AkOSala	ākauśala	7856	1	P.7.3.30
AkaSAyeya	ākaśāyeya	7790	1	P.4.1.123
Akana	ākana	7771	1	P.4.2.80
Akara	ākara	7773	1	P.3.3.118
AkarzaSva	ākarṣaśva	7781	1	P.5.4.97
Akarzaka	ākarṣaka	7779	1	P.5.2.64
Akarzika	ākarṣika	7782	1	P.4.4.9
Akasmika	ākasmika	7794	1	P.5.4.34
Akatya	ākatya	7770	1	P.5.1.121
Akaza	ākaṣa	7791	2	P.4.4.9|P.5.2.64
Akazaka	ākaṣaka	7792	1	P.5.2.64
Akazika	ākaṣika	7793	1	P.4.4.9
AkiMcana	ākiṃcana	7829	1	P.5.1.122
Akidanti	ākidanti	7831	1	P.5.3.116
AklI	āklī	7874	1	P.1.4.61
AkrIqin	ākrīḍin	7870	1	P.3.2.142
Akrandika	ākrandika	7861	1	P.4.4.38
AkroSa	ākrośa	7871	1	P.6.2.158
AkulIkar	ākulīkar	7841	1	P.7.2.54
AkzEtrajYya	ākṣaitrajñya	7889	2	P.5.1.124|P.7.3.30
AkzaBArika	ākṣabhārika	7879	1	P.5.1.50
AkzadyUtika	ākṣadyūtika	7876	1	P.4.4.19
Akzika	ākṣika	7881	2	P.4.4.2|P.5.1.50
AlIQa	ālīḍha	9405	1	P.4.1.123
AlIQeya	ālīḍheya	9406	1	P.4.1.123
AlabDi	ālabdhi	9353	1	P.4.1.41
Alaji	ālaji	9352	1	P.4.1.41
Alakzi	ālakṣi	9350	1	P.4.1.41
AlamBya	ālambhya	9366	1	P.7.1.65
Alambana	ālambana	9358	1	P.8.3.68
Alambi	ālambi	9360	2	P.4.1.41|P.4.3.104
Alambin	ālambin	9362	1	P.4.3.104
AlasAyana	ālasāyana	9373	1	P.4.1.100
Alasa	ālasa	9371	1	P.4.1.104
Alasya	ālasya	9374	2	P.5.1.121|P.5.1.124
AlavaRya	ālavaṇya	9369	1	P.5.1.121
AleKana	ālekhana	9413	2	P.4.1.112|P.6.1.142
AliNgyAyana	āliṅgyāyana	9399	1	P.4.2.82
AliNgya	āliṅgya	9398	1	P.4.2.82
Aligavya	āligavya	9392	2	P.4.1.18|P.4.1.105
Alocana	ālocana	9423	2	P.3.2.60|P.8.1.25
AlohAyana	ālohāyana	9428	1	P.4.1.99
AlozwI	āloṣṭī	9426	1	P.1.4.61
Am	ām	8900	2	P.1.1.37|P.8.1.55
AmAd	āmād	8937	1	P.3.2.68
AmAvAsya	āmāvāsya	8939	2	P.4.3.16|P.4.3.30
AmBasika	āmbhasika	8984	1	P.4.4.27
AmBi	āmbhi	8985	1	P.4.1.96
Amala	āmala	8930	1	P.4.1.41
Amalaka	āmalaka	8931	2	P.1.2.49|P.4.1.41
Amantrayitar	āmantrayitar	8914	1	P.3.2.78
Amantrita	āmantrita	8915	8	P.2.1.2|P.2.3.48|P.6.1.198|P.8.1.8|P.8.1.19|P.8.1.55|P.8.1.72|P.8.1.73
AmbarIzaputraka	āmbarīṣaputraka	8980	1	P.4.2.53
AmbazWa	āmbaṣṭha	8981	3	P.4.1.74|P.4.1.171|P.8.3.97
Ambikeya	āmbikeya	8982	1	P.4.1.123
AmikzIya	āmikṣīya	8942	1	P.5.1.4
AmitOji	āmitauji	8943	1	P.4.1.96
AmitrAyaRa	āmitrāyaṇa	8945	2	P.4.1.99|P.4.1.154
Amitri	āmitri	8946	1	P.4.2.138
AmizI	āmiṣī	8950	1	P.4.2.86
AmnAtin	āmnātin	8977	1	P.5.2.88
Amozin	āmoṣin	8974	1	P.3.2.142
Amra	āmra	8987	1	P.8.4.5
Amragupta	āmragupta	8990	2	P.4.1.157|P.7.1.2
Amramaya	āmramaya	8993	1	P.4.3.144
Amriman	āmriman	8998	1	P.5.1.123
Amrya	āmrya	9000	1	P.5.1.123
AmuzyAyaRa	āmuṣyāyaṇa	8963	2	P.4.1.99|P.5.4.30
Amuzyakulaka	āmuṣyakulaka	8961	2	P.4.4.99|P.5.1.133
Amuzyaputraka	āmuṣyaputraka	8962	2	P.5.1.133|P.5.4.30
An	ān	8546	1	P.4.2.75
AnAmya	ānāmya	8607	1	P.4.4.91
AnAya	ānāya	8609	1	P.3.3.124
AnAyya	ānāyya	8611	1	P.3.1.127
AnESvarya	ānaiśvarya	8683	2	P.5.1.124|P.7.3.30
AnEpuRa	ānaipuṇa	8682	1	P.7.3.30
AnUpa	ānūpa	8672	1	P.4.2.133
AnUpaka	ānūpaka	8673	1	P.4.2.134
Ana	āna	8548	1	P.4.2.75
AnaBimlAna	ānabhimlāna	8592	1	P.4.1.112
AnaBimlAta	ānabhimlāta	66494	1	P.4.1.112
AnakAyani	ānakāyani	8552	1	P.4.2.80
AnakasTalI	ānakasthalī	8551	1	P.4.2.127
Ananda	ānanda	8566	1	P.4.1.41
Anantarya	ānantarya	8564	2	P.4.1.104|P.8.1.67
Anantya	ānantya	8565	1	P.5.4.23
Anaquhaka	ānaḍuhaka	8554	1	P.4.3.118
AnaquhyAyana	ānaḍuhyāyana	8556	1	P.4.1.110
AnaquhyAyani	ānaḍuhyāyani	8557	1	P.4.2.80
Anaquhya	ānaḍuhya	8555	3	P.4.1.105|P.4.1.110|P.4.2.80
AnarTakya	ānarthakya	8602	2	P.1.2.6|P.8.2.85
Anartaka	ānartaka	8600	1	P.4.2.127
Aneya	āneya	8681	1	P.3.1.127
AnfSaMsa	ānṛśaṃsa	8677	1	P.5.1.130
AnfSaMsi	ānṛśaṃsi	8678	1	P.4.2.138
Anfta	ānṛta	8675	2	P.4.2.53|P.4.4.62
Anftaka	ānṛtaka	8676	1	P.4.2.53
Aniceya	āniceya	8614	1	P.4.1.73
AnirudDa	āniruddha	8615	1	P.4.1.114
Anna	ānna	8705	1	P.4.4.85
AntarAgArika	āntarāgārika	8687	1	P.4.4.47
AntarIyaka	āntarīyaka	8689	1	P.4.2.127
Antaratamya	āntaratamya	8686	1	P.1.1.9
Antargehika	āntargehika	8690	1	P.4.3.60
AntarveSmika	āntarveśmika	8692	1	P.4.3.60
Antarya	āntarya	8691	2	P.1.1.50|P.8.2.6
Antra	āntra	66537	1	P.6.4.15
AnuSAtika	ānuśātika	8656	1	P.7.3.20
AnucAraka	ānucāraka	8629	1	P.4.4.48
Anudfzweya	ānudṛṣṭeya	8634	1	P.4.1.123
Anudfzwineya	ānudṛṣṭineya	8633	1	P.4.1.126
AnugAdika	ānugādika	8626	1	P.5.4.13
Anugatika	ānugatika	8625	1	P.4.4.19
AnugrAmika	ānugrāmika	8628	1	P.4.3.61
AnuguRika	ānuguṇika	8627	1	P.4.2.63
AnuhArati	ānuhārati	8670	3	P.2.4.61|P.4.1.96|P.7.3.20
AnukUlika	ānukūlika	8621	1	P.4.4.28
AnukUlya	ānukūlya	8622	2	P.1.4.78|P.8.1.33
Anukalpika	ānukalpika	8620	1	P.4.2.60
Anulepika	ānulepika	8650	1	P.4.4.48
Anulomika	ānulomika	8651	1	P.4.4.28
Anulomya	ānulomya	8652	3	P.3.2.20|P.3.4.64|P.5.4.63
AnumAnika	ānumānika	8643	1	P.1.1.56
AnunASya	ānunāśya	8635	1	P.4.2.80
AnupUrvya	ānupūrvya	8641	1	P.2.1.6
Anupadika	ānupadika	8638	2	P.4.2.60|P.4.4.37
AnurAhati	ānurāhati	8648	1	P.2.4.61
Anusftineya	ānusṛtineya	8669	1	P.4.1.126
Anuti	ānuti	8631	1	P.2.4.61
AnuzaNgika	ānuṣaṅgika	8662	1	P.2.2.29
AnuzaRqa	ānuṣaṇḍa	8663	2	P.4.2.133|P.4.2.134
Anuzak	ānuṣak	8661	2	P.1.1.37|P.1.4.57
AnuzwuBa	ānuṣṭubha	8665	1	P.4.1.86
AnvIpika	ānvīpika	8711	1	P.4.4.28
AnyaBAvya	ānyabhāvya	8707	1	P.5.1.124
Anyatareya	ānyatareya	8706	1	P.4.1.123
Ap	āp	66546	20	P.1.1.4|P.1.1.34|P.1.1.50|P.1.1.56|P.1.2.44|P.1.3.36|P.1.4.27|P.2.1.14|P.2.1.24|P.2.1.134|P.2.2.4|P.3.4.20|P.3.4.56|P.3.4.66|P.5.2.7|P.5.2.8|P.5.4.118|P.6.4.57|P.7.4.55|P.8.3.58
ApAdana	āpādana	8760	1	P.5.3.43
ApAtya	āpātya	8758	1	P.3.4.68
ApUpika	āpūpika	8780	6	P.4.2.47|P.4.3.96|P.4.4.51|P.4.4.61|P.4.4.65|P.4.4.103
ApaRa	āpaṇa	8722	1	P.3.3.119
ApaRika	āpaṇika	8723	3	P.4.3.75|P.4.4.47|P.4.4.50
Apaccika	āpaccika	8721	1	P.4.1.41
Apaka	āpaka	8715	1	P.4.1.41
Apakara	āpakara	8716	1	P.4.3.33
Apakziti	āpakṣiti	8718	1	P.4.1.80
Apamityaka	āpamityaka	8741	1	P.4.4.21
AparADayya	āparādhayya	8744	1	P.5.1.124
AparAhRika	āparāhṇika	8745	1	P.4.3.24
Apastamba	āpastamba	8749	1	P.4.1.104
ApatkAlika	āpatkālika	8728	1	P.4.2.116
Apatya	āpatya	8730	1	P.6.4.151
Apekzika	āpekṣika	8790	1	P.5.4.124
ApfcCya	āpṛcchya	8789	1	P.3.1.123
ApiSala	āpiśala	8769	2	P.6.2.36|P.7.3.95
ApiSali	āpiśali	8770	2	P.4.1.80|P.6.1.92
AplAva	āplāva	8827	1	P.3.3.50
AplAvya	āplāvya	8828	1	P.3.4.68
Aplava	āplava	8824	1	P.3.3.50
AprAtimAyava	āprātimāyava	8819	1	P.4.2.121
AprapadIna	āprapadīna	8818	1	P.5.2.8
Aprapadam	āprapadam	8817	1	P.5.2.8
Apya	āpya	8805	1	P.4.3.144
AqAraka	āḍāraka	8190	1	P.2.4.69
Ar	ār	9091	1	P.3.1.27
ArA	ārā	9141	2	P.3.3.104|P.6.1.203
ArADaya	ārādhaya	9156	1	P.5.1.124
ArADayya	ārādhayya	9159	1	P.5.1.124
ArAjYI	ārājñī	9145	1	P.4.2.127
ArAla	ārāla	9164	1	P.5.2.36
ArAt	ārāt	9148	2	P.1.1.37|P.2.2.29
ArAva	ārāva	9166	1	P.3.3.50
ArDaDAtuka	ārdhadhātuka	9287	6	P.1.1.4|P.2.4.35|P.3.4.144|P.7.2.35|P.7.3.84|P.7.4.49
ArDakaMsika	ārdhakaṃsika	9286	2	P.7.3.26|P.7.3.27
ArDaprasTika	ārdhaprasthika	9289	1	P.7.3.27
ArDapura	ārdhapura	9288	1	P.6.2.193
ArDavAhanika	ārdhavāhanika	9291	1	P.4.4.12
ArIhaRaka	ārīhaṇaka	9175	2	P.4.2.80|P.4.2.141
ArTika	ārthika	9273	1	P.4.4.40
AraRyaka	āraṇyaka	66752	1	P.4.2.129
AradDa	āraddha	9122	1	P.4.1.154
AragvAyanabanDakI	āragvāyanabandhakī	9104	1	P.2.2.31
AramBa	ārambha	9130	3	P.1.1.69|P.1.3.68|P.4.1.79
AramBaRIya	ārambhaṇīya	9134	1	P.5.1.111
AramBaRa	ārambhaṇa	9132	1	P.5.1.111
AramBaka	ārambhaka	9131	1	P.7.1.63
Araqava	āraḍava	9110	1	P.4.2.71
AraqvAyani	āraḍvāyani	9111	1	P.2.2.31
Araraka	āraraka	9137	1	P.4.2.111
Ararakya	ārarakya	9138	1	P.4.1.105
Arasya	ārasya	9140	1	P.5.1.121
Arava	ārava	9139	1	P.3.3.50
Arawa	āraṭa	9106	1	P.4.1.41
Arawava	āraṭava	9107	1	P.4.1.154
ArcABin	ārcābhin	9241	2	P.4.3.104|P.6.2.37
ArcAyana	ārcāyana	9242	1	P.4.1.99
Arca	ārca	9239	1	P.5.2.101
Arcika	ārcika	9243	1	P.4.3.72
Arda	ārda	9274	1	P.4.1.41
Ardra	ārdra	9275	4	P.1.4.74|P.2.4.31|P.4.2.90|P.5.4.139
Ardraka	ārdraka	9277	1	P.4.3.28
ArgayaRa	ārgayaṇa	9234	1	P.4.3.73
ArhAyaRa	ārhāyaṇa	9346	1	P.4.1.110
ArhIya	ārhīya	9347	2	P.5.1.19|P.5.1.20
ArhantI	ārhantī	9345	1	P.5.1.124
AriMdamika	āriṃdamika	9171	1	P.4.2.116
AriSmIya	āriśmīya	9173	1	P.4.2.80
Aritrika	āritrika	9169	1	P.4.2.116
Arjava	ārjava	9245	1	P.5.1.122
ArjunAvaka	ārjunāvaka	9251	1	P.4.2.127
ArjunAyana	ārjunāyana	9249	2	P.4.1.110|P.4.2.53
ArjunAyanaka	ārjunāyanaka	9250	1	P.4.2.53
Arjuni	ārjuni	9252	2	P.4.1.96|P.4.2.80
ArkAyaRa	ārkāyaṇa	9227	2	P.4.1.110|P.4.2.80
ArkalUza	ārkalūṣa	9226	3	P.4.1.100|P.4.1.104|P.4.2.80
Arkzoda	ārkṣoda	9230	1	P.4.3.91
ArkzyAyaRI	ārkṣyāyaṇī	9233	1	P.4.1.18
Arkzya	ārkṣya	9231	1	P.4.1.105
Aroha	āroha	9219	1	P.3.3.87
ArohaRIya	ārohaṇīya	9223	1	P.5.1.111
Arohavant	ārohavant	9224	1	P.5.2.136
Arohin	ārohin	9225	1	P.5.2.136
ArtaBAga	ārtabhāga	9260	2	P.4.1.78|P.4.1.104
Artava	ārtava	9261	2	P.5.1.105|P.6.2.9
ArtvijIna	ārtvijīna	9267	1	P.5.1.71
AruRaka	āruṇaka	9181	1	P.4.2.127
AruRaparAjin	āruṇaparājin	9183	1	P.4.3.105
AruRin	āruṇin	9186	1	P.4.3.104
AruzIya	āruṣīya	9194	1	P.4.2.80
Arya	ārya	9297	1	P.6.2.58
AryaSveta	āryaśveta	9323	1	P.4.1.112
AryabrAhmaRa	āryabrāhmaṇa	9310	1	P.6.2.58
Aryahalam	āryahalam	9327	1	P.1.1.37
AryakftI	āryakṛtī	9300	1	P.4.1.30
AryakumAra	āryakumāra	9299	1	P.6.2.58
Arza	ārṣa	9335	1	P.2.4.58
ArzaBya	ārṣabhya	9338	1	P.5.1.14
Arzikya	ārṣikya	9339	1	P.5.1.128
ArzizeRa	ārṣiṣeṇa	9340	1	P.4.1.104
ArzwizeRa	ārṣṭiṣeṇa	9343	2	P.4.1.104|P.4.1.112
As	ās	9721	9	P.1.3.62|P.1.3.88|P.1.4.46|P.2.2.13|P.2.3.68|P.3.1.87|P.3.4.72|P.3.4.76|P.7.2.83
AsAvya	āsāvya	9764	1	P.3.1.126
AsTA	āsthā	9816	1	P.1.4.74
AsTAlO	āsthālau	9822	1	P.1.1.37
AsTApita	āsthāpita	9820	1	P.6.2.146
AsTeya	āstheya	9823	1	P.6.1.26
AsaMgatya	āsaṃgatya	9730	1	P.5.1.121
Asan	āsan	9739	1	P.6.1.63
Asana	āsana	9740	3	P.2.4.31|P.3.3.107|P.6.2.151
AsandIvant	āsandīvant	9744	2	P.4.2.86|P.8.2.12
AsevA	āsevā	9791	1	P.3.4.56
Asevana	āsevana	9790	1	P.8.3.102
Asevitin	āsevitin	9792	1	P.5.2.88
AsikA	āsikā	9766	1	P.3.3.111
Asika	āsika	9765	1	P.4.4.57
AsinAsi	āsināsi	9769	1	P.2.4.61
AsmAkIna	āsmākīna	9837	2	P.4.3.1|P.4.3.2
AsmAka	āsmāka	9836	2	P.4.3.1|P.4.3.2
Aspada	āspada	9826	1	P.6.1.146
AsrAva	āsrāva	9852	1	P.3.1.141
AsrAy	āsrāy	9850	1	P.3.1.18
AsrAyaRa	āsrāyaṇa	9851	1	P.4.1.99
Asra	āsra	9847	3	P.3.1.18|P.5.2.131|P.6.2.170
Asrin	āsrin	9855	1	P.5.2.131
AstAyana	āstāyana	9805	1	P.4.2.80
AstaraRa	āstaraṇa	9801	2	P.4.1.41|P.5.1.97
Asteya	āsteya	9814	1	P.4.3.56
Astika	āstika	9810	1	P.4.4.60
Astikya	āstikya	9812	1	P.5.1.128
Asura	āsura	9779	3	P.4.4.124|P.5.3.117|P.5.4.38
Asuri	āsuri	9782	1	P.2.4.61
Asut	āsut	9773	1	P.4.2.138
AsutIvala	āsutīvala	9778	1	P.5.2.112
AsutIya	āsutīya	9777	1	P.4.2.138
Asuti	āsuti	9774	2	P.5.3.59|P.6.4.154
Asutimant	āsutimant	9776	1	P.4.2.86
Asya	āsya	9838	2	P.1.1.9|P.1.3.20
AsyahAtya	āsyahātya	9844	2	P.5.2.61|P.7.3.20
AtAlI	ātālī	8252	1	P.1.4.61
AtapIya	ātapīya	8239	1	P.4.2.90
Atava	ātava	8245	1	P.4.1.110
AtiSvAyana	ātiśvāyana	8263	1	P.4.2.80
AtiTeya	ātitheya	8256	2	P.4.1.123|P.4.4.104
AtiTya	ātithya	8257	1	P.5.4.26
AtmIya	ātmīya	8358	1	P.1.1.35
AtmaMBari	ātmaṃbhari	8333	1	P.3.2.26
AtmakAmeya	ātmakāmeya	8285	1	P.4.2.53
Atmaka	ātmaka	8282	1	P.7.4.38
Atman	ātman	8309	2	P.6.3.5|P.6.3.6
AtmanIna	ātmanīna	8311	2	P.5.1.9|P.6.4.169
AtmaneBAzA	ātmanebhāṣā	8314	2	P.6.3.7|P.6.3.8
Atmanepada	ātmanepada	8312	3	P.1.3.12|P.1.4.100|P.6.3.7
Atmanepadin	ātmanepadin	8313	3	P.1.3.62|P.3.4.2|P.7.1.71
AtmaprIti	ātmaprīti	8321	1	P.7.1.51
AtreyAyaRa	ātreyāyaṇa	8367	1	P.4.1.110
AtreyIya	ātreyīya	8370	1	P.4.1.89
Atreya	ātreya	8366	4	P.2.4.65|P.4.1.110|P.4.1.117|P.4.1.122
Atyayika	ātyayika	8365	1	P.5.4.34
AvaSyaka	āvaśyaka	9457	3	P.3.1.125|P.3.3.170|P.7.3.65
AvaSyaputraka	āvaśyaputraka	9458	1	P.5.1.133
AvanatIya	āvanatīya	9432	1	P.4.2.80
Avantya	āvantya	9436	1	P.4.1.171
Avapana	āvapana	9437	1	P.4.1.42
AvapanizkirA	āvapaniṣkirā	9438	1	P.2.1.72
AvaraRa	āvaraṇa	9445	1	P.4.4.62
Avarasamaka	āvarasamaka	9446	1	P.4.3.49
AvasAna	āvasāna	9463	1	P.4.3.93
AvasaTika	āvasathika	9461	1	P.4.4.74
AvasaTya	āvasathya	9462	1	P.5.4.23
Avawya	āvaṭya	9430	3	P.4.1.17|P.4.1.75|P.5.1.121
Avaya	āvaya	9442	1	P.4.2.127
Avevyaka	āvevyaka	9521	2	P.1.1.6|P.7.4.53
AvidUrya	āvidūrya	9487	2	P.7.2.25|P.8.3.68
Avikya	āvikya	9482	1	P.5.1.128
Avis	āvis	9500	3	P.1.1.37|P.1.4.61|P.8.3.41
AvizkaraRa	āviṣkaraṇa	9495	3	P.1.2.15|P.1.3.23|P.8.2.94
Avizwya	āviṣṭya	9499	1	P.8.3.101
AvrIqaka	āvrīḍaka	9534	1	P.4.2.53
AvyADa	āvyādha	9529	1	P.3.3.61
Awi	āṭi	8176	1	P.6.2.86
AwiSAlA	āṭiśālā	8179	1	P.6.2.86
AwwasTalaka	āṭṭasthalaka	8185	1	P.4.2.127
AyAma	āyāma	9042	2	P.2.1.16|P.5.4.83
AyAmavant	āyāmavant	9043	1	P.5.2.136
AyAmin	āyāmin	9044	2	P.3.2.142|P.5.2.136
AyAsa	āyāsa	9045	1	P.8.1.13
AyAsin	āyāsin	9047	1	P.3.2.142
Aya	āya	9005	1	P.5.1.47
AyaHSUlika	āyaḥśūlika	9031	1	P.5.2.76
AyaTApurya	āyathāpurya	66698	1	P.7.3.31
AyaTAtaTya	āyathātathya	9022	1	P.7.3.31
Ayaka	āyaka	9006	1	P.6.4.81
AyasIya	āyasīya	9033	1	P.4.2.80
AyasTAna	āyasthāna	9035	1	P.4.3.75
AyasTURa	āyasthūṇa	9036	1	P.4.1.112
AyatIgavam	āyatīgavam	9017	1	P.2.1.17
AyatIsamam	āyatīsamam	9018	1	P.2.1.17
AyuDIya	āyudhīya	9060	1	P.4.4.14
AyuDajIvin	āyudhajīvin	9055	1	P.4.3.91
AyuDika	āyudhika	9058	1	P.4.4.14
AyuDya	āyudhya	9061	1	P.5.1.121
Ayukta	āyukta	9051	2	P.2.3.40|P.5.2.88
Ayurvedika	āyurvedika	9071	2	P.4.2.60|P.4.4.102
Ayuzmant	āyuṣmant	9082	1	P.8.2.83
Ayuzwoma	āyuṣṭoma	9078	1	P.8.3.83
Ayuzya	āyuṣya	9083	1	P.2.3.73
AzAQa	āṣāḍha	9705	1	P.5.1.110
AzwamAtura	āṣṭamātura	9715	1	P.6.3.47
Azwama	āṣṭama	9714	2	P.5.3.50|P.5.3.51
Azwi	āṣṭi	9716	1	P.4.1.96
BA	bhā	54387	1	P.2.3.2
BAHkaraRa	bhāḥkaraṇa	54392	1	P.8.3.46
BANgIna	bhāṅgīna	54462	1	P.5.2.4
BARqAgAra	bhāṇḍāgāra	54506	1	P.4.4.70
BARqAgArika	bhāṇḍāgārika	54507	1	P.4.4.70
BARqa	bhāṇḍa	54494	2	P.3.1.20|P.4.4.41
BARqala	bhāṇḍala	54503	1	P.4.1.41
BARqava	bhāṇḍava	54504	1	P.4.2.77
BARqi	bhāṇḍi	54513	1	P.6.2.86
BARqiSAlA	bhāṇḍiśālā	54523	1	P.6.2.86
BARqilAyana	bhāṇḍilāyana	54521	1	P.4.1.110
BARqitAyana	bhāṇḍitāyana	54517	1	P.4.1.110
BARqita	bhāṇḍita	54516	1	P.4.2.111
BARqitya	bhāṇḍitya	54518	1	P.4.1.105
BAdraSarmi	bhādraśarmi	54535	2	P.4.1.96|P.6.4.144
BAdradArava	bhādradārava	54530	1	P.4.3.139
BAdramAtura	bhādramātura	54532	1	P.4.1.115
BAdrasAma	bhādrasāma	54536	1	P.6.4.170
BAga	bhāga	54403	5	P.1.2.29|P.1.2.30|P.1.4.90|P.5.1.49|P.7.3.52
BAgaDeya	bhāgadheya	54412	1	P.4.1.30
BAgalaka	bhāgalaka	54419	1	P.4.2.80
BAgali	bhāgali	54421	1	P.4.1.96
BAgavata	bhāgavata	54423	1	P.2.4.11
BAgavftti	bhāgavṛtti	54436	1	P.6.4.126
BAgavittAyana	bhāgavittāyana	54433	1	P.4.1.148
BAgavitta	bhāgavitta	54432	1	P.4.1.90
BAgavitti	bhāgavitti	54434	2	P.4.1.90|P.4.1.148
BAgavittika	bhāgavittika	54435	2	P.4.1.90|P.4.1.148
BAgika	bhāgika	54446	1	P.5.1.49
BAgin	bhāgin	54447	1	P.3.2.142
BAgya	bhāgya	54454	2	P.5.1.49|P.5.1.66
BAj	bhāj	54463	1	P.3.2.62
BAjI	bhājī	54473	3	P.4.1.6|P.4.1.42|P.4.2.71
BAjak	bhājak	54464	2	P.1.1.37|P.1.4.57
BAjana	bhājana	54466	2	P.2.4.67|P.4.1.104
BAkta	bhākta	54398	2	P.4.4.68|P.4.4.100
BAktika	bhāktika	54400	1	P.4.4.68
BAkzAlaka	bhākṣālaka	54402	1	P.4.2.127
BAkza	bhākṣa	54401	1	P.4.4.62
BAlandana	bhālandana	54671	1	P.4.1.112
BAlandanaka	bhālandanaka	54672	1	P.4.2.80
BAlla	bhālla	54681	1	P.4.2.75
BAllakIya	bhāllakīya	54682	1	P.4.1.86
BAllapAleya	bhāllapāleya	54683	1	P.4.2.80
BAllavin	bhāllavin	54685	2	P.4.2.66|P.4.3.105
BAlleya	bhālleya	54689	1	P.4.2.80
BAm	bhām	54564	1	P.7.4.85
BAqilAyana	bhāḍilāyana	54488	1	P.4.1.110
BAqitAyana	bhāḍitāyana	54486	1	P.4.1.110
BAqita	bhāḍita	54485	1	P.4.2.111
BAqitya	bhāḍitya	54487	1	P.4.1.105
BArSya	bhārśya	54665	1	P.5.1.123
BArUjika	bhārūjika	54632	1	P.5.3.108
BAraNgI	bhāraṅgī	54579	1	P.4.2.116
BAradvAjAyana	bhāradvājāyana	54598	1	P.4.1.110
BAradvAjIya	bhāradvājīya	54601	2	P.3.1.89|P.6.4.155
BAradvAja	bhāradvāja	54596	4	P.4.1.104|P.4.1.117|P.4.2.145|P.7.2.63
BArameya	bhārameya	54605	1	P.4.1.123
BAratIvant	bhāratīvant	54593	1	P.8.2.15
BArata	bhārata	54581	4	P.4.1.86|P.4.1.178|P.4.2.56|P.5.3.117
BArateya	bhārateya	54595	1	P.4.1.123
BArgAyaRa	bhārgāyaṇa	54647	1	P.4.1.111
BArga	bhārga	54637	1	P.4.1.178
BArgava	bhārgava	54640	1	P.2.4.65
BArgi	bhārgi	54648	1	P.4.1.111
BArujika	bhārujika	54630	1	P.5.3.108
BArya	bhārya	54654	3	P.2.2.31|P.3.1.112|P.6.2.69
BAryoQa	bhāryoḍha	54663	1	P.2.2.37
BAs	bhās	54780	2	P.3.2.177|P.7.4.3
BAsana	bhāsana	54786	1	P.1.3.47
BAskara	bhāskara	54798	2	P.3.2.21|P.8.3.48
BAsmAyana	bhāsmāyana	54815	1	P.4.1.98
BAsmAyanya	bhāsmāyanya	54816	1	P.4.1.98
BAsmana	bhāsmana	54814	1	P.4.3.134
BAstrAyaRa	bhāstrāyaṇa	54813	1	P.4.2.80
BAsura	bhāsura	54795	1	P.3.2.161
BAsvant	bhāsvant	54819	1	P.8.2.9
BAsvara	bhāsvara	54820	1	P.3.2.175
BAva	bhāva	54690	15	P.1.1.56|P.2.3.37|P.3.1.24|P.3.1.40|P.3.1.66|P.3.1.107|P.3.2.45|P.3.3.18|P.3.3.24|P.3.4.69|P.4.4.144|P.5.1.59|P.5.1.119|P.6.1.159|P.8.2.3
BAvana	bhāvana	54703	1	P.3.2.85
BAvata	bhāvata	54697	1	P.4.2.115
BAvatka	bhāvatka	54698	1	P.4.2.115
BAvavacana	bhāvavacana	54728	2	P.2.3.15|P.3.3.11
BAvavant	bhāvavant	54729	2	P.2.3.37|P.5.2.95
BAvin	bhāvin	54750	2	P.1.1.45|P.3.3.3
BAvuka	bhāvuka	54751	2	P.3.2.57|P.3.2.154
BAvya	bhāvya	54753	2	P.3.1.123|P.7.2.68
BAz	bhāṣ	54756	5	P.1.2.57|P.7.2.10|P.7.3.25|P.7.4.3|P.8.1.74
BAzA	bhāṣā	54762	3	P.3.2.108|P.6.1.181|P.8.4.45
BAzitapuMska	bhāṣitapuṃska	54770	3	P.6.3.34|P.6.3.48|P.7.1.74
BAzya	bhāṣya	54773	1	P.1.2.32
BAzyakAra	bhāṣyakāra	54774	1	P.8.4.28
BAzyakft	bhāṣyakṛt	54775	2	P.3.2.89|P.8.1.73
BEdika	bhaidika	55771	1	P.5.1.64
BEkza	bhaikṣa	55758	2	P.4.2.38|P.4.3.73
BEkzuka	bhaikṣuka	55769	1	P.4.2.45
BEmAyana	bhaimāyana	55777	1	P.6.2.34
BEmaraTa	bhaimaratha	55774	1	P.4.3.87
BEzRaja	bhaiṣṇaja	55796	1	P.4.2.111
BEzRajya	bhaiṣṇajya	55797	1	P.4.1.105
BEzaja	bhaiṣaja	55791	1	P.4.2.111
BEzajya	bhaiṣajya	55792	2	P.4.1.105|P.5.4.23
BI	bhī	54938	8	P.1.3.68|P.1.4.25|P.3.1.39|P.6.1.56|P.6.1.192|P.6.4.115|P.7.3.40|P.7.3.83
BIluka	bhīluka	55012	1	P.3.2.174
BIma	bhīma	54947	1	P.3.4.74
BIru	bhīru	54997	2	P.2.1.53|P.3.2.174
BIruzWAna	bhīruṣṭhāna	55007	1	P.8.3.81
BIzma	bhīṣma	55020	1	P.3.4.74
BOgaka	bhaugaka	55904	1	P.4.1.104
BOjakawa	bhaujakaṭa	55905	1	P.1.1.75
BOji	bhauji	55907	1	P.4.2.138
BOliNgi	bhauliṅgi	55933	3	P.2.4.59|P.4.1.41|P.4.1.173
BOlikAyani	bhaulikāyani	55930	1	P.4.1.154
BOliki	bhauliki	55931	4	P.4.1.41|P.4.1.80|P.4.1.154|P.4.2.54
BOma	bhauma	55916	2	P.4.1.112|P.4.3.76
BOra	bhaura	55925	1	P.4.1.112
BOrikAyaRi	bhaurikāyaṇi	55927	1	P.4.1.154
BOriki	bhauriki	55928	4	P.4.1.41|P.4.1.80|P.4.1.154|P.4.2.54
BOta	bhauta	55910	1	P.4.2.38
BOvAdika	bhauvādika	55936	1	P.3.1.75
BU	bhū	55167	39	P.1.1.50|P.1.3.33|P.1.4.31|P.2.1.8|P.2.1.10|P.2.1.59|P.2.4.52|P.2.4.77|P.3.1.40|P.3.3.3|P.3.3.145|P.3.3.146|P.3.3.147|P.3.3.148|P.3.3.155|P.3.4.61|P.3.4.62|P.3.4.63|P.3.4.65|P.4.3.41|P.4.3.83|P.5.1.42|P.5.1.52|P.5.1.101|P.5.2.10|P.5.4.17|P.5.4.48|P.5.4.50|P.6.4.85|P.6.4.88|P.7.1.30|P.7.1.35|P.7.2.12|P.7.2.64|P.7.3.88|P.7.4.65|P.7.4.73|P.7.4.80|P.8.4.16
BUman	bhūman	55398	2	P.6.2.175|P.6.4.158
BUmimant	bhūmimant	55449	1	P.8.2.9
BUmizWa	bhūmiṣṭha	55458	1	P.8.3.97
BUpati	bhūpati	55370	1	P.6.2.19
BUr	bhūr	55500	1	P.1.1.37
BUri	bhūri	55502	1	P.4.1.112
BUriSas	bhūriśas	55549	1	P.5.4.42
BUtArma	bhūtārma	55310	1	P.6.2.91
BUta	bhūta	55200	6	P.1.1.57|P.2.1.59|P.2.4.31|P.3.2.84|P.3.2.140|P.5.1.50
BUtakAla	bhūtakāla	55204	1	P.3.3.140
BUtakAlika	bhūtakālika	55205	2	P.3.2.84|P.3.2.110
BUtapUrva	bhūtapūrva	55240	3	P.3.1.97|P.5.3.53|P.6.2.22
BUti	bhūti	55316	2	P.3.3.96|P.3.3.174
BUyaMs	bhūyaṃs	55485	2	P.1.1.37|P.6.4.158
BUyizWa	bhūyiṣṭha	55495	3	P.6.4.158|P.8.1.27|P.8.1.57
BUzaRa	bhūṣaṇa	55590	3	P.1.4.64|P.2.4.31|P.3.2.151
BaNga	bhaṅga	53838	2	P.3.1.27|P.5.2.4
BaNgura	bhaṅgura	53854	1	P.3.2.161
BaNgya	bhaṅgya	53859	2	P.5.1.66|P.5.2.4
BaR	bhaṇ	53935	2	P.6.4.121|P.7.4.3
BaRqIraTa	bhaṇḍīratha	53957	1	P.2.4.68
BaRqila	bhaṇḍila	53953	2	P.2.4.63|P.4.1.110
BaRqita	bhaṇḍita	53950	3	P.2.4.63|P.4.1.105|P.4.1.110
BaRqu	bhaṇḍu	53960	1	P.4.2.77
BaYj	bhañj	53875	5	P.6.4.32|P.6.4.33|P.7.2.10|P.7.4.86|P.8.4.28
BaYjanAgiri	bhañjanāgiri	53880	1	P.6.3.117
BadrAkar	bhadrākar	54072	1	P.1.4.74
Badra	bhadra	53972	1	P.2.3.73
BadraSarman	bhadraśarman	54053	1	P.4.1.96
BadrabAhu	bhadrabāhu	54018	1	P.4.1.67
BadramuKa	bhadramukha	54027	1	P.6.2.167
BadrapAda	bhadrapāda	54012	1	P.7.3.18
BagAla	bhagāla	53818	2	P.6.2.29|P.6.2.137
Baga	bhaga	53763	3	P.4.1.45|P.4.1.56|P.7.3.19
BagaMdara	bhagaṃdara	53781	1	P.3.2.41
Bagala	bhagala	53785	2	P.4.1.96|P.4.2.80
Bagavant	bhagavant	53804	1	P.8.3.17
Bagavitta	bhagavitta	53810	1	P.4.1.90
Bagin	bhagin	53820	2	P.6.2.81|P.8.4.11
Baj	bhaj	53862	8	P.1.3.46|P.2.3.42|P.2.3.71|P.3.2.4|P.6.4.122|P.7.2.10|P.8.2.86|P.8.3.53
Bakta	bhakta	53693	4	P.4.2.54|P.6.2.71|P.7.2.43|P.7.2.82
BaktakaMsa	bhaktakaṃsa	53694	1	P.6.2.71
Bakti	bhakti	53714	2	P.6.1.101|P.6.3.34
Baktikara	bhaktikara	53715	1	P.3.2.21
Bakz	bhakṣ	53742	3	P.1.4.52|P.6.4.52|P.7.3.69
BakzAlI	bhakṣālī	53754	1	P.4.2.127
Bakza	bhakṣa	53743	3	P.4.2.16|P.4.4.110|P.6.1.160
Bakzaka	bhakṣaka	53744	2	P.2.2.16|P.3.3.111
Bakzya	bhakṣya	53759	2	P.2.1.35|P.7.3.69
Balandana	bhalandana	54246	3	P.2.4.63|P.4.1.112|P.4.2.80
Balla	bhalla	54249	3	P.4.2.75|P.4.2.80|P.5.3.114
BallakIya	bhallakīya	54251	1	P.4.1.86
BallapAla	bhallapāla	54253	1	P.4.2.80
Baqila	bhaḍila	53934	2	P.2.4.63|P.4.1.110
Baqita	bhaḍita	53933	3	P.2.4.63|P.4.1.105|P.4.1.110
Bar	bhar	54144	8	P.2.4.39|P.3.1.39|P.6.1.68|P.6.1.192|P.7.2.13|P.7.3.83|P.7.4.65|P.7.4.76
BarUjA	bharūjā	54198	1	P.5.3.108
BaraRika	bharaṇika	54154	1	P.4.4.16
BaraRizeRa	bharaṇiṣeṇa	54155	1	P.8.3.100
BaraRy	bharaṇy	54159	1	P.3.1.27
BaradvAja	bharadvāja	54179	3	P.4.1.110|P.4.1.117|P.4.2.145
Barama	bharama	54182	1	P.4.1.123
Barata	bharata	54163	4	P.2.4.66|P.4.2.113|P.5.3.117|P.8.3.75
Barawa	bharaṭa	54148	1	P.4.4.16
Barawika	bharaṭika	54150	1	P.4.4.16
Barga	bharga	54202	2	P.4.1.111|P.4.1.178
Barita	bharita	54187	1	P.5.3.36
Bartar	bhartar	54213	3	P.2.2.9|P.2.2.16|P.6.2.151
Bartavya	bhartavya	54214	1	P.3.1.112
Bartsana	bhartsana	54230	1	P.8.1.8
Baruja	bharuja	54196	2	P.4.1.45|P.5.3.108
Bas	bhas	54350	2	P.6.4.100|P.7.2.8
Basman	bhasman	54375	1	P.2.1.47
BastrA	bhastrā	54360	3	P.4.2.90|P.4.4.16|P.7.3.47
BastrAkA	bhastrākā	54361	1	P.7.3.47
BastrIya	bhastrīya	54365	1	P.4.2.90
BastrakA	bhastrakā	54358	1	P.7.3.47
Bastrika	bhastrika	54363	1	P.4.4.16
BavAnI	bhavānī	54311	1	P.4.1.49
Bava	bhava	54266	3	P.1.2.51|P.3.1.143|P.4.2.70
BavadIya	bhavadīya	54277	1	P.4.2.115
Bavana	bhavana	54283	2	P.2.4.31|P.5.2.1
Bavant	bhavant	54292	1	P.1.1.27
BavizRu	bhaviṣṇu	54330	2	P.3.2.57|P.3.2.138
BavizyattA	bhaviṣyattā	54333	1	P.7.3.16
Bavya	bhavya	54342	2	P.3.4.68|P.5.3.104
BayAnaka	bhayānaka	54139	1	P.3.4.74
Baya	bhaya	54117	1	P.2.1.37
BayaMkara	bhayaṃkara	54121	1	P.3.2.43
BayabrAhmaRa	bhayabrāhmaṇa	54132	1	P.6.2.69
Bayya	bhayya	54143	1	P.6.1.83
Baza	bhaṣa	54347	1	P.3.1.134
Beda	bheda	55716	2	P.1.2.33|P.8.1.60
Bedaka	bhedaka	55717	3	P.2.1.57|P.2.3.66|P.5.3.69
Bedya	bhedya	55731	1	P.2.1.57
Bettar	bhettar	55714	1	P.2.3.65
Beya	bheya	55735	1	P.6.1.83
Bezaja	bheṣaja	55752	1	P.4.1.30
BfNga	bhṛṅga	55633	1	P.4.1.41
BfS	bhṛś	55695	3	P.3.1.12|P.6.4.161|P.8.1.67
BfSAy	bhṛśāy	55697	2	P.3.1.12|P.7.4.25
Bfgu	bhṛgu	55613	2	P.2.4.65|P.7.3.53
Bfjj	bhṛjj	55668	1	P.8.2.29
Bftaka	bhṛtaka	55676	1	P.3.2.22
Bfti	bhṛti	55677	3	P.1.3.36|P.3.2.22|P.5.1.56
BftyA	bhṛtyā	55682	1	P.3.3.99
Bftya	bhṛtya	55681	1	P.3.1.112
Bid	bhid	54864	23	P.1.1.14|P.1.2.1|P.1.2.5|P.1.2.10|P.1.2.11|P.1.4.6|P.2.3.29|P.3.1.57|P.3.1.85|P.3.2.61|P.4.1.94|P.6.1.68|P.6.4.49|P.7.2.3|P.7.2.10|P.7.2.61|P.7.2.62|P.7.2.67|P.7.4.65|P.8.2.6|P.8.2.42|P.8.2.75|P.8.4.18
BidA	bhidā	54866	1	P.3.3.104
Bidura	bhidura	54871	1	P.3.2.162
Bidya	bhidya	54874	1	P.3.1.115
Bikz	bhikṣ	54822	1	P.1.4.51
BikzA	bhikṣā	54824	1	P.4.2.38
BikzAcara	bhikṣācara	54827	1	P.3.2.17
BikzAka	bhikṣāka	54825	1	P.3.2.155
BikzAmARava	bhikṣāmāṇava	54836	1	P.6.2.69
BikzAvAsas	bhikṣāvāsas	54840	1	P.6.2.71
Bikzu	bhikṣu	54847	1	P.3.2.168
Bikzuka	bhikṣuka	54848	4	P.2.2.38|P.3.3.42|P.4.1.127|P.4.2.45
BikzusUtra	bhikṣusūtra	54854	1	P.4.3.110
Bikzy	bhikṣy	54855	1	P.3.1.27
BindDilavaRA	bhinddhilavaṇā	54881	1	P.2.1.72
BinnakarRa	bhinnakarṇa	54884	1	P.6.3.115
Bitta	bhitta	54857	1	P.8.2.59
Bitti	bhitti	54858	1	P.2.1.66
BizRaja	bhiṣṇaja	54930	1	P.4.1.105
BizRajy	bhiṣṇajy	54931	1	P.3.1.27
Bizaj	bhiṣaj	54926	1	P.4.1.105
Bizajy	bhiṣajy	54928	1	P.3.1.27
BlAS	bhlāś	56099	2	P.3.1.70|P.6.4.125
BogIna	bhogīna	55843	1	P.5.1.9
Boga	bhoga	55803	1	P.6.1.160
Bogaka	bhogaka	55805	1	P.4.1.104
Bogavant	bhogavant	55823	1	P.4.1.73
Bogya	bhogya	55847	1	P.7.3.69
Bojaka	bhojaka	55852	2	P.2.2.17|P.3.3.10
BojakawIya	bhojakaṭīya	55855	1	P.1.1.75
Bojana	bhojana	55858	2	P.3.3.113|P.6.2.150
BojanakAla	bhojanakāla	55859	1	P.1.3.26
Bojin	bhojin	55884	1	P.3.2.78
BojyA	bhojyā	55892	1	P.4.1.80
Bojya	bhojya	55885	1	P.7.3.69
BojyozRa	bhojyoṣṇa	55893	2	P.2.1.68|P.6.2.2
Boktar	bhoktar	55800	1	P.4.1.33
Bos	bhos	55902	5	P.8.2.83|P.8.3.17|P.8.3.18|P.8.3.20|P.8.3.22
BrAS	bhrāś	56053	2	P.3.1.70|P.6.4.125
BrAj	bhrāj	56000	3	P.6.4.125|P.7.4.3|P.8.2.36
BrAjizRu	bhrājiṣṇu	56013	1	P.3.2.138
BrAma	bhrāma	56047	1	P.3.1.140
BrAmara	bhrāmara	56050	1	P.4.3.119
BrAnti	bhrānti	56044	1	P.2.3.51
BrAtar	bhrātar	56018	2	P.1.2.68|P.5.4.157
BrAtfka	bhrātṛka	56022	2	P.4.2.104|P.4.3.78
BrAtfvya	bhrātṛvya	56032	2	P.4.1.144|P.4.1.145
BrAtrIya	bhrātrīya	56041	1	P.4.1.144
BrAtra	bhrātra	56040	1	P.5.1.130
BrAtuzputra	bhrātuṣputra	56020	1	P.8.3.48
BrAzwra	bhrāṣṭra	56056	2	P.4.2.16|P.6.2.82
BrAzwraja	bhrāṣṭraja	56059	1	P.6.2.82
BrORaGna	bhrauṇaghna	56095	1	P.6.4.135
BrORahatya	bhrauṇahatya	56096	1	P.6.4.174
BrOveya	bhrauveya	56097	1	P.4.1.125
BrU	bhrū	56073	1	P.6.4.77
BrURahan	bhrūṇahan	56083	2	P.3.2.87|P.6.1.67
BrUjAha	bhrūjāha	56077	1	P.5.2.24
BraMS	bhraṃś	55940	1	P.7.4.84
BraMSakalA	bhraṃśakalā	55943	1	P.1.4.61
BraMs	bhraṃs	55947	1	P.7.4.84
BraSiman	bhraśiman	55991	1	P.5.1.123
Brajj	bhrajj	55955	6	P.6.1.16|P.6.4.47|P.7.2.10|P.7.2.49|P.7.4.90|P.8.2.36
Brajjana	bhrajjana	55956	1	P.6.4.47
Bram	bhram	55960	3	P.3.1.70|P.6.4.124|P.7.3.74
BramAy	bhramāy	55986	1	P.3.1.12
Brama	bhrama	55961	1	P.3.1.140
Bramin	bhramin	55989	1	P.3.2.141
Brazwaka	bhraṣṭaka	55994	2	P.2.4.68|P.2.4.69
Brazwavya	bhraṣṭavya	55996	2	P.6.4.47|P.8.2.36
BuRika	bhuṇika	55114	1	P.4.1.79
Buj	bhuj	55050	11	P.1.2.21|P.1.3.66|P.1.3.87|P.1.4.52|P.2.1.69|P.3.4.22|P.3.4.76|P.7.2.10|P.8.2.45|P.8.4.29|P.8.4.31
Buja	bhuja	55052	1	P.7.3.61
Bujyu	bhujyu	55109	1	P.7.1.1
Bukta	bhukta	55034	3	P.2.2.13|P.2.3.68|P.3.4.76
BuktapUrvin	bhuktapūrvin	55035	1	P.5.2.87
BuktvAsuhita	bhuktvāsuhita	55046	1	P.2.1.72
BuraRy	bhuraṇy	55121	1	P.3.1.27
BuvaMmanya	bhuvaṃmanya	55157	1	P.6.3.68
Buvanapati	bhuvanapati	55135	1	P.6.2.20
Buvas	bhuvas	55158	2	P.1.1.37|P.8.2.71
CA	chā	26160	4	P.2.4.78|P.7.3.37|P.7.3.71|P.7.4.41
CAda	chāda	26189	1	P.6.4.96
CAdizeya	chādiṣeya	26193	1	P.5.1.13
CAgala	chāgala	26169	2	P.4.1.117|P.4.3.93
CAgaleya	chāgaleya	26174	1	P.4.2.80
CAgaleyin	chāgaleyin	26175	2	P.4.3.109|P.7.1.2
CAgali	chāgali	26173	2	P.4.1.96|P.4.1.117
CAgamitra	chāgamitra	26167	1	P.4.2.116
CAla	chāla	26226	1	P.2.4.31
CAndasa	chāndasa	26196	6	P.1.1.6|P.3.2.105|P.3.2.107|P.4.3.71|P.5.1.133|P.5.2.84
CAndasaka	chāndasaka	26197	1	P.5.1.133
CAndasatva	chāndasatva	26198	1	P.7.1.39
CAndoBAza	chāndobhāṣa	26202	1	P.4.3.73
CAndogya	chāndogya	26201	1	P.4.3.129
CAndomAna	chāndomāna	26204	1	P.4.3.73
CAndovicita	chāndovicita	26206	1	P.4.3.73
CAttra	chāttra	26182	2	P.4.4.62|P.6.2.16
CAttraka	chāttraka	26183	1	P.5.1.133
CAttravyaMsaka	chāttravyaṃsaka	26186	1	P.2.1.72
CAttri	chāttri	26187	1	P.6.2.86
CAttrikya	chāttrikya	26188	1	P.5.1.128
CAya	chāya	26207	3	P.2.4.22|P.2.4.25|P.6.2.14
CEdika	chaidika	26298	1	P.5.1.64
Cad	chad	26084	4	P.1.3.47|P.6.2.170|P.6.4.97|P.7.2.27
Cadis	chadis	26089	1	P.3.4.97
Cadman	chadman	26091	1	P.6.4.97
Cagala	chagala	26050	3	P.4.1.96|P.4.1.117|P.4.3.93
Cagalin	chagalin	26056	2	P.4.3.104|P.4.3.109
Cala	chala	26145	1	P.2.4.31
Cambaw	chambaṭ	26131	1	P.1.4.57
CanacCan	chanacchan	26096	1	P.6.1.99
Candas	chandas	26102	5	P.1.2.36|P.3.1.42|P.4.1.29|P.4.3.106|P.4.4.93
Candasya	chandasya	26105	2	P.4.3.71|P.4.4.93
CandoBAzA	chandobhāṣā	26115	1	P.4.3.73
CandomAna	chandomāna	26120	2	P.4.3.73|P.6.2.176
Candoviciti	chandoviciti	26124	1	P.4.3.73
Card	chard	26132	1	P.7.2.57
Cattra	chattra	26061	3	P.4.4.62|P.5.4.106|P.6.4.97
CattraDAra	chattradhāra	26066	1	P.6.2.75
Cattrika	chattrika	26076	1	P.5.1.128
Ceda	cheda	26289	1	P.4.1.41
Cid	chid	26238	11	P.2.1.28|P.2.3.27|P.3.1.57|P.3.2.61|P.6.4.2|P.6.4.101|P.7.2.10|P.7.2.67|P.7.4.65|P.8.2.26|P.8.2.75
CidA	chidā	26240	1	P.3.3.104
Cidra	chidra	26244	1	P.6.3.115
Cidura	chidura	26243	1	P.3.2.162
CinnakarRa	chinnakarṇa	26258	1	P.6.3.115
Cup	chup	26275	1	P.7.2.10
Cur	chur	26278	1	P.8.2.79
DA	dhā	36486	48	P.1.1.3|P.1.1.7|P.1.1.20|P.1.1.54|P.1.1.66|P.1.1.67|P.1.2.17|P.1.2.33|P.1.3.89|P.1.4.28|P.1.4.73|P.1.4.82|P.2.4.77|P.2.4.78|P.3.1.20|P.3.1.49|P.3.4.45|P.3.4.96|P.4.1.70|P.4.1.94|P.4.3.91|P.4.4.125|P.5.3.77|P.6.1.189|P.6.1.190|P.6.2.147|P.6.2.154|P.6.2.178|P.6.4.62|P.6.4.66|P.6.4.67|P.6.4.69|P.6.4.76|P.6.4.119|P.7.1.4|P.7.1.38|P.7.1.45|P.7.1.71|P.7.3.33|P.7.3.36|P.7.3.70|P.7.4.42|P.7.4.45|P.7.4.54|P.8.1.38|P.8.2.38|P.8.4.8|P.8.4.17
DAka	dhāka	36487	1	P.7.4.13
DAmacCad	dhāmacchad	36604	1	P.6.4.97
DAnA	dhānā	36554	1	P.2.1.35
DAnaMjayya	dhānaṃjayya	36551	1	P.4.1.105
DAnakA	dhānakā	76577	1	P.5.3.77
DAnapata	dhānapata	36553	1	P.4.1.84
DAnurdaRqika	dhānurdaṇḍika	36560	1	P.4.4.12
DAnuzka	dhānuṣka	36561	3	P.4.4.12|P.7.3.51|P.8.1.8
DAnvapata	dhānvapata	36600	1	P.4.1.84
DAnyAyana	dhānyāyana	36589	1	P.4.1.110
DAnyamAtar	dhānyamātar	36575	1	P.4.1.115
DAnyamAya	dhānyamāya	36576	1	P.3.2.2
DAnyapati	dhānyapati	36574	1	P.4.1.84
DArA	dhārā	36650	2	P.3.3.104|P.6.1.203
DArAla	dhārāla	36665	1	P.5.2.97
DAraRi	dhāraṇi	36633	1	P.2.4.61
DAraya	dhāraya	36639	1	P.3.1.138
DArayizRu	dhārayiṣṇu	36645	1	P.3.2.137
DArmapata	dhārmapata	36688	1	P.4.1.84
DArmiRa	dhārmiṇa	36694	1	P.4.2.38
DArmiReya	dhārmiṇeya	36695	1	P.4.1.123
DArmika	dhārmika	36691	2	P.4.2.60|P.4.4.41
DArmikya	dhārmikya	36693	1	P.5.1.128
DArmyAyaRa	dhārmyāyaṇa	36696	1	P.4.1.110
DArtarAjYa	dhārtarājña	36682	2	P.4.2.127|P.6.4.135
DArteya	dhārteya	36686	2	P.4.1.178|P.5.3.117
DAru	dhāru	36680	1	P.3.2.159
DAtaki	dhātaki	36491	1	P.4.1.41
DAtar	dhātar	36492	1	P.6.4.5
DAtrI	dhātrī	36543	1	P.3.2.181
DAtu	dhātu	36493	2	P.1.3.1|P.3.1.32
DAv	dhāv	36704	1	P.7.3.78
DAvana	dhāvana	36711	1	P.6.2.150
DAya	dhāya	36615	4	P.3.1.139|P.3.1.141|P.6.1.159|P.7.3.33
DAyaka	dhāyaka	36616	1	P.7.3.33
DAyya	dhāyya	36620	3	P.3.1.129|P.4.3.54|P.6.2.131
DEnava	dhainava	37040	2	P.4.1.86|P.4.1.104
DEnuka	dhainuka	37041	1	P.4.2.47
DEvatya	dhaivatya	37047	1	P.6.4.174
DI	dhī	36757	4	P.6.1.6|P.6.1.119|P.7.2.10|P.7.4.53
DIti	dhīti	36767	1	P.7.1.39
DIvan	dhīvan	36791	2	P.3.2.75|P.4.1.7
DOmAyana	dhaumāyana	37071	1	P.4.1.10
DOmIya	dhaumīya	37072	1	P.4.2.80
DOmaka	dhaumaka	37068	1	P.4.2.127
DOmatAyana	dhaumatāyana	37070	1	P.4.2.80
DOmrAyaRa	dhaumrāyaṇa	37075	1	P.4.1.110
DOmya	dhaumya	37073	1	P.4.1.105
DOreya	dhaureya	37079	1	P.4.4.77
DOrtaka	dhaurtaka	37080	1	P.5.1.133
DOrteya	dhaurteya	37082	2	P.4.1.178|P.5.3.117
DOrtya	dhaurtya	37083	2	P.3.1.27|P.5.1.124
DOvaki	dhauvaki	37085	1	P.4.1.96
DU	dhū	36831	6	P.7.2.44|P.7.2.61|P.7.2.72|P.7.3.37|P.7.4.65|P.8.2.44
DUli	dhūli	36955	1	P.1.4.61
DUmAvatI	dhūmāvatī	36891	1	P.6.3.120
DUma	dhūma	36858	2	P.4.1.105|P.4.1.110
DUmra	dhūmra	36900	1	P.4.1.110
DUmyA	dhūmyā	36898	1	P.4.2.49
DUnay	dhūnay	36842	1	P.7.3.37
DUpAy	dhūpāy	36853	2	P.3.1.28|P.3.1.31
DUrta	dhūrta	36928	5	P.2.1.40|P.2.1.65|P.5.1.124|P.5.1.133|P.7.2.9
DUrv	dhūrv	36945	1	P.8.2.78
DUrvant	dhūrvant	36947	1	P.8.2.15
DUsI	dhūsī	36969	1	P.1.4.61
DUsara	dhūsara	36964	1	P.8.3.59
DUstarA	dhūstarā	36970	1	P.8.3.101
Dakit	dhakit	35996	1	P.5.3.72
Dam	dham	36169	2	P.7.3.78|P.7.4.31
Dama	dhama	36170	1	P.3.1.137
DamanIla	dhamanīla	36175	1	P.5.2.97
Dan	dhan	36005	2	P.6.1.192|P.7.4.78
DanAy	dhanāy	36067	1	P.7.4.34
DanIy	dhanīy	36078	1	P.7.4.34
Dana	dhana	36007	3	P.5.1.47|P.6.2.5|P.6.2.55
Danaka	dhanaka	36008	1	P.5.2.65
Danika	dhanika	36073	1	P.3.2.179
DanuHKAtA	dhanuḥkhātā	36083	1	P.6.2.146
Danus	dhanus	36123	1	P.2.4.31
DanuzkapAla	dhanuṣkapāla	36115	1	P.8.3.48
Danuzkara	dhanuṣkara	36116	1	P.3.2.21
Danvan	dhanvan	36151	2	P.4.2.121|P.5.4.132
Danvapati	dhanvapati	36160	1	P.4.1.84
Danya	dhanya	36135	4	P.4.1.110|P.4.4.84|P.5.1.39|P.5.1.111
Dar	dhar	36186	12	P.1.4.35|P.1.4.45|P.2.1.59|P.2.3.42|P.3.2.130|P.3.3.111|P.5.3.92|P.6.1.7|P.7.2.75|P.7.4.28|P.7.4.65|P.8.2.60
Darma	dharma	36241	5	P.1.2.31|P.1.3.11|P.2.1.55|P.2.4.31|P.8.1.8
Darman	dharman	36304	1	P.5.4.124
Darmapati	dharmapati	36313	1	P.4.1.84
Darmika	dharmika	36439	1	P.5.1.128
Darmin	dharmin	36440	1	P.5.2.132
Darmya	dharmya	36453	4	P.4.4.47|P.4.4.91|P.4.4.92|P.6.2.65
Darz	dharṣ	36454	5	P.1.2.19|P.2.1.53|P.3.4.65|P.6.1.206|P.7.2.19
Davitra	dhavitra	36482	1	P.3.2.184
Daya	dhaya	36184	1	P.3.1.137
Denu	dhenu	37024	4	P.2.1.65|P.5.4.77|P.5.4.106|P.7.3.25
DenuzyA	dhenuṣyā	37034	1	P.4.4.89
Denuzyita	dhenuṣyita	37035	1	P.5.2.36
DftarAjan	dhṛtarājan	36980	1	P.6.4.135
DfzRaj	dhṛṣṇaj	37013	1	P.3.2.172
DfzRu	dhṛṣṇu	37015	1	P.3.2.140
DfzRuyA	dhṛṣṇuyā	37018	1	P.7.1.39
Di	dhi	36722	1	P.3.1.80
Dik	dhik	36726	1	P.2.3.2
Ditsya	dhitsya	36736	1	P.3.1.97
DrAG	dhrāgh	37134	1	P.8.4.54
DrAkzA	dhrākṣā	37132	1	P.8.2.9
DrOvaki	dhrauvaki	37172	1	P.4.1.96
DrOvya	dhrauvya	37173	1	P.3.4.76
DrajImant	dhrajīmant	37126	1	P.8.2.9
Draji	dhraji	37125	1	P.8.2.9
Druva	dhruva	37147	3	P.1.4.24|P.2.1.53|P.6.2.177
Druvaka	dhruvaka	37148	4	P.4.1.96|P.4.2.3|P.4.2.80|P.5.2.100
Druvakila	dhruvakila	37150	1	P.5.2.100
Druvakin	dhruvakin	37149	1	P.4.2.80
Dur	dhur	36813	1	P.3.2.177
Dura	dhura	36814	1	P.5.4.74
Durya	dhurya	36820	2	P.4.4.77|P.8.2.79
Duvaka	dhuvaka	36823	2	P.4.2.80|P.5.2.100
Duvakila	dhuvakila	36825	1	P.5.2.100
Duvakin	dhuvakin	36824	1	P.4.2.80
DvANkza	dhvāṅkṣa	37234	3	P.2.1.42|P.3.2.79|P.6.2.80
DvAkzA	dhvākṣā	37233	1	P.4.3.167
DvAnAyana	dhvānāyana	37252	1	P.4.1.110
DvaMs	dhvaṃs	37174	3	P.3.1.25|P.6.4.24|P.7.4.84
DvaMsa	dhvaṃsa	37175	1	P.2.1.6
DvaMsakalA	dhvaṃsakalā	37177	1	P.1.4.61
Dvaja	dhvaja	37183	2	P.2.4.31|P.4.2.109
Dvaji	dhvaji	37200	2	P.4.1.45|P.8.2.9
Dvan	dhvan	37209	2	P.3.1.51|P.7.2.18
Dvana	dhvana	37210	1	P.4.1.110
Dvar	dhvar	37219	5	P.7.2.43|P.7.2.63|P.7.4.10|P.7.4.30|P.7.4.65
Dvarya	dhvarya	37222	1	P.3.1.123
Dvas	dhvas	37224	1	P.8.2.72
DyA	dhyā	37095	1	P.8.2.57
E	ai	13604	1	P.1.4.57
ENguda	aiṅguda	13644	1	P.4.3.164
ERIpacana	aiṇīpacana	13654	1	P.1.1.75
ERa	aiṇa	13652	1	P.4.3.159
EReya	aiṇeya	13655	2	P.4.3.155|P.4.3.159
EcCika	aicchika	13645	1	P.1.1.1
EdaMyugIna	aidaṃyugīna	13668	1	P.4.4.99
EhalOkika	aihalaukika	13749	1	P.7.3.20
Ejya	aijya	13646	1	P.4.1.151
EkAgArika	aikāgārika	13622	1	P.5.1.113
EkAhika	aikāhika	13635	1	P.5.1.95
EkAnyika	aikānyika	13632	1	P.4.4.63
EkArTya	aikārthya	13634	1	P.6.2.154
EkAyana	aikāyana	13633	1	P.4.1.99
EkIya	aikīya	13636	1	P.4.2.138
Eka	aika	13606	1	P.4.2.138
EkaBAvya	aikabhāvya	13611	1	P.5.1.124
EkaDya	aikadhya	13607	1	P.5.3.44
EkaSAlika	aikaśālika	13618	1	P.5.3.109
EkaSatika	aikaśatika	13616	1	P.5.2.118
EkaSrutya	aikaśrutya	13619	1	P.1.2.33
Ekalava	aikalava	13614	1	P.4.2.111
Ekalavya	aikalavya	13615	1	P.4.1.105
Ekapadya	aikapadya	13610	1	P.2.1.25
Ekasahasrika	aikasahasrika	13620	1	P.5.2.118
Ekasvarya	aikasvarya	13621	1	P.2.1.25
Ekya	aikya	13637	1	P.4.1.105
Ekzava	aikṣava	13638	1	P.4.3.136
EkzuBArika	aikṣubhārika	13641	1	P.5.1.50
Ekzuka	aikṣuka	13640	3	P.4.4.103|P.5.1.50|P.6.4.153
EkzvAka	aikṣvāka	13642	3	P.4.1.168|P.4.2.132|P.6.4.174
ElAka	ailāka	13726	2	P.4.1.105|P.4.2.111
ElAkya	ailākya	13727	1	P.4.1.105
Ela	aila	13718	1	P.4.1.112
EnDAyana	aindhāyana	13703	1	P.4.1.99
Enasa	ainasa	13671	1	P.5.4.38
EndrAdfSa	aindrādṛśa	13687	1	P.4.3.152
EndrAgna	aindrāgna	13686	1	P.7.3.22
EndrAliSa	aindrāliśa	13694	1	P.4.3.152
EndrAvaruRa	aindrāvaruṇa	13695	1	P.7.3.23
EndrAvasAna	aindrāvasāna	13696	1	P.4.1.86
EndrAyaRa	aindrāyaṇa	13692	1	P.4.2.80
EndrAyuDa	aindrāyudha	13693	1	P.4.3.152
Endra	aindra	13673	3	P.1.3.25|P.2.2.26|P.5.3.27
EndraSarmi	aindraśarmi	13681	1	P.4.1.96
Endrahava	aindrahava	13684	1	P.4.2.111
Endrahavya	aindrahavya	13685	1	P.4.1.105
EndralAjya	aindralājya	13678	1	P.4.1.151
Endramahika	aindramahika	13677	1	P.5.1.109
Enya	ainya	13704	1	P.4.1.151
Eqa	aiḍa	13647	1	P.5.2.61
ErAvata	airāvata	13713	2	P.2.4.31|P.4.2.121
ErAvataka	airāvataka	13714	1	P.4.2.121
Erakya	airakya	13708	1	P.4.1.151
Etara	aitara	13658	1	P.4.2.75
Etareya	aitareya	13659	1	P.4.1.123
EtiSAyana	aitiśāyana	13665	1	P.4.1.99
Etihya	aitihya	13667	1	P.5.4.23
EtikAyana	aitikāyana	13664	3	P.4.1.99|P.6.1.88|P.8.2.106
Ezamas	aiṣamas	13739	1	P.5.3.22
Ezamastana	aiṣamastana	13740	1	P.4.2.105
EzukAri	aiṣukāri	13744	1	P.4.2.154
EzwakAvata	aiṣṭakāvata	13746	1	P.4.2.72
Ezwika	aiṣṭika	13747	1	P.4.3.72
FkAra	ṝkāra	13190	1	P.6.1.91
GArteya	ghārteya	24068	2	P.4.1.178|P.5.3.117
GAsa	ghāsa	24069	4	P.2.4.38|P.3.3.59|P.6.2.144|P.7.4.49
GAsakunda	ghāsakunda	24071	1	P.4.2.80
GAta	ghāta	24054	2	P.7.3.32|P.7.3.54
GAtaka	ghātaka	24055	2	P.7.3.32|P.7.3.54
GAtin	ghātin	24062	2	P.3.2.51|P.3.2.86
GAtuka	ghātuka	24064	2	P.2.3.69|P.3.2.154
GAwa	ghāṭa	24048	1	P.5.2.127
GOzaka	ghauṣaka	24241	1	P.4.2.127
Ga	gha	23878	1	P.6.3.133
GanaSyAma	ghanaśyāma	73280	1	P.2.1.55
Gar	ghar	24001	2	P.6.4.37|P.7.4.78
Gas	ghas	24043	10	P.2.4.37|P.2.4.39|P.2.4.40|P.2.4.80|P.6.4.98|P.7.2.10|P.7.2.61|P.7.2.67|P.7.4.49|P.8.3.60
Gasmara	ghasmara	24046	1	P.3.2.160
Gaw	ghaṭ	23883	3	P.3.4.65|P.5.2.35|P.6.4.92
GawAla	ghaṭāla	23903	1	P.5.2.97
Gawa	ghaṭa	23884	5	P.5.2.35|P.5.2.97|P.5.2.100|P.5.2.127|P.6.2.85
GawiMDama	ghaṭiṃdhama	23907	1	P.3.2.29
GawiMDaya	ghaṭiṃdhaya	23908	1	P.3.2.29
Gawika	ghaṭika	23904	1	P.4.4.7
Gawila	ghaṭila	23910	1	P.5.2.100
Gaww	ghaṭṭ	23918	2	P.3.1.25|P.8.4.54
GftOdana	ghṛtaudana	24188	1	P.2.1.34
Gfta	ghṛta	24125	1	P.2.4.31
GftapIta	ghṛtapīta	24139	1	P.2.2.37
GftaspfS	ghṛtaspṛś	24170	3	P.1.2.41|P.3.2.58|P.6.1.67
Gna	ghna	24242	2	P.3.2.52|P.3.2.54
GoRA	ghoṇā	24205	1	P.4.1.56
Gora	ghora	24209	1	P.8.1.67
Goza	ghoṣa	24224	3	P.1.1.9|P.4.2.127|P.6.2.85
Gozavant	ghoṣavant	24235	1	P.8.4.62
GrA	ghrā	24247	6	P.2.4.78|P.6.4.68|P.7.3.78|P.7.4.6|P.7.4.31|P.8.2.56
Gum	ghum	24092	1	P.1.4.57
Guz	ghuṣ	24100	2	P.7.2.23|P.7.2.28
I	ī	10466	1	P.4.1.57
IS	īś	10530	5	P.2.3.52|P.3.4.8|P.3.4.96|P.7.2.8|P.7.2.77
ISitavya	īśitavya	10546	1	P.5.4.54
ISvara	īśvara	10551	3	P.2.3.39|P.3.2.175|P.3.4.13
IdfS	īdṛś	10493	2	P.6.3.90|P.7.1.83
IdfSa	īdṛśa	10494	1	P.6.3.90
Ih	īh	10571	2	P.3.1.36|P.6.4.72
IhA	īhā	10573	1	P.3.3.103
Ikz	īkṣ	10470	2	P.1.4.39|P.8.1.25
Im	īm	10500	1	P.1.4.57
Iq	īḍ	10484	1	P.7.2.78
Iqya	īḍya	10488	1	P.6.1.214
Ir	īr	10503	3	P.1.4.52|P.3.1.26|P.7.1.102
Irzy	īrṣy	10521	2	P.1.4.37|P.6.4.49
IrzyA	īrṣyā	10523	1	P.1.4.37
Izat	īṣat	10563	9	P.1.1.9|P.1.1.37|P.2.2.7|P.2.3.69|P.3.3.126|P.3.3.127|P.3.3.128|P.6.2.139|P.7.1.67
JArJara	jhārjhara	28136	1	P.4.4.56
JarJara	jharjhara	28104	2	P.4.1.41|P.4.4.56
Jaw	jhaṭ	28087	1	P.8.4.54
Jawiti	jhaṭiti	28090	2	P.1.1.37|P.6.1.98
KA	khā	21116	1	P.3.2.67
KARqa	khāṇḍa	21136	1	P.5.1.122
KARqavIraRa	khāṇḍavīraṇa	21142	1	P.4.2.80
KARqavaka	khāṇḍavaka	21138	1	P.4.2.80
KARqikIya	khāṇḍikīya	21144	1	P.4.3.102
KARqika	khāṇḍika	21143	1	P.4.2.45
KARqikya	khāṇḍikya	21145	1	P.5.1.128
KARqiti	khāṇḍiti	21146	1	P.4.2.80
KARqitya	khāṇḍitya	21147	1	P.4.2.80
KAYjAla	khāñjāla	21121	1	P.4.1.112
KAYjAra	khāñjāra	21120	2	P.4.1.110|P.4.1.112
KAYjana	khāñjana	21119	1	P.4.1.112
KAd	khād	21155	1	P.8.4.18
KAdUraka	khādūraka	21171	1	P.4.1.112
KAdaka	khādaka	21157	1	P.3.2.146
KAdatamodatA	khādatamodatā	21158	1	P.2.1.72
KAdirAyaRa	khādirāyaṇa	21167	1	P.4.1.110
KAdira	khādira	21164	2	P.4.2.97|P.4.3.141
KAdiraka	khādiraka	21165	1	P.4.2.80
KAdireya	khādireya	21168	1	P.4.2.97
KAlika	khālika	21203	1	P.5.3.108
KAlyAyani	khālyāyani	21206	1	P.4.1.154
KAlyakAyani	khālyakāyani	21205	1	P.4.1.154
KAnya	khānya	21183	1	P.3.1.123
KAqAyanIya	khāḍāyanīya	21131	1	P.4.2.138
KAqAyana	khāḍāyana	21127	5	P.4.1.80|P.4.1.110|P.4.1.138|P.4.2.54|P.4.3.106
KAqAyanaBakta	khāḍāyanabhakta	21129	1	P.4.2.54
KAqAyanaka	khāḍāyanaka	21128	1	P.4.2.80
KAqAyanin	khāḍāyanin	21130	1	P.4.3.106
KAqUreya	khāḍūreya	21133	1	P.4.1.123
KAqiki	khāḍiki	21132	1	P.4.2.80
KAqonmatteya	khāḍonmatteya	21134	1	P.4.1.123
KArI	khārī	21193	2	P.5.2.73|P.5.4.101
KArIka	khārīka	21194	2	P.5.1.33|P.5.1.45
KAra	khāra	21185	1	P.5.4.101
KAranAdi	khāranādi	21186	1	P.4.1.96
KArapAyaRa	khārapāyaṇa	21187	1	P.4.1.99
KAri	khāri	21189	1	P.5.4.101
KAriMDama	khāriṃdhama	21191	1	P.3.2.29
KAriMpaca	khāriṃpaca	21192	1	P.3.2.33
KArjUrAyaRa	khārjūrāyaṇa	21200	1	P.4.1.110
KArjurakarRa	khārjurakarṇa	21198	1	P.4.1.112
KAt	khāt	21148	1	P.1.4.62
KAti	khāti	21153	1	P.6.4.42
KAw	khāṭ	21122	1	P.1.4.62
KAwvABArika	khāṭvābhārika	21126	1	P.5.1.50
KElAyana	khailāyana	21291	1	P.4.2.80
KaRqIya	khaṇḍīya	20911	1	P.4.2.90
KaRqa	khaṇḍa	20868	4	P.2.1.30|P.2.4.31|P.4.2.38|P.4.2.51
KaRqaka	khaṇḍaka	20869	1	P.4.2.80
KaRqala	khaṇḍala	20896	1	P.2.4.31
KaRqara	khaṇḍara	20895	1	P.4.2.80
KaRqay	khaṇḍay	20894	1	P.5.2.36
KaRqika	khaṇḍika	20907	4	P.3.4.51|P.4.2.45|P.4.3.102|P.5.1.128
KaRqiman	khaṇḍiman	20910	1	P.5.1.122
KaRqu	khaṇḍu	20913	1	P.4.2.80
KaYjAla	khañjāla	20811	1	P.4.1.112
KaYjAra	khañjāra	20810	2	P.4.1.110|P.4.1.112
KaYja	khañja	20798	2	P.2.2.38|P.2.3.20
KadUraka	khadūraka	20934	1	P.4.1.112
Kada	khada	20920	1	P.5.1.2
KadirIya	khadirīya	20932	1	P.4.2.90
Kadira	khadira	20922	2	P.3.3.17|P.4.1.110
Kadiraka	khadiraka	20923	1	P.4.2.80
KadirakuRa	khadirakuṇa	20924	1	P.5.2.24
KadiravaRa	khadiravaṇa	20927	1	P.8.4.5
Kadiravant	khadiravant	20929	2	P.6.1.220|P.6.3.119
Kadya	khadya	20936	1	P.5.1.2
KalAjina	khalājina	21057	1	P.4.2.90
KalIna	khalīna	21064	1	P.2.4.31
Kala	khala	21048	1	P.2.4.31
KalapU	khalapū	21055	3	P.6.1.175|P.6.4.83|P.8.2.4
Kalati	khalati	21052	2	P.2.2.38|P.3.4.74
Kalevusam	khalevusam	21070	1	P.2.1.17
Kaleyavam	khaleyavam	21071	1	P.2.1.17
Kalin	khalin	21060	1	P.4.2.51
Kalu	khalu	21065	1	P.3.4.18
Kalya	khalya	21074	3	P.4.1.154|P.4.2.50|P.5.1.7
KalyakA	khalyakā	21075	1	P.4.1.154
Kam	kham	20959	1	P.1.4.57
Kan	khan	20941	5	P.6.4.42|P.6.4.43|P.6.4.98|P.7.1.44|P.8.1.27
Kanaka	khanaka	20943	1	P.4.1.41
Kanitra	khanitra	20949	1	P.3.2.184
Kanya	khanya	20953	1	P.3.1.123
KaqUra	khaḍūra	20848	1	P.4.1.123
Kaqa	khaḍa	20840	2	P.4.1.110|P.4.2.86
Kaqavant	khaḍavant	20844	1	P.4.2.86
Kaqika	khaḍika	20845	1	P.4.2.80
KaqonmattA	khaḍonmattā	20849	1	P.4.1.123
KarIjaNGa	kharījaṅgha	21015	1	P.2.4.69
KarIvfza	kharīvṛṣa	21016	1	P.6.2.144
Kara	khara	20965	4	P.2.1.35|P.4.2.16|P.5.2.107|P.7.3.69
KaraRas	kharaṇas	20977	1	P.8.4.3
KaraSAlA	kharaśālā	21002	1	P.4.3.35
KarakuwI	kharakuṭī	20967	2	P.5.3.98|P.6.1.204
KaranAdin	kharanādin	20985	2	P.4.1.96|P.6.2.80
Karapa	kharapa	20987	2	P.2.4.63|P.4.1.99
KarawaKarawAkar	kharaṭakharaṭākar	20976	1	P.5.4.57
KarjUra	kharjūra	21029	1	P.4.1.110
Karja	kharja	21022	1	P.7.3.59
KarjurakarRa	kharjurakarṇa	21026	1	P.4.1.112
Karjya	kharjya	21031	1	P.7.3.59
Karya	kharya	21038	1	P.5.1.2
KasUci	khasūci	21109	1	P.2.1.53
KawvA	khaṭvā	20832	1	P.2.1.26
KawvAkA	khaṭvākā	20833	1	P.7.3.49
KawvApluta	khaṭvāpluta	20837	2	P.2.1.26|P.6.2.147
KawvakA	khaṭvakā	20831	1	P.7.3.48
KawvikA	khaṭvikā	20838	1	P.7.3.48
KeSaya	kheśaya	21288	1	P.6.3.18
KelAy	khelāy	21284	1	P.3.1.27
Kela	khela	21282	1	P.3.1.27
Kewa	kheṭa	21262	2	P.2.1.53|P.6.2.126
Keya	kheya	21280	1	P.3.1.111
Kid	khid	21215	4	P.6.1.52|P.6.1.186|P.7.1.59|P.7.2.10
Koqa	khoḍa	21299	1	P.2.2.38
Kum	khum	21238	1	P.1.4.57
Kura	khura	21240	2	P.4.1.45|P.4.1.56
KuraRas	khuraṇas	21242	1	P.5.4.118
KyA	khyā	21311	10	P.1.2.54|P.2.1.49|P.3.1.52|P.3.4.11|P.5.4.87|P.5.4.88|P.6.1.135|P.7.3.59|P.8.2.57|P.8.4.41
Nu	ṅu	24258	1	P.7.4.62
O	au	13855	1	P.1.4.57
OKIya	aukhīya	13866	1	P.4.3.102
OKyeyaka	aukhyeyaka	13868	1	P.4.2.95
OSInara	auśīnara	14122	3	P.4.1.86|P.4.1.178|P.5.3.117
OSija	auśija	14121	1	P.5.4.38
OcitI	aucitī	13875	1	P.5.1.123
Ocitya	aucitya	13876	1	P.5.1.123
OdaBfjji	audabhṛjji	13938	1	P.2.4.59
OdaNki	audaṅki	13927	2	P.4.1.96|P.5.3.116
OdaSvita	audaśvita	13948	1	P.4.2.19
OdaSvitka	audaśvitka	13949	2	P.4.2.19|P.5.3.108
OdaYcanaka	audañcanaka	13930	1	P.4.2.80
OdaYcavi	audañcavi	13931	1	P.4.1.96
OdaYci	audañci	13932	1	P.2.4.59
OdajYAyani	audajñāyani	13928	1	P.4.1.154
Odaki	audaki	13925	2	P.4.1.96|P.5.3.116
OdameGIya	audameghīya	13939	1	P.4.3.131
Odameyi	audameyi	13940	1	P.4.1.65
Odanika	audanika	13933	2	P.4.4.67|P.5.1.101
Odanyi	audanyi	13935	1	P.2.4.59
OdapAna	audapāna	13937	4	P.4.1.73|P.4.1.86|P.4.2.110|P.4.3.76
Odarika	audarika	13942	1	P.5.2.67
OdasTAna	audasthāna	13951	2	P.4.1.86|P.4.4.62
OdavApi	audavāpi	13945	1	P.4.3.131
Odavraji	audavraji	13947	1	P.2.4.59
OddAlakAyana	auddālakāyana	13968	1	P.2.4.66
OddAlaki	auddālaki	13969	1	P.2.4.66
OddaRqaka	auddaṇḍaka	13966	1	P.4.2.80
OdgAhamAni	audgāhamāni	13963	3	P.2.4.59|P.4.1.41|P.4.2.138
OdgAtra	audgātra	13962	2	P.4.4.49|P.5.1.129
OdumbarAyaRa	audumbarāyaṇa	13960	1	P.4.1.99
Odumbara	audumbara	13958	2	P.4.2.67|P.4.3.154
Odumbaraka	audumbaraka	13959	1	P.4.2.53
Odumbari	audumbari	13961	1	P.4.1.173
Odvepa	audvepa	13980	1	P.4.2.75
OdyAva	audyāva	13978	1	P.4.3.73
Ogreya	augreya	13871	1	P.4.1.123
Ojasika	aujasika	13879	1	P.4.4.27
Ojjayanaka	aujjayanaka	13881	1	P.4.2.127
OjjihAni	aujjihāni	13882	1	P.2.4.59
OkTa	auktha	13857	1	P.4.2.111
OkTika	aukthika	13858	2	P.4.2.60|P.4.3.129
OkTikya	aukthikya	13859	1	P.4.3.129
OkTya	aukthya	13860	1	P.4.1.105
OkzRa	aukṣṇa	13865	2	P.6.4.135|P.6.4.173
Okza	aukṣa	13861	1	P.6.4.173
Okzaka	aukṣaka	13862	1	P.4.2.39
OlUKala	aulūkhala	14116	1	P.4.2.92
OlUka	aulūka	14113	2	P.4.2.45|P.4.2.111
OlUkya	aulūkya	14115	1	P.4.1.105
Olandaka	aulandaka	14108	1	P.4.2.80
Olapi	aulapi	14109	1	P.5.3.116
Olapin	aulapin	14110	1	P.4.3.104
OmBeyaka	aumbheyaka	14076	1	P.4.2.95
OmIna	aumīna	14075	1	P.5.2.4
Oma	auma	14072	1	P.4.3.158
Omaka	aumaka	14073	1	P.4.3.158
Omika	aumika	14074	1	P.5.1.39
Onnetra	aunnetra	13984	1	P.5.1.129
OpADyAyaka	aupādhyāyaka	14063	1	P.4.3.77
OpAnahya	aupānahya	14064	1	P.5.1.14
OpaDeya	aupadheya	14007	1	P.5.1.13
OpaSlezika	aupaśleṣika	14048	1	P.1.4.45
OpabAhavi	aupabāhavi	14018	1	P.4.1.96
OpacAkavi	aupacākavi	13996	1	P.4.1.96
OpacArika	aupacārika	13997	1	P.5.4.34
OpadeSika	aupadeśika	14002	1	P.4.4.12
Opagava	aupagava	13990	4	P.4.1.15|P.4.1.78|P.4.2.39|P.4.3.120
Opagavaka	aupagavaka	13991	4	P.4.2.39|P.4.3.80|P.4.3.99|P.4.3.126
Opagavi	aupagavi	13992	2	P.4.1.147|P.4.1.157
Opahastika	aupahastika	14060	1	P.4.4.12
OpajAnuka	aupajānuka	14000	1	P.4.3.40
OpakAyana	aupakāyana	13987	2	P.2.4.69|P.4.1.99
OpakarRika	aupakarṇika	13985	1	P.4.3.40
Opala	aupala	14032	1	P.4.3.76
Opamanyava	aupamanyava	14020	1	P.4.1.104
Opamya	aupamya	14022	3	P.1.4.79|P.4.1.69|P.6.2.113
OpanIvika	aupanīvika	14013	1	P.4.3.40
Opanizada	aupaniṣada	14012	1	P.4.3.73
Opanizatka	aupaniṣatka	14011	1	P.4.4.12
OparADayya	auparādhayya	14028	1	P.5.1.124
OparAjika	auparājika	14027	1	P.4.2.116
OpasTAna	aupasthāna	14054	1	P.4.4.62
OpasTAnika	aupasthānika	14055	1	P.4.4.12
OpasTika	aupasthika	14056	1	P.4.4.12
OpasaMkramaRa	aupasaṃkramaṇa	14049	1	P.5.1.97
Opasada	aupasada	14051	1	P.5.2.61
Opasargika	aupasargika	14052	1	P.5.1.101
OpavAsa	aupavāsa	14038	1	P.5.1.97
OpavAsika	aupavāsika	14039	2	P.4.4.103|P.5.1.101
Opavastika	aupavastika	14036	1	P.4.4.12
Opavastra	aupavastra	14037	1	P.5.1.105
OpaveSika	aupaveśika	14044	1	P.4.4.12
Opavindavi	aupavindavi	14042	1	P.4.1.96
Opayika	aupayika	14024	1	P.5.4.34
OqAyana	auḍāyana	13886	1	P.4.2.54
Oqa	auḍa	13884	1	P.4.1.41
Oqavi	auḍavi	13885	1	P.5.3.116
Oqupa	auḍupa	13887	1	P.4.2.75
Oqupika	auḍupika	13888	2	P.4.4.5|P.4.4.15
OrDvaMdamika	aurdhvaṃdamika	14102	1	P.4.3.60
OrDvadehika	aurdhvadehika	14100	1	P.4.3.60
OrDvakAlika	aurdhvakālika	14098	1	P.4.2.116
OrRAvata	aurṇāvata	14095	1	P.5.3.118
OrRa	aurṇa	14090	1	P.4.3.158
OrRaka	aurṇaka	14091	1	P.4.3.158
OrRanABa	aurṇanābha	14092	1	P.4.1.112
OrRanABaka	aurṇanābhaka	14093	1	P.4.2.53
OrRika	aurṇika	14096	1	P.5.1.39
OraBraka	aurabhraka	14079	1	P.4.2.39
OraSAyani	auraśāyani	14083	1	P.4.1.154
OraSa	auraśa	14082	1	P.4.1.154
OrasAyani	aurasāyani	14086	1	P.4.1.154
Orasa	aurasa	14085	2	P.4.3.93|P.4.4.94
Oraska	auraska	14087	1	P.5.3.108
Orava	aurava	14081	1	P.5.1.122
Orva	aurva	14105	2	P.4.1.73|P.4.1.104
OrvaSa	aurvaśa	14106	1	P.5.2.61
Otkzepa	autkṣepa	13896	1	P.4.1.112
OtpAda	autpāda	13913	1	P.4.3.73
OtpAta	autpāta	13911	1	P.4.3.73
Otputika	autputika	13916	1	P.4.4.15
Otpuwa	autpuṭa	13914	1	P.4.2.75
Otpuwika	autpuṭika	13915	1	P.4.4.15
OtsAyana	autsāyana	13921	1	P.4.1.110
Otsa	autsa	13918	2	P.4.1.86|P.4.3.25
OtsaNgika	autsaṅgika	13919	1	P.4.4.15
Otsargika	autsargika	13920	4	P.1.2.45|P.1.3.13|P.4.1.161|P.4.3.1
Ottama	auttama	13897	1	P.4.2.75
OttarADarya	auttarādharya	13905	1	P.3.3.42
OttarapaTika	auttarapathika	13902	1	P.5.1.77
Ottarapadika	auttarapadika	13903	1	P.4.4.39
OzRiha	auṣṇiha	14145	1	P.4.1.86
OzRija	auṣṇija	14144	1	P.5.4.38
OzRya	auṣṇya	14147	1	P.5.1.123
OzaDa	auṣadha	14128	2	P.2.4.31|P.5.4.37
OzaDi	auṣadhi	14129	1	P.6.2.42
Ozika	auṣika	14136	1	P.7.3.51
OzwrAyaRa	auṣṭrāyaṇa	14141	1	P.4.2.80
Ozwra	auṣṭra	14138	1	P.4.2.69
Ozwraka	auṣṭraka	14139	2	P.4.2.39|P.4.3.157
OzwraraTa	auṣṭraratha	14140	1	P.4.3.122
PARita	phāṇita	51596	1	P.7.2.18
PARwAhftAyana	phāṇṭāhṛtāyana	51599	1	P.4.1.150
PARwAhfta	phāṇṭāhṛta	51598	2	P.4.1.90|P.4.1.150
PARwAhfti	phāṇṭāhṛti	51600	2	P.4.1.90|P.4.1.150
PARwa	phāṇṭa	51597	1	P.7.2.18
PAladatI	phāladatī	51608	1	P.5.4.143
PAlguna	phālguna	51612	3	P.4.2.23|P.4.3.34|P.6.3.63
PAlgunika	phālgunika	51616	1	P.4.2.23
PaR	phaṇ	51399	2	P.6.4.125|P.7.4.65
Pakk	phakk	51388	1	P.8.4.54
Pal	phal	51454	5	P.4.3.133|P.5.2.36|P.6.4.122|P.7.4.87|P.7.4.88
PalIkar	phalīkar	51550	1	P.1.4.61
PalIya	phalīya	51553	1	P.4.2.90
Pala	phala	51456	4	P.1.3.72|P.1.4.61|P.2.4.31|P.4.1.64
PalahArin	phalahārin	51524	1	P.6.2.79
Palaka	phalaka	51457	2	P.2.4.31|P.4.2.80
Palakapura	phalakapura	51460	1	P.6.2.101
PalakasakTa	phalakasaktha	51461	1	P.5.4.98
Palakin	phalakin	51463	1	P.4.2.80
Palasa	phalasa	51517	1	P.4.2.80
Palegrahi	phalegrahi	51556	1	P.3.2.26
PalepAka	phalepāka	51559	1	P.7.3.53
Palguna	phalguna	51575	2	P.1.2.60|P.4.3.34
Paw	phaṭ	51396	1	P.1.4.57
PenAy	phenāy	51670	2	P.3.1.13|P.3.1.16
Penala	phenala	51666	1	P.5.2.99
Penavant	phenavant	51667	1	P.5.2.99
Penila	phenila	51674	1	P.5.2.99
Pulla	phulla	51638	2	P.7.4.89|P.8.2.55
Pullavant	phullavant	51646	1	P.8.2.55
QOk	ḍhauk	28326	4	P.7.4.2|P.7.4.59|P.8.4.41|P.8.4.54
SA	śā	98510	4	P.2.4.78|P.7.3.37|P.7.3.71|P.7.4.41
SADi	śādhi	98783	1	P.4.1.45
SAKa	śākha	98647	2	P.4.2.46|P.4.4.115
SAKya	śākhya	98671	1	P.5.3.103
SAMSapAsTala	śāṃśapāsthala	98518	1	P.7.3.1
SAMSapAyana	śāṃśapāyana	98515	1	P.4.1.99
SAMSapa	śāṃśapa	98513	2	P.4.3.141|P.7.3.1
SAMSapaka	śāṃśapaka	98514	1	P.4.2.80
SANKAyana	śāṅkhāyana	98685	1	P.4.1.110
SANKAyanya	śāṅkhāyanya	98686	1	P.4.1.98
SANKina	śāṅkhina	98688	1	P.6.4.166
SANKya	śāṅkhya	98689	2	P.4.1.105|P.4.3.92
SANgIya	śāṅgīya	101167	1	P.4.2.138
SANkavyAyanI	śāṅkavyāyanī	98677	1	P.4.1.18
SANkavya	śāṅkavya	98676	2	P.4.1.105|P.4.1.151
SAParika	śāpharika	98855	1	P.4.4.35
SARa	śāṇa	98714	2	P.5.1.36|P.7.3.17
SARqikya	śāṇḍikya	98730	1	P.4.3.92
SARqila	śāṇḍila	98731	1	P.4.2.111
SARqilyAyana	śāṇḍilyāyana	98735	1	P.4.2.80
SARqilyAyanaka	śāṇḍilyāyanaka	98736	1	P.4.2.80
SARqilya	śāṇḍilya	98733	1	P.4.1.105
SARya	śāṇya	98737	1	P.5.1.35
SASAdanaka	śāśādanaka	99130	1	P.4.2.127
SASvatika	śāśvatika	99135	1	P.2.4.9
SAWAyanya	śāṭhāyanya	98704	1	P.4.1.98
SAbalIya	śābalīya	98865	1	P.4.2.80
SAbarAyaRa	śābarāyaṇa	98862	1	P.4.1.100
SAbara	śābara	98858	1	P.4.1.104
SAbarajambuka	śābarajambuka	98859	1	P.4.2.119
SAbdika	śābdika	98872	1	P.4.4.34
SAda	śāda	98776	1	P.3.1.140
SAdvala	śādvala	98778	1	P.4.2.88
SAkAyana	śākāyana	98578	1	P.4.1.98
SAkAyanya	śākāyanya	98580	1	P.4.1.98
SAkI	śākī	98594	1	P.5.2.100
SAkIya	śākīya	98595	1	P.4.2.90
SAka	śāka	98523	3	P.2.4.31|P.4.1.98|P.6.2.128
SAkaMDeya	śākaṃdheya	98539	1	P.4.1.123
SAkajagDa	śākajagdha	98525	1	P.4.1.53
SAkajambu	śākajambu	98526	1	P.4.2.119
SAkala	śākala	98558	4	P.4.2.2|P.4.2.111|P.4.3.128|P.6.1.127
SAkalaka	śākalaka	98559	1	P.4.3.128
SAkalika	śākalika	98562	1	P.4.2.117
SAkalyAyanI	śākalyāyanī	98564	1	P.4.1.18
SAkalya	śākalya	98563	6	P.1.1.16|P.2.3.8|P.4.1.105|P.6.1.127|P.8.3.19|P.8.4.51
SAkanDavya	śākandhavya	98538	1	P.4.1.151
SAkapArTiva	śākapārthiva	98541	1	P.2.1.69
SAkawAyana	śākaṭāyana	98529	4	P.3.4.111|P.4.1.99|P.8.3.18|P.8.4.50
SAkawIkarRa	śākaṭīkarṇa	98532	1	P.4.2.77
SAkawa	śākaṭa	98527	1	P.4.4.80
SAkftka	śākṛtka	98609	1	P.7.3.51
SAkin	śākin	98586	1	P.4.1.151
SAkina	śākina	98587	1	P.5.2.100
SAktIka	śāktīka	98617	2	P.4.4.59|P.8.2.103
SAktika	śāktika	98616	1	P.4.4.12
SAkulAdika	śākulādika	98606	1	P.4.2.116
SAkulika	śākulika	98607	1	P.4.4.35
SAkuneya	śākuneya	98601	1	P.4.1.123
SAkunika	śākunika	98599	2	P.4.4.35|P.5.2.64
SAkuntaki	śākuntaki	98602	1	P.5.3.116
SAkvarya	śākvarya	98645	1	P.5.1.128
SAkya	śākya	98624	3	P.4.1.105|P.4.1.151|P.4.3.92
SAlA	śālā	99022	2	P.2.4.25|P.6.2.123
SAlATaleya	śālāthaleya	99036	1	P.4.1.123
SAlAkABreya	śālākābhreya	99024	1	P.4.1.123
SAlAkeya	śālākeya	99026	1	P.4.1.123
SAlAkya	śālākya	99027	1	P.4.1.151
SAlAluka	śālāluka	99045	1	P.4.4.54
SAlAsTali	śālāsthali	99051	1	P.4.1.80
SAlAturIya	śālāturīya	99033	1	P.4.3.94
SAlAvant	śālāvant	99048	1	P.5.3.118
SAlAvata	śālāvata	99046	1	P.5.3.118
SAlAvatya	śālāvatya	99047	1	P.5.3.118
SAlInIkaraRa	śālīnīkaraṇa	99082	1	P.1.3.70
SAlIna	śālīna	99079	1	P.5.2.20
SAlInya	śālīnya	99083	1	P.4.1.151
SAlIya	śālīya	99084	3	P.1.1.73|P.4.2.90|P.4.2.114
SAlUka	śālūka	99088	2	P.4.1.123|P.5.2.135
SAlUkeya	śālūkeya	99090	1	P.4.1.123
SAlUkinI	śālūkinī	99089	2	P.2.4.7|P.5.2.135
SAla	śāla	98997	2	P.2.4.31|P.3.1.140
SAlaNkAyana	śālaṅkāyana	99002	4	P.4.1.99|P.4.2.53|P.5.3.114|P.6.2.37
SAlaNkAyanaka	śālaṅkāyanaka	99003	1	P.4.2.53
SAlaNki	śālaṅki	99007	1	P.2.4.59
SAlaka	śālaka	98998	1	P.1.4.106
SAlamaya	śālamaya	99015	1	P.4.3.144
SAlapuzpa	śālapuṣpa	99012	1	P.6.2.74
SAleya	śāleya	99094	1	P.5.2.2
SAlika	śālika	99053	2	P.5.2.116|P.5.4.151
SAlin	śālin	99061	1	P.5.2.116
SAlmali	śālmali	99098	2	P.4.1.80|P.4.2.82
SAlmalika	śālmalika	99099	1	P.4.2.80
SAlmalyA	śālmalyā	99105	1	P.4.1.80
SAlvAgiri	śālvāgiri	99113	1	P.6.3.117
SAlva	śālva	99108	6	P.4.1.173|P.4.1.178|P.4.2.97|P.4.2.133|P.4.2.135|P.4.3.93
SAlvaka	śālvaka	99109	4	P.4.1.41|P.4.2.134|P.4.2.135|P.4.2.136
SAlveya	śālveya	99116	2	P.4.1.169|P.4.2.97
SAmIla	śāmīla	98881	2	P.4.3.142|P.4.3.155
SAmIvata	śāmīvata	98882	1	P.5.3.118
SAmIvatya	śāmīvatya	98883	1	P.5.3.118
SAmam	śāmam	98874	1	P.6.4.93
SAmika	śāmika	98879	1	P.4.1.104
SAn	śān	98784	1	P.3.1.6
SAnta	śānta	98790	1	P.7.2.27
SApAyana	śāpāyana	98850	1	P.4.1.110
SApeya	śāpeya	98853	1	P.4.3.106
SApeyin	śāpeyin	98854	1	P.4.3.106
SArAva	śārāva	98925	1	P.4.2.14
SArNKalatodi	śārṅkhalatodi	98966	1	P.4.1.96
SArNgarava	śārṅgarava	98976	3	P.4.1.73|P.4.3.106|P.8.2.4
SArNgaravin	śārṅgaravin	98977	1	P.4.3.106
SAra	śāra	98909	2	P.3.3.21|P.6.1.159
SArada	śārada	98913	4	P.4.3.13|P.4.3.43|P.5.1.96|P.6.2.9
SAradaka	śāradaka	98916	1	P.4.3.27
SAradika	śāradika	98918	1	P.4.3.12
SAradvatAyana	śāradvatāyana	98922	1	P.4.1.102
SAradvata	śāradvata	98921	1	P.4.1.104
SAratka	śāratka	98912	1	P.4.2.63
SAri	śāri	98926	1	P.4.1.45
SArikukza	śārikukṣa	98930	1	P.5.4.120
SArkarAkza	śārkarākṣa	98958	1	P.4.2.111
SArkarAkzya	śārkarākṣya	98961	1	P.4.1.105
SArkarIDAna	śārkarīdhāna	98963	1	P.4.2.109
SArkara	śārkara	98955	4	P.4.2.83|P.4.3.107|P.5.2.104|P.5.2.105
SArkaraka	śārkaraka	98957	2	P.4.2.80|P.4.2.83
SArkarika	śārkarika	98962	1	P.4.2.84
SAruka	śāruka	98951	1	P.3.2.154
SAs	śās	99142	10	P.1.4.51|P.3.1.56|P.6.1.6|P.6.4.34|P.6.4.35|P.7.4.2|P.8.2.2|P.8.2.73|P.8.2.74|P.8.3.60
SAsana	śāsana	99150	1	P.3.2.139
SAstrIya	śāstrīya	99197	2	P.1.2.53|P.4.2.112
SAstra	śāstra	99166	2	P.1.2.43|P.7.2.18
SAstrakft	śāstrakṛt	99168	1	P.3.2.89
SAstrita	śāstrita	99195	1	P.5.2.36
SAtAhara	śātāhara	98770	1	P.4.1.123
SAtaBizaja	śātabhiṣaja	98757	1	P.4.3.36
SAtadvAreya	śātadvāreya	98747	1	P.4.1.123
SAtaleya	śātaleya	98764	1	P.4.1.123
SAtamAna	śātamāna	98760	1	P.5.1.27
SAtana	śātana	98748	1	P.4.1.41
SAtapaTa	śātapatha	98752	1	P.4.2.60
SAtapata	śātapata	98749	1	P.4.1.84
SAtapattra	śātapattra	98750	1	P.5.3.107
SAtaputraka	śātaputraka	98755	1	P.5.1.133
SAtrava	śātrava	98773	1	P.5.4.38
SAtruMtapi	śātruṃtapi	98774	1	P.5.3.116
SAwa	śāṭa	98693	1	P.2.4.11
SAwaka	śāṭaka	98694	1	P.1.1.36
SAwyAyani	śāṭyāyani	98699	1	P.4.1.154
SAwyAyanin	śāṭyāyanin	98700	1	P.4.3.105
SAwya	śāṭya	98696	3	P.4.1.105|P.4.1.154|P.4.3.92
SAyaRqAyana	śāyaṇḍāyana	98904	1	P.4.2.54
SAyaka	śāyaka	98903	2	P.2.2.15|P.3.3.111
SAyyika	śāyyika	98908	1	P.4.4.12
SAzkulika	śāṣkulika	99138	3	P.4.2.47|P.4.3.96|P.5.3.108
SAzpaka	śāṣpaka	99139	1	P.4.2.127
SAzpeya	śāṣpeya	99140	1	P.4.3.106
SEKAvata	śaikhāvata	100878	1	P.5.3.118
SEKAyani	śaikhāyani	100877	1	P.4.1.154
SEKaRqina	śaikhaṇḍina	100874	1	P.4.2.77
SESirIya	śaiśirīya	101016	1	P.4.2.138
SESira	śaiśira	101012	1	P.4.3.16
SESirika	śaiśirika	101015	1	P.4.2.63
SETilya	śaithilya	100891	1	P.8.3.18
SEbI	śaibī	100897	1	P.4.1.73
SEba	śaiba	100895	2	P.4.2.52|P.4.2.69
SEbya	śaibya	100898	1	P.5.3.112
SEgrava	śaigrava	100882	2	P.4.1.104|P.4.3.164
SEkayatAyani	śaikayatāyani	100864	1	P.4.1.154
SEkza	śaikṣa	100867	2	P.4.3.73|P.4.4.62
SEkzita	śaikṣita	100869	1	P.4.1.113
SElAla	śailāla	100961	1	P.4.3.110
SElAlin	śailālin	100964	2	P.4.2.66|P.4.3.110
SElUzaka	śailūṣaka	100974	1	P.4.2.53
SEleya	śaileya	100978	1	P.5.3.102
SElikya	śailikya	100968	1	P.5.1.128
SErIza	śairīṣa	100902	1	P.4.3.141
SErIzaka	śairīṣaka	100903	1	P.4.2.80
SErIzika	śairīṣika	100904	1	P.4.2.80
SErasi	śairasi	100900	1	P.4.1.96
SErzAyaRa	śairṣāyaṇa	100907	1	P.4.2.80
SErzaGAtya	śairṣaghātya	100905	1	P.5.1.124
SErzacCedika	śairṣacchedika	100906	1	P.5.1.65
SErzya	śairṣya	100909	1	P.4.2.80
SEtibAheya	śaitibāheya	100886	2	P.4.1.135|P.6.4.147
SEtikakza	śaitikakṣa	100885	1	P.6.2.37
SEtya	śaitya	100888	1	P.5.1.123
SEvAkavi	śaivākavi	101001	1	P.4.1.96
SEvAyana	śaivāyana	101003	1	P.4.1.110
SEva	śaiva	100984	1	P.4.1.112
SEvalita	śaivalita	100995	1	P.5.2.36
SEvapura	śaivapura	100991	1	P.4.2.109
SEvarUpya	śaivarūpya	100992	1	P.4.2.106
SEzika	śaiṣika	101026	4	P.2.4.58|P.3.1.17|P.4.2.92|P.4.3.25
SEzyopADyAyikA	śaiṣyopādhyāyikā	101027	1	P.5.1.133
SI	śī	99828	22	P.1.2.9|P.1.2.19|P.1.3.60|P.1.3.62|P.1.3.88|P.1.4.46|P.1.4.52|P.1.4.109|P.2.3.68|P.2.4.73|P.3.1.66|P.3.4.72|P.3.4.96|P.4.2.15|P.4.4.108|P.5.3.55|P.7.1.6|P.7.1.41|P.7.2.10|P.7.3.78|P.7.4.21|P.7.4.22
SIGrAy	śīghrāy	99862	1	P.3.1.12
SIGra	śīghra	99837	1	P.3.3.133
SIkara	śīkara	99834	1	P.2.4.31
SIkayata	śīkayata	99833	1	P.4.1.154
SIla	śīla	100034	1	P.2.4.31
SIlay	śīlay	100050	2	P.3.2.188|P.4.2.52
SIlin	śīlin	100062	2	P.5.2.131|P.5.2.132
SIna	śīna	99968	1	P.6.1.24
SIrza	śīrṣa	99994	1	P.6.1.62
SIrzaBAra	śīrṣabhāra	100011	1	P.4.4.16
SIrzaGAtin	śīrṣaghātin	99999	2	P.3.2.51|P.5.1.124
SIrzaRya	śīrṣaṇya	100004	1	P.6.1.61
SIrzacCeda	śīrṣaccheda	100000	1	P.5.1.65
SIrzacCedya	śīrṣacchedya	100002	1	P.5.1.65
SIrzamAya	śīrṣamāya	100014	1	P.2.4.63
SIrzan	śīrṣan	100007	1	P.6.1.60
SIrzeBAra	śīrṣebhāra	100029	1	P.4.4.16
SIrzi	śīrṣi	100027	1	P.6.1.62
SIta	śīta	99867	3	P.1.4.74|P.2.1.6|P.6.1.24
SItaBojin	śītabhojin	99901	1	P.3.2.78
SItaka	śītaka	99868	2	P.5.2.72|P.5.4.29
SItala	śītala	99916	1	P.5.2.97
SItiman	śītiman	99952	1	P.5.1.123
SItozRa	śītoṣṇa	99962	1	P.2.4.13
SOBAyana	śaubhāyana	101227	1	P.4.1.98
SOBAyani	śaubhāyani	101228	1	P.4.1.154
SOBAyanya	śaubhāyanya	101229	2	P.4.1.98|P.5.3.113
SOBaneya	śaubhaneya	101225	1	P.4.1.113
SOBrAyaRa	śaubhrāyaṇa	101230	1	P.4.2.54
SOBreya	śaubhreya	101231	3	P.4.1.123|P.4.1.178|P.5.3.117
SOBrya	śaubhrya	101232	1	P.4.1.151
SONga	śauṅga	101163	1	P.4.1.117
SONgi	śauṅgi	101165	2	P.4.1.117|P.4.2.138
SORAyana	śauṇāyana	101189	1	P.4.1.99
SORqAyana	śauṇḍāyana	101195	1	P.4.1.98
SORqAyanya	śauṇḍāyanya	101196	1	P.5.3.113
SORqa	śauṇḍa	101191	3	P.2.1.40|P.4.2.54|P.6.2.2
SORqika	śauṇḍika	101198	1	P.4.3.76
SOca	śauca	101170	1	P.5.1.131
SOcikarRika	śaucikarṇika	101176	1	P.4.2.80
SOcivfkzi	śaucivṛkṣi	101179	1	P.4.1.81
SOcivfkzyA	śaucivṛkṣyā	101180	1	P.4.1.81
SOdrAyaRa	śaudrāyaṇa	101211	1	P.4.2.54
SOdrakAyaRa	śaudrakāyaṇa	101210	1	P.4.1.110
SOka	śauka	101148	1	P.4.2.45
SOkeya	śaukeya	101150	1	P.4.1.123
SOklya	śauklya	101162	1	P.5.1.123
SOkreya	śaukreya	101158	2	P.4.1.123|P.5.3.117
SOkri	śaukri	101157	1	P.4.2.80
SOkrya	śaukrya	101159	1	P.5.1.123
SOlkaSAlika	śaulkaśālika	101250	2	P.4.3.75|P.4.4.50
SOnakAyana	śaunakāyana	101215	1	P.4.1.102
SOnaka	śaunaka	101214	1	P.4.1.104
SOnakin	śaunakin	101217	1	P.4.3.106
SOrasena	śaurasena	101234	1	P.4.2.110
SOrasenya	śaurasenya	101236	1	P.4.2.80
SOrpa	śaurpa	101238	1	P.5.1.26
SOrpaRAyya	śaurpaṇāyya	101239	1	P.4.1.151
SOrpika	śaurpika	101241	1	P.5.1.26
SOvApada	śauvāpada	101265	1	P.7.3.9
SOvAvatAna	śauvāvatāna	101266	1	P.4.2.116
SOvana	śauvana	101260	2	P.4.2.45|P.6.4.133
SOvaneya	śauvaneya	101262	1	P.4.1.123
SOvani	śauvani	101261	1	P.4.2.80
SOvastika	śauvastika	101263	1	P.4.3.15
SOwIra	śauṭīra	101184	1	P.5.1.124
SOwIrya	śauṭīrya	101186	1	P.5.1.124
SUdra	śūdra	100582	1	P.2.2.31
SUdraka	śūdraka	100583	2	P.4.1.110|P.5.3.75
SUka	śūka	100558	1	P.2.4.31
SUlAkar	śūlākar	100694	1	P.5.4.65
SUla	śūla	100666	1	P.2.4.31
SUlapadI	śūlapadī	100684	1	P.5.4.139
SUlya	śūlya	100705	1	P.4.2.17
SUna	śūna	100595	2	P.6.1.15|P.7.2.14
SUnya	śūnya	100599	1	P.5.1.2
SUnyaka	śūnyaka	100600	1	P.5.4.29
SUra	śūra	100618	1	P.2.3.41
SUrasena	śūrasena	100646	1	P.4.1.177
SUrpa	śūrpa	100652	2	P.2.4.31|P.4.1.41
SUrpaRAyIya	śūrpaṇāyīya	100658	1	P.4.2.90
SUrpaRAya	śūrpaṇāya	100657	1	P.4.1.151
SUrpaRaKA	śūrpaṇakhā	100656	2	P.4.1.58|P.8.4.3
SaMBava	śaṃbhava	97970	1	P.3.2.14
SaMkarIya	śaṃkarīya	97286	1	P.4.2.90
SaMkara	śaṃkara	97249	1	P.3.2.14
SaMs	śaṃs	97001	2	P.3.3.134|P.6.3.55
SaMsTa	śaṃstha	97011	1	P.3.2.77
SaMsitar	śaṃsitar	97007	1	P.7.2.34
SaMstar	śaṃstar	97009	1	P.7.2.34
SaMsya	śaṃsya	97012	2	P.3.1.109|P.6.1.214
SaMvada	śaṃvada	96997	1	P.3.2.14
SaMvant	śaṃvant	96998	1	P.8.2.9
SaMya	śaṃya	96990	1	P.5.2.138
SaMyu	śaṃyu	96991	1	P.5.2.138
SaNKa	śaṅkha	97313	5	P.2.4.31|P.4.1.98|P.4.1.105|P.4.1.110|P.4.3.92
SaNKaBinna	śaṅkhabhinna	97354	1	P.4.1.52
SaNKanUpuriRI	śaṅkhanūpuriṇī	97342	1	P.5.2.138
SaNKapuzpI	śaṅkhapuṣpī	97352	1	P.4.1.64
SaNk	śaṅk	97244	2	P.1.4.57|P.8.3.2
SaNkavya	śaṅkavya	97287	3	P.5.1.2|P.5.1.12|P.6.1.80
SaNku	śaṅku	97293	3	P.3.4.74|P.4.1.105|P.4.1.151
SaNkulA	śaṅkulā	97306	1	P.6.2.2
SaNkupaTa	śaṅkupatha	97300	2	P.5.1.77|P.5.3.100
SaNkuzWa	śaṅkuṣṭha	97310	1	P.8.3.97
SaPa	śapha	97774	3	P.1.2.73|P.4.1.45|P.4.1.56
SaParIya	śapharīya	97779	1	P.4.2.90
SaPoru	śaphoru	97784	1	P.4.1.70
SaRaka	śaṇaka	97413	1	P.6.2.37
SaRqa	śaṇḍa	97429	1	P.6.2.140
SaRqika	śaṇḍika	97431	1	P.4.3.92
SaRqila	śaṇḍila	97432	1	P.4.1.105
SaSAdana	śaśādana	98397	1	P.4.2.127
SaSaGna	śaśaghna	98361	1	P.3.2.53
SaSvAy	śaśvāy	98444	1	P.3.1.12
SaSvant	śaśvant	98443	4	P.1.1.37|P.3.2.116|P.3.2.122|P.6.1.160
SaWa	śaṭha	97406	1	P.4.1.98
Sabala	śabala	97792	1	P.4.1.40
Sabara	śabara	97785	2	P.4.1.104|P.5.3.114
SabdArTa	śabdārtha	97887	1	P.2.2.31
SabdAy	śabdāy	97885	1	P.3.1.17
Sabda	śabda	97800	4	P.1.1.64|P.1.1.68|P.3.1.62|P.4.4.34
SabdakAra	śabdakāra	97804	1	P.3.2.23
Sabdakarman	śabdakarman	97801	1	P.1.4.52
Sabdana	śabdana	97821	1	P.3.2.148
SabdaprAC	śabdaprāch	97829	2	P.6.4.19|P.8.2.36
SabdasaMjYA	śabdasaṃjñā	97864	1	P.1.1.68
Sabdavant	śabdavant	97852	1	P.5.2.95
SacIpati	śacīpati	97395	1	P.6.2.140
Sad	śad	97732	3	P.1.3.60|P.7.2.10|P.7.3.42
Sada	śada	97733	1	P.3.1.140
Sadru	śadru	97735	1	P.3.2.159
Sak	śak	97013	5	P.3.2.129|P.3.4.12|P.3.4.65|P.7.2.10|P.7.2.17
Saka	śaka	97016	3	P.4.1.105|P.4.3.92|P.7.3.44
SakaMDi	śakaṃdhi	97035	1	P.4.1.123
SakalA	śakalā	97046	1	P.1.4.61
SakalANguzWaka	śakalāṅguṣṭhaka	97047	2	P.3.1.59|P.3.4.6
Sakala	śakala	97044	3	P.2.4.31|P.4.1.105|P.8.2.59
Sakalavant	śakalavant	97045	1	P.4.2.86
SakanDu	śakandhu	122260	1	P.4.1.151
Sakawa	śakaṭa	97019	4	P.2.4.31|P.4.1.45|P.4.1.99|P.4.4.80
Sakawika	śakaṭika	97028	1	P.4.2.80
SakawyA	śakaṭyā	97031	1	P.4.2.49
Sakft	śakṛt	97091	2	P.2.4.11|P.6.1.63
Sakftkari	śakṛtkari	97092	1	P.3.2.24
SakftpadI	śakṛtpadī	97094	1	P.5.4.139
Sakta	śakta	97101	2	P.5.4.21|P.7.2.17
Sakti	śakti	97106	4	P.2.3.7|P.4.1.32|P.4.1.45|P.4.4.59
Saktimant	śaktimant	97133	1	P.4.2.86
SakulAda	śakulāda	97088	1	P.4.2.116
Sakuni	śakuni	97072	1	P.4.1.123
Sakunisavana	śakunisavana	97076	1	P.8.3.110
Sakvan	śakvan	97238	1	P.6.2.191
Sakya	śakya	97160	2	P.1.1.62|P.3.1.99
SalATala	śalāthala	98288	2	P.2.4.69|P.4.1.123
SalAkABrU	śalākābhrū	98279	1	P.4.1.123
SalAkApari	śalākāpari	98277	1	P.2.1.10
SalAkAvant	śalākāvant	98281	1	P.4.2.86
SalAka	śalāka	98274	3	P.4.1.123|P.4.1.151|P.5.4.160
SalAlu	śalālu	98290	1	P.4.4.54
SalAluka	śalāluka	98291	1	P.4.4.54
SalAtura	śalātura	98287	1	P.4.3.94
Sala	śala	98260	2	P.3.1.140|P.6.1.63
SalaNkawa	śalaṅkaṭa	98263	1	P.2.4.68
SalaNku	śalaṅku	98264	1	P.4.1.99
Salka	śalka	98295	1	P.7.2.9
Sallaka	śallaka	98321	1	P.4.1.41
Sam	śam	97902	13	P.1.1.37|P.1.4.57|P.2.3.73|P.6.4.15|P.6.4.62|P.6.4.92|P.6.4.93|P.7.2.27|P.7.2.56|P.7.3.34|P.7.3.74|P.7.3.95|P.8.4.17
SamBa	śambha	97966	1	P.5.2.138
SamI	śamī	97935	4	P.4.1.41|P.4.3.142|P.6.1.107|P.6.2.8
SamIkuRa	śamīkuṇa	97937	1	P.5.2.24
SamIprasTa	śamīprastha	97943	1	P.6.2.87
SamIra	śamīra	122286	2	P.5.3.88|P.8.4.39
SamIvant	śamīvant	97946	3	P.4.2.86|P.5.3.118|P.8.2.9
Sama	śama	97903	2	P.6.1.203|P.7.3.34
Samaka	śamaka	97904	1	P.7.3.34
Samayitar	śamayitar	97913	1	P.6.4.54
SambAkar	śambākar	97959	1	P.5.4.58
Samba	śamba	97953	2	P.5.2.138|P.6.2.4
Samika	śamika	97926	1	P.4.1.104
Samin	śamin	97929	1	P.3.2.141
Samitar	śamitar	97927	1	P.6.4.54
SamizWala	śamiṣṭhala	97933	1	P.8.3.96
SanErgaNgam	śanairgaṅgam	97744	1	P.2.1.21
SanEs	śanais	97747	1	P.1.1.37
SantAti	śantāti	97753	2	P.4.4.143|P.4.4.144
Santa	śanta	97748	1	P.5.2.138
Santi	śanti	97755	1	P.5.2.138
Santu	śantu	97757	1	P.5.2.138
Sap	śap	97760	3	P.1.3.21|P.1.4.34|P.7.2.10
Sapa	śapa	97761	1	P.4.1.110
SapaRqa	śapaṇḍa	97762	1	P.4.2.54
SapaTa	śapatha	97763	1	P.2.4.31
Sapya	śapya	97773	1	P.3.1.98
Sar	śar	98029	3	P.6.4.126|P.7.4.12|P.8.2.42
SarAgni	śarāgni	98123	1	P.8.4.39
SarAru	śarāru	98131	1	P.3.2.173
SarAva	śarāva	98136	2	P.2.4.31|P.6.2.29
SarAvatI	śarāvatī	98139	2	P.6.1.219|P.6.3.120
SarD	śardh	98206	4	P.1.3.91|P.1.3.92|P.7.2.59|P.7.4.90
SarI	śarī	98153	1	P.4.1.41
SarIrAvayava	śarīrāvayava	98180	1	P.5.1.6
SarIra	śarīra	98156	1	P.2.4.31
Sara	śara	98032	2	P.2.4.11|P.3.3.57
SaraDi	śaradhi	98088	1	P.3.3.93
SaraRya	śaraṇya	98059	2	P.5.3.103|P.8.1.74
Sarada	śarada	98072	1	P.5.4.107
Saradija	śaradija	98078	1	P.6.3.15
Saradvant	śaradvant	98083	1	P.4.1.102
Saraja	śaraja	98044	1	P.6.3.16
Saraka	śaraka	98035	1	P.4.2.80
Saramaya	śaramaya	98103	1	P.4.3.144
SaranivAsa	śaranivāsa	98089	1	P.8.4.39
SaraparRI	śaraparṇī	98092	1	P.4.1.64
SaravaRa	śaravaṇa	98109	1	P.8.4.5
Saravant	śaravant	98110	1	P.4.2.86
Sareja	śareja	98187	1	P.6.3.16
SarkAra	śarkāra	98200	1	P.4.1.41
SarkarAkza	śarkarākṣa	98190	1	P.4.1.105
SarkarAvant	śarkarāvant	98193	1	P.5.2.105
SarkarIya	śarkarīya	98199	1	P.4.2.84
Sarkara	śarkara	98188	2	P.4.2.83|P.5.2.105
Sarkaraka	śarkaraka	98189	1	P.4.2.80
Sarkarika	śarkarika	98196	2	P.4.2.80|P.4.2.83
Sarkarila	śarkarila	98197	1	P.5.2.105
SarvARI	śarvāṇī	98254	1	P.4.1.49
Sarvara	śarvara	98247	1	P.4.1.7
SaryaRAvant	śaryaṇāvant	98233	1	P.4.2.86
SaryaRa	śaryaṇa	98232	1	P.4.2.86
Sas	śas	98457	2	P.6.4.126|P.7.2.19
Sasta	śasta	98462	1	P.7.2.15
Sastra	śastra	98471	2	P.3.2.182|P.6.2.2
Sasya	śasya	98506	2	P.3.1.97|P.3.1.109
Sat	śat	97434	1	P.7.3.42
Sata	śata	97435	2	P.5.1.59|P.5.2.45
SataBizaj	śatabhiṣaj	97556	1	P.4.3.36
SataBizaksena	śatabhiṣaksena	97555	1	P.8.3.100
SataDAra	śatadhāra	97508	1	P.6.1.116
SataDAravana	śatadhāravana	97509	1	P.8.4.4
SataDanus	śatadhanus	97499	1	P.5.4.133
SataDanvan	śatadhanvan	97501	1	P.5.4.133
SatadvAra	śatadvāra	97498	1	P.4.1.123
Sataka	śataka	97437	3	P.5.1.21|P.5.4.1|P.5.4.2
Satala	śatala	97591	1	P.4.1.123
SatamAna	śatamāna	97567	2	P.2.4.31|P.5.1.27
SatapaTa	śatapatha	97519	2	P.4.2.60|P.5.3.100
SatapaTika	śatapathika	97520	1	P.4.2.60
Satapad	śatapad	97522	1	P.5.4.139
Satapati	śatapati	97514	1	P.4.1.84
Satapattra	śatapattra	97515	1	P.5.3.107
Sataputra	śataputra	97536	1	P.5.1.133
SatasU	śatasū	97637	1	P.3.2.61
Satatama	śatatama	97478	1	P.5.2.57
Satika	śatika	97684	7	P.4.3.47|P.4.3.56|P.4.3.57|P.4.3.63|P.4.3.156|P.5.1.21|P.5.1.38
SatruGAta	śatrughāta	97705	1	P.3.2.49
SatruGa	śatrugha	97704	1	P.3.2.49
SatruMjaya	śatruṃjaya	97710	1	P.3.2.46
SatruMsaha	śatruṃsaha	97702	1	P.3.2.46
SatruMtapa	śatruṃtapa	97716	1	P.3.2.46
Satrudamana	śatrudamana	97715	1	P.3.1.134
Satruha	śatruha	97725	1	P.3.2.49
Satrujit	śatrujit	97709	1	P.3.2.61
Satruvala	śatruvala	97722	1	P.5.2.112
Satya	śatya	97698	7	P.4.3.156|P.5.1.21|P.5.1.34|P.5.1.38|P.5.1.47|P.5.1.56|P.5.1.63
Sawa	śaṭa	97401	2	P.4.1.105|P.4.3.92
SayARqa	śayāṇḍa	98009	2	P.4.2.54|P.4.2.82
Saya	śaya	97991	2	P.3.2.15|P.6.3.18
SayaRqa	śayaṇḍa	97992	1	P.4.2.54
Sayana	śayana	97996	1	P.6.2.151
Sayitar	śayitar	98014	1	P.4.2.15
SayyA	śayyā	98021	1	P.3.3.99
SazkaRqI	śaṣkaṇḍī	98446	2	P.4.1.41|P.4.3.167
SazkulI	śaṣkulī	98449	2	P.4.1.41|P.5.3.108
Sazkula	śaṣkula	98447	1	P.1.2.49
Scut	ścut	101272	1	P.7.4.61
SePAlikA	śephālikā	100815	1	P.4.3.167
Seku	śeku	100796	1	P.8.3.97
SelAy	śelāy	100822	1	P.3.1.27
SevAla	śevāla	100836	1	P.1.4.61
Sevala	śevala	100828	1	P.5.3.84
Sevaladatta	śevaladatta	100829	1	P.5.3.84
Sevalika	śevalika	100830	1	P.5.3.84
Sevaliya	śevaliya	100832	1	P.5.3.84
Seya	śeya	100818	1	P.7.4.22
SezADikArIya	śeṣādhikārīya	100859	3	P.2.2.23|P.5.4.154|P.7.3.48
Seza	śeṣa	100839	4	P.1.4.7|P.2.3.50|P.3.4.114|P.4.2.92
SfNKalaka	śṛṅkhalaka	100712	1	P.5.2.79
SfNKalatodin	śṛṅkhalatodin	100713	1	P.4.1.96
SfNgAray	śṛṅgāray	100754	1	P.5.2.36
SfNga	śṛṅga	100716	5	P.2.4.31|P.4.1.41|P.4.1.55|P.4.2.82|P.6.2.15
SfNgajAha	śṛṅgajāha	100723	1	P.5.2.24
SfNgiRa	śṛṅgiṇa	100767	1	P.5.2.114
SfNgya	śṛṅgya	100779	1	P.5.3.103
Sfta	śṛta	100781	1	P.6.1.27
SiKA	śikhā	99255	1	P.4.1.56
SiKAgradant	śikhāgradant	99257	1	P.5.4.145
SiKAvala	śikhāvala	99273	2	P.4.2.89|P.5.2.113
SiKAvant	śikhāvant	99270	3	P.5.2.96|P.5.2.136|P.5.3.118
SiKaRqa	śikhaṇḍa	99244	1	P.4.1.41
SiKara	śikhara	99250	2	P.2.4.31|P.4.2.80
SiKin	śikhin	99284	2	P.5.2.116|P.5.2.136
SiMSapA	śiṃśapā	99205	3	P.4.1.99|P.4.2.80|P.4.3.141
SiSukranda	śiśukranda	99785	1	P.4.3.88
SiYjASvatTa	śiñjāśvattha	99311	1	P.2.2.31
Sigru	śigru	99294	3	P.2.4.67|P.4.1.104|P.4.3.164
Sikam	śikam	99211	1	P.1.4.57
Sikya	śikya	99213	1	P.4.3.151
Sikz	śikṣ	99221	1	P.7.4.54
SikzA	śikṣā	99227	3	P.4.2.61|P.4.3.73|P.4.4.62
Sikzaka	śikṣaka	99223	1	P.4.2.61
SilAlin	śilālin	99554	2	P.4.3.110|P.6.4.144
SilavAhA	śilavāhā	99509	1	P.6.3.63
Sileya	śileya	99581	1	P.5.3.102
Silika	śilika	99568	1	P.5.1.128
Silpin	śilpin	99607	1	P.3.1.145
Sini	śini	99367	1	P.6.2.34
SirIza	śirīṣa	99456	2	P.1.2.51|P.8.4.6
SirIzika	śirīṣika	99459	1	P.4.2.80
SirIzin	śirīṣin	99460	1	P.5.2.135
Siraspada	śiraspada	99447	1	P.8.3.47
Sirasy	śirasy	99448	1	P.6.1.61
Sirasya	śirasya	99449	1	P.5.3.103
SirojAnu	śirojānu	99468	1	P.2.2.31
Sirorti	śirorti	99489	1	P.3.3.108
Siroviju	śiroviju	99492	1	P.2.2.31
Siti	śiti	99322	2	P.4.1.39|P.6.2.138
SitiBasad	śitibhasad	99338	1	P.6.2.138
SitibAhu	śitibāhu	99337	1	P.6.2.138
SitikaRWa	śitikaṇṭha	99325	1	P.6.2.114
Sitikakud	śitikakud	99323	1	P.6.2.138
SitilalAwa	śitilalāṭa	99342	1	P.6.2.138
Sitinas	śitinas	99331	1	P.5.4.118
SitipAda	śitipāda	99334	1	P.6.2.138
Sitipad	śitipad	99333	1	P.5.4.139
SityaMsa	śityaṃsa	99354	1	P.6.2.138
SityozWa	śityoṣṭha	99356	1	P.6.2.138
SivAku	śivāku	99725	1	P.4.1.96
Siva	śiva	99612	1	P.2.4.14
Sivadattapura	śivadattapura	99651	1	P.6.2.99
Sivaka	śivaka	99613	1	P.5.3.99
Sivapura	śivapura	99674	1	P.4.2.109
SivatAti	śivatāti	99647	2	P.4.4.143|P.4.4.144
Sivi	śivi	99391	2	P.4.2.52|P.5.3.112
Siz	śiṣ	99812	13	P.1.1.58|P.1.2.32|P.1.3.56|P.2.1.59|P.2.1.60|P.2.4.7|P.4.1.163|P.6.4.82|P.7.2.10|P.7.3.77|P.8.2.37|P.8.4.6|P.8.4.65
Sizwa	śiṣṭa	99814	3	P.2.3.27|P.6.4.34|P.8.3.60
Sizya	śiṣya	99818	2	P.1.2.53|P.3.1.109
Sizyatva	śiṣyatva	99821	1	P.7.1.1
SlAG	ślāgh	102029	2	P.1.4.34|P.5.1.134
SlAGA	ślāghā	102033	1	P.5.1.134
SlAkzRaBArika	ślākṣṇabhārika	102026	1	P.5.1.50
SlAkzRika	ślākṣṇika	102027	2	P.4.2.60|P.5.1.50
SlEzmika	ślaiṣmika	102069	1	P.5.1.38
SlakzRa	ślakṣṇa	102009	1	P.2.1.31
SlakzRay	ślakṣṇay	102014	1	P.3.1.21
Sleza	śleṣa	102052	1	P.3.1.141
SlezmaGna	śleṣmaghna	102058	1	P.3.2.53
SlezmaRa	śleṣmaṇa	102059	1	P.5.2.100
Slezmala	śleṣmala	102061	1	P.5.2.97
Sliz	śliṣ	102040	3	P.3.1.46|P.3.4.72|P.7.2.10
SlokakAra	ślokakāra	102072	1	P.3.2.23
Slokay	ślokay	102076	1	P.3.1.25
SmASAnika	śmāśānika	101310	1	P.4.4.71
SmaSAna	śmaśāna	101286	1	P.6.3.109
SmaSrujAta	śmaśrujāta	101300	1	P.2.2.37
SoBana	śobhana	101122	1	P.3.1.134
SoPa	śopha	101112	1	P.4.1.54
SoRAprasTa	śoṇāprastha	101069	1	P.6.2.88
SoRa	śoṇa	101054	3	P.2.4.7|P.4.1.43|P.4.1.99
SoRaprasTa	śoṇaprastha	101062	1	P.6.2.88
SoRita	śoṇita	101074	1	P.2.4.11
Socana	śocana	101039	1	P.3.2.150
Soka	śoka	101029	1	P.3.2.5
SrA	śrā	101517	3	P.4.4.67|P.6.1.27|P.6.1.36
SrARika	śrāṇika	101519	1	P.4.4.67
SrAdDa	śrāddha	101520	2	P.5.1.110|P.5.2.101
SrAdDika	śrāddhika	101530	1	P.5.2.85
SrAdDin	śrāddhin	101531	1	P.5.2.85
SrAmaRa	śrāmaṇa	101541	1	P.5.1.130
SrAvaRa	śrāvaṇa	101550	3	P.4.2.5|P.4.2.23|P.4.2.92
SrAvaRika	śrāvaṇika	101556	1	P.4.2.23
SrAvasta	śrāvasta	101565	1	P.4.2.97
SrAvasteya	śrāvasteya	101567	1	P.4.2.97
SrAvizWAyana	śrāviṣṭhāyana	101571	1	P.4.1.110
SrAya	śrāya	101543	1	P.3.3.24
SrAyasa	śrāyasa	101546	1	P.7.3.1
SrI	śrī	101595	3	P.1.2.48|P.3.2.178|P.7.1.56
SrIla	śrīla	101740	1	P.5.2.97
SrIpA	śrīpā	101687	1	P.1.2.47
SrIsraja	śrīsraja	101788	1	P.5.4.106
SrOmata	śraumata	102000	1	P.5.3.118
SrOmatya	śraumatya	102001	1	P.5.3.118
SrOti	śrauti	101997	1	P.4.2.138
SrOtra	śrautra	101998	2	P.4.2.38|P.5.4.38
SrOtriyaka	śrautriyaka	101999	1	P.5.1.133
SrOzaw	śrauṣaṭ	102002	3	P.1.4.57|P.1.4.61|P.8.2.91
SraR	śraṇ	101414	1	P.7.4.3
SraT	śrath	101416	2	P.1.2.6|P.3.1.89
SradDA	śraddhā	101422	4	P.1.1.37|P.1.4.66|P.2.4.14|P.3.3.104
SradDAlu	śraddhālu	101432	1	P.3.2.158
Sram	śram	101447	2	P.1.1.37|P.7.3.74
SramB	śrambh	101467	1	P.8.3.110
SramaRa	śramaṇa	101453	4	P.2.1.59|P.2.1.70|P.5.1.130|P.6.2.26
Sramin	śramin	101466	1	P.3.2.141
SranTana	śranthana	101440	1	P.3.3.107
Srat	śrat	101415	3	P.3.3.145|P.5.2.36|P.5.4.57
SravaRa	śravaṇa	101475	2	P.4.2.5|P.4.2.23
SravizWa	śraviṣṭha	101509	2	P.4.1.110|P.4.3.34
SreRikfta	śreṇikṛta	101892	2	P.2.1.59|P.6.2.46
SreyaMs	śreyaṃs	101905	2	P.5.3.60|P.6.2.25
SrezWa	śreṣṭha	101916	2	P.5.3.60|P.6.2.25
Sri	śri	101574	14	P.1.1.19|P.1.1.56|P.1.1.62|P.1.2.6|P.2.1.24|P.3.1.48|P.3.1.89|P.6.1.36|P.7.1.1|P.7.2.10|P.7.2.11|P.7.2.49|P.7.2.67|P.8.3.72
Srimanya	śrimanya	101580	1	P.6.3.68
SriyaDyE	śriyadhyai	101581	1	P.3.4.9
Sriyase	śriyase	101583	1	P.3.4.9
Srotriya	śrotriya	101978	2	P.2.1.65|P.5.2.84
Sru	śru	101797	11	P.1.3.57|P.1.3.59|P.1.4.29|P.1.4.40|P.2.1.59|P.3.1.74|P.6.3.133|P.6.4.102|P.7.1.45|P.7.2.13|P.7.4.81
Srumant	śrumant	101881	1	P.5.3.118
Sruta	śruta	101801	1	P.6.2.148
Sruti	śruti	101849	1	P.4.3.100
Srutin	śrutin	101861	1	P.5.2.88
Su	śu	100070	1	P.1.1.37
SuBASuBa	śubhāśubha	100452	1	P.1.4.39
SuBAnvita	śubhānvita	100445	1	P.5.2.140
SuBa	śubha	100388	1	P.4.1.154
SuBaMBAvuka	śubhaṃbhāvuka	100417	1	P.3.2.57
SuBaMyA	śubhaṃyā	100389	1	P.7.3.46
SuBaMyikA	śubhaṃyikā	100391	1	P.7.3.46
SuBaMyu	śubhaṃyu	100392	1	P.5.2.140
SuBra	śubhra	100456	2	P.4.1.123|P.4.1.151
SuBradant	śubhradant	100461	1	P.5.4.145
SuD	śudh	100350	3	P.1.3.26|P.2.4.10|P.7.2.10
SuNga	śuṅga	100210	1	P.4.1.117
SuRqAra	śuṇḍāra	100276	1	P.5.3.88
SuRqa	śuṇḍa	100272	2	P.4.2.82|P.5.3.88
SuRqika	śuṇḍika	100279	1	P.4.3.76
SuSruvaMs	śuśruvaṃs	100505	1	P.3.2.108
Suc	śuc	100213	2	P.1.2.26|P.6.1.119
SucIvatI	śucīvatī	100259	1	P.6.3.120
SucIy	śucīy	100258	1	P.3.1.12
Suci	śuci	100218	1	P.6.2.161
SucikarRa	śucikarṇa	100219	1	P.4.2.80
SucipadA	śucipadā	100232	1	P.5.4.139
Sucivarcas	śucivarcas	100244	1	P.3.1.12
Sucizad	śuciṣad	100251	1	P.3.2.61
SudDa	śuddha	100287	1	P.7.1.85
SudDadant	śuddhadant	100294	1	P.5.4.145
Sudi	śudi	100286	1	P.1.1.37
SukakarRI	śukakarṇī	100073	1	P.4.1.64
Sukam	śukam	100097	1	P.1.4.57
Sukla	śukla	100165	3	P.2.2.11|P.2.4.14|P.8.2.18
SuklatA	śuklatā	100174	1	P.5.1.123
Suklatva	śuklatva	100176	1	P.5.1.123
Sukliman	śukliman	100203	1	P.5.1.123
SukrAmanTinO	śukrāmanthinau	100160	1	P.6.2.142
Sukra	śukra	100127	1	P.8.2.18
Sukriman	śukriman	100161	1	P.5.1.123
Sukriya	śukriya	100162	1	P.4.2.26
Suktimant	śuktimant	100123	1	P.4.2.86
Sulka	śulka	100488	2	P.2.4.31|P.5.1.47
SulkaSAlA	śulkaśālā	100491	2	P.4.3.75|P.4.4.50
SunAsIrIya	śunāsīrīya	100369	1	P.4.2.32
SunaHSepa	śunaḥśepa	100361	1	P.6.2.40
Sunaka	śunaka	100356	2	P.4.1.102|P.4.1.104
SunaskarRa	śunaskarṇa	100363	1	P.8.3.48
Sunya	śunya	100380	1	P.5.1.2
Suz	śuṣ	100516	3	P.1.3.88|P.3.1.55|P.7.2.10
Suzka	śuṣka	100522	4	P.2.1.41|P.2.4.31|P.8.2.1|P.8.2.51
Suzkaka	śuṣkaka	100523	1	P.8.2.1
Suzkapezam	śuṣkapeṣam	100530	1	P.3.4.35
Suzkavant	śuṣkavant	100536	1	P.8.2.51
Suzma	śuṣma	100549	1	P.3.1.85
SvA	śvā	102183	7	P.3.1.49|P.3.1.58|P.6.1.30|P.6.1.31|P.7.2.5|P.7.2.10|P.7.4.18
SvABastri	śvābhastri	102205	1	P.7.3.8
SvAPalka	śvāphalka	102202	3	P.2.4.58|P.4.1.114|P.6.2.34
SvAdaMzwrA	śvādaṃṣṭrā	102193	1	P.6.3.137
SvAdaMzwri	śvādaṃṣṭri	102194	1	P.7.3.8
SvAdanta	śvādanta	102195	1	P.6.3.137
SvAgaRika	śvāgaṇika	102186	1	P.4.4.11
SvAkarRa	śvākarṇa	102184	1	P.6.3.137
SvApAkaka	śvāpākaka	102200	1	P.4.3.118
SvApada	śvāpada	102199	2	P.6.3.137|P.7.3.9
SvApucCa	śvāpuccha	102201	1	P.6.3.137
SvAsa	śvāsa	102215	2	P.1.1.9|P.3.1.141
SvAvarAha	śvāvarāha	102207	1	P.6.3.137
SvAvarAhikA	śvāvarāhikā	102208	1	P.4.3.125
SvAviD	śvāvidh	102209	1	P.6.3.116
SvEtacCattrika	śvaitacchattrika	102397	1	P.5.1.63
SvEti	śvaiti	102399	1	P.4.2.80
Sva	śva	102084	1	P.5.4.96
SvaBray	śvabhray	102134	1	P.5.2.36
SvaHSreyasa	śvaḥśreyasa	102164	1	P.5.4.80
SvaSrU	śvaśrū	102163	1	P.1.2.71
SvaSura	śvaśura	102159	1	P.1.2.71
SvaSurya	śvaśurya	102162	1	P.4.1.137
SvaWa	śvaṭha	102105	1	P.6.1.216
SvagaRa	śvagaṇa	102089	1	P.4.4.11
SvagaRika	śvagaṇika	102090	1	P.4.4.11
Svalehya	śvalehya	102149	1	P.2.1.33
Svalih	śvalih	102148	1	P.8.4.42
Svall	śvall	102151	1	P.7.2.2
Svan	śvan	102112	4	P.2.4.11|P.4.1.41|P.6.4.133|P.7.3.4
SvaniSa	śvaniśa	102115	1	P.2.4.25
SvapAka	śvapāka	102124	1	P.7.3.53
Svapaca	śvapaca	102119	1	P.3.1.134
Svas	śvas	102167	9	P.1.1.37|P.3.3.15|P.6.1.188|P.7.2.5|P.7.2.16|P.7.2.76|P.7.3.4|P.7.3.98|P.8.1.29
Svastana	śvastana	102176	2	P.3.3.15|P.4.2.105
Svastya	śvastya	102179	1	P.4.2.105
SvayaTu	śvayathu	102141	1	P.3.3.89
Sveta	śveta	102236	1	P.4.1.39
SvetacCattra	śvetacchattra	102267	1	P.5.1.63
SvetapAkI	śvetapākī	102293	1	P.4.3.167
SvetavAh	śvetavāh	102345	2	P.3.2.71|P.8.2.67
Svit	śvit	102224	2	P.3.1.55|P.7.2.16
SvovasIyasa	śvovasīyasa	102407	1	P.5.4.80
SyA	śyā	101312	4	P.6.1.24|P.6.1.25|P.6.1.26|P.8.2.47
SyAmAka	śyāmāka	101342	3	P.2.4.67|P.4.1.104|P.4.3.152
SyAmAyana	śyāmāyana	101346	1	P.4.1.110
SyAmAyanin	śyāmāyanin	101348	1	P.4.3.104
SyAma	śyāma	101317	3	P.4.1.110|P.4.1.123|P.6.2.2
SyAmaka	śyāmaka	101318	2	P.2.4.67|P.4.1.104
SyAmala	śyāmala	101329	1	P.5.2.97
SyAmeya	śyāmeya	101354	1	P.4.1.123
SyAparRa	śyāparṇa	101313	2	P.2.4.67|P.4.1.104
SyAparReya	śyāparṇeya	101315	1	P.6.2.37
SyAvadant	śyāvadant	101360	1	P.5.4.144
SyAvadanta	śyāvadanta	101361	1	P.5.4.144
SyAvala	śyāvala	101371	1	P.4.1.104
SyAvanAyIya	śyāvanāyīya	101365	1	P.4.2.90
SyAvanAya	śyāvanāya	101364	2	P.4.1.151|P.4.2.90
SyAvanAyya	śyāvanāyya	101366	1	P.4.1.151
SyEnaMpAta	śyainaṃpāta	101408	2	P.4.2.58|P.6.3.71
SyenAy	śyenāy	101401	1	P.3.1.11
Syenacit	śyenacit	101387	1	P.3.2.92
SyenapAta	śyenapāta	101394	2	P.4.2.58|P.6.3.71
Syeta	śyeta	101378	2	P.4.1.39|P.6.2.2
U	ū	12701	2	P.1.4.57|P.6.4.20
UDan	ūdhan	12717	4	P.4.1.25|P.4.1.26|P.5.4.131|P.8.2.70
UDanya	ūdhanya	12718	1	P.5.1.2
UQaBArya	ūḍhabhārya	12709	1	P.2.2.37
UQay	ūḍhay	12710	1	P.8.2.1
UQi	ūḍhi	12711	1	P.8.2.1
Uh	ūh	12884	3	P.2.1.38|P.3.1.36|P.7.4.23
Uha	ūha	12886	1	P.3.3.103
Una	ūna	12722	2	P.2.1.31|P.6.2.153
Unay	ūnay	12724	3	P.3.1.51|P.6.4.75|P.7.2.5
UrDva	ūrdhva	12780	3	P.1.4.1|P.2.1.4|P.5.3.83
UrDvaBAga	ūrdhvabhāga	12818	2	P.1.2.29|P.5.3.83
UrDvaSozam	ūrdhvaśoṣam	12835	1	P.3.4.44
UrDvajAnu	ūrdhvajānu	12797	1	P.5.4.130
UrDvajYu	ūrdhvajñu	12799	2	P.5.4.1|P.5.4.130
UrDvakarman	ūrdhvakarman	12784	1	P.1.3.24
UrDvamOhUrtika	ūrdhvamauhūrtika	12825	2	P.3.3.9|P.3.3.164
UrDvamuKa	ūrdhvamukha	12824	1	P.3.4.44
UrDvapUram	ūrdhvapūram	12811	1	P.3.4.44
UrI	ūrī	12732	1	P.1.4.61
UrRAsUtra	ūrṇāsūtra	12772	1	P.6.3.63
UrRAvant	ūrṇāvant	12770	1	P.5.3.118
UrRAyu	ūrṇāyu	12769	1	P.5.2.123
UrRanABa	ūrṇanābha	12762	2	P.4.1.112|P.4.2.53
UrRu	ūrṇu	12775	9	P.1.2.3|P.3.1.22|P.6.1.8|P.6.1.9|P.7.2.6|P.7.2.11|P.7.2.49|P.7.3.90|P.7.3.91
Urda	ūrda	12777	1	P.4.1.41
Urj	ūrj	12741	1	P.3.2.177
Urjas	ūrjas	12748	1	P.5.2.114
Urjasvala	ūrjasvala	12753	1	P.5.2.114
Urjasvin	ūrjasvin	12754	1	P.5.2.114
Urmimant	ūrmimant	12848	1	P.8.2.9
Uru	ūru	12733	3	P.4.1.69|P.4.1.70|P.5.4.77
UruBinna	ūrubhinna	12738	1	P.4.1.52
Uta	ūta	12713	1	P.6.4.20
Uti	ūti	12714	1	P.3.3.97
Uzara	ūṣara	12870	2	P.4.2.80|P.5.2.107
UzmAy	ūṣmāy	12881	1	P.3.1.16
UzmaRa	ūṣmaṇa	12876	1	P.5.2.100
Uzman	ūṣman	12878	2	P.1.1.50|P.3.1.16
Uzmavant	ūṣmavant	12880	1	P.5.2.100
U~	ūm̐	12703	1	P.1.1.18
WakAra	ṭhakāra	28235	1	P.8.4.54
a	a	3	29	P.1.1.14|P.1.1.43|P.1.1.62|P.1.2.69|P.2.1.60|P.2.2.6|P.2.2.24|P.3.3.112|P.4.1.57|P.5.1.119|P.5.1.121|P.5.4.71|P.6.1.116|P.6.1.132|P.6.2.2|P.6.2.116|P.6.2.155|P.6.2.158|P.6.2.159|P.6.2.160|P.6.2.161|P.6.2.172|P.6.2.173|P.6.2.174|P.6.3.73|P.6.3.77|P.7.3.30|P.7.3.31|P.7.3.70
aBAva	abhāva	4470	1	P.1.1.57
aBIka	abhīka	4841	1	P.5.2.74
aBastrakA	abhastrakā	4467	1	P.7.3.47
aBayaMkara	abhayaṃkara	4458	1	P.3.2.43
aBi	abhi	4471	5	P.1.4.56|P.1.4.59|P.1.4.60|P.1.4.91|P.2.1.14
aBiBava	abhibhava	4614	1	P.1.3.32
aBiDAna	abhidhāna	4551	2	P.2.3.1|P.4.1.93
aBiDeya	abhidheya	4560	2	P.1.1.34|P.3.3.51
aBicaritu	abhicaritu	4514	1	P.3.4.13
aBihava	abhihava	4831	1	P.3.3.72
aBijYa	abhijña	4529	1	P.3.2.112
aBijana	abhijana	4520	2	P.4.1.163|P.4.3.90
aBijit	abhijit	4526	1	P.4.3.36
aBikANkzA	abhikāṅkṣā	4474	1	P.1.3.69
aBika	abhika	4472	1	P.5.2.74
aBikrAntin	abhikrāntin	4484	1	P.5.2.88
aBilAva	abhilāva	4695	1	P.3.3.28
aBilAza	abhilāṣa	4696	1	P.1.4.33
aBimuKIkaraRa	abhimukhīkaraṇa	4663	1	P.2.3.47
aBimuKa	abhimukha	4661	1	P.6.2.185
aBinistAna	abhinistāna	4585	1	P.8.3.86
aBiniveSa	abhiniveśa	4579	1	P.1.4.47
aBinizwAna	abhiniṣṭāna	4583	1	P.8.3.86
aBiprAya	abhiprāya	4607	1	P.1.3.72
aBirUpaka	abhirūpaka	4690	1	P.8.1.8
aBisaMbanDa	abhisaṃbandha	4806	3	P.8.3.6|P.8.3.12|P.8.3.58
aBisusUs	abhisusūs	4820	1	P.8.3.117
aBitas	abhitas	4534	3	P.2.3.2|P.5.3.9|P.6.2.182
aBivAdana	abhivādana	4714	1	P.8.2.83
aBiviDi	abhividhi	4721	3	P.2.1.13|P.3.3.44|P.5.4.53
aBivyAhArin	abhivyāhārin	4734	1	P.6.2.80
aBivyApaka	abhivyāpaka	4730	1	P.1.4.45
aBivyApti	abhivyāpti	4731	1	P.5.4.53
aBivyakti	abhivyakti	4726	1	P.8.1.15
aBizeRay	abhiṣeṇay	4775	3	P.3.1.25|P.3.1.63|P.8.3.65
aBrAy	abhrāy	5020	1	P.3.1.17
aBraMkaza	abhraṃkaṣa	4996	1	P.3.2.42
aBraMliha	abhraṃliha	4994	1	P.3.2.32
aBralipta	abhralipta	5011	1	P.4.1.51
aBreza	abhreṣa	5029	1	P.3.3.37
aBriya	abhriya	5026	1	P.4.4.118
aByAGAtin	abhyāghātin	4939	1	P.3.2.142
aByASa	abhyāśa	4958	3	P.2.1.39|P.6.2.49|P.6.3.2
aByAdAna	abhyādāna	4944	1	P.8.2.87
aByAhita	abhyāhita	4962	1	P.6.3.10
aByAsa	abhyāsa	4959	4	P.1.3.71|P.6.1.4|P.6.1.7|P.6.1.17
aByAvftti	abhyāvṛtti	4957	1	P.5.4.17
aByagni	abhyagni	4883	1	P.2.1.14
aByamin	abhyamin	4901	1	P.3.2.157
aByamitrIRa	abhyamitrīṇa	4900	1	P.5.2.17
aByamitra	abhyamitra	4899	1	P.5.2.17
aByarRa	abhyarṇa	4907	1	P.7.2.25
aByasta	abhyasta	4928	8	P.3.4.109|P.6.1.5|P.6.1.33|P.6.1.189|P.6.4.112|P.7.1.4|P.7.1.78|P.7.3.87
aByavahArya	abhyavahārya	4922	1	P.7.3.69
aByudga	abhyudga	4974	1	P.8.3.38
aByupagama	abhyupagama	4979	1	P.8.3.74
aByupagantavya	abhyupagantavya	64682	1	P.1.2.55
aDIna	adhīna	2045	2	P.5.4.7|P.5.4.54
aDamArDa	adhamārdha	1869	1	P.4.3.5
aDamArDya	adhamārdhya	1870	1	P.4.3.5
aDama	adhama	1863	1	P.4.3.8
aDarAt	adharāt	1881	1	P.5.3.34
aDara	adhara	1871	3	P.1.1.34|P.2.2.1|P.7.1.16
aDaratas	adharatas	1873	1	P.5.3.35
aDareRa	adhareṇa	1886	2	P.2.3.31|P.5.3.35
aDaredyus	adharedyus	1887	1	P.5.3.22
aDarottara	adharottara	63177	1	P.2.4.12
aDas	adhas	1903	3	P.2.3.2|P.5.3.39|P.8.1.7
aDaspada	adhaspada	1909	1	P.8.3.47
aDastAt	adhastāt	1907	2	P.5.3.27|P.5.3.40
aDfzwa	adhṛṣṭa	2060	1	P.5.2.20
aDi	adhi	1914	10	P.1.1.19|P.1.4.93|P.1.4.97|P.1.4.98|P.2.1.6|P.2.3.2|P.2.3.9|P.6.1.36|P.6.2.188|P.8.1.7
aDidanta	adhidanta	1965	1	P.6.2.188
aDihari	adhihari	2040	2	P.1.1.41|P.1.2
aDija	adhija	1957	1	P.3.2.101
aDikArTa	adhikārtha	1939	1	P.2.1.33
aDikAra	adhikāra	1936	4	P.1.2.4|P.1.3.11|P.3.1.91|P.6.2.64
aDikArma	adhikārma	1940	1	P.6.2.91
aDika	adhika	1917	5	P.2.2.25|P.2.3.9|P.5.2.45|P.5.2.73|P.7.2.10
aDikaraRa	adhikaraṇa	1921	15	P.1.2.42|P.1.4.45|P.2.1.49|P.2.2.1|P.2.2.11|P.2.2.13|P.2.2.64|P.2.2.68|P.2.3.36|P.2.4.13|P.2.4.15|P.3.4.76|P.5.3.43|P.6.3.34|P.8.1.73
aDikzepa	adhikṣepa	1945	1	P.5.1.134
aDipati	adhipati	63218	1	P.2.3.39
aDistri	adhistri	2038	1	P.2.1.6
aDityakA	adhityakā	1964	1	P.5.2.34
aDoBAga	adhobhāga	2078	1	P.1.2.30
aDruva	adhruva	2166	1	P.3.4.54
aDunA	adhunā	2054	1	P.5.3.17
aDva	adhva	2168	1	P.5.4.85
aDvaga	adhvaga	2169	1	P.3.2.48
aDvagat	adhvagat	2170	1	P.6.4.40
aDvanIna	adhvanīna	2175	2	P.5.2.16|P.6.4.169
aDvanya	adhvanya	2176	1	P.5.2.16
aDvara	adhvara	63335	1	P.4.1.99
aDvary	adhvary	2191	1	P.7.4.39
aDvaryu	adhvaryu	2192	3	P.2.4.4|P.4.1.66|P.6.2.10
aDyAhAra	adhyāhāra	2152	1	P.6.1.139
aDyApaka	adhyāpaka	2135	2	P.2.1.65|P.6.2.26
aDyAtmam	adhyātmam	2130	1	P.5.4.108
aDyAya	adhyāya	2140	7	P.3.2.1|P.3.2.89|P.3.3.21|P.3.3.122|P.4.3.69|P.5.2.60|P.6.2.144
aDyAyin	adhyāyin	2143	1	P.4.4.71
aDyaYc	adhyañc	2093	1	P.6.2.53
aDyakza	adhyakṣa	2090	1	P.6.2.67
aDyarDa	adhyardha	2099	1	P.5.1.28
aDyarDaKArIka	adhyardhakhārīka	2105	1	P.5.1.33
aDyarDaSARa	adhyardhaśāṇa	2114	1	P.5.1.35
aDyarDaSARya	adhyardhaśāṇya	2115	1	P.5.1.35
aDyarDaSUrpa	adhyardhaśūrpa	2117	1	P.5.1.28
aDyarDaSatya	adhyardhaśatya	2113	1	P.5.1.34
aDyarDakArzApaRa	adhyardhakārṣāpaṇa	2103	1	P.5.1.29
aDyarDakArzApaRika	adhyardhakārṣāpaṇika	2104	1	P.5.1.29
aDyarDakaMsa	adhyardhakaṃsa	2101	1	P.5.1.28
aDyarDamAzya	adhyardhamāṣya	2109	1	P.5.1.34
aDyarDapAdya	adhyardhapādya	2107	1	P.5.1.34
aDyarDapaRya	adhyardhapaṇya	2106	1	P.5.1.34
aDyarDapratika	adhyardhapratika	2108	1	P.5.1.29
aDyarDasAhasra	adhyardhasāhasra	2119	1	P.5.1.29
aDyarDasahasra	adhyardhasahasra	2118	1	P.5.1.29
aDyarDaviMSatikIna	adhyardhaviṃśatikīna	2110	1	P.5.1.32
aDyavasAya	adhyavasāya	2123	1	P.6.2.21
aDyayana	adhyayana	2097	4	P.1.3.38|P.2.4.5|P.4.4.63|P.5.1.58
aDyetar	adhyetar	2159	3	P.2.4.3|P.4.2.60|P.5.4.74
aGAyu	aghāyu	607	1	P.7.4.37
aGavant	aghavant	599	3	P.8.3.17|P.8.3.20|P.8.3.22
aGoza	aghoṣa	615	1	P.1.1.9
aGozamahAprARaprayatnavant	aghoṣamahāprāṇaprayatnavant	617	2	P.1.1.9|P.8.4.61
aMSahara	aṃśahara	16	1	P.3.2.9
aMSaka	aṃśaka	9	1	P.5.2.69
aMsala	aṃsala	42	1	P.5.2.98
aNg	aṅg	667	1	P.7.4.71
aNgArIya	aṅgārīya	734	1	P.5.1.12
aNga	aṅga	671	9	P.1.4.13|P.2.3.20|P.2.4.62|P.4.1.54|P.4.2.81|P.4.2.125|P.6.1.119|P.8.1.33|P.8.2.96
aNgin	aṅgin	737	1	P.2.3.20
aNgiras	aṅgiras	740	1	P.2.4.65
aNgu	aṅgu	751	1	P.8.3.97
aNgulIya	aṅgulīya	770	1	P.4.3.62
aNgula	aṅgula	756	2	P.5.4.86|P.5.4.114
aNgulitrARa	aṅgulitrāṇa	761	1	P.6.3.12
aNgulizaNga	aṅguliṣaṅga	765	1	P.8.3.80
aNguzWa	aṅguṣṭha	773	1	P.8.3.97
aNka	aṅka	625	1	P.1.1.9
aRaka	aṇaka	1138	1	P.2.1.54
aRavya	aṇavya	1140	1	P.5.2.4
aS	aś	65675	11	P.1.1.59|P.1.3.87|P.2.3.45|P.3.1.22|P.3.2.109|P.6.1.2|P.6.1.207|P.6.4.73|P.7.2.67|P.7.2.74|P.7.4.72
aSIti	aśīti	6923	1	P.5.1.59
aSOca	aśauca	6951	1	P.7.3.30
aSanAy	aśanāy	6890	1	P.7.4.34
aSanIy	aśanīy	6897	1	P.7.4.34
aSani	aśani	6893	2	P.2.1.15|P.5.3.117
aSeza	aśeṣa	6933	2	P.2.1.6|P.5.4.4
aSiSu	aśiśu	6919	1	P.4.1.62
aSlIla	aślīla	7029	1	P.6.2.42
aSmArma	aśmārma	6995	1	P.6.2.91
aSma	aśma	6956	1	P.5.4.94
aSmaka	aśmaka	6957	1	P.4.1.173
aSmamaya	aśmamaya	6981	1	P.4.3.143
aSmara	aśmara	6983	1	P.4.2.80
aSoka	aśoka	6938	2	P.4.1.123|P.4.3.166
aSrAdDaBojin	aśrāddhabhojin	7009	1	P.3.2.80
aSrAy	aśrāy	7011	1	P.3.1.18
aSra	aśra	65728	2	P.5.4.120|P.6.2.170
aSrin	aśrin	7014	1	P.5.2.131
aSv	aśv	7034	1	P.3.1.11
aSvAvatAna	aśvāvatāna	7176	1	P.2.4.67
aSvAy	aśvāy	7171	1	P.7.4.37
aSvIy	aśvīy	7184	1	P.7.1.51
aSvIya	aśvīya	7185	2	P.4.2.48|P.5.1.4
aSva	aśva	7035	3	P.4.1.22|P.6.2.107|P.6.2.108
aSvabaqava	aśvabaḍava	7088	2	P.2.4.12|P.2.4.27
aSvaka	aśvaka	7037	2	P.5.3.97|P.7.3.46
aSvapAda	aśvapāda	7081	1	P.5.4.138
aSvapAla	aśvapāla	7082	1	P.4.1.146
aSvapati	aśvapati	7078	1	P.4.1.84
aSvapeja	aśvapeja	7085	1	P.4.3.106
aSvasTAna	aśvasthāna	7161	1	P.4.3.35
aSvasUnfta	aśvasūnṛta	7157	1	P.6.1.115
aSvasani	aśvasani	7151	1	P.8.3.110
aSvasy	aśvasy	7162	1	P.7.1.51
aSvatTAman	aśvatthāman	7063	4	P.3.2.74|P.4.1.85|P.4.1.103|P.4.3.60
aSvatTIya	aśvatthīya	7066	1	P.4.2.90
aSvatTa	aśvattha	65750	4	P.4.2.5|P.4.2.22|P.4.3.48|P.6.2.85
aSvatTaka	aśvatthaka	7059	1	P.4.3.48
aSvatTakuRa	aśvatthakuṇa	7060	1	P.5.2.24
aSvatTika	aśvatthika	7064	2	P.4.2.80|P.4.4.10
aSvatTila	aśvatthila	7065	1	P.4.2.80
aSvatara	aśvatara	7055	1	P.5.3.91
aSvatrirAtra	aśvatrirātra	7067	1	P.6.2.81
aSvavant	aśvavant	7128	1	P.6.3.131
aSvayuj	aśvayuj	7112	2	P.3.2.61|P.4.3.36
aSvazA	aśvaṣā	7150	1	P.8.3.110
aSvika	aśvika	7179	2	P.4.2.80|P.4.4.10
aSvimant	aśvimant	7182	1	P.4.4.126
aSvya	aśvya	7187	1	P.5.1.4
aTa	atha	1632	9	P.1.1.62|P.2.4.32|P.2.4.33|P.3.3.8|P.3.3.9|P.6.4.159|P.7.1.30|P.8.1.26|P.8.3.72
aTarvan	atharvan	1641	1	P.4.3.133
aYc	añc	1044	1	P.3.2.59
aYj	añj	62859	8	P.1.4.106|P.6.2.24|P.6.4.23|P.7.2.62|P.7.2.71|P.7.2.74|P.8.1.15|P.8.2.46
aYjanAgiri	añjanāgiri	1060	1	P.6.2.94
aYjisakTa	añjisaktha	1084	2	P.6.2.198|P.6.2.199
abjA	abjā	4417	2	P.3.2.67|P.6.4.41
abrAhmaRa	abrāhmaṇa	4446	1	P.6.2.2
ac	ac	62766	4	P.6.4.30|P.7.2.53|P.8.2.48|P.8.4.58
acAru	acāru	808	1	P.6.2.160
acCAvAkIya	acchāvākīya	842	1	P.5.1.135
acCAvAka	acchāvāka	840	1	P.5.2.59
acCa	accha	836	1	P.1.4.69
acCedika	acchedika	854	1	P.6.2.155
acatura	acatura	797	1	P.5.4.77
acitta	acitta	812	1	P.4.3.96
ad	ad	1655	9	P.1.3.87|P.2.4.37|P.2.4.39|P.2.4.72|P.7.2.10|P.7.2.40|P.7.2.66|P.7.2.67|P.7.3.100
adUra	adūra	1733	3	P.1.2.51|P.2.2.25|P.4.2.70
adaHkar	adaḥkar	1658	1	P.1.4.70
adadryaYc	adadryañc	1668	2	P.8.2.80|P.8.2.81
adamuyaYc	adamuyañc	1681	2	P.8.2.80|P.8.2.81
adantya	adantya	1673	1	P.6.2.156
adarSana	adarśana	1687	2	P.1.1.60|P.1.4.28
adas	adas	1694	6	P.1.1.12|P.1.4.70|P.7.1.11|P.7.2.107|P.8.2.80|P.8.2.81
adasy	adasy	1697	1	P.8.2.80
adeSakAla	adeśakāla	1754	1	P.4.4.71
admara	admara	1783	1	P.3.2.160
adrava	adrava	1800	1	P.4.1.54
adya	adya	1788	1	P.5.3.22
adyaSvIna	adyaśvīna	1794	1	P.5.2.13
adyatana	adyatana	1789	5	P.1.2.57|P.3.2.111|P.3.3.15|P.3.3.135|P.5.3.21
agA	agā	326	1	P.3.2.67
agAra	agāra	329	2	P.3.3.79|P.4.4.70
aga	aga	300	1	P.6.3.77
agadaMkAra	agadaṃkāra	307	1	P.6.3.70
agastI	agastī	319	1	P.6.4.149
agastIya	agastīya	320	1	P.6.4.149
agasti	agasti	317	1	P.2.4.70
agnAmarut	agnāmarut	346	2	P.6.3.26|P.6.3.28
agnAvizRu	agnāviṣṇu	348	1	P.6.3.26
agnAyI	agnāyī	347	1	P.4.1.37
agnID	agnīdh	497	1	P.8.2.92
agnIvaruRa	agnīvaruṇa	504	1	P.6.3.27
agnIzomIya	agnīṣomīya	507	1	P.4.2.32
agnIzoma	agnīṣoma	505	2	P.6.3.27|P.8.3.82
agni	agni	349	1	P.4.2.126
agniBUti	agnibhūti	421	1	P.8.2.107
agniSAla	agniśāla	464	2	P.2.4.25|P.6.2.123
agnicit	agnicit	368	2	P.3.2.91|P.6.1.169
agnicitvant	agnicitvant	370	1	P.8.2.10
agnicityA	agnicityā	369	1	P.3.1.132
agnigranTa	agnigrantha	365	1	P.2.1.6
agnihotra	agnihotra	490	1	P.2.3.3
agnikaSyapIya	agnikaśyapīya	353	1	P.4.3.88
agnikuRqa	agnikuṇḍa	117976	1	P.3.3.116
agnimant	agnimant	424	3	P.6.1.176|P.8.2.9|P.8.2.15
agnizWa	agniṣṭha	475	1	P.8.3.97
agnizwoma	agniṣṭoma	474	1	P.8.3.82
agnizwut	agniṣṭut	472	1	P.8.3.82
agnyAhita	agnyāhita	515	1	P.2.2.37
agrIya	agrīya	572	1	P.4.4.117
agra	agra	62644	3	P.3.4.24|P.4.1.1|P.4.1.99
agraRI	agraṇī	533	1	P.8.4.14
agragAmin	agragāmin	525	1	P.8.3.92
agrataHsara	agrataḥsara	536	1	P.3.2.18
agresara	agresara	586	1	P.3.2.18
agrevaRa	agrevaṇa	584	1	P.8.4.4
agrima	agrima	570	2	P.4.1.17|P.4.2.70
agriya	agriya	571	1	P.4.4.117
agrya	agrya	590	1	P.4.4.116
ah	ah	7607	3	P.3.4.84|P.5.4.21|P.8.2.35
ahArin	ahārin	7668	1	P.3.1.134
ahIna	ahīna	7723	2	P.5.1.87|P.6.4.145
ahIvatI	ahīvatī	7729	3	P.6.1.221|P.6.3.120|P.8.2.11
aha	aha	7609	5	P.8.1.24|P.8.1.39|P.8.1.58|P.8.1.61|P.8.1.62
ahaMyu	ahaṃyu	7612	1	P.5.2.140
ahala	ahala	7658	1	P.5.4.121
ahamahamikA	ahamahamikā	7634	1	P.2.1.72
ahan	ahan	7626	6	P.2.4.29|P.5.4.91|P.6.3.110|P.6.4.145|P.8.2.68|P.8.2.69
ahardiva	ahardiva	7647	1	P.5.4.77
ahaskara	ahaskara	7664	2	P.3.2.21|P.8.3.48
ahi	ahi	7671	3	P.2.4.9|P.4.1.45|P.6.2.48
ahidant	ahidant	7693	1	P.5.4.145
ahnI	ahnī	7753	1	P.4.1.45
ahna	ahna	7749	5	P.2.4.29|P.5.4.88|P.5.4.91|P.6.3.110|P.8.4.7
ahnika	ahnika	7752	1	P.5.1.87
aho	aho	7743	3	P.1.1.15|P.8.1.40|P.8.1.41
ahorAtra	ahorātra	7747	4	P.2.4.28|P.2.4.29|P.4.2.4|P.5.4.87
ahruta	ahruta	7762	1	P.7.2.31
aj	aj	871	4	P.2.4.56|P.2.4.57|P.7.3.60|P.8.1.8
ajAda	ajāda	959	1	P.4.1.171
ajAkfpaRIya	ajākṛpaṇīya	947	1	P.5.3.106
ajAtakakud	ajātakakud	954	1	P.5.4.146
ajAtva	ajātva	958	1	P.6.3.64
ajIvani	ajīvani	1008	1	P.3.3.112
ajYa	ajña	1024	1	P.7.3.47
ajYakA	ajñakā	1025	1	P.7.3.47
ajYikA	ajñikā	1034	1	P.7.3.47
aja	aja	873	2	P.3.2.101|P.4.1.4
ajaTyA	ajathyā	896	1	P.5.1.8
ajaga	ajaga	882	1	P.5.2.110
ajagava	ajagava	888	1	P.5.2.110
ajakA	ajakā	877	1	P.7.3.47
ajakAva	ajakāva	879	1	P.5.2.100
ajakzIra	ajakṣīra	881	1	P.6.3.63
ajamIQa	ajamīḍha	917	1	P.4.2.125
ajanani	ajanani	901	1	P.3.3.112
ajapada	ajapada	908	1	P.5.4.120
ajara	ajara	927	1	P.6.2.116
ajarya	ajarya	932	1	P.3.1.105
ajasra	ajasra	943	1	P.3.2.167
ajastunda	ajastunda	942	1	P.6.1.155
ajatva	ajatva	895	1	P.6.3.64
ajikA	ajikā	974	1	P.7.3.47
ajina	ajina	981	2	P.5.3.82|P.6.2.165
ajira	ajira	62834	1	P.4.1.123
ajiravatI	ajiravatī	990	2	P.6.1.220|P.6.3.119
akArRavezwakika	akārṇaveṣṭakika	106	1	P.6.2.155
akArya	akārya	107	1	P.5.2.20
akOSala	akauśala	144	1	P.7.3.30
akaSAya	akaśāya	62448	1	P.4.1.123
akarRya	akarṇya	77	1	P.6.2.156
akaraRi	akaraṇi	72	1	P.3.3.112
akarmaka	akarmaka	79	1	P.1.3.26
akeSa	akeśa	142	1	P.4.1.57
akfta	akṛta	131	1	P.4.1.52
akftakAram	akṛtakāram	132	1	P.3.4.36
akkA	akkā	145	1	P.7.3.107
akz	akṣ	165	1	P.3.1.75
akzEtrajYya	akṣaitrajñya	268	1	P.7.3.30
akzOhiRI	akṣauhiṇī	275	1	P.6.1.89
akza	akṣa	168	5	P.5.4.74|P.5.4.76|P.5.4.113|P.6.2.2|P.6.2.121
akzaRvant	akṣaṇvant	172	3	P.6.1.176|P.7.1.76|P.8.2.16
akzaSORqa	akṣaśauṇḍa	227	1	P.6.2.2
akzadyU	akṣadyū	178	1	P.6.4.19
akzamA	akṣamā	191	1	P.1.4.37
akzan	akṣan	184	2	P.7.1.75|P.7.1.76
akzapari	akṣapari	187	1	P.2.1.10
akzara	akṣara	203	2	P.7.2.9|P.8.2.89
akzetrajYa	akṣetrajña	265	1	P.7.3.30
akzi	akṣi	238	3	P.5.4.113|P.7.1.75|P.7.1.77
akziBruva	akṣibhruva	251	1	P.5.4.77
akzita	akṣita	244	1	P.6.4.60
alIkAy	alīkāy	6188	1	P.3.1.18
alIka	alīka	6185	2	P.6.2.170|P.6.2.171
alIkin	alīkin	6189	1	P.5.2.131
alIkya	alīkya	6190	2	P.4.3.54|P.6.2.131
alaMgAmin	alaṃgāmin	6120	1	P.5.2.15
alaMkarizRu	alaṃkariṣṇu	6107	3	P.2.3.69|P.3.2.136|P.6.2.160
alaMkarmIRa	alaṃkarmīṇa	6109	1	P.5.4.7
alaMkumAri	alaṃkumāri	6116	1	P.1.2.44
alaMpuruzIRa	alaṃpuruṣīṇa	6133	1	P.5.4.7
alam	alam	6130	6	P.1.4.64|P.2.3.16|P.2.3.27|P.3.3.154|P.3.4.18|P.3.4.66
aligu	aligu	6167	1	P.4.1.105
allA	allā	6231	1	P.7.3.107
aloha	aloha	26305	2	P.4.1.99|P.4.2.97
alpaSas	alpaśas	6224	1	P.2.1.38
alpameDas	alpamedhas	6221	1	P.5.4.122
alpaprARa	alpaprāṇa	6218	1	P.1.1.9
am	am	5034	4	P.6.4.120|P.7.2.28|P.7.2.34|P.7.3.95
amA	amā	5113	2	P.1.4.74|P.3.1.122
amAtya	amātya	5120	1	P.4.2.104
amAvAsya	amāvāsya	5132	3	P.3.1.122|P.4.3.30|P.4.3.31
amAvAsyaka	amāvāsyaka	5133	1	P.4.3.30
amAvasyA	amāvasyā	5129	1	P.3.1.122
amBas	ambhas	5348	1	P.6.3.3
amBojaKaRqa	ambhojakhaṇḍa	5355	1	P.4.2.51
amanuzya	amanuṣya	5055	1	P.2.4.23
amarAvatI	amarāvatī	5090	1	P.6.3.119
amara	amara	5065	1	P.6.2.116
amarza	amarṣa	5101	2	P.1.4.37|P.3.3.145
amatra	amatra	5047	1	P.4.2.14
ambA	ambā	5294	2	P.6.1.118|P.7.3.107
ambAqA	ambāḍā	5295	1	P.6.1.118
ambazWa	ambaṣṭha	5291	1	P.8.3.97
ambikA	ambikā	5300	1	P.6.1.118
ameDas	amedhas	5258	1	P.5.4.122
amftASma	amṛtāśma	5241	1	P.5.4.94
amfta	amṛta	5200	2	P.3.2.188|P.6.2.116
amitOjas	amitaujas	64777	1	P.4.1.96
amitra	amitra	5144	1	P.6.2.116
amitraGAta	amitraghāta	5146	1	P.3.2.88
ammaya	ammaya	5368	1	P.4.3.144
amnas	amnas	5276	1	P.8.2.70
amumuyaYc	amumuyañc	5187	2	P.8.2.80|P.8.2.81
an	an	2199	6	P.6.1.3|P.7.2.76|P.7.3.98|P.7.3.99|P.8.4.19|P.8.4.21
anASvaMs	anāśvaṃs	2592	1	P.3.2.109
anAdara	anādara	2504	2	P.1.4.63|P.2.3.17
anArza	anārṣa	2573	2	P.1.1.16|P.4.1.78
anDaMBavizRu	andhaṃbhaviṣṇu	3473	1	P.3.2.57
anDaMkaraRa	andhaṃkaraṇa	3465	1	P.3.2.56
anDaka	andhaka	3454	2	P.4.1.114|P.6.2.34
anDakavartIya	andhakavartīya	3458	1	P.4.3.91
anDakavarta	andhakavarta	3457	1	P.4.3.91
anDatamasa	andhatamasa	3466	1	P.5.4.79
anDu	andhu	3484	1	P.6.1.28
anESvarya	anaiśvarya	3210	1	P.7.3.30
anEpuRa	anaipuṇa	3209	1	P.7.3.30
anUcAna	anūcāna	3135	1	P.3.2.109
anUpa	anūpa	3148	1	P.6.3.98
ana	ana	2200	1	P.7.2.112
anaBimlAta	anabhimlāta	63390	1	P.4.1.112
anaSnant	anaśnant	2442	1	P.8.1.65
anajakA	anajakā	2237	1	P.7.3.47
anantaga	anantaga	2265	1	P.3.2.48
anantakara	anantakara	2264	1	P.3.2.21
anantara	anantara	2278	1	P.1.1.7
anantaram	anantaram	2281	1	P.5.1.114
anapeta	anapeta	2342	1	P.4.4.92
anaquhI	anaḍuhī	2243	1	P.7.1.98
anaqvAh	anaḍvāh	2245	4	P.7.1.82|P.7.1.98|P.7.1.99|P.8.2.72
anaqvAhI	anaḍvāhī	2246	1	P.7.1.98
anarTaka	anarthaka	2372	2	P.1.4.93|P.2.4.66
anavasTita	anavasthita	2429	1	P.8.2.84
anehas	anehas	3208	1	P.7.1.94
aneka	aneka	3183	2	P.1.1.50|P.1.1.55
anfc	anṛc	3167	1	P.5.4.74
anfca	anṛca	3168	1	P.5.4.74
anfcka	anṛcka	3169	1	P.5.4.74
anfju	anṛju	3170	1	P.5.2.75
anirudDa	aniruddha	2646	1	P.4.1.114
anitya	anitya	2610	4	P.2.1.3|P.3.1.127|P.5.4.31|P.6.1.147
aniyata	aniyata	2640	1	P.5.2.21
annAda	annāda	3517	1	P.3.2.68
anna	anna	3489	2	P.2.1.34|P.6.2.161
annamala	annamala	3508	1	P.6.1.148
annamaya	annamaya	3507	1	P.5.4.21
anta	anta	3216	5	P.6.2.92|P.6.2.143|P.6.2.180|P.6.2.181|P.8.4.20
antaHpAdam	antaḥpādam	3230	2	P.3.2.66|P.8.3.103
antaga	antaga	3250	1	P.3.2.48
antakara	antakara	3243	1	P.3.2.21
antar	antar	3260	3	P.1.4.65|P.4.3.60|P.8.3.8
antarA	antarā	3276	1	P.2.3.4
antarAla	antarāla	3288	1	P.2.2.6
antarBAva	antarbhāva	3336	1	P.2.1.35
antarBAvita	antarbhāvita	3337	2	P.3.1.89|P.3.2.28
antarDi	antardhi	3334	2	P.1.4.28|P.1.4.71
antarGAta	antarghāta	3317	1	P.3.3.78
antarGaRa	antarghaṇa	3315	1	P.3.3.78
antarGana	antarghana	3316	1	P.3.3.78
antarIpa	antarīpa	3306	1	P.6.3.97
antara	antara	3261	10	P.1.1.36|P.1.1.50|P.1.2.36|P.3.2.179|P.3.4.57|P.4.1.93|P.6.2.166|P.7.1.76|P.8.1.1|P.8.1.55
antaraNga	antaraṅga	63871	3	P.6.1.135|P.7.2.98|P.8.3.74
antaravayava	antaravayava	3274	1	P.5.4.62
antarayaRa	antarayaṇa	3272	1	P.8.4.25
antarayana	antarayana	3273	1	P.8.4.25
antareRa	antareṇa	3309	2	P.2.3.4|P.7.4.77
antargata	antargata	3311	1	P.8.3.8
antarhaRana	antarhaṇana	3368	1	P.8.4.24
antarhanana	antarhanana	3369	1	P.8.4.24
antarloma	antarloma	3352	1	P.5.4.117
antarvaRa	antarvaṇa	3354	2	P.6.2.179|P.8.4.5
antarvant	antarvant	3355	1	P.4.1.32
antevAsin	antevāsin	3419	2	P.4.3.104|P.6.2.36
antika	antika	3404	7	P.2.1.39|P.2.3.34|P.2.3.35|P.5.3.63|P.6.2.49|P.6.3.2|P.8.2.84
antodAtta	antodātta	3420	2	P.1.1.63|P.6.1.199
antya	antya	3421	2	P.1.1.47|P.1.3.3
anu	anu	2696	10	P.1.4.84|P.1.4.85|P.1.4.86|P.1.4.90|P.2.1.6|P.2.1.15|P.2.1.16|P.2.3.43|P.6.2.189|P.6.2.190
anuBava	anubhava	2893	1	P.8.4.46
anuSAsana	anuśāsana	3051	1	P.2.3.66
anuSatika	anuśatika	3044	1	P.7.3.20
anubanDa	anubandha	2883	2	P.1.2.19|P.2.4.54
anubrAhmaRa	anubrāhmaṇa	2889	1	P.4.2.62
anubrAhmaRin	anubrāhmaṇin	2891	1	P.4.2.62
anudAtta	anudātta	2798	6	P.1.2.30|P.1.2.31|P.1.2.38|P.1.3.12|P.3.1.4|P.6.1.59
anudAttatva	anudāttatva	2799	1	P.1.2.31
anudeSa	anudeśa	2806	2	P.1.3.10|P.8.4.41
anugAdin	anugādin	63563	1	P.5.4.13
anugavIna	anugavīna	2752	1	P.5.2.15
anugava	anugava	2751	1	P.5.4.83
anugrAmam	anugrāmam	63576	1	P.4.3.61
anugu	anugu	2756	2	P.5.2.15|P.5.4.83
anujIvin	anujīvin	2772	1	P.3.2.78
anujYA	anujñā	2774	1	P.8.1.43
anuja	anuja	2769	2	P.3.2.100|P.3.2.101
anujyezWa	anujyeṣṭha	2776	1	P.6.2.189
anukAmIna	anukāmīna	2719	1	P.5.2.11
anukAma	anukāma	2717	1	P.5.2.11
anuka	anuka	2698	1	P.5.2.74
anukaTana	anukathana	2700	1	P.2.4.32
anukanIyaMs	anukanīyaṃs	2701	1	P.6.2.189
anukaraRa	anukaraṇa	2709	3	P.1.4.62|P.5.4.57|P.6.1.98
anukarzaRa	anukarṣaṇa	2712	3	P.2.2.4|P.3.1.9|P.6.1.127
anukfzwa	anukṛṣṭa	2731	1	P.8.1.41
anuloma	anuloma	2981	2	P.5.4.38|P.5.4.75
anulomay	anulomay	2984	1	P.3.1.25
anumaDyama	anumadhyama	2906	1	P.6.2.189
anumeya	anumeya	2924	1	P.6.3.80
anunAsika	anunāsika	2823	7	P.1.1.8|P.1.3.2|P.6.1.126|P.6.4.37|P.8.3.2|P.8.4.45|P.8.4.57
anunAsikatva	anunāsikatva	2824	1	P.8.3.10
anupadInA	anupadīnā	2840	1	P.5.2.9
anupadam	anupadam	2836	2	P.5.2.9|P.5.2.90
anupadin	anupadin	2839	1	P.5.2.90
anuprapAda	anuprapāda	2871	1	P.3.4.56
anuprapAta	anuprapāta	2870	1	P.3.4.56
anupravacanIya	anupravacanīya	2875	1	P.5.1.111
anupravacana	anupravacana	2874	1	P.5.1.111
anupraveSa	anupraveśa	2876	1	P.3.4.56
anuprayoga	anuprayoga	2873	4	P.1.3.63|P.2.4.1|P.3.4.4|P.3.4.5
anupuruza	anupuruṣa	2860	1	P.6.2.190
anurADA	anurādhā	2965	2	P.1.2.63|P.4.3.34
anurADa	anurādha	2963	1	P.4.3.34
anurahasa	anurahasa	2956	1	P.5.4.81
anuroDa	anurodha	2972	2	P.1.1.57|P.8.3.61
anuroDin	anurodhin	2975	1	P.3.2.142
anusAma	anusāma	3099	1	P.5.4.75
anusamudram	anusamudram	3094	1	P.4.3.10
anuskanda	anuskanda	3111	1	P.3.4.56
anusvAra	anusvāra	3119	3	P.8.3.4|P.8.3.23|P.8.4.58
anusvAravant	anusvāravant	3120	1	P.8.3.10
anutUlay	anutūlay	2783	1	P.3.1.25
anutta	anutta	2784	1	P.8.2.61
anuvAda	anuvāda	3012	1	P.2.4.3
anuvAka	anuvāka	3003	3	P.4.3.133|P.5.2.60|P.5.2.62
anuvftti	anuvṛtti	3027	2	P.6.3.61|P.8.3.78
anuyAga	anuyāga	2930	1	P.7.3.62
anuyAja	anuyāja	2931	1	P.7.3.62
anuyAyin	anuyāyin	2939	1	P.3.2.78
anuyoga	anuyoga	2944	1	P.8.2.94
anuyoktar	anuyoktar	2943	1	P.8.2.94
anuzWyA	anuṣṭhyā	3080	1	P.7.1.39
anuzaNga	anuṣaṅga	3064	2	P.1.1.46|P.7.1.59
anvAcaya	anvācaya	3631	1	P.2.2.29
anvAdeSa	anvādeśa	3633	1	P.2.4.32
anvAje	anvāje	3632	1	P.1.4.73
anvIpa	anvīpa	3658	1	P.6.3.98
anvaYc	anvañc	3616	1	P.3.4.64
anvagBAvam	anvagbhāvam	3614	1	P.3.4.64
anvavasarga	anvavasarga	3623	1	P.1.4.96
anvaya	anvaya	3618	2	P.2.2.29|P.8.3.44
anvetavE	anvetavai	3660	2	P.3.4.14|P.6.2.51
anvezwar	anveṣṭar	3665	1	P.5.2.90
anyAdfkza	anyādṛkṣa	3595	1	P.3.2.60
anyArTa	anyārtha	3599	1	P.6.3.100
anya	anya	3523	5	P.2.3.29|P.6.3.99|P.6.3.100|P.7.1.25|P.8.1.65
anyaTA	anyathā	3553	2	P.1.1.10|P.5.1.42
anyaTABAva	anyathābhāva	3557	1	P.5.4.53
anyaTAkAram	anyathākāram	3554	1	P.3.4.27
anyad	anyad	3563	2	P.6.3.99|P.6.3.100
anyadA	anyadā	3565	1	P.5.3.15
anyadASA	anyadāśā	3566	1	P.6.3.99
anyadIya	anyadīya	3567	1	P.6.3.99
anyadarTa	anyadartha	3564	1	P.6.3.100
anyadrAga	anyadrāga	3570	1	P.6.3.99
anyadutsuka	anyadutsuka	3568	1	P.6.3.99
anyatama	anyatama	3538	1	P.1.1.50
anyatara	anyatara	3539	2	P.1.1.62|P.7.1.25
anyatarasyAm	anyatarasyām	3542	3	P.1.2.21|P.2.4.69|P.6.2.28
anyataredyus	anyataredyus	3543	1	P.5.3.22
anyatkAraka	anyatkāraka	3550	1	P.6.3.99
anyatra	anyatra	3551	2	P.3.1.82|P.4.2.39
anyedyus	anyedyus	3604	1	P.5.3.22
anyonya	anyonya	3608	1	P.1.3.16
ap	ap	3669	2	P.4.2.27|P.7.4.48
apADvan	apādhvan	4077	1	P.6.2.187
apAMnaptar	apāṃnaptar	4085	1	P.4.2.27
apAMnaptriya	apāṃnaptriya	4086	2	P.4.2.27|P.4.2.28
apANga	apāṅga	4058	1	P.4.1.56
apASyA	apāśyā	4113	1	P.6.2.156
apAYjas	apāñjas	4068	1	P.6.2.187
apAcya	apācya	4066	1	P.4.2.101
apAdAna	apādāna	4076	3	P.1.4.24|P.2.3.28|P.3.4.74
apAkartu	apākartu	4046	1	P.3.4.16
apAmArga	apāmārga	4094	2	P.3.3.121|P.6.2.144
apAna	apāna	4078	1	P.3.1.15
apArTa	apārtha	4103	1	P.5.4.151
apArTaka	apārthaka	4104	1	P.5.4.151
apAya	apāya	4098	1	P.1.4.24
apUpIya	apūpīya	4174	1	P.5.1.4
apUpamaya	apūpamaya	4171	1	P.5.4.21
apUpya	apūpya	4175	1	P.5.1.4
apUrva	apūrva	64271	1	P.8.3.17
apa	apa	3670	6	P.1.4.58|P.1.4.60|P.1.4.88|P.2.1.12|P.2.3.10|P.6.2.33
apaGAta	apaghāta	3707	1	P.3.3.81
apaGana	apaghana	3706	1	P.3.3.81
apaTa	apatha	3757	2	P.2.4.30|P.5.4.72
apaTin	apathin	3758	1	P.5.4.72
apaWa	apaṭha	3734	2	P.6.2.157|P.6.2.158
apacArin	apacārin	3714	1	P.3.2.142
apaca	apaca	3709	2	P.6.2.157|P.6.2.158
apadeSa	apadeśa	3769	1	P.6.2.7
apagAram	apagāram	3704	1	P.6.1.53
apahala	apahala	4025	1	P.6.2.187
apahartar	apahartar	4024	1	P.3.2.135
apahnava	apahnava	4034	1	P.1.3.44
apakAra	apakāra	3680	2	P.1.4.37|P.8.1.8
apakara	apakara	3672	1	P.4.3.32
apakarza	apakarṣa	3675	1	P.4.3.9
apakfzwa	apakṛṣṭa	3687	1	P.1.4.86
apakukzi	apakukṣi	3683	1	P.6.2.187
apalApa	apalāpa	3920	1	P.1.3.44
apalAzin	apalāṣin	3925	1	P.3.2.144
apalAzuka	apalāṣuka	3926	1	P.6.2.160
apalup	apalup	3929	1	P.3.4.12
apamuKa	apamukha	3818	1	P.6.2.186
apanAman	apanāman	3783	1	P.6.2.187
apanaya	apanaya	3780	1	P.8.2.94
apanayana	apanayana	3782	1	P.5.4.49
apapAWa	apapāṭha	3794	1	P.4.4.64
apapUta	apapūta	3798	1	P.6.2.187
aparAhRa	aparāhṇa	3881	3	P.2.1.45|P.2.4.29|P.5.4.88
aparAhRaka	aparāhṇaka	3882	1	P.4.3.28
aparAhRetana	aparāhṇetana	3884	1	P.4.3.24
apara	apara	3824	6	P.1.1.34|P.2.1.58|P.2.2.1|P.4.1.30|P.7.1.16|P.7.2.45
aparahEmana	aparahaimana	3861	1	P.7.3.11
aparakASakftsna	aparakāśakṛtsna	3827	1	P.6.2.104
aparakAnyakubja	aparakānyakubja	3825	1	P.7.3.14
aparakfzRamfttikA	aparakṛṣṇamṛttikā	3830	1	P.6.2.103
aparapAYcAlaka	aparapāñcālaka	3848	1	P.7.3.13
aparapaYcAla	aparapañcāla	3845	1	P.6.2.103
aparapara	aparapara	3846	1	P.6.1.144
apararAtra	apararātra	3853	2	P.2.1.45|P.5.4.87
aparaspara	aparaspara	3859	1	P.6.1.144
aparatra	aparatra	3839	1	P.6.1.194
aparayAyAta	aparayāyāta	3852	1	P.6.2.103
apareRa	apareṇa	3906	1	P.5.3.35
aparedyus	aparedyus	3908	1	P.5.3.22
aparihvfta	aparihvṛta	3901	1	P.7.2.32
apariyARi	apariyāṇi	3896	1	P.8.4.29
aparokza	aparokṣa	64144	1	P.3.2.119
apasIra	apasīra	3998	1	P.6.2.187
apasPiga	apasphiga	4010	1	P.6.2.187
apasada	apasada	3986	1	P.2.1.53
apaskara	apaskara	4001	1	P.6.1.149
apatrApya	apatrāpya	3755	1	P.3.1.126
apatrapizRu	apatrapiṣṇu	3754	1	P.3.2.136
apatya	apatya	3745	1	P.4.1.162
apavAda	apavāda	3940	7	P.1.1.47|P.1.2.7|P.3.1.86|P.3.1.94|P.3.2.135|P.3.3.20|P.6.1.197
apavIRa	apavīṇa	3955	1	P.6.2.187
apavarga	apavarga	3935	2	P.2.3.6|P.3.4.60
apavidDa	apaviddha	3953	1	P.8.4.8
apazWa	apaṣṭha	3980	1	P.8.3.97
apekzA	apekṣā	4187	4	P.1.1.34|P.3.2.60|P.4.1.115|P.4.4.78
apfkta	apṛkta	4184	5	P.1.2.41|P.6.1.67|P.6.1.68|P.7.3.91|P.7.3.96
api	api	4120	10	P.1.1.57|P.1.2.36|P.1.4.59|P.1.4.60|P.1.4.96|P.3.3.19|P.3.3.142|P.3.3.152|P.3.3.154|P.7.1.53
apigfhya	apigṛhya	4125	1	P.3.1.118
aponaptrIya	aponaptrīya	4205	1	P.4.2.28
aponaptriya	aponaptriya	4204	1	P.4.2.27
aprajas	aprajas	4252	1	P.5.4.122
aprayARi	aprayāṇi	4314	2	P.3.3.112|P.8.4.29
aprayApaRi	aprayāpaṇi	4315	2	P.3.3.112|P.8.4.30
apya	apya	4229	1	P.4.4.134
ar	ar	5535	16	P.3.1.22|P.3.1.56|P.6.1.3|P.6.1.209|P.6.1.210|P.7.1.38|P.7.2.66|P.7.2.74|P.7.3.36|P.7.3.86|P.7.4.11|P.7.4.16|P.7.4.29|P.7.4.30|P.7.4.65|P.7.4.77
arAla	arāla	64984	1	P.4.1.73
arC	arch	5843	5	P.1.3.29|P.3.1.36|P.6.1.91|P.7.3.78|P.7.4.11
arD	ardh	5940	3	P.7.2.49|P.7.4.55|P.7.4.71
arDa	ardha	5942	6	P.1.1.33|P.1.2.32|P.2.2.2|P.5.4.5|P.7.3.26|P.7.3.27
arDaBAj	ardhabhāj	5975	2	P.3.2.62|P.6.1.67
arDaKAra	ardhakhāra	5949	1	P.5.4.101
arDadrORika	ardhadrauṇika	5963	1	P.7.3.26
arDakOqavika	ardhakauḍavika	5948	1	P.7.3.27
arDakaMsika	ardhakaṃsika	5944	1	P.7.3.27
arDamAsatama	ardhamāsatama	5982	1	P.5.2.57
arDanAva	ardhanāva	5967	1	P.5.4.100
arDapAYcAlaka	ardhapāñcālaka	5969	1	P.7.3.12
arDaprasTika	ardhaprasthika	5972	1	P.7.3.27
arDarca	ardharca	5987	2	P.2.4.31|P.5.4.74
arDika	ardhika	6001	1	P.5.1.48
arDya	ardhya	6009	3	P.4.3.4|P.4.3.5|P.4.3.6
arGya	arghya	5817	3	P.5.1.66|P.5.4.25|P.6.1.213
arIhaRa	arīhaṇa	5702	1	P.4.2.80
arRava	arṇava	5862	1	P.5.2.109
arSasa	arśasa	6064	1	P.5.2.127
arTa	artha	5881	9	P.1.2.6|P.1.2.56|P.1.2.62|P.1.4.60|P.2.1.30|P.2.1.36|P.2.3.73|P.6.2.44|P.6.2.153
arTakara	arthakara	5882	1	P.3.2.20
arTavant	arthavant	5906	1	P.1.2.45
arTavattva	arthavattva	5905	1	P.8.2.85
arTika	arthika	65151	1	P.4.4.10
arTya	arthya	5934	1	P.4.4.92
araRyAni	araṇyāni	5594	1	P.4.1.49
araRyetilaka	araṇyetilaka	5597	3	P.2.1.44|P.5.3.97|P.6.3.9
araraka	araraka	5622	1	P.4.1.105
aratni	aratni	5604	2	P.6.2.29|P.6.2.30
aravinda	aravinda	5631	1	P.3.1.138
aravindinI	aravindinī	5632	1	P.5.2.135
arc	arc	5818	3	P.6.1.3|P.6.1.36|P.7.1.38
arcA	arcā	65064	2	P.2.3.43|P.5.2.101
ard	ard	5935	4	P.3.1.51|P.7.2.24|P.7.2.25|P.7.4.71
arh	arh	6075	2	P.3.4.65|P.6.1.36
arha	arha	6076	1	P.3.2.12
arhaRa	arhaṇa	65234	1	P.3.3.111
arhant	arhant	6079	1	P.3.2.133
ariMdama	ariṃdama	5669	1	P.3.2.46
aritra	aritra	5665	1	P.3.2.184
arizwASritapura	ariṣṭāśritapura	5695	1	P.6.2.100
arizwapura	ariṣṭapura	5688	1	P.6.2.100
arizwatAti	ariṣṭatāti	5686	2	P.4.4.143|P.4.4.144
arjuna	arjuna	5852	1	P.2.4.66
arjunaka	arjunaka	5853	2	P.4.3.98|P.6.1.197
arka	arka	5770	1	P.2.4.4
arma	arma	6021	3	P.6.2.90|P.6.2.91|P.8.2.2
aroka	aroka	5760	1	P.5.4.144
art	art	5873	3	P.1.2.24|P.3.1.29|P.3.1.31
aruMtuda	aruṃtuda	5730	2	P.3.2.35|P.6.3.67
aruzkara	aruṣkara	5743	1	P.3.2.21
arvan	arvan	6041	1	P.6.4.127
aryARI	aryāṇī	6036	1	P.4.1.49
arya	arya	6026	2	P.3.1.103|P.4.1.49
aryaSveta	aryaśveta	6035	1	P.4.1.112
aryamadatta	aryamadatta	6030	1	P.5.3.84
aryaman	aryaman	6032	2	P.5.3.84|P.6.4.12
aryamika	aryamika	6033	1	P.5.3.84
as	as	7257	19	P.1.4.91|P.2.1.24|P.2.2.1|P.2.3.56|P.2.4.52|P.3.1.20|P.3.1.52|P.3.2.129|P.3.3.65|P.3.3.146|P.5.4.51|P.5.4.55|P.6.4.119|P.7.3.96|P.7.3.97|P.7.4.17|P.7.4.50|P.7.4.52|P.8.3.87
asAMprata	asāṃprata	7372	1	P.2.3.1
asAMtApika	asāṃtāpika	7369	1	P.6.2.155
asOkar	asaukar	7475	1	P.1.4.74
asTan	asthan	7520	2	P.7.1.75|P.7.1.76
asTanvant	asthanvant	7521	1	P.8.2.16
asTika	asthika	7526	1	P.5.4.29
asUryaMpaSyA	asūryaṃpaśyā	7461	1	P.3.2.36
asUta	asūta	7450	1	P.6.2.42
asUy	asūy	7452	2	P.1.4.37|P.3.1.27
asUyA	asūyā	7454	3	P.1.4.37|P.3.4.28|P.8.1.8
asUyaka	asūyaka	7453	1	P.3.2.146
asaMprati	asaṃprati	7343	1	P.2.1.6
asaMvyAhArin	asaṃvyāhārin	7265	1	P.3.1.134
asahAya	asahāya	7362	2	P.1.1.21|P.5.1.113
asahana	asahana	7361	1	P.8.1.8
asakTa	asaktha	7276	1	P.5.4.121
asan	asan	7305	1	P.6.1.63
asani	asani	7310	1	P.4.2.80
asant	asant	7311	1	P.1.4.63
asiknikA	asiknikā	7377	1	P.4.1.39
asipatravana	asipatravana	7403	2	P.6.3.117|P.8.4.4
asma	asma	7554	3	P.1.1.27|P.1.2.59|P.7.1.39
asmadIya	asmadīya	7559	1	P.4.3.1
asta	asta	7481	1	P.1.4.68
astaraRa	astaraṇa	7492	1	P.5.1.97
astitva	astitva	7502	1	P.6.2.21
asura	asura	7429	1	P.5.3.117
asurya	asurya	7445	2	P.4.4.123|P.5.1.2
asvaka	asvaka	7598	1	P.7.3.47
asyahatya	asyahatya	7574	1	P.7.3.20
asyavAmIya	asyavāmīya	65966	2	P.5.2.29|P.5.2.59
atIsAra	atīsāra	1518	1	P.5.2.129
atIsArakin	atīsārakin	1519	1	P.5.2.129
atas	atas	1211	3	P.2.1.12|P.2.4.33|P.5.3.5
atfRyA	atṛṇyā	1529	1	P.6.2.156
ati	ati	1215	6	P.1.4.95|P.2.1.6|P.2.2.18|P.5.4.69|P.6.2.144|P.6.2.191
atiKawva	atikhaṭva	1237	2	P.1.2.48|P.6.2.2
atiSAyana	atiśāyana	1459	1	P.5.3.55
atiSItam	atiśītam	1461	1	P.2.1.6
atiSaya	atiśaya	1452	1	P.5.3.55
atiSrI	atiśrī	1465	1	P.1.2.48
atiSva	atiśva	1468	1	P.5.4.96
aticArin	aticārin	1257	1	P.3.2.142
atideSa	atideśa	1305	3	P.1.1.56|P.1.1.57|P.1.2.51
atigo	atigo	1246	1	P.5.4.69
atigraha	atigraha	1247	1	P.5.4.46
atijara	atijara	1264	1	P.7.2.101
atikAraka	atikāraka	1223	1	P.6.2.191
atikaSa	atikaśa	1221	1	P.6.2.191
atikramaRa	atikramaṇa	1233	2	P.1.4.95|P.5.4.60
atilakzmI	atilakṣmī	1411	1	P.1.2.48
atima	atima	1361	2	P.7.2.90|P.7.2.97
atinO	atinau	1315	2	P.1.1.48|P.1.2.47
atinidram	atinidram	1313	1	P.2.1.6
atipAta	atipāta	1323	1	P.3.3.38
atipada	atipada	1321	1	P.6.2.191
atipatti	atipatti	1318	1	P.3.3.139
atirAjakumAri	atirājakumāri	1395	1	P.1.2.48
atirAjan	atirājan	1397	3	P.2.2.18|P.4.1.12|P.5.4.69
atirAjay	atirājay	1398	1	P.7.4.2
atirE	atirai	1408	2	P.1.1.48|P.1.2.47
atisarga	atisarga	1481	1	P.3.3.163
atitvam	atitvam	1281	1	P.7.2.97
atityad	atityad	1280	1	P.7.2.102
ativayam	ativayam	1421	2	P.7.2.90|P.7.2.97
ativftti	ativṛtti	1435	1	P.2.1.6
ativyApti	ativyāpti	1444	1	P.6.3.35
ativyaTana	ativyathana	1441	1	P.5.4.61
atiyUyam	atiyūyam	1389	2	P.7.2.90|P.7.2.97
atra	atra	1607	4	P.2.1.25|P.2.4.33|P.5.3.5|P.8.1.67
atri	atri	1615	2	P.1.1.63|P.2.4.65
atyADAna	atyādhāna	1587	2	P.1.4.75|P.3.3.80
atyAkAra	atyākāra	1583	1	P.5.1.134
atyAsa	atyāsa	1594	1	P.3.4.57
atyAya	atyāya	1589	1	P.3.1.141
atyaNkuSa	atyaṅkuśa	1556	1	P.6.2.191
atyaham	atyaham	1581	2	P.7.2.90|P.7.2.97
atyahna	atyahna	1582	1	P.5.4.88
atyantIna	atyantīna	1568	1	P.5.2.11
atyanta	atyanta	1559	2	P.2.1.29|P.2.3.5
atyantaga	atyantaga	1560	1	P.3.2.48
atyantagati	atyantagati	1562	1	P.5.4.4
atyaya	atyaya	1571	1	P.2.1.6
atyayin	atyayin	1573	1	P.3.2.157
av	av	6233	1	P.6.1.116
avAYc	avāñc	6682	1	P.2.1.10
avAcIna	avācīna	6678	1	P.5.4.8
avArIRa	avārīṇa	6704	1	P.5.2.11
avArapArIRa	avārapārīṇa	6702	3	P.4.2.93|P.4.3.25|P.5.2.11
avArapAra	avārapāra	6701	2	P.4.2.93|P.5.2.11
avAvan	avāvan	6708	1	P.6.4.41
ava	ava	6234	2	P.1.4.57|P.1.4.60
avaBfTa	avabhṛtha	6464	1	P.6.2.144
avaBrawa	avabhraṭa	6467	1	P.5.2.31
avaDAraRa	avadhāraṇa	6391	4	P.2.1.8|P.6.1.80|P.8.1.62|P.8.3.61
avaDfzya	avadhṛṣya	6400	1	P.8.1.18
avaDi	avadhi	6395	4	P.1.1.34|P.1.4.24|P.4.2.124|P.5.3.35
avaDimant	avadhimant	6396	1	P.5.3.35
avaSyAya	avaśyāya	6593	1	P.3.1.141
avaSyam	avaśyam	6591	2	P.6.1.80|P.7.3.65
avaSyaputra	avaśyaputra	6590	1	P.5.1.133
avaboDa	avabodha	6453	1	P.1.3.47
avacUrRay	avacūrṇay	6318	1	P.3.1.25
avacakzaRa	avacakṣaṇa	6304	2	P.8.1.27|P.8.1.57
avacakze	avacakṣe	6305	1	P.3.4.15
avadya	avadya	6377	1	P.3.1.101
avagAhe	avagāhe	6288	1	P.3.4.14
avagfhya	avagṛhya	6293	1	P.3.1.119
avagrAha	avagrāha	6297	2	P.3.3.45|P.3.3.51
avagraha	avagraha	6295	5	P.3.3.45|P.3.3.51|P.6.3.98|P.8.3.109|P.8.4.26
avahAra	avahāra	6658	1	P.3.1.141
avajYAna	avajñāna	6329	1	P.3.3.55
avakASa	avakāśa	6249	2	P.1.4.1|P.1.4.2
avakawa	avakaṭa	6239	1	P.5.2.30
avaklapti	avaklapti	6257	2	P.3.3.145|P.8.1.62
avakraya	avakraya	6265	1	P.4.4.50
avakuwAra	avakuṭāra	6254	1	P.5.2.30
avakzepaRa	avakṣepaṇa	6272	3	P.1.3.32|P.5.3.95|P.6.2.195
avaloma	avaloma	6573	1	P.5.4.75
avama	avama	6468	2	P.4.3.8|P.6.2.25
avanAwa	avanāṭa	6415	1	P.5.2.31
avanAya	avanāya	6416	1	P.3.3.26
avana	avana	6408	1	P.1.3.66
avantI	avantī	6436	2	P.4.1.65|P.4.1.176
avanti	avanti	6427	1	P.4.1.171
avantibrahma	avantibrahma	6432	1	P.5.4.104
avarArDa	avarārdha	6511	1	P.5.4.57
avarArDya	avarārdhya	6512	1	P.4.3.5
avara	avara	65483	6	P.1.1.34|P.2.1.31|P.3.3.136|P.3.3.137|P.3.4.20|P.7.1.16
avarahasa	avarahasa	6510	1	P.5.4.81
avarastAt	avarastāt	6508	2	P.5.3.29|P.5.3.41
avaratas	avaratas	6499	1	P.5.3.29
avarohita	avarohita	6533	1	P.4.2.90
avas	avas	6602	2	P.5.3.39|P.8.2.70
avasAma	avasāma	6625	1	P.5.4.75
avasAna	avasāna	65549	4	P.1.4.110|P.4.3.93|P.8.3.15|P.8.4.56
avasAya	avasāya	6626	1	P.3.1.141
avasTa	avastha	6643	3	P.5.4.146|P.6.1.24|P.6.2.115
avasita	avasita	6628	1	P.1.4.85
avaskara	avaskara	6635	1	P.6.1.148
avaskaraka	avaskaraka	6636	1	P.4.3.28
avastAra	avastāra	6640	1	P.3.3.120
avastAt	avastāt	6639	1	P.5.3.40
avasyandana	avasyandana	6650	1	P.4.2.138
avasyu	avasyu	6651	1	P.6.1.116
avatAra	avatāra	6353	1	P.3.3.120
avatamasa	avatamasa	6344	1	P.5.4.79
avataptenakulasTita	avataptenakulasthita	6343	1	P.2.1.47
avatsIya	avatsīya	6363	1	P.6.2.155
avawIwa	avaṭīṭa	6333	1	P.5.2.31
avayAj	avayāj	6490	2	P.3.2.72|P.8.2.67
avayava	avayava	6487	4	P.1.1.46|P.2.2.1|P.4.1.173|P.5.1.6
avayavin	avayavin	6488	1	P.2.2.1
aviTyA	avithyā	6744	1	P.5.1.8
avika	avika	6714	1	P.5.4.28
avikaworaRa	avikaṭoraṇa	6716	1	P.6.3.10
avikzipa	avikṣipa	6722	2	P.6.2.157|P.6.2.158
aviliKa	avilikha	6789	2	P.6.2.157|P.6.2.158
avoda	avoda	6842	1	P.6.4.29
avoza	avoṣa	6844	1	P.5.1.4
avrIqa	avrīḍa	6876	1	P.4.2.53
avrata	avrata	6871	1	P.6.1.116
avyaTin	avyathin	6857	1	P.3.2.157
avyaTizyE	avyathiṣyai	6859	1	P.3.4.10
avyaTya	avyathya	6860	1	P.3.1.114
avyakta	avyakta	6847	2	P.5.4.57|P.6.1.98
avyayIBAva	avyayībhāva	6865	4	P.1.1.41|P.2.1.5|P.2.1.83|P.2.4.18
avyaya	avyaya	6863	7	P.1.1.37|P.2.1.6|P.2.2.11|P.2.3.69|P.2.4.82|P.4.2.104|P.6.2.2
aw	aṭ	1087	9	P.1.1.59|P.3.1.22|P.6.1.2|P.6.1.8|P.6.1.11|P.6.1.90|P.7.2.2|P.7.4.60|P.7.4.70
awwAlikAbanDa	aṭṭālikābandha	1125	1	P.3.4.42
ayATApurya	ayāthāpurya	5474	1	P.7.3.31
ayATataTya	ayāthatathya	5473	1	P.7.3.31
ayAnayIna	ayānayīna	5477	1	P.5.2.9
ayAnaya	ayānaya	64934	1	P.5.2.9
ayaHSUla	ayaḥśūla	5448	1	P.5.2.76
ayaTApuram	ayathāpuram	64910	1	P.7.3.31
ayaTAtaTam	ayathātatham	64908	1	P.7.3.31
ayaskAma	ayaskāma	5455	1	P.8.3.46
ayaskAra	ayaskāra	5456	2	P.2.4.10|P.8.3.46
ayaskaMsa	ayaskaṃsa	5451	1	P.8.3.46
ayaskarRI	ayaskarṇī	5452	1	P.8.3.46
ayaskumBa	ayaskumbha	5457	1	P.8.3.46
ayasmaya	ayasmaya	5462	1	P.1.4.20
ayaspAtra	ayaspātra	5461	1	P.8.3.46
ayasya	ayasya	5463	1	P.5.4.30
ayoGana	ayoghana	5516	1	P.3.3.82
ayodatI	ayodatī	5519	1	P.5.4.143
ayukta	ayukta	5483	1	P.4.2.64
azAQa	aṣāḍha	7192	1	P.4.3.34
azWIvant	aṣṭhīvant	7255	1	P.8.2.12
azaqakzIRa	aṣaḍakṣīṇa	7190	1	P.5.4.7
azwApAd	aṣṭāpād	7239	1	P.5.4.139
azwAvakra	aṣṭāvakra	7243	1	P.6.3.125
azwaDA	aṣṭadhā	7210	2	P.5.3.42|P.5.3.43
azwaka	aṣṭaka	7195	2	P.4.2.65|P.5.1.58
azwakarRa	aṣṭakarṇa	7196	1	P.6.3.115
azwakika	aṣṭakika	7199	1	P.5.2.116
azwakya	aṣṭakya	7202	1	P.5.1.2
azwama	aṣṭama	7215	2	P.5.3.51|P.5.3.52
azwan	aṣṭan	7211	6	P.6.3.47|P.6.3.49|P.6.3.125|P.6.3.126|P.7.1.21|P.7.2.84
azwatva	aṣṭatva	7207	1	P.7.2.84
bABrava	bābhrava	52427	2	P.4.1.106|P.6.2.37
bABravyAyaRI	bābhravyāyaṇī	52432	2	P.4.1.18|P.4.1.106
bABravya	bābhravya	52430	5	P.4.1.105|P.4.1.106|P.4.2.53|P.6.1.79|P.6.4.146
bABravyaka	bābhravyaka	52431	1	P.4.2.53
bABruka	bābhruka	52433	1	P.5.3.108
bAD	bādh	52395	8	P.1.2.9|P.2.2.3|P.3.1.6|P.4.3.16|P.6.1.198|P.7.2.90|P.7.3.29|P.7.4.2
bADa	bādha	52397	2	P.1.4.93|P.3.3.11
bADaka	bādhaka	52399	3	P.3.1.94|P.4.2.38|P.6.1.159
bADana	bādhana	52402	2	P.4.1.4|P.4.2.38
bADiraka	bādhiraka	52407	1	P.4.2.80
bADirika	bādhirika	52408	1	P.4.1.112
bADirya	bādhirya	52409	1	P.5.1.123
bADyogAyana	bādhyogāyana	121273	2	P.4.1.100|P.7.3.20
bADyoga	bādhyoga	52412	1	P.4.1.104
bAQa	bāḍha	52369	2	P.5.3.63|P.7.2.18
bAdarAyaRa	bādarāyaṇa	52391	1	P.4.1.99
bAdarika	bādarika	52394	1	P.4.4.32
bAhIka	bāhīka	52579	6	P.1.1.75|P.3.3.78|P.4.1.6|P.4.2.110|P.4.2.117|P.5.3.114
bAhava	bāhava	52574	1	P.5.1.122
bAhavi	bāhavi	52575	1	P.4.1.96
bAhu	bāhu	52580	2	P.4.1.67|P.4.1.96
bAhuBAzya	bāhubhāṣya	52613	1	P.5.1.124
bAhugarta	bāhugarta	52590	1	P.4.2.137
bAhukIwa	bāhukīṭa	52584	1	P.4.2.110
bAhuka	bāhuka	52582	2	P.4.2.80|P.4.4.7
bAhukara	bāhukara	52583	1	P.3.2.21
bAhukuleyaka	bāhukuleyaka	52588	1	P.4.1.140
bAhula	bāhula	52624	2	P.4.2.75|P.5.1.122
bAhulaka	bāhulaka	52625	2	P.2.1.32|P.5.1.133
bAhulya	bāhulya	52631	2	P.2.4.22|P.4.3.39
bAhurUpya	bāhurūpya	52623	1	P.4.2.106
bAhuvartaka	bāhuvartaka	52632	1	P.4.2.126
bAhvfcya	bāhvṛcya	52660	1	P.4.3.129
bAhya	bāhya	52648	7	P.1.1.9|P.1.1.36|P.1.1.68|P.3.1.119|P.4.3.60|P.5.1.19|P.7.3.29
bAkAyana	bākāyana	121262	1	P.4.1.99
bAka	bāka	121260	1	P.4.2.37
bAlAki	bālāki	52523	2	P.2.4.66|P.4.1.96
bAlAyani	bālāyani	52529	1	P.4.1.154
bAlIvardineya	bālīvardineya	52538	2	P.4.1.123|P.4.1.126
bAla	bāla	121276	3	P.3.1.140|P.4.1.4|P.5.1.122
bAlbajaBArika	bālbajabhārika	52550	1	P.5.1.50
bAlbajika	bālbajika	52551	1	P.5.1.50
bAleya	bāleya	52541	2	P.4.1.136|P.5.1.13
bAlhIka	bālhīka	52557	3	P.2.2.31|P.5.3.117|P.8.4.9
bAliSa	bāliśa	52534	1	P.5.1.124
bAliSya	bāliśya	52537	1	P.5.1.124
bAliman	bāliman	52533	1	P.5.1.122
bAlya	bālya	52552	1	P.5.1.128
bAnDakeya	bāndhakeya	52416	1	P.4.1.123
bAnDaki	bāndhaki	52414	1	P.2.4.61
bAnDakineya	bāndhakineya	52415	1	P.4.1.126
bAnDava	bāndhava	52417	1	P.5.4.38
bAnDukineya	bāndhukineya	52421	1	P.4.1.126
bAnDupata	bāndhupata	52422	1	P.4.1.84
bArhadagna	bārhadagna	52442	1	P.4.2.111
bArhata	bārhata	52439	2	P.4.1.86|P.4.3.164
bArhavata	bārhavata	52450	1	P.5.2.61
bArhiRa	bārhiṇa	52453	1	P.4.3.152
bAstAyana	bāstāyana	52569	1	P.4.1.110
bAzkaya	bāṣkaya	52561	1	P.4.1.86
bAzpAy	bāṣpāy	79929	1	P.3.1.16
bEjIya	baijīya	53182	1	P.4.2.138
bEjavApIya	baijavāpīya	53179	2	P.4.3.131|P.5.3.116
bEjavApi	baijavāpi	53178	2	P.4.2.80|P.4.3.131
bEjeya	baijeya	53183	1	P.4.1.123
bEji	baiji	53180	2	P.4.2.80|P.4.2.138
bElAyana	bailāyana	53190	1	P.4.2.80
bElvAyana	bailvāyana	53202	1	P.4.1.110
bElva	bailva	53193	4	P.4.1.110|P.4.2.67|P.4.3.136|P.4.3.151
bElvaja	bailvaja	53196	1	P.4.2.53
bElvajaka	bailvajaka	53197	1	P.4.2.53
bElvaka	bailvaka	53194	2	P.4.2.80|P.6.4.153
bElvaki	bailvaki	53195	1	P.2.4.61
bElvamaya	bailvamaya	53198	1	P.4.3.155
bElvavana	bailvavana	53200	1	P.4.2.53
bElvavanaka	bailvavanaka	53201	1	P.4.2.53
bElvayata	bailvayata	53199	1	P.4.1.80
bElya	bailya	53191	1	P.4.1.110
bEmbaki	baimbaki	53189	1	P.4.1.97
bEndavIya	baindavīya	53188	1	P.5.3.116
bEndava	baindava	53186	1	P.4.1.104
bEndavi	baindavi	53187	1	P.5.3.116
bEqAlikarRakakanTa	baiḍālikarṇakakantha	121303	1	P.6.2.125
bIjASva	bījāśva	52828	1	P.4.1.120
bIjAkar	bījākar	52819	1	P.5.4.58
bIjala	bījala	52809	1	P.5.2.97
bIjaruha	bījaruha	52807	1	P.1.4.74
bIjavApin	bījavāpin	52813	1	P.4.2.80
bIjika	bījika	52829	1	P.4.2.80
bIjya	bījya	52832	1	P.5.1.2
bOBukza	baubhukṣa	53265	1	P.4.4.62
bODi	baudhi	53260	1	P.4.1.107
bODya	baudhya	53264	2	P.4.1.107|P.4.3.92
baBru	babhru	51818	4	P.4.1.105|P.4.1.106|P.5.3.108|P.6.1.12
baBruSa	babhruśa	51829	1	P.5.2.100
baDira	badhira	51743	2	P.2.2.38|P.4.2.80
baDiraka	badhiraka	51744	2	P.2.4.69|P.4.1.112
baDiriman	badhiriman	51748	1	P.5.1.123
baDyoga	badhyoga	121220	2	P.4.1.105|P.7.3.20
baMhIyaMs	baṃhīyaṃs	51689	1	P.6.4.157
baMhiman	baṃhiman	51687	1	P.6.4.157
baMhizWa	baṃhiṣṭha	51688	1	P.6.4.157
badarIprasTa	badarīprastha	51716	1	P.6.2.87
badarIvaRa	badarīvaṇa	51718	1	P.8.4.6
badara	badara	51703	4	P.4.1.41|P.4.1.99|P.4.3.163|P.6.2.85
badarakuRa	badarakuṇa	51704	1	P.5.2.24
bahiraNga	bahiraṅga	52072	3	P.6.1.71|P.7.2.98|P.7.4.29
bahirgrAmam	bahirgrāmam	52077	1	P.2.1.12
bahirloma	bahirloma	52091	1	P.5.4.117
bahirniHsAraRa	bahirniḥsāraṇa	52082	1	P.5.4.62
bahiryoga	bahiryoga	52088	2	P.1.1.36|P.2.4.63
bahis	bahis	52123	4	P.1.1.37|P.2.1.12|P.3.1.119|P.8.3.41
bahizkaraRa	bahiṣkaraṇa	52105	1	P.2.4.10
bahizpala	bahiṣpala	52116	1	P.8.3.48
bahu	bahu	52129	5	P.4.1.45|P.5.3.68|P.5.4.20|P.6.2.30|P.6.2.175
bahuBAzin	bahubhāṣin	52236	2	P.5.1.124|P.5.2.125
bahuBastrakA	bahubhastrakā	52235	1	P.7.3.47
bahuDA	bahudhā	52193	1	P.5.4.20
bahuSas	bahuśas	52316	1	P.5.4.42
bahuTA	bahuthā	52181	1	P.5.3.23
bahuguRa	bahuguṇa	52153	1	P.6.2.176
bahukIwa	bahukīṭa	52139	1	P.4.2.110
bahuka	bahuka	52130	3	P.1.1.23|P.5.1.22|P.7.3.44
bahukara	bahukara	52134	1	P.3.2.21
bahukulIna	bahukulīna	52140	1	P.4.1.140
bahula	bahula	52275	8	P.2.4.39|P.2.4.73|P.2.4.76|P.3.2.88|P.4.3.34|P.5.2.122|P.6.1.34|P.7.1.8
bahupraja	bahupraja	52223	1	P.5.4.123
bahuprajas	bahuprajas	52224	1	P.5.4.123
bahusUkta	bahusūkta	52335	1	P.6.2.176
bahusamudAcAra	bahusamudācāra	52327	1	P.6.2.176
bahutas	bahutas	52170	2	P.5.3.7|P.5.3.8
bahutiTa	bahutitha	52173	1	P.5.2.52
bahutrA	bahutrā	52176	1	P.5.4.56
bahutra	bahutra	52175	1	P.5.3.10
bahutva	bahutva	52178	1	P.1.2.51
bahuvacana	bahuvacana	52292	4	P.1.4.21|P.1.4.58|P.1.4.63|P.1.4.102
bahuvi	bahuvi	52301	1	P.1.3.19
bahuvista	bahuvista	52306	1	P.5.1.31
bahuvrIhi	bahuvrīhi	52311	14	P.1.1.28|P.2.2.23|P.2.2.35|P.4.1.12|P.4.1.25|P.4.1.52|P.5.4.73|P.5.4.113|P.6.2.1|P.6.2.106|P.6.2.138|P.6.2.162|P.6.2.197|P.8.1.9
bahvaDyAya	bahvadhyāya	52350	1	P.6.2.176
bahvakzara	bahvakṣara	52347	1	P.6.2.176
bahvfc	bahvṛc	52362	1	P.5.4.74
bahvfca	bahvṛca	52363	4	P.1.2.36|P.4.4.115|P.6.1.116|P.6.4.5
bakanaKa	bakanakha	79787	1	P.2.4.68
bakasakTa	bakasaktha	79797	1	P.2.4.63
bakulita	bakulita	79804	1	P.5.2.36
balAhaka	balāhaka	79870	1	P.6.3.109
balAka	balāka	51951	2	P.4.1.96|P.5.2.116
balAkin	balākin	51955	1	P.5.2.116
balIvardin	balīvardin	52026	1	P.4.1.123
balIyaMs	balīyaṃs	52022	1	P.1.1.50
balUla	balūla	52029	2	P.5.2.97|P.5.2.122
bala	bala	51896	4	P.1.1.10|P.1.1.37|P.2.4.31|P.3.1.140
balaja	balaja	51909	1	P.7.3.25
balasa	balasa	51942	1	P.4.2.80
balavant	balavant	51931	1	P.5.2.136
balbaja	balbaja	52032	2	P.4.2.80|P.4.3.144
balbajamaya	balbajamaya	52033	1	P.4.3.144
balbajika	balbajika	52034	1	P.4.2.80
bali	bali	51986	2	P.2.1.36|P.4.1.136
balikara	balikara	51988	1	P.3.2.21
balin	balin	51994	1	P.5.2.136
balivarda	balivarda	52009	1	P.4.1.126
balya	balya	52037	1	P.4.2.80
banD	bandh	51753	20	P.2.1.6|P.2.1.41|P.2.2.11|P.2.3.24|P.2.3.25|P.2.4.2|P.2.4.25|P.3.1.44|P.3.4.41|P.4.2.70|P.4.2.80|P.5.1.9|P.6.1.115|P.6.1.141|P.6.1.150|P.6.1.160|P.6.2.32|P.6.3.13|P.6.3.19|P.7.2.10
banDaka	bandhaka	51754	3	P.4.1.123|P.4.1.126|P.4.4.89
banDana	bandhana	51759	3	P.1.4.78|P.3.1.119|P.4.4.96
banDu	bandhu	51773	3	P.5.4.9|P.6.1.14|P.6.2.109
banDuka	bandhuka	51774	2	P.4.1.126|P.4.2.80
banDupati	bandhupati	51783	1	P.4.1.84
banDutA	bandhutā	51779	1	P.4.2.43
barbara	barbara	79843	2	P.2.2.38|P.4.2.80
barbarila	barbarila	79847	1	P.4.2.80
barh	barh	121233	3	P.5.1.123|P.6.3.111|P.7.2.21
barhavant	barhavant	51865	1	P.5.2.61
barhiHzWa	barhiḥṣṭha	51889	1	P.8.3.97
barhis	barhis	51891	2	P.1.1.20|P.7.4.46
barhizpala	barhiṣpala	51885	1	P.8.3.48
barhizya	barhiṣya	51887	2	P.4.4.119|P.5.1.2
barsa	barsa	51851	1	P.8.3.59
basta	basta	52054	1	P.4.1.110
bata	bata	51700	2	P.1.1.37|P.1.4.57
baw	baṭ	51695	1	P.1.4.57
bazkaya	baṣkaya	52050	1	P.4.1.86
bazkayiRI	baṣkayiṇī	52052	1	P.2.1.65
beBiditavya	bebhiditavya	79980	1	P.6.4.49
bfMhaRIya	bṛṃhaṇīya	52978	1	P.8.4.2
bfMhaRa	bṛṃhaṇa	52976	1	P.8.4.2
bfhadagni	bṛhadagni	53059	1	P.4.2.111
bfhant	bṛhant	53140	1	P.4.1.41
bfhaspati	bṛhaspati	53157	2	P.6.1.157|P.6.2.140
bfhaspatisava	bṛhaspatisava	53170	1	P.8.3.110
bfhatikA	bṛhatikā	53014	1	P.5.4.6
bfsI	bṛsī	52987	2	P.4.1.41|P.6.3.109
biBitsA	bibhitsā	79947	1	P.2.3.66
bilasa	bilasa	52731	1	P.4.2.80
bilva	bilva	52741	1	P.6.2.97
bilvakIyA	bilvakīyā	52743	2	P.4.2.91|P.6.4.153
bimba	bimba	52709	3	P.2.4.31|P.4.1.41|P.4.1.97
bindavIya	bindavīya	52673	2	P.4.2.138|P.5.3.116
bindavi	bindavi	52672	1	P.4.2.138
bindu	bindu	52674	3	P.2.4.67|P.4.1.104|P.5.3.116
biqAla	biḍāla	79939	1	P.6.2.72
bisa	bisa	52760	1	P.8.3.110
bisaKA	bisakhā	52764	1	P.3.2.67
bisavant	bisavant	52772	1	P.4.2.86
bisila	bisila	52776	1	P.4.2.80
bisinI	bisinī	52775	1	P.5.2.135
boDa	bodha	53209	4	P.1.2.53|P.3.1.140|P.4.1.107|P.4.3.92
boDaka	bodhaka	53210	1	P.7.3.46
boDanIya	bodhanīya	53215	1	P.1.1.68
boDana	bodhana	53214	1	P.4.4.125
boDya	bodhya	53254	4	P.1.1.11|P.1.1.49|P.1.2.6|P.2.1.5
brADnAyanya	brādhnāyanya	53626	2	P.4.1.98|P.5.3.113
brAhma	brāhma	53627	1	P.6.4.171
brAhmaRAcCaMsIya	brāhmaṇācchaṃsīya	53662	1	P.5.1.135
brAhmaRAyana	brāhmaṇāyana	53665	1	P.4.1.99
brAhmaRa	brāhmaṇa	53632	8	P.1.2.36|P.2.1.59|P.2.3.60|P.4.1.73|P.4.2.66|P.6.2.69|P.6.4.171|P.7.1.39
brAhmaRaja	brāhmaṇaja	53640	1	P.3.2.101
brAhmaRaka	brāhmaṇaka	53633	1	P.5.2.71
brAhmaRakalpa	brāhmaṇakalpa	53634	1	P.4.3.105
brAhmaRakfteya	brāhmaṇakṛteya	53637	1	P.4.1.73
brAhmaRatrA	brāhmaṇatrā	53643	1	P.5.4.55
brAhmaRika	brāhmaṇika	53666	1	P.4.3.72
brAhmaRya	brāhmaṇya	53668	2	P.4.2.42|P.5.1.124
brAhmadattAyana	brāhmadattāyana	53670	1	P.4.1.99
brAhmaguptIya	brāhmaguptīya	53631	1	P.5.3.116
brAhmagupta	brāhmagupta	53630	1	P.5.3.116
brAhmaka	brāhmaka	53628	1	P.4.3.118
brAhmakfteya	brāhmakṛteya	53629	1	P.4.1.123
brU	brū	53686	7	P.1.4.51|P.1.4.57|P.2.3.61|P.2.4.53|P.7.1.35|P.7.3.93|P.8.2.91
braDna	bradhna	53266	1	P.4.1.98
brahmARI	brahmāṇī	53578	1	P.4.1.49
brahmaBUya	brahmabhūya	53433	1	P.3.1.107
brahmaRya	brahmaṇya	53345	2	P.5.1.7|P.6.4.168
brahmabanDu	brahmabandhu	53415	2	P.4.1.66|P.6.1.175
brahmadatta	brahmadatta	53364	2	P.2.3.9|P.4.1.99
brahmaguptIya	brahmaguptīya	53306	1	P.5.3.116
brahmagupta	brahmagupta	53305	1	P.5.3.116
brahmahan	brahmahan	53570	1	P.3.2.87
brahmakfta	brahmakṛta	53291	1	P.4.1.123
brahmamitra	brahmamitra	53443	1	P.6.2.165
brahman	brahman	53378	2	P.2.4.14|P.5.1.136
brahmatA	brahmatā	53353	1	P.5.1.136
brahmatva	brahmatva	53359	1	P.5.1.136
brahmavAdya	brahmavādya	53498	1	P.3.1.123
brahmavani	brahmavani	53485	1	P.3.2.27
brahmavarcasa	brahmavarcasa	53487	1	P.5.4.78
brahmavid	brahmavid	53503	1	P.3.2.61
bruva	bruva	53685	3	P.6.3.43|P.8.1.27|P.8.1.57
buBukzA	bubhukṣā	52952	2	P.4.4.62|P.5.2.36
buBukzita	bubhukṣita	52953	1	P.5.2.36
buD	budh	52927	11	P.1.2.10|P.1.2.11|P.1.2.33|P.1.3.86|P.1.4.52|P.2.2.12|P.2.3.67|P.3.1.61|P.3.2.188|P.7.2.10|P.8.2.37
buDa	budha	52929	1	P.3.1.135
budDa	buddha	52857	1	P.6.1.205
budDi	buddhi	52900	1	P.6.1.82
buka	buka	52841	1	P.4.2.80
bukin	bukin	52842	1	P.4.2.80
busa	busa	52968	1	P.4.2.80
busasa	busasa	52969	1	P.4.2.80
busta	busta	52971	1	P.2.4.31
cAPawwaki	cāphaṭṭaki	25187	1	P.2.4.61
cARaka	cāṇaka	25110	2	P.4.2.2|P.4.2.111
cARakya	cāṇakya	25112	1	P.4.1.105
cARqAla	cāṇḍāla	25116	1	P.2.4.10
cARqAlaka	cāṇḍālaka	25117	1	P.4.3.118
cARqAlaki	cāṇḍālaki	25118	1	P.4.1.97
cARqa	cāṇḍa	25115	2	P.4.1.112|P.5.1.122
cAkrAyaRa	cākrāyaṇa	25088	1	P.4.1.110
cAkravAkeya	cākravākeya	25087	1	P.4.2.80
cAkravarmaRa	cākravarmaṇa	25086	2	P.6.1.130|P.6.4.170
cAkreya	cākreya	25091	1	P.4.2.80
cAkriRa	cākriṇa	25090	1	P.6.4.166
cAkzuza	cākṣuṣa	25092	1	P.4.2.92
cAla	cāla	25290	1	P.3.1.140
cAmaragrAha	cāmaragrāha	25190	1	P.4.1.146
cAmasAyana	cāmasāyana	25195	2	P.4.1.99|P.6.4.174
cAmasya	cāmasya	25196	1	P.4.1.105
cAnarAwa	cānarāṭa	25164	1	P.6.2.103
cAndrAyaRa	cāndrāyaṇa	25177	2	P.4.2.54|P.5.1.72
cAndrAyaRika	cāndrāyaṇika	25178	1	P.5.1.72
cAndra	cāndra	25167	2	P.3.2.26|P.7.2.10
cAndraBAgeya	cāndrabhāgeya	25171	1	P.4.1.113
cAndramasAyana	cāndramasāyana	25173	1	P.4.1.154
cApalAyana	cāpalāyana	25183	1	P.4.1.110
cApala	cāpala	25182	1	P.5.1.130
cApalya	cāpalya	25184	1	P.5.1.124
cArAyaRIya	cārāyaṇīya	25229	1	P.4.1.89
cArAyaRa	cārāyaṇa	25227	2	P.4.1.63|P.4.1.99
cArAyaRaka	cārāyaṇaka	25228	1	P.4.3.80
cAraRa	cāraṇa	25220	1	P.4.2.75
cArakIRa	cārakīṇa	25213	1	P.5.1.11
cAraka	cāraka	25211	3	P.4.3.107|P.6.2.97|P.7.3.34
cAramika	cāramika	25225	1	P.4.2.63
cArcika	cārcika	25276	1	P.4.2.60
cArmIya	cārmīya	25284	1	P.4.2.90
cArmaRa	cārmaṇa	25279	2	P.4.2.38|P.6.4.170
cArmiRa	cārmiṇa	25283	1	P.4.2.38
cArmikya	cārmikya	25282	1	P.5.1.128
cAtura	cātura	25123	1	P.4.2.92
cAturarTika	cāturarthika	25127	3	P.4.2.67|P.4.2.70|P.4.2.81
cAturdaSa	cāturdaśa	25136	2	P.4.2.92|P.4.3.16
cAturdaSika	cāturdaśika	25137	1	P.4.4.71
cAturhotfka	cāturhotṛka	25151	1	P.4.3.72
cAturvEdya	cāturvaidya	25150	1	P.5.1.124
cAturvidya	cāturvidya	25148	1	P.5.1.124
cAtuzwaya	cātuṣṭaya	25155	1	P.4.2.65
cAtvAriMSa	cātvāriṃśa	25160	1	P.5.1.62
cAtvAriMSatka	cātvāriṃśatka	25161	2	P.5.1.21|P.5.1.22
cAwakAyana	cāṭakāyana	25101	1	P.4.1.99
cAwakEra	cāṭakaira	25102	1	P.4.1.128
cAwu	cāṭu	25104	1	P.1.4.57
cAwukAra	cāṭukāra	25106	1	P.3.2.23
cAya	cāya	25204	1	P.4.3.152
cAyaka	cāyaka	25205	1	P.6.1.78
cEdika	caidika	25950	1	P.4.2.116
cEkIrzata	caikīrṣata	25910	1	P.5.4.38
cEkita	caikita	25903	1	P.4.2.111
cEkitsita	caikitsita	25908	1	P.4.2.111
cEkitsitya	caikitsitya	25909	1	P.4.1.105
cEkitya	caikitya	25907	1	P.4.1.105
cEntita	caintita	25952	1	P.4.1.113
cEtrAyaRa	caitrāyaṇa	25944	2	P.4.1.99|P.4.2.80
cEtra	caitra	25934	2	P.2.3.29|P.4.2.23
cEtraka	caitraka	25935	1	P.6.2.34
cEtrika	caitrika	25947	1	P.4.2.23
cEwayatAyani	caiṭayatāyani	25912	1	P.4.1.154
cEwayata	caiṭayata	25911	3	P.4.1.80|P.4.1.154|P.4.2.54
cEwayatyA	caiṭayatyā	25913	1	P.4.1.80
cIra	cīra	25680	2	P.6.2.127|P.6.2.135
cIvara	cīvara	25701	1	P.3.1.20
cOkrya	caukrya	25992	1	P.5.1.123
cOkza	caukṣa	25993	1	P.4.4.62
cOla	caula	26019	1	P.6.2.134
cOluka	cauluka	26021	1	P.4.2.111
cOlukya	caulukya	26022	1	P.4.1.105
cOpAyana	caupāyana	26004	1	P.4.1.110
cOpayatAyani	caupayatāyani	26002	1	P.4.1.154
cOpayata	caupayata	26001	3	P.4.1.80|P.4.1.154|P.4.2.54
cOpayatyA	caupayatyā	26003	1	P.4.1.80
cOqArya	cauḍārya	25995	1	P.4.2.80
cOqa	cauḍa	25994	1	P.5.1.110
cOqi	cauḍi	25996	1	P.4.1.96
cOqikya	cauḍikya	25997	1	P.5.1.128
cOra	caura	26005	4	P.2.1.53|P.4.4.62|P.5.4.38|P.6.3.21
cOrikA	caurikā	26012	1	P.5.1.133
cOrya	caurya	26017	1	P.5.1.124
cUqAla	cūḍāla	25801	1	P.5.2.96
cUqAra	cūḍāra	25798	1	P.4.2.80
cUqAraka	cūḍāraka	25799	1	P.2.4.69
cUqAvant	cūḍāvant	25803	2	P.5.2.96|P.5.2.136
cUqa	cūḍa	25788	2	P.3.3.104|P.4.1.96
cUqika	cūḍika	25804	1	P.5.1.128
cUqin	cūḍin	25805	1	P.5.2.136
cUrRa	cūrṇa	25813	2	P.3.4.35|P.6.2.134
cUrRay	cūrṇay	25822	1	P.3.1.25
cUrRin	cūrṇin	25828	1	P.4.4.23
cUrti	cūrti	25831	1	P.7.4.89
ca	ca	24259	6	P.2.1.17|P.2.1.72|P.8.1.24|P.8.1.30|P.8.1.58|P.8.1.59
caNkramaRa	caṅkramaṇa	24421	1	P.3.2.150
caR	caṇ	24463	1	P.7.4.3
caRa	caṇa	24464	1	P.5.2.26
caRqAla	caṇḍāla	24498	1	P.4.1.73
caRqAlikAbanDa	caṇḍālikābandha	24503	1	P.3.4.42
caRqa	caṇḍa	24471	1	P.4.1.45
caRqiman	caṇḍiman	24509	1	P.5.1.122
caYcurI	cañcurī	73401	1	P.5.2.26
cakAs	cakās	24264	4	P.6.1.6|P.8.2.25|P.8.2.73|P.8.2.74
cakkana	cakkana	24269	1	P.6.2.134
cakrIvant	cakrīvant	24379	1	P.8.2.12
cakra	cakra	24271	3	P.2.4.31|P.4.1.110|P.6.1.12
cakrasakTa	cakrasaktha	24358	1	P.6.2.198
cakravAkavatI	cakravākavatī	24346	1	P.6.3.119
cakravant	cakravant	24340	1	P.8.2.12
cakz	cakṣ	24382	5	P.1.2.56|P.2.4.54|P.2.4.55|P.6.1.26|P.8.4.47
cal	cal	25044	1	P.1.3.87
calAcala	calācala	25063	1	P.7.4.58
cala	cala	25047	2	P.3.1.134|P.3.1.140
calana	calana	25059	2	P.1.3.87|P.3.2.148
calezu	caleṣu	25073	1	P.6.2.108
cam	cam	24850	1	P.7.3.75
camasa	camasa	24861	3	P.2.4.31|P.4.1.105|P.6.2.134
camasin	camasin	24864	1	P.4.1.99
campa	campa	24877	1	P.4.2.82
campakavatI	campakavatī	24883	1	P.6.3.119
cana	cana	24680	1	P.8.1.57
candana	candana	24691	1	P.2.1.56
candra	candra	24710	1	P.2.1.56
candraBAgA	candrabhāgā	24755	1	P.4.1.45
candrakita	candrakita	24717	1	P.5.2.36
capalAy	capalāy	24847	1	P.3.1.12
capala	capala	24841	4	P.2.1.40|P.2.1.59|P.6.2.24|P.6.3.34
car	car	24902	15	P.1.1.8|P.1.3.53|P.1.3.54|P.1.3.71|P.3.1.10|P.3.1.11|P.3.1.24|P.3.3.113|P.3.4.9|P.3.4.16|P.7.1.30|P.7.4.87|P.7.4.88|P.8.1.3|P.8.2.97
carAcara	carācara	24939	1	P.7.4.58
cara	cara	24903	5	P.3.1.134|P.3.2.16|P.5.3.53|P.5.3.54|P.6.3.35
caraRa	caraṇa	24907	5	P.2.4.3|P.2.4.31|P.4.2.46|P.4.3.126|P.6.3.86
caraRasa	caraṇasa	24915	1	P.4.2.80
caraRila	caraṇila	24918	1	P.4.2.80
caraRy	caraṇy	24921	1	P.3.1.27
caraRya	caraṇya	24922	1	P.5.3.103
caraka	caraka	24904	2	P.4.3.107|P.5.1.11
carama	carama	24930	2	P.1.1.33|P.2.1.58
caramy	caramy	24936	1	P.3.1.27
carca	carca	24963	2	P.3.3.105|P.4.2.60
caritArTa	caritārtha	24946	3	P.2.2.11|P.3.1.28|P.8.4.45
caritAy	caritāy	24945	1	P.3.1.13
caritra	caritra	24949	1	P.3.2.184
carizRu	cariṣṇu	24952	1	P.3.2.136
carmaRvant	carmaṇvant	24996	1	P.8.2.12
carman	carman	25003	1	P.3.4.31
carmavant	carmavant	25019	1	P.8.2.12
carmika	carmika	25029	2	P.5.1.128|P.5.2.116
carmin	carmin	25030	1	P.5.2.116
cart	cart	24974	1	P.7.2.57
cartya	cartya	24977	1	P.3.1.110
caru	caru	24955	1	P.3.4.74
carv	carv	25033	1	P.3.1.15
carvaRa	carvaṇa	25034	1	P.3.1.15
carya	carya	25031	1	P.3.1.100
cat	cat	24519	1	P.7.2.34
catuHpa	catuḥpa	24522	1	P.8.3.43
catuHpaYcASat	catuḥpañcāśat	73450	1	P.8.3.5
caturTa	caturtha	24567	13	P.1.1.50|P.1.3.55|P.2.1.13|P.2.1.36|P.2.1.62|P.2.1.73|P.2.2.3|P.2.3.12|P.5.2.51|P.5.3.49|P.6.2.44|P.6.3.7|P.8.1.20
caturTaka	caturthaka	24568	1	P.5.2.81
catura	catura	24532	2	P.5.2.127|P.5.4.107
caturaSra	caturaśra	24548	1	P.5.4.120
caturhAyaRa	caturhāyaṇa	24618	2	P.4.1.27|P.8.4.39
caturveda	caturveda	24614	1	P.5.1.124
caturvidya	caturvidya	24609	2	P.5.1.124|P.7.3.20
catus	catus	24653	2	P.5.4.18|P.8.3.43
catuzpAd	catuṣpād	24648	3	P.2.1.71|P.4.1.135|P.5.4.140
catuzwaya	catuṣṭaya	24635	2	P.1.1.33|P.8.3.101
catvAriMSa	catvāriṃśa	24673	1	P.5.2.46
catvAriMSat	catvāriṃśat	24674	1	P.5.1.59
catvar	catvar	24670	7	P.6.1.180|P.6.1.181|P.6.4.5|P.7.1.55|P.7.1.98|P.7.1.99|P.7.1.100
catya	catya	24668	1	P.3.1.97
cawaka	caṭaka	24451	1	P.4.1.4
cawakakA	caṭakakā	24452	1	P.7.3.46
cawakikA	caṭakikā	24454	1	P.7.3.46
cawu	caṭu	24460	1	P.5.2.97
cawula	caṭula	24461	1	P.5.2.97
caya	caya	24897	2	P.3.3.56|P.6.1.203
cayaka	cayaka	24899	1	P.5.2.64
cazAla	caṣāla	25079	1	P.2.4.31
cazaka	caṣaka	25077	1	P.2.4.31
ced	ced	25874	9	P.1.4.57|P.3.3.8|P.3.3.9|P.3.3.132|P.3.3.133|P.3.3.134|P.3.3.139|P.3.3.156|P.8.1.30
cekita	cekita	25840	1	P.4.1.105
cela	cela	25882	4	P.2.1.53|P.3.4.33|P.6.2.126|P.6.3.43
cetaya	cetaya	25855	1	P.3.1.138
ceya	ceya	25878	2	P.3.1.97|P.6.1.213
cezw	ceṣṭ	25894	1	P.7.4.96
cezwa	ceṣṭa	25895	1	P.2.3.12
ci	ci	25300	21	P.1.2.11|P.1.4.51|P.3.1.20|P.3.1.42|P.3.4.3|P.4.2.80|P.6.1.21|P.6.1.35|P.6.1.54|P.6.4.16|P.6.4.62|P.6.4.107|P.7.2.1|P.7.2.10|P.7.2.30|P.7.2.61|P.7.3.58|P.7.3.82|P.7.4.25|P.8.1.12|P.8.4.17
ciYcA	ciñcā	25350	1	P.4.3.167
cid	cid	25548	3	P.8.1.48|P.8.1.57|P.8.2.101
cidrUpa	cidrūpa	25553	1	P.8.2.39
cihaRakanTa	cihaṇakantha	25649	1	P.6.2.125
cikIrzA	cikīrṣā	25324	1	P.3.3.102
cikIrzaka	cikīrṣaka	25323	2	P.1.1.58|P.6.1.193
cikIrzu	cikīrṣu	25326	2	P.2.3.69|P.3.2.168
cikIrzya	cikīrṣya	25327	1	P.6.1.185
cikina	cikina	25320	1	P.5.2.33
cikitsita	cikitsita	25317	1	P.4.1.105
cikitsya	cikitsya	25319	1	P.5.2.92
cikkaRakanTa	cikkaṇakantha	25334	1	P.6.2.125
ciklida	ciklida	25341	1	P.6.1.12
cint	cint	25554	1	P.2.3.17
cintA	cintā	25560	2	P.1.4.74|P.3.3.105
cinti	cinti	25568	1	P.6.2.37
cintita	cintita	25570	1	P.4.1.113
cintya	cintya	25574	2	P.7.2.19|P.7.3.66
cipiwa	cipiṭa	25579	1	P.5.2.33
cira	cira	25591	2	P.1.1.37|P.6.2.6
cirantana	cirantana	25602	3	P.4.3.23|P.4.3.105|P.7.1.1
cirarAtra	cirarātra	25609	1	P.1.1.37
ciri	ciri	25621	1	P.8.2.78
cit	cit	25362	4	P.3.1.5|P.3.2.91|P.3.2.92|P.6.2.24
citIka	citīka	25373	1	P.6.3.127
citi	citi	25369	1	P.3.3.41
citkanakanTa	citkanakantha	25375	1	P.6.2.125
citpati	citpati	25407	1	P.6.2.19
citrIkaraRa	citrīkaraṇa	25539	1	P.3.3.150
citrIy	citrīy	25541	1	P.3.1.19
citra	citra	25410	3	P.2.2.31|P.3.3.150|P.3.3.151
citrakara	citrakara	25414	1	P.3.2.21
citraleKaka	citralekhaka	25488	1	P.4.2.128
citraraTa	citraratha	25479	1	P.2.2.31
cittavant	cittavant	25391	1	P.1.3.88
cittavinASana	cittavināśana	25393	1	P.3.1.134
citya	citya	25409	1	P.3.1.132
copana	copana	25978	1	P.3.2.148
cora	cora	25979	4	P.3.1.133|P.3.1.134|P.5.1.124|P.6.1.157
cuYcu	cuñcu	25728	1	P.5.2.26
cud	cud	73883	1	P.1.2.21
cukra	cukra	25711	1	P.5.1.123
cukriman	cukriman	25717	1	P.5.1.123
cukzA	cukṣā	25718	1	P.4.4.62
cula	cula	25771	1	P.4.2.80
culuka	culuka	25773	1	P.4.1.105
culya	culya	25778	1	P.4.2.80
cupa	cupa	25752	1	P.4.1.110
curA	curā	25767	1	P.4.4.62
curaRa	curaṇa	25766	1	P.3.1.27
cyavana	cyavana	26024	1	P.6.1.78
cyu	cyu	26032	5	P.6.1.36|P.7.1.39|P.7.4.81|P.8.2.94|P.8.3.78
dA	dā	32405	31	P.1.1.20|P.1.2.17|P.1.3.20|P.2.4.32|P.2.4.76|P.2.4.77|P.5.3.95|P.5.4.90|P.6.2.95|P.6.3.124|P.6.4.62|P.6.4.66|P.6.4.67|P.6.4.69|P.6.4.119|P.6.4.126|P.7.1.47|P.7.3.33|P.7.3.36|P.7.3.71|P.7.4.1|P.7.4.9|P.7.4.40|P.7.4.46|P.7.4.47|P.7.4.54|P.7.4.58|P.8.2.84|P.8.3.71|P.8.4.17|P.8.4.65
dADika	dādhika	32483	5	P.4.2.18|P.4.4.3|P.4.4.8|P.4.4.22|P.4.4.26
dADitTa	dādhittha	32485	1	P.4.3.140
dARqAjinika	dāṇḍājinika	32456	1	P.5.2.76
dARqAyana	dāṇḍāyana	32457	2	P.4.2.127|P.6.2.129
dARqa	dāṇḍa	32450	5	P.4.1.112|P.4.2.44|P.4.2.57|P.5.1.122|P.6.4.164
dARqagrAhika	dāṇḍagrāhika	32452	1	P.4.1.146
dARqaki	dāṇḍaki	32451	1	P.5.3.116
dARqamATika	dāṇḍamāthika	32455	1	P.4.4.37
dARqapAtA	dāṇḍapātā	32453	1	P.4.2.58
dARqapAyana	dāṇḍapāyana	32454	1	P.4.1.99
dARqika	dāṇḍika	32458	1	P.4.4.12
dARqikya	dāṇḍikya	32459	1	P.5.1.128
dARqin	dāṇḍin	32460	1	P.4.3.106
dARqinAyana	dāṇḍināyana	32461	2	P.4.1.99|P.6.4.174
dASArRa	dāśārṇa	32729	1	P.5.2.61
dASArha	dāśārha	32731	3	P.5.2.61|P.5.2.117|P.5.4.38
dASOdanika	dāśaudanika	32741	2	P.4.3.68|P.5.1.95
dASa	dāśa	32711	1	P.3.4.73
dASaPalI	dāśaphalī	32718	1	P.4.1.64
dASagrAmika	dāśagrāmika	32713	2	P.4.2.80|P.4.2.116
dASaka	dāśaka	32712	1	P.6.2.132
dASvaMs	dāśvaṃs	32744	1	P.6.1.12
dASya	dāśya	32742	1	P.4.2.80
dAkzAyaRa	dākṣāyaṇa	32410	4	P.2.4.60|P.4.1.101|P.4.1.156|P.4.2.54
dAkza	dākṣa	32408	4	P.4.2.112|P.4.2.113|P.4.3.127|P.6.2.69
dAkzaka	dākṣaka	32409	1	P.4.2.53
dAkzeya	dākṣeya	32435	1	P.4.1.120
dAkzi	dākṣi	32416	6	P.2.4.60|P.4.1.65|P.4.1.95|P.4.2.53|P.8.4.8|P.8.4.9
dAkziGoza	dākṣighoṣa	32422	1	P.6.2.85
dAkziRApaTaka	dākṣiṇāpathaka	32427	1	P.4.2.127
dAkziRAtya	dākṣiṇātya	32425	1	P.4.2.98
dAkziRa	dākṣiṇa	32423	1	P.4.2.38
dAkziRaSAla	dākṣiṇaśāla	32424	1	P.4.2.107
dAkzigrAma	dākṣigrāma	32421	2	P.4.2.142|P.6.2.84
dAkzihrada	dākṣihrada	32434	1	P.4.2.142
dAkzikUla	dākṣikūla	32420	1	P.6.2.129
dAkzikanTA	dākṣikanthā	32418	3	P.2.4.20|P.4.2.142|P.6.2.124
dAkzikarza	dākṣikarṣa	32419	1	P.6.2.129
dAkzikawa	dākṣikaṭa	32417	1	P.6.2.85
dAkzinagara	dākṣinagara	32431	1	P.4.2.142
dAkzipalada	dākṣipalada	32432	1	P.4.2.142
dAkziprasTa	dākṣiprastha	32433	1	P.6.2.87
dAlBa	dālbha	32690	1	P.4.2.111
dAlBya	dālbhya	32692	1	P.4.1.105
dAlatraka	dālatraka	32682	1	P.4.2.80
dAmakaRWa	dāmakaṇṭha	32546	1	P.2.4.69
dAmalih	dāmalih	32561	1	P.8.2.37
dAman	dāman	32554	2	P.4.1.11|P.4.1.27
dAmani	dāmani	32556	1	P.5.3.116
dAminI	dāminī	32564	1	P.5.2.137
dAmodara	dāmodara	32566	1	P.6.2.107
dAmozRIza	dāmoṣṇīṣa	32572	1	P.4.1.151
dAn	dān	32489	1	P.3.1.6
dAnIya	dānīya	32525	1	P.3.3.113
dAnacyuta	dānacyuta	32501	1	P.6.2.37
dAnaka	dānaka	32498	1	P.5.4.29
dAnta	dānta	32535	1	P.4.2.74
dAqI	dāḍī	32447	1	P.4.3.167
dAqimIvant	dāḍimīvant	32444	1	P.8.2.9
dAqima	dāḍima	32439	1	P.2.4.31
dArBAyaRa	dārbhāyaṇa	32654	1	P.4.1.102
dArBi	dārbhi	32655	1	P.4.1.102
dArBya	dārbhya	32656	1	P.4.1.151
dArGasattra	dārghasattra	32647	1	P.7.3.1
dArQya	dārḍhya	32649	1	P.5.1.123
dAra	dāra	32590	4	P.1.2.53|P.2.2.31|P.5.4.77|P.6.1.159
dArada	dārada	32599	1	P.4.3.93
dArakarman	dārakarman	32594	1	P.1.4.77
dArava	dārava	32603	1	P.4.3.154
dArdurika	dārdurika	32652	1	P.4.4.34
dArteya	dārteya	32650	1	P.4.3.56
dAru	dāru	32613	3	P.2.4.31|P.3.2.159|P.5.4.114
dAruRa	dāruṇa	32624	2	P.8.1.67|P.8.1.68
dArukacCa	dārukaccha	32615	1	P.4.2.126
dArva	dārva	32657	1	P.4.2.97
dArvaka	dārvaka	32658	1	P.4.2.125
dArveya	dārveya	32669	1	P.4.2.97
dArzada	dārṣada	32675	1	P.4.2.92
dAsAy	dāsāy	32768	1	P.3.1.13
dAsAyana	dāsāyana	32769	1	P.4.1.99
dAsIBAra	dāsībhāra	32775	1	P.6.2.42
dAsIpAda	dāsīpāda	32774	1	P.5.4.138
dAsa	dāsa	32750	7	P.2.4.11|P.3.4.73|P.5.3.98|P.6.1.204|P.6.2.69|P.6.3.21|P.6.3.22
dAsakAyana	dāsakāyana	32753	1	P.4.1.110
dAsaka	dāsaka	32752	1	P.4.1.110
dAsamitra	dāsamitra	32762	2	P.4.2.54|P.4.2.116
dAsera	dāsera	32779	1	P.4.1.131
dAseya	dāseya	32777	1	P.4.1.131
dAtavya	dātavya	32466	1	P.3.3.171
dAtra	dātra	32479	1	P.3.2.182
dAttAmitrI	dāttāmitrī	75601	1	P.4.2.76
dAttAmitrIya	dāttāmitrīya	32473	1	P.4.2.123
dAtteya	dātteya	32474	1	P.4.1.121
dAtyOha	dātyauha	32477	1	P.7.3.1
dAva	dāva	32698	1	P.3.1.142
dAvan	dāvan	32700	1	P.3.2.74
dAvikAkUla	dāvikākūla	32706	1	P.7.3.1
dAvika	dāvika	32705	1	P.7.3.1
dAyAda	dāyāda	32583	2	P.2.3.39|P.6.2.5
dAyAdya	dāyādya	32585	2	P.5.1.124|P.6.2.5
dAya	dāya	32577	5	P.3.1.139|P.3.1.141|P.3.3.19|P.6.1.159|P.8.3.53
dAyaka	dāyaka	32579	1	P.7.3.33
dAyin	dāyin	32588	2	P.2.3.70|P.3.3.170
dESeya	daiśeya	34992	1	P.4.1.123
dElIpi	dailīpi	34923	1	P.2.4.61
dEnya	dainya	34914	1	P.6.4.61
dErGa	dairgha	34917	1	P.5.1.122
dErGavaratra	dairghavaratra	34920	1	P.4.2.73
dEtya	daitya	34891	1	P.4.1.85
dEvAdika	daivādika	34978	1	P.8.3.65
dEvAsura	daivāsura	34983	1	P.5.2.61
dEva	daiva	34924	1	P.4.1.86
dEvaSarmi	daivaśarmi	34969	2	P.4.1.96|P.4.2.138
dEvadArava	daivadārava	34945	2	P.4.3.139|P.4.3.155
dEvadarSanin	daivadarśanin	34944	1	P.4.3.106
dEvadatta	daivadatta	34941	1	P.1.1.75
dEvadatti	daivadatti	34942	1	P.4.1.88
dEvadattika	daivadattika	34943	1	P.4.2.116
dEvahava	daivahava	34973	1	P.4.2.111
dEvahavya	daivahavya	34974	1	P.4.1.105
dEvamati	daivamati	34950	1	P.2.4.61
dEvamitri	daivamitri	34951	1	P.2.4.61
dEvarAjaka	daivarājaka	34960	1	P.4.3.118
dEvarAjika	daivarājika	34961	1	P.4.2.116
dEvaraTAyani	daivarathāyani	34958	1	P.4.1.154
dEvasTAni	daivasthāni	34971	1	P.2.4.59
dEvata	daivata	34932	2	P.2.4.31|P.5.4.38
dEvatareya	daivatareya	34936	1	P.4.1.123
dEvati	daivati	34939	1	P.2.4.61
dEvayAtaka	daivayātaka	34954	1	P.4.2.53
dEvayajYi	daivayajñi	34953	2	P.2.4.61|P.4.1.81
dEzwika	daiṣṭika	34993	1	P.4.4.60
dI	dī	33082	3	P.6.1.50|P.6.4.63|P.8.2.45
dIkzA	dīkṣā	33088	1	P.2.4.14
dIkzita	dīkṣita	33096	1	P.5.2.36
dIkzitar	dīkṣitar	33097	1	P.3.2.153
dIp	dīp	33120	5	P.3.1.61|P.7.1.46|P.7.2.8|P.7.2.14|P.7.4.3
dIpIya	dīpīya	33146	1	P.5.1.4
dIpaka	dīpaka	33122	1	P.5.2.64
dIpitar	dīpitar	33144	1	P.3.2.153
dIpra	dīpra	33177	2	P.3.2.167|P.7.2.8
dIpti	dīpti	33168	1	P.7.2.9
dIptya	dīptya	33174	1	P.5.1.2
dIpya	dīpya	33175	1	P.5.1.4
dIrGAhan	dīrghāhan	33312	1	P.8.4.7
dIrGIBU	dīrghībhū	33316	1	P.7.4.72
dIrGa	dīrgha	33178	3	P.1.2.27|P.1.4.12|P.6.4.157
dIrGajihva	dīrghajihva	33201	2	P.4.1.49|P.4.1.59
dIsa	dīsa	33322	1	P.5.1.2
dOHstra	dauḥstra	35131	1	P.5.1.130
dOhika	dauhika	35132	1	P.5.1.64
dOhitrAyaRa	dauhitrāyaṇa	35136	1	P.4.1.100
dOhitra	dauhitra	35133	1	P.4.1.104
dOleya	dauleya	35105	1	P.6.4.148
dOrBAgiReya	daurbhāgiṇeya	35088	2	P.4.1.126|P.7.3.19
dOrBAgya	daurbhāgya	35089	2	P.6.1.60|P.7.3.19
dOrBrAtra	daurbhrātra	35090	1	P.5.1.130
dOrgAyaRa	daurgāyaṇa	35080	1	P.4.1.99
dOrhArda	daurhārda	35102	1	P.5.1.130
dOrhfdaya	daurhṛdaya	120366	2	P.5.1.130|P.6.3.50
dOrmanasAyana	daurmanasāyana	76249	1	P.4.1.110
dOrmitri	daurmitri	35093	1	P.4.1.96
dOvArika	dauvārika	35107	1	P.7.3.4
dOzWava	dauṣṭhava	35121	1	P.5.1.129
dOzka	dauṣka	35114	2	P.4.4.8|P.7.3.51
dOzkuleya	dauṣkuleya	35116	1	P.4.1.142
dOzpuruzya	dauṣpuruṣya	35122	1	P.5.1.124
dUrIkar	dūrīkar	34142	1	P.1.3.37
dUra	dūra	34104	11	P.1.2.33|P.2.1.39|P.2.3.34|P.2.3.35|P.2.3.36|P.2.4.34|P.2.4.35|P.6.2.49|P.6.2.144|P.6.3.2|P.6.4.156
dUraga	dūraga	34111	1	P.3.2.48
dUrakta	dūrakta	34109	1	P.8.3.14
dUrepAka	dūrepāka	34152	1	P.7.3.53
dUrvA	dūrvā	34166	2	P.4.2.51|P.8.4.6
dUta	dūta	34092	1	P.4.3.85
dUtya	dūtya	34100	2	P.4.4.120|P.5.1.126
dUzaRa	dūṣaṇa	34178	1	P.3.1.134
dUzya	dūṣya	34187	1	P.6.1.160
da	da	31559	1	P.3.2.3
daB	dabh	32014	4	P.1.2.6|P.1.2.10|P.7.2.49|P.7.4.56
daD	dadh	31843	1	P.8.2.37
daDa	dadha	31844	1	P.3.1.139
daDfk	dadhṛk	31890	1	P.3.2.59
daDi	dadhi	31849	2	P.2.4.14|P.7.1.75
daDika	dadhika	31850	1	P.5.4.151
daDikrA	dadhikrā	31854	1	P.3.2.67
daDisy	dadhisy	31884	1	P.7.1.51
daDitTa	dadhittha	31859	1	P.4.3.140
daDyaYc	dadhyañc	31895	1	P.6.1.170
daDyasy	dadhyasy	31897	1	P.7.1.51
daDyodana	dadhyodana	31903	1	P.2.1.34
daG	dagh	31698	1	P.2.4.80
daGna	daghna	31699	2	P.4.1.15|P.5.2.37
daMS	daṃś	31564	6	P.2.2.21|P.3.1.24|P.3.4.47|P.6.4.25|P.7.2.10|P.7.4.86
daMpati	daṃpati	32041	2	P.1.1.11|P.2.2.31
daMzwra	daṃṣṭra	31579	2	P.3.2.182|P.4.1.4
daMzwrika	daṃṣṭrika	31584	1	P.5.2.116
daMzwrin	daṃṣṭrin	31585	1	P.5.2.116
daRqAdaRqi	daṇḍādaṇḍi	31781	2	P.2.2.27|P.5.4.127
daRqAjina	daṇḍājina	31780	1	P.5.2.76
daRqAmitrA	daṇḍāmitrā	31786	1	P.4.2.123
daRqa	daṇḍa	31704	4	P.2.4.31|P.4.1.112|P.4.3.106|P.5.3.100
daRqagrAha	daṇḍagrāha	31716	1	P.4.1.146
daRqaka	daṇḍaka	75451	4	P.2.4.31|P.4.2.80|P.5.3.78|P.5.3.87
daRqamARava	daṇḍamāṇava	31756	1	P.4.3.130
daRqapARi	daṇḍapāṇi	31740	1	P.2.2.37
daRqapa	daṇḍapa	31737	1	P.4.1.99
daRqavant	daṇḍavant	31765	1	P.5.2.115
daRqay	daṇḍay	31760	1	P.1.4.51
daRqika	daṇḍika	31794	2	P.5.1.128|P.5.2.115
daRqiman	daṇḍiman	31796	1	P.5.1.122
daRqin	daṇḍin	31795	2	P.4.1.99|P.5.2.115
daRqya	daṇḍya	31800	1	P.5.1.66
daSArRa	daśārṇa	32334	1	P.5.2.61
daSArha	daśārha	32338	3	P.5.2.61|P.5.3.117|P.5.4.38
daSEkAdaSika	daśaikādaśika	32354	1	P.4.4.31
daSa	daśa	32211	1	P.4.2.80
daSagrAmI	daśagrāmī	32225	1	P.4.2.80
daSagrAmika	daśagrāmika	32223	1	P.4.2.80
daSagrIva	daśagrīva	32226	1	P.6.2.114
daSaka	daśaka	32212	1	P.5.1.60
daSakaRWa	daśakaṇṭha	32213	1	P.6.2.114
daSama	daśama	32268	1	P.5.3.49
daSan	daśan	32236	2	P.6.1.177|P.6.1.179
daSat	daśat	32229	1	P.5.1.60
daSataya	daśataya	32230	1	P.5.2.42
daSendra	daśendra	32349	1	P.1.2.49
daSeraka	daśeraka	32352	1	P.2.4.68
dada	dada	31828	1	P.3.1.139
dadfkzeRya	dadṛkṣeṇya	31834	1	P.3.4.14
dadi	dadi	31832	1	P.2.3.69
dadru	dadru	31837	1	P.5.2.100
dadruRa	dadruṇa	31840	1	P.5.2.100
dah	dah	32377	3	P.3.1.24|P.7.2.10|P.7.4.86
daha	daha	32379	1	P.1.4.57
dakziRA	dakṣiṇā	31637	2	P.2.3.29|P.5.3.36
dakziRAhi	dakṣiṇāhi	31673	2	P.2.3.29|P.5.3.37
dakziRAt	dakṣiṇāt	31647	1	P.5.3.4
dakziRIya	dakṣiṇīya	31676	1	P.5.1.69
dakziRa	dakṣiṇa	31619	3	P.1.1.34|P.5.1.3|P.7.1.16
dakziRaDurIRa	dakṣiṇadhurīṇa	31625	1	P.4.4.78
dakziRapAYcAlaka	dakṣiṇapāñcālaka	31630	1	P.7.3.13
dakziRapUrva	dakṣiṇapūrva	31631	1	P.2.2.26
dakziRatas	dakṣiṇatas	31621	2	P.2.3.30|P.5.3.28
dakziRena	dakṣiṇena	31678	2	P.2.3.31|P.5.3.35
dakziRerman	dakṣiṇerman	31679	1	P.5.4.126
dakziRya	dakṣiṇya	31682	1	P.5.1.69
dal	dal	32167	1	P.2.1.59
dalBa	dalbha	32197	1	P.4.1.105
dalapa	dalapa	32176	1	P.6.2.134
dalatar	dalatar	32172	2	P.4.2.80|P.6.4.127
dalin	dalin	32193	1	P.5.2.131
dalmi	dalmi	32199	1	P.8.2.9
dalmimant	dalmimant	32200	1	P.8.2.9
dalya	dalya	32201	1	P.4.2.80
dam	dam	32021	5	P.1.3.89|P.7.2.27|P.7.2.56|P.7.3.34|P.7.3.74
damBa	dambha	32043	1	P.3.1.134
dama	dama	32024	1	P.7.3.34
damaka	damaka	32025	1	P.7.3.34
damana	damana	32029	1	P.3.1.134
damin	damin	32038	1	P.3.2.141
dan	dan	31905	1	P.3.1.6
danIDvaMsa	danīdhvaṃsa	31907	1	P.2.4.74
dandaSUka	dandaśūka	32010	1	P.3.2.166
dandramaRa	dandramaṇa	32011	1	P.3.2.150
dant	dant	31915	3	P.5.4.141|P.5.4.145|P.6.1.63
dantAdanti	dantādanti	31986	1	P.5.4.127
dantAgra	dantāgra	31983	1	P.4.2.138
dantAvala	dantāvala	31993	2	P.5.2.113|P.6.3.118
dantUla	dantūla	32004	1	P.5.2.97
danta	danta	31916	1	P.4.1.55
dantaDAvana	dantadhāvana	75490	1	P.6.2.150
dantacCada	dantacchada	31929	2	P.3.3.118|P.6.4.96
dantajAha	dantajāha	31932	1	P.5.2.24
dantajAta	dantajāta	31931	2	P.2.2.37|P.6.2.171
dantaka	dantaka	31917	1	P.5.2.66
dantaleKaka	dantalekhaka	31956	2	P.2.2.17|P.6.2.73
dantavant	dantavant	31959	1	P.5.2.106
dantozWaka	dantoṣṭhaka	32007	1	P.5.2.66
dantura	dantura	32000	1	P.5.2.106
dantya	dantya	32008	5	P.4.3.55|P.5.1.6|P.6.1.213|P.7.1.102|P.7.3.73
dar	dar	32064	7	P.3.1.59|P.6.4.126|P.7.2.10|P.7.2.75|P.7.4.12|P.7.4.28|P.7.4.95
darBAnUpa	darbhānūpa	32126	1	P.8.4.39
darBa	darbha	32118	3	P.2.4.11|P.4.1.102|P.4.1.151
darBamUlI	darbhamūlī	32124	1	P.4.1.64
darBamaya	darbhamaya	32123	2	P.4.3.144|P.4.3.150
darBara	darbhara	32125	1	P.4.2.80
darS	darś	32146	17	P.1.1.57|P.1.3.57|P.1.3.67|P.2.1.59|P.2.3.29|P.3.1.47|P.3.4.29|P.4.2.7|P.6.1.5|P.6.1.58|P.6.4.62|P.7.1.8|P.7.2.10|P.7.2.65|P.7.4.7|P.7.4.16|P.8.2.62
darSa	darśa	32147	1	P.3.1.134
darSana	darśana	32151	1	P.5.2.6
dara	dara	32065	3	P.2.4.31|P.3.3.58|P.6.1.160
darad	darad	32071	1	P.4.3.93
darada	darada	32072	1	P.4.3.93
dardura	dardura	32095	1	P.4.4.34
darh	darh	32166	2	P.6.4.161|P.7.2.20
darin	darin	32086	1	P.3.2.157
darp	darp	32105	4	P.6.1.59|P.7.1.59|P.7.2.10|P.7.2.45
darpa	darpa	32108	1	P.3.1.134
darpaRa	darpaṇa	32110	1	P.3.1.134
darya	darya	32132	1	P.5.1.2
das	das	32358	1	P.7.2.27
dasyuhan	dasyuhan	32373	1	P.8.2.17
datta	datta	31803	5	P.4.1.121|P.5.3.78|P.6.1.205|P.6.2.148|P.6.3.38
datti	datti	31816	1	P.7.4.46
davaTu	davathu	32203	1	P.3.3.89
day	day	32053	2	P.2.3.52|P.3.1.37
dayAlu	dayālu	32057	1	P.3.2.158
deSIya	deśīya	34847	3	P.5.3.67|P.6.3.35|P.6.3.42
deSa	deśa	34826	1	P.1.1.75
deSya	deśya	34849	4	P.4.3.54|P.5.3.67|P.6.2.131|P.6.2.139
deha	deha	34856	2	P.2.4.31|P.4.1.41
dehalI	dehalī	34877	1	P.4.1.41
devAnAMpriya	devānāṃpriya	34748	1	P.5.3.14
devAy	devāy	34760	1	P.7.4.38
devIMDiyaka	devīṃdhiyaka	34796	1	P.5.2.62
devIrApasaka	devīrāpasaka	34804	1	P.5.2.62
deva	deva	34377	7	P.1.2.38|P.1.4.88|P.2.1.12|P.2.1.59|P.3.1.134|P.3.3.121|P.5.4.155
devaBIti	devabhīti	34566	1	P.6.2.42
devaKAta	devakhāta	34411	1	P.6.2.148
devabrAhmaRa	devabrāhmaṇa	34562	1	P.2.1.69
devabrahman	devabrahman	34561	1	P.5.4.104
devacCandas	devacchandas	34435	1	P.5.4.103
devadarSa	devadarśa	34479	1	P.4.3.106
devadatta	devadatta	34475	4	P.1.1.75|P.3.3.174|P.6.2.148|P.8.2.6
devadattaka	devadattaka	34476	2	P.5.2.78|P.5.3.112
devadryaYc	devadryañc	34496	1	P.6.3.92
devahU	devahū	34726	1	P.4.1.105
devahUti	devahūti	34727	1	P.6.2.42
devahUya	devahūya	34728	2	P.3.1.1|P.3.1.123
devakIya	devakīya	34394	1	P.4.2.138
devaka	devaka	34381	1	P.7.3.1
devalAti	devalāti	34638	1	P.6.2.42
devalaka	devalaka	34635	1	P.5.3.99
devamitra	devamitra	34588	1	P.6.2.165
devapAlita	devapālita	34534	1	P.6.2.148
devapaTa	devapatha	34525	1	P.5.3.100
devapratikfti	devapratikṛti	34543	1	P.5.3.99
devarAta	devarāta	34628	2	P.4.2.116|P.4.3.118
devaraTa	devaratha	34621	1	P.4.1.154
devasUda	devasūda	34712	1	P.6.2.129
devasyatvaka	devasyatvaka	34719	1	P.5.2.62
devatA	devatā	34452	2	P.5.4.27|P.7.3.107
devatAti	devatāti	34459	1	P.4.4.142
devatara	devatara	34448	1	P.4.1.123
devatrA	devatrā	34473	1	P.5.4.56
devatya	devatya	34472	1	P.5.4.24
devaviSA	devaviśā	34660	1	P.4.1.4
devayAtu	devayātu	34604	1	P.4.2.53
devayajya	devayajya	34599	1	P.3.1.123
devayitar	devayitar	34609	1	P.3.2.147
devidAsa	devidāsa	34785	1	P.6.3.63
devika	devika	34782	2	P.5.3.78|P.7.3.50
deviya	deviya	34787	1	P.5.3.79
deya	deya	34373	1	P.4.3.47
dfQa	dṛḍha	34221	1	P.2.4.31
dfQaDanus	dṛḍhadhanus	34241	1	P.5.4.133
dfQaDanvan	dṛḍhadhanvan	34242	1	P.5.4.133
dfQaDur	dṛḍhadhur	34244	1	P.5.4.74
dfS	dṛś	34312	1	P.7.1.83
dfSa	dṛśa	34313	1	P.5.4.107
dfSvan	dṛśvan	34331	1	P.3.2.94
dfSya	dṛśya	34325	1	P.4.4.87
dfnBU	dṛnbhū	34302	1	P.6.4.84
dftihAra	dṛtihāra	34297	1	P.3.2.25
dftihari	dṛtihari	34296	1	P.3.2.25
dftya	dṛtya	34298	1	P.3.1.109
dfzacCArada	dṛṣacchārada	34332	1	P.6.2.9
dfzad	dṛṣad	34334	1	P.2.2.31
dfzadimAzaka	dṛṣadimāṣaka	34335	1	P.6.3.10
dfzadvant	dṛṣadvant	34337	1	P.8.2.10
dfzady	dṛṣady	34336	1	P.6.4.50
dfzwi	dṛṣṭi	34351	1	P.3.4.74
dfzwin	dṛṣṭin	34357	1	P.5.2.88
diDizu	didhiṣu	32884	1	P.6.2.19
diS	diś	33064	17	P.1.1.28|P.1.1.50|P.1.1.52|P.1.1.55|P.1.1.66|P.1.2.43|P.1.2.49|P.1.2.53|P.3.1.45|P.3.2.59|P.4.3.80|P.4.3.100|P.4.3.156|P.5.4.107|P.6.2.190|P.6.3.109|P.7.2.10
diSodaRqa	diśodaṇḍa	33071	1	P.6.3.8
diSya	diśya	33072	1	P.4.3.54
dih	dih	33077	4	P.7.2.10|P.7.3.73|P.8.4.17|P.8.4.47
dikam	dikam	32797	1	P.1.4.57
dina	dina	32887	1	P.2.4.31
ditsya	ditsya	32862	1	P.3.1.97
dityavah	dityavah	32859	3	P.3.2.64|P.6.4.132|P.8.2.31
div	div	32939	21	P.1.2.18|P.1.2.26|P.1.4.43|P.2.3.57|P.2.3.58|P.2.3.59|P.2.3.60|P.3.2.129|P.6.1.66|P.6.2.142|P.6.3.29|P.6.3.30|P.6.4.19|P.6.4.121|P.7.1.34|P.7.1.72|P.7.1.90|P.7.2.4|P.7.2.49|P.8.2.49|P.8.2.77
divA	divā	32961	1	P.1.1.37
divABUta	divābhūta	32977	1	P.7.4.32
divAkara	divākara	32962	1	P.3.2.21
divAmanya	divāmanya	32980	1	P.6.3.66
divAtana	divātana	32969	1	P.4.3.23
diva	diva	32940	1	P.5.4.107
divasa	divasa	32947	1	P.2.4.31
divija	divija	32996	1	P.6.3.15
divispfS	divispṛś	33011	1	P.8.3.110
divizWa	diviṣṭha	33009	1	P.8.3.97
divy	divy	33023	1	P.8.2.77
divya	divya	33024	1	P.4.2.101
dizwi	diṣṭi	33075	2	P.1.1.37|P.6.2.31
dogDavya	dogdhavya	34998	1	P.8.2.32
dohIyaMs	dohīyaṃs	35065	2	P.5.3.59|P.6.4.154
doha	doha	35047	1	P.2.2.14
dohin	dohin	35064	1	P.3.2.142
dohita	dohita	35063	1	P.5.2.36
dohya	dohya	35066	2	P.3.1.109|P.6.1.214
doqI	doḍī	35000	1	P.4.3.167
dos	dos	35045	1	P.6.1.63
dozABUta	doṣābhūta	35037	1	P.7.4.32
dozAmanya	doṣāmanya	35038	1	P.6.3.66
dozAtana	doṣātana	35035	1	P.4.3.23
doza	doṣa	35016	2	P.1.1.37|P.3.1.134
dozan	doṣan	35024	1	P.6.1.63
dozavant	doṣavant	35027	2	P.7.2.77|P.7.2.78
dozin	doṣin	35042	1	P.3.2.142
drA	drā	35321	9	P.5.2.36|P.6.1.192|P.6.4.114|P.7.1.4|P.7.2.10|P.7.2.49|P.7.2.67|P.8.2.43|P.8.4.17
drAGiman	drāghiman	35330	1	P.6.4.157
drAkzA	drākṣā	35324	2	P.4.3.167|P.6.2.134
drAkzAmant	drākṣāmant	35326	1	P.8.2.9
drAkzAprasTa	drākṣāprastha	35325	1	P.6.2.88
drOGaRaka	draughaṇaka	35483	1	P.4.2.80
drORAyana	drauṇāyana	35485	1	P.4.1.103
drORi	drauṇi	35487	1	P.4.1.103
drORika	drauṇika	35488	3	P.5.1.20|P.5.1.45|P.5.1.52
drOhika	drauhika	35493	1	P.5.1.64
drOhya	drauhya	35494	1	P.4.1.112
drOhyava	drauhyava	35495	1	P.4.1.168
drOpadAyani	draupadāyani	35491	1	P.4.2.80
draQiman	draḍhiman	35251	1	P.5.1.123
drava	drava	35263	2	P.3.3.27|P.6.1.24
dravant	dravant	35276	2	P.4.1.54|P.6.1.24
dravas	dravas	35279	1	P.3.1.27
dravaty	dravaty	35272	1	P.3.1.27
draviRIy	draviṇīy	35292	1	P.7.4.36
draviRasyu	draviṇasyu	35289	1	P.7.4.36
dravyAntara	dravyāntara	35313	1	P.2.1.72
dravya	dravya	35302	5	P.4.2.1|P.4.3.161|P.5.1.47|P.5.3.104|P.5.4.11
dravyaka	dravyaka	35303	1	P.5.1.50
drazwar	draṣṭar	35314	2	P.4.1.114|P.5.2.91
drazwavya	draṣṭavya	35315	3	P.1.1.43|P.8.4.2|P.8.4.39
droRa	droṇa	35439	4	P.2.4.31|P.4.1.41|P.4.1.103|P.6.3.79
droRapadI	droṇapadī	35449	1	P.5.4.139
droha	droha	35477	1	P.1.4.37
drohin	drohin	35481	1	P.3.2.142
drohita	drohita	35480	1	P.5.2.36
dru	dru	35359	5	P.1.3.86|P.1.4.109|P.3.1.48|P.7.2.13|P.7.4.81
druGaRa	drughaṇa	35364	2	P.3.3.82|P.4.2.80
druGana	drughana	35365	1	P.3.3.82
druRa	druṇa	35369	1	P.4.1.41
druRasa	druṇasa	35370	1	P.5.4.118
druh	druh	35413	7	P.1.4.37|P.1.4.38|P.2.1.64|P.3.2.161|P.7.2.45|P.8.2|P.8.2.33
druhaRa	druhaṇa	35415	1	P.4.2.80
druhya	druhya	35420	2	P.2.4.63|P.4.1.112
druma	druma	35384	1	P.5.2.108
drumant	drumant	35388	1	P.8.2.9
drupadI	drupadī	35383	1	P.5.4.139
drupada	drupada	35382	1	P.4.2.80
druvaya	druvaya	35408	1	P.4.3.162
du	du	33323	1	P.8.2.45
duGa	dugha	33376	1	P.3.2.70
duHKAkar	duḥkhākar	33342	1	P.5.4.64
duHKAy	duḥkhāy	33346	1	P.3.1.18
duHKajAta	duḥkhajāta	33328	1	P.6.2.170
duHKin	duḥkhin	33348	1	P.5.2.131
duHKita	duḥkhita	33347	1	P.5.2.36
duHKy	duḥkhy	33350	1	P.3.1.27
duHSAka	duḥśāka	33905	1	P.2.1.6
duHSakta	duḥśakta	33902	1	P.5.4.121
duHsakTa	duḥsaktha	34040	1	P.5.4.121
duHstrI	duḥstrī	34061	1	P.5.1.130
duHzAman	duḥṣāman	34016	1	P.8.3.98
duHzUti	duḥṣūti	34018	1	P.8.3.88
duHzaMDi	duḥṣaṃdhi	34012	1	P.8.3.98
duHzama	duḥṣama	34013	3	P.2.1.17|P.6.2.121|P.8.3.88
duHzeDa	duḥṣedha	34019	1	P.8.3.98
duHzupta	duḥṣupta	34017	1	P.8.3.88
duh	duh	34075	10	P.1.4.51|P.3.1.45|P.3.1.63|P.3.1.89|P.3.2.61|P.7.1.8|P.7.1.41|P.7.2.10|P.7.3.72|P.7.3.73
duhitar	duhitar	34077	1	P.6.3.34
duhitfpati	duhitṛpati	34080	1	P.6.3.24
duhituHpati	duhituḥpati	34078	1	P.6.3.24
duhya	duhya	34082	1	P.3.1.109
dunduBizevaRa	dundubhiṣevaṇa	33400	1	P.8.3.98
durAQyaMBava	durāḍhyaṃbhava	33465	1	P.3.3.127
durAQyaMkara	durāḍhyaṃkara	33464	1	P.3.3.127
durBaga	durbhaga	33697	1	P.6.3.34
durBrAtar	durbhrātar	33713	1	P.5.1.130
durDI	durdhī	33661	1	P.6.4.82
durahna	durahna	33451	1	P.8.4.7
durasyu	durasyu	33450	1	P.7.4.36
durdatta	durdatta	33626	1	P.7.4.47
durdurUwa	durdurūṭa	33638	1	P.2.1.53
durga	durga	33552	1	P.4.1.99
durgagupta	durgagupta	33555	1	P.6.3.63
durgasiMha	durgasiṃha	33577	1	P.6.3.63
durhala	durhala	33856	1	P.5.4.121
durhfd	durhṛd	33862	1	P.5.4.150
durhfdaya	durhṛdaya	33863	1	P.5.1.130
durlABa	durlābha	33775	1	P.7.1.68
durlaBa	durlabha	33766	1	P.7.1.68
durmanAy	durmanāy	33723	1	P.3.1.12
durmeDas	durmedhas	33748	1	P.5.4.122
durmitra	durmitra	33740	1	P.4.1.96
dustarIpa	dustarīpa	34027	1	P.6.2.184
duvasy	duvasy	33875	1	P.3.1.27
duz	duṣ	33917	8	P.1.4.60|P.2.1.6|P.2.2.18|P.3.3.126|P.6.4.90|P.6.4.91|P.7.1.30|P.7.2.10
duzkara	duṣkara	33918	1	P.3.3.126
duzkaraRa	duṣkaraṇa	33920	1	P.6.2.14
duzkulIna	duṣkulīna	33930	1	P.4.1.142
duzkula	duṣkula	33928	2	P.2.2.18|P.4.1.142
duzpAna	duṣpāna	33963	2	P.3.3.128|P.8.4.35
duzpIta	duṣpīta	33966	1	P.8.3.41
duzprajas	duṣprajas	33974	1	P.5.4.122
duzpralamBa	duṣpralambha	33988	1	P.7.1.67
duzpuruza	duṣpuruṣa	33968	1	P.5.1.124
duzwIy	duṣṭīy	33949	1	P.7.4.36
duzwu	duṣṭu	33952	3	P.1.1.37|P.5.1.129|P.8.3.98
dvAcatvAriMSat	dvācatvāriṃśat	35524	1	P.6.3.49
dvAdaSAnyika	dvādaśānyika	35558	1	P.4.4.64
dvAdaSa	dvādaśa	35530	1	P.5.2.48
dvAdaSan	dvādaśan	35536	1	P.6.3.47
dvAnavati	dvānavati	35571	1	P.6.3.49
dvApaYcASat	dvāpañcāśat	35573	1	P.6.3.49
dvAra	dvāra	35576	4	P.2.1.69|P.4.3.86|P.8.2.19|P.8.4.9
dvArapAla	dvārapāla	35589	1	P.4.1.146
dvArapAlika	dvārapālika	35591	1	P.4.1.146
dvAsaptati	dvāsaptati	35619	1	P.6.3.49
dvAtriMSat	dvātriṃśat	35528	1	P.6.3.47
dvAviMSa	dvāviṃśa	35610	1	P.6.4.142
dvAviMSati	dvāviṃśati	35611	1	P.6.3.47
dvAzazwi	dvāṣaṣṭi	35616	1	P.6.3.49
dvE	dvai	35921	1	P.1.4.57
dvEBAvya	dvaibhāvya	35950	1	P.5.1.124
dvEDa	dvaidha	35933	1	P.5.3.45
dvESARa	dvaiśāṇa	35962	1	P.5.1.36
dvEdatti	dvaidatti	76413	1	P.4.1.88
dvEguRika	dvaiguṇika	35923	1	P.4.4.30
dvEhAyana	dvaihāyana	120403	1	P.5.1.130
dvEmAtura	dvaimātura	35951	2	P.4.1.115|P.6.3.47
dvEpAyana	dvaipāyana	35946	1	P.4.1.99
dvEpa	dvaipa	35939	3	P.4.2.12|P.4.2.133|P.4.3.10
dvEpadika	dvaipadika	35944	1	P.4.2.60
dvEpaka	dvaipaka	35940	2	P.4.2.127|P.4.2.134
dvEpya	dvaipya	35949	2	P.4.3.10|P.6.2.34
dvEsamika	dvaisamika	35964	1	P.7.3.15
dvEvarzika	dvaivarṣika	35960	1	P.7.3.16
dvEyAhAvaka	dvaiyāhāvaka	35955	1	P.4.2.127
dvIpa	dvīpa	35893	3	P.2.4.31|P.5.4.74|P.6.3.97
dva	dva	35497	3	P.1.1.27|P.6.3.47|P.6.3.49
dvaMdva	dvaṃdva	35500	7	P.1.2.63|P.2.2.29|P.2.4.2|P.3.1.64|P.6.2.141|P.7.3.21|P.8.1.15
dvaka	dvaka	35498	1	P.7.3.47
dvaya	dvaya	35509	1	P.5.2.43
dvayasa	dvayasa	35511	3	P.4.1.15|P.5.2.37|P.5.2.38
dveDA	dvedhā	35909	1	P.5.3.46
dvezin	dveṣin	35914	1	P.3.2.142
dviBAva	dvibhāva	35767	1	P.5.1.124
dviDA	dvidhā	35722	3	P.1.1.69|P.1.3.41|P.5.3.42
dviKArIka	dvikhārīka	35633	1	P.5.1.33
dviSARa	dviśāṇa	35840	1	P.5.1.36
dviSUrpa	dviśūrpa	35843	1	P.5.1.28
dviSas	dviśas	35839	1	P.5.4.43
dviSataka	dviśataka	35833	1	P.5.1.21
dviSatikA	dviśatikā	35835	2	P.5.4.1|P.5.4.2
dviSatya	dviśatya	35836	1	P.5.1.34
dvicatvAriMSat	dvicatvāriṃśat	35643	1	P.6.3.49
dvidaRqi	dvidaṇḍi	35710	1	P.5.4.128
dvidaSa	dvidaśa	35714	2	P.2.2.25|P.6.3.47
dvidant	dvidant	35712	2	P.5.4.141|P.6.2.197
dvigu	dvigu	35635	5	P.2.1.23|P.2.1.52|P.2.4.1|P.4.1.21|P.5.4.99
dviguRAkarRa	dviguṇākarṇa	35638	1	P.6.3.115
dvija	dvija	35646	1	P.3.2.101
dvikArzApaRa	dvikārṣāpaṇa	35630	1	P.5.1.29
dvika	dvika	35624	1	P.5.2.77
dvikara	dvikara	35629	1	P.3.2.21
dvimAzya	dvimāṣya	35772	1	P.5.1.34
dvimUrDa	dvimūrdha	35777	2	P.5.4.115|P.6.2.197
dvimUrDan	dvimūrdhan	35778	1	P.6.2.197
dvimaya	dvimaya	76393	1	P.5.2.47
dvimuni	dvimuni	35775	1	P.2.1.19
dvimusali	dvimusali	35776	1	P.5.4.128
dvinavati	dvinavati	35732	1	P.6.3.49
dvinizka	dviniṣka	35736	2	P.4.3.156|P.5.1.30
dvipAdya	dvipādya	35756	1	P.5.1.34
dvipa	dvipa	35737	1	P.3.2.4
dvipaRya	dvipaṇya	35743	1	P.5.1.34
dvipaYcASat	dvipañcāśat	35741	1	P.6.3.49
dvipad	dvipad	35746	4	P.5.4.139|P.5.4.140|P.6.2.197|P.6.4.130
dvipada	dvipada	35748	1	P.4.1.9
dvipadikA	dvipadikā	35751	2	P.5.4.1|P.5.4.2
dvipratika	dvipratika	35762	1	P.5.1.29
dvirvacana	dvirvacana	35809	3	P.1.1.58|P.1.1.59|P.8.1.11
dvis	dvis	35867	4	P.2.3.5|P.2.3.64|P.5.4.18|P.8.3.43
dvisAMvatsarika	dvisāṃvatsarika	35876	1	P.7.3.15
dvisAhasra	dvisāhasra	35878	3	P.4.3.156|P.5.1.29|P.8.3.106
dvisAptatika	dvisāptatika	35877	1	P.7.3.15
dvisahasra	dvisahasra	35874	2	P.4.3.156|P.5.1.29
dvisaptati	dvisaptati	35870	1	P.6.3.49
dvistAvA	dvistāvā	35882	1	P.5.4.84
dvistanA	dvistanā	35881	1	P.6.2.164
dvitIyAkar	dvitīyākar	35704	1	P.5.4.58
dvitIya	dvitīya	35698	15	P.1.1.50|P.2.1.8|P.2.1.24|P.2.2.3|P.2.2.4|P.2.3.2|P.2.4.34|P.5.2.54|P.5.3.49|P.6.2.2|P.6.2.47|P.7.2.87|P.7.3.115|P.8.1.20|P.8.4.48
dvitIyaka	dvitīyaka	35699	2	P.5.2.77|P.5.2.81
dvitIyika	dvitīyika	35706	1	P.5.1.48
dvitaya	dvitaya	35694	2	P.1.1.33|P.5.2.48
dvitra	dvitra	35708	3	P.2.2.25|P.5.4.73|P.6.3.47
dvitva	dvitva	35709	4	P.1.1.58|P.1.1.59|P.2.4.75|P.8.4.46
dvivArzika	dvivārṣika	35821	1	P.7.3.16
dvivacana	dvivacana	35813	6	P.1.1.11|P.1.2.63|P.1.4.22|P.1.4.102|P.7.1.77|P.7.2.92
dviveda	dviveda	35829	1	P.4.1.88
dviviMSatikIna	dviviṃśatikīna	35823	1	P.5.1.32
dvivista	dvivista	35828	1	P.5.1.31
dviyamunam	dviyamunam	35780	1	P.2.1.20
dviz	dviṣ	35847	4	P.3.2.61|P.3.2.131|P.3.4.112|P.7.2.10
dvizAhasra	dviṣāhasra	35861	1	P.8.3.97
dvizAzwika	dviṣāṣṭika	35860	2	P.5.1.57|P.7.3.15
dvizWa	dviṣṭha	35866	1	P.8.3.97
dvizaMDi	dviṣaṃdhi	35854	1	P.8.3.106
dvizaMtapa	dviṣaṃtapa	35853	3	P.3.2.39|P.6.3.67|P.6.4.94
dvizazwi	dviṣaṣṭi	35857	1	P.6.3.49
dvizwamAm	dviṣṭamām	35865	1	P.8.2.27
dvyAhAva	dvyāhāva	35986	1	P.4.2.127
dvyAkzAyaRa	dvyākṣāyaṇa	35982	1	P.4.2.54
dvyAyuza	dvyāyuṣa	35985	1	P.5.4.77
dvyaNgula	dvyaṅgula	35970	1	P.6.2.115
dvyaSIti	dvyaśīti	35975	1	P.6.3.47
dvyaYjala	dvyañjala	35971	1	P.5.4.102
dvyahIna	dvyahīna	35981	1	P.6.4.145
dvyaha	dvyaha	35979	1	P.6.4.145
dyAvApfTivIya	dyāvāpṛthivīya	35146	1	P.4.2.32
dyUta	dyūta	35210	2	P.2.4.31|P.8.2.49
dyotaka	dyotaka	35228	3	P.1.4.93|P.2.1.6|P.2.1.14
dyotya	dyotya	76287	4	P.1.3.14|P.1.4.85|P.1.4.96|P.3.2.81
dyuma	dyuma	35184	1	P.5.2.108
dyut	dyut	35162	9	P.1.2.21|P.1.2.26|P.1.3.77|P.1.3.91|P.1.4.90|P.2.3.10|P.3.1.55|P.7.4.65|P.7.4.67
e	e	13193	2	P.1.2.34|P.1.4.57
eD	edh	13512	1	P.6.1.89
eDa	edha	13513	2	P.1.3.22|P.6.4.29
eRIpacana	eṇīpacana	13489	1	P.1.1.75
eRIpada	eṇīpada	13490	1	P.5.4.120
eRa	eṇa	13485	1	P.4.3.159
ehi	ehi	13600	1	P.4.1.73
ehikawA	ehikaṭā	13601	1	P.2.1.72
ehiyava	ehiyava	13603	1	P.2.1.72
ej	ej	13470	1	P.6.1.94
ejaya	ejaya	13473	1	P.3.2.28
eji	eji	13474	1	P.4.1.151
ekAdeSa	ekādeśa	13424	3	P.6.1.86|P.6.1.88|P.8.2.5
ekAha	ekāha	13451	2	P.5.2.19|P.5.4.90
ekAkin	ekākin	13404	1	P.5.3.52
ekAntara	ekāntara	13432	1	P.8.1.55
ekArTa	ekārtha	13443	1	P.2.1.1
ekEka	ekaika	13459	2	P.8.1.9|P.8.2.86
eka	eka	68841	9	P.1.1.21|P.1.1.27|P.1.2.64|P.2.1.49|P.5.2.118|P.6.3.62|P.6.3.76|P.7.2.45|P.8.1.65
ekaDA	ekadhā	13264	2	P.5.3.42|P.5.3.43
ekaDarmin	ekadharmin	13263	1	P.1.2.42
ekaDurIRa	ekadhurīṇa	13267	1	P.4.4.79
ekaDura	ekadhura	13265	1	P.4.4.79
ekaSAKa	ekaśākha	13379	1	P.4.2.138
ekaSAlA	ekaśālā	13380	1	P.5.3.109
ekaSAlika	ekaśālika	13381	1	P.5.3.109
ekaSas	ekaśas	13378	1	P.1.4.102
ekaSeza	ekaśeṣa	13387	1	P.1.2.64
ekaSitipad	ekaśitipad	13382	1	P.6.2.81
ekaSruti	ekaśruti	13389	3	P.1.2.33|P.1.2.37|P.1.2.39
ekadA	ekadā	13248	1	P.5.3.15
ekadeSa	ekadeśa	13254	3	P.1.1.62|P.4.3.7|P.5.4.52
ekadeSin	ekadeśin	13256	1	P.2.2.1
ekadiS	ekadiś	13249	1	P.4.3.112
ekagrAma	ekagrāma	13207	1	P.4.2.138
ekaka	ekaka	13197	1	P.5.3.52
ekakara	ekakara	13199	1	P.3.2.21
ekalU	ekalū	13345	1	P.4.1.105
ekapad	ekapad	13286	1	P.5.4.139
ekapadi	ekapadi	13289	1	P.5.4.128
ekapalASa	ekapalāśa	13295	1	P.4.2.138
ekapari	ekapari	13292	1	P.2.1.10
ekapatnI	ekapatnī	68875	2	P.4.1.35|P.4.1.45
ekaprasTa	ekaprastha	13308	1	P.6.2.88
ekapuzpA	ekapuṣpā	13307	1	P.4.1.4
ekarUpya	ekarūpya	13337	1	P.6.3.62
ekatama	ekatama	13231	1	P.5.3.94
ekatara	ekatara	13232	1	P.5.3.94
ekatra	ekatra	13240	1	P.6.1.194
ekavacana	ekavacana	13347	5	P.1.2.61|P.1.4.22|P.1.4.102|P.2.4.1|P.7.2.97
ekavat	ekavat	13348	1	P.1.2.69
ekavfkza	ekavṛkṣa	13368	1	P.4.2.138
elAka	elāka	13546	1	P.4.1.105
elAy	elāy	13550	1	P.3.1.27
ena	ena	13519	1	P.2.4.34
eqakIy	eḍakīy	13479	1	P.6.1.94
eqaka	eḍaka	13478	1	P.4.1.4
etAvant	etāvant	13509	1	P.5.2.39
etAvattva	etāvattva	13508	1	P.2.4.15
eta	eta	13492	2	P.4.1.39|P.6.2.3
etad	etad	13495	5	P.1.1.27|P.3.3.131|P.6.1.132|P.6.2.162|P.7.3.47
etarhi	etarhi	13503	2	P.5.3.4|P.5.3.16
eva	eva	13555	3	P.8.1.24|P.8.1.58|P.8.1.62
evaMkAram	evaṃkāram	13565	1	P.3.4.27
evam	evam	13571	1	P.1.2.27
ezaRa	eṣaṇa	13585	2	P.4.1.41|P.8.1.43
f	ṛ	12893	1	P.1.4.57
fBukzIn	ṛbhukṣīn	13112	1	P.6.4.15
fBukzan	ṛbhukṣan	13111	4	P.6.4.9|P.7.1.85|P.7.1.86|P.7.1.88
fDak	ṛdhak	13103	1	P.1.1.37
fRa	ṛṇa	12986	3	P.2.4.31|P.4.3.47|P.8.2.60
fSya	ṛśya	13120	1	P.4.2.80
fSyaka	ṛśyaka	13121	1	P.4.2.80
fc	ṛc	12936	1	P.5.4.77
fcCakA	ṛcchakā	12943	1	P.6.1.91
fca	ṛca	12937	1	P.5.4.74
fgayana	ṛgayana	12923	2	P.4.3.73|P.8.4.3
fjIzita	ṛjīṣita	12953	1	P.5.2.36
fjiman	ṛjiman	12947	1	P.5.1.122
fju	ṛju	12956	1	P.6.4.162
fksAma	ṛksāma	12922	2	P.2.4.14|P.5.4.77
fkvan	ṛkvan	12900	1	P.1.4.20
fkza	ṛkṣa	12903	1	P.2.1.56
fkzoda	ṛkṣoda	12918	1	P.4.3.91
ftAzah	ṛtāṣah	13049	2	P.6.3.116|P.8.3.109
ftIzah	ṛtīṣah	13054	2	P.6.3.116|P.8.3.109
fta	ṛta	13003	1	P.1.4.57
ftavya	ṛtavya	13035	1	P.4.2.31
fte	ṛte	13085	2	P.1.1.37|P.2.3.29
ftiMkara	ṛtiṃkara	13051	1	P.3.2.43
ftu	ṛtu	13055	2	P.4.3.19|P.4.3.21
ftuyAja	ṛtuyāja	13070	2	P.3.4|P.7.3.62
ftvij	ṛtvij	13091	1	P.3.2.59
ftviya	ṛtviya	13093	2	P.5.1.106|P.6.4.175
fzI	ṛṣī	13164	1	P.4.1.41
fzIvaha	ṛṣīvaha	13169	1	P.6.3.121
fzIvatI	ṛṣīvatī	13167	1	P.8.2.11
fzaBa	ṛṣabha	13126	1	P.2.1.56
fzaBatara	ṛṣabhatara	13130	1	P.5.3.91
fzi	ṛṣi	13134	4	P.2.1.50|P.3.2.186|P.4.1.114|P.4.4.96
fzika	ṛṣika	13135	1	P.5.1.128
fzizeRa	ṛṣiṣeṇa	13160	1	P.4.1.104
fzwizeRa	ṛṣṭiṣeṇa	13174	2	P.4.1.104|P.4.1.112
fzyaSfNga	ṛṣyaśṛṅga	13183	1	P.6.2.115
fzyaka	ṛṣyaka	13176	1	P.4.2.80
gA	gā	22172	16	P.1.2.1|P.2.4.3|P.2.4.45|P.2.4.49|P.2.4.50|P.2.4.51|P.2.4.77|P.3.1.25|P.3.1.86|P.3.2.67|P.6.4.66|P.6.4.67|P.6.4.69|P.7.4.35|P.7.4.38|P.8.2.89
gADa	gādha	22245	1	P.6.2.4
gAMmanya	gāṃmanya	22282	1	P.6.3.68
gANgAyani	gāṅgāyani	22177	1	P.4.1.154
gANga	gāṅga	22175	1	P.4.1.112
gANgeya	gāṅgeya	22179	2	P.4.1.120|P.7.1.2
gANgika	gāṅgika	22178	1	P.5.1.39
gARAyana	gāṇāyana	72708	1	P.4.1.98
gARAyanya	gāṇāyanya	72709	1	P.4.1.98
gARakArya	gāṇakārya	22192	1	P.4.1.151
gARapata	gāṇapata	22194	1	P.4.1.84
gARika	gāṇika	22196	2	P.4.2.60|P.4.4.102
gARina	gāṇina	22198	1	P.6.4.165
gARqI	gāṇḍī	22201	1	P.5.2.110
gARqIva	gāṇḍīva	22203	2	P.2.4.31|P.5.2.110
gARqavya	gāṇḍavya	22199	2	P.4.1.18|P.4.1.105
gARqiva	gāṇḍiva	22200	1	P.5.2.110
gATAkAra	gāthākāra	22234	1	P.3.2.23
gATaka	gāthaka	22232	2	P.1.1.34|P.3.1.146
gATin	gāthin	22239	1	P.6.4.165
gATina	gāthina	22240	1	P.6.4.165
gAdi	gādi	22241	1	P.4.1.96
gAditya	gāditya	22242	1	P.4.2.80
gAh	gāh	22362	3	P.2.4.30|P.7.2.44|P.8.3.13
gAha	gāha	22363	2	P.3.1.134|P.6.3.60
gAlava	gālava	22348	4	P.6.3.61|P.7.1.74|P.7.3.99|P.8.4.67
gAmBIra	gāmbhīra	22280	1	P.4.2.75
gAmBIrya	gāmbhīrya	22281	1	P.4.3.58
gAmin	gāmin	22278	1	P.1.3.74
gAmuka	gāmuka	22279	1	P.3.2.154
gAnDAra	gāndhāra	22271	4	P.4.1.169|P.4.2.133|P.4.3.93|P.8.4.9
gAnDAraka	gāndhāraka	22272	1	P.4.2.134
gAnDAri	gāndhāri	22273	2	P.4.1.169|P.6.2.12
gAnDapiNgaleya	gāndhapiṅgaleya	22266	1	P.4.1.123
gAndika	gāndika	22262	1	P.4.3.93
gAqiki	gāḍiki	22186	1	P.4.2.80
gAqulya	gāḍulya	22187	1	P.5.1.124
gArBiRa	gārbhiṇa	22337	1	P.4.2.38
gArdaBaraTika	gārdabharathika	22327	1	P.6.2.155
gArgI	gārgī	22314	3	P.1.2.66|P.4.1.16|P.6.4.150
gArgIBUta	gārgībhūta	22317	1	P.6.4.152
gArgIputra	gārgīputra	22315	1	P.4.1.159
gArgIputrakAyaRi	gārgīputrakāyaṇi	22316	1	P.4.1.159
gArgIy	gārgīy	22318	1	P.6.4.152
gArgIya	gārgīya	22319	4	P.4.1.89|P.4.1.91|P.4.2.114|P.7.1.2
gArga	gārga	22309	2	P.4.1.147|P.4.3.127
gArgaka	gārgaka	22310	1	P.6.4.151
gArgarya	gārgarya	22311	1	P.4.1.151
gArgeya	gārgeya	22320	1	P.4.1.147
gArgikA	gārgikā	22313	1	P.5.1.134
gArgika	gārgika	22312	1	P.4.1.147
gArgyAyaRIya	gārgyāyaṇīya	22323	1	P.4.1.91
gArgyAyaRa	gārgyāyaṇa	22322	3	P.1.2.66|P.4.1.17|P.4.1.101
gArgya	gārgya	22321	4	P.4.1.105|P.7.3.99|P.8.3.20|P.8.4.67
gArhapata	gārhapata	22341	1	P.4.1.84
gArhapatya	gārhapatya	22342	2	P.1.3.25|P.4.4.90
gArmuta	gārmuta	22339	1	P.4.3.117
gArtaka	gārtaka	22324	1	P.4.2.127
gArzweya	gārṣṭeya	22340	1	P.4.1.136
gAtAgatika	gātāgatika	22208	1	P.4.4.19
gAtAnugatika	gātānugatika	22209	1	P.4.4.19
gAtra	gātra	22216	1	P.4.1.54
gAveDuka	gāvedhuka	22359	1	P.4.3.136
gAveSa	gāveśa	22360	1	P.4.2.75
gAveza	gāveṣa	22361	1	P.4.2.75
gAvizWirAyaRa	gāviṣṭhirāyaṇa	22357	1	P.4.1.100
gAvizWira	gāviṣṭhira	22356	1	P.4.1.105
gAyana	gāyana	22300	1	P.3.1.147
gDi	gdhi	23614	2	P.1.1.58|P.6.4.100
gErAyaRa	gairāyaṇa	23005	1	P.4.1.110
gIrvant	gīrvant	22489	1	P.8.2.15
gIstarA	gīstarā	22494	1	P.8.3.101
gIti	gīti	22478	1	P.1.2.34
gOBfta	gaubhṛta	23537	1	P.4.2.75
gODAra	gaudhāra	23518	1	P.4.1.130
gODUma	gaudhūma	23519	1	P.4.3.136
gODera	gaudhera	23523	1	P.4.1.129
gODerakAyaRi	gaudherakāyaṇi	23525	1	P.4.1.158
gODeya	gaudheya	23522	2	P.4.1.123|P.4.1.129
gORa	gauṇa	23504	3	P.1.4.108|P.7.1.21|P.8.3.82
gORika	gauṇika	23507	4	P.4.2.60|P.4.2.63|P.4.4.102|P.5.3.108
gOSakawika	gauśakaṭika	23603	1	P.5.2.118
gOSatika	gauśatika	23604	1	P.5.2.118
gOdanteya	gaudanteya	23516	1	P.4.1.123
gOggulava	gauggulava	23492	1	P.4.1.73
gOha	gauha	23612	1	P.4.2.77
gOhalavya	gauhalavya	23613	2	P.4.1.18|P.4.1.105
gOkAkza	gaukākṣa	23491	1	P.4.3.130
gOkakza	gaukakṣa	23488	1	P.4.2.111
gOkakzyAyaRi	gaukakṣyāyaṇi	23490	1	P.4.1.154
gOkakzya	gaukakṣya	23489	3	P.4.1.80|P.4.1.105|P.4.1.154
gOlANkAyana	gaulāṅkāyana	23596	1	P.4.1.110
gOlanda	gaulanda	23593	1	P.4.2.111
gOlandya	gaulandya	23594	1	P.4.1.105
gOlomana	gaulomana	23598	1	P.5.3.107
gOmAyana	gaumāyana	23541	2	P.4.1.110|P.6.4.114
gOmaTika	gaumathika	23540	1	P.4.2.80
gOmatAyana	gaumatāyana	23539	1	P.4.2.80
gOmata	gaumata	23538	2	P.1.1.75|P.4.2.110
gOnarda	gaunarda	23526	1	P.1.1.75
gOpAlapaSupAlikA	gaupālapaśupālikā	23530	1	P.5.1.133
gOpavana	gaupavana	23528	2	P.2.4.67|P.4.1.104
gOpika	gaupika	23532	1	P.4.1.112
gOpileya	gaupileya	23533	1	P.4.2.80
gOpteya	gaupteya	23536	1	P.4.1.121
gOpucCa	gaupuccha	23534	1	P.5.3.107
gOpucCika	gaupucchika	23535	2	P.4.4.6|P.5.1.19
gOqapura	gauḍapura	23500	1	P.6.2.100
gOqika	gauḍika	23502	1	P.4.4.103
gOra	gaura	23542	3	P.1.1.19|P.2.2.38|P.4.1.41
gOragrIva	gauragrīva	23545	1	P.4.3.131
gOramuKa	gauramukha	23551	1	P.4.1.58
gOrasakTa	gaurasaktha	23558	1	P.5.4.113
gOrava	gaurava	23553	2	P.2.2.11|P.5.1.122
gOravita	gauravita	23555	1	P.5.2.36
gOrimant	gaurimant	23571	1	P.4.1.73
gOrizakTa	gauriṣaktha	23574	1	P.8.3.98
gOsahasrika	gausahasrika	23611	1	P.5.2.118
gOtama	gautama	23509	2	P.4.1.41|P.4.1.73
gOvAsanika	gauvāsanika	23602	1	P.4.2.116
gOzWI	gauṣṭhī	23609	1	P.4.2.110
gOzWIna	gauṣṭhīna	23610	1	P.5.2.18
gUQotman	gūḍhotman	22802	1	P.6.3.109
gUTa	gūtha	22803	1	P.2.4.31
ga	ga	21319	3	P.1.3.86|P.3.2.8|P.3.2.48
gaBIkA	gabhīkā	21803	1	P.4.3.167
gaNgA	gaṅgā	21341	1	P.2.4.7
gaNgadAsa	gaṅgadāsa	72401	1	P.6.3.63
gaNgadatta	gaṅgadatta	21340	1	P.6.3.62
gaRaSas	gaṇaśas	21507	1	P.1.1.23
gaRakAri	gaṇakāri	21464	1	P.4.1.151
gaRaka	gaṇaka	21461	2	P.4.1.48|P.5.1.22
gaRana	gaṇana	21479	1	P.5.4.17
gaRapAWa	gaṇapāṭha	21488	1	P.1.1.34
gaRapAda	gaṇapāda	21489	1	P.6.2.81
gaRapati	gaṇapati	21486	1	P.4.1.84
gaRatiTa	gaṇatitha	21471	1	P.5.2.52
gaRay	gaṇay	21498	3	P.1.3.67|P.6.4.56|P.7.4.97
gaRikApAda	gaṇikāpāda	21519	1	P.5.4.138
gaRin	gaṇin	72499	1	P.6.4.165
gaRitin	gaṇitin	21523	1	P.5.2.88
gaRqapAda	gaṇḍapāda	21549	1	P.5.4.138
gaRqay	gaṇḍay	21556	1	P.6.4.55
gaRqolakapAda	gaṇḍolakapāda	21577	1	P.5.4.138
gaRqu	gaṇḍu	72513	2	P.4.1.105|P.5.2.97
gaRqula	gaṇḍula	21571	1	P.5.2.97
gaRya	gaṇya	21578	3	P.4.3.54|P.4.4.84|P.6.2.131
gad	gad	21607	2	P.7.2.7|P.8.4.17
gadgadaka	gadgadaka	21630	1	P.5.2.64
gadgady	gadgady	21635	1	P.3.1.27
gadya	gadya	21636	1	P.3.1.100
gahIya	gahīya	22164	1	P.4.2.138
gaha	gaha	22159	1	P.4.2.138
gahana	gahana	22160	1	P.8.4.39
gahva	gahva	22166	1	P.4.2.80
gahvara	gahvara	22167	1	P.4.2.80
gala	gala	22050	3	P.4.1.45|P.4.1.56|P.8.2.21
galecopaka	galecopaka	22081	2	P.2.1.32|P.3.3.113
galyA	galyā	22090	1	P.4.2.49
gam	gam	72578	47	P.1.1.62|P.1.2.13|P.1.2.55|P.1.3.15|P.1.3.29|P.1.4.52|P.1.4.69|P.2.1.14|P.2.1.24|P.2.1.26|P.2.2.13|P.2.3.12|P.2.3.68|P.2.4.1|P.2.4.46|P.2.4.47|P.2.4.48|P.2.4.80|P.3.1.55|P.3.1.86|P.3.1.105|P.3.2.10|P.3.2.105|P.3.2.107|P.3.4.9|P.3.4.72|P.3.4.76|P.4.1.161|P.4.3.74|P.4.3.85|P.6.1.7|P.6.2.13|P.6.4.16|P.6.4.37|P.6.4.38|P.6.4.98|P.7.1.47|P.7.2.58|P.7.2.68|P.7.3.77|P.7.4.65|P.7.4.85|P.8.1.12|P.8.1.60|P.8.1.62|P.8.2.65|P.8.3.24
gama	gama	72579	2	P.3.3.58|P.5.2.19
gamin	gamin	21826	2	P.2.3.70|P.3.3.3
ganDAra	gandhāra	21771	2	P.4.2.133|P.4.3.93
ganDa	gandha	21648	1	P.5.4.136
ganDana	gandhana	72549	3	P.1.2.15|P.1.2.25|P.1.3.32
ganDapiNgalA	gandhapiṅgalā	21694	1	P.4.1.123
ganDavant	gandhavant	21745	1	P.5.2.95
ganDi	gandhi	21781	3	P.5.4.135|P.5.4.136|P.5.4.137
gandikA	gandikā	21646	1	P.4.3.93
gantar	gantar	21641	2	P.2.3.12|P.6.2.18
gaqika	gaḍika	72461	1	P.4.2.80
gaqu	gaḍu	21449	1	P.1.3.37
gaquka	gaḍuka	21450	1	P.2.4.69
gaqula	gaḍula	21453	4	P.2.2.38|P.4.1.41|P.5.1.124|P.5.2.97
gar	gar	21849	17	P.1.3.51|P.1.3.52|P.1.4.41|P.3.1.15|P.3.1.24|P.3.1.38|P.3.4.104|P.6.1.189|P.6.1.192|P.6.4.52|P.7.2.5|P.7.2.10|P.7.2.11|P.7.2.75|P.7.3.85|P.8.2.20|P.8.2.21
garBADAna	garbhādhāna	22016	1	P.3.3.71
garBagrahaRa	garbhagrahaṇa	21955	2	P.3.3.71|P.6.1.55
garBetfpta	garbhetṛpta	22024	2	P.2.1.48|P.6.2.81
garBin	garbhin	22023	1	P.2.1.71
garBita	garbhita	22022	1	P.5.2.36
garD	gardh	21937	3	P.1.3.69|P.6.3.111|P.8.3.14
garDa	gardha	21938	2	P.7.4.1|P.7.4.34
garDana	gardhana	21939	1	P.3.2.150
garDita	gardhita	21941	1	P.5.2.36
gara	gara	21852	4	P.3.1.134|P.3.3.29|P.3.3.57|P.6.1.160
gardaBARqIya	gardabhāṇḍīya	21930	1	P.5.2.60
gardaBARqa	gardabhāṇḍa	21928	1	P.5.2.60
gardaBaka	gardabhaka	72620	1	P.5.3.96
garga	garga	21891	4	P.1.1.63|P.2.4.64|P.6.2.81|P.6.2.97
gargara	gargara	21893	1	P.4.1.151
garh	garh	22041	1	P.3.3.149
garhA	garhā	22044	2	P.1.4.96|P.3.3.149
gariman	gariman	21870	1	P.6.4.157
garita	garita	21869	1	P.5.2.36
garja	garja	21899	1	P.7.3.59
garjita	garjita	21905	1	P.5.2.36
garjya	garjya	21906	2	P.7.3.52|P.7.3.59
garmut	garmut	22031	1	P.4.3.117
gartIya	gartīya	21916	1	P.4.2.90
garta	garta	21908	1	P.4.2.137
gartika	gartika	21914	1	P.4.2.80
gartin	gartin	21915	1	P.4.2.80
gartya	gartya	21919	1	P.5.1.67
garut	garut	21887	1	P.8.2.9
garutmant	garutmant	21888	1	P.8.2.9
garvita	garvita	22040	1	P.5.2.36
gat	gat	21579	1	P.6.4.40
gatAgata	gatāgata	21590	1	P.4.4.19
gatAnugata	gatānugata	21593	1	P.4.4.19
gatArTa	gatārtha	21598	1	P.2.2.37
gati	gati	21600	5	P.1.4.60|P.6.2.49|P.6.2.139|P.8.1.70|P.8.1.71
gatvara	gatvara	21606	1	P.3.2.164
gavASva	gavāśva	22116	1	P.2.4.11
gavAdana	gavādana	22108	1	P.4.1.41
gavAkza	gavākṣa	22103	2	P.5.4.76|P.6.1.123
gavAvika	gavāvika	22113	1	P.2.4.11
gavEqaka	gavaiḍaka	22146	1	P.2.4.11
gava	gava	22096	3	P.5.4.92|P.6.1.123|P.6.2.72
gavaya	gavaya	22100	1	P.4.1.41
gaveSa	gaveśa	72686	1	P.4.2.75
gavendra	gavendra	22135	1	P.6.1.124
gaveza	gaveṣa	22141	1	P.4.2.75
gavizWira	gaviṣṭhira	22126	1	P.8.3.95
gavyUti	gavyūti	22157	1	P.6.1.79
gavya	gavya	22150	4	P.4.2.50|P.4.3.160|P.5.1.2|P.5.1.39
gaya	gaya	21836	2	P.4.2.82|P.6.1.203
geheDfzwa	gehedhṛṣṭa	22995	2	P.2.1.48|P.6.2.81
geheSUra	geheśūra	23000	2	P.2.1.48|P.6.2.81
gehedAhin	gehedāhin	22993	2	P.2.1.48|P.6.2.81
gehedfpta	gehedṛpta	22994	2	P.2.1.48|P.6.2.81
gehekzveqin	gehekṣveḍin	22992	2	P.2.1.48|P.6.2.81
gehemehin	gehemehin	22997	2	P.2.1.48|P.6.2.81
gehenardin	gehenardin	22996	2	P.2.1.48|P.6.2.81
gehevijitin	gehevijitin	22998	2	P.2.1.48|P.6.2.81
gehevyAqa	gehevyāḍa	22999	2	P.2.1.48|P.6.2.81
geya	geya	22980	3	P.2.3.71|P.3.1.97|P.3.4.68
gfDnu	gṛdhnu	22840	1	P.3.2.140
gfhItavya	gṛhītavya	22959	1	P.1.1.20
gfhItin	gṛhītin	22960	1	P.5.2.88
gfha	gṛha	22869	2	P.2.4.31|P.3.1.144
gfhameDIya	gṛhamedhīya	22922	1	P.4.2.32
gfhameDa	gṛhamedha	22919	1	P.4.2.32
gfhameDya	gṛhamedhya	22923	1	P.4.2.32
gfhanamana	gṛhanamana	22897	1	P.8.4.39
gfhapati	gṛhapati	22901	2	P.6.2.18|P.6.2.160
gfhayAlu	gṛhayālu	22927	1	P.3.2.158
gfhya	gṛhya	22970	1	P.3.1.119
gfhyaka	gṛhyaka	22971	1	P.3.1.119
gfzwi	gṛṣṭi	22865	1	P.2.1.65
gira	gira	22373	1	P.5.4.112
giri	giri	22376	2	P.6.2.2|P.6.2.94
giriRadI	giriṇadī	22398	1	P.8.4.39
giriSa	giriśa	22435	1	P.5.2.100
girinagara	girinagara	22407	1	P.8.4.39
glA	glā	23861	5	P.3.4.65|P.6.1.45|P.6.4.68|P.7.4.60|P.8.2.43
glAsnu	glāsnu	23867	1	P.3.2.139
glOcukAyanaka	glaucukāyanaka	23875	2	P.4.3.99|P.4.3.126
glaha	glaha	23859	1	P.3.3.70
gluYc	gluñc	23870	2	P.3.1.58|P.7.3.59
gluc	gluc	23868	1	P.3.1.58
glucuka	glucuka	23869	2	P.4.1.160|P.4.3.99
go	go	23011	5	P.1.2.73|P.6.1.93|P.6.1.122|P.7.1.57|P.7.1.90
goBft	gobhṛt	23254	1	P.4.2.75
goDA	godhā	23135	1	P.3.3.104
goDApadI	godhāpadī	23137	1	P.5.4.139
goDAy	godhāy	23138	1	P.3.1.27
goGna	goghna	23049	1	P.3.4.73
goKA	gokhā	23038	1	P.4.1.56
goRI	goṇī	23079	3	P.1.2.50|P.4.1.42|P.5.3.90
goRItarI	goṇītarī	23080	1	P.5.3.90
goRa	goṇa	23075	1	P.4.1.42
goSAla	gośāla	23403	1	P.4.3.35
goSva	gośva	23412	1	P.2.4.11
goagra	goagra	23012	1	P.6.1.122
gobAla	gobāla	23247	1	P.4.1.64
gocara	gocara	23053	1	P.3.3.119
godAya	godāya	23120	1	P.3.3.12
goda	goda	73010	3	P.1.2.52|P.3.2.3|P.4.2.82
godanta	godanta	23114	1	P.4.1.123
godohana	godohana	23128	1	P.3.3.117
goduh	goduh	23125	2	P.3.2.61|P.5.1.5
gogfzwi	gogṛṣṭi	23041	1	P.2.1.65
goha	goha	23477	1	P.4.2.77
gohya	gohya	23487	1	P.3.1.109
gojA	gojā	23062	1	P.3.2.67
gojavAja	gojavāja	23061	1	P.2.2.31
gokA	gokā	23023	1	P.7.4.13
gokakza	gokakṣa	23019	1	P.4.1.105
golANka	golāṅka	23336	1	P.4.1.110
golanda	golanda	23333	1	P.4.1.105
golavaRa	golavaṇa	23335	1	P.6.2.4
gomUtraka	gomūtraka	23286	1	P.5.4.3
gomaTa	gomatha	23264	1	P.4.2.80
gomant	gomant	23266	5	P.1.1.75|P.4.2.82|P.4.2.110|P.6.4.14|P.7.1.70
gomat	gomat	23258	1	P.6.4.14
gomatallikA	gomatallikā	23259	1	P.2.1.66
gomaty	gomaty	23262	2	P.6.4.14|P.7.1.70
gomaya	gomaya	23270	3	P.1.4.30|P.2.4.31|P.4.3.145
gomiSAlA	gomiśālā	23282	1	P.6.2.86
gomin	gomin	23281	1	P.5.2.114
gomuKa	gomukha	23284	1	P.6.2.168
gonardIya	gonardīya	23157	1	P.1.1.75
gonarda	gonarda	23156	1	P.1.1.75
gonasa	gonasa	23158	1	P.5.4.118
gopAla	gopāla	23199	1	P.6.2.78
gopAlaDAnIpUlAsa	gopāladhānīpūlāsa	23206	1	P.2.2.31
gopAlava	gopālava	23210	1	P.5.3.114
gopAy	gopāy	23196	2	P.3.1.28|P.3.1.31
gopa	gopa	23165	2	P.1.4.52|P.4.1.48
gopaka	gopaka	23166	1	P.4.1.112
gopavana	gopavana	23187	1	P.2.4.67
gopay	gopay	23182	1	P.3.1.50
gopila	gopila	23218	1	P.4.2.80
goprakARqa	goprakāṇḍa	23240	1	P.2.1.66
gopucCa	gopuccha	23226	3	P.4.4.6|P.5.1.19|P.5.3.107
gopya	gopya	23238	1	P.3.1.114
gosAda	gosāda	23467	1	P.6.2.41
gosaMKya	gosaṃkhya	23454	1	P.6.2.66
gosaMdAya	gosaṃdāya	23460	1	P.3.2.3
gotallaja	gotallaja	23091	1	P.2.1.66
gotama	gotama	23085	2	P.2.4.65|P.4.1.41
gotra	gotra	23094	4	P.4.2.51|P.6.3.43|P.8.1.27|P.8.1.57
govAsana	govāsana	23360	1	P.4.2.116
govfndAraka	govṛndāraka	23392	1	P.2.1.62
govfza	govṛṣa	23393	1	P.6.2.144
govyAGra	govyāghra	23396	1	P.2.4.9
goyUti	goyūti	23299	1	P.6.1.79
gozA	goṣā	23420	2	P.3.2.67|P.8.3.108
gozWa	goṣṭha	23429	1	P.8.3.97
gozWeSUra	goṣṭheśūra	23448	2	P.2.1.48|P.6.2.81
gozWekzveqin	goṣṭhekṣveḍin	23442	2	P.2.1.48|P.6.2.81
gozWepaRqita	goṣṭhepaṇḍita	23444	2	P.2.1.48|P.6.2.81
gozWepawu	goṣṭhepaṭu	23443	2	P.2.1.48|P.6.2.81
gozWepragalBa	goṣṭhepragalbha	23445	2	P.2.1.48|P.6.2.81
gozWevijitin	goṣṭhevijitin	23446	2	P.2.1.48|P.6.2.81
gozaRi	goṣaṇi	23417	3	P.3.2.27|P.8.3.108|P.8.3.110
gozad	goṣad	23418	1	P.5.2.62
gozpada	goṣpada	23450	2	P.3.4.32|P.6.1.145
gozwoma	goṣṭoma	23428	1	P.8.3.105
grAha	grāha	23822	2	P.3.1.143|P.3.3.70
grAhin	grāhin	23826	1	P.3.1.134
grAhya	grāhya	23829	4	P.1.1.9|P.5.1.47|P.7.3.36|P.8.1.58
grAmIRa	grāmīṇa	23789	2	P.4.2.94|P.4.3.25
grAma	grāma	23729	1	P.6.2.84
grAmaRI	grāmaṇī	23749	7	P.4.3.93|P.5.2.78|P.6.4.82|P.7.1.56|P.7.1.74|P.7.3.116|P.8.4.14
grAmaRa	grāmaṇa	23748	1	P.4.3.93
grAmagfhya	grāmagṛhya	23736	1	P.3.1.119
grAmagoduh	grāmagoduh	23738	1	P.6.2.81
grAmakulAla	grāmakulāla	23734	2	P.5.1.133|P.6.2.62
grAmakumAra	grāmakumāra	23733	1	P.5.1.133
grAmanApita	grāmanāpita	23758	1	P.6.2.62
grAmaputra	grāmaputra	23761	1	P.5.1.133
grAmaraTyA	grāmarathyā	23774	1	P.6.2.62
grAmatA	grāmatā	23755	1	P.4.2.43
grAmatakza	grāmatakṣa	23754	1	P.5.4.95
grAmavAsa	grāmavāsa	23776	1	P.6.3.18
grAmavAsin	grāmavāsin	23777	1	P.6.3.18
grAmazaRqa	grāmaṣaṇḍa	23779	1	P.5.1.133
grAmevAsa	grāmevāsa	23794	1	P.6.3.18
grAmevAsin	grāmevāsin	23795	1	P.6.3.18
grAmikya	grāmikya	23787	1	P.5.1.128
grAmyAyaRi	grāmyāyaṇi	23810	1	P.4.1.154
grAmya	grāmya	23796	2	P.4.2.94|P.4.3.25
grAmyapaSu	grāmyapaśu	23803	1	P.1.2.73
grAsa	grāsa	23819	1	P.1.3.52
grAvastut	grāvastut	23815	1	P.3.2.177
grEvAkza	graivākṣa	23846	1	P.4.1.112
grEva	graiva	23845	2	P.4.2.96|P.4.3.57
grEveya	graiveya	23847	1	P.4.3.57
grEveyaka	graiveyaka	23848	1	P.4.2.96
grEzmAyaRa	graiṣmāyaṇa	23852	1	P.4.1.110
grEzma	graiṣma	23850	2	P.4.1.86|P.4.3.46
grEzmaka	graiṣmaka	23851	2	P.4.3.46|P.4.3.49
grEzmika	graiṣmika	23853	1	P.4.2.63
grIvA	grīvā	23831	1	P.6.2.114
grIvAkza	grīvākṣa	23832	1	P.4.1.112
grIzma	grīṣma	23836	1	P.4.1.110
graB	grabh	73181	29	P.1.2.8|P.1.4.65|P.2.3.6|P.3.1.84|P.3.4.8|P.3.4.39|P.3.4.50|P.3.4.53|P.3.4.96|P.4.2.92|P.4.2.93|P.4.4.39|P.5.3.99|P.5.4.46|P.6.1.16|P.6.1.17|P.6.4.62|P.7.2.5|P.7.2.12|P.7.2.37|P.7.2.62|P.7.2.64|P.7.3.73|P.8.1.55|P.8.2.25|P.8.2.44|P.8.4.17|P.8.4.26|P.8.4.68
graT	grath	23621	3	P.1.2.6|P.1.2.23|P.3.1.89
graha	graha	23670	2	P.3.3.58|P.6.1.203
grahaRa	grahaṇa	23675	15	P.1.1.28|P.1.1.50|P.1.1.68|P.1.2.6|P.1.2.22|P.1.2.27|P.1.2.35|P.1.2.48|P.2.1.6|P.3.1.20|P.6.1.115|P.7.1.6|P.8.3.78|P.8.4.17|P.8.4.68
grahaRaka	grahaṇaka	23676	1	P.1.1.10
grahila	grahila	23722	1	P.4.2.80
granTa	grantha	23626	3	P.1.3.75|P.4.3.87|P.6.3.79
granTila	granthila	23652	1	P.5.2.97
gras	gras	23662	2	P.6.4.14|P.7.2.34
gruc	gruc	23844	2	P.3.1.58|P.7.3.59
gu	gu	22500	2	P.1.2.48|P.8.2.44
guD	gudh	22660	1	P.1.2.7
guP	guph	22680	2	P.1.2.23|P.8.4.58
guRa	guṇa	22561	10	P.1.1.1|P.1.1.2|P.1.1.3|P.1.1.9|P.1.1.50|P.1.1.51|P.2.2.31|P.5.2.47|P.5.4.59|P.8.2.101
guRapadI	guṇapadī	22582	1	P.5.4.139
guRavAcaka	guṇavācaka	22600	1	P.8.1.12
guRavacana	guṇavacana	22594	7	P.2.1.30|P.4.1.42|P.4.1.44|P.5.1.124|P.5.3.58|P.6.2.24|P.8.1.12
guda	guda	22647	2	P.4.1.45|P.4.1.56
gudapariRadDa	gudapariṇaddha	22650	1	P.2.4.68
gudara	gudara	22653	1	P.4.2.80
gugguluka	gugguluka	22503	1	P.4.4.53
guh	guh	22745	5	P.6.4.89|P.7.2.12|P.7.2.15|P.7.3.73|P.8.3.13
guhA	guhā	22757	2	P.3.3.104|P.6.1.203
guha	guha	22747	1	P.4.2.80
guhalu	guhalu	22754	1	P.4.1.105
guhara	guhara	22752	1	P.4.2.80
guhila	guhila	22763	1	P.4.2.80
guhya	guhya	22765	2	P.3.1.109|P.5.1.66
gulPa	gulpha	22733	1	P.4.1.54
gulPajAha	gulphajāha	22734	1	P.5.2.24
gulma	gulma	22735	1	P.1.3.67
guluguDA	gulugudhā	22727	1	P.1.4.61
gup	gup	22667	9	P.1.3.62|P.1.4.24|P.3.1.5|P.3.1.7|P.3.1.28|P.3.1.31|P.3.1.50|P.6.1.9|P.7.2.44
guptArma	guptārma	22677	1	P.6.2.90
gupta	gupta	22672	2	P.4.1.121|P.6.1.205
guqApUpikA	guḍāpūpikā	22551	1	P.5.2.82
guqa	guḍa	22528	2	P.2.1.35|P.6.2.96
guqalih	guḍalih	22544	1	P.8.2.1
guqara	guḍara	22542	1	P.4.2.80
gur	gur	22683	3	P.6.1.53|P.8.2.61|P.8.2.77
gurda	gurda	22719	1	P.4.1.41
guru	guru	22685	3	P.1.4.11|P.1.4.12|P.6.4.157
gurumant	gurumant	22704	1	P.3.1.36
hA	hā	116720	16	P.1.4.57|P.2.3.2|P.5.4.45|P.5.4.47|P.6.1.190|P.6.4.66|P.6.4.67|P.6.4.69|P.6.4.112|P.6.4.116|P.6.4.117|P.6.4.118|P.7.4.43|P.7.4.44|P.7.4.76|P.8.4.29
hAMsakAyana	hāṃsakāyana	116723	2	P.4.1.99|P.4.2.80
hAla	hāla	116828	1	P.3.1.140
hAlabanDa	hālabandha	116830	1	P.4.2.45
hAleya	hāleya	116841	1	P.4.1.136
hAlika	hālika	116837	2	P.4.3.124|P.4.4.81
hAra	hāra	116761	1	P.3.3.104
hAraRa	hāraṇa	116763	1	P.3.3.107
hArda	hārda	116815	2	P.5.1.130|P.6.3.50
hAriRika	hāriṇika	116783	1	P.4.4.35
hAridravin	hāridravin	116795	1	P.4.3.104
hArika	hārika	116779	1	P.5.3.108
hArin	hārin	116799	2	P.5.2.69|P.6.2.65
hAritAyana	hāritāyana	116788	1	P.4.1.100
hArita	hārita	116784	1	P.4.1.104
hArizeRi	hāriṣeṇi	116804	1	P.4.1.153
hArizeRya	hāriṣeṇya	116805	1	P.4.1.152
hArtra	hārtra	116812	1	P.5.1.129
hArtrya	hārtrya	116813	1	P.4.1.151
hArya	hārya	116825	2	P.3.1.124|P.6.1.185
hAryaSva	hāryaśva	116826	1	P.4.1.104
hArzweya	hārṣṭeya	116827	1	P.4.1.136
hAsa	hāsa	116853	2	P.3.3.62|P.6.1.216
hAstAyana	hāstāyana	116860	1	P.4.2.80
hAstiSIrzi	hāstiśīrṣi	116870	1	P.6.1.62
hAstika	hāstika	116861	2	P.4.2.47|P.4.4.8
hAstikarzUka	hāstikarṣūka	116862	1	P.4.2.116
hAstinAyana	hāstināyana	116868	3	P.4.2.80|P.6.1.99|P.6.4.174
hAstina	hāstina	116866	1	P.5.2.38
hAstinapura	hāstinapura	116867	1	P.6.2.101
hAstipada	hāstipada	116869	1	P.4.3.132
hAvirDAna	hāvirdhāna	116845	1	P.5.2.61
hAwaka	hāṭaka	116728	1	P.4.3.153
hAwakamaya	hāṭakamaya	116729	1	P.4.3.153
hAyana	hāyana	116752	2	P.3.1.148|P.4.1.27
hE	hai	117659	3	P.1.1.37|P.1.4.57|P.8.2.85
hEMsakAyana	haiṃsakāyana	117660	1	P.4.2.80
hEhaya	haihaya	117701	1	P.4.1.112
hEmana	haimana	117674	2	P.4.3.22|P.4.3.43
hEmanta	haimanta	117675	2	P.4.3.22|P.4.3.44
hEmantika	haimantika	117676	3	P.4.2.63|P.4.3.21|P.5.1.96
hEmavata	haimavata	117678	3	P.4.3.83|P.4.3.112|P.4.4.112
hEraRyika	hairaṇyika	117696	1	P.4.2.116
hEyaMgavIna	haiyaṃgavīna	117687	1	P.5.2.23
hIna	hīna	117211	1	P.1.4.86
hORikyA	hauṇikyā	117780	1	P.4.1.79
hOqa	hauḍa	117779	1	P.5.1.122
hOtfka	hautṛka	117784	1	P.4.3.78
hOtra	hautra	117786	4	P.4.4.48|P.4.4.49|P.5.1.129|P.5.1.130
hUrC	hūrch	117322	1	P.8.2.78
ha	ha	122725	7	P.1.4.57|P.3.2.49|P.3.2.116|P.3.2.122|P.8.1.24|P.8.1.58|P.8.1.60
haMsAy	haṃsāy	115915	1	P.3.1.11
haMsIya	haṃsīya	115923	1	P.4.2.138
haMsa	haṃsa	115849	1	P.6.3.109
haMsaka	haṃsaka	115850	2	P.4.1.99|P.4.2.80
haMsakavatI	haṃsakavatī	115851	1	P.6.3.119
haMsapaTa	haṃsapatha	115879	1	P.5.3.100
haMsavant	haṃsavant	115905	2	P.6.1.220|P.6.3.119
had	had	115986	1	P.7.2.10
hahe	hahe	116717	1	P.1.4.57
hala	hala	116424	2	P.2.4.31|P.3.1.140
halabanDa	halabandha	116429	1	P.4.2.45
halakA	halakā	116425	1	P.4.2.80
halay	halay	116435	1	P.3.1.21
haledvipadikA	haledvipadikā	116457	1	P.6.2.65
hali	hali	116443	3	P.3.1.21|P.3.1.117|P.4.1.136
halin	halin	116446	1	P.5.2.131
halya	halya	116458	2	P.4.2.49|P.6.4.97
han	han	115990	37	P.1.1.62|P.1.2.14|P.1.3.15|P.1.3.28|P.1.3.38|P.1.4.65|P.1.4.66|P.2.3.56|P.2.4.44|P.2.4.73|P.3.1.21|P.3.2.87|P.3.2.129|P.3.4.37|P.3.4.48|P.4.4.19|P.5.2.120|P.6.2.48|P.6.2.68|P.6.3.1|P.6.3.43|P.6.4.12|P.6.4.16|P.6.4.36|P.6.4.37|P.6.4.62|P.6.4.98|P.7.2.10|P.7.2.70|P.7.3.32|P.7.3.54|P.7.3.55|P.8.1.35|P.8.4.2|P.8.4.17|P.8.4.22|P.8.4.24
hanUmant	hanūmant	116009	1	P.6.3.120
hanana	hanana	115992	1	P.4.4.121
hanta	hanta	116012	4	P.5.3.77|P.8.1.30|P.8.1.54|P.8.2.99
hanula	hanula	116005	1	P.5.2.97
har	har	116085	33	P.1.2.9|P.1.2.12|P.1.3.69|P.1.4.51|P.1.4.53|P.2.1.59|P.2.3.57|P.3.1.48|P.3.2.188|P.3.4.5|P.3.4.9|P.3.4.11|P.3.4.46|P.4.2.14|P.4.3.51|P.4.4.19|P.4.4.72|P.5.1.52|P.5.2.70|P.5.4.35|P.6.1.63|P.6.1.200|P.6.2.13|P.6.2.49|P.6.4.52|P.7.3.94|P.7.4.62|P.7.4.92|P.7.4.94|P.8.1.70|P.8.2.27|P.8.2.89|P.8.2.104
harItaka	harītaka	116365	2	P.4.1.41|P.4.3.167
hara	hara	116088	2	P.3.2.9|P.3.2.10
haraRIya	haraṇīya	116101	1	P.6.1.217
haraRa	haraṇa	116097	1	P.6.2.65
haradatta	haradatta	116104	2	P.3.1.15|P.7.2.19
hari	hari	116136	1	P.3.2.25
hariRa	hariṇa	116165	1	P.4.1.41
hariSa	hariśa	116322	1	P.5.2.100
hariScandra	hariścandra	116330	1	P.6.1.153
haricandra	haricandra	116158	1	P.6.1.153
haridrika	haridrika	116232	1	P.4.4.53
haridru	haridru	116235	1	P.4.3.104
haridruka	haridruka	116236	1	P.4.4.53
harinandana	harinandana	116242	1	P.8.4.39
harisakTa	harisaktha	116343	1	P.8.3.99
haritAy	haritāy	116197	1	P.3.1.13
harita	harita	116181	2	P.4.1.39|P.4.1.100
haritajamBan	haritajambhan	116187	1	P.5.4.125
haritaka	haritaka	116182	1	P.4.1.41
haritmant	haritmant	116206	1	P.8.2.9
harivana	harivana	116304	1	P.8.4.39
harivant	harivant	116305	2	P.8.2.15|P.8.3.1
harizeRa	hariṣeṇa	116340	2	P.8.3.98|P.8.3.99
haryaSva	haryaśva	116389	1	P.4.1.104
harz	harṣ	116395	3	P.3.2.188|P.5.2.36|P.7.2.29
has	has	116549	2	P.3.3.114|P.7.2.5
hasa	hasa	116550	1	P.3.3.62
hasana	hasana	116551	1	P.3.3.115
hastAhasti	hastāhasti	116624	3	P.2.2.27|P.5.4.127|P.6.3.137
hasta	hasta	116564	4	P.2.1.66|P.2.4.31|P.4.3.34|P.5.3.100
hastabanDa	hastabandha	116596	1	P.6.3.13
hastagfhya	hastagṛhya	116573	1	P.2.1.72
hastagrAham	hastagrāham	116577	1	P.3.4.39
hastaka	hastaka	116565	1	P.5.2.36
hastakita	hastakita	116567	1	P.5.2.36
hastavant	hastavant	116603	1	P.5.2.133
hastavartam	hastavartam	116604	1	P.3.4.39
hastebanDa	hastebandha	116704	1	P.6.3.13
hastegfhya	hastegṛhya	116703	1	P.2.1.72
hastekar	hastekar	116701	1	P.1.4.77
hastiGAta	hastighāta	116644	1	P.3.2.54
hastiGna	hastighna	116647	1	P.3.2.54
hasticarma	hasticarma	116648	1	P.5.4.103
hastikarzU	hastikarṣū	116636	1	P.4.2.116
hastimfditA	hastimṛditā	116681	1	P.6.2.146
hastin	hastin	116656	2	P.2.1.56|P.5.2.133
hastipAda	hastipāda	116670	1	P.5.4.138
hastipaka	hastipaka	116663	1	P.1.3.67
hastivarcasa	hastivarcasa	116686	1	P.5.4.78
hastya	hastya	116706	1	P.5.1.98
hataka	hataka	115964	1	P.2.1.53
hatamAtar	hatamātar	115969	1	P.5.4.158
hatapitar	hatapitar	115966	1	P.5.4.158
hatyA	hatyā	115983	1	P.3.1.108
hava	hava	116464	1	P.3.3.75
havirmaTi	havirmathi	116498	1	P.3.2.27
havizya	haviṣya	116518	2	P.4.4.122|P.5.1.2
havyavAhana	havyavāhana	116538	1	P.3.2.66
havyavah	havyavah	116535	3	P.3.2.64|P.3.2.66|P.8.2.90
haya	haya	116034	3	P.4.1.41|P.4.1.63|P.6.1.203
he	he	117469	3	P.1.1.37|P.1.4.57|P.8.2.85
heW	heṭh	117473	1	P.7.4.3
hehE	hehai	117658	1	P.1.4.57
hemana	hemana	117561	1	P.5.2.100
hemanta	hemanta	117564	1	P.2.4.28
heti	heti	117484	1	P.3.3.97
hetu	hetu	117488	8	P.1.1.37|P.1.3.68|P.1.4.55|P.2.3.23|P.2.3.26|P.2.3.27|P.3.3.156|P.7.3.40
hetuka	hetuka	117489	1	P.6.2.8
hetumant	hetumant	117492	2	P.3.1.26|P.3.3.156
hfRIy	hṛṇīy	117336	1	P.3.1.27
hfcCoka	hṛcchoka	117330	1	P.6.3.51
hfd	hṛd	117354	2	P.6.1.63|P.7.3.19
hfdayAviD	hṛdayāvidh	117398	1	P.6.3.116
hfdayaSoka	hṛdayaśoka	117382	1	P.6.3.51
hfdayaleKa	hṛdayalekha	117377	2	P.6.3.49|P.6.3.50
hfdayaroga	hṛdayaroga	117376	1	P.6.3.51
hfdgola	hṛdgola	117426	1	P.4.3.91
hfdroga	hṛdroga	117447	1	P.6.3.51
hfdya	hṛdya	117438	3	P.4.4.95|P.4.4.96|P.6.3.50
hfllAsa	hṛllāsa	117454	1	P.6.3.50
hflleKa	hṛllekha	117456	1	P.6.3.50
hfzwi	hṛṣṭi	117466	1	P.4.1.136
hi	hi	116887	6	P.6.1.130|P.7.3.56|P.8.1.34|P.8.1.56|P.8.2.93|P.8.4.15
hiMs	hiṃs	116888	2	P.1.3.15|P.6.1.188
hiMsaka	hiṃsaka	116891	1	P.3.2.146
hiMsra	hiṃsra	116900	1	P.3.2.167
himAnI	himānī	117047	1	P.4.1.49
hima	hima	116983	1	P.2.4.31
himaSraTa	himaśratha	117029	1	P.6.4.29
himavant	himavant	117020	3	P.1.4.31|P.4.2.86|P.4.3.113
himavata	himavata	117017	1	P.5.4.107
hiraRmaya	hiraṇmaya	117079	1	P.6.4.174
hiraRyaka	hiraṇyaka	117081	1	P.5.2.65
hiraRyaya	hiraṇyaya	117140	1	P.6.4.175
hiraRyin	hiraṇyin	117187	2	P.4.2.80|P.5.2.135
hirakut	hirakut	117075	1	P.5.3.72
hiruk	hiruk	117197	2	P.1.1.37|P.5.4.107
hita	hita	116942	4	P.2.1.36|P.2.3.73|P.5.1.5|P.7.4.42
hlAd	hlād	117897	1	P.6.4.95
hlAdaka	hlādaka	117901	1	P.5.2.64
hmal	hmal	117795	1	P.7.2.2
hmala	hmala	117796	1	P.3.1.140
hnu	hnu	117794	3	P.1.4.34|P.6.1.186|P.8.4.46
ho	ho	117703	1	P.1.4.57
hola	hola	117768	1	P.3.1.140
homin	homin	117758	1	P.5.2.137
hoqa	hoḍa	117705	2	P.4.1.4|P.5.1.122
hoqiman	hoḍiman	117707	1	P.5.1.122
hotar	hotar	117710	5	P.1.4.41|P.2.2.9|P.6.2.151|P.6.3.25|P.6.4.11
hotrA	hotrā	117730	1	P.5.1.135
hoturantevAsin	hoturantevāsin	117712	1	P.6.3.23
hrAdaka	hrādaka	117844	1	P.5.2.64
hrAsva	hrāsva	117853	1	P.5.1.122
hrI	hrī	117859	5	P.3.1.39|P.6.1.192|P.7.3.36|P.7.3.86|P.8.2.56
hrada	hrada	117804	2	P.4.1.41|P.6.2.85
hradaka	hradaka	117805	1	P.5.2.64
hrasiman	hrasiman	117815	2	P.5.1.122|P.6.4.156
hrasva	hrasva	117817	3	P.1.2.27|P.1.2.32|P.6.4.156
hru	hru	117876	1	P.7.2.31
hu	hu	117242	10	P.2.3.3|P.3.1.39|P.3.4.16|P.3.4.88|P.6.1.192|P.6.4.87|P.6.4.101|P.7.3.83|P.7.3.87|P.7.4.82
huRq	huṇḍ	117258	1	P.7.1.58
huRqa	huṇḍa	117259	1	P.3.3.103
hvA	hvā	117919	11	P.1.3.30|P.1.3.31|P.3.1.53|P.3.4.9|P.6.1.32|P.6.1.33|P.6.1.34|P.6.4.2|P.7.3.37|P.7.4.3|P.8.2.84
hvAla	hvāla	117928	1	P.3.1.140
hvala	hvala	117918	1	P.3.1.140
hvar	hvar	117913	3	P.2.4.80|P.3.4.88|P.7.2.31
hyas	hyas	117797	1	P.1.1.37
hyastana	hyastana	117798	1	P.4.2.105
hyastya	hyastya	117799	1	P.4.2.105
i	i	9940	47	P.1.1.14|P.1.3.15|P.1.3.72|P.1.3.77|P.1.3.86|P.1.4.29|P.1.4.32|P.1.4.57|P.2.1.6|P.2.1.24|P.2.1.38|P.2.3.6|P.2.3.52|P.2.4.33|P.2.4.34|P.2.4.36|P.2.4.46|P.2.4.47|P.2.4.50|P.2.4.51|P.3.1.37|P.3.1.40|P.3.2.69|P.3.2.109|P.3.2.130|P.3.3.99|P.3.4.9|P.3.4.16|P.4.4.43|P.4.4.63|P.4.4.91|P.5.1.134|P.6.1.39|P.6.1.48|P.6.1.186|P.6.4.57|P.6.4.81|P.7.2.10|P.7.3.36|P.7.4.24|P.7.4.25|P.7.4.69|P.8.1.4|P.8.1.38|P.8.1.46|P.8.2.19|P.8.3.61
iBya	ibhya	10297	1	P.5.1.66
iByakA	ibhyakā	10298	1	P.7.3.46
iD	idh	10088	2	P.6.1.186|P.6.1.215
iDma	idhma	10090	3	P.2.4.14|P.3.3.117|P.6.2.139
icCA	icchā	9990	2	P.1.4.45|P.3.3.101
icCu	icchu	9993	1	P.3.2.169
idA	idā	10077	1	P.5.3.20
idAm	idām	10080	1	P.6.4.15
idAnIm	idānīm	10079	2	P.3.1.11|P.5.3.18
idAvatsara	idāvatsara	10081	2	P.5.1.91|P.5.3.20
idDA	iddhā	10085	2	P.1.1.37|P.1.4.57
idaMyuga	idaṃyuga	10066	1	P.4.4.99
idam	idam	10073	6	P.1.1.27|P.2.4.32|P.2.4.34|P.3.3.131|P.3.3.135|P.6.2.162
idvatsara	idvatsara	10087	1	P.5.1.91
iha	iha	10458	3	P.1.1.28|P.1.1.49|P.5.3.11
ihadvitIyA	ihadvitīyā	10462	1	P.2.1.72
ihatya	ihatya	10460	1	P.4.2.104
ijya	ijya	9996	1	P.3.3.98
ikkawa	ikkaṭa	9942	1	P.4.2.80
ikzu	ikṣu	9944	1	P.8.4.5
ikzuBakzikA	ikṣubhakṣikā	67145	2	P.2.2.16|P.3.3.111
ikzukIyA	ikṣukīyā	9947	2	P.4.2.91|P.6.4.153
ikzuka	ikṣuka	9945	1	P.5.4.3
ikzumatI	ikṣumatī	9958	1	P.4.2.86
ikzvAku	ikṣvāku	67150	2	P.4.1.168|P.6.4.174
il	il	10344	2	P.3.1.51|P.7.2.5
ilAy	ilāy	10352	1	P.3.1.27
imaTA	imathā	10303	1	P.5.3.11
imaka	imaka	10302	2	P.7.1.11|P.7.2.112
inDa	indha	10278	1	P.4.1.99
indrARI	indrāṇī	67285	2	P.1.2.49|P.4.1.49
indrAdfSa	indrādṛśa	10249	1	P.4.3.152
indrAliSa	indrāliśa	10255	1	P.4.3.152
indrAvasAna	indrāvasāna	10258	1	P.4.1.86
indrIy	indrīy	10272	1	P.6.1.3
indra	indra	10134	5	P.2.1.59|P.5.3.100|P.6.2.141|P.6.3.26|P.6.3.142
indrahU	indrahū	10244	1	P.4.1.105
indrajanana	indrajanana	10153	1	P.4.3.88
indralAjI	indralājī	10206	1	P.4.1.151
indramaha	indramaha	67263	1	P.5.1.109
indraprasTa	indraprastha	10191	1	P.6.2.87
indravfkza	indravṛkṣa	10220	1	P.4.2.90
indriyAvant	indriyāvant	10270	1	P.6.3.131
indriya	indriya	10261	1	P.5.2.93
iq	iḍ	10006	1	P.8.3.53
iqA	iḍā	10008	1	P.8.3.54
iqIya	iḍīya	10013	1	P.4.2.90
iraMmada	iraṃmada	10318	1	P.3.2.37
irajy	irajy	10314	1	P.3.1.27
irasy	irasy	10319	1	P.3.1.27
irgala	irgala	10337	1	P.5.1.4
irikA	irikā	10328	1	P.8.4.39
iry	iry	10338	1	P.3.1.27
itTA	itthā	10053	1	P.5.3.4
itTaMBUta	itthaṃbhūta	10051	3	P.1.4.90|P.2.3.21|P.6.2.149
itTaMkAram	itthaṃkāram	10048	1	P.3.4.27
itTam	ittham	10049	1	P.5.3.24
itara	itara	10020	8	P.1.1.27|P.1.1.31|P.1.1.32|P.2.3.29|P.3.1.13|P.5.3.14|P.7.1.25|P.7.1.26
itaraTA	itarathā	10023	1	P.8.3.74
itaredyus	itaredyus	10026	1	P.5.3.22
itaretara	itaretara	10025	2	P.1.3.16|P.2.2.29
itas	itas	10027	1	P.1.4.1
iti	iti	10029	8	P.1.1.16|P.1.1.18|P.1.2.1|P.2.1.6|P.5.4.23|P.5.4.57|P.6.1.98|P.6.1.129
itiSa	itiśa	10041	1	P.4.1.99
itika	itika	10031	1	P.4.1.99
itvara	itvara	10063	1	P.3.2.163
ityA	ityā	10059	1	P.3.3.99
itya	itya	10056	1	P.3.1.109
iva	iva	10367	1	P.8.1.57
iyant	iyant	10308	3	P.1.1.8|P.5.2.40|P.6.3.90
iyattA	iyattā	10307	2	P.2.1.8|P.6.2.4
iz	iṣ	10373	13	P.2.3.61|P.3.1.7|P.3.3.157|P.3.3.158|P.3.3.159|P.3.3.160|P.3.3.161|P.3.3.166|P.5.1.80|P.5.2.75|P.7.2.48|P.7.3.77|P.8.2.91
izIkA	iṣīkā	10393	1	P.6.3.65
izetvAka	iṣetvāka	10414	1	P.5.2.62
izu	iṣu	10394	3	P.2.4.4|P.6.2.107|P.6.2.108
izuDy	iṣudhy	10402	1	P.3.1.27
izuka	iṣuka	10395	1	P.5.4.4
izvAsa	iṣvāsa	10456	1	P.2.4.31
izvagra	iṣvagra	10450	1	P.4.2.138
izvanIka	iṣvanīka	10451	1	P.4.2.138
izwakA	iṣṭakā	10420	2	P.4.4.125|P.6.3.65
izwakAva	iṣṭakāva	10423	2	P.4.2.86|P.5.2.109
izwi	iṣṭi	10436	3	P.1.2.6|P.3.3.95|P.3.3.96
izwin	iṣṭin	10440	1	P.5.2.88
jA	jā	27148	1	P.3.2.67
jANGAprahatika	jāṅghāprahatika	27181	1	P.4.4.19
jANGi	jāṅghi	27184	1	P.4.1.96
jAbAla	jābāla	27288	1	P.6.2.38
jAgarUka	jāgarūka	27162	1	P.3.2.165
jAgaraka	jāgaraka	27156	1	P.7.3.85
jAgarin	jāgarin	27160	1	P.7.3.85
jAgarita	jāgarita	27158	2	P.7.2.11|P.7.3.85
jAgata	jāgata	27151	2	P.4.1.86|P.4.2.55
jAgfvi	jāgṛvi	27168	1	P.7.3.85
jAha	jāha	27407	1	P.5.2.24
jAla	jāla	27360	1	P.3.1.140
jAlaMDarAyaRa	jālaṃdharāyaṇa	27373	2	P.4.1.99|P.4.2.53
jAlahrada	jālahrada	27385	1	P.4.1.112
jAlakIwa	jālakīṭa	27366	1	P.4.2.110
jAlaki	jālaki	27364	1	P.5.3.116
jAlamAni	jālamāni	27380	1	P.5.3.116
jAlapAd	jālapād	27376	1	P.5.4.138
jAlapAda	jālapāda	27377	1	P.5.4.138
jAlapadI	jālapadī	27375	2	P.4.2.82|P.5.4.139
jAlika	jālika	27389	2	P.4.4.10|P.4.4.12
jAlma	jālma	27393	3	P.2.1.53|P.4.1.147|P.8.1.8
jAmBa	jāmbha	27324	1	P.4.1.112
jAmadagna	jāmadagna	74348	1	P.4.2.111
jAmadagnya	jāmadagnya	27296	1	P.4.1.105
jAmbava	jāmbava	27310	2	P.2.4.7|P.4.3.165
jAmbavaka	jāmbavaka	27311	2	P.4.2.4|P.4.2.80
jAmbavata	jāmbavata	27312	1	P.4.2.80
jAnAyana	jānāyana	27269	1	P.4.1.110
jAnakIya	jānakīya	27260	1	P.5.3.116
jAnaki	jānaki	27259	1	P.5.3.116
jAnapada	jānapada	27263	3	P.4.1.42|P.4.1.86|P.4.2.82
jAnavAdika	jānavādika	27266	1	P.4.4.102
jAnevAdika	jānevādika	27280	1	P.4.4.102
jAni	jāni	27271	1	P.5.4.134
jAnuka	jānuka	27274	1	P.5.4.29
jAnuprahftika	jānuprahṛtika	27276	1	P.4.4.19
jAqAra	jāḍāra	27200	1	P.4.1.130
jAqAyana	jāḍāyana	27199	1	P.4.1.110
jAqya	jāḍya	27201	1	P.5.1.123
jAraBara	jārabhara	27349	1	P.3.1.134
jAramARya	jāramāṇya	27350	1	P.4.1.105
jAratineya	jāratineya	27346	2	P.4.1.123|P.4.1.126
jAratkArava	jāratkārava	27347	1	P.4.1.112
jAtAyana	jātāyana	27220	1	P.4.1.110
jAtIya	jātīya	27241	5	P.5.3.69|P.5.4.9|P.6.3.35|P.6.3.42|P.6.3.46
jAtUkarRa	jātūkarṇa	27249	2	P.4.1.105|P.4.2.111
jAtUkarRya	jātūkarṇya	27250	1	P.4.1.105
jAta	jāta	27203	5	P.1.1.45|P.2.2.5|P.2.2.37|P.6.2.170|P.6.2.171
jAtasena	jātasena	27219	1	P.4.1.114
jAti	jāti	27221	7	P.1.2.52|P.1.2.58|P.2.1.63|P.2.1.65|P.2.4.6|P.3.2.98|P.4.1.63
jAtokza	jātokṣa	27254	1	P.5.4.77
jAtu	jātu	27244	3	P.3.3.142|P.3.3.147|P.8.1.47
jAtuza	jātuṣa	27247	1	P.4.3.138
jAvAyani	jāvāyani	27400	1	P.4.2.80
jAvanya	jāvanya	27399	1	P.5.1.123
jAwilika	jāṭilika	27195	1	P.4.1.112
jAyA	jāyā	27329	1	P.2.2.31
jAyAGna	jāyāghna	27330	2	P.3.2.52|P.3.2.53
jEgIzavyAyaRI	jaigīṣavyāyaṇī	27775	1	P.4.1.18
jEgIzavya	jaigīṣavya	27774	1	P.4.1.105
jEhmASineya	jaihmāśineya	27800	2	P.4.1.123|P.6.4.174
jEmini	jaimini	27787	1	P.2.2.38
jEtrAyaRi	jaitrāyaṇi	27778	1	P.4.2.80
jEtvAyani	jaitvāyani	27780	2	P.4.2.80|P.6.4.144
jEvantAyana	jaivantāyana	27792	1	P.4.1.103
jEvantAyani	jaivantāyani	27793	1	P.4.2.80
jEvanti	jaivanti	27794	1	P.4.1.103
jEveya	jaiveya	27798	1	P.4.1.123
jEvi	jaivi	27797	1	P.4.2.80
jImUta	jīmūta	27540	1	P.6.3.109
jIna	jīna	27539	1	P.6.4.2
jIrRaka	jīrṇaka	27557	1	P.5.4.3
jIradAnu	jīradānu	27552	1	P.6.1.66
jIv	jīv	27572	2	P.4.4.12|P.7.4.3
jIvagrAham	jīvagrāham	27577	1	P.3.4.36
jIvaka	jīvaka	27574	4	P.1.2.44|P.1.4.79|P.3.1.150|P.6.2.73
jIvanASam	jīvanāśam	27604	1	P.3.4.43
jIvanaS	jīvanaś	27600	1	P.8.2.63
jIvanta	jīvanta	27610	2	P.4.1.103|P.4.2.80
jIvapattra	jīvapattra	27617	1	P.6.2.74
jIvaputra	jīvaputra	27621	1	P.6.2.74
jIvita	jīvita	27661	1	P.2.3.73
jOhotyAdika	jauhotyādika	27830	1	P.3.1.56
jOlAyana	jaulāyana	27828	1	P.4.2.54
jU	jū	27723	3	P.3.2.177|P.3.3.97|P.7.4.80
jUr	jūr	27734	1	P.6.4.20
jUrRa	jūrṇa	27735	1	P.6.4.20
jUti	jūti	27729	1	P.3.3.97
jYA	jñā	27838	37	P.1.1.56|P.1.3.44|P.1.3.45|P.1.3.46|P.1.3.57|P.1.3.58|P.1.3.76|P.1.3.77|P.1.4.34|P.1.4.56|P.2.1.59|P.2.3.13|P.2.3.22|P.2.3.51|P.2.3.52|P.2.4.66|P.3.1.7|P.3.1.11|P.3.2.112|P.3.2.114|P.3.4.65|P.4.1.4|P.4.1.133|P.4.3.115|P.6.4.52|P.6.4.68|P.7.1.1|P.7.2.27|P.7.2.49|P.7.2.100|P.7.3.79|P.7.4.55|P.8.1.43|P.8.1.67|P.8.1.68|P.8.2.38|P.8.4.68
jYAna	jñāna	27857	2	P.1.1.9|P.4.1.54
jYAnapati	jñānapati	27867	1	P.4.1.84
jYAnavant	jñānavant	27882	1	P.8.2.9
jYApaka	jñāpaka	74564	5	P.1.1.27|P.2.1.12|P.2.2.1|P.2.4.66|P.6.2.154
jYApana	jñāpana	27903	3	P.2.1.67|P.2.4.66|P.5.1.9
jYAtaka	jñātaka	27840	1	P.5.4.29
jYAtala	jñātala	27843	1	P.4.1.123
jYAteya	jñāteya	27855	1	P.5.1.127
jYAtiputra	jñātiputra	27850	1	P.6.2.133
jYa	jña	27831	1	P.3.1.135
jYaka	jñaka	27833	1	P.7.3.47
jYikA	jñikā	27907	1	P.7.3.47
ja	ja	26306	3	P.3.2.97|P.6.2.82|P.6.2.83
jaB	jabh	26652	4	P.3.1.24|P.7.1.46|P.7.1.61|P.7.4.86
jaGana	jaghana	26371	1	P.4.1.56
jaGanya	jaghanya	26380	4	P.2.1.58|P.4.3.54|P.5.3.103|P.6.2.131
jaGni	jaghni	26383	1	P.3.2.171
jaNGAkara	jaṅghākara	26397	1	P.3.2.21
jaNGAraTa	jaṅghāratha	26400	1	P.2.4.63
jaNGa	jaṅgha	26396	4	P.4.1.55|P.4.4.19|P.6.2.144|P.6.3.12
jaNgala	jaṅgala	26392	1	P.7.3.25
jaWara	jaṭhara	26443	2	P.2.2.3|P.2.2.38
jaYja	jañja	26412	1	P.6.1.160
jaYjapUka	jañjapūka	26414	1	P.3.2.166
jabDar	jabdhar	26651	1	P.7.1.61
jagatya	jagatya	26333	1	P.4.4.122
jagmi	jagmi	26370	1	P.3.2.171
jaguri	jaguri	26367	1	P.7.1.103
jahijoqa	jahijoḍa	27138	1	P.2.1.72
jahistamba	jahistamba	27139	1	P.2.1.72
jajYi	jajñi	26409	1	P.3.2.171
jakz	jakṣ	26313	11	P.1.4.52|P.2.4.36|P.4.2.80|P.6.1.6|P.6.1.189|P.6.2.170|P.7.1.4|P.7.1.78|P.7.2.76|P.7.3.98|P.7.3.99
jal	jal	26845	1	P.8.4.54
jalAsAha	jalāsāha	27064	1	P.3.2.63
jalAzah	jalāṣah	27062	5	P.3.2.63|P.6.3.137|P.8.3.56|P.8.3.98|P.8.3.110
jala	jala	26847	1	P.3.1.140
jalaDi	jaladhi	26914	1	P.3.3.93
jalaMDara	jalaṃdhara	26924	1	P.4.1.99
jalahrada	jalahrada	27027	1	P.4.1.112
jalasarasa	jalasarasa	27014	1	P.5.4.94
jalp	jalp	27096	1	P.3.3.114
jalpAka	jalpāka	27100	1	P.3.2.155
jalpa	jalpa	27097	2	P.4.4.97|P.6.1.160
jalpana	jalpana	27099	2	P.3.1.134|P.3.3.115
jamBa	jambha	26690	2	P.4.1.112|P.5.4.125
jamBaka	jambhaka	26691	1	P.7.1.61
jamBan	jambhan	26694	1	P.5.4.125
jambu	jambu	26666	3	P.4.2.82|P.4.3.165|P.4.3.166
jampatI	jampatī	26660	2	P.1.1.11|P.2.2.31
jan	jan	26483	21	P.1.1.51|P.1.3.86|P.1.4.30|P.2.4.80|P.3.1.42|P.3.1.61|P.3.4.16|P.3.4.72|P.5.2.12|P.5.2.36|P.5.2.68|P.6.1.192|P.6.1.195|P.6.4.42|P.6.4.43|P.6.4.98|P.7.2.77|P.7.2.78|P.7.3.35|P.7.3.79|P.7.4.78
janArdana	janārdana	26547	1	P.3.1.134
janIy	janīy	26571	1	P.7.4.35
jana	jana	26485	2	P.4.1.110|P.6.1.203
janakIya	janakīya	26498	2	P.4.2.138|P.4.3.60
janaka	janaka	26487	1	P.7.3.35
janamejaya	janamejaya	26519	1	P.3.2.28
janapada	janapada	26511	3	P.1.2.51|P.4.1.168|P.6.2.103
janapadin	janapadin	26513	1	P.4.3.100
janatA	janatā	26503	1	P.4.2.43
janavAda	janavāda	26532	1	P.4.4.102
janayitar	janayitar	26522	1	P.6.4.53
janevAda	janevāda	26576	1	P.4.4.102
janitar	janitar	26554	1	P.6.4.53
janmavaMSa	janmavaṃśa	74167	1	P.2.1.19
janovAda	janovāda	26582	1	P.4.4.102
jantuka	jantuka	26585	1	P.2.4.69
janyIya	janyīya	26632	2	P.4.2.90|P.6.4.150
janya	janya	26631	6	P.3.1.97|P.3.4.68|P.4.2.90|P.4.4.82|P.4.4.97|P.5.4.30
jap	jap	26634	2	P.3.1.24|P.7.4.86
japa	japa	26635	3	P.1.2.34|P.3.3.61|P.6.1.160
jaqa	jaḍa	26456	1	P.4.1.110
jaqiman	jaḍiman	26461	2	P.5.1.1|P.5.1.123
jar	jar	26778	7	P.2.1.49|P.3.1.38|P.3.2.104|P.3.4.72|P.6.2.95|P.6.4.124|P.7.2.55
jarAmftyu	jarāmṛtyu	26813	1	P.6.2.37
jara	jara	26781	2	P.3.3.104|P.6.2.116
jaramARa	jaramāṇa	26801	1	P.4.1.105
jaras	jaras	26804	1	P.7.2.101
jarasa	jarasa	26805	1	P.5.4.107
jaratin	jaratin	26793	1	P.4.1.123
jas	jas	27128	1	P.2.3.56
jatUkarRa	jatūkarṇa	26478	1	P.4.1.105
jatavila	jatavila	26464	1	P.4.2.80
java	java	27107	2	P.3.3.57|P.6.4.28
javana	javana	27108	2	P.3.2.150|P.5.1.123
javaniman	javaniman	27112	1	P.5.1.123
jawAla	jaṭāla	26427	1	P.5.2.97
jawa	jaṭa	26416	1	P.5.2.127
jawila	jaṭila	26435	1	P.5.2.100
jawilaka	jaṭilaka	26436	2	P.2.4.69|P.4.1.112
jaya	jaya	26706	2	P.3.3.56|P.6.1.202
jayaka	jayaka	26707	1	P.5.2.64
jayin	jayin	26771	1	P.3.2.157
jayya	jayya	26777	1	P.6.1.81
jeya	jeya	27768	3	P.3.1.97|P.6.1.81|P.6.1.213
jfmBa	jṛmbha	27749	1	P.2.4.31
ji	ji	27412	8	P.1.3.19|P.1.4.26|P.1.4.51|P.5.1.93|P.6.1.48|P.7.3.36|P.7.3.57|P.8.1.35
jiGra	jighra	27434	1	P.3.1.137
jigIzu	jigīṣu	27421	1	P.4.1.105
jihIrzA	jihīrṣā	27499	1	P.3.3.102
jihIrzya	jihīrṣya	27501	1	P.6.1.185
jihmASin	jihmāśin	27511	1	P.4.1.123
jihma	jihma	27502	2	P.3.4.8|P.8.1.30
jihvAmUlIya	jihvāmūlīya	27524	2	P.4.3.62|P.8.3.37
jihvAmUla	jihvāmūla	27523	1	P.4.3.62
jijYAsTi	jijñāsthi	27443	1	P.2.2.31
jiri	jiri	27490	1	P.8.2.78
jit	jit	27446	1	P.3.2.61
jitvan	jitvan	27466	1	P.4.2.80
jitvara	jitvara	27467	1	P.3.2.163
jityA	jityā	27465	1	P.3.1.117
jizRu	jiṣṇu	27495	1	P.3.2.139
joza	joṣa	27814	1	P.1.1.37
jugupsA	jugupsā	27679	1	P.1.4.24
jugupsana	jugupsana	27678	1	P.3.2.149
juhU	juhū	27717	1	P.4.3.150
juz	juṣ	27701	7	P.3.1.34|P.3.1.94|P.3.1.97|P.3.4.7|P.6.1.209|P.6.1.210|P.7.1.45
juzwa	juṣṭa	27708	1	P.3.2.188
juzya	juṣya	27710	1	P.3.1.109
jvAla	jvāla	28072	1	P.3.1.140
jval	jval	28063	3	P.3.1.22|P.7.2.2|P.7.2.34
jvala	jvala	28064	1	P.3.1.140
jvalana	jvalana	28066	1	P.3.2.150
jvar	jvar	28053	2	P.2.3.54|P.6.4.20
jvara	jvara	28054	1	P.6.1.203
jvarita	jvarita	28061	1	P.5.2.36
jyA	jyā	27918	3	P.6.1.16|P.6.1.42|P.8.2.44
jyAvAReya	jyāvāṇeya	27939	2	P.4.1.178|P.5.3.117
jyAyaMs	jyāyaṃs	27932	4	P.5.3.61|P.5.3.62|P.6.2.25|P.6.4.160
jyEzWineya	jyaiṣṭhineya	27976	1	P.4.1.126
jyOtizika	jyautiṣika	28043	1	P.4.2.60
jyezWa	jyeṣṭha	27945	4	P.4.1.4|P.5.3.61|P.5.3.62|P.6.2.25
jyezWatAti	jyeṣṭhatāti	27952	1	P.5.4.61
jyok	jyok	27979	1	P.1.1.37
jyotiza	jyotiṣa	28008	1	P.4.2.60
jyotizwoma	jyotiṣṭoma	28017	1	P.8.3.83
jyotsnA	jyotsnā	28033	1	P.5.2.114
kA	kā	15968	1	P.6.3.104
kAMsa	kāṃsa	15973	1	P.4.3.93
kAMsya	kāṃsya	15974	2	P.4.3.155|P.4.3.168
kANkz	kāṅkṣ	16114	2	P.3.4.23|P.8.2.96
kARWevidDi	kāṇṭheviddhi	16198	1	P.4.1.81
kARa	kāṇa	16187	3	P.2.1.30|P.2.2.38|P.2.3.20
kARera	kāṇera	16194	1	P.4.1.131
kAReya	kāṇeya	16193	2	P.4.1.131|P.4.2.54
kARqIra	kāṇḍīra	16230	1	P.5.2.110
kARqa	kāṇḍa	16200	7	P.4.1.23|P.4.2.51|P.4.3.2|P.4.3.136|P.6.2.122|P.6.2.126|P.6.2.135
kARqaDAra	kāṇḍadhāra	16209	1	P.4.3.93
kARqalAva	kāṇḍalāva	16221	2	P.3.2.1|P.3.3.12
kARqapuzpa	kāṇḍapuṣpa	16215	1	P.4.1.4
kARqavant	kāṇḍavant	16222	1	P.5.2.111
kARvIya	kāṇvīya	16239	1	P.4.2.111
kARva	kāṇva	16235	1	P.4.2.111
kARvya	kāṇvya	16240	1	P.4.1.105
kARwakAra	kāṇṭakāra	16197	1	P.4.3.154
kARwakamardanika	kāṇṭakamardanika	16196	1	P.4.4.19
kAS	kāś	16988	1	P.4.3.83
kASAyana	kāśāyana	17001	1	P.4.1.110
kASIya	kāśīya	17024	2	P.4.2.90|P.4.2.113
kASa	kāśa	16989	1	P.4.1.110
kASaParI	kāśapharī	16998	1	P.4.2.97
kASaja	kāśaja	16995	1	P.6.2.82
kASakftsna	kāśakṛtsna	16992	2	P.2.4.69|P.4.2.80
kASakftsnaka	kāśakṛtsnaka	16993	1	P.4.2.80
kASaparI	kāśaparī	16996	1	P.4.2.97
kASi	kāśi	17003	1	P.4.2.113
kASika	kāśika	17004	2	P.4.2.116|P.7.3.50
kASila	kāśila	17017	1	P.4.2.80
kASmIra	kāśmīra	17034	4	P.3.2.112|P.3.2.114|P.4.2.133|P.4.3.93
kASmIraka	kāśmīraka	17035	1	P.4.2.134
kASmIrya	kāśmīrya	17039	1	P.4.2.80
kASyAyana	kāśyāyana	17051	1	P.4.1.99
kASyapAyana	kāśyapāyana	17045	1	P.4.1.99
kASyapa	kāśyapa	17043	5	P.4.1.104|P.4.1.124|P.4.3.103|P.7.2.48|P.8.4.67
kASyapin	kāśyapin	17047	2	P.4.2.66|P.4.3.103
kATaMcitka	kāthaṃcitka	16261	1	P.5.4.34
kATakya	kāthakya	16260	2	P.4.1.18|P.4.1.105
kATika	kāthika	16262	1	P.4.4.102
kAWa	kāṭha	16180	1	P.4.3.107
kAWaSAWin	kāṭhaśāṭhin	16182	1	P.4.3.106
kAWaka	kāṭhaka	16181	3	P.4.4.2|P.4.4.3|P.7.4.38
kAWeraRi	kāṭheraṇi	16186	1	P.4.2.138
kAWinya	kāṭhinya	16184	1	P.6.1.24
kAYcI	kāñcī	16169	1	P.6.2.99
kAYcIprasTa	kāñcīprastha	16171	1	P.6.2.88
kAcCa	kāccha	16140	1	P.4.2.133
kAcCaka	kācchaka	16141	1	P.4.2.134
kAdaleya	kādaleya	16269	1	P.4.2.80
kAdraveya	kādraveya	16272	2	P.4.1.123|P.6.4.147
kAhUya	kāhūya	17133	1	P.4.1.112
kAhaya	kāhaya	17127	1	P.4.1.112
kAhoqa	kāhoḍa	17134	1	P.4.1.112
kAkAdanI	kākādanī	16067	1	P.4.1.41
kAka	kāka	15984	2	P.2.1.42|P.4.2.37
kAkaRa	kākaṇa	15998	1	P.4.1.41
kAkadantaki	kākadantaki	16009	1	P.5.3.116
kAkakAyani	kākakāyani	15987	1	P.4.1.158
kAkandaka	kākandaka	16016	1	P.4.2.123
kAkandi	kākandi	16017	2	P.4.2.123|P.5.3.116
kAkapeya	kākapeya	16026	1	P.2.1.33
kAkatAlIya	kākatālīya	16002	1	P.5.3.106
kAkatAlukin	kākatālukin	16003	1	P.5.2.128
kAki	kāki	16072	1	P.4.1.158
kAkolUka	kākolūka	16097	1	P.2.4.9
kAkolUkikA	kākolūkikā	16098	1	P.4.3.125
kAkuBa	kākubha	16087	2	P.4.1.86|P.4.1.112
kAkudAkzika	kākudākṣika	16083	1	P.4.1.146
kAkutsTa	kākutstha	16080	1	P.4.1.112
kAkza	kākṣa	16101	1	P.6.3.104
kAkzatava	kākṣatava	16103	2	P.4.2.71|P.4.3.164
kAlApa	kālāpa	16896	3	P.1.3.49|P.4.1.63|P.4.3.108
kAlApaka	kālāpaka	16897	2	P.4.2.46|P.4.3.126
kAlAyana	kālāyana	16901	1	P.4.2.80
kAlAyasa	kālāyasa	16903	1	P.5.4.94
kAlUtara	kālūtara	16938	1	P.4.2.133
kAla	kāla	16730	7	P.1.1.70|P.1.2.27|P.3.3.167|P.3.3.168|P.4.1.42|P.4.3.167|P.5.4.33
kAlaSeya	kālaśeya	16859	1	P.4.3.56
kAlaYjara	kālañjara	16778	1	P.4.2.125
kAlaYjaraka	kālañjaraka	16779	1	P.4.2.125
kAlakIwa	kālakīṭa	16748	1	P.4.2.110
kAlakUwi	kālakūṭi	16757	1	P.4.1.173
kAlaka	kālaka	16731	2	P.5.4.3|P.5.4.33
kAlakzepa	kālakṣepa	16764	1	P.5.4.60
kAlala	kālala	16839	1	P.5.2.97
kAlamuKa	kālamukha	16825	1	P.4.1.58
kAlanaka	kālanaka	16789	1	P.4.2.80
kAlatara	kālatara	16780	1	P.5.3.55
kAleja	kāleja	16939	1	P.6.3.15
kAleya	kāleya	16940	1	P.4.2.8
kAliMmanyA	kāliṃmanyā	16926	3	P.3.2.83|P.6.3.66|P.6.3.67
kAliNga	kāliṅga	16912	1	P.4.1.170
kAlidAsa	kālidāsa	16916	1	P.6.3.63
kAlika	kālika	16908	2	P.5.1.108|P.5.4.20
kAlila	kālila	16929	1	P.5.2.100
kAlitarA	kālitarā	16915	1	P.5.3.55
kAlyARaka	kālyāṇaka	16954	1	P.5.1.133
kAlyARineya	kālyāṇineya	16955	1	P.4.1.126
kAlyAyana	kālyāyana	16956	1	P.4.1.99
kAlya	kālya	16952	5	P.3.1.104|P.4.1.99|P.4.3.54|P.5.1.107|P.6.2.131
kAma	kāma	16364	5	P.3.2.1|P.3.3.153|P.5.2.65|P.6.1.203|P.8.3.46
kAmaRqalava	kāmaṇḍalava	16392	1	P.5.1.130
kAmaRqaleya	kāmaṇḍaleya	16393	4	P.4.1.73|P.4.1.135|P.6.4.147|P.7.1.2
kAmacAra	kāmacāra	16384	1	P.1.4.96
kAmaduGa	kāmadugha	16403	1	P.3.2.70
kAmalaBida	kāmalabhida	16448	1	P.4.2.110
kAmalakIkara	kāmalakīkara	16446	1	P.4.2.110
kAmali	kāmali	16450	1	P.4.3.104
kAmalin	kāmalin	16452	1	P.4.3.104
kAmam	kāmam	16430	1	P.1.1.37
kAmaprasTa	kāmaprastha	16424	2	P.4.2.138|P.6.2.88
kAmavidDa	kāmaviddha	16459	1	P.6.2.37
kAmbalikAyana	kāmbalikāyana	16513	1	P.4.2.80
kAmboja	kāmboja	16517	2	P.4.2.133|P.4.3.93
kAmbojaka	kāmbojaka	16518	1	P.4.2.134
kAmin	kāmin	16494	1	P.8.4.13
kAmukAyana	kāmukāyana	16500	1	P.4.1.99
kAmuka	kāmuka	16498	2	P.3.2.154|P.4.1.42
kAmy	kāmy	16520	3	P.3.1.9|P.8.3.38|P.8.3.39
kAnIna	kānīna	16283	1	P.4.1.116
kAnTaka	kānthaka	16310	1	P.4.2.103
kAnTakya	kānthakya	16311	2	P.4.1.18|P.4.1.105
kAnTika	kānthika	16312	1	P.4.2.102
kAnalaka	kānalaka	16278	1	P.4.2.80
kAnda	kānda	16313	1	P.4.2.80
kAndarpa	kāndarpa	16314	1	P.4.1.104
kAndiSIka	kāndiśīka	16319	1	P.2.1.72
kAnizWika	kāniṣṭhika	16280	1	P.5.3.107
kAnizWineya	kāniṣṭhineya	16281	1	P.4.1.126
kAntInagarI	kāntīnagarī	16308	1	P.6.2.89
kAnyakubja	kānyakubja	16320	1	P.4.1.78
kApAlika	kāpālika	16329	1	P.5.3.107
kApAwika	kāpāṭika	16327	1	P.5.3.107
kApI	kāpī	16347	1	P.4.1.73
kApaTa	kāpatha	16325	2	P.6.3.104|P.6.3.108
kApawava	kāpaṭava	16322	3	P.4.1.73|P.4.1.78|P.4.3.80
kApeya	kāpeya	16350	3	P.4.1.107|P.4.1.122|P.5.1.127
kApiSAyana	kāpiśāyana	16341	1	P.4.2.99
kApiSa	kāpiśa	16340	1	P.4.2.99
kApiYjalAdi	kāpiñjalādi	16333	1	P.4.1.151
kApiYjala	kāpiñjala	16332	1	P.4.1.112
kApika	kāpika	16331	1	P.5.3.108
kApilika	kāpilika	16336	1	P.4.1.112
kApilya	kāpilya	16338	1	P.4.2.80
kApitTa	kāpittha	16334	1	P.4.3.140
kApizWali	kāpiṣṭhali	16345	2	P.4.1.80|P.8.3.91
kApizWika	kāpiṣṭhika	16346	1	P.5.3.107
kApota	kāpota	16351	3	P.4.2.44|P.4.3.135|P.4.3.154
kApotaka	kāpotaka	16352	1	P.6.4.153
kApotapAkya	kāpotapākya	16353	1	P.5.3.113
kApuruza	kāpuruṣa	16348	1	P.6.3.106
kApuruzya	kāpuruṣya	16349	1	P.5.1.124
kApyAyanI	kāpyāyanī	16359	2	P.4.1.18|P.4.1.107
kApya	kāpya	16356	2	P.4.1.105|P.4.1.107
kArA	kārā	16584	2	P.3.3.104|P.6.1.203
kArIra	kārīra	16603	2	P.4.3.135|P.4.3.141
kArIzaganDa	kārīṣagandha	16607	3	P.4.1.74|P.4.1.78|P.6.1.14
kArRAyani	kārṇāyani	16640	1	P.4.2.80
kArRa	kārṇa	16634	1	P.4.1.112
kArRagrAhika	kārṇagrāhika	16636	1	P.4.1.146
kArRavezwakika	kārṇaveṣṭakika	16638	1	P.5.1.99
kArRi	kārṇi	16641	1	P.4.2.80
kArSASvIya	kārśāśvīya	16705	1	P.4.2.80
kArSya	kārśya	16708	1	P.5.1.123
kArUza	kārūṣa	16617	1	P.4.1.178
kAra	kāra	16539	5	P.3.2.23|P.5.3.58|P.6.1.80|P.6.3.10|P.8.3.5
kAraBU	kārabhū	16568	1	P.6.4.84
kAraRa	kāraṇa	16549	4	P.1.2.54|P.2.3.23|P.3.3.107|P.7.3.69
kAraRika	kāraṇika	16559	1	P.4.2.116
kAraRqavavatI	kāraṇḍavavatī	16562	2	P.6.1.220|P.6.3.119
kAraka	kāraka	16542	5	P.1.4.23|P.2.3.70|P.3.1.133|P.3.3.110|P.7.3.44
kArakara	kārakara	16544	2	P.3.2.21|P.6.1.156
kAram	kāram	16569	6	P.3.4.25|P.3.4.26|P.3.4.27|P.3.4.28|P.3.4.61|P.3.4.62
kAraskara	kāraskara	16582	1	P.6.1.156
kAravIreya	kāravīreya	16579	1	P.4.2.80
kArdama	kārdama	16660	1	P.4.2.2
kAreRupAli	kāreṇupāli	16620	1	P.2.4.61
kAri	kāri	16595	2	P.3.3.110|P.4.1.152
kArikeyi	kārikeyi	16598	3	P.6.4.150|P.6.4.151|P.6.4.152
kArin	kārin	16600	2	P.3.3.170|P.5.2.72
kArkIka	kārkīka	16632	1	P.5.3.110
kArkaRa	kārkaṇa	70470	2	P.4.2.145|P.4.3.76
kArkalAseya	kārkalāseya	16627	1	P.4.1.123
kArkanDava	kārkandhava	16626	1	P.4.3.136
kArkawelava	kārkaṭelava	16624	1	P.4.2.71
kArkaza	kārkaṣa	16630	1	P.4.1.158
kArmAra	kārmāra	16674	1	P.4.1.112
kArmAraka	kārmāraka	16675	1	P.4.3.118
kArmArya	kārmārya	16676	1	P.4.1.155
kArma	kārma	16671	2	P.4.4.62|P.6.4.172
kArmaRa	kārmaṇa	16672	2	P.5.4.36|P.6.4.172
kArmikya	kārmikya	16678	1	P.5.1.128
kArmuka	kārmuka	16680	1	P.5.1.103
kArpAsa	kārpāsa	16666	2	P.4.3.136|P.4.3.143
kArpUreya	kārpūreya	16670	1	P.4.1.123
kArpUriRa	kārpūriṇa	16669	1	P.4.2.77
kArta	kārta	16642	2	P.4.3.66|P.6.2.37
kArtra	kārtra	16656	1	P.4.1.156
kArtrya	kārtrya	16657	1	P.4.1.151
kArtsnya	kārtsnya	16659	1	P.5.4.53
kArttika	kārttika	16651	1	P.4.2.23
kArttikika	kārttikika	16653	1	P.4.2.23
kArya	kārya	16684	7	P.1.1.9|P.1.1.21|P.1.1.32|P.1.1.54|P.3.1.120|P.3.1.124|P.5.2.81
kAryika	kāryika	16699	1	P.5.2.115
kAryin	kāryin	16700	2	P.5.2.115|P.6.2.162
kArzApaRa	kārṣāpaṇa	16712	6	P.1.2.21|P.2.4.31|P.4.3.153|P.5.1.29|P.5.3.117|P.5.4.38
kArzApaRika	kārṣāpaṇika	16714	1	P.5.1.29
kArzRAyana	kārṣṇāyana	16722	1	P.4.1.99
kArzRa	kārṣṇa	16720	2	P.4.2.111|P.6.2.1
kArzRakarRa	kārṣṇakarṇa	70516	1	P.4.2.77
kArzRi	kārṣṇi	16724	1	P.4.1.96
kArzRya	kārṣṇya	16725	1	P.4.1.105
kArza	kārṣa	16709	1	P.4.4.62
kArzika	kārṣika	16716	1	P.5.1.64
kArzwya	kārṣṭya	16719	1	P.5.1.123
kArzya	kārṣya	16728	1	P.8.4.5
kAs	kās	17097	1	P.3.1.35
kAsU	kāsū	17120	1	P.5.3.90
kAsUtarI	kāsūtarī	17121	1	P.5.3.90
kAsa	kāsa	17099	1	P.3.1.140
kAstIra	kāstīra	17124	1	P.6.1.155
kAtIra	kātīra	70287	1	P.6.1.155
kAtalAyana	kātalāyana	16248	1	P.4.1.99
kAtala	kātala	16247	1	P.4.1.99
kAtarAyaRa	kātarāyaṇa	16245	1	P.4.1.99
kAttreyaka	kāttreyaka	16253	1	P.4.2.95
kAtyAyana	kātyāyana	16256	1	P.4.1.18
kAtya	kātya	16255	1	P.4.1.105
kAvI	kāvī	16966	1	P.4.1.73
kAvacika	kāvacika	16959	1	P.4.2.41
kAvilya	kāvilya	16965	1	P.4.2.80
kAvyAyana	kāvyāyana	16986	1	P.4.1.99
kAvya	kāvya	16972	3	P.4.1.51|P.4.1.73|P.5.1.131
kAwipya	kāṭipya	16177	1	P.4.2.80
kAwuka	kāṭuka	16178	1	P.5.1.130
kAya	kāya	16528	2	P.3.3.41|P.4.2.25
kAzAya	kāṣāya	17054	1	P.4.2.1
kAzAyin	kāṣāyin	17058	1	P.4.3.106
kAzWa	kāṣṭha	17061	5	P.3.2.61|P.6.2.144|P.7.2.9|P.8.1.67|P.8.1.68
kAzWakIyA	kāṣṭhakīyā	17065	2	P.4.2.91|P.6.4.153
kAzWaka	kāṣṭhaka	17062	1	P.6.4.153
kEMdAsa	kaiṃdāsa	19197	2	P.4.1.100|P.4.1.104
kEMdarBa	kaiṃdarbha	19196	1	P.4.1.104
kEMkarAyaRa	kaiṃkarāyaṇa	19180	1	P.4.1.99
kENkalAyana	kaiṅkalāyana	19182	1	P.4.1.99
kESika	kaiśika	19226	1	P.4.2.48
kESina	kaiśina	19228	1	P.6.4.165
kESinya	kaiśinya	19229	1	P.4.1.151
kESora	kaiśora	19230	1	P.5.1.129
kESori	kaiśori	19231	1	P.4.1.151
kESorikeya	kaiśorikeya	19232	1	P.4.1.123
kESorya	kaiśorya	19233	1	P.4.1.151
kESya	kaiśya	19234	1	P.4.2.48
kEdAraka	kaidāraka	19195	2	P.4.2.40|P.4.2.41
kEkasa	kaikasa	19178	1	P.4.1.73
kEkeya	kaikeya	19179	1	P.7.3.2
kElAta	kailāta	19213	1	P.4.1.104
kEnara	kainara	19198	1	P.4.3.93
kEraRaka	kairaṇaka	19200	1	P.4.2.80
kErava	kairava	19202	1	P.5.2.135
kEravin	kairavin	19203	2	P.4.2.51|P.5.2.135
kErmedura	kairmedura	19210	1	P.4.3.93
kEtAyana	kaitāyana	19193	1	P.4.1.110
kEtavAyana	kaitavāyana	19191	3	P.2.4.68|P.4.1.110|P.4.1.154
kEzkinDa	kaiṣkindha	19235	1	P.4.3.93
kIdfS	kīdṛś	17353	1	P.6.3.90
kIdfSa	kīdṛśa	17354	1	P.6.3.90
kIlAlapA	kīlālapā	17397	1	P.3.2.74
kIrtay	kīrtay	17370	1	P.7.4.7
kIrti	kīrti	17371	1	P.3.3.97
kIrtya	kīrtya	17384	1	P.3.1.110
kORqAgnaka	kauṇḍāgnaka	19500	1	P.4.2.126
kORqAyana	kauṇḍāyana	19501	1	P.4.2.80
kORqalika	kauṇḍalika	19498	1	P.4.2.80
kORqina	kauṇḍina	19502	1	P.4.2.111
kORqineyaka	kauṇḍineyaka	19504	1	P.4.2.95
kORqinya	kauṇḍinya	19505	2	P.2.4.70|P.4.1.105
kORqoparaTa	kauṇḍoparatha	19510	1	P.5.3.116
kOSAmba	kauśāmba	19644	2	P.4.2.68|P.4.2.97
kOSAmbeya	kauśāmbeya	19645	2	P.4.1.123|P.4.2.97
kOSIrakeya	kauśīrakeya	19666	1	P.4.2.80
kOSala	kauśala	19638	1	P.5.1.130
kOSali	kauśali	19640	1	P.4.1.96
kOSalya	kauśalya	19642	1	P.5.1.124
kOSeya	kauśeya	19668	1	P.4.3.42
kOSika	kauśika	19649	3	P.4.1.104|P.4.1.106|P.4.3.103
kOSikin	kauśikin	19660	2	P.4.2.66|P.4.3.103
kOTuma	kauthuma	19527	2	P.2.4.3|P.6.2.37
kOWAra	kauṭhāra	19483	1	P.4.1.112
kOWArikeya	kauṭhārikeya	19484	1	P.4.1.123
kOYjAyana	kauñjāyana	19454	2	P.4.1.98|P.5.3.113
kOYji	kauñji	19455	1	P.4.1.98
kOcavAra	kaucavāra	19450	2	P.4.1.104|P.4.3.94
kOdrAyaRa	kaudrāyaṇa	19531	1	P.4.2.80
kOdravIRa	kaudravīṇa	19530	1	P.5.2.1
kOdreya	kaudreya	19532	1	P.4.1.136
kOhaqa	kauhaḍa	19699	2	P.2.4.58|P.4.1.112
kOhita	kauhita	19702	1	P.4.1.112
kOjapa	kaujapa	19451	1	P.6.2.37
kOkAkza	kaukākṣa	19432	1	P.4.3.130
kOkkuwika	kaukkuṭika	19441	1	P.4.4.46
kOkza	kaukṣa	19443	1	P.4.2.96
kOkzaka	kaukṣaka	19444	1	P.4.2.127
kOkzeya	kaukṣeya	19445	1	P.4.3.56
kOkzeyaka	kaukṣeyaka	19446	1	P.4.2.96
kOlAlaka	kaulālaka	19609	1	P.4.3.118
kOlAsa	kaulāsa	19611	1	P.4.2.75
kOla	kaula	19596	1	P.4.2.96
kOlaka	kaulaka	19597	1	P.4.2.127
kOlapata	kaulapata	19605	1	P.4.1.84
kOlaputraka	kaulaputraka	19606	1	P.5.1.133
kOlatTIna	kaulatthīna	19604	1	P.5.2.1
kOlatTa	kaulattha	19603	1	P.4.4.4
kOlawera	kaulaṭera	19602	1	P.4.1.127
kOlaweya	kaulaṭeya	19601	1	P.4.1.127
kOlawineya	kaulaṭineya	19600	1	P.4.1.127
kOleyaka	kauleyaka	19624	2	P.4.1.140|P.4.2.96
kOliSAyani	kauliśāyani	19616	1	P.4.2.80
kOliSika	kauliśika	19617	1	P.5.3.108
kOlmAzI	kaulmāṣī	19628	1	P.5.2.83
kOlmAzika	kaulmāṣika	19627	1	P.4.4.103
kOmArAyaRa	kaumārāyaṇa	19558	1	P.4.1.99
kOmAra	kaumāra	19553	2	P.4.2.13|P.5.1.129
kOmArikeya	kaumārikeya	19560	1	P.4.1.123
kOmBAyana	kaumbhāyana	19572	1	P.4.2.80
kOmBAyani	kaumbhāyani	19573	1	P.4.2.80
kOmBa	kaumbha	19569	1	P.4.2.75
kOmBakAraka	kaumbhakāraka	19570	1	P.4.3.118
kOmBakAri	kaumbhakāri	19571	1	P.4.1.153
kOmBeyaka	kaumbheyaka	19574	1	P.4.2.95
kOmBya	kaumbhya	19575	1	P.4.2.80
kOmudika	kaumudika	19562	1	P.4.2.80
kOnAmi	kaunāmi	19534	1	P.4.1.96
kOnAmika	kaunāmika	19535	1	P.4.2.116
kOndrAyaRa	kaundrāyaṇa	19542	1	P.4.2.80
kOntAyani	kauntāyani	19536	1	P.4.2.80
kOntya	kauntya	19540	1	P.4.1.176
kOpIna	kaupīna	19546	1	P.5.2.20
kOpiYjala	kaupiñjala	19545	2	P.4.1.112|P.4.3.132
kOputraka	kauputraka	19548	1	P.5.1.133
kOqavika	kauḍavika	19486	2	P.5.1.52|P.7.3.17
kOqeyaka	kauḍeyaka	19487	1	P.4.2.95
kOravAyaRi	kauravāyaṇi	19580	1	P.4.1.154
kOrava	kaurava	19578	3	P.4.1.86|P.4.2.130|P.4.2.133
kOravaka	kauravaka	19579	2	P.4.2.130|P.4.2.134
kOravyAyaRI	kauravyāyaṇī	19585	1	P.4.1.19
kOravyAyaRi	kauravyāyaṇi	19584	1	P.4.1.154
kOravya	kauravya	19582	6	P.2.4.58|P.4.1.19|P.4.1.151|P.4.1.154|P.4.1.172|P.4.1.178
kOrujaNgala	kaurujaṅgala	19589	1	P.7.3.25
kOrukatya	kaurukatya	71767	2	P.4.1.105|P.7.3.20
kOrupaYcAla	kaurupañcāla	71768	1	P.7.3.20
kOsalyAyani	kausalyāyani	19686	1	P.4.1.155
kOsalya	kausalya	19685	1	P.4.1.171
kOsftika	kausṛtika	19695	1	P.5.2.75
kOstra	kaustra	19697	1	P.5.1.130
kOsumBa	kausumbha	19692	1	P.4.2.1
kOtUhala	kautūhala	19522	1	P.5.1.130
kOtUhalya	kautūhalya	19523	1	P.5.1.124
kOtaskuta	kautaskuta	19514	1	P.8.3.48
kOtsAyana	kautsāyana	19526	1	P.4.2.80
kOtuka	kautuka	19516	1	P.5.1.130
kOvera	kauvera	19634	1	P.2.2.26
kOverikeya	kauverikeya	19635	1	P.4.1.123
kOvidArya	kauvidārya	19632	1	P.4.2.80
kOvidyAsIya	kauvidyāsīya	19633	1	P.4.2.80
kOwAyana	kauṭāyana	19469	1	P.4.1.110
kOwIgava	kauṭīgava	19474	1	P.4.2.111
kOwIgavya	kauṭīgavya	19475	1	P.4.1.105
kOwIra	kauṭīra	19477	1	P.4.3.136
kOwIya	kauṭīya	19476	1	P.4.2.80
kOwa	kauṭa	19456	1	P.5.4.95
kOwajaBArika	kauṭajabhārika	19461	1	P.5.1.50
kOwajika	kauṭajika	19462	1	P.5.1.50
kOwatakza	kauṭatakṣa	19463	1	P.5.4.95
kOwi	kauṭi	19470	1	P.4.1.80
kOwika	kauṭika	19471	1	P.4.2.80
kOwilika	kauṭilika	19472	1	P.4.4.18
kOwilya	kauṭilya	19473	1	P.3.1.23
kOwya	kauṭya	19482	3	P.4.1.80|P.4.1.151|P.4.2.80
kOzItakeya	kauṣītakeya	19676	1	P.4.1.124
kOzItaki	kauṣītaki	19674	1	P.4.1.124
kOzWavitka	kauṣṭhavitka	19679	1	P.4.4.102
kSA	kśā	20074	2	P.2.4.54|P.8.3.35
kU	kū	18409	3	P.2.4.74|P.7.3.95|P.7.4.63
kUcavAra	kūcavāra	18415	2	P.4.1.104|P.4.3.94
kUj	kūj	18420	1	P.8.1.33
kUja	kūja	18421	2	P.7.3.59|P.8.1.33
kUjya	kūjya	18425	1	P.7.3.59
kUlAsa	kūlāsa	18536	1	P.4.2.75
kUla	kūla	18526	4	P.4.2.127|P.6.2.121|P.6.2.129|P.6.2.135
kUlaMkaza	kūlaṃkaṣa	18528	1	P.3.2.42
kUlamudruja	kūlamudruja	18532	1	P.3.2.31
kUlamudvaha	kūlamudvaha	18533	1	P.3.2.31
kUlavant	kūlavant	18534	1	P.5.2.136
kUlin	kūlin	18538	1	P.5.2.136
kUmanas	kūmanas	18498	1	P.6.3.133
kUpaKA	kūpakhā	18480	2	P.3.2.67|P.6.4.41
kUpaka	kūpaka	18476	1	P.4.2.80
kUpakacCapa	kūpakacchapa	18477	2	P.2.1.48|P.6.2.81
kUpakin	kūpakin	18479	1	P.4.2.80
kUpamaRqUka	kūpamaṇḍūka	18485	2	P.2.1.41|P.6.2.81
kUpat	kūpat	18482	1	P.1.4.57
kUpavila	kūpavila	18487	1	P.6.2.102
kUpepiSAcaka	kūpepiśācaka	18493	1	P.2.1.44
kUpika	kūpika	18490	1	P.4.2.80
kUpin	kūpin	18491	1	P.4.2.80
kUpya	kūpya	18494	1	P.5.1.2
kUrca	kūrca	18501	1	P.2.4.31
kUrd	kūrd	18510	1	P.8.2.78
kUwa	kūṭa	18427	1	P.6.2.85
ka	ka	14150	8	P.1.1.27|P.3.3.6|P.3.3.144|P.3.4.28|P.4.2.25|P.7.2.103|P.8.3.12|P.8.3.48
kaK	kakh	14223	1	P.7.2.5
kaMja	kaṃja	14322	1	P.2.2.38
kaMsIya	kaṃsīya	69268	1	P.4.3.168
kaMsa	kaṃsa	69264	5	P.2.4.31|P.4.3.93|P.6.2.71|P.6.2.122|P.8.3.46
kaMsika	kaṃsika	14162	1	P.5.1.25
kaNkawika	kaṅkaṭika	14230	1	P.4.2.80
kaNkawin	kaṅkaṭin	14231	1	P.4.2.80
kaR	kaṇ	14465	2	P.7.2.7|P.7.4.3
kaRWa	kaṇṭha	14532	2	P.4.1.54|P.6.2.114
kaRWya	kaṇṭhya	14558	2	P.1.1.9|P.6.1.213
kaRe	kaṇe	14487	1	P.1.4.66
kaRqUti	kaṇḍūti	14571	1	P.1.1.58
kaRqUy	kaṇḍūy	14574	1	P.3.1.27
kaRqUyA	kaṇḍūyā	14577	1	P.3.3.102
kaRqolakapAda	kaṇḍolakapāda	14583	1	P.5.4.138
kaRvAy	kaṇvāy	14591	1	P.3.1.17
kaRwakAra	kaṇṭakāra	14502	1	P.4.3.154
kaRwakArikA	kaṇṭakārikā	14503	1	P.4.3.167
kaRwaka	kaṇṭaka	14492	2	P.2.4.31|P.4.1.145
kaRwakita	kaṇṭakita	14508	1	P.5.2.36
kaSakftsna	kaśakṛtsna	15891	2	P.2.4.69|P.4.2.80
kaSika	kaśika	15894	1	P.5.4.138
kaSmIra	kaśmīra	15907	5	P.4.1.178|P.4.2.80|P.4.2.133|P.4.3.93|P.6.2.13
kaSya	kaśya	15909	1	P.5.1.66
kaTA	kathā	14628	2	P.3.3.105|P.5.3.26
kaTaMkAram	kathaṃkāram	14620	1	P.3.4.27
kaTaka	kathaka	14618	1	P.4.1.105
kaTam	katham	14623	2	P.3.3.143|P.5.3.25
kaTay	kathay	14625	3	P.6.2.190|P.6.4.56|P.7.4.93
kaWIy	kaṭhīy	14447	1	P.6.3.41
kaWa	kaṭha	14434	10	P.1.3.49|P.2.1.63|P.2.4.3|P.4.1.63|P.4.3.104|P.4.3.107|P.6.2.37|P.6.2.57|P.6.3.41|P.7.4.38
kaWaSAWa	kaṭhaśāṭha	14438	1	P.4.3.106
kaWeraRi	kaṭheraṇi	14449	1	P.2.4.69
kaWina	kaṭhina	14442	1	P.4.4.72
kaYcukita	kañcukita	14319	1	P.5.2.36
kabanDa	kabandha	14982	1	P.2.4.31
kacAkaci	kacākaci	14275	1	P.5.4.127
kacCUla	kacchūla	14299	1	P.4.2.80
kacCa	kaccha	14285	3	P.4.2.126|P.4.2.133|P.4.2.134
kacika	kacika	14279	1	P.4.2.80
kad	kad	14648	2	P.6.3.101|P.8.1.30
kadA	kadā	14673	3	P.3.3.5|P.5.3.15|P.5.3.21
kadAkAra	kadākāra	14674	1	P.6.3.101
kadAmatta	kadāmatta	14676	1	P.2.4.69
kadaSva	kadaśva	14672	1	P.6.3.101
kadala	kadala	14668	1	P.4.1.41
kadanna	kadanna	14656	1	P.6.3.101
kadara	kadara	14662	1	P.4.1.41
kadraTa	kadratha	14681	1	P.6.3.102
kadru	kadru	14683	2	P.4.1.71|P.4.1.72
kadruRa	kadruṇa	14685	1	P.5.2.100
kadryaYc	kadryañc	14686	1	P.6.3.92
kaduzRa	kaduṣṇa	14679	1	P.6.3.107
kaduzwra	kaduṣṭra	14678	1	P.6.3.101
kadvada	kadvada	14687	1	P.6.3.102
kahUya	kahūya	15963	1	P.4.1.112
kahaya	kahaya	15960	1	P.4.1.112
kahoqa	kahoḍa	15964	1	P.4.1.112
kajjalArma	kajjalārma	14310	1	P.6.2.91
kajjalita	kajjalita	14311	1	P.5.2.36
kakuBa	kakubha	69283	2	P.2.4.86|P.4.1.112
kakud	kakud	14175	2	P.5.4.146|P.5.4.147
kakudAkza	kakudākṣa	14178	1	P.4.1.146
kakudAvartin	kakudāvartin	14179	1	P.5.2.128
kakuda	kakuda	14176	2	P.2.4.31|P.5.4.147
kakudmant	kakudmant	14180	1	P.8.2.9
kakutsTa	kakutstha	69271	1	P.4.1.112
kakzIvant	kakṣīvant	14215	1	P.8.2.12
kakzatu	kakṣatu	14201	2	P.4.2.71|P.4.3.164
kakzin	kakṣin	14213	1	P.5.2.131
kal	kal	15604	5	P.2.1.59|P.3.1.21|P.3.4.48|P.5.2.88|P.8.1.59
kalApa	kalāpa	15693	2	P.1.3.49|P.4.1.63
kalApaka	kalāpaka	15694	1	P.4.3.48
kalApin	kalāpin	15699	3	P.4.3.48|P.4.3.104|P.4.3.108
kalUtara	kalūtara	15740	1	P.4.2.133
kalaNkita	kalaṅkita	15621	1	P.5.2.36
kalaSIkaRWa	kalaśīkaṇṭha	15663	1	P.2.4.69
kalaSIpadI	kalaśīpadī	15664	1	P.5.4.139
kalaSi	kalaśi	69992	1	P.4.3.56
kalahAy	kalahāy	15675	2	P.2.4.9|P.3.1.17
kalaha	kalaha	15669	3	P.2.1.31|P.2.4.31|P.6.2.153
kalahakAra	kalahakāra	15671	1	P.3.2.23
kalakIwa	kalakīṭa	15611	1	P.4.2.110
kalakUwa	kalakūṭa	15613	1	P.4.1.173
kali	kali	15715	1	P.4.2.8
kaliNga	kaliṅga	15720	2	P.2.4.62|P.4.1.170
kalka	kalka	15743	1	P.2.4.31
kallolinI	kallolinī	15813	1	P.5.2.135
kallolita	kallolita	15812	1	P.5.2.36
kalmAza	kalmāṣa	15782	2	P.4.1.40|P.4.1.41
kalman	kalman	15777	1	P.8.2.18
kalmaza	kalmaṣa	15781	1	P.8.2.18
kalp	kalp	15749	11	P.1.3.91|P.1.3.92|P.1.3.93|P.3.1.2|P.3.3.145|P.3.3.147|P.5.1.29|P.7.1.52|P.7.2.60|P.8.2.18|P.8.2.86
kalpa	kalpa	15750	14	P.1.1.33|P.2.1.39|P.2.3.33|P.4.2.66|P.4.3.105|P.5.3.64|P.5.3.67|P.6.1.203|P.6.3.2|P.6.3.43|P.8.1.57|P.8.2.55|P.8.3.38|P.8.3.39
kalpana	kalpana	15758	1	P.2.1.38
kalpya	kalpya	15776	1	P.3.1.110
kalyARa	kalyāṇa	15795	3	P.4.1.45|P.5.4.116|P.6.3.34
kam	kam	14989	8	P.1.1.37|P.1.4.57|P.3.1.30|P.3.1.31|P.3.3.157|P.3.3.158|P.3.3.159|P.3.3.160
kamBa	kambha	15059	1	P.5.2.138
kamaRqalu	kamaṇḍalu	14992	3	P.2.4.31|P.4.1.71|P.4.1.72
kamaka	kamaka	14990	1	P.2.4.69
kamala	kamala	15001	2	P.2.1.56|P.4.1.45
kamalaBidA	kamalabhidā	15008	1	P.4.2.110
kamalaKaRqa	kamalakhaṇḍa	15005	1	P.4.2.51
kamalakIkara	kamalakīkara	15004	1	P.4.2.110
kamalinI	kamalinī	15020	1	P.5.2.135
kamana	kamana	14995	1	P.3.2.153
kamantaka	kamantaka	14998	1	P.2.4.69
kamba	kamba	15036	1	P.5.2.138
kambalIya	kambalīya	15046	1	P.5.1.3
kambala	kambala	69715	1	P.3.2.3
kambalahAra	kambalahāra	15042	1	P.2.4.63
kambalikA	kambalikā	15044	1	P.4.2.80
kambalya	kambalya	15047	2	P.4.1.22|P.5.1.3
kamboja	kamboja	15056	3	P.4.1.175|P.4.2.133|P.4.3.93
kambojamuRqa	kambojamuṇḍa	15057	1	P.2.1.72
kamitar	kamitar	15023	1	P.5.2.74
kamp	kamp	15024	2	P.1.3.87|P.8.4.58
kampana	kampana	15026	2	P.3.2.153|P.7.3.38
kampra	kampra	15033	2	P.3.2.153|P.3.2.167
kamra	kamra	15062	2	P.3.2.153|P.3.2.167
kanIyaMs	kanīyaṃs	14740	2	P.5.3.64|P.6.2.25
kanTA	kanthā	14747	6	P.2.4.20|P.4.2.102|P.4.2.103|P.4.2.142|P.6.2.124|P.6.2.125
kanTaka	kanthaka	14745	1	P.4.1.105
kanala	kanala	14728	1	P.4.2.80
kandalita	kandalita	14774	1	P.5.2.36
kandara	kandara	14757	3	P.4.1.41|P.4.2.3|P.4.2.80
kandukaprasTa	kandukaprastha	14792	1	P.6.2.87
kanizWa	kaniṣṭha	14734	3	P.4.1.4|P.5.3.64|P.6.2.25
kanta	kanta	14743	1	P.5.2.138
kantu	kantu	14744	1	P.5.2.138
kapAla	kapāla	14847	2	P.6.2.29|P.6.2.137
kapAlikA	kapālikā	14856	1	P.5.3.107
kapAwa	kapāṭa	14842	1	P.2.4.31
kapAwaGna	kapāṭaghna	14843	1	P.3.2.54
kapAwikA	kapāṭikā	14846	1	P.5.3.107
kapIvaha	kapīvaha	14933	1	P.6.3.121
kapIvant	kapīvant	14932	2	P.6.3.120|P.8.2.11
kaparda	kaparda	14837	1	P.2.1.10
kapawa	kapaṭa	14832	1	P.2.4.31
kapi	kapi	14858	2	P.4.1.45|P.6.2.37
kapiSa	kapiśa	14917	1	P.5.2.100
kapiYjalArma	kapiñjalārma	14873	1	P.6.2.90
kapila	kapila	14891	1	P.5.2.97
kapilaka	kapilaka	14892	1	P.4.1.112
kapisTala	kapisthala	14925	1	P.8.3.91
kapitTa	kapittha	14875	2	P.2.4.31|P.4.3.140
kapitTila	kapitthila	14880	1	P.4.2.80
kapitTinI	kapitthinī	14879	1	P.5.2.135
kapizWala	kapiṣṭhala	14922	2	P.2.4.69|P.8.3.91
kapizWikA	kapiṣṭhikā	14923	1	P.5.3.107
kapotakIyA	kapotakīyā	14941	2	P.4.2.91|P.6.4.153
kapotapAda	kapotapāda	14944	1	P.5.4.138
kapotapAka	kapotapāka	14943	2	P.5.3.113|P.7.3.53
kaqAra	kaḍāra	14462	1	P.2.2.38
kaqaMkarIya	kaḍaṃkarīya	14455	1	P.5.1.69
kaqaMkara	kaḍaṃkara	14454	1	P.5.1.69
kar	kar	69731	76	P.1.1.62|P.1.2.36|P.1.3.32|P.1.3.33|P.1.3.34|P.1.3.35|P.1.3.71|P.1.3.75|P.1.3.79|P.1.4.53|P.1.4.75|P.1.4.77|P.1.4.79|P.1.4.98|P.2.1.59|P.2.3.53|P.2.4.75|P.2.4.80|P.3.1.33|P.3.1.40|P.3.1.41|P.3.1.42|P.3.1.48|P.3.1.59|P.3.1.62|P.3.1.89|P.3.4.61|P.3.4.62|P.3.4.71|P.3.4.95|P.3.4.98|P.4.2.16|P.4.2.20|P.4.2.24|P.4.3.87|P.4.4.3|P.4.4.4|P.4.4.34|P.5.1.134|P.5.2.5|P.5.4.21|P.5.4.49|P.5.4.50|P.5.4.51|P.5.4.52|P.5.4.54|P.5.4.55|P.5.4.57|P.5.4.58|P.5.4.59|P.6.1.135|P.6.1.137|P.6.1.138|P.6.1.139|P.6.1.140|P.6.1.141|P.6.1.142|P.6.4.102|P.6.4.108|P.6.4.109|P.6.4.110|P.6.4.152|P.7.1.100|P.7.2.1|P.7.2.13|P.7.2.75|P.7.4.11|P.7.4.26|P.7.4.27|P.7.4.32|P.7.4.65|P.7.4.92|P.8.3.70|P.8.3.71|P.8.3.108|P.8.4.18
karIrakuRa	karīrakuṇa	15227	1	P.5.2.24
karIraprasTa	karīraprastha	15228	1	P.6.2.87
karIravatI	karīravatī	15229	1	P.4.2.86
karIzaMkaza	karīṣaṃkaṣa	15235	1	P.3.2.42
karIzaganDi	karīṣagandhi	15234	1	P.4.1.78
karIzin	karīṣin	15236	1	P.5.2.135
karRAQaka	karṇāḍhaka	15395	1	P.2.4.63
karRAkarRi	karṇākarṇi	15391	1	P.5.4.127
karRAlaMkAra	karṇālaṃkāra	15402	1	P.5.1.99
karRI	karṇī	15411	1	P.8.3.46
karRa	karṇa	15314	5	P.4.1.55|P.4.1.64|P.6.2.112|P.6.2.113|P.6.3.115
karRagrAha	karṇagrāha	15325	1	P.4.1.146
karRajAha	karṇajāha	15330	1	P.5.2.24
karRaka	karṇaka	15316	1	P.2.4.69
karRakita	karṇakita	15319	1	P.5.2.36
karRala	karṇala	15368	1	P.5.2.97
karRamUla	karṇamūla	15363	1	P.5.2.24
karRavezwakIya	karṇaveṣṭakīya	15379	1	P.5.1.4
karRavezwaka	karṇaveṣṭaka	15378	2	P.5.1.4|P.5.1.99
karRecurucurA	karṇecurucurā	15414	2	P.2.1.48|P.6.2.81
karRejapa	karṇejapa	15415	2	P.3.2.13|P.6.3.14
karRika	karṇika	15406	1	P.4.3.65
karRowiriwirA	karṇoṭiriṭirā	15416	2	P.2.1.48|P.6.2.81
karRya	karṇya	15420	2	P.4.3.55|P.5.1.6
karS	karś	69953	2	P.1.2.25|P.8.2.55
karUza	karūṣa	15249	1	P.4.1.178
kara	kara	15077	8	P.2.3.69|P.3.2.20|P.3.2.43|P.3.3.57|P.3.3.126|P.3.3.127|P.3.4.39|P.6.2.139
karaBU	karabhū	15154	1	P.6.4.84
karaBa	karabha	69763	2	P.4.1.69|P.5.2.79
karaRa	karaṇa	15111	12	P.1.1.56|P.1.4.42|P.2.1.32|P.2.1.33|P.2.1.51|P.2.1.63|P.2.3.18|P.3.1.41|P.3.2.45|P.3.2.56|P.6.1.129|P.6.1.188
karaka	karaka	15080	2	P.7.3.2|P.7.3.4
karakisalaya	karakisalaya	15088	1	P.2.1.56
karavIra	karavīra	15174	1	P.4.3.166
kardama	kardama	15454	1	P.5.2.127
kardamaka	kardamaka	15455	1	P.4.2.80
kardamila	kardamila	15460	1	P.4.2.80
kardaminI	kardaminī	15459	1	P.5.2.135
kardamita	kardamita	15458	1	P.5.2.36
karhi	karhi	15601	2	P.3.3.5|P.5.3.21
kari	kari	15201	1	P.3.2.24
karipa	karipa	15209	1	P.6.2.134
karipaTa	karipatha	15211	1	P.5.3.100
kariskanDa	kariskandha	15223	1	P.4.2.51
kariva	kariva	15218	1	P.6.2.134
karizWa	kariṣṭha	15219	2	P.5.3.59|P.6.4.154
karkI	karkī	15306	1	P.6.2.87
karka	karka	15267	1	P.5.3.110
karkaSa	karkaśa	15298	1	P.5.2.100
karkanDu	karkandhu	15282	1	P.4.3.136
karkanDukuRa	karkandhukuṇa	15283	1	P.5.2.24
karkanDumatI	karkandhumatī	15285	2	P.4.2.77|P.4.2.86
karkanDuprasTa	karkandhuprastha	15284	1	P.6.2.87
karkari	karkari	15294	1	P.4.1.41
karmAra	karmāra	15571	1	P.8.4.39
karmaDAraya	karmadhāraya	15522	1	P.1.2.42
karmaRya	karmaṇya	15517	1	P.5.1.100
karmaWa	karmaṭha	15515	1	P.5.2.35
karmakAra	karmakāra	15500	1	P.3.2.22
karmakara	karmakara	15497	1	P.3.2.22
karmakartar	karmakartar	15498	1	P.3.1.62
karmakft	karmakṛt	15505	1	P.3.2.89
karman	karman	15523	3	P.1.4.49|P.2.3.2|P.2.4.31
karmanda	karmanda	15526	2	P.4.2.66|P.4.3.111
karmapravacanIya	karmapravacanīya	15531	2	P.1.4.83|P.2.3.8
karmaza	karmaṣa	15560	1	P.8.2.18
karmika	karmika	15574	2	P.5.1.128|P.5.2.116
karmin	karmin	15575	1	P.5.2.116
karpAsa	karpāsa	15471	2	P.2.4.31|P.4.3.136
karpUra	karpūra	15472	1	P.4.1.123
karpUrila	karpūrila	15482	1	P.4.2.80
karpUrin	karpūrin	15481	1	P.4.2.77
karpawa	karpaṭa	15462	1	P.2.4.31
kart	kart	15421	3	P.7.1.59|P.7.1.76|P.7.2.57
kartar	kartar	69881	5	P.1.4.54|P.2.3.18|P.3.1.134|P.3.2.135|P.6.1.174
kartavya	kartavya	15433	1	P.3.1.96
kartfkara	kartṛkara	15436	1	P.3.2.21
kartfmant	kartṛmant	15440	1	P.6.1.176
kartu	kartu	15435	2	P.3.4.9|P.6.1.200
kartva	kartva	15448	1	P.3.4.14
karuRAy	karuṇāy	15241	1	P.3.1.18
karuRa	karuṇa	15237	2	P.6.2.170|P.6.2.171
karuRin	karuṇin	15243	1	P.5.2.131
karz	karṣ	15591	18	P.1.4.51|P.2.1.39|P.2.1.61|P.2.3.72|P.2.4.5|P.3.1.15|P.3.1.106|P.3.4.49|P.3.4.51|P.4.1.17|P.5.1.108|P.5.4.20|P.5.4.58|P.6.1.59|P.6.3.2|P.7.2.10|P.7.2.62|P.7.4.64
karzApaRa	karṣāpaṇa	15598	1	P.5.4.38
karza	karṣa	15592	5	P.2.4.16|P.2.4.31|P.4.4.97|P.6.1.159|P.6.2.129
kas	kas	15941	2	P.7.2.34|P.7.4.84
kasa	kasa	15943	1	P.3.1.140
kasmAt	kasmāt	15958	1	P.1.2.35
kasvara	kasvara	15959	1	P.3.2.175
kata	kata	69470	3	P.4.1.18|P.4.1.105|P.7.3.20
katama	katama	14595	7	P.1.1.27|P.2.1.63|P.3.3.6|P.3.3.144|P.5.3.93|P.6.2.57|P.7.1.25
katara	katara	14598	8	P.1.1.27|P.2.1.63|P.3.3.6|P.3.3.144|P.5.3.92|P.6.1.69|P.6.2.57|P.7.1.25
kati	kati	14600	8	P.1.1.23|P.1.1.25|P.1.1.181|P.4.1.10|P.5.2.40|P.6.1.179|P.7.1.22|P.7.1.55
katiDA	katidhā	14604	1	P.1.1.23
katiTa	katitha	14603	1	P.5.2.51
katipaya	katipaya	14605	4	P.1.1.33|P.2.1.65|P.2.3.33|P.6.3.2
katipayaTa	katipayatha	14606	1	P.5.2.51
kattfRa	kattṛṇa	14610	1	P.6.3.103
kattri	kattri	14612	1	P.4.2.95
kavAwa	kavāṭa	15843	1	P.3.2.54
kavAwaGna	kavāṭaghna	15844	1	P.3.2.54
kava	kava	15816	2	P.6.3.107|P.6.3.108
kavaca	kavaca	15819	2	P.2.4.31|P.3.2.129
kavacahara	kavacahara	15822	2	P.3.2.9|P.3.2.10
kavalaprasTa	kavalaprastha	15837	1	P.6.2.87
kavantaka	kavantaka	15829	1	P.2.4.69
kavapaTa	kavapatha	15831	1	P.6.3.108
kavara	kavara	15833	1	P.4.1.42
kaviSasta	kaviśasta	15876	1	P.6.2.147
kavila	kavila	15873	1	P.4.2.80
kavirahasya	kavirahasya	15870	1	P.7.3.37
kavozRa	kavoṣṇa	15882	1	P.6.3.107
kavy	kavy	15883	1	P.7.4.39
kavya	kavya	15884	1	P.5.4.30
kavyavAhana	kavyavāhana	15888	1	P.3.2.65
kawAha	kaṭāha	14365	1	P.5.1.52
kawAla	kaṭāla	14364	1	P.5.2.97
kawa	kaṭa	14332	5	P.4.2.139|P.5.2.29|P.5.2.30|P.5.2.97|P.6.2.85
kawaGoza	kaṭaghoṣa	14341	1	P.4.2.139
kawakIya	kaṭakīya	14337	1	P.5.1.4
kawaka	kaṭaka	14333	2	P.2.4.31|P.5.2.128
kawakya	kaṭakya	14339	1	P.5.1.4
kawanagara	kaṭanagara	14344	1	P.4.2.139
kawapalvala	kaṭapalvala	14346	1	P.4.2.139
kawi	kaṭi	14367	1	P.4.1.41
kawin	kaṭin	14371	1	P.4.2.80
kawipa	kaṭipa	14372	1	P.4.2.80
kawolakapAda	kaṭolakapāda	14428	1	P.5.4.138
kawubadarI	kaṭubadarī	14411	1	P.1.2.51
kawuka	kaṭuka	14384	3	P.2.4.63|P.6.2.37|P.6.2.126
kaz	kaṣ	15914	2	P.3.4.34|P.7.2.22
kazAya	kaṣāya	15922	4	P.2.4.31|P.4.2.1|P.4.3.106|P.6.2.10
kazAyapARa	kaṣāyapāṇa	15925	1	P.8.4.9
kaza	kaṣa	15915	1	P.3.3.119
kazwAy	kaṣṭāy	15938	1	P.3.1.14
kazwa	kaṣṭa	15936	3	P.3.2.88|P.6.2.47|P.7.2.32
ka~yya	kam̐yya	14152	1	P.5.2.138
keSAkeSi	keśākeśi	19152	3	P.2.2.27|P.5.4.127|P.6.3.137
keSa	keśa	19101	3	P.2.2.31|P.3.4.50|P.4.1.54
keSajAha	keśajāha	19114	1	P.5.2.24
keSaka	keśaka	19102	1	P.5.2.66
keSava	keśava	19136	1	P.5.2.109
keSavant	keśavant	19139	1	P.5.2.109
keSaveSa	keśaveśa	19149	1	P.4.1.42
keSika	keśika	19161	1	P.5.2.109
keSin	keśin	19163	3	P.4.1.151|P.5.2.109|P.6.4.165
kekaya	kekaya	18999	2	P.4.1.178|P.7.3.2
kekika	kekika	19004	1	P.5.2.116
kekin	kekin	19005	1	P.5.2.116
kelAy	kelāy	19062	1	P.3.1.27
kerala	kerala	19056	1	P.4.1.175
kevAla	kevāla	19098	2	P.1.4.61|P.4.1.41
kevala	kevala	19090	2	P.2.1.49|P.4.1.30
kfSASva	kṛśāśva	18813	2	P.4.2.66|P.4.3.111
kfSAku	kṛśāku	18807	1	P.5.2.62
kfSAnuka	kṛśānuka	18811	1	P.5.2.62
kfSa	kṛśa	18796	2	P.6.4.161|P.8.2.55
kfcCrAy	kṛcchrāy	18573	1	P.3.1.18
kfcCra	kṛcchra	18567	7	P.2.1.39|P.2.3.33|P.6.2.6|P.6.2.49|P.6.2.170|P.6.3.2|P.7.2.22
kfcCrin	kṛcchrin	18576	2	P.3.2.130|P.5.2.131
kfkaRIya	kṛkaṇīya	18551	1	P.4.2.145
kfkaRa	kṛkaṇa	18550	2	P.4.2.145|P.4.3.76
kfmiRa	kṛmiṇa	18769	1	P.5.2.100
kfmimant	kṛmimant	18774	1	P.8.2.9
kfnttavicakzaRA	kṛnttavicakṣaṇā	18733	1	P.2.1.72
kfpA	kṛpā	18747	1	P.3.3.104
kfpaRAy	kṛpaṇāy	18741	1	P.3.1.18
kfpaRa	kṛpaṇa	18737	3	P.2.1.59|P.4.1.45|P.6.2.170
kfpaRin	kṛpaṇin	18742	1	P.5.2.131
kft	kṛt	71326	14	P.1.1.39|P.1.2.46|P.2.1.32|P.3.1.93|P.3.2.89|P.3.4.67|P.6.1.71|P.6.1.182|P.6.2.50|P.6.2.139|P.7.2.8|P.7.2.11|P.7.3.33|P.8.4.29
kftAkfta	kṛtākṛta	18656	1	P.2.1.60
kftApakfta	kṛtāpakṛta	18667	1	P.2.1.69
kfta	kṛta	18582	3	P.2.1.59|P.2.2.37|P.6.2.170
kftapUrvin	kṛtapūrvin	18620	2	P.2.3.65|P.5.2.87
kftay	kṛtay	18631	1	P.3.1.21
kfti	kṛti	18677	4	P.1.2.35|P.2.3.66|P.3.3.94|P.6.2.151
kftrima	kṛtrima	18712	2	P.3.3.88|P.4.4.20
kftsna	kṛtsna	18720	1	P.1.1.62
kftvas	kṛtvas	18716	3	P.2.3.64|P.5.4.17|P.5.4.20
kftya	kṛtya	18700	9	P.2.1.33|P.3.1.68|P.3.1.70|P.3.1.95|P.3.1.120|P.3.3.100|P.3.4.14|P.6.1.144|P.6.2.2
kfv	kṛv	18794	1	P.3.1.80
kfzIvala	kṛṣīvala	18821	3	P.5.2.112|P.6.3.118|P.7.4.64
kfzRAjina	kṛṣṇājina	18963	4	P.2.4.68|P.2.4.69|P.5.3.82|P.6.2.165
kfzRagiri	kṛṣṇagiri	18850	1	P.6.3.117
kfzRaka	kṛṣṇaka	18836	2	P.5.3.82|P.5.4.3
kfzRakarRa	kṛṣṇakarṇa	18839	1	P.4.2.77
kfzRala	kṛṣṇala	18919	1	P.5.2.97
kfzRamfttika	kṛṣṇamṛttika	18911	1	P.6.2.103
kfzRapadI	kṛṣṇapadī	18885	1	P.5.4.139
kfzRapiNgala	kṛṣṇapiṅgala	18890	1	P.2.4.69
kfzRasAraNga	kṛṣṇasāraṅga	18953	2	P.2.1.69|P.6.2.3
kfzRasundara	kṛṣṇasundara	18957	2	P.2.4.68|P.2.4.69
kfzRaveRA	kṛṣṇaveṇā	18936	1	P.2.1.21
kfzRiman	kṛṣṇiman	18980	1	P.6.4.161
kfzRosyAKarezWaka	kṛṣṇosyākhareṣṭhaka	18990	1	P.5.2.62
kfzi	kṛṣi	18819	1	P.5.4.58
kfzwapacya	kṛṣṭapacya	18824	1	P.3.1.114
kfzwiman	kṛṣṭiman	18830	1	P.5.1.123
kiMSAru	kiṃśāru	17148	1	P.6.2.139
kiMSuluka	kiṃśuluka	17152	1	P.6.3.117
kiMdAsa	kiṃdāsa	17226	1	P.4.1.104
kiMdarBa	kiṃdarbha	17224	1	P.4.1.104
kiMkAmy	kiṃkāmy	17170	1	P.3.1.9
kiMkala	kiṃkala	17169	1	P.4.1.99
kiMkara	kiṃkara	17167	1	P.3.2.21
kiMnara	kiṃnara	17231	1	P.4.3.93
kiMrAjan	kiṃrājan	17138	1	P.2.1.64
kiMsa	kiṃsa	17153	1	P.8.3.110
kiMsaKi	kiṃsakhi	17154	1	P.2.1.64
kiMtamAm	kiṃtamām	17219	2	P.5.4.11|P.5.4.12
kiMvant	kiṃvant	17142	1	P.8.2.9
kiMvftta	kiṃvṛtta	119473	3	P.3.3.6|P.3.3.144|P.8.1.48
kiRvIya	kiṇvīya	17212	1	P.5.1.4
kiRva	kiṇva	70726	1	P.2.2.31
kiSarA	kiśarā	17314	1	P.4.2.86
kiSora	kiśora	17317	2	P.4.1.20|P.6.1.107
kiSorikA	kiśorikā	17318	1	P.4.1.123
kilAsin	kilāsin	17303	1	P.5.2.128
kilAta	kilāta	17298	1	P.4.1.104
kim	kim	17236	7	P.2.1.64|P.2.2.4|P.3.2.121|P.3.3.151|P.4.1.163|P.5.4.70|P.8.1.44
kimarTam	kimartham	17238	1	P.1.1.62
kirAta	kirāta	17266	1	P.2.4.11
kirIwa	kirīṭa	17280	1	P.2.4.31
kira	kira	17261	1	P.3.1.135
kisaM	kisaṃ	17327	1	P.8.3.110
kisalayita	kisalayita	17331	1	P.5.2.36
kisara	kisara	17328	1	P.4.4.53
kita	kita	17214	1	P.4.1.110
kitavIya	kitavīya	17216	1	P.4.2.90
kitava	kitava	17215	7	P.2.1.40|P.2.1.53|P.2.1.56|P.2.4.68|P.4.1.110|P.4.1.154|P.4.2.90
kiyant	kiyant	17256	3	P.5.2.40|P.5.4.107|P.6.3.90
kizkinDa	kiṣkindha	17321	2	P.4.3.93|P.6.1.157
kizku	kiṣku	17324	1	P.6.1.157
klIba	klība	20033	1	P.3.1.11
klam	klam	20014	3	P.3.1.70|P.7.3.74|P.7.3.75
klamin	klamin	20017	1	P.3.2.141
kleSApaha	kleśāpaha	20049	1	P.3.2.50
kleSaka	kleśaka	20047	1	P.3.2.146
kliS	kliś	20025	3	P.1.2.7|P.3.4.55|P.7.2.50
knUy	knūy	19708	3	P.3.4.33|P.7.3.36|P.7.3.86
knUyitar	knūyitar	19709	1	P.3.2.152
koRAkoRi	koṇākoṇi	19311	1	P.5.4.127
koSAtaka	kośātaka	19405	2	P.4.1.41|P.4.3.167
koSa	kośa	19382	1	P.2.4.31
koca	koca	19270	1	P.3.1.140
kohaqa	kohaḍa	19429	1	P.4.1.112
kohita	kohita	19431	1	P.4.1.112
kokila	kokila	19252	1	P.4.1.4
kolAkoli	kolākoli	19365	1	P.5.4.127
kola	kola	19351	1	P.3.1.140
kopAkopi	kopākopi	19336	1	P.5.4.127
kopa	kopa	19326	2	P.1.4.37|P.3.1.134
koraka	koraka	19345	1	P.5.2.36
korakita	korakita	19346	1	P.5.2.36
kosala	kosala	19428	1	P.4.1.171
kowa	koṭa	19273	1	P.4.2.80
kowarAvaRa	koṭarāvaṇa	19277	2	P.6.3.117|P.8.4.4
kowara	koṭara	19276	3	P.4.2.80|P.6.3.117|P.8.4.4
kozRa	koṣṇa	19427	1	P.6.3.107
kozWa	koṣṭha	19416	1	P.7.2.9
koza	koṣa	19414	1	P.3.1.134
krA	krā	19828	1	P.3.2.67
krAmetaraka	krāmetaraka	19840	1	P.4.2.60
krAnta	krānta	19831	1	P.3.2.188
krI	krī	19864	6	P.1.3.18|P.1.4.44|P.4.1.50|P.6.1.48|P.6.2.151|P.6.4.82
krIq	krīḍ	19866	1	P.1.3.21
krOYca	krauñca	19987	2	P.4.1.120|P.5.4.38
krOYcabanDa	krauñcabandha	19993	1	P.3.4.42
krOYcaka	krauñcaka	19988	1	P.6.4.153
krOqi	krauḍi	19999	1	P.4.1.80
krOzwAyana	krauṣṭāyana	20002	2	P.4.1.99|P.4.2.80
krOzwrAyaRa	krauṣṭrāyaṇa	20006	1	P.4.2.80
krOzwukarRa	krauṣṭukarṇa	20004	1	P.4.3.93
krOzwuki	krauṣṭuki	20005	1	P.5.3.116
kraSiman	kraśiman	19825	1	P.5.1.123
kraT	krath	19750	1	P.2.3.56
kram	kram	19764	26	P.1.1.72|P.1.3.38|P.1.3.39|P.1.3.40|P.1.3.41|P.1.3.42|P.1.3.43|P.1.3.62|P.1.4.83|P.2.1.3|P.3.1.14|P.3.1.23|P.3.1.70|P.3.3.135|P.3.4.20|P.3.4.57|P.3.4.65|P.4.3.86|P.5.2.50|P.5.4.61|P.6.1.116|P.6.4.18|P.7.1.40|P.7.2.36|P.7.3.76|P.8.1.15
krama	krama	19765	3	P.1.1.45|P.1.1.46|P.1.2.27
kramaRa	kramaṇa	19770	2	P.3.1.8|P.3.1.14
kramaka	kramaka	19766	1	P.4.2.61
kramapAWa	kramapāṭha	19774	1	P.8.4.28
krametara	krametara	19793	1	P.4.2.60
krand	krand	19756	1	P.7.4.65
kratu	kratu	19725	2	P.2.4.4|P.4.3.68
kravyAd	kravyād	19821	1	P.3.2.69
kravyAda	kravyāda	19822	1	P.3.2.69
krayavikraya	krayavikraya	19801	1	P.4.4.13
krayavikrayika	krayavikrayika	19802	1	P.4.4.13
krayika	krayika	19809	1	P.4.3.13
krayya	krayya	19811	1	P.6.1.82
kretar	kretar	19932	1	P.6.1.82
kreya	kreya	19934	1	P.6.1.82
kriyA	kriyā	19845	2	P.1.3.1|P.3.3.100
kriyAtipatti	kriyātipatti	119642	1	P.3.3.139
kriyAviSezaRa	kriyāviśeṣaṇa	19858	1	P.2.4.30
kriyAyoga	kriyāyoga	19852	1	P.1.1.14
kroDa	krodha	19955	1	P.1.4.37
kroDana	krodhana	19956	1	P.3.2.151
kroSa	krośa	19967	1	P.3.1.140
kroSin	krośin	19971	1	P.6.2.80
kroqa	kroḍa	19942	3	P.4.1.3|P.4.1.45|P.4.1.56
krozwar	kroṣṭar	19973	5	P.3.2.147|P.4.1.41|P.7.1.95|P.7.1.96|P.7.1.97
krozwu	kroṣṭu	19974	2	P.7.1.95|P.7.1.97
krozwukamAna	kroṣṭukamāna	19977	1	P.2.4.63
krozwukarRa	kroṣṭukarṇa	19979	1	P.4.3.93
krozwumAna	kroṣṭumāna	19984	1	P.2.4.63
krozwupAda	kroṣṭupāda	19981	1	P.2.4.63
kruD	krudh	19905	4	P.1.4.37|P.1.4.38|P.7.2.10|P.8.2.37
kruS	kruś	19912	3	P.3.2.188|P.7.2.10|P.7.4.82
kruYc	kruñc	19900	1	P.3.2.59
kruYcAmant	kruñcāmant	19903	1	P.8.2.9
kruYca	kruñca	19901	3	P.4.1.4|P.4.2.91|P.8.2.9
kruYcakIya	kruñcakīya	19902	2	P.4.2.91|P.6.4.153
ku	ku	17404	2	P.1.1.37|P.2.2.18
kuRW	kuṇṭh	17621	1	P.8.4.58
kuRWa	kuṇṭha	17623	1	P.2.2.38
kuRa	kuṇa	17607	1	P.5.2.24
kuRapa	kuṇapa	17610	1	P.2.4.31
kuRarabAqava	kuṇarabāḍava	17612	1	P.7.3.1
kuRipadI	kuṇipadī	17618	1	P.5.4.139
kuRq	kuṇḍ	17625	2	P.7.1.58|P.8.4.58
kuRqa	kuṇḍa	17626	3	P.3.3.103|P.4.1.42|P.6.2.136
kuRqala	kuṇḍala	17639	2	P.2.4.31|P.5.2.97
kuRqalara	kuṇḍalara	17641	1	P.4.2.80
kuRqapAyya	kuṇḍapāyya	17636	1	P.3.1.130
kuRqaprasTa	kuṇḍaprastha	17637	1	P.6.2.87
kuRqika	kuṇḍika	17649	1	P.8.3.45
kuRqina	kuṇḍina	17651	2	P.2.4.70|P.4.1.105
kuRqodara	kuṇḍodara	17655	1	P.6.2.108
kuSAgrIya	kuśāgrīya	18265	1	P.5.3.105
kuSAmba	kuśāmba	18267	2	P.4.1.123|P.4.2.68
kuSIraka	kuśīraka	18281	1	P.4.2.80
kuSUlavila	kuśūlavila	18286	1	P.6.2.102
kuSa	kuśa	18235	2	P.4.1.42|P.8.3.46
kuSala	kuśala	18253	8	P.2.1.40|P.2.1.59|P.2.1.70|P.2.3.40|P.2.3.73|P.4.1.96|P.5.2.97|P.6.2.24
kuTa	kutha	17702	1	P.6.1.216
kuWAra	kuṭhāra	17576	1	P.4.1.112
kuWAraka	kuṭhāraka	17577	1	P.4.1.123
kuYcikA	kuñcikā	17494	1	P.6.1.56
kuYja	kuñja	17497	2	P.2.4.31|P.4.1.98
kuYjara	kuñjara	17498	2	P.2.1.56|P.2.1.62
kubalaprasTa	kubalaprastha	18201	1	P.6.2.87
kubja	kubja	17808	1	P.2.4.11
kubrahma	kubrahma	17814	1	P.5.4.105
kuc	kuc	17467	1	P.5.4.128
kuddAla	kuddāla	17713	1	P.5.4.138
kuddAlaka	kuddālaka	17714	1	P.6.2.146
kudri	kudri	17719	2	P.2.4.63|P.4.1.136
kuha	kuha	18384	3	P.5.3.13|P.6.1.216|P.7.2.104
kukkuwAgiri	kukkuṭāgiri	17441	1	P.6.3.117
kukkuwArma	kukkuṭārma	17446	1	P.6.2.90
kukkuwa	kukkuṭa	17432	6	P.1.2.67|P.2.4.31|P.4.1.14|P.4.1.63|P.4.4.46|P.6.3.42
kukkuwakanTa	kukkuṭakantha	17434	1	P.6.2.125
kukzi	kukṣi	17454	2	P.4.2.127|P.7.2.9
kulAla	kulāla	18131	1	P.4.3.118
kulIna	kulīna	18152	1	P.4.1.139
kula	kula	18029	1	P.6.3.21
kulaBAryA	kulabhāryā	18081	1	P.1.3.47
kuladamana	kuladamana	18053	1	P.3.1.134
kulaputra	kulaputra	18073	1	P.5.1.133
kulara	kulara	18088	1	P.4.2.80
kulatTa	kulattha	18051	1	P.4.4.4
kulavant	kulavant	18089	1	P.5.2.136
kulawA	kulaṭā	18047	2	P.2.1.70|P.4.1.127
kulija	kulija	18142	2	P.5.1.55|P.7.3.17
kulin	kulin	18143	1	P.5.2.136
kulmAza	kulmāṣa	71175	2	P.3.2.81|P.5.2.83
kulya	kulya	18181	2	P.4.1.140|P.4.2.80
kum	kum	17821	1	P.1.4.57
kumArADyApaka	kumārādhyāpaka	71052	1	P.2.1.70
kumArISvaSura	kumārīśvaśura	17859	1	P.5.4.3
kumArIkrIqanaka	kumārīkrīḍanaka	17855	1	P.5.4.29
kumArIputra	kumārīputra	17857	1	P.5.4.3
kumAra	kumāra	17828	7	P.1.1.22|P.2.1.27|P.2.1.28|P.2.1.70|P.6.2.26|P.6.2.69|P.6.2.95
kumAraGAtin	kumāraghātin	17831	1	P.3.2.51
kumAraSramaRA	kumāraśramaṇā	71050	1	P.2.1.70
kumAradAsa	kumāradāsa	71037	1	P.2.1.70
kumArakulawA	kumārakulaṭā	71031	1	P.2.1.70
kumAranipuRa	kumāranipuṇa	71039	1	P.2.1.70
kumArapravrajitA	kumārapravrajitā	71043	1	P.2.1.70
kumArava	kumārava	17843	1	P.5.2.109
kumAridA	kumāridā	17852	1	P.6.3.63
kumAridatta	kumāridatta	71054	1	P.6.3.63
kumArika	kumārika	17850	1	P.5.2.116
kumArin	kumārin	17853	1	P.5.2.116
kumBa	kumbha	17890	1	P.8.3.46
kumBakAra	kumbhakāra	17894	3	P.3.2.1|P.4.1.15|P.6.2.76
kumBamaRqUka	kumbhamaṇḍūka	17906	2	P.2.1.48|P.6.2.81
kumBapAda	kumbhapāda	17904	1	P.5.4.139
kumBavila	kumbhavila	17914	1	P.6.2.102
kumb	kumb	17885	1	P.3.3.105
kumba	kumba	17886	1	P.3.3.105
kumuda	kumuda	17866	3	P.2.4.31|P.6.1.161|P.6.2.2
kumudaKaRqa	kumudakhaṇḍa	17867	1	P.4.2.51
kumudika	kumudika	17875	1	P.4.2.80
kumudinI	kumudinī	17877	1	P.5.2.135
kumudvant	kumudvant	17879	2	P.4.2.87|P.6.1.161
kunAman	kunāman	17736	2	P.4.1.96|P.4.2.116
kunduma	kunduma	17762	2	P.2.1.59|P.6.2.134
kunti	kunti	17750	3	P.4.1.65|P.4.1.176|P.6.2.37
kupiYjala	kupiñjala	17780	1	P.4.1.112
kupuruza	kupuruṣa	17787	1	P.6.3.106
kuputra	kuputra	17786	1	P.5.1.133
kupya	kupya	17790	1	P.3.1.114
kuqapa	kuḍapa	17589	1	P.2.4.31
kuqmala	kuḍmala	17597	1	P.5.4.145
kuqmalita	kuḍmalita	17599	1	P.5.2.36
kuqya	kuḍya	17600	1	P.4.2.95
kuru	kuru	17976	7	P.2.4.7|P.4.1.66|P.4.1.172|P.4.1.176|P.4.2.81|P.6.2.42|P.7.3.20
kurucara	kurucara	17984	2	P.4.1.14|P.4.1.15
kurugArhapata	kurugārhapata	17982	1	P.6.2.42
kurujANgala	kurujāṅgala	17986	2	P.2.4.7|P.7.3.25
kurukzetra	kurukṣetra	17980	1	P.2.4.7
kuruta	kuruta	17992	1	P.5.4.138
kusIda	kusīda	18336	1	P.4.4.31
kusIdika	kusīdika	18338	1	P.4.4.31
kusUla	kusūla	18372	1	P.5.4.138
kusida	kusida	18333	1	P.4.1.37
kusita	kusita	18332	1	P.4.1.37
kustrI	kustrī	18379	1	P.5.1.130
kustumburu	kustumburu	18378	1	P.6.1.143
kusuma	kusuma	18340	1	P.2.4.31
kusumita	kusumita	18364	1	P.5.2.36
kusumy	kusumy	18369	1	P.3.1.27
kutU	kutū	17677	1	P.5.3.89
kutUhalita	kutūhalita	17681	1	P.5.2.36
kutapa	kutapa	17662	2	P.1.3.40|P.2.4.31
kutas	kutas	17667	2	P.5.3.7|P.5.3.8
kutra	kutra	17687	1	P.5.3.10
kutsA	kutsā	17697	2	P.4.1.148|P.4.1.167
kutsa	kutsa	17690	1	P.2.4.65
kutsakuSikikA	kutsakuśikikā	17691	1	P.4.3.125
kutsana	kutsana	17692	3	P.2.1.53|P.4.1.147|P.8.1.8
kutsay	kutsay	17694	1	P.2.1.53
kutuka	kutuka	17674	1	P.5.1.130
kutumburu	kutumburu	17676	1	P.6.1.143
kutupa	kutupa	17675	1	P.5.3.89
kuvala	kuvala	18199	1	P.4.1.41
kuvalakuRa	kuvalakuṇa	18200	1	P.5.2.24
kuvalayita	kuvalayita	18208	1	P.5.2.36
kuveraka	kuveraka	17801	1	P.4.1.123
kuveravana	kuveravana	17803	2	P.8.4.4|P.8.4.39
kuvid	kuvid	18220	2	P.1.4.57|P.8.1.30
kuvidyAsa	kuvidyāsa	18221	1	P.4.2.80
kuw	kuṭ	17509	1	P.1.2.1
kuwIgu	kuṭīgu	17539	1	P.4.1.105
kuwIkuwa	kuṭīkuṭa	17537	1	P.2.4.11
kuwImaya	kuṭīmaya	17542	1	P.4.3.144
kuwIra	kuṭīra	17545	2	P.4.3.136|P.5.3.88
kuwa	kuṭa	17512	2	P.4.1.110|P.4.1.151
kuwi	kuṭi	17527	1	P.6.2.8
kuwilaka	kuṭilaka	17534	1	P.4.4.18
kuwmalita	kuṭmalita	70897	1	P.5.2.36
kuwumba	kuṭumba	17548	1	P.3.2.46
kuww	kuṭṭ	17554	1	P.3.2.155
kuwwAka	kuṭṭāka	17562	1	P.3.2.155
kuwwima	kuṭṭima	17566	1	P.2.4.31
kuz	kuṣ	18291	8	P.1.2.7|P.3.1.25|P.3.1.45|P.3.1.90|P.7.2.4|P.7.2.46|P.7.2.47|P.8.2.28
kuzItaka	kuṣītaka	18299	2	P.2.4.69|P.4.1.124
kuzWa	kuṣṭha	18306	1	P.8.3.97
kuzWala	kuṣṭhala	18313	1	P.8.3.96
kuzWavid	kuṣṭhavid	18314	1	P.4.4.102
kuzWin	kuṣṭhin	18322	1	P.5.2.128
kuzuBy	kuṣubhy	18302	1	P.3.1.27
kvATa	kvātha	20070	1	P.3.1.140
kva	kva	20057	2	P.5.3.12|P.7.2.105
kvaTa	kvatha	20064	1	P.3.1.140
kzA	kṣā	20213	1	P.8.2.53
kzAla	kṣāla	20270	1	P.3.1.140
kzAmAprasTa	kṣāmāprastha	20231	1	P.6.2.88
kzAma	kṣāma	20228	1	P.8.2.53
kzAmi	kṣāmi	20233	1	P.8.2.1
kzAmin	kṣāmin	20234	1	P.8.2.1
kzAntAyana	kṣāntāyana	20221	1	P.4.1.110
kzAntIya	kṣāntīya	20225	1	P.4.2.90
kzAnta	kṣānta	20220	3	P.4.1.110|P.4.2.90|P.6.3.34
kzArIya	kṣārīya	20266	1	P.4.2.90
kzAra	kṣāra	20236	1	P.3.1.140
kzAtravidya	kṣātravidya	20218	1	P.4.3.73
kzAtri	kṣātri	20219	1	P.4.1.138
kzEmavfdDi	kṣaimavṛddhi	20684	3	P.4.1.96|P.4.2.138|P.4.3.131
kzEpra	kṣaipra	20683	1	P.5.1.122
kzErahrada	kṣairahrada	20686	1	P.4.1.112
kzEreya	kṣaireya	20687	1	P.4.2.20
kzEtayata	kṣaitayata	20674	1	P.4.1.154
kzEtra	kṣaitra	20677	1	P.4.2.38
kzEtrajYa	kṣaitrajña	20679	1	P.5.1.130
kzEtrajYya	kṣaitrajñya	20680	1	P.5.1.124
kzEtrapata	kṣaitrapata	20681	1	P.4.1.84
kzIrIy	kṣīrīy	20426	1	P.7.1.51
kzIrOdana	kṣīraudana	20432	1	P.2.1.34
kzIra	kṣīra	20351	3	P.2.3.41|P.2.4.31|P.6.2.81
kzIrahrada	kṣīrahrada	20416	1	P.4.1.112
kzIraniDi	kṣīranidhi	20376	1	P.1.4.51
kzIrapARa	kṣīrapāṇa	20382	1	P.8.4.9
kzIrapAyin	kṣīrapāyin	20383	1	P.3.2.81
kzIrasy	kṣīrasy	20414	1	P.7.1.51
kzIv	kṣīv	20433	1	P.8.2.55
kzOdra	kṣaudra	20709	2	P.4.3.119|P.5.1.122
kzOdrakya	kṣaudrakya	20711	1	P.5.3.114
kzRu	kṣṇu	20722	2	P.1.3.65|P.7.2.10
kzaRepAka	kṣaṇepāka	20095	1	P.7.3.53
kzaRita	kṣaṇita	20093	1	P.5.2.36
kzal	kṣal	72028	1	P.6.2.110
kzala	kṣala	20209	1	P.3.1.140
kzam	kṣam	20163	6	P.1.1.37|P.1.3.33|P.3.2.188|P.7.2.34|P.7.3.74|P.8.2.65
kzama	kṣama	20164	2	P.1.3.33|P.3.1.134
kzamin	kṣamin	20175	1	P.3.2.141
kzan	kṣan	20140	1	P.7.2.5
kzapa	kṣapa	20148	1	P.3.1.134
kzar	kṣar	20198	2	P.7.2.2|P.7.2.34
kzara	kṣara	20199	1	P.3.1.140
kzaraja	kṣaraja	20201	1	P.6.3.16
kzareja	kṣareja	20205	1	P.6.3.16
kzarya	kṣarya	20206	1	P.5.1.2
kzatra	kṣatra	20108	1	P.2.4.31
kzatravani	kṣatravani	20116	1	P.3.2.27
kzatravidyA	kṣatravidyā	20119	1	P.4.3.73
kzatriya	kṣatriya	20130	4	P.2.1.59|P.4.1.38|P.4.1.49|P.8.4.11
kzatriyakA	kṣatriyakā	20131	1	P.7.3.46
kzattar	kṣattar	20107	1	P.6.4.11
kzavaTu	kṣavathu	20212	1	P.3.3.89
kzaya	kṣaya	20180	1	P.6.1.201
kzayin	kṣayin	20195	1	P.3.2.157
kzayya	kṣayya	20197	1	P.6.1.81
kzema	kṣema	20636	1	P.2.4.31
kzemaMkara	kṣemaṃkara	20645	1	P.3.2.44
kzemakAra	kṣemakāra	20641	1	P.3.2.44
kzemavfdDi	kṣemavṛddhi	20659	1	P.4.1.96
kzemya	kṣemya	20668	1	P.5.4.30
kzepa	kṣepa	20626	2	P.2.1.26|P.5.4.46
kzepaka	kṣepaka	20627	1	P.3.1.94
kzepiman	kṣepiman	20631	2	P.5.1.122|P.6.4.156
kzeptar	kṣeptar	20633	1	P.3.1.94
kzetraBakti	kṣetrabhakti	20600	1	P.5.1.46
kzetrakara	kṣetrakara	20581	1	P.3.2.21
kzetrapati	kṣetrapati	20595	1	P.4.1.84
kzetriya	kṣetriya	20620	1	P.5.2.92
kzeya	kṣeya	20669	1	P.6.1.81
kzi	kṣi	20274	6	P.6.4.59|P.6.4.60|P.6.4.61|P.6.4.77|P.7.4.10|P.8.2.46
kzip	kṣip	20315	9	P.1.1.36|P.1.3.80|P.3.3.122|P.3.4.54|P.5.4.46|P.6.1.100|P.6.3.34|P.6.3.83|P.7.2.10
kzipa	kṣipa	20317	3	P.3.1.94|P.3.1.135|P.3.3.104
kzipaka	kṣipaka	20318	1	P.4.2.80
kzipakin	kṣipakin	20319	1	P.4.2.80
kzipnu	kṣipnu	20331	1	P.3.2.140
kzipra	kṣipra	20332	3	P.3.3.133|P.3.3.134|P.6.4.156
kzitAyus	kṣitāyus	20279	1	P.6.4.61
kziyA	kṣiyā	20339	3	P.3.3.104|P.8.1.60|P.8.2.104
kzmAy	kṣmāy	20733	1	P.7.3.36
kzmAyitar	kṣmāyitar	20734	1	P.3.2.152
kzodiman	kṣodiman	20696	1	P.5.1.122
kzu	kṣu	20435	1	P.7.2.10
kzuB	kṣubh	20546	2	P.7.2.13|P.8.4.39
kzuD	kṣudh	20531	3	P.5.2.36|P.7.2.10|P.7.2.52
kzubDa	kṣubdha	20545	1	P.7.2.18
kzud	kṣud	20447	2	P.4.2.92|P.7.2.10
kzudrIya	kṣudrīya	20524	1	P.4.2.90
kzudra	kṣudra	20449	3	P.4.1.131|P.4.3.119|P.6.4.156
kzudrajantu	kṣudrajantu	20468	1	P.2.4.8
kzudraka	kṣudraka	20450	1	P.5.3.114
kzudrala	kṣudrala	20494	1	P.5.2.97
kzulla	kṣulla	20576	1	P.6.2.39
kzullaka	kṣullaka	20577	1	P.6.2.39
kzvid	kṣvid	20741	3	P.1.2.19|P.3.2.187|P.7.2.16
kzviq	kṣviḍ	20739	1	P.2.4.31
lABa	lābha	86272	1	P.5.1.47
lABam	lābham	86274	1	P.7.1.69
lAGava	lāghava	86208	3	P.5.1.122|P.5.1.131|P.8.3.55
lANgUla	lāṅgūla	86229	1	P.2.1.72
lANgula	lāṅgula	86226	1	P.2.1.72
lANkAkAyani	lāṅkākāyani	86211	1	P.4.1.158
lANkAyana	lāṅkāyana	86212	1	P.4.1.99
lAWy	lāṭhy	86245	1	P.3.1.27
lAhya	lāhya	86346	1	P.4.1.112
lAkzaRi	lākṣaṇi	86189	1	P.4.1.153
lAkzaRika	lākṣaṇika	86190	4	P.6.4.57|P.7.1.100|P.7.3.51|P.7.3.113
lAkzaRya	lākṣaṇya	86191	1	P.4.1.152
lAkzika	lākṣika	86197	2	P.4.1.15|P.4.2.2
lAkzmaReya	lākṣmaṇeya	86202	1	P.4.1.123
lAlAmika	lālāmika	86303	1	P.4.4.40
lAlAwika	lālāṭika	86300	1	P.4.4.46
lAmakAyana	lāmakāyana	86279	2	P.2.4.69|P.4.1.99
lAndra	lāndra	86259	1	P.5.4.29
lApya	lāpya	86264	2	P.3.1.124|P.3.1.126
lAqi	lāḍi	86252	1	P.4.1.80
lAvaRika	lāvaṇika	86320	3	P.4.1.15|P.4.4.52|P.7.3.50
lAvaRya	lāvaṇya	86321	1	P.5.1.123
lAvaka	lāvaka	86317	1	P.6.1.78
lAveraRIya	lāveraṇīya	86333	1	P.4.2.138
lAveraRi	lāveraṇi	86332	1	P.4.2.138
lAvya	lāvya	86335	2	P.3.1.125|P.6.1.80
lAzuka	lāṣuka	86336	1	P.3.2.154
lEKABreya	laikhābhreya	86628	2	P.4.1.123|P.6.4.147
lEgavAyana	laigavāyana	86629	1	P.4.1.99
lEgavya	laigavya	86630	1	P.4.1.105
lI	lī	86442	6	P.1.3.70|P.1.4.28|P.3.1.27|P.6.1.51|P.7.3.39|P.8.2.19
lOhAyana	lauhāyana	87070	1	P.4.1.99
lOha	lauha	87058	1	P.4.3.154
lOheza	lauheṣa	87079	1	P.6.3.39
lOhitIka	lauhitīka	87076	1	P.5.3.110
lOhitaDvajya	lauhitadhvajya	87074	1	P.5.3.112
lOhityAyanI	lauhityāyanī	87078	1	P.4.1.18
lOhitya	lauhitya	87077	1	P.4.1.105
lOkAkza	laukākṣa	87031	1	P.6.2.37
lOkAyatika	laukāyatika	87032	1	P.4.2.60
lOkika	laukika	87033	4	P.2.1.3|P.4.2.39|P.4.2.112|P.5.1.44
lOmAyana	laumāyana	87050	2	P.4.1.98|P.4.2.80
lOmAyanya	laumāyanya	87051	1	P.4.1.98
lOma	lauma	87042	3	P.4.2.75|P.5.3.107|P.6.4.144
lOmaSIya	laumaśīya	87047	1	P.4.2.80
lOmakAyana	laumakāyana	87043	1	P.4.2.80
lOmakAyani	laumakāyani	87044	1	P.4.1.154
lOmakIya	laumakīya	87045	1	P.4.2.80
lOmanya	laumanya	87046	1	P.4.2.80
lOmi	laumi	87052	1	P.4.1.96
lU	lū	86540	26	P.1.3.14|P.1.3.16|P.1.3.67|P.3.1.62|P.6.1.9|P.6.1.187|P.6.1.194|P.6.1.195|P.6.1.196|P.6.4.77|P.6.4.83|P.6.4.112|P.6.4.126|P.7.2.1|P.7.2.10|P.7.2.11|P.7.2.61|P.7.3.80|P.7.4.1|P.7.4.79|P.7.4.80|P.7.4.82|P.7.4.93|P.8.2.25|P.8.2.44|P.8.3.79
lUnI	lūnī	86551	1	P.6.1.112
lUnaka	lūnaka	86547	1	P.5.4.29
lUnayavam	lūnayavam	86548	1	P.2.1.17
lUyamAnayavam	lūyamānayavam	86554	1	P.2.1.17
laB	labh	85996	12	P.1.2.54|P.1.4.102|P.3.3.7|P.3.4.65|P.6.3.80|P.7.1.64|P.7.1.69|P.7.2.10|P.7.4.54|P.8.2.40|P.8.2.104|P.8.4.55
laBya	labhya	86000	3	P.3.1.98|P.5.1.93|P.7.4.77
laGay	laghay	85735	1	P.1.1.57
laGiman	laghiman	85736	1	P.5.1.122
laGu	laghu	85738	2	P.1.4.10|P.7.3.86
laGuprayatna	laghuprayatna	85793	1	P.8.3.18
laKa	lakha	86627	1	P.4.1.112
laNka	laṅka	85860	3	P.2.4.68|P.4.1.99|P.4.1.158
labDar	labdhar	85988	1	P.4.4.84
lag	lag	85715	2	P.6.4.24|P.7.2.18
lahya	lahya	86179	2	P.2.4.63|P.4.1.112
laj	laj	85883	3	P.7.2.14|P.7.2.45|P.8.2.29
lakAra	lakāra	85610	1	P.3.4.77
lakula	lakula	85614	1	P.4.2.80
lakulya	lakulya	85616	1	P.4.2.80
lakzaRa	lakṣaṇa	85625	10	P.1.1.5|P.1.1.62|P.1.2.65|P.1.4.84|P.1.4.90|P.2.1.14|P.3.3.8|P.4.3.69|P.4.3.70|P.6.1.197
lakzaRoru	lakṣaṇoru	85637	1	P.4.1.70
lakzay	lakṣay	85641	4	P.1.2.35|P.1.4.84|P.2.1.16|P.4.3.80
lakzmI	lakṣmī	85667	1	P.1.2.48
lakzmIka	lakṣmīka	85668	1	P.5.4.151
lakzmaRa	lakṣmaṇa	85650	2	P.4.1.123|P.5.2.100
lakzya	lakṣya	85705	3	P.1.1.57|P.2.3.7|P.3.2.114
lalAwUla	lalāṭūla	86060	1	P.5.2.97
lalAwaMtapa	lalāṭaṃtapa	86055	1	P.3.2.36
lalAwaka	lalāṭaka	86054	1	P.4.3.65
lalAwapura	lalāṭapura	86056	1	P.5.4.74
lalAwya	lalāṭya	86061	2	P.4.3.65|P.5.1.6
lamBaka	lambhaka	86031	1	P.7.1.64
lamBam	lambham	86034	1	P.7.1.69
lamaka	lamaka	86002	3	P.2.4.68|P.2.4.69|P.4.1.99
lamb	lamb	86010	1	P.1.4.109
lamba	lamba	86012	1	P.6.2.140
lap	lap	85971	2	P.1.3.44|P.7.3.94
lava	lava	86095	1	P.3.3.28
lavaRIy	lavaṇīy	86132	1	P.7.1.51
lavaRa	lavaṇa	86101	5	P.1.4.74|P.4.1.41|P.4.4.24|P.5.2.127|P.6.2.4
lavaRasy	lavaṇasy	86121	1	P.7.1.51
lavaRay	lavaṇay	86117	1	P.3.1.21
lavaRiman	lavaṇiman	86131	1	P.5.1.123
lavaka	lavaka	86096	1	P.3.1.149
lavana	lavana	86140	2	P.1.3.14|P.3.1.134
lavitra	lavitra	86151	1	P.3.2.184
lavya	lavya	86153	1	P.6.1.80
lawy	laṭy	85910	1	P.3.1.27
laz	laṣ	86156	1	P.3.1.70
lazaRa	laṣaṇa	86158	1	P.3.2.150
leKABrU	lekhābhrū	86578	2	P.4.1.123|P.6.3.68
leKABra	lekhābhra	86577	2	P.2.4.69|P.4.1.123
leKAy	lekhāy	86579	1	P.3.1.27
leKa	lekha	86560	1	P.4.1.112
leKy	lekhy	86582	1	P.3.1.27
leSa	leśa	86615	1	P.5.4.136
leha	leha	86622	2	P.3.1.134|P.3.1.141
lewy	leṭy	86590	1	P.3.1.27
lezwavya	leṣṭavya	86617	1	P.8.2.36
liK	likh	86354	3	P.1.2.26|P.3.4.13|P.6.1.142
liKa	likha	86355	1	P.3.1.135
liN	liṅ	86362	2	P.3.4.102|P.7.2.79
liNga	liṅga	86365	3	P.2.3.46|P.2.4.26|P.4.1.15
liS	liś	86434	1	P.8.2.36
libi	libi	86423	1	P.3.2.21
libikara	libikara	86424	1	P.3.2.21
lih	lih	86438	9	P.1.2.46|P.3.1.45|P.4.1.59|P.7.2.10|P.7.3.73|P.8.2.32|P.8.2.40|P.8.3.13|P.8.4.42
limpa	limpa	86428	1	P.3.1.138
lip	lip	86404	4	P.2.2.31|P.3.1.53|P.7.1.59|P.7.2.10
lipi	lipi	86405	1	P.3.2.21
lipikara	lipikara	86406	1	P.3.2.21
lipsA	lipsā	86418	1	P.3.3.6
lirgu	lirgu	86361	2	P.4.1.99|P.4.1.105
liwy	liṭy	86402	1	P.3.1.27
loc	loc	86785	1	P.1.4.39
lohARqa	lohāṇḍa	86965	1	P.4.1.41
loha	loha	86923	2	P.2.4.31|P.4.1.99
lohitAgiri	lohitāgiri	87002	1	P.6.3.117
lohitAy	lohitāy	87006	1	P.3.1.13
lohitAyasa	lohitāyasa	87010	1	P.5.4.94
lohitEta	lohitaita	87021	1	P.6.2.3
lohita	lohita	86973	2	P.2.4.31|P.4.1.18
lohitaDvaja	lohitadhvaja	86987	1	P.5.3.112
lohitaSabala	lohitaśabala	86998	1	P.2.1.69
lohitagaNga	lohitagaṅga	86981	1	P.2.1.21
lohitaka	lohitaka	86974	3	P.5.4.30|P.5.4.31|P.5.4.32
lohitakalmAza	lohitakalmāṣa	86975	1	P.6.2.3
lokAyata	lokāyata	86763	1	P.4.2.60
loka	loka	86636	5	P.1.3.54|P.3.1.42|P.4.1.30|P.4.3.22|P.6.1.181
lokavyavahAra	lokavyavahāra	86724	1	P.1.2.53
lolUya	lolūya	86904	1	P.3.3.102
loluva	loluva	86903	2	P.1.1.4|P.2.4.74
loma	loma	86840	1	P.5.4.75
lomaSa	lomaśa	86864	2	P.2.4.31|P.5.2.100
lomaSasakTa	lomaśasaktha	86871	1	P.6.2.199
lomakAgfha	lomakāgṛha	86844	1	P.6.3.63
lomaka	lomaka	86841	2	P.4.1.154|P.4.2.80
loman	loman	86851	1	P.8.2.18
lomana	lomana	86852	1	P.2.4.31
lopa	lopa	86821	1	P.1.1.60
lorAy	lorāy	86888	1	P.3.1.27
lota	lota	86815	1	P.7.2.9
lowy	loṭy	86802	1	P.3.1.27
luB	lubh	86526	2	P.7.2.48|P.7.2.54
luRwAka	luṇṭāka	86503	1	P.3.2.155
luW	luṭh	86494	3	P.1.2.21|P.1.3.91|P.7.4.3
luYc	luñc	86488	2	P.1.2.24|P.2.2.31
lubDa	lubdha	86522	1	P.5.4.126
luk	luk	86484	5	P.1.1.61|P.1.2.49|P.4.1.22|P.7.3.89|P.7.4.82
lup	lup	86518	14	P.1.1.61|P.1.1.62|P.1.2.51|P.1.2.64|P.3.1.24|P.4.2.4|P.4.3.166|P.5.2.105|P.5.3.98|P.6.1.144|P.6.2.145|P.7.1.59|P.7.2.10|P.7.4.3
luw	luṭ	86493	1	P.7.4.3
mA	mā	59394	26	P.1.1.37|P.1.4.60|P.2.1.28|P.2.1.56|P.3.3.19|P.3.3.87|P.3.3.175|P.3.3.176|P.3.4.19|P.4.4.13|P.4.4.91|P.6.1.74|P.6.1.190|P.6.3.80|P.6.4.66|P.6.4.67|P.6.4.69|P.6.4.70|P.6.4.74|P.6.4.75|P.6.4.112|P.6.4.113|P.7.4.54|P.7.4.58|P.7.4.76|P.8.4.17
mADUka	mādhūka	59781	1	P.4.3.137
mADava	mādhava	59737	7	P.1.2.6|P.3.1.82|P.4.1.106|P.4.4.129|P.5.1.126|P.5.2.139|P.7.2.18
mADavaka	mādhavaka	59738	1	P.4.3.118
mADavya	mādhavya	59770	1	P.4.1.106
mADukarRika	mādhukarṇika	59773	1	P.4.2.80
mADumata	mādhumata	59777	2	P.4.2.133|P.4.3.93
mADumataka	mādhumataka	59778	1	P.4.2.134
mADura	mādhura	59779	1	P.4.3.108
mADurya	mādhurya	59780	1	P.5.1.123
mADva	mādhva	59801	1	P.6.4.175
mADyaMdina	mādhyaṃdina	59785	2	P.4.1.86|P.4.3.60
mADyaMdini	mādhyaṃdini	59788	1	P.7.1.94
mADyama	mādhyama	59792	1	P.4.3.60
mADyamasTya	mādhyamasthya	59795	1	P.5.1.124
mADyamineya	mādhyamineya	59797	1	P.4.1.126
mAGavana	māghavana	59496	1	P.6.4.128
mAGavata	māghavata	59495	1	P.6.4.128
mAMsOdana	māṃsaudana	59457	3	P.4.4.67|P.4.4.103|P.5.1.101
mAMsOdanika	māṃsaudanika	59458	3	P.4.4.67|P.4.4.103|P.5.1.101
mAMsa	māṃsa	59401	1	P.2.4.11
mAMsala	māṃsala	59431	1	P.5.2.97
mAMsapAka	māṃsapāka	59419	1	P.7.3.53
mAMsika	māṃsika	59449	2	P.4.4.67|P.5.1.101
mAMspAka	māṃspāka	59460	1	P.6.1.144
mAMspacana	māṃspacana	59459	1	P.6.1.144
mANguzya	māṅguṣya	59506	1	P.4.1.151
mANkzavya	māṅkṣavya	59500	2	P.4.1.18|P.4.1.105
mARavIna	māṇavīna	59547	1	P.5.1.11
mARava	māṇava	59544	6	P.4.1.161|P.4.2.42|P.4.3.130|P.5.1.11|P.5.1.124|P.6.2.69
mARavaka	māṇavaka	59545	1	P.3.4.72
mARavya	māṇavya	59548	2	P.4.2.42|P.5.1.124
mARipAla	māṇipāla	59561	1	P.4.4.148
mARipAlika	māṇipālika	59562	1	P.4.1.146
mARqUkAyana	māṇḍūkāyana	59582	1	P.4.1.19
mARqUka	māṇḍūka	59581	2	P.4.1.19|P.4.1.119
mARqUkeya	māṇḍūkeya	59585	1	P.6.2.37
mARqUki	māṇḍūki	59584	1	P.4.1.119
mARqalika	māṇḍalika	59574	1	P.5.3.108
mARqarika	māṇḍarika	59573	1	P.5.3.108
mARqavyAyana	māṇḍavyāyana	59579	1	P.4.1.18
mARqavya	māṇḍavya	59577	1	P.4.1.105
mATa	mātha	59707	1	P.3.1.140
mATura	māthura	59710	2	P.4.2.109|P.4.3.25
mAWarAyaRa	māṭharāyaṇa	59529	1	P.4.1.100
mAWara	māṭhara	59527	1	P.4.1.104
mAWaraka	māṭharaka	59528	1	P.4.2.127
mAYjIraka	māñjīraka	59523	1	P.4.1.112
mAdadya	mādadya	59715	1	P.4.2.80
mAdrakUlaka	mādrakūlaka	59730	1	P.4.2.127
mAdranagara	mādranagara	59731	1	P.7.3.24
mAdrinandana	mādrinandana	59733	1	P.6.3.63
mAdrukasTalaka	mādrukasthalaka	59735	1	P.4.2.127
mAgaDa	māgadha	59486	1	P.4.1.170
mAgadya	māgadya	59485	1	P.4.2.80
mAhAcitti	māhācitti	60304	1	P.4.2.80
mAhAjanIna	māhājanīna	60306	1	P.4.4.99
mAhAkulIna	māhākulīna	60302	1	P.4.1.141
mAhAkula	māhākula	60301	1	P.4.1.141
mAhAnada	māhānada	60309	1	P.4.1.86
mAhAnasa	māhānasa	60310	1	P.4.1.86
mAhAprARa	māhāprāṇa	60315	1	P.4.1.86
mAhAputri	māhāputri	60314	1	P.4.2.80
mAhArAjika	māhārājika	60318	2	P.4.2.35|P.4.3.97
mAhIyatva	māhīyatva	60342	1	P.5.2.61
mAhakasTalI	māhakasthalī	60294	1	P.4.2.127
mAhata	māhata	60297	2	P.4.1.86|P.5.1.122
mAhendra	māhendra	60345	1	P.4.2.29
mAheya	māheya	60348	1	P.4.2.97
mAhikIprasTa	māhikīprastha	60325	1	P.4.2.110
mAhita	māhita	60326	1	P.4.2.111
mAhitra	māhitra	60329	1	P.5.2.61
mAhitya	māhitya	60328	1	P.4.1.105
mAhiza	māhiṣa	60333	1	P.4.4.48
mAhizasTalI	māhiṣasthalī	60335	1	P.4.2.127
mAhizmatI	māhiṣmatī	60338	1	P.4.2.95
mAhizmateyaka	māhiṣmateyaka	60339	1	P.4.2.95
mAjiraka	mājiraka	59518	1	P.4.1.112
mAkIm	mākīm	59474	1	P.1.4.57
mAkanda	mākanda	59462	1	P.4.2.123
mAkandaka	mākandaka	59463	1	P.4.2.123
mAkazweya	mākaṣṭeya	59468	1	P.4.1.123
mAkim	mākim	59470	1	P.1.4.57
mAkis	mākis	59471	1	P.1.4.57
mAkzika	mākṣika	59478	1	P.4.3.117
mAlA	mālā	60178	1	P.6.2.85
mAlAprasTa	mālāprastha	60193	2	P.4.2.122|P.6.2.88
mAlAvant	mālāvant	60202	1	P.4.2.72
mAlAvata	mālāvata	60201	1	P.4.2.72
mAlIy	mālīy	60212	1	P.7.4.33
mAlIya	mālīya	60213	1	P.1.1.73
mAla	māla	60147	1	P.4.2.75
mAlaBArin	mālabhārin	60163	1	P.6.3.65
mAlaBaYjikA	mālabhañjikā	60162	1	P.3.3.109
mAlaka	mālaka	60148	2	P.2.4.31|P.4.1.41
mAlatI	mālatī	60153	1	P.4.1.41
mAlava	mālava	60166	1	P.5.3.114
mAlavya	mālavya	60175	1	P.5.3.114
mAlay	mālay	60164	1	P.7.4.2
mAlin	mālin	60207	2	P.5.2.116|P.5.2.131
mAlinya	mālinya	60211	1	P.4.2.80
mAlla	mālla	60231	1	P.4.2.75
mAllavAstava	māllavāstava	60232	1	P.4.2.120
mAmakIna	māmakīna	59948	1	P.4.3.3
mAmaka	māmaka	59947	3	P.1.1.19|P.4.1.30|P.4.3.3
mAnAyana	mānāyana	59886	1	P.4.1.110
mAnAyyAyanI	mānāyyāyanī	59888	1	P.4.1.18
mAnAyya	mānāyya	59887	1	P.4.1.105
mAnTarezaRi	mānthareṣaṇi	59920	1	P.2.4.66
mAnTya	mānthya	59923	1	P.4.2.80
mAna	māna	59811	2	P.2.4.31|P.3.2.83
mAnasAyana	mānasāyana	59869	1	P.4.1.110
mAnasTalI	mānasthalī	59880	1	P.4.2.127
mAnasa	mānasa	59860	2	P.3.3.116|P.5.4.38
mAnasya	mānasya	59881	1	P.4.1.105
mAnavyAyanI	mānavyāyanī	59858	1	P.4.1.18
mAnavya	mānavya	59857	1	P.4.1.105
mAndArya	māndārya	59928	1	P.4.2.80
mAnda	mānda	59925	1	P.5.1.122
mAndra	māndra	59930	1	P.4.4.62
mAndya	māndya	59929	2	P.2.2.11|P.5.1.128
mAnin	mānin	59895	7	P.3.2.82|P.3.2.83|P.6.3.36|P.6.3.37|P.6.3.38|P.6.3.40|P.6.3.41
mAnojYaka	mānojñaka	59909	1	P.5.1.133
mAnonmAnikA	mānonmānikā	59912	1	P.2.1.69
mAntavya	māntavya	59913	2	P.4.1.18|P.4.1.105
mAntrita	māntrita	59917	1	P.4.2.111
mAntritya	māntritya	59918	1	P.4.1.105
mAnuza	mānuṣa	59898	2	P.4.1.113|P.4.1.161
mAnuzyaka	mānuṣyaka	59908	2	P.4.2.39|P.6.4.151
mAqArya	māḍārya	59536	1	P.4.2.80
mAqquka	māḍḍuka	59538	1	P.4.4.56
mArIca	mārīca	60026	1	P.4.1.122
mArIci	mārīci	60027	1	P.4.1.96
mArdaNgika	mārdaṅgika	60133	2	P.2.4.2|P.4.4.55
mArdavAyana	mārdavāyana	60138	1	P.4.1.100
mArdava	mārdava	60137	2	P.4.1.104|P.5.1.122
mArdeya	mārdeya	60140	1	P.6.2.101
mArgaSIrza	mārgaśīrṣa	60087	1	P.4.3.37
mArgika	mārgika	60094	1	P.4.4.35
mArgya	mārgya	60100	1	P.3.1.113
mAricika	māricika	60022	1	P.4.4.3
mArjAra	mārjāra	60105	1	P.2.4.9
mArkaRqeya	mārkaṇḍeya	60052	1	P.4.1.123
mArqAkavAyana	mārḍākavāyana	60117	1	P.4.1.100
mArqAkava	mārḍākava	60116	1	P.4.1.104
mArttika	mārttika	60125	1	P.4.3.134
mAruta	māruta	60033	3	P.5.2.61|P.5.3.117|P.5.4.38
mArzwavya	mārṣṭavya	60144	2	P.7.2.114|P.8.2.36
mAs	mās	60256	1	P.6.1.63
mAsIna	māsīna	60286	1	P.5.1.81
mAsUra	māsūra	60289	1	P.4.3.136
mAsadeya	māsadeya	60266	1	P.2.1.43
mAsajAta	māsajāta	60262	2	P.2.2.5|P.6.2.170
mAsala	māsala	60274	1	P.5.2.97
mAsapUrva	māsapūrva	60269	1	P.1.1.30
mAsatama	māsatama	60264	1	P.5.2.57
mAsika	māsika	60285	8	P.4.2.34|P.4.3.11|P.4.3.47|P.5.1.79|P.5.1.80|P.5.1.93|P.5.1.94|P.5.1.96
mAsurakarRa	māsurakarṇa	60287	1	P.4.1.112
mAsya	māsya	60292	4	P.5.1.81|P.5.1.82|P.6.2.29|P.6.2.30
mAtAmaha	mātāmaha	59611	1	P.4.1.41
mAtApitar	mātāpitar	59609	2	P.6.3.25|P.6.3.32
mAtAputra	mātāputra	59610	1	P.6.3.25
mAta	māta	59589	2	P.6.1.14|P.7.3.107
mAtar	mātar	59597	4	P.6.1.14|P.6.3.33|P.6.4.11|P.8.1.15
mAtarapitarO	mātarapitarau	59599	1	P.6.3.32
mAtariSvaka	mātariśvaka	59602	1	P.5.2.62
mAtaripuruza	mātaripuruṣa	59600	2	P.2.1.48|P.6.2.81
mAtay	mātay	59596	1	P.7.4.2
mAtfBogIRa	mātṛbhogīṇa	59664	1	P.5.1.9
mAtfhan	mātṛhan	59683	1	P.3.2.88
mAtfka	mātṛka	59632	3	P.4.3.78|P.6.1.14|P.7.3.51
mAtfzvasar	mātṛṣvasar	59679	3	P.4.1.134|P.6.3.24|P.8.3.84
mAtfzvaseya	mātṛṣvaseya	59680	1	P.4.1.134
mAtfzvasrIya	mātṛṣvasrīya	59681	1	P.4.1.134
mAtrIkar	mātrīkar	59696	1	P.7.4.27
mAtrIy	mātrīy	59697	1	P.7.4.27
mAtra	mātra	59685	15	P.1.1.19|P.1.2.48|P.1.4.57|P.1.4.77|P.2.1.9|P.2.3.46|P.3.3.96|P.4.1.7|P.4.1.15|P.4.2.39|P.5.2.37|P.5.3.69|P.6.2.4|P.6.2.14|P.8.2.106
mAtrika	mātrika	59695	1	P.8.4.68
mAtsyika	mātsyika	59705	1	P.4.4.35
mAtuHzvasar	mātuḥṣvasar	59631	2	P.6.3.24|P.8.3.85
mAtulAnI	mātulānī	59623	1	P.4.1.49
mAtura	mātura	59616	1	P.4.1.115
mAyAvant	māyāvant	59982	1	P.5.2.121
mAyAvin	māyāvin	59986	1	P.5.2.121
mAyUra	māyūra	59997	2	P.4.2.44|P.4.3.154
mAyUrakarRa	māyūrakarṇa	59999	1	P.4.1.112
mAyUrika	māyūrika	60002	1	P.4.4.35
mAya	māya	59956	1	P.3.2.2
mAyeya	māyeya	60003	1	P.4.2.97
mAyika	māyika	59988	1	P.5.2.116
mAyin	māyin	59990	1	P.5.2.116
mAzIRa	māṣīṇa	60252	1	P.5.2.4
mAza	māṣa	60241	1	P.2.4.31
mAzaSarAvin	māṣaśarāvin	60246	1	P.4.1.96
mAzaka	māṣaka	60242	1	P.5.4.3
mAzi	māṣi	60250	1	P.4.1.96
mAzika	māṣika	60251	1	P.5.1.20
mAzya	māṣya	60254	3	P.5.1.7|P.5.1.34|P.5.2.4
mEDAva	maidhāva	62128	1	P.6.4.164
mEDAvaka	maidhāvaka	62129	1	P.5.1.133
mETunikA	maithunikā	62124	1	P.4.3.125
mEmatAyana	maimatāyana	62138	1	P.4.1.99
mEmatAyani	maimatāyani	62139	1	P.4.1.150
mEmata	maimata	62137	1	P.4.1.150
mEnika	mainika	62134	1	P.4.4.35
mEreya	maireya	62142	1	P.6.2.70
mEtrAvaruRIya	maitrāvaruṇīya	62103	1	P.5.1.135
mEtrAvaruRa	maitrāvaruṇa	62101	1	P.7.3.23
mEtrAyaRa	maitrāyaṇa	62096	1	P.4.1.89
mEtrAyaRaka	maitrāyaṇaka	62097	1	P.4.2.80
mEtra	maitra	62087	1	P.2.3.29
mEtravarDaka	maitravardhaka	62091	1	P.4.2.127
mEtreya	maitreya	62110	3	P.4.1.136|P.6.4.174|P.7.3.2
mEtreyaka	maitreyaka	62111	2	P.5.1.134|P.7.3.2
mIQvaMs	mīḍhvaṃs	60635	2	P.6.1.12|P.8.3.1
mIl	mīl	60662	2	P.7.2.2|P.7.4.3
mImAMsA	mīmāṃsā	60657	1	P.4.2.61
mImAMsaka	mīmāṃsaka	60655	2	P.2.1.53|P.4.2.61
mImAMsana	mīmāṃsana	60656	1	P.3.2.149
mInara	mīnara	60643	1	P.4.2.80
mOKarya	maukharya	62278	1	P.4.1.79
mOQya	mauḍhya	62295	1	P.4.1.151
mORqinikAya	mauṇḍinikāya	62296	1	P.6.2.94
mOYjAyanIya	mauñjāyanīya	62290	1	P.5.3.116
mOYjAyana	mauñjāyana	62289	4	P.4.1.73|P.4.1.99|P.5.3.116|P.6.1.164
mOYja	mauñja	62285	1	P.4.3.151
mOYjavata	mauñjavata	62288	1	P.4.4.110
mOda	mauda	62299	2	P.4.2.66|P.6.2.37
mOdakika	maudakika	62302	2	P.4.4.51|P.5.4.22
mOdamAnika	maudamānika	62305	1	P.4.2.116
mOdaneyaka	maudaneyaka	62304	1	P.4.2.95
mOdanika	maudanika	62303	1	P.4.2.116
mOdgIna	maudgīna	62315	1	P.5.2.1
mOdga	maudga	62308	4	P.4.3.136|P.4.3.143|P.4.3.151|P.4.4.25
mOdgala	maudgala	62309	1	P.4.2.111
mOdgalyIya	maudgalyīya	62313	1	P.4.2.80
mOdgalya	maudgalya	62311	1	P.4.1.105
mOhUrta	mauhūrta	62357	2	P.1.3.50|P.4.3.73
mOkya	maukya	62273	1	P.5.1.123
mOlaBArika	maulabhārika	62339	1	P.5.1.50
mOlika	maulika	62341	1	P.5.1.50
mOlikya	maulikya	62342	1	P.5.1.128
mOna	mauna	62316	1	P.4.1.112
mOniciti	mauniciti	62323	1	P.4.2.80
mOnika	maunika	62322	1	P.5.3.108
mOnisTalika	maunisthalika	62326	1	P.4.2.80
mOrKya	maurkhya	62332	1	P.5.1.123
mOrva	maurva	62336	1	P.4.3.135
mOrya	maurya	62333	1	P.4.1.151
mOsala	mausala	62354	1	P.4.2.111
mOsalya	mausalya	62355	1	P.4.1.105
mOziki	mauṣiki	62351	1	P.4.1.96
mU	mū	61189	2	P.6.4.20|P.7.4.80
mUkiman	mūkiman	61195	1	P.5.1.123
mUlAwa	mūlāṭa	61384	1	P.4.1.41
mUla	mūla	61308	5	P.1.2.6|P.2.4.31|P.4.1.64|P.4.3.28|P.6.2.121
mUlaBAra	mūlabhāra	61352	1	P.5.1.50
mUlaka	mūlaka	61309	3	P.2.4.31|P.4.3.28|P.5.4.3
mUlapAka	mūlapāka	61340	1	P.7.3.53
mUlasa	mūlasa	61375	1	P.4.2.80
mUlika	mūlika	61392	1	P.5.1.128
mUlya	mūlya	61399	4	P.4.2.80|P.4.4.88|P.4.4.91|P.5.1.47
mUrC	mūrch	61262	4	P.5.2.36|P.6.4.21|P.8.2.57|P.8.2.78
mUrDan	mūrdhan	80727	2	P.1.1.9|P.6.2.197
mUrDanvant	mūrdhanvant	61293	2	P.4.4.127|P.6.1.176
mUrDanya	mūrdhanya	61292	1	P.8.3.55
mUrKa	mūrkha	61254	2	P.2.1.53|P.3.4.74
mUrKiman	mūrkhiman	61260	1	P.5.1.123
mUrta	mūrta	61270	2	P.6.4.21|P.8.2.57
mUrti	mūrti	61273	2	P.6.1.24|P.6.4.21
mUrtimant	mūrtimant	61278	1	P.4.1.54
mUrvA	mūrvā	61304	1	P.8.4.6
mUtra	mūtra	61217	2	P.2.4.11|P.6.2.7
mUtray	mūtray	61232	2	P.3.1.22|P.5.2.36
mUzaka	mūṣaka	61405	1	P.4.1.4
mUzikAdant	mūṣikādant	61421	1	P.5.4.145
mUzika	mūṣika	61413	1	P.2.4.31
mUzikakA	mūṣikakā	61414	1	P.7.3.46
mUzikikA	mūṣikikā	61426	1	P.7.3.46
ma	ma	56102	1	P.8.1.22
maDavya	madhavya	56887	2	P.4.4.129|P.4.4.139
maDu	madhu	56888	6	P.2.2.31|P.2.4.14|P.2.4.31|P.4.1.106|P.4.3.20|P.4.4.129
maDuka	madhuka	56889	2	P.4.2.80|P.5.4.151
maDukarRa	madhukarṇa	56899	1	P.4.2.80
maDumant	madhumant	56996	4	P.4.2.86|P.4.2.133|P.4.3.93|P.8.2.9
maDuparkya	madhuparkya	56959	1	P.5.1.66
maDura	madhura	57014	3	P.1.4.89|P.4.3.108|P.5.2.107
maDurila	madhurila	57043	1	P.4.2.80
maDuriman	madhuriman	57042	1	P.5.1.123
maDusTAna	madhusthāna	57100	1	P.8.3.106
maDusUdana	madhusūdana	57095	1	P.3.1.134
maDusy	madhusy	57101	1	P.7.1.51
maDuzWAna	madhuṣṭhāna	57083	1	P.8.3.106
maDvasy	madhvasy	57239	1	P.7.1.51
maDyAhna	madhyāhna	57214	1	P.2.4.29
maDya	madhya	57120	7	P.1.1.47|P.1.1.73|P.1.4.76|P.2.1.18|P.2.1.58|P.2.4.31|P.4.3.9
maDyamIya	madhyamīya	57180	2	P.4.2.138|P.4.3.60
maDyama	madhyama	57150	5	P.1.4.101|P.1.4.105|P.2.1.58|P.4.1.4|P.4.3.8
maDyamasTa	madhyamastha	57169	1	P.5.1.124
maDyapatita	madhyapatita	57145	1	P.1.1.71
maDyarAtra	madhyarātra	57183	1	P.5.4.87
maDyasTa	madhyastha	57197	1	P.3.2.179
maDyegaNgam	madhyegaṅgam	57215	1	P.2.1.18
maDyeguru	madhyeguru	57216	1	P.6.3.11
maDyodAtta	madhyodātta	57226	1	P.6.1.194
maGavan	maghavan	56213	2	P.6.4.128|P.6.4.133
maGnIprasTa	maghnīprastha	56218	1	P.6.2.87
maNgala	maṅgala	56235	2	P.2.4.31|P.4.1.41
maNguza	maṅguṣa	56290	1	P.4.1.151
maNktar	maṅktar	56225	1	P.7.1.60
maNkzu	maṅkṣu	56227	2	P.1.1.37|P.4.1.105
maRIvatI	maṇīvatī	56495	1	P.6.3.120
maRi	maṇi	56396	2	P.1.1.1|P.1.1.11
maRika	maṇika	56397	2	P.5.4.3|P.5.4.29
maRikarRa	maṇikarṇa	56400	2	P.6.2.113|P.6.3.115
maRila	maṇila	56474	1	P.5.2.97
maRipAlI	maṇipālī	56434	2	P.4.1.146|P.4.4.48
maRipucCI	maṇipucchī	56435	1	P.4.1.55
maRq	maṇḍ	56503	2	P.3.2.129|P.3.2.151
maRqUka	maṇḍūka	56550	3	P.1.4.47|P.4.1.119|P.5.1.117
maRqUkasarasa	maṇḍūkasarasa	56554	1	P.5.4.94
maRqa	maṇḍa	56504	1	P.2.4.31
maRqala	maṇḍala	56518	3	P.2.4.31|P.4.1.41|P.5.2.97
maRqana	maṇḍana	56508	1	P.3.2.151
maRqapa	maṇḍapa	56511	1	P.2.4.31
maRqara	maṇḍara	56517	1	P.5.3.108
maRqu	maṇḍu	56548	1	P.4.1.105
maSakAvatI	maśakāvatī	58161	1	P.4.2.85
maSaka	maśaka	58156	2	P.2.1.48|P.6.2.81
maT	math	56683	4	P.1.2.33|P.1.4.51|P.6.1.199|P.7.1.85
maTIn	mathīn	56696	1	P.6.4.15
maTa	matha	56684	1	P.3.1.140
maTaka	mathaka	56685	1	P.2.4.63
maTi	mathi	56692	1	P.3.2.27
maTurA	mathurā	56697	1	P.4.2.82
maWa	maṭha	56382	2	P.2.4.31|P.4.1.41
maWara	maṭhara	56383	2	P.2.2.38|P.4.1.104
maYcaka	mañcaka	56326	1	P.2.4.31
maYjIraka	mañjīraka	56348	1	P.4.1.112
maYjarita	mañjarita	56336	1	P.5.2.36
maYji	mañji	56339	1	P.8.3.97
maYjizWA	mañjiṣṭhā	56344	1	P.8.3.97
maYjizWa	mañjiṣṭha	56343	1	P.8.3.97
maYju	mañju	56350	1	P.5.2.97
maYjula	mañjula	56365	1	P.5.2.97
macarcikA	macarcikā	56295	1	P.2.1.66
mad	mad	56705	7	P.3.1.34|P.3.1.94|P.3.1.97|P.3.4.7|P.6.1.192|P.7.3.74|P.8.2.57
madAGa	madāgha	56803	1	P.2.4.69
madBU	madbhū	56844	1	P.1.4.108
mada	mada	56707	2	P.3.1.134|P.3.3.67
madadin	madadin	56721	1	P.4.2.80
madana	madana	56724	1	P.3.1.134
madgu	madgu	56840	1	P.7.3.53
madrAkar	madrākar	56872	1	P.5.4.67
madrArma	madrārma	56875	1	P.6.2.91
madrAy	madrāy	56874	1	P.3.1.13
madra	madra	56863	6	P.2.3.73|P.4.1.177|P.4.2.108|P.4.2.131|P.6.2.13|P.6.2.23
madraMkara	madraṃkara	56867	1	P.3.2.44
madrakAra	madrakāra	56865	1	P.3.2.44
madrakUla	madrakūla	56866	1	P.4.2.127
madraka	madraka	56864	3	P.4.2.131|P.4.3.100|P.6.3.37
madranagara	madranagara	56869	1	P.7.3.24
madrikAy	madrikāy	56877	1	P.6.3.37
madrukasTalI	madrukasthalī	56878	1	P.4.2.127
madrumarakanTa	madrumarakantha	56879	1	P.6.2.125
mady	mady	56845	1	P.7.2.98
madya	madya	56846	1	P.3.1.100
madyapIta	madyapīta	56853	1	P.2.2.37
magaDIya	magadhīya	56196	1	P.4.2.138
magaDa	magadha	56195	3	P.1.2.51|P.4.1.170|P.4.2.81
magaDy	magadhy	56199	1	P.3.1.27
magadin	magadin	56194	1	P.4.2.80
mah	mah	58233	1	P.4.1.41
mahA	mahā	58287	1	P.2.1.61
mahABAra	mahābhāra	58720	1	P.6.2.38
mahABArata	mahābhārata	58721	1	P.6.2.38
mahADura	mahādhura	58539	1	P.5.4.74
mahAbrAhmaRa	mahābrāhmaṇa	58711	1	P.6.2.69
mahAbrahma	mahābrahma	58710	1	P.5.4.105
mahAcitta	mahācitta	80531	1	P.4.2.80
mahAgfzwi	mahāgṛṣṭi	58393	1	P.6.2.38
mahAhElihila	mahāhailihila	59190	1	P.6.2.33
mahAjAbAla	mahājābāla	58448	1	P.6.2.38
mahAjAtIya	mahājātīya	58446	1	P.6.3.46
mahAkulIna	mahākulīna	58342	1	P.4.1.141
mahAmuKa	mahāmukha	58800	1	P.6.2.168
mahAnada	mahānada	58549	1	P.4.1.86
mahAnagara	mahānagara	58546	1	P.6.2.89
mahAnasa	mahānasa	58556	1	P.5.4.94
mahAnavamI	mahānavamī	58555	1	P.1.2.42
mahAparAhRa	mahāparāhṇa	58618	1	P.6.2.38
mahAprARa	mahāprāṇa	58681	3	P.1.1.9|P.4.1.86|P.8.4.62
mahApravfdDa	mahāpravṛddha	58673	1	P.6.2.38
mahAputra	mahāputra	58643	1	P.4.2.80
mahArAja	mahārāja	58877	2	P.4.2.35|P.4.3.97
mahArOrava	mahāraurava	58903	1	P.6.2.38
mahArajana	mahārajana	58859	1	P.4.2.2
mahArma	mahārma	58917	1	P.6.2.90
mahAvESvadeva	mahāvaiśvadeva	59000	1	P.6.2.39
mahAvrIhi	mahāvrīhi	59016	1	P.6.2.38
mahIy	mahīy	59286	1	P.3.1.27
mahIyatva	mahīyatva	59288	1	P.5.2.61
maha	maha	58235	1	P.4.2.36
mahant	mahant	58259	2	P.4.1.41|P.6.4.10
mahelA	mahelā	59326	1	P.5.4.138
mahendrIya	mahendrīya	59323	1	P.4.2.29
mahendriya	mahendriya	59322	1	P.4.2.29
mahezu	maheṣu	59337	1	P.6.2.107
mahezvAsa	maheṣvāsa	59338	1	P.6.2.38
mahidAsa	mahidāsa	59207	1	P.6.3.63
mahidatta	mahidatta	59206	1	P.6.3.63
mahiman	mahiman	59215	1	P.5.1.122
mahin	mahin	59208	1	P.4.2.80
mahita	mahita	59199	1	P.4.1.105
mahitrI	mahitrī	59203	1	P.5.2.61
mahokza	mahokṣa	59344	1	P.5.4.77
majiraka	majiraka	56299	1	P.4.1.112
majj	majj	56300	4	P.6.4.32|P.7.1.60|P.7.2.10|P.8.4.29
majjana	majjana	56304	1	P.6.4.32
mak	mak	56113	1	P.1.1.37
maka	maka	56114	1	P.2.4.31
makarAyaRa	makarāyaṇa	56138	1	P.4.2.80
makarIprasTa	makarīprastha	56144	1	P.6.2.87
makat	makat	56116	1	P.1.1.29
makazwu	makaṣṭu	56146	1	P.4.1.123
makzu	makṣu	56168	1	P.6.3.133
malImasa	malīmasa	58096	1	P.5.2.114
malina	malina	58080	1	P.5.2.114
malla	malla	58104	2	P.4.2.75|P.5.3.114
mallavAstu	mallavāstu	58120	1	P.4.2.120
mamaka	mamaka	57716	1	P.4.3.3
man	man	57252	15	P.1.2.6|P.1.4.57|P.1.4.106|P.2.1.59|P.2.2.12|P.2.3.17|P.3.1.3|P.3.1.6|P.3.2.188|P.5.2.45|P.6.3.43|P.6.4.37|P.7.2.10|P.8.1.46|P.8.2.26
manAk	manāk	57308	1	P.1.1.37
manAvI	manāvī	57317	1	P.4.1.38
manAyI	manāyī	57314	1	P.4.1.38
manTa	mantha	57557	5	P.5.1.110|P.6.1.160|P.6.2.122|P.6.3.60|P.7.2.18
manTaka	manthaka	57558	1	P.2.4.63
manTara	manthara	57565	1	P.4.1.41
manTarezaRa	manthareṣaṇa	57569	1	P.2.4.66
manTin	manthin	57579	1	P.6.2.142
mana	mana	80411	1	P.4.1.110
manas	manas	57271	2	P.1.4.66|P.1.4.75
manasAdattA	manasādattā	57276	1	P.6.3.4
manasAguptA	manasāguptā	57274	1	P.6.3.4
manasAjYAyin	manasājñāyin	57275	1	P.6.3.5
manasa	manasa	57272	2	P.5.4.77|P.5.4.107
manaskAnta	manaskānta	57285	1	P.8.3.46
manasy	manasy	57292	1	P.3.1.27
mandAy	mandāy	57644	2	P.3.1.12|P.3.1.13
manda	manda	57588	2	P.4.1.4|P.7.2.28
mandiman	mandiman	57661	1	P.5.1.122
manduraja	manduraja	121491	1	P.6.2.83
manojYa	manojña	57399	2	P.5.1.133|P.6.3.34
mantUy	mantūy	57465	1	P.3.1.27
manti	manti	57462	1	P.6.4.39
mantra	mantra	57466	7	P.2.4.80|P.2.4.141|P.3.2.71|P.3.3.96|P.4.4.96|P.6.1.203|P.6.3.131
mantraRa	mantraṇa	57481	1	P.4.2.90
mantrakAra	mantrakāra	57468	1	P.3.2.23
mantrakaraRa	mantrakaraṇa	57467	1	P.1.3.25
mantrakft	mantrakṛt	57470	1	P.3.2.89
mantraspfS	mantraspṛś	57537	1	P.3.2.58
mantray	mantray	57513	3	P.2.1.8|P.3.4.95|P.8.1.15
mantrin	mantrin	57548	1	P.3.1.134
manu	manu	57327	1	P.4.1.38
manuzya	manuṣya	57353	3	P.4.1.41|P.4.1.63|P.4.1.161
manuzyatrA	manuṣyatrā	57363	1	P.5.4.56
manyA	manyā	57696	1	P.3.3.99
manya	manya	57694	2	P.3.2.83|P.6.3.68
maqAra	maḍāra	56391	1	P.4.2.80
maqarakanTa	maḍarakantha	56389	1	P.6.2.125
maqqu	maḍḍu	56393	1	P.4.4.56
mar	mar	57784	5	P.1.3.61|P.3.1.7|P.3.1.59|P.3.1.85|P.7.1.102
marIcI	marīcī	80477	1	P.4.1.96
marImfja	marīmṛja	57823	1	P.1.1.4
marS	marś	58004	2	P.6.2.43|P.7.2.10
mara	mara	57786	1	P.3.1.134
mard	mard	57948	1	P.1.2.7
mardana	mardana	57951	1	P.3.3.116
marj	marj	80487	8	P.3.1.25|P.7.1.35|P.7.2.10|P.7.2.114|P.7.4.7|P.7.4.65|P.8.2.24|P.8.2.36
marmAviD	marmāvidh	57986	1	P.6.3.116
marmftyu	marmṛtyu	57990	1	P.6.2.140
marq	marḍ	57928	1	P.1.2.7
marta	marta	57931	1	P.5.4.30
martya	martya	57934	1	P.5.4.30
martyatrA	martyatrā	57937	1	P.5.4.56
marut	marut	57837	1	P.5.3.117
marutmant	marutmant	57851	2	P.8.2.9|P.8.2.10
marutvant	marutvant	57854	2	P.4.2.86|P.8.2.10
marutvatIya	marutvatīya	57852	2	P.4.2.32|P.8.3.1
marutvatya	marutvatya	57853	1	P.4.2.32
maryAdA	maryādā	57996	4	P.1.1.14|P.1.4.89|P.2.1.13|P.8.1.15
maryAdIkar	maryādīkar	58002	1	P.5.2.8
marya	marya	57991	1	P.3.1.123
marz	marṣ	58007	5	P.1.2.20|P.1.2.25|P.1.3.82|P.3.3.145|P.3.3.147
masUrakarRa	masūrakarṇa	58205	1	P.2.4.69
masamasA	masamasā	58181	1	P.1.4.61
maskara	maskara	58212	1	P.6.1.154
maskarin	maskarin	58213	1	P.6.1.154
mastaka	mastaka	58215	1	P.2.4.31
masurakarRa	masurakarṇa	58201	1	P.4.1.112
mat	mat	56559	2	P.7.2.86|P.7.2.98
mataka	mataka	56561	1	P.4.2.80
matallikA	matallikā	56567	1	P.2.1.66
mati	mati	56572	3	P.3.2.188|P.3.3.94|P.3.3.96
matsya	matsya	56635	5	P.4.1.28|P.4.1.41|P.4.2.81|P.5.3.100|P.6.4.149
mattara	mattara	56620	1	P.7.2.98
matya	matya	56628	2	P.4.4.97|P.6.1.213
mav	mav	58151	1	P.6.4.20
mavy	mavy	58153	1	P.6.4.49
mayUra	mayūra	57752	3	P.1.2.67|P.4.2.44|P.6.3.109
mayUrakarRa	mayūrakarṇa	57754	2	P.2.4.69|P.4.1.112
mayUravyaMsaka	mayūravyaṃsaka	57769	1	P.2.1.72
mayUrikAbanDa	mayūrikābandha	57777	1	P.2.4.42
maya	maya	57732	5	P.4.3.82|P.4.3.143|P.4.4.138|P.5.2.47|P.5.4.21
mazmazA	maṣmaṣā	58175	1	P.1.4.61
meDA	medhā	61969	2	P.2.4.14|P.3.3.104
meDAvant	medhāvant	61978	1	P.5.2.121
meDAvin	medhāvin	61982	1	P.5.2.121
meDAy	medhāy	61976	1	P.3.1.27
meDa	medha	61961	1	P.3.1.134
meDas	medhas	61966	1	P.5.4.122
meDya	medhya	61988	6	P.4.3.54|P.4.4.110|P.5.1.2|P.5.1.66|P.5.3.103|P.6.2.131
meGAy	meghāy	61890	1	P.3.1.17
meGa	megha	61798	1	P.7.3.53
meGaMkara	meghaṃkara	61804	1	P.3.2.43
meKalika	mekhalika	61795	1	P.5.2.116
meQra	meḍhra	61915	1	P.3.2.182
meTa	metha	61926	1	P.4.1.41
meTi	methi	61927	1	P.4.1.41
meda	meda	61932	1	P.4.1.41
medas	medas	80766	1	P.2.4.11
medaspiRqa	medaspiṇḍa	61942	1	P.8.3.48
medura	medura	61952	1	P.3.2.161
menakA	menakā	61994	1	P.6.4.120
merudfSvan	merudṛśvan	62022	1	P.3.2.94
meya	meya	62010	1	P.3.1.129
meza	meṣa	62060	2	P.3.1.134|P.3.3.19
mfRAla	mṛṇāla	61604	1	P.2.4.31
mfRAlin	mṛṇālin	61607	1	P.5.2.135
mfdU	mṛdū	61739	1	P.7.4.26
mfdu	mṛdu	61706	3	P.4.1.44|P.4.1.104|P.6.4.161
mfdujAtIya	mṛdujātīya	61717	1	P.6.1.217
mfdula	mṛdula	61734	1	P.5.2.97
mfgAd	mṛgād	61545	1	P.3.2.68
mfgaSiras	mṛgaśiras	61523	1	P.4.3.37
mfgasakTa	mṛgasaktha	61529	1	P.5.4.98
mfgy	mṛgy	61581	1	P.3.1.27
mfgya	mṛgya	61582	1	P.1.2.6
mfjA	mṛjā	61589	1	P.3.3.104
mfjya	mṛjya	61592	1	P.3.1.113
mfkaRqa	mṛkaṇḍa	61434	1	P.4.1.123
mfkaRqu	mṛkaṇḍu	61435	1	P.4.1.123
mfnmaya	mṛnmaya	61755	1	P.4.3.144
mfqAku	mṛḍāku	61600	1	P.4.1.104
mfqAnI	mṛḍānī	61601	1	P.4.1.49
mfqa	mṛḍa	61594	2	P.3.1.123|P.4.1.49
mftapa	mṛtapa	61614	1	P.2.4.10
mftsA	mṛtsā	61688	1	P.5.4.40
mftsna	mṛtsna	61689	1	P.5.4.40
mfttikA	mṛttikā	61647	1	P.5.4.39
mfzA	mṛṣā	61761	1	P.1.1.37
mfzodya	mṛṣodya	61776	1	P.3.1.114
mfzwa	mṛṣṭa	61778	1	P.2.2.31
mi	mi	60353	5	P.6.1.50|P.7.3.81|P.7.4.54|P.7.4.58|P.8.4.15
miSrIkaraRa	miśrīkaraṇa	60598	1	P.2.1.35
miSra	miśra	60577	3	P.2.1.31|P.2.1.66|P.6.2.154
miSrakAvaRa	miśrakāvaṇa	60579	2	P.6.3.117|P.8.4.4
miSray	miśray	60591	1	P.3.1.21
miTas	mithas	60479	2	P.1.1.9|P.1.1.37
miTo	mitho	60498	1	P.1.1.37
miTu	mithu	60485	1	P.1.1.37
miTunAy	mithunāy	60490	1	P.8.1.15
miTuna	mithuna	60486	2	P.7.4.48|P.8.1.15
miTyA	mithyā	60501	4	P.1.1.37|P.1.3.71|P.1.4.74|P.8.1.69
miTyAPala	mithyāphala	60522	1	P.1.3.69
miTyAjYAna	mithyājñāna	60510	1	P.2.3.51
mid	mid	60541	6	P.1.2.19|P.1.3.91|P.3.1.55|P.7.2.16|P.7.2.17|P.7.3.82
mih	mih	60618	1	P.7.2.10
mil	mil	60565	1	P.8.4.2
mimata	mimata	60551	1	P.4.1.150
mirikA	mirikā	60563	1	P.8.4.6
mita	mita	60366	3	P.2.1.59|P.6.2.170|P.7.4.40
mitaMpaca	mitaṃpaca	60378	1	P.3.2.34
mitrAvaruRIya	mitrāvaruṇīya	60466	1	P.5.1.135
mitra	mitra	60393	1	P.6.2.165
mitraBU	mitrabhū	60425	1	P.3.2.179
mitraSis	mitraśis	60449	1	P.6.4.34
mitradruh	mitradruh	60410	1	P.3.2.61
mitradviz	mitradviṣ	60413	1	P.3.2.61
mitravarDa	mitravardha	60440	1	P.4.2.127
mitravarDra	mitravardhra	60442	1	P.4.2.127
mitrayu	mitrayu	60432	3	P.2.4.63|P.3.2.170|P.7.4.35
mitrya	mitrya	60476	2	P.4.3.54|P.6.2.131
mlA	mlā	62381	3	P.6.1.45|P.6.4.68|P.8.2.43
mlecCa	mleccha	62393	1	P.6.1.160
mliC	mlich	62387	1	P.7.2.18
mluc	mluc	62389	1	P.3.1.58
mnA	mnā	62360	2	P.2.1.59|P.7.3.78
modaka	modaka	62211	2	P.1.4.33|P.2.4.31
modakamaya	modakamaya	62213	1	P.5.4.22
mraday	mraday	62368	1	P.7.4.95
mradiman	mradiman	62370	1	P.6.4.161
mradizWa	mradiṣṭha	62371	1	P.6.4.161
mreq	mreḍ	62377	5	P.6.1.99|P.8.1.2|P.8.2.95|P.8.2.103|P.8.3.12
mruc	mruc	62374	1	P.3.1.58
muDA	mudhā	61004	1	P.1.1.37
muKIBU	mukhībhū	60847	1	P.3.4.61
muKa	mukha	60771	5	P.1.1.8|P.2.4.31|P.4.1.54|P.4.1.58|P.6.2.167
muKajAha	mukhajāha	60779	1	P.5.2.24
muKara	mukhara	60806	1	P.4.1.79
muKasuKa	mukhasukha	60834	1	P.3.3.57
muKatIya	mukhatīya	60783	2	P.4.2.138|P.4.3.60
muKatas	mukhatas	60782	1	P.3.4.61
muKyArTa	mukhyārtha	60863	1	P.4.2.60
muKya	mukhya	60854	5	P.1.4.108|P.4.3.54|P.5.3.103|P.6.2.131|P.8.3.82
muRqa	muṇḍa	60930	5	P.1.3.68|P.2.1.59|P.3.1.8|P.3.1.21|P.6.1.56
muRqana	muṇḍana	60935	1	P.5.4.67
muRqay	muṇḍay	60941	2	P.3.1.8|P.3.1.21
muYja	muñja	60902	1	P.4.1.99
muYjavant	muñjavant	60915	1	P.4.4.110
muc	muc	60883	5	P.2.1.38|P.3.4.77|P.7.1.59|P.7.2.10|P.7.4.57
mudray	mudray	60993	1	P.5.2.36
muh	muh	61163	5	P.1.1.28|P.1.3.89|P.3.1.55|P.7.2.45|P.8.2.33
muhUrta	muhūrta	61175	1	P.6.2.2
muhus	muhus	61173	1	P.1.1.37
mukaya	mukaya	60674	1	P.4.1.41
muktasaMSaya	muktasaṃśaya	60723	2	P.1.1.29|P.7.2.10
mukula	mukula	60698	2	P.2.4.31|P.5.2.36
mukulita	mukulita	60701	1	P.5.2.36
mukunda	mukunda	60685	1	P.2.1.59
mukura	mukura	60696	1	P.5.2.36
mukurita	mukurita	60697	1	P.5.2.36
mukuwekArzApaRa	mukuṭekārṣāpaṇa	60679	2	P.6.2.65|P.6.3.10
munIvaha	munīvaha	61037	1	P.6.3.121
munIvatI	munīvatī	61036	3	P.6.1.221|P.6.3.120|P.8.2.11
muni	muni	61005	3	P.2.1.19|P.4.1.45|P.6.2.85
muniSa	muniśa	61027	1	P.5.2.100
municita	municita	61009	1	P.4.2.80
munipadI	munipadī	61015	1	P.5.4.139
munisTala	munisthala	61030	1	P.4.2.80
mur	mur	61059	1	P.6.4.21
murAri	murāri	61084	1	P.3.2.26
mura	mura	61061	1	P.4.1.151
musalAmusali	musalāmusali	61145	1	P.5.4.127
musalIya	musalīya	61150	1	P.5.1.4
musala	musala	61143	3	P.2.4.31|P.4.1.105|P.8.3.110
musalita	musalita	61147	1	P.5.2.36
musalya	musalya	61151	1	P.5.1.66
muz	muṣ	61106	4	P.1.2.8|P.1.4.51|P.7.2.4|P.8.2.28
muzka	muṣka	61116	1	P.5.2.107
muzkara	muṣkara	61120	1	P.5.2.107
muzwiMDama	muṣṭiṃdhama	61131	1	P.3.2.30
muzwiMDaya	muṣṭiṃdhaya	61132	1	P.3.2.30
muzwibanDa	muṣṭibandha	61133	1	P.3.3.66
muzwimuKa	muṣṭimukha	61134	1	P.6.2.168
nABAka	nābhāka	38416	1	P.4.1.112
nABila	nābhila	38440	1	P.5.2.97
nAT	nāth	38340	1	P.2.3.55
nATahari	nāthahari	38348	1	P.3.2.25
nAdavant	nādavant	38355	2	P.1.1.50|P.8.4.62
nAdeya	nādeya	38361	1	P.4.2.97
nAdya	nādya	38362	1	P.4.4.111
nAga	nāga	38130	2	P.2.1.62|P.4.1.42
nAgara	nāgara	38204	1	P.4.2.128
nAgaraka	nāgaraka	38205	1	P.4.2.128
nAgaramardi	nāgaramardi	38210	1	P.4.1.96
nAgareyaka	nāgareyaka	38221	1	P.4.2.95
nAgarika	nāgarika	38217	1	P.4.3.75
nAgarya	nāgarya	38223	1	P.5.1.128
nAka	nāka	38106	1	P.6.3.75
nAkapfzWa	nākapṛṣṭha	38111	1	P.6.2.114
nAkula	nākula	38120	2	P.4.1.114|P.5.3.107
nAkulaka	nākulaka	38121	1	P.4.3.99
nAlIka	nālīka	38581	1	P.5.2.135
nAlIkinI	nālīkinī	38582	1	P.5.2.135
nAla	nāla	38567	2	P.2.4.31|P.3.1.40
nAlya	nālya	38585	1	P.4.2.80
nAmAKyAtika	nāmākhyātika	38478	2	P.4.3.71|P.4.3.72
nAmAdeSam	nāmādeśam	38480	1	P.3.4.58
nAmaDAtu	nāmadhātu	38459	1	P.6.1.65
nAmagrAham	nāmagrāham	38452	1	P.3.4.58
nAman	nāman	38462	3	P.3.3.143|P.3.3.151|P.8.2.83
nAmika	nāmika	38483	1	P.4.3.72
nAnA	nānā	38369	4	P.1.1.37|P.2.3.32|P.3.4.62|P.5.2.27
nAnAjAtIya	nānājātīya	38374	1	P.5.2.21
nAnAkAram	nānākāram	38372	1	P.3.4.62
nAnAndra	nānāndra	38381	2	P.4.1.100|P.4.1.104
nAndI	nāndī	38399	1	P.3.2.21
nAndIGoza	nāndīghoṣa	38401	1	P.6.3.63
nAndIpura	nāndīpura	38403	3	P.4.2.122|P.5.4.74|P.6.2.99
nApitya	nāpitya	38411	1	P.4.1.152
nAqAyana	nāḍāyana	38304	2	P.4.1.99|P.4.3.80
nAqI	nāḍī	38314	1	P.5.4.159
nAqiMDama	nāḍiṃdhama	38310	2	P.3.2.30|P.6.3.66
nAqiMDaya	nāḍiṃdhaya	38311	2	P.3.2.30|P.6.3.66
nArAca	nārāca	38508	1	P.5.3.107
nArAyaRa	nārāyaṇa	38510	2	P.4.1.63|P.4.1.99
nAra	nāra	38492	1	P.4.1.73
nAraka	nāraka	38493	1	P.6.3.137
nArmada	nārmada	38559	1	P.4.1.113
nArtika	nārtika	38556	1	P.5.1.64
nAsatya	nāsatya	38612	1	P.6.3.75
nAsikA	nāsikā	38637	2	P.1.1.8|P.4.1.55
nAsikaMDama	nāsikaṃdhama	38634	2	P.3.2.29|P.6.3.66
nAsikaMDaya	nāsikaṃdhaya	38635	2	P.3.2.29|P.6.3.66
nAsikya	nāsikya	38642	1	P.4.2.80
nAstika	nāstika	38645	1	P.4.4.60
nAstikya	nāstikya	38647	1	P.5.1.128
nAsya	nāsya	38652	1	P.4.2.80
nAva	nāva	38587	2	P.5.4.99|P.5.4.100
nAvika	nāvika	38591	2	P.4.4.7|P.5.2.116
nAvin	nāvin	38592	1	P.5.2.116
nAvya	nāvya	38595	2	P.4.4.91|P.6.1.79
nAwa	nāṭa	38291	1	P.2.4.31
nAwya	nāṭya	38301	1	P.4.3.129
nAya	nāya	38487	3	P.3.1.142|P.3.3.24|P.6.1.159
nEDAna	naidhāna	40904	1	P.4.2.75
nEDeya	naidheya	40905	1	P.4.1.122
nESa	naiśa	40986	3	P.4.3.14|P.4.3.51|P.4.3.52
nESika	naiśika	40988	3	P.4.3.14|P.4.3.51|P.4.3.52
nESnya	naiśnya	40991	1	P.5.1.124
nEbadDaka	naibaddhaka	120678	1	P.4.2.80
nEcitya	naicitya	40885	1	P.4.1.172
nEgama	naigama	40877	1	P.4.3.73
nEgamika	naigamika	40878	1	P.7.1.1
nEkatI	naikatī	40865	1	P.4.2.110
nEkawika	naikaṭika	40863	1	P.4.4.73
nElAyani	nailāyani	40968	1	P.4.1.154
nElInaka	nailīnaka	40969	1	P.4.2.110
nEmagnaka	naimagnaka	40920	1	P.4.2.80
nEmiSri	naimiśri	40925	1	P.2.4.61
nEmitta	naimitta	40923	1	P.4.3.73
nEmittika	naimittika	40924	1	P.4.2.60
nEmizi	naimiṣi	40927	1	P.2.4.61
nEpAtya	naipātya	40911	1	P.5.1.124
nEpa	naipa	40908	1	P.4.3.154
nEpuRa	naipuṇa	40915	1	P.5.1.130
nEpuRya	naipuṇya	40916	2	P.5.1.1|P.5.1.124
nErukta	nairukta	40948	1	P.4.3.73
nEruktika	nairuktika	40949	1	P.4.2.60
nEsargika	naisargika	41021	1	P.5.1.101
nEtya	naitya	40892	1	P.5.1.97
nEvAkavIya	naivākavīya	40977	1	P.4.2.90
nEvAkava	naivākava	40975	1	P.4.2.90
nEvAkavi	naivākavi	40976	1	P.4.1.96
nEvAsika	naivāsika	40980	1	P.4.4.103
nEvAtAyana	naivātāyana	40978	1	P.4.2.80
nEvaki	naivaki	40971	1	P.2.4.61
nEvati	naivati	40972	1	P.2.4.61
nEveSa	naiveśa	40984	1	P.4.2.75
nEyAsika	naiyāsika	40939	1	P.4.2.60
nEyAya	naiyāya	40937	1	P.4.3.73
nEyAyika	naiyāyika	40938	2	P.2.1.49|P.4.2.60
nEyagroDa	naiyagrodha	40933	2	P.4.3.164|P.7.3.5
nEzAdAyana	naiṣādāyana	41003	1	P.4.1.100
nEzAda	naiṣāda	40999	2	P.4.1.104|P.5.4.36
nEzAdaka	naiṣādaka	41000	1	P.4.3.118
nEzAdakarzuka	naiṣādakarṣuka	41001	2	P.4.2.119|P.7.3.51
nEzAdaki	naiṣādaki	41002	1	P.4.1.97
nEzaDya	naiṣadhya	40998	1	P.4.1.172
nEzkaSatika	naiṣkaśatika	41007	1	P.5.2.119
nEzkasahasrika	naiṣkasahasrika	41008	1	P.5.2.119
nEzkika	naiṣkika	41009	3	P.4.3.156|P.5.1.20|P.7.3.17
nEzkramaRa	naiṣkramaṇa	41012	1	P.5.1.97
nEzpezika	naiṣpeṣika	41019	1	P.5.1.101
nI	nī	40380	12	P.1.3.36|P.1.3.37|P.1.4.51|P.1.4.65|P.2.4.21|P.3.1.85|P.3.2.61|P.3.2.82|P.6.4.77|P.6.4.82|P.7.3.116|P.8.1.70
nISAra	nīśāra	40617	1	P.3.3.21
nIcAyaka	nīcāyaka	40404	1	P.4.2.90
nIcEs	nīcais	40409	4	P.1.1.37|P.1.2.30|P.3.4.59|P.6.2.168
nIca	nīca	40388	1	P.7.2.10
nIcakEs	nīcakais	40392	1	P.5.3.71
nIkASa	nīkāśa	40384	1	P.6.3.123
nIkleda	nīkleda	40386	1	P.6.3.122
nIlAy	nīlāy	40585	1	P.3.1.13
nIla	nīla	40475	2	P.4.1.42|P.4.1.154
nIpa	nīpa	40438	1	P.6.3.97
nIqa	nīḍa	40414	1	P.2.4.31
nIrakta	nīrakta	40443	1	P.8.3.14
nIruc	nīruc	40467	1	P.6.3.116
nIti	nīti	40422	1	P.5.3.77
nIvAra	nīvāra	40611	2	P.3.4.48|P.6.2.144
nIvft	nīvṛt	40615	1	P.6.3.116
nO	nau	41040	1	P.8.1.20
nOka	nauka	41042	3	P.5.4.151|P.7.3.44|P.7.4.13
nOzecana	nauṣecana	41059	1	P.8.3.98
na	na	37260	5	P.1.1.37|P.1.4.57|P.3.2.121|P.6.3.76|P.8.1.31
naBAka	nabhāka	37666	1	P.4.1.112
naBasya	nabhasya	37656	1	P.4.4.128
naBrAj	nabhrāj	37693	1	P.6.3.75
naBya	nabhya	37692	1	P.5.1.2
naKAnaKi	nakhānakhi	37377	1	P.5.4.127
naKa	nakha	37347	6	P.2.4.31|P.4.1.45|P.4.1.56|P.4.1.58|P.6.2.48|P.6.3.75
naKaMpaca	nakhaṃpaca	37364	1	P.3.2.34
naKajAha	nakhajāha	37352	1	P.5.2.24
naKaleKaka	nakhalekhaka	37370	1	P.6.2.73
naKamuca	nakhamuca	37363	1	P.3.2.5
naKapraca	nakhapraca	37361	1	P.2.1.72
naKara	nakhara	37365	1	P.2.4.31
naKarajanI	nakharajanī	37366	1	P.4.3.167
naMzwar	naṃṣṭar	37266	1	P.7.1.60
naMzwavya	naṃṣṭavya	37267	1	P.7.1.60
naS	naś	76900	10	P.1.3.86|P.2.4.80|P.3.4.45|P.6.4.32|P.6.4.73|P.6.4.120|P.7.1.60|P.7.2.45|P.8.2.63|P.8.4.36
naSvara	naśvara	38056	1	P.3.2.163
naY	nañ	76769	1	P.2.1.60
nad	nad	37504	2	P.8.4.14|P.8.4.17
nadAla	nadāla	37514	1	P.6.2.137
nadDavya	naddhavya	37544	1	P.8.2.34
nadDrI	naddhrī	37546	1	P.3.2.182
nadIdoha	nadīdoha	37525	1	P.6.3.10
nadIkukkuwikA	nadīkukkuṭikā	37519	1	P.6.3.9
nadIzRa	nadīṣṇa	37539	1	P.8.3.89
nada	nada	37505	10	P.1.4.3|P.3.1.134|P.5.4.110|P.5.4.153|P.6.1.173|P.6.2.109|P.6.3.44|P.7.1.10|P.7.1.54|P.7.1.80
nadara	nadara	37512	1	P.4.2.80
naga	naga	37385	1	P.6.3.77
nagara	nagara	37393	3	P.4.2.80|P.6.2.89|P.8.4.39
nagaraGAta	nagaraghāta	37396	1	P.3.2.53
nagarakAka	nagarakāka	37394	2	P.2.1.48|P.6.2.81
nagaramardin	nagaramardin	37402	1	P.4.1.96
nagaravAyasa	nagaravāyasa	37406	2	P.2.1.48|P.6.2.81
nagnaMBAvuka	nagnaṃbhāvuka	37441	1	P.3.2.57
nagnaMBavizRu	nagnaṃbhaviṣṇu	37440	1	P.3.2.57
nagnaMkaraRa	nagnaṃkaraṇa	37435	1	P.3.2.56
nagnamuzita	nagnamuṣita	37439	1	P.2.2.31
nah	nah	38095	5	P.6.4.24|P.7.2.10|P.8.2.34|P.8.4.2|P.8.4.38
nahi	nahi	38099	1	P.1.4.57
nak	nak	37269	1	P.1.1.37
nakIm	nakīm	37274	1	P.1.4.57
nakim	nakim	37272	1	P.1.4.57
nakis	nakis	37273	1	P.1.4.57
nakra	nakra	37304	1	P.6.3.75
nakta	nakta	37285	1	P.1.1.37
naktaMdiva	naktaṃdiva	37295	1	P.5.4.77
nakula	nakula	37277	1	P.6.3.75
nakzatra	nakṣatra	37308	2	P.1.2.60|P.6.3.75
nakzatriya	nakṣatriya	37340	1	P.6.4.141
nala	nala	37896	1	P.3.1.140
nalada	nalada	37903	1	P.4.4.53
naladika	naladika	37904	1	P.4.4.53
nalinIKaRqa	nalinīkhaṇḍa	37911	1	P.4.2.51
nalya	nalya	37920	1	P.4.2.80
nam	nam	37694	10	P.3.1.87|P.3.1.89|P.4.1.163|P.5.2.106|P.5.4.142|P.6.4.37|P.6.4.38|P.7.2.10|P.7.2.73|P.8.3.61
namas	namas	37701	4	P.1.1.37|P.1.4.74|P.2.3.16|P.8.3.40
namasy	namasy	37710	2	P.3.1.19|P.3.1.27
namra	namra	37731	1	P.3.2.167
namuci	namuci	37720	1	P.6.3.75
nanAndar	nanāndar	37551	1	P.6.3.24
nand	nand	37555	2	P.5.4.63|P.6.4.24
nanda	nanda	37556	1	P.6.2.14
nandaka	nandaka	37557	1	P.3.1.150
nandana	nandana	37563	4	P.3.1.134|P.7.1.1|P.7.3.44|P.8.4.39
nandin	nandin	37602	1	P.8.4.39
nandy	nandy	37622	1	P.3.1.27
nanu	nanu	37552	3	P.3.2.120|P.8.1.43|P.8.2.93
napAt	napāt	37626	3	P.6.3.1|P.6.3.75|P.6.4.11
napuMsaka	napuṃsaka	37630	5	P.1.1.43|P.2.4.17|P.2.4.19|P.6.3.75|P.7.1.19
naqAgiri	naḍāgiri	37489	1	P.6.3.117
naqaBakta	naḍabhakta	37482	1	P.4.2.54
naqakIya	naḍakīya	37480	1	P.4.2.91
naqasa	naḍasa	37486	1	P.4.2.80
naqila	naḍila	37491	1	P.4.2.80
naqinI	naḍinī	37490	1	P.5.2.135
naqvala	naḍvala	37494	1	P.4.2.88
naqvant	naḍvant	37493	2	P.4.2.87|P.6.1.161
nar	nar	37764	2	P.6.4.6|P.8.3.10
narASaMsa	narāśaṃsa	37844	1	P.6.2.140
narAcI	narācī	37836	1	P.5.3.107
nara	nara	37766	2	P.3.1.85|P.6.2.18
naraMmanya	naraṃmanya	37812	1	P.6.3.68
narada	narada	37787	1	P.4.4.53
naradika	naradika	37789	1	P.4.4.53
naraka	naraka	37767	1	P.2.4.68
naranagara	naranagara	37794	1	P.8.4.39
narapati	narapati	37799	1	P.6.2.18
naraskanDa	naraskandha	37831	1	P.4.2.51
nard	nard	37873	1	P.8.4.14
nart	nart	37862	6	P.1.3.89|P.7.2.57|P.7.4.66|P.7.4.90|P.7.4.91|P.8.4.39
narta	narta	37863	2	P.3.1.134|P.5.1.64
nartaka	nartaka	37864	2	P.3.1.145|P.4.1.41
nartana	nartana	37865	1	P.8.4.39
nas	nas	38079	4	P.6.1.63|P.8.1.21|P.8.4.27|P.8.4.28
nasa	nasa	38080	2	P.5.4.19|P.5.4.118
nasatta	nasatta	38082	1	P.8.2.61
navArma	navārma	38027	1	P.6.2.90
nava	nava	37924	1	P.2.1.49
navan	navan	37965	3	P.6.1.177|P.6.1.180|P.6.1.181
navanagara	navanagara	37967	1	P.6.2.89
navati	navati	37949	1	P.5.1.59
navedas	navedas	38041	1	P.6.3.75
navya	navya	38044	1	P.5.4.30
naw	naṭ	37456	1	P.2.3.56
nawa	naṭa	37457	1	P.4.1.41
nawasUtra	naṭasūtra	37472	1	P.4.3.110
nawyA	naṭyā	37476	1	P.4.2.49
naya	naya	37738	2	P.3.3.24|P.6.1.203
nayaka	nayaka	37739	1	P.5.2.64
ned	ned	40819	3	P.1.4.57|P.3.4.8|P.8.1.30
nedIyaMs	nedīyaṃs	40824	2	P.5.3.63|P.6.2.21
nedizWa	nediṣṭha	40821	1	P.5.3.63
nema	nema	40834	2	P.1.1.27|P.1.1.33
nemaDita	nemadhita	40836	1	P.7.4.45
netar	netar	40774	1	P.2.3.69
netavya	netavya	40776	1	P.5.2.9
netra	netra	40779	1	P.3.2.182
neya	neya	40847	1	P.5.2.9
nezwar	neṣṭar	40857	2	P.6.3.25|P.6.4.11
nfcakzas	nṛcakṣas	40644	1	P.2.4.54
nfmaRas	nṛmaṇas	40714	1	P.8.4.26
nfmana	nṛmana	40718	1	P.8.4.39
nfnamana	nṛnamana	40664	1	P.8.4.39
nfzA	nṛṣā	40751	2	P.3.2.67|P.8.3.108
ni	ni	38658	1	P.6.2.192
niDAna	nidhāna	38918	1	P.6.2.192
niDAnaka	nidhānaka	38919	1	P.4.2.80
niDana	nidhana	38908	1	P.2.4.31
niDeya	nidheya	38938	1	P.4.1.73
niDi	nidhi	38925	1	P.3.3.92
niGAta	nighāta	38791	3	P.6.1.195|P.8.1.37|P.8.1.72
niGa	nigha	38782	1	P.3.3.87
niGasa	nighasa	38790	1	P.3.3.60
niHSreyasa	niḥśreyasa	40002	1	P.5.4.77
niHsAraRa	niḥsāraṇa	40347	1	P.5.4.62
niHspfha	niḥspṛha	40356	1	P.8.3.110
niHzAman	niḥṣāman	40250	1	P.8.3.98
niHzUti	niḥṣūti	40253	1	P.8.3.88
niHzaMDi	niḥṣaṃdhi	40246	1	P.8.3.98
niHzama	niḥṣama	40248	2	P.2.1.17|P.8.3.88
niHzeDa	niḥṣedha	40254	1	P.8.3.98
niMs	niṃs	38660	2	P.8.3.58|P.8.4.33
niS	niś	39868	1	P.6.1.63
niSAkara	niśākara	39875	1	P.3.2.21
niSAntIya	niśāntīya	39899	1	P.4.2.90
niSAnta	niśānta	39897	1	P.4.2.90
niSAyin	niśāyin	39912	1	P.3.1.134
niSa	niśa	39869	1	P.2.4.25
niScapraca	niścapraca	39943	1	P.2.1.72
niScaya	niścaya	39944	2	P.3.3.58|P.6.2.144
niSna	niśna	39968	1	P.5.1.124
niSrAvin	niśrāvin	39972	1	P.3.1.134
nibanDaka	nibandhaka	39001	1	P.4.2.80
nibanDana	nibandhana	39002	1	P.2.2.36
nibanDanaka	nibandhanaka	39003	1	P.4.2.80
nicAya	nicāya	38805	2	P.3.3.20|P.7.2.115
nicaya	nicaya	38801	2	P.2.1.59|P.3.3.42
nicayaka	nicayaka	38803	1	P.5.2.64
nicekAya	nicekāya	38814	1	P.3.3.41
niceya	niceya	38816	2	P.3.1.129|P.4.1.73
nid	nid	38876	1	P.8.4.33
nidAGa	nidāgha	38885	2	P.2.4.69|P.7.3.53
nidaRqa	nidaṇḍa	38879	1	P.6.2.192
nidrAlu	nidrālu	38904	1	P.3.2.158
nigAda	nigāda	38758	1	P.3.3.64
nigAlaka	nigālaka	38763	1	P.8.2.21
nigAra	nigāra	38760	1	P.3.3.29
nigAraka	nigāraka	38761	1	P.8.2.21
nigUhaka	nigūhaka	38768	1	P.6.4.89
nigada	nigada	38750	2	P.1.2.37|P.3.3.64
nigadita	nigadita	38751	1	P.5.2.88
nigalana	nigalana	38757	1	P.8.2.21
nigama	nigama	38752	6	P.3.3.119|P.6.3.113|P.6.4.9|P.7.2.64|P.7.3.81|P.7.4.74
nigaqa	nigaḍa	38746	1	P.2.4.31
nigaraRa	nigaraṇa	38755	2	P.1.3.87|P.8.2.21
nigfhIti	nigṛhīti	38771	2	P.1.2.18|P.7.2.9
nigfhya	nigṛhya	38772	1	P.8.2.94
nigrAha	nigrāha	38780	1	P.3.3.45
nigraha	nigraha	38775	1	P.8.2.94
nihava	nihava	40369	2	P.3.3.72|P.6.2.144
nij	nij	38823	4	P.6.1.5|P.7.2.10|P.7.3.87|P.7.4.75
niji	niji	38831	1	P.8.2.9
nikARam	nikāṇam	38679	1	P.3.4.54
nikAra	nikāra	38689	1	P.3.3.30
nikAya	nikāya	38684	3	P.3.3.41|P.3.3.42|P.6.2.94
nikAyya	nikāyya	38687	1	P.3.1.129
nikaTita	nikathita	38668	1	P.5.2.88
nikara	nikara	38669	1	P.3.3.30
nikawa	nikaṭa	38667	1	P.4.4.73
nikazA	nikaṣā	38676	2	P.1.1.37|P.2.3.2
nikaza	nikaṣa	38674	1	P.3.3.119
niketa	niketa	38716	1	P.8.3.101
nikuciti	nikuciti	38698	2	P.1.2.18|P.7.2.9
nikucyakarRi	nikucyakarṇi	38699	1	P.5.4.128
nikvARa	nikvāṇa	38727	1	P.3.3.65
nikvaRa	nikvaṇa	38726	1	P.3.3.65
nikz	nikṣ	38728	1	P.8.4.33
nilIna	nilīna	39789	1	P.4.2.80
nilayana	nilayana	39784	1	P.7.2.46
nimAna	nimāna	39030	1	P.5.2.47
nimUlam	nimūlam	39056	2	P.3.4.34|P.6.2.192
nimantraRa	nimantraṇa	39025	1	P.3.3.161
nimitta	nimitta	39033	3	P.1.1.4|P.1.1.5|P.1.1.57
nimittaka	nimittaka	39034	1	P.1.1.16
nimittin	nimittin	39043	1	P.8.3.9
ninAda	nināda	38948	1	P.3.3.64
ninada	ninada	38944	1	P.3.3.64
nindaka	nindaka	38957	1	P.3.2.146
nindana	nindana	38959	1	P.8.1.8
nipAWa	nipāṭha	38978	1	P.3.3.64
nipAna	nipāna	38986	1	P.3.3.74
nipAta	nipāta	38979	9	P.1.1.14|P.1.2.44|P.1.3.136|P.1.4.6|P.1.4.37|P.1.4.56|P.6.2.170|P.8.1.30|P.8.4.4
nipAtana	nipātana	38981	2	P.2.3.56|P.3.2.59
nipIti	nipīti	120549	2	P.3.3.95|P.6.2.50
nipaWa	nipaṭha	38970	1	P.3.3.64
nipaWita	nipaṭhita	38971	1	P.5.2.88
nipaWiti	nipaṭhiti	38972	1	P.7.2.9
nipatyA	nipatyā	38975	1	P.3.3.99
nipatyarohiRI	nipatyarohiṇī	38974	1	P.2.1.72
nipuRa	nipuṇa	38991	6	P.2.1.31|P.2.1.40|P.2.1.59|P.2.3.43|P.6.2.24|P.7.2.10
nirAkarizRu	nirākariṣṇu	39224	2	P.3.2.136|P.6.2.160
nirAkftin	nirākṛtin	39232	1	P.5.2.88
nirAmaya	nirāmaya	39259	1	P.2.3.73
nirAsa	nirāsa	39285	4	P.3.3.20|P.4.3.68|P.5.1.112|P.6.2.80
nirBastraka	nirbhastraka	39522	1	P.7.3.47
nirDAraRa	nirdhāraṇa	39490	4	P.1.1.47|P.2.2.10|P.2.3.41|P.5.3.92
nirIha	nirīha	39307	1	P.2.1.48
nirRetar	nirṇetar	39453	1	P.1.3.23
niraDva	niradhva	39143	1	P.5.4.85
niraNgula	niraṅgula	39134	1	P.5.4.86
niraNkuSa	niraṅkuśa	39132	1	P.3.2.138
nirahna	nirahna	39221	2	P.5.4.88|P.8.4.7
nirajina	nirajina	39136	1	P.6.2.184
nirakzin	nirakṣin	39129	1	P.3.1.134
nirantara	nirantara	39151	1	P.2.1.29
nirapekza	nirapekṣa	39163	2	P.2.2.29|P.3.2.134
nirdeSa	nirdeśa	39476	8	P.1.1.54|P.1.1.57|P.1.1.66|P.1.1.68|P.1.2.19|P.4.2.64|P.7.1.21|P.7.2.10
nirdoza	nirdoṣa	39480	1	P.7.1.30
nirhimam	nirhimam	39771	1	P.2.1.6
nirjaras	nirjaras	39421	1	P.7.2.101
nirmUla	nirmūla	39584	3	P.6.3.45|P.6.4.114|P.7.4.26
nirmaSaka	nirmaśaka	39561	1	P.6.2.184
nirmakzika	nirmakṣika	39534	2	P.2.1.6|P.6.2.184
nirudaka	nirudaka	39325	1	P.6.2.184
nirukta	nirukta	39309	2	P.6.2.146|P.6.3.109
nirupala	nirupala	39345	1	P.6.2.184
nirupapada	nirupapada	77276	1	P.3.2.75
nirvARa	nirvāṇa	39656	1	P.8.2.50
nirvAta	nirvāta	39667	1	P.8.2.50
nirvaRa	nirvaṇa	39633	2	P.6.2.178|P.8.4.5
nirvartaka	nirvartaka	39642	1	P.1.4.23
nirveSa	nirveśa	39737	1	P.5.1.47
nirviSeza	nirviśeṣa	39710	1	P.3.3.87
niryAsa	niryāsa	39609	1	P.2.4.31
niryAsika	niryāsika	39610	1	P.4.2.80
niryAtana	niryātana	39602	2	P.1.3.36|P.1.4.92
nis	nis	40255	1	P.8.3.41
nisrAvin	nisrāvin	40316	1	P.3.1.134
nistarIka	nistarīka	40281	1	P.6.2.184
nistriMSa	nistriṃśa	40301	1	P.5.4.73
nisusUs	nisusūs	40267	1	P.8.3.117
nisvAna	nisvāna	40321	2	P.3.3.64|P.6.2.144
nisvana	nisvana	40318	2	P.3.3.64|P.6.2.144
nisyanda	nisyanda	40312	1	P.8.3.72
nitAntAvfkzIya	nitāntāvṛkṣīya	38848	1	P.4.2.90
nitya	nitya	38853	5	P.1.1.37|P.2.1.3|P.5.4.7|P.6.1.169|P.6.2.61
nityadA	nityadā	38857	1	P.1.1.37
nityatva	nityatva	38856	1	P.1.2.6
nivAku	nivāku	39812	1	P.4.1.96
nivApin	nivāpin	39820	1	P.3.1.134
nivAsa	nivāsa	39826	5	P.1.2.51|P.4.2.69|P.4.3.89|P.6.1.201|P.8.4.39
nivAsaka	nivāsaka	39828	1	P.4.2.80
nivAta	nivāta	39814	1	P.6.2.8
nivAtaka	nivātaka	39815	1	P.4.2.80
nivacana	nivacana	39791	1	P.1.4.76
nivara	nivara	39795	1	P.3.3.48
nivartaka	nivartaka	39797	1	P.7.2.63
nivat	nivat	39792	1	P.5.1.118
niveSa	niveśa	39855	2	P.5.1.119|P.8.4.39
nivftti	nivṛtti	39849	3	P.1.2.19|P.1.2.27|P.8.3.65
niviqA	niviḍā	39836	1	P.5.2.32
nivirIsa	nivirīsa	39840	1	P.5.2.32
niyAma	niyāma	39103	2	P.3.3.63|P.6.2.144
niyama	niyama	39093	12	P.1.1.34|P.1.1.62|P.1.2.46|P.2.2.20|P.2.2.32|P.3.3.63|P.4.2.15|P.6.1.80|P.6.2.144|P.7.1.67|P.7.2.19|P.7.2.63
niyamana	niyamana	39094	1	P.6.1.80
niyoga	niyoga	39117	2	P.3.3.161|P.4.4.66
niyogya	niyogya	39119	1	P.7.3.68
niyojya	niyojya	39123	1	P.7.3.68
nizAda	niṣāda	40027	4	P.4.1.97|P.4.1.104|P.4.3.118|P.5.4.36
nizAdita	niṣādita	40030	1	P.5.2.88
nizWa	niṣṭha	40143	16	P.1.1.26|P.1.2.19|P.2.2.36|P.2.3.69|P.3.2.102|P.6.1.22|P.6.1.60|P.6.1.95|P.6.1.169|P.6.1.205|P.6.2.110|P.6.4.52|P.7.2.14|P.7.2.47|P.7.2.50|P.8.2.42
nizadyA	niṣadyā	40018	1	P.3.3.99
nizamam	niṣamam	40023	1	P.6.2.121
nizaya	niṣaya	40024	1	P.8.3.70
nizeDa	niṣedha	40044	5	P.1.1.58|P.1.2.45|P.1.3.58|P.3.1.67|P.8.3.98
nizeka	niṣeka	40037	1	P.6.2.65
nizkAlaka	niṣkālaka	40082	1	P.6.2.184
nizkAlika	niṣkālika	40084	1	P.6.2.184
nizkOSAmbi	niṣkauśāmbi	40118	2	P.1.2.44|P.6.2.2
nizka	niṣka	40057	5	P.1.4.87|P.2.4.31|P.5.1.30|P.5.2.119|P.6.2.55
nizkala	niṣkala	40074	1	P.4.1.41
nizkevala	niṣkevala	40110	1	P.5.4.30
nizkevalya	niṣkevalya	40111	1	P.5.4.30
nizkozaRa	niṣkoṣaṇa	40114	1	P.5.4.62
nizkramaRita	niṣkramaṇita	40122	1	P.5.2.36
nizkulAkar	niṣkulākar	40100	1	P.5.4.62
nizkula	niṣkula	40099	1	P.5.4.62
nizpAna	niṣpāna	40196	1	P.8.4.35
nizpAva	niṣpāva	40200	4	P.3.3.20|P.3.3.28|P.6.2.144|P.7.2.115
nizpAvala	niṣpāvala	40202	1	P.5.2.97
nizpad	niṣpad	40178	2	P.5.2.97|P.5.4.139
nizpatti	niṣpatti	40172	1	P.3.3.139
nizpattrAkar	niṣpattrākar	40176	1	P.5.4.61
nizpeza	niṣpeṣa	40209	2	P.5.1.101|P.6.2.184
nizpravARi	niṣpravāṇi	40236	1	P.5.4.160
nizwarkya	niṣṭarkya	40136	1	P.3.1.123
nizwya	niṣṭya	40142	1	P.8.3.101
nowI	noṭī	41028	1	P.4.1.41
nrArTi	nrārthi	41152	1	P.7.3.3
nu	nu	40623	8	P.3.1.35|P.3.2.121|P.6.1.8|P.6.3.133|P.7.2.10|P.7.3.89|P.7.4.80|P.8.2.98
nud	nud	40628	2	P.7.2.10|P.8.2.56
nyAda	nyāda	41104	1	P.3.3.60
nyAgroDamUla	nyāgrodhamūla	41102	1	P.7.3.5
nyAsa	nyāsa	41128	4	P.1.2.6|P.3.1.15|P.7.2.10|P.7.4.3
nyAsika	nyāsika	41129	1	P.4.4.10
nyAya	nyāya	41105	10	P.3.3.37|P.3.3.122|P.6.2.144|P.6.3.68|P.7.2.63|P.8.1.27|P.8.1.57|P.8.3.37|P.8.3.112|P.8.4.22
nyAyya	nyāyya	41127	6	P.1.2.57|P.4.3.54|P.4.4.78|P.4.4.92|P.6.2.131|P.8.2.46
nyUNKa	nyūṅkha	41136	1	P.1.2.34
nyUna	nyūna	41140	2	P.4.1.165|P.5.4.57
nyaNku	nyaṅku	41077	1	P.7.3.53
nyaYc	nyañc	41084	2	P.1.3.70|P.6.2.53
nyagBAvana	nyagbhāvana	41068	1	P.1.3.70
nyagroDa	nyagrodha	41070	1	P.7.3.53
nyagroDaka	nyagrodhaka	41071	1	P.4.2.80
nyagroDika	nyagrodhika	41074	1	P.4.2.80
nyagroDin	nyagrodhin	41075	1	P.4.2.80
nyakza	nyakṣa	41066	1	P.6.2.192
nyanta	nyanta	41088	1	P.6.2.181
nyaya	nyaya	41089	1	P.3.3.37
nyubja	nyubja	41134	1	P.7.3.61
o	o	13751	1	P.1.4.57
oMkAra	oṃkāra	13767	1	P.6.1.95
odanIya	odanīya	13800	1	P.5.1.4
odana	odana	13796	5	P.1.2.21|P.2.4.31|P.6.2.69|P.6.2.150|P.6.3.60
odanapAkI	odanapākī	13797	1	P.4.1.64
odma	odma	13801	1	P.6.4.29
ojAy	ojāy	13778	2	P.3.1.11|P.3.1.12
ojas	ojas	13772	1	P.6.3.3
ojasIna	ojasīna	13773	1	P.4.4.130
ojasya	ojasya	13775	2	P.4.4.128|P.4.4.130
oka	oka	13753	2	P.5.4.30|P.7.3.64
okya	okya	13760	1	P.5.4.30
om	om	13806	3	P.1.1.37|P.6.1.95|P.8.2.87
otu	otu	13793	1	P.6.1.94
ozRa	oṣṇa	13849	1	P.1.1.14
ozWa	oṣṭha	13839	2	P.1.1.9|P.4.1.55
ozWajAha	oṣṭhajāha	13843	1	P.5.2.24
ozWaka	oṣṭhaka	13840	1	P.5.2.66
ozWya	oṣṭhya	13848	3	P.4.3.55|P.5.1.6|P.7.1.102
ozaDi	oṣadhi	13825	1	P.6.3.132
pA	pā	78370	19	P.1.3.89|P.2.2.37|P.2.3.27|P.2.4.77|P.3.4.22|P.6.2.170|P.6.4.64|P.6.4.66|P.6.4.67|P.6.4.68|P.6.4.69|P.7.1.49|P.7.2.67|P.7.3.37|P.7.3.78|P.7.4.4|P.7.4.79|P.8.1.60|P.8.3.52
pAMsula	pāṃsula	43950	2	P.5.2.97|P.8.2.18
pAMsura	pāṃsura	43947	2	P.5.2.107|P.8.2.18
pANkta	pāṅkta	44003	2	P.4.1.86|P.4.2.55
pARa	pāṇa	44114	1	P.3.3.66
pARavika	pāṇavika	78403	1	P.2.4.2
pARi	pāṇi	44116	2	P.1.4.77|P.2.4.2
pARiGa	pāṇigha	44129	1	P.3.2.55
pARiMDama	pāṇiṃdhama	44143	1	P.3.2.37
pARigrahaRa	pāṇigrahaṇa	44124	1	P.1.3.56
pARika	pāṇika	44117	1	P.5.1.20
pARinIya	pāṇinīya	44141	5	P.4.2.64|P.4.2.66|P.4.3.99|P.4.3.115|P.6.2.36
pARina	pāṇina	44138	2	P.6.2.14|P.6.4.165
pARini	pāṇini	44139	1	P.6.2.151
pARqAra	pāṇḍāra	44178	1	P.4.1.130
pARqa	pāṇḍa	44166	1	P.4.1.41
pARqitya	pāṇḍitya	44179	1	P.5.1.123
pARqukambala	pāṇḍukambala	44183	1	P.4.2.11
pARqukambalin	pāṇḍukambalin	44184	1	P.4.2.11
pARqura	pāṇḍura	44202	1	P.5.2.107
pARya	pāṇya	44225	1	P.3.1.101
pASa	pāśa	44975	5	P.2.1.66|P.5.3.47|P.6.3.35|P.8.3.38|P.8.3.39
pASay	pāśay	44987	1	P.3.1.25
pAScAttya	pāścāttya	45003	1	P.4.2.98
pASila	pāśila	44996	1	P.4.2.80
pASuka	pāśuka	44999	1	P.4.3.72
pASupata	pāśupata	45000	1	P.4.1.84
pASyA	pāśyā	45005	1	P.4.2.49
pATa	pātha	44293	1	P.3.1.140
pATeya	pātheya	44299	2	P.4.2.127|P.4.4.104
pATeyaka	pātheyaka	44300	1	P.4.2.127
pATikArya	pāthikārya	44296	1	P.4.1.151
pATika	pāthika	44295	1	P.4.1.112
pATikya	pāthikya	44297	1	P.5.1.128
pATya	pāthya	44309	1	P.4.4.111
pAWA	pāṭhā	44105	1	P.4.2.97
pAWaka	pāṭhaka	44096	2	P.4.1.4|P.7.3.34
pAWana	pāṭhana	44098	1	P.4.1.41
pAWeya	pāṭheya	44111	1	P.4.2.97
pAYcAlAyana	pāñcālāyana	44052	1	P.4.1.99
pAYcAla	pāñcāla	44050	3	P.4.1.86|P.4.1.168|P.4.1.178
pAYcAleya	pāñcāleya	44054	1	P.6.2.37
pAYcAli	pāñcāli	44053	1	P.4.1.168
pAYcOdanika	pāñcaudanika	44059	2	P.4.3.68|P.5.1.95
pAYcadaSa	pāñcadaśa	44031	1	P.4.3.16
pAYcajanIna	pāñcajanīna	44028	1	P.4.4.99
pAYcajanyAyani	pāñcajanyāyani	44030	1	P.4.2.80
pAYcajanya	pāñcajanya	44029	2	P.4.2.80|P.4.3.60
pAYcakapAla	pāñcakapāla	44025	1	P.4.1.88
pAYcalohitika	pāñcalohitika	44042	2	P.5.1.28|P.7.3.17
pAYcanApiti	pāñcanāpiti	44035	1	P.2.1.51
pAYci	pāñci	44056	1	P.4.1.96
pAYjarya	pāñjarya	44060	1	P.4.2.80
pAcaka	pācaka	44012	5	P.1.3.72|P.2.2.16|P.3.1.133|P.4.1.4|P.6.3.37
pAcya	pācya	44020	1	P.7.3.65
pAdAta	pādāta	44409	1	P.4.2.38
pAdAyana	pādāyana	44418	1	P.4.1.110
pAdData	pāddhata	44441	1	P.4.2.38
pAda	pāda	44311	3	P.2.1.66|P.3.3.16|P.6.1.203
pAdaSabda	pādaśabda	44386	1	P.6.3.56
pAdagfhya	pādagṛhya	44319	1	P.2.1.72
pAdahAraka	pādahāraka	44399	2	P.2.1.32|P.3.3.113
pAdajAha	pādajāha	44330	1	P.5.2.24
pAdaka	pādaka	44312	1	P.5.2.64
pAdakramika	pādakramika	44316	1	P.4.2.60
pAdamiSra	pādamiśra	44363	1	P.6.3.56
pAdapUraRa	pādapūraṇa	78452	2	P.6.1.134|P.8.1.6
pAdapa	pādapa	44345	1	P.4.3.119
pAdapaKaRqa	pādapakhaṇḍa	44346	1	P.4.2.38
pAdasvedana	pādasvedana	44397	1	P.4.4.19
pAdavika	pādavika	44377	1	P.4.4.37
pAdavyAKyAna	pādavyākhyāna	44385	1	P.4.3.73
pAdika	pādika	44429	2	P.4.4.12|P.5.1.20
pAduka	pāduka	44432	1	P.3.2.154
pAdya	pādya	44444	3	P.5.1.34|P.5.4.25|P.6.3.53
pAdyaka	pādyaka	44445	1	P.5.4.3
pAkAyana	pākāyana	43986	1	P.4.2.80
pAka	pāka	43954	5	P.4.1.4|P.4.1.64|P.5.1.122|P.6.1.159|P.7.3.53
pAkayajYika	pākayajñika	43967	1	P.4.3.68
pAkiman	pākiman	43991	1	P.5.1.122
pAku	pāku	43992	1	P.7.3.53
pAkya	pākya	43994	2	P.3.1.124|P.7.3.52
pAkzAyaRa	pākṣāyaṇa	43998	1	P.4.2.80
pAkzika	pākṣika	44000	4	P.1.2.36|P.3.3.79|P.4.2.83|P.4.4.35
pAlASa	pālāśa	44927	2	P.4.2.75|P.4.3.141
pAlASaka	pālāśaka	44928	1	P.4.2.80
pAlAlina	pālālina	43691	1	P.5.2.100
pAla	pāla	44904	1	P.3.1.140
pAlaNgin	pālaṅgin	44915	1	P.4.3.104
pAlada	pālada	44916	1	P.4.2.110
pAlaka	pālaka	44905	1	P.2.4.31
pAleya	pāleya	44943	1	P.4.2.80
pAli	pāli	44931	1	P.2.1.66
pAlitya	pālitya	44936	1	P.4.2.80
pAllaka	pāllaka	44947	1	P.4.2.127
pAlvalatIra	pālvalatīra	44950	1	P.4.2.106
pAman	pāman	44566	1	P.5.2.100
pAmana	pāmana	44567	1	P.5.2.100
pAmara	pāmara	44568	1	P.4.2.80
pAmavant	pāmavant	44570	1	P.5.2.100
pAnIya	pānīya	44472	1	P.6.2.2
pAnIyaSIta	pānīyaśīta	44480	2	P.2.1.68|P.6.2.2
pAnTAyana	pānthāyana	44487	1	P.4.2.80
pAnTa	pāntha	44486	1	P.5.1.76
pAna	pāna	44446	4	P.2.3.66|P.6.2.150|P.8.4.9|P.8.4.10
pAnaSORqa	pānaśauṇḍa	44465	1	P.6.2.2
pAnaWa	pānaṭha	44453	1	P.4.1.41
pAnasinDu	pānasindhu	44467	1	P.7.3.19
pAnnAgAra	pānnāgāra	44489	1	P.4.2.113
pAnnAgAri	pānnāgāri	44490	1	P.2.4.60
pApa	pāpa	44492	5	P.2.1.54|P.4.1.30|P.5.4.47|P.6.2.25|P.6.2.68
pApakft	pāpakṛt	44497	1	P.3.2.89
pApasama	pāpasama	44544	1	P.2.1.17
pApman	pāpman	44564	1	P.4.1.145
pArASarIya	pārāśarīya	44698	1	P.4.2.80
pArASara	pārāśara	44694	2	P.4.2.111|P.4.3.110
pArASarin	pārāśarin	44697	2	P.4.2.66|P.4.3.110
pArASarya	pārāśarya	44699	2	P.4.1.105|P.4.3.110
pArAyaRa	pārāyaṇa	44678	2	P.3.2.130|P.5.1.72
pArAyaRika	pārāyaṇika	44679	1	P.5.1.72
pArRa	pārṇa	44799	3	P.4.1.112|P.4.2.145|P.4.3.76
pArRavalka	pārṇavalka	44800	1	P.4.2.111
pArRavalkya	pārṇavalkya	44802	1	P.4.1.105
pArSava	pārśava	44838	1	P.5.3.117
pArSva	pārśva	44840	2	P.2.4.31|P.5.2.75
pArSvaSaya	pārśvaśaya	44862	1	P.3.2.15
pArSvaka	pārśvaka	44841	1	P.5.2.75
pArSvala	pārśvala	44858	1	P.5.2.97
pArSvatIya	pārśvatīya	44847	2	P.4.2.138|P.4.3.60
pArTa	pārtha	44804	1	P.4.1.112
pArTava	pārthava	44810	2	P.5.1.122|P.6.2.37
pArTiva	pārthiva	44814	4	P.4.1.86|P.5.1.41|P.5.1.42|P.5.1.43
pAra	pāra	44592	2	P.8.3.53|P.8.3.54
pAraMparya	pāraṃparya	44648	1	P.5.4.23
pAraRi	pāraṇi	44611	1	P.2.4.61
pAraSavAyana	pāraśavāyana	44659	1	P.4.1.100
pAraSava	pāraśava	44658	3	P.4.1.104|P.4.3.155|P.4.3.168
pAraSvaDika	pāraśvadhika	44663	1	P.4.4.58
pAradArika	pāradārika	44627	1	P.5.2.92
pAraga	pāraga	44598	1	P.3.2.48
pAraka	pāraka	44593	1	P.4.1.41
pArakulIna	pārakulīna	44596	1	P.4.4.99
pAralOkika	pāralaukika	44654	1	P.6.1.49
pAramasTya	pāramasthya	44638	1	P.5.1.124
pAraskara	pāraskara	44670	1	P.6.1.157
pArastrEReya	pārastraiṇeya	44671	1	P.4.1.126
pArasyakulIna	pārasyakulīna	44672	1	P.4.4.99
pAraya	pāraya	44650	1	P.3.1.138
pArayizRu	pārayiṣṇu	44651	1	P.3.2.137
pArayugIna	pārayugīna	44652	1	P.4.4.99
pArebaqavA	pārebaḍavā	44790	1	P.6.2.42
pAregaNgam	pāregaṅgam	44789	1	P.2.1.18
pAriBAzika	pāribhāṣika	44742	1	P.6.2.167
pAriDeya	pāridheya	44722	1	P.4.1.123
pAriKa	pārikha	44708	2	P.4.2.110|P.4.2.141
pAriKeya	pārikheya	44709	1	P.5.1.17
pAriSezya	pāriśeṣya	44763	1	P.8.1.20
pArigrAmika	pārigrāmika	44710	1	P.4.3.61
pArila	pārila	44753	1	P.4.1.112
pArimuKika	pārimukhika	44746	1	P.4.4.29
pArimuKya	pārimukhya	44747	1	P.4.3.59
pAripArSvika	pāripārśvika	44733	1	P.4.4.29
pAripanTika	pāripanthika	44725	1	P.4.4.36
pArisAraka	pārisāraka	44768	1	P.5.2.61
pArivatsa	pārivatsa	78526	1	P.1.4.81
pArivfQya	pārivṛḍhya	44756	1	P.5.1.123
pArivrAjaka	pārivrājaka	44759	1	P.5.1.130
pArivrAjya	pārivrājya	44760	1	P.7.3.60
pArizada	pāriṣada	44765	3	P.4.2.110|P.4.3.123|P.4.4.101
pArizadaka	pāriṣadaka	44766	1	P.4.3.118
pArizadya	pāriṣadya	44767	2	P.4.4.44|P.4.4.101
pArizatka	pāriṣatka	44764	1	P.4.2.60
pArvatAyana	pārvatāyana	44829	1	P.4.1.103
pArvata	pārvata	44828	3	P.4.2.67|P.4.2.144|P.4.3.93
pArvati	pārvati	44830	1	P.4.1.103
pArzRIla	pārṣṇīla	44902	1	P.5.2.97
pArzRitra	pārṣṇitra	44899	1	P.3.2.3
pArzadaMSa	pārṣadaṃśa	44882	1	P.4.1.86
pArzadaka	pārṣadaka	44883	1	P.4.3.118
pArzikA	pārṣikā	44889	1	P.4.1.112
pArzikya	pārṣikya	44890	1	P.5.1.128
pAta	pāta	44228	3	P.2.1.10|P.3.1.140|P.6.3.71
pAtana	pātana	44236	2	P.4.1.41|P.8.2.49
pAtatriRa	pātatriṇa	44235	1	P.5.2.61
pAtayitar	pātayitar	44238	1	P.2.1.10
pAtnIvata	pātnīvata	44260	1	P.5.2.61
pAtrIRa	pātrīṇa	44284	1	P.5.1.53
pAtrIva	pātrīva	44288	1	P.2.4.31
pAtra	pātra	44264	4	P.2.4.31|P.5.1.53|P.5.1.54|P.8.3.46
pAtrebahula	pātrebahula	44289	2	P.2.1.48|P.6.2.81
pAtresamita	pātresamita	44290	2	P.2.1.48|P.6.2.81
pAtrika	pātrika	44280	2	P.5.1.46|P.5.1.53
pAtriya	pātriya	44282	1	P.5.1.68
pAtrya	pātrya	44292	1	P.5.1.68
pAttigaRaka	pāttigaṇaka	44259	1	P.5.1.129
pAtuka	pātuka	44258	1	P.3.2.154
pAvazwurikeya	pāvaṣṭurikeya	44967	1	P.4.1.123
pAvindAyana	pāvindāyana	44972	1	P.4.1.110
pAvitrAyaRa	pāvitrāyaṇa	44970	1	P.4.1.110
pAvya	pāvya	44974	1	P.3.1.125
pAw	pāṭ	44061	1	P.1.4.57
pAwaccara	pāṭaccara	44064	1	P.4.2.110
pAwala	pāṭala	44067	1	P.4.3.136
pAwaliputra	pāṭaliputra	44075	1	P.3.3.136
pAwaliputraka	pāṭaliputraka	44076	2	P.2.2.11|P.4.2.123
pAwalyA	pāṭalyā	44079	1	P.4.2.49
pAwava	pāṭava	44080	2	P.4.2.119|P.5.1.122
pAwwAraka	pāṭṭāraka	44093	1	P.4.2.127
pAyya	pāyya	44590	2	P.3.1.129|P.6.2.122
pENgalAyana	paiṅgalāyana	47281	1	P.4.1.99
pENgalOdAyani	paiṅgalaudāyani	47283	1	P.2.4.59
pENgala	paiṅgala	47280	1	P.4.2.111
pENgalya	paiṅgalya	47284	1	P.4.1.105
pENgarAyaRa	paiṅgarāyaṇa	47279	1	P.4.1.99
pENgin	paiṅgin	47287	2	P.4.2.66|P.4.3.105
pERqAyana	paiṇḍāyana	47307	1	P.4.1.99
pERqikya	paiṇḍikya	47308	1	P.5.1.128
pERqya	paiṇḍya	47310	1	P.4.1.151
pESAca	paiśāca	47353	2	P.5.3.117|P.5.4.38
pESuna	paiśuna	47355	1	P.5.1.130
pESunya	paiśunya	47356	1	P.5.1.124
pEjUlAyana	paijūlāyana	47292	1	P.4.1.110
pEla	paila	47342	3	P.2.4.59|P.4.1.118|P.6.2.37
pElava	pailava	47345	1	P.5.1.97
pEleya	paileya	47350	1	P.4.1.118
pElukuRa	pailukuṇa	47346	1	P.4.1.86
pElumUla	pailumūla	47347	1	P.5.1.97
pEluvaha	pailuvaha	47348	1	P.4.2.122
pEnadDaka	painaddhaka	47332	1	P.4.2.80
pEppalAda	paippalāda	47336	2	P.4.2.66|P.6.2.37
pEppalava	paippalava	47334	1	P.4.2.111
pEppalavya	paippalavya	47335	1	P.4.1.105
pEtAmahaka	paitāmahaka	47315	1	P.4.3.77
pEtadArava	paitadārava	47311	1	P.4.3.154
pEtfka	paitṛka	47318	1	P.4.3.79
pEtfmatya	paitṛmatya	47319	1	P.4.1.151
pEtfzvaseya	paitṛṣvaseya	47323	1	P.4.1.133
pEtfzvasrIya	paitṛṣvasrīya	47324	2	P.4.1.132|P.7.1.2
pEwAka	paiṭāka	47296	1	P.4.1.112
pEwAkika	paiṭākika	47297	1	P.4.4.15
pEwaka	paiṭaka	47294	1	P.4.1.112
pEwakika	paiṭakika	47295	1	P.4.4.15
pEyUkza	paiyūkṣa	47340	1	P.4.3.152
pEzwa	paiṣṭa	47357	2	P.4.1.112|P.4.3.146
pI	pī	45453	3	P.3.1.61|P.6.1.28|P.6.1.29
pIWa	pīṭha	45455	1	P.1.3.24
pIlA	pīlā	45579	1	P.4.1.118
pIlu	pīlu	45580	2	P.5.2.24|P.7.1.74
pIlukuRa	pīlukuṇa	45582	2	P.4.1.86|P.5.2.24
pIluvaha	pīluvaha	45587	1	P.6.3.121
pInara	pīnara	45559	1	P.4.2.80
pIq	pīḍ	45466	2	P.3.4.49|P.7.4.3
pIqA	pīḍā	45472	1	P.3.3.104
pItadAru	pītadāru	45496	1	P.4.3.154
pItaka	pītaka	45480	1	P.5.4.29
pItatEla	pītataila	45495	1	P.2.2.37
pItavipIta	pītavipīta	45526	1	P.2.1.69
pItvAsTiraka	pītvāsthiraka	45548	1	P.2.1.72
pIvan	pīvan	45592	1	P.3.2.75
pIyUkzA	pīyūkṣā	45569	3	P.4.2.80|P.4.3.152|P.8.4.5
pIyUkzila	pīyūkṣila	45570	1	P.4.2.80
pOMsna	pauṃsna	47429	2	P.4.1.15|P.4.1.87
pORikyA	pauṇikyā	47437	1	P.4.1.79
pORqarIka	pauṇḍarīka	47438	1	P.5.3.107
pORqranAgara	pauṇḍranāgara	47443	1	P.7.3.24
pOlAka	paulāka	47561	1	P.4.3.141
pOlAsa	paulāsa	47562	1	P.4.2.75
pOlastya	paulastya	47559	1	P.4.1.105
pOlinya	paulinya	47565	1	P.4.2.80
pOnaHpunya	paunaḥpunya	47473	2	P.3.1.22|P.5.4.17
pOnarBava	paunarbhava	47479	1	P.4.1.104
pOnarukta	paunarukta	47475	1	P.4.3.73
pOnaruktika	paunaruktika	47476	1	P.4.2.60
pOrAgIya	paurāgīya	47499	1	P.4.2.80
pOrRamAsa	paurṇamāsa	47534	4	P.2.4.4|P.4.2.21|P.4.3.16|P.5.4.110
pOraScaraRika	pauraścaraṇika	47497	1	P.4.3.72
pOragIya	pauragīya	47489	1	P.4.2.80
pOrastya	paurastya	47498	1	P.4.2.98
pOravIya	pauravīya	47496	1	P.4.3.100
pOreya	paureya	47523	1	P.4.2.80
pOrohita	paurohita	47530	1	P.4.4.48
pOrohitika	paurohitika	47531	1	P.4.1.112
pOrohitya	paurohitya	47532	1	P.5.1.128
pOroqASa	pauroḍāśa	47525	2	P.4.3.70|P.4.4.62
pOroqASika	pauroḍāśika	47526	1	P.4.3.70
pOruzAMsakin	pauruṣāṃsakin	47514	1	P.4.3.106
pOruza	pauruṣa	47511	2	P.5.1.130|P.5.2.38
pOruzeya	pauruṣeya	47517	1	P.5.1.10
pOrvAhRika	paurvāhṇika	47554	1	P.4.3.24
pOrvArDa	paurvārdha	47552	1	P.4.3.7
pOrvArDika	paurvārdhika	47553	2	P.4.3.6|P.4.3.7
pOrvaSAla	paurvaśāla	47549	2	P.2.1.51|P.4.2.107
pOrvamadra	paurvamadra	47547	2	P.4.2.108|P.7.3.13
pOrvanagareya	paurvanagareya	47544	1	P.4.2.97
pOrvapaYcAlaka	paurvapañcālaka	47545	1	P.7.3.13
pOrvapadika	paurvapadika	47546	1	P.4.4.39
pOrvavarzika	paurvavarṣika	47548	1	P.7.3.11
pOrya	paurya	47542	1	P.4.1.151
pOtfka	pautṛka	47460	1	P.4.3.78
pOtika	pautika	47452	1	P.4.2.75
pOtimAza	pautimāṣa	47454	1	P.4.2.111
pOtimAzya	pautimāṣya	47457	1	P.4.1.105
pOtrAyaRa	pautrāyaṇa	47466	1	P.4.1.100
pOtra	pautra	47463	2	P.4.1.104|P.5.1.129
pOtrikya	pautrikya	47469	1	P.5.1.128
pOttika	pauttika	47461	1	P.4.3.117
pOwAyana	pauṭāyana	47435	1	P.4.1.110
pOza	pauṣa	47570	3	P.4.2.3|P.4.2.21|P.4.3.16
pOzkala	pauṣkala	47578	1	P.4.2.75
pOzkaleyaka	pauṣkaleyaka	47580	1	P.4.2.95
pOzkarasAdi	pauṣkarasādi	47575	3	P.2.4.61|P.4.1.96|P.7.3.20
pOzkareyaka	pauṣkareyaka	47577	1	P.4.2.95
pOzpAyaRa	pauṣpāyaṇa	47590	1	P.2.4.61
pOzpIya	pauṣpīya	47595	1	P.4.2.113
pOzpi	pauṣpi	47591	3	P.2.4.61|P.2.4.66|P.4.2.113
pU	pū	46563	9	P.1.2.22|P.3.1.42|P.3.2.186|P.6.4.77|P.7.2.10|P.7.2.51|P.7.2.74|P.7.3.80|P.7.4.80
pUga	pūga	46565	4	P.2.1.59|P.4.3.112|P.5.2.52|P.6.2.46
pUgatiTa	pūgatitha	46566	1	P.5.2.52
pUgya	pūgya	46572	2	P.4.3.54|P.6.2.131
pUj	pūj	46573	5	P.2.1.61|P.2.2.12|P.2.3.67|P.3.2.188|P.8.2.100
pUjA	pūjā	46579	1	P.3.3.105
pUjaka	pūjaka	46574	2	P.2.2.9|P.6.2.151
pUjana	pūjana	46575	1	P.8.1.67
pUjya	pūjya	46584	1	P.7.3.66
pUlAka	pūlāka	46931	1	P.4.3.141
pUlAsa	pūlāsa	46932	2	P.2.2.31|P.4.2.75
pUpIya	pūpīya	46663	1	P.5.1.4
pUrRakAkud	pūrṇakākud	46690	1	P.5.4.149
pUrRaka	pūrṇaka	46687	1	P.5.3.75
pUrRakakud	pūrṇakakud	46689	1	P.5.4.146
pUra	pūra	46674	1	P.4.2.80
pUraRa	pūraṇa	46676	11	P.2.2.11|P.5.2.30|P.5.2.48|P.5.2.77|P.5.3.48|P.5.4.116|P.6.1.134|P.6.2.162|P.6.3.6|P.6.3.34|P.6.3.38
pUrayitavya	pūrayitavya	46680	1	P.6.3.59
pUrta	pūrta	46742	2	P.7.1.102|P.8.2.57
pUrti	pūrti	46743	1	P.6.1.134
pUrtin	pūrtin	46745	1	P.5.2.88
pUrvADirAma	pūrvādhirāma	46885	1	P.6.2.103
pUrvAhRa	pūrvāhṇa	46909	9	P.2.1.43|P.2.1.45|P.2.4.29|P.4.3.24|P.4.3.28|P.5.4.11|P.5.4.88|P.6.3.17|P.8.4.7
pUrvAhRaka	pūrvāhṇaka	46910	1	P.4.3.28
pUrvAhRatana	pūrvāhṇatana	46911	2	P.4.3.24|P.6.3.17
pUrvAhRetana	pūrvāhṇetana	46913	2	P.4.3.24|P.6.3.17
pUrvApahARA	pūrvāpahāṇā	46890	1	P.4.1.4
pUrvApara	pūrvāpara	46888	1	P.2.4.12
pUrvArDya	pūrvārdhya	46904	1	P.4.3.6
pUrvIRa	pūrvīṇa	46919	1	P.4.4.133
pUrva	pūrva	46755	23	P.1.1.27|P.1.1.28|P.1.1.30|P.1.1.34|P.1.1.46|P.1.1.47|P.1.1.57|P.1.1.65|P.1.3.58|P.1.4.106|P.2.1.31|P.2.1.58|P.2.2.1|P.2.3.29|P.2.4.31|P.3.1.97|P.3.4.24|P.4.1.18|P.5.3.53|P.6.1.84|P.6.2.22|P.7.1.16|P.8.2.104
pUrvaBUta	pūrvabhūta	46839	1	P.8.1.59
pUrvaSAMSapa	pūrvaśāṃśapa	46863	1	P.7.3.1
pUrvaTA	pūrvathā	46791	1	P.5.3.111
pUrvadAvika	pūrvadāvika	46793	1	P.7.3.1
pUrvadeSa	pūrvadeśa	46801	1	P.2.3.29
pUrvadevikA	pūrvadevikā	46800	1	P.7.3.1
pUrvakAya	pūrvakāya	46760	1	P.2.2.1
pUrvaka	pūrvaka	46756	1	P.4.2.14
pUrvanagarI	pūrvanagarī	46804	1	P.4.2.97
pUrvapARinIya	pūrvapāṇinīya	46819	1	P.6.2.104
pUrvapAYcAlaka	pūrvapāñcālaka	46817	2	P.6.2.105|P.7.3.13
pUrvapAwaliputraka	pūrvapāṭaliputraka	46818	1	P.7.3.14
pUrvapaYcAla	pūrvapañcāla	46810	1	P.6.2.103
pUrvapada	pūrvapada	46811	2	P.6.2.1|P.6.3.34
pUrvapakzIya	pūrvapakṣīya	46809	1	P.4.2.138
pUrvapakza	pūrvapakṣa	46807	1	P.4.2.138
pUrvarAtra	pūrvarātra	46847	3	P.2.1.45|P.2.4.29|P.5.4.87
pUrvarUpa	pūrvarūpa	46848	1	P.6.1.107
pUrvasAra	pūrvasāra	46873	1	P.3.2.19
pUrvasakTa	pūrvasaktha	46867	1	P.5.4.98
pUrvasara	pūrvasara	46870	1	P.3.2.19
pUrvatra	pūrvatra	46789	2	P.5.1.20|P.8.2.1
pUrvatva	pūrvatva	46790	1	P.1.1.37
pUrvavArzika	pūrvavārṣika	46859	1	P.7.3.11
pUrveRa	pūrveṇa	46920	1	P.5.3.35
pUrvedyus	pūrvedyus	46922	1	P.5.3.22
pUrvezukAmaSamI	pūrveṣukāmaśamī	46923	4	P.2.1.50|P.4.2.107|P.6.2.103|P.7.3.14
pUrvin	pūrvin	46916	4	P.2.3.65|P.4.4.133|P.5.2.86|P.5.2.87
pUrvottara	pūrvottara	46924	2	P.1.4.106|P.2.2.26
pUrvya	pūrvya	46926	2	P.4.4.133|P.5.4.30
pUtIka	pūtīka	46644	1	P.2.4.11
pUtakratAyI	pūtakratāyī	46592	1	P.4.1.36
pUtakratu	pūtakratu	46593	1	P.4.1.36
pUtayavam	pūtayavam	46608	1	P.2.1.17
pUti	pūti	46611	1	P.8.1.69
pUtiganDi	pūtigandhi	46622	1	P.5.4.135
pUtimAza	pūtimāṣa	46634	1	P.4.1.105
pUyamAnayavam	pūyamānayavam	46667	1	P.2.1.17
pUzan	pūṣan	46942	2	P.6.2.142|P.6.4.12
pa	pa	41154	1	P.3.2.8
paNgu	paṅgu	41304	1	P.4.1.68
paNka	paṅka	41256	1	P.2.4.31
paNkaja	paṅkaja	41265	1	P.5.2.135
paNkajinI	paṅkajinī	41271	1	P.5.2.135
paNkila	paṅkila	41287	1	P.5.2.100
paNkti	paṅkti	41291	1	P.5.1.59
paPaka	paphaka	42257	1	P.2.4.68
paR	paṇ	41726	3	P.2.3.57|P.3.1.28|P.3.1.31
paRa	paṇa	41727	1	P.3.3.66
paRavanDa	paṇavandha	41732	2	P.3.4.8|P.6.2.154
paRin	paṇin	41746	1	P.6.4.165
paRitavya	paṇitavya	41745	1	P.3.1.101
paRqa	paṇḍa	41749	1	P.5.2.36
paRqitAy	paṇḍitāy	41763	1	P.3.1.12
paRqita	paṇḍita	41753	4	P.2.1.40|P.2.1.59|P.5.2.36|P.6.2.24
paRqitaMmanya	paṇḍitaṃmanya	41760	1	P.3.2.83
paRqitamAnin	paṇḍitamānin	41759	1	P.3.2.83
paRqitiman	paṇḍitiman	41764	1	P.5.1.123
paRya	paṇya	41769	5	P.3.1.101|P.4.4.51|P.5.1.34|P.5.3.99|P.6.2.13
paRyakambala	paṇyakambala	41770	1	P.6.2.42
paS	paś	43804	5	P.7.2.27|P.7.3.78|P.7.4.86|P.7.4.95|P.8.1.39
paScA	paścā	43868	1	P.5.3.33
paScArDa	paścārdha	43888	1	P.2.1.58
paScAt	paścāt	43871	3	P.2.1.6|P.5.2.15|P.5.3.32
paSca	paśca	43867	1	P.5.3.33
paSu	paśu	43807	1	P.1.4.57
paSya	paśya	43894	1	P.3.1.137
paT	path	41972	5	P.4.3.85|P.6.1.199|P.7.1.39|P.7.1.85|P.7.1.88
paTIn	pathīn	41996	1	P.6.4.15
paTa	patha	41973	3	P.3.1.140|P.5.4.74|P.5.4.107
paTaka	pathaka	41974	1	P.5.2.63
paTikAra	pathikāra	41982	1	P.4.1.151
paTika	pathika	41980	1	P.5.1.75
paTipriya	pathipriya	41987	1	P.6.1.199
paTirakzi	pathirakṣi	41990	1	P.3.2.27
paTya	pathya	41998	4	P.2.3.73|P.4.3.54|P.4.4.92|P.6.2.131
paW	paṭh	41710	2	P.1.1.27|P.7.4.1
paYcASa	pañcāśa	41592	1	P.5.2.46
paYcASat	pañcāśat	41595	1	P.5.1.59
paYcAkzara	pañcākṣara	41553	1	P.8.2.88
paYcAla	pañcāla	41579	4	P.1.2.51|P.4.1.168|P.4.2.81|P.6.2.103
paYcaDA	pañcadhā	41410	2	P.5.3.42|P.5.3.43
paYcaTa	pañcatha	41397	1	P.5.2.50
paYcadAman	pañcadāman	41408	1	P.4.1.29
paYcagoRi	pañcagoṇi	77827	1	P.1.2.50
paYcagu	pañcagu	41365	1	P.1.2.44
paYcaka	pañcaka	41343	5	P.2.1.10|P.2.4.31|P.5.1.22|P.5.1.56|P.5.1.58
paYcakapAla	pañcakapāla	41344	3	P.2.1.51|P.2.1.52|P.4.1.88
paYcakarRa	pañcakarṇa	41345	1	P.6.3.115
paYcama	pañcama	41453	13	P.1.1.9|P.2.1.10|P.2.1.12|P.2.1.24|P.2.1.28|P.2.1.37|P.2.1.42|P.2.3.7|P.5.2.49|P.5.3.7|P.5.3.49|P.5.4.44|P.6.3.2
paYcamavant	pañcamavant	41458	1	P.5.2.130
paYcamin	pañcamin	41465	1	P.5.2.130
paYcan	pañcan	41411	3	P.6.1.179|P.7.1.55|P.8.4.65
paYcanada	pañcanada	41413	1	P.2.1.20
paYcapAdI	pañcapādī	41436	1	P.7.4.48
paYcat	pañcat	41383	1	P.5.1.60
paYcataya	pañcataya	41389	2	P.4.1.15|P.5.2.42
paYcendra	pañcendra	41613	1	P.1.2.49
paYjara	pañjara	41620	1	P.4.2.80
pac	pac	41312	29	P.1.3.74|P.1.4.51|P.1.4.52|P.1.4.54|P.3.1.22|P.4.3.43|P.5.1.90|P.5.4.65|P.6.1.4|P.6.1.11|P.6.4.15|P.6.4.120|P.6.4.121|P.6.4.131|P.7.2.3|P.7.2.10|P.7.2.62|P.7.2.63|P.7.2.67|P.7.4.1|P.7.4.79|P.7.4.80|P.7.4.83|P.7.4.93|P.7.4.94|P.8.1.44|P.8.2.30|P.8.3.78|P.8.4.18
pacCabda	pacchabda	41332	1	P.6.3.56
pacCas	pacchas	41333	1	P.6.3.55
paca	paca	41314	2	P.3.1.134|P.3.2.33
pacalavaRA	pacalavaṇā	41325	1	P.2.1.72
pacaprakUwA	pacaprakūṭā	41323	1	P.2.1.72
pacataBfjjatA	pacatabhṛjjatā	41317	1	P.2.1.72
pad	pad	77943	32	P.1.2.29|P.1.2.54|P.1.3.69|P.1.4.30|P.1.4.95|P.2.1.24|P.2.2.4|P.3.1.2|P.3.1.60|P.3.3.111|P.3.4.26|P.3.4.56|P.4.1.8|P.4.1.93|P.4.2.13|P.5.4.40|P.5.4.53|P.5.4.54|P.5.4.55|P.5.4.138|P.5.4.139|P.5.4.159|P.6.1.63|P.6.2.9|P.6.2.24|P.6.2.170|P.6.4.130|P.7.2.8|P.7.2.10|P.7.4.54|P.7.4.84|P.8.4.17
padAji	padāji	42063	1	P.6.3.52
padAnta	padānta	42079	5	P.6.1.76|P.7.3.9|P.8.4.35|P.8.4.37|P.8.4.42
padAti	padāti	42065	2	P.6.3.52|P.8.1.60
padDati	paddhati	42105	3	P.4.1.45|P.4.2.38|P.6.3.54
padDima	paddhima	42108	1	P.6.3.54
padGoza	padghoṣa	42104	1	P.6.3.56
pada	pada	42003	7	P.1.3.23|P.1.4.14|P.1.4.15|P.1.4.76|P.6.2.7|P.8.3.53|P.8.3.54
padaYjala	padañjala	42019	1	P.2.4.69
padaga	padaga	42010	1	P.6.3.52
padakAra	padakāra	42005	1	P.3.2.23
padaka	padaka	42004	2	P.2.4.63|P.4.2.61
padakrama	padakrama	42008	1	P.4.2.60
padakramaka	padakramaka	42009	1	P.2.4.5
padamaYjarI	padamañjarī	42037	1	P.8.4.54
padana	padana	42024	1	P.3.2.150
padatva	padatva	42021	1	P.1.2.45
padavyAKyAna	padavyākhyāna	42047	1	P.4.3.73
padazWIva	padaṣṭhīva	42050	1	P.5.4.77
padika	padika	42099	2	P.4.4.10|P.6.3.53
padma	padma	42109	2	P.2.1.56|P.2.4.31
padmaKaRqa	padmakhaṇḍa	42123	1	P.4.2.51
padmin	padmin	42197	1	P.5.2.135
padminIKaRqa	padminīkhaṇḍa	42200	1	P.4.2.51
padopahata	padopahata	42102	1	P.6.3.52
padya	padya	42207	3	P.4.4.83|P.4.4.87|P.6.3.53
paktavya	paktavya	41165	1	P.8.2.30
pakti	pakti	41166	2	P.3.3.95|P.6.4.15
paktrima	paktrima	41169	1	P.3.3.88
pakva	pakva	41172	3	P.2.1.41|P.6.2.32|P.8.2.52
pakza	pakṣa	41185	5	P.1.2.6|P.1.2.35|P.1.2.36|P.3.1.119|P.7.1.30
pakzati	pakṣati	41200	1	P.5.2.25
pakzmala	pakṣmala	41252	1	P.5.2.97
pakzya	pakṣya	41254	5	P.3.1.119|P.4.2.131|P.4.3.54|P.6.1.123|P.6.2.131
pal	pal	43656	1	P.8.4.54
palARqu	palāṇḍu	43680	2	P.1.4.96|P.4.1.53
palASIya	palāśīya	43703	1	P.4.2.90
palASa	palāśa	43693	1	P.2.1.56
palASaSAtana	palāśaśātana	43698	2	P.3.3.117|P.6.2.139
palASila	palāśila	43702	1	P.4.2.80
palAla	palāla	43689	1	P.5.2.100
pala	pala	43657	2	P.3.1.140|P.5.1.3
palada	palada	43665	2	P.4.2.110|P.4.2.142
palala	palala	43668	2	P.6.2.128|P.6.2.135
paliGa	paligha	43706	1	P.8.2.22
palita	palita	43707	2	P.5.2.127|P.8.2.25
palitaMBavizRu	palitaṃbhaviṣṇu	43709	1	P.3.2.57
palitaMkaraRa	palitaṃkaraṇa	43708	1	P.3.2.56
pallavita	pallavita	43740	1	P.5.2.36
palli	palli	43742	1	P.4.2.127
palyaNka	palyaṅka	43718	1	P.8.2.22
pampA	pampā	42261	1	P.4.2.82
pampasy	pampasy	42260	1	P.3.1.27
pan	pan	42215	2	P.3.1.28|P.3.1.31
panTaka	panthaka	42232	1	P.4.3.29
panmiSra	panmiśra	42246	1	P.6.3.56
pannAgAra	pannāgāra	42243	1	P.2.4.66
papi	papi	42250	2	P.2.3.69|P.3.2.171
papri	papri	42255	1	P.7.1.103
papuri	papuri	42253	1	P.7.1.103
par	par	42309	14	P.2.3.40|P.3.1.61|P.3.4.31|P.3.4.32|P.3.4.66|P.6.1.10|P.6.4.102|P.7.1.102|P.7.2.27|P.7.3.59|P.7.4.12|P.7.4.72|P.7.4.77|P.8.2.106
parA	parā	42504	1	P.1.4.58
parAR	parāṇ	42543	1	P.8.4.20
parAhRa	parāhṇa	42633	1	P.8.4.7
parAmarSa	parāmarśa	42577	1	P.8.2.108
parArDa	parārdha	42593	1	P.2.3.9
parArDya	parārdhya	42594	1	P.4.3.5
parAri	parāri	42587	2	P.4.3.23|P.5.3.22
parIRah	parīṇah	43323	2	P.6.3.116|P.8.2.34
parIkzA	parīkṣā	43314	1	P.4.4.63
parIkzaRa	parīkṣaṇa	43313	1	P.8.2.97
parIpsA	parīpsā	43335	2	P.3.4.52|P.8.1.42
parItat	parītat	43326	1	P.6.3.116
parRAQaka	parṇāḍhaka	43468	1	P.2.4.63
parRIya	parṇīya	43477	2	P.4.2.90|P.4.2.145
parRa	parṇa	43423	5	P.4.1.64|P.4.1.112|P.4.2.82|P.4.2.145|P.4.4.53
parRaDvas	parṇadhvas	43435	3	P.3.2.76|P.7.1.70|P.8.2.72
parRaka	parṇaka	43424	1	P.2.4.69
parRala	parṇala	43449	1	P.5.2.97
parRamaya	parṇamaya	43442	1	P.4.3.150
parRasa	parṇasa	43466	1	P.4.2.80
parRavalka	parṇavalka	43452	1	P.4.1.105
parRika	parṇika	43474	1	P.4.4.53
parRila	parṇila	43476	1	P.5.2.100
parSUla	parśūla	43645	1	P.5.2.97
parSu	parśu	43639	2	P.5.3.117|P.6.2.177
para	para	42310	20	P.1.1.27|P.1.1.34|P.1.1.47|P.1.1.51|P.1.1.54|P.1.1.69|P.1.1.70|P.1.2.40|P.1.4.62|P.1.4.81|P.1.4.109|P.2.1.59|P.3.3.57|P.3.3.138|P.3.4.20|P.6.1.4|P.6.1.84|P.7.1.16|P.7.1.50|P.8.3.4
paraBUta	parabhūta	42378	1	P.8.1.36
paraMpara	paraṃpara	42439	1	P.8.1.24
paraMtapa	paraṃtapa	42362	1	P.3.2.39
paraSavya	paraśavya	42461	1	P.4.3.168
paradArika	paradārika	42355	1	P.5.2.92
paragAmin	paragāmin	42327	1	P.1.3.72
parakIya	parakīya	42319	2	P.4.2.138|P.4.3.60
paraka	paraka	42316	3	P.1.4.62|P.6.1.100|P.6.4.93
parakzetra	parakṣetra	42325	1	P.5.2.92
paraloka	paraloka	42446	2	P.4.4.60|P.7.3.20
param	param	42383	1	P.1.1.37
parama	parama	42384	3	P.2.1.61|P.4.1.155|P.8.1.67
paramasarvatra	paramasarvatra	42404	1	P.1.1.27
paramezWa	parameṣṭha	42433	1	P.8.3.97
pararUpa	pararūpa	42445	1	P.6.1.94
paras	paras	42476	1	P.8.3.4
parasavarRa	parasavarṇa	42479	1	P.8.4.58
parasmEBAzA	parasmaibhāṣā	42494	1	P.6.3.8
parasmEpada	parasmaipada	42492	4	P.1.3.78|P.1.4.99|P.3.4.82|P.6.3.8
parasmEpadin	parasmaipadin	42493	2	P.3.1.82|P.3.4.2
paraspara	paraspara	42490	2	P.1.1.10|P.8.3.44
parastAt	parastāt	42486	1	P.5.3.29
parastrI	parastrī	42487	1	P.7.3.20
paratas	paratas	42349	2	P.2.4.48|P.5.3.29
paratva	paratva	42353	2	P.1.1.47|P.1.2.9
pareNKaRa	pareṅkhaṇa	43373	1	P.8.4.32
paredyavi	paredyavi	43379	1	P.5.3.22
pari	pari	42634	11	P.1.4.58|P.1.4.88|P.1.4.90|P.1.4.93|P.2.1.10|P.2.1.12|P.2.3.10|P.2.3.43|P.6.2.33|P.8.1.5|P.8.3.51
pariBAva	paribhāva	42966	1	P.3.3.55
pariBAvin	paribhāvin	42968	1	P.3.1.134
pariBAzA	paribhāṣā	42971	2	P.1.1.3|P.1.2.57
pariBAzaRa	paribhāṣaṇa	42969	1	P.3.4.8
pariBava	paribhava	42962	1	P.3.3.55
pariBavin	paribhavin	42965	2	P.3.1.134|P.3.2.157
pariDAnIya	paridhānīya	42853	1	P.1.1.36
pariDi	paridhi	42861	1	P.4.1.123
pariGa	parigha	42719	2	P.3.3.84|P.8.2.22
pariKA	parikhā	42689	2	P.4.2.110|P.5.1.17
pariRAdaka	pariṇādaka	42789	1	P.8.4.14
pariRAha	pariṇāha	42797	1	P.3.3.87
pariRAhavant	pariṇāhavant	42798	1	P.5.2.136
pariRAhin	pariṇāhin	42799	1	P.5.2.136
pariRAya	pariṇāya	42795	1	P.3.3.37
pariRAyaka	pariṇāyaka	42796	1	P.8.4.14
pariRaya	pariṇaya	42785	1	P.3.3.37
paricAraka	paricāraka	42747	2	P.2.2.9|P.6.2.151
paricAyya	paricāyya	42745	1	P.3.1.131
paricCeda	pariccheda	42759	3	P.2.1.8|P.5.2.41|P.6.2.4
paricCedaka	paricchedaka	42760	1	P.2.3.46
paricCedya	paricchedya	42762	1	P.2.2.5
paricCitti	paricchitti	42758	1	P.3.3.20
paricaya	paricaya	42734	1	P.8.4.28
paridAhin	paridāhin	42841	1	P.3.2.142
paridevaka	paridevaka	42845	1	P.3.2.147
paridevin	paridevin	42847	1	P.3.2.142
parigUQa	parigūḍha	42703	1	P.4.2.80
pariga	pariga	42693	1	P.8.4.38
parigaRana	parigaṇana	42695	3	P.1.4.51|P.2.1.2|P.6.3.35
parigaRita	parigaṇita	42697	1	P.5.3.54
parigaditin	parigaditin	42699	1	P.5.2.88
parigahana	parigahana	42701	1	P.8.4.39
parigfhIta	parigṛhīta	42704	1	P.6.2.146
parigrAha	parigrāha	42717	1	P.3.3.47
parigrAmam	parigrāmam	42716	1	P.4.3.61
parigraha	parigraha	42709	11	P.1.2.47|P.1.4.65|P.2.1.6|P.2.2.26|P.3.2.112|P.3.3.47|P.4.1.76|P.4.3.68|P.5.1.95|P.6.1.170|P.7.3.46
parihAra	parihāra	43299	1	P.8.1.5
parihaRana	parihaṇana	43284	1	P.8.4.22
parihasta	parihasta	43294	1	P.6.2.184
parijagDa	parijagdha	42764	1	P.6.2.146
parijayya	parijayya	42767	1	P.5.1.93
parikUla	parikūla	42659	1	P.6.2.182
parikalitin	parikalitin	42649	1	P.5.2.88
parikarza	parikarṣa	42645	1	P.6.2.184
parikeSa	parikeśa	42662	1	P.6.2.184
parikrayaRa	parikrayaṇa	42668	1	P.1.4.44
parikzepaka	parikṣepaka	42687	1	P.3.2.146
parikzepin	parikṣepin	42688	1	P.3.2.142
parila	parila	43059	1	P.4.1.112
parimARa	parimāṇa	42997	10	P.1.2.27|P.2.3.46|P.4.1.22|P.5.1.9|P.5.1.19|P.5.2.39|P.5.2.41|P.7.3.15|P.7.3.17|P.7.3.26
parimARin	parimāṇin	43000	1	P.2.2.5
parimArgya	parimārgya	43008	1	P.3.1.113
parimaRqala	parimaṇḍala	42984	1	P.6.2.182
parimfj	parimṛj	43019	1	P.8.2.36
parimfjya	parimṛjya	43021	1	P.3.1.113
parimohin	parimohin	43031	1	P.3.2.142
parimuKam	parimukham	43015	3	P.4.3.58|P.4.3.59|P.4.4.29
parinandana	parinandana	42871	1	P.8.4.39
paripAda	paripāda	42909	1	P.6.2.184
paripAwI	paripāṭī	42904	1	P.3.3.111
paripanTam	paripantham	42890	1	P.4.4.36
paripanTin	paripanthin	42894	1	P.5.2.89
pariparin	pariparin	42896	1	P.5.2.89
paripraSna	paripraśna	42942	3	P.2.1.63|P.3.3.110|P.5.3.93
parirAwaka	parirāṭaka	43054	1	P.3.2.146
parirAwin	parirāṭin	43055	1	P.3.2.142
parirakzitin	parirakṣitin	43047	1	P.5.2.88
parisAraka	parisāraka	43253	1	P.5.2.61
parisArin	parisārin	43254	1	P.3.2.142
parisamApti	parisamāpti	43241	2	P.2.3.6|P.3.1.1
pariskanna	pariskanna	43261	1	P.8.3.74
paritIra	paritīra	42815	1	P.6.2.182
paritas	paritas	42810	2	P.2.3.2|P.5.3.9
parivAdaka	parivādaka	43092	1	P.3.2.146
parivAdin	parivādin	43094	1	P.3.2.142
parivAditin	parivāditin	43093	1	P.5.2.88
parivApa	parivāpa	43095	1	P.4.2.80
parivApaRa	parivāpaṇa	43096	1	P.5.4.67
parivApika	parivāpika	43097	1	P.4.2.80
parivApin	parivāpin	43098	1	P.4.2.80
parivaMSa	parivaṃśa	43066	1	P.4.2.80
parivapaRa	parivapaṇa	43072	1	P.8.4.31
parivatsarIRa	parivatsarīṇa	43070	1	P.5.1.92
parivatsarIya	parivatsarīya	43071	1	P.5.1.92
parivezaka	pariveṣaka	43150	2	P.2.2.9|P.6.2.151
parivfQa	parivṛḍha	43129	3	P.5.1.123|P.6.4.161|P.7.2.21
parivftta	parivṛtta	43132	1	P.4.2.80
parivrAj	parivrāj	43166	1	P.2.4.14
parivrAja	parivrāja	43167	2	P.5.4.106|P.7.3.60
parivrAjaka	parivrājaka	43168	4	P.2.4.14|P.3.2.14|P.5.1.130|P.7.3.44
parivraQiman	parivraḍhiman	43164	1	P.5.1.123
pariyARIya	pariyāṇīya	43038	1	P.8.4.29
pariyARa	pariyāṇa	43036	1	P.8.4.29
parizWala	pariṣṭhala	43220	1	P.8.3.96
parizad	pariṣad	78240	1	P.4.2.110
parizadvala	pariṣadvala	43200	1	P.5.2.112
parizaya	pariṣaya	43201	1	P.8.3.70
parizecaka	pariṣecaka	43205	2	P.2.2.9|P.6.2.151
parizkaRa	pariṣkaṇa	43208	1	P.8.3.74
parizkanda	pariṣkanda	43209	1	P.8.3.75
parizvaYjana	pariṣvañjana	43227	1	P.3.3.116
parizyanda	pariṣyanda	43222	1	P.8.3.72
parokza	parokṣa	43390	3	P.3.2.115|P.3.2.119|P.5.4.107
parovarIRa	parovarīṇa	43405	1	P.5.2.10
parpa	parpa	43487	1	P.4.4.10
parpika	parpika	43494	2	P.4.4.10|P.7.3.50
parut	parut	43352	1	P.5.3.22
parvatIya	parvatīya	43613	2	P.4.2.143|P.4.2.144
parvata	parvata	43593	1	P.4.1.103
paryAcita	paryācita	43534	1	P.6.2.146
paryAlI	paryālī	43551	1	P.1.4.61
paryApti	paryāpti	43537	1	P.3.4.66
paryAya	paryāya	43539	10	P.2.2.16|P.2.3.9|P.2.3.73|P.3.2.112|P.3.3.38|P.4.4.35|P.6.1.200|P.6.2.144|P.7.3.18|P.7.3.31
paryaNka	paryaṅka	43501	1	P.8.2.2
paryanta	paryanta	43507	6	P.1.1.37|P.2.1.6|P.4.1.18|P.5.2.14|P.6.2.180|P.7.2.91
paryavasTAtar	paryavasthātar	43522	1	P.5.2.89
paryaya	paryaya	43511	1	P.3.3.38
paryehi	paryehi	43582	1	P.4.1.73
paryudAsa	paryudāsa	43566	8	P.1.2.1|P.2.4.3|P.2.4.6|P.2.4.74|P.4.2.108|P.8.3.6|P.8.3.72|P.8.3.73
parzad	parṣad	43650	1	P.5.2.112
parzadvala	parṣadvala	43651	1	P.5.2.112
parzika	parṣika	43653	1	P.5.1.128
pat	pat	41788	19	P.1.1.71|P.1.4.24|P.2.1.24|P.2.1.38|P.2.1.72|P.2.2.34|P.3.1.41|P.3.1.122|P.3.1.123|P.3.4.8|P.4.3.56|P.5.2.114|P.6.4.99|P.7.2.15|P.7.4.19|P.7.4.54|P.7.4.84|P.8.1.30|P.8.4.17
patAka	patāka	41823	1	P.5.2.116
patAkika	patākika	41825	1	P.5.2.116
patAkin	patākin	41826	1	P.5.2.116
patApata	patāpata	41827	1	P.7.4.58
pata	pata	41791	2	P.3.1.134|P.3.1.140
pataYjala	patañjala	41803	1	P.2.4.69
patana	patana	41812	1	P.3.2.150
patayAlu	patayālu	41817	1	P.3.2.158
pati	pati	41828	15	P.1.4.8|P.1.4.9|P.4.1.33|P.4.1.34|P.4.1.84|P.4.1.85|P.4.2.13|P.6.1.13|P.6.2.18|P.6.2.20|P.6.2.140|P.6.3.24|P.7.3.118|P.8.3.53|P.8.3.54
patiGna	patighna	41833	2	P.3.2.52|P.3.2.53
patiMvarA	patiṃvarā	41829	1	P.3.2.46
pativatnI	pativatnī	41850	1	P.4.1.32
patkAzin	patkāṣin	41859	1	P.6.3.54
patnI	patnī	41955	3	P.4.1.32|P.4.1.33|P.4.1.35
pattigaRaka	pattigaṇaka	41871	3	P.2.2.9|P.5.1.129|P.6.2.151
pattrIya	pattrīya	41949	1	P.5.1.4
pattra	pattra	41875	2	P.3.2.182|P.7.2.9
pattraka	pattraka	41876	1	P.5.4.3
pattrala	pattrala	41910	1	P.5.2.97
pattramUlaka	pattramūlaka	41905	1	P.5.4.3
pattrya	pattrya	41953	1	P.5.1.4
patya	patya	41964	1	P.5.1.128
pava	pava	43749	1	P.3.3.28
pavamAna	pavamāna	43763	1	P.3.2.128
pavazwurika	pavaṣṭurika	43769	1	P.4.1.123
pavinda	pavinda	43792	1	P.4.1.110
pavitra	pavitra	43775	4	P.2.4.31|P.3.2.185|P.3.2.186|P.4.1.110
pawIra	paṭīra	120698	1	P.2.4.11
pawa	paṭa	41629	1	P.4.1.41
pawaccara	paṭaccara	41633	1	P.4.2.110
pawaha	paṭaha	41651	1	P.2.4.31
pawara	paṭara	41641	1	P.4.1.41
pawat	paṭat	41634	6	P.1.4.61|P.3.1.13|P.5.4.57|P.5.4.99|P.6.1.98|P.6.1.100
pawatkakanTa	paṭatkakantha	41635	1	P.6.2.125
pawavya	paṭavya	41650	1	P.5.1.5
paway	paṭay	41640	1	P.1.1.57
pawiman	paṭiman	41658	2	P.5.1.122|P.6.4.155
pawu	paṭu	41661	6	P.2.1.40|P.2.1.59|P.4.1.44|P.4.2.119|P.6.2.24|P.6.3.116
pawujAtIya	paṭujātīya	41663	2	P.5.3.69|P.6.1.217
pawwAra	paṭṭāra	41693	1	P.4.2.127
payAy	payāy	42281	1	P.3.1.11
payaHpAna	payaḥpāna	42267	1	P.6.2.150
payas	payas	42271	3	P.5.4.151|P.8.3.53|P.8.3.54
payaskaMsa	payaskaṃsa	42273	2	P.8.3.38|P.8.3.46
payasvant	payasvant	42278	1	P.8.2.9
payasvin	payasvin	42280	2	P.1.4.19|P.5.2.135
payasy	payasy	42276	2	P.3.1.11|P.3.1.27
payasya	payasya	42277	1	P.4.3.160
peSI	peśī	47253	1	P.4.1.41
peSa	peśa	47242	2	P.4.1.41|P.5.2.97
peSala	peśala	47244	1	P.5.2.97
peli	peli	47237	1	P.6.2.81
peliSAlA	peliśālā	47239	1	P.6.2.86
pesvara	pesvara	47276	1	P.3.2.175
pfTagyogakaraRa	pṛthagyogakaraṇa	47003	3	P.7.1.64|P.7.4.33|P.8.1.40
pfTak	pṛthak	46984	4	P.1.1.37|P.2.3.32|P.3.2.188|P.4.2.113
pfTakat	pṛthakat	46985	1	P.5.3.72
pfTakkaraRa	pṛthakkaraṇa	46986	2	P.2.3.41|P.5.3.92
pfTaktva	pṛthaktva	46991	1	P.1.1.56
pfTivI	pṛthivī	47021	1	P.4.1.41
pfTu	pṛthu	47043	2	P.6.2.168|P.6.4.161
pfTujaGana	pṛthujaghana	47055	1	P.4.1.56
pfTukIya	pṛthukīya	47047	1	P.5.1.4
pfTuka	pṛthuka	47044	1	P.5.1.4
pfTukya	pṛthukya	47050	1	P.5.1.4
pfTula	pṛthula	47080	1	P.5.2.97
pftanAzah	pṛtanāṣah	46972	1	P.8.3.109
pftany	pṛtany	46975	1	P.7.4.39
pfzWa	pṛṣṭha	47167	2	P.6.2.114|P.8.3.53
pfzWajAha	pṛṣṭhajāha	47174	1	P.5.2.24
pfzWatas	pṛṣṭhatas	47176	1	P.5.4.44
pfzadaMSa	pṛṣadaṃśa	47140	1	P.4.1.86
pfzant	pṛṣant	47150	1	P.2.1.56
pfzodara	pṛṣodara	47156	1	P.6.3.109
pfzotTAna	pṛṣotthāna	47155	1	P.6.3.109
piDAna	pidhāna	45329	1	P.2.4.31
piNga	piṅga	45045	1	P.2.2.38
piNgala	piṅgala	45051	4	P.2.2.38|P.4.1.41|P.5.2.97|P.6.2.85
piNgalaka	piṅgalaka	45052	1	P.2.4.69
piNgara	piṅgara	45050	1	P.4.1.99
piRqASma	piṇḍāśma	45185	1	P.5.4.94
piRqISUra	piṇḍīśūra	45206	2	P.2.1.48|P.6.2.81
piRqIjaNGa	piṇḍījaṅgha	45197	1	P.2.4.63
piRqa	piṇḍa	45139	3	P.4.1.41|P.4.1.99|P.4.1.151
piRqika	piṇḍika	45188	1	P.5.1.128
piRyAka	piṇyāka	45211	1	P.2.4.31
piS	piś	45397	1	P.7.1.59
piSAca	piśāca	45408	4	P.5.2.64|P.5.3.117|P.6.3.80|P.6.3.109
piSAcaka	piśācaka	45409	1	P.5.2.64
piSaNga	piśaṅga	45400	2	P.4.1.39|P.6.2.85
piYjUlaka	piñjūlaka	45116	1	P.2.4.69
piba	piba	45382	1	P.3.1.137
picCa	piccha	45086	1	P.5.2.100
picCila	picchila	45092	1	P.5.2.100
picaRqa	picaṇḍa	45064	1	P.5.2.64
picaRqaka	picaṇḍaka	45065	1	P.5.2.64
picaRqika	picaṇḍika	45066	1	P.5.2.117
picavya	picavya	45069	1	P.6.1.80
picukIya	picukīya	45076	1	P.4.2.90
picuka	picuka	45075	1	P.4.2.90
pijUla	pijūla	45100	1	P.4.1.110
pinAka	pināka	45335	1	P.2.4.31
pipAsita	pipāsita	45351	1	P.5.2.36
pippalImUlIya	pippalīmūlīya	45372	1	P.4.2.90
pippalIya	pippalīya	45373	1	P.4.2.90
pippalU	pippalū	45374	1	P.4.1.105
pippala	pippala	45363	4	P.2.2.2|P.4.1.41|P.4.2.90|P.4.3.167
pitAmaha	pitāmaha	45217	1	P.4.1.41
pitar	pitar	45213	2	P.1.2.70|P.6.3.33
pitariSUra	pitariśūra	45214	2	P.2.1.48|P.6.2.81
pitfBogIRa	pitṛbhogīṇa	45272	1	P.5.1.9
pitfhan	pitṛhan	45298	1	P.3.2.88
pitfpARa	pitṛpāṇa	45261	1	P.8.4.26
pitfvya	pitṛvya	45289	1	P.4.2.36
pitfyARa	pitṛyāṇa	45278	1	P.8.4.26
pitfzvasar	pitṛṣvasar	45294	3	P.4.1.132|P.6.3.24|P.8.3.84
pitrya	pitrya	45321	3	P.4.2.31|P.4.3.79|P.7.4.27
pittaGna	pittaghna	45303	1	P.3.2.53
pittala	pittala	45309	1	P.5.2.97
pituHputra	pituḥputra	45219	1	P.6.3.23
pituHzvasar	pituḥṣvasar	45225	2	P.6.3.24|P.8.3.85
piwAka	piṭāka	45127	3	P.4.1.112|P.4.2.49|P.4.4.15
piwAkyA	piṭākyā	45128	1	P.4.2.49
piwaka	piṭaka	45122	3	P.2.4.31|P.4.1.112|P.4.4.15
piwakyA	piṭakyā	45123	1	P.4.2.49
piz	piṣ	45431	9	P.2.3.56|P.3.4.35|P.3.4.38|P.3.4.55|P.4.2.92|P.6.3.58|P.7.2.10|P.8.4.18|P.8.4.65
pizwa	piṣṭa	45432	2	P.2.4.69|P.4.1.112
pizwaka	piṣṭaka	45433	1	P.4.3.147
pizwamaya	piṣṭamaya	45440	1	P.4.3.146
pizwapiRqa	piṣṭapiṇḍa	45438	1	P.4.3.70
plAkza	plākṣa	51337	2	P.4.2.112|P.4.3.164
plAkzi	plākṣi	51340	2	P.4.1.65|P.4.1.95
plAy	plāy	51342	1	P.8.2.19
plakza	plakṣa	51312	1	P.8.4.5
plakzakIya	plakṣakīya	51313	1	P.4.2.91
plava	plava	51326	1	P.3.1.134
plavika	plavika	51335	1	P.4.4.7
plu	plu	51365	12	P.1.2.27|P.3.2.126|P.6.1.125|P.6.1.129|P.6.4.58|P.7.2.1|P.7.2.43|P.7.4.81|P.8.2.27|P.8.2.82|P.8.2.106|P.8.3.78
pluti	pluti	51369	3	P.1.4.47|P.5.1.117|P.8.2.84
pola	pola	47405	1	P.3.1.140
popuva	popuva	47402	2	P.1.1.4|P.2.4.74
pota	pota	47371	1	P.7.2.9
potana	potana	47375	1	P.4.1.41
potar	potar	47379	2	P.5.1.129|P.6.4.11
potra	potra	47394	1	P.3.2.183
potyA	potyā	47392	1	P.4.2.49
powa	poṭa	47362	1	P.2.1.65
poza	poṣa	47409	1	P.8.3.53
pozaRa	poṣaṇa	120982	1	P.3.1.116
pozayizRu	poṣayiṣṇu	47417	1	P.6.4.55
prA	prā	50324	1	P.2.4.80
prADAnya	prādhānya	50764	3	P.6.2.69|P.7.1.21|P.7.1.55
prADva	prādhva	50768	3	P.1.4.78|P.5.4.85|P.6.4.169
prAR	prāṇ	50534	1	P.8.4.20
prARAyana	prāṇāyana	50630	1	P.4.1.199
prARaBft	prāṇabhṛt	50584	1	P.5.1.129
prARapata	prāṇapata	50567	1	P.4.1.84
prARapati	prāṇapati	50568	1	P.4.1.84
prARiRizu	prāṇiṇiṣu	50639	1	P.8.4.21
prARin	prāṇin	50641	1	P.2.4.2
prASAstra	prāśāstra	50945	1	P.5.1.129
prASitra	prāśitra	50949	1	P.5.1.105
prATamika	prāthamika	50742	3	P.2.4.3|P.4.2.63|P.4.3.72
prAYc	prāñc	50526	32	P.1.1.38|P.1.1.56|P.1.1.75|P.1.4.56|P.2.1.3|P.2.1.12|P.2.3.29|P.2.4.60|P.3.1.70|P.3.2.59|P.3.4.18|P.4.1.17|P.4.1.43|P.4.1.75|P.4.1.83|P.4.1.160|P.4.2.139|P.4.4.1|P.5.1.1|P.5.1.18|P.5.3.30|P.5.3.49|P.5.3.80|P.5.3.94|P.5.4.101|P.6.1.182|P.6.2.74|P.7.3.14|P.7.3.24|P.7.3.45|P.8.2.86|P.8.3.63
prAcIna	prācīna	50465	1	P.5.4.8
prAcInayoga	prācīnayoga	50475	1	P.4.1.105
prAcInayogya	prācīnayogya	50477	1	P.4.1.105
prAcurya	prācurya	50489	1	P.5.4.21
prAcyADvaryu	prācyādhvaryu	50498	1	P.6.2.10
prAcyAyana	prācyāyana	50499	1	P.4.1.110
prAcya	prācya	50493	6	P.2.4.66|P.4.1.178|P.4.2.101|P.6.1.213|P.6.2.10|P.6.2.12
prAcyasaptasama	prācyasaptasama	50497	1	P.6.2.12
prAdohani	prādohani	50758	1	P.2.4.61
prAdoza	prādoṣa	50756	3	P.4.3.14|P.4.3.51|P.4.3.52
prAdozika	prādoṣika	50757	3	P.4.3.14|P.4.3.51|P.4.3.52
prAdurBAva	prādurbhāva	50748	2	P.2.1.6|P.6.2.149
prAdus	prādus	50751	5	P.1.1.37|P.1.1.74|P.1.1.87|P.1.4.61|P.8.3.41
prAdyumni	prādyumni	50759	1	P.4.1.96
prAgGitIya	prāgghitīya	50413	1	P.4.4.75
prAgadya	prāgadya	50392	1	P.4.2.80
prAgdIvyatIya	prāgdīvyatīya	50423	1	P.4.1.83
prAgdeSa	prāgdeśa	50424	1	P.1.1.75
prAgdiSIya	prāgdiśīya	50422	2	P.5.3.1|P.5.3.2
prAgivIya	prāgivīya	50406	1	P.5.3.70
prAhRa	prāhṇa	50996	2	P.2.1.17|P.4.3.23
prAhRetana	prāhṇetana	50997	1	P.4.3.23
prAhftAyana	prāhṛtāyana	50995	1	P.4.1.110
prAjApata	prājāpata	50507	1	P.4.4.48
prAjApatya	prājāpatya	50508	1	P.4.1.85
prAjAvata	prājāvata	50511	1	P.4.4.48
prAjYa	prājña	50521	2	P.5.2.101|P.5.4.38
prAjana	prājana	50502	1	P.2.4.57
prAjayA	prājayā	50503	1	P.1.4.74
prAkArIya	prākārīya	50340	2	P.5.1.12|P.5.1.16
prAkAramardi	prākāramardi	50338	1	P.4.1.96
prAkAramardin	prākāramardin	50339	1	P.4.1.96
prAkarzika	prākarṣika	50333	1	P.5.1.64
prAkftAyana	prākṛtāyana	50356	1	P.4.1.110
prAkfta	prākṛta	50344	1	P.8.2.84
prAlepika	prālepika	50883	1	P.4.4.48
prAleya	prāleya	50884	1	P.7.3.2
prAlkArIy	prālkārīy	50889	1	P.6.1.92
prAmARya	prāmāṇya	50814	3	P.1.2.53|P.7.2.48|P.7.3.59
prAmAdika	prāmādika	50816	1	P.6.1.63
prAntAyana	prāntāyana	50779	1	P.4.1.110
prAnta	prānta	50773	1	P.4.1.110
prAptakAla	prāptakāla	50790	1	P.3.3.163
prApti	prāpti	50797	7	P.1.2.6|P.2.3.66|P.5.4.60|P.6.1.198|P.8.2.35|P.8.2.108|P.8.3.61
prApya	prāpya	50798	1	P.4.4.91
prAqAhati	prāḍāhati	50532	1	P.2.4.61
prArTana	prārthana	50870	2	P.3.3.161|P.8.1.43
prAramBa	prārambha	50861	1	P.1.3.42
prAramBaRa	prārambhaṇa	50862	1	P.5.1.111
prAroha	prāroha	50863	1	P.4.4.62
prArzaBIy	prārṣabhīy	50880	1	P.6.1.92
prAsTika	prāsthika	50989	4	P.5.1.19|P.5.1.45|P.5.1.52|P.5.1.57
prAsa	prāsa	50964	1	P.3.3.19
prAsaNga	prāsaṅga	50966	1	P.4.4.76
prAsaNgya	prāsaṅgya	50968	1	P.4.4.76
prAsika	prāsika	50982	1	P.4.4.57
prAstArika	prāstārika	50986	1	P.4.4.72
prAtIpika	prātīpika	50732	1	P.4.4.28
prAtar	prātar	50654	1	P.1.1.37
prAtarIya	prātarīya	50663	1	P.4.2.80
prAtara	prātara	50655	1	P.4.2.80
prAtaritvan	prātaritvan	50662	1	P.3.2.75
prAtiSAKya	prātiśākhya	50719	4	P.1.1.9|P.6.1.116|P.8.3.61|P.8.4.67
prAtiboDAyana	prātibodhāyana	50710	1	P.4.1.100
prAtiboDa	prātibodha	50709	1	P.4.1.104
prAtihartra	prātihartra	50725	1	P.5.1.129
prAtijanIna	prātijanīna	50697	2	P.4.4.99|P.7.1.2
prAtikUlika	prātikūlika	50693	1	P.4.4.28
prAtikaRWika	prātikaṇṭhika	50690	1	P.4.4.40
prAtikya	prātikya	50695	1	P.5.1.128
prAtilomika	prātilomika	50714	1	P.4.4.28
prAtilomya	prātilomya	50715	2	P.5.4.64|P.8.1.33
prAtipaTika	prātipathika	50703	1	P.4.4.42
prAtipada	prātipada	50704	1	P.4.3.16
prAtipadika	prātipadika	50705	8	P.1.2.3|P.1.2.45|P.1.2.47|P.2.3.46|P.2.4.71|P.4.1.1|P.8.2.7|P.8.4.11
prAtyagraTi	prātyagrathi	50735	1	P.4.1.173
prAtyakza	prātyakṣa	50734	1	P.5.4.38
prAvAhaReya	prāvāhaṇeya	50912	2	P.4.1.123|P.7.3.28
prAvAhaReyaka	prāvāhaṇeyaka	50913	1	P.7.3.29
prAvAhaReyi	prāvāhaṇeyi	50914	1	P.7.3.29
prAvArIy	prāvārīy	50908	1	P.3.1.10
prAvAsa	prāvāsa	50909	1	P.5.1.97
prAvAsika	prāvāsika	50910	2	P.4.3.103|P.5.1.101
prAvIRya	prāvīṇya	50918	1	P.4.2.128
prAvaraRIya	prāvaraṇīya	50898	1	P.1.1.36
prAvaraRa	prāvaraṇa	50897	1	P.3.3.21
prAveSana	prāveśana	50935	1	P.5.1.97
prAvfz	prāvṛṣ	50924	1	P.6.3.116
prAvfzeRya	prāvṛṣeṇya	50930	3	P.4.2.34|P.4.3.17|P.5.1.96
prAvfzija	prāvṛṣija	50928	1	P.6.3.15
prAvfzika	prāvṛṣika	50927	1	P.4.3.26
prAya	prāya	50820	2	P.8.1.27|P.8.1.57
prAyaBava	prāyabhava	50827	1	P.4.3.39
prAyaScitta	prāyaścitta	50830	1	P.6.1.157
prAyaScitti	prāyaścitti	50832	1	P.6.1.157
prAyacitta	prāyacitta	50822	1	P.6.1.157
prAyas	prāyas	50840	1	P.1.1.37
prAyeRa	prāyeṇa	50849	1	P.2.3.1
prAyika	prāyika	50845	1	P.2.2.28
prAyogika	prāyogika	50851	1	P.5.1.64
prEya	praiya	51226	1	P.5.1.122
prEyaka	praiyaka	51227	1	P.4.1.104
prEyarUpaka	praiyarūpaka	51230	1	P.5.1.133
prEza	praiṣa	51234	3	P.3.3.8|P.3.3.163|P.8.2.104
prEzaRika	praiṣaṇika	51236	2	P.4.4.12|P.5.1.64
prI	prī	51077	4	P.1.4.33|P.3.4.88|P.6.4.103|P.7.3.37
prItikara	prītikara	51083	1	P.6.2.15
prOkta	praukta	51293	2	P.4.2.64|P.4.3.101
prOzWa	prauṣṭha	51305	1	P.4.1.112
prOzWapada	prauṣṭhapada	51306	1	P.7.3.18
prOzWapadika	prauṣṭhapadika	51307	1	P.4.2.35
prOzWika	prauṣṭhika	51308	1	P.4.1.112
pra	pra	47608	4	P.1.4.58|P.6.2.183|P.8.1.6|P.8.3.49
praBAj	prabhāj	49402	1	P.3.2.62
praBAkara	prabhākara	49394	1	P.3.2.21
praBAnIya	prabhānīya	49407	1	P.8.4.34
praBAna	prabhāna	49406	1	P.8.4.34
praBApanIya	prabhāpanīya	49409	1	P.8.4.34
praBApana	prabhāpana	49408	1	P.8.4.34
praBUtaka	prabhūtaka	49441	1	P.5.2.62
praBUti	prabhūti	49444	1	P.6.2.50
praBava	prabhava	49385	2	P.1.4.31|P.3.3.24
praBavanIya	prabhavanīya	49387	1	P.8.4.34
praBavana	prabhavana	49386	1	P.8.4.34
praBavizRu	prabhaviṣṇu	49390	1	P.3.2.138
praBavya	prabhavya	49392	1	P.3.1.107
praBeda	prabheda	49452	1	P.6.2.144
praBfti	prabhṛti	49450	3	P.1.1.38|P.4.1.162|P.6.3.84
praBid	prabhid	49431	1	P.3.2.61
praBu	prabhu	49433	3	P.2.3.16|P.3.2.180|P.4.1.47
praC	prach	47920	7	P.1.2.8|P.1.4.51|P.6.1.16|P.7.2.10|P.7.2.75|P.7.4.90|P.8.2.36
praDA	pradhā	49222	1	P.6.4.64
praDAna	pradhāna	49223	2	P.1.2.47|P.1.2.56
praDa	pradha	49214	1	P.3.1.139
praDi	pradhi	49234	1	P.3.3.92
praGARa	praghāṇa	47828	1	P.3.3.79
praGAta	praghāta	47829	1	P.3.3.79
praGaRa	praghaṇa	47825	1	P.3.3.79
praGasa	praghasa	47827	2	P.2.4.38|P.3.3.59
praKyAna	prakhyāna	47778	1	P.1.2.54
praPulla	praphulla	49332	1	P.8.2.55
praPulta	praphulta	49331	2	P.7.4.89|P.8.2.55
praRAdaka	praṇādaka	48039	1	P.8.4.14
praRAyaka	praṇāyaka	48042	1	P.8.4.14
praRAyya	praṇāyya	48043	1	P.3.1.128
praRI	praṇī	48058	1	P.3.2.61
praRIya	praṇīya	48062	1	P.3.1.123
praRasa	praṇasa	48036	3	P.5.4.119|P.8.4.3|P.8.4.28
praRava	praṇava	48035	1	P.8.2.89
praRaya	praṇaya	48028	2	P.3.1.142|P.3.3.24
praRayin	praṇayin	48033	1	P.5.2.131
praReya	praṇeya	48070	1	P.3.1.128
praRikzaRa	praṇikṣaṇa	48048	1	P.8.4.33
praRindana	praṇindana	48053	1	P.8.4.33
praSAKa	praśākha	49971	1	P.6.2.177
praSAm	praśām	49981	3	P.6.4.15|P.8.2.64|P.8.3.7
praSAn	praśān	49975	1	P.1.1.37
praSAsitar	praśāsitar	49983	1	P.7.2.34
praSAstar	praśāstar	49984	3	P.5.1.129|P.6.4.11|P.7.2.34
praSaMsana	praśaṃsana	49945	1	P.4.4.122
praSasya	praśasya	49969	2	P.4.4.122|P.5.3.60
praSleza	praśleṣa	50024	1	P.7.1.85
praSlizwa	praśliṣṭa	50023	3	P.2.4.85|P.5.3.5|P.6.2.146
praSna	praśna	49998	3	P.3.3.90|P.6.4.19|P.8.1.44
praSraTa	praśratha	50012	1	P.6.4.29
praSraya	praśraya	50015	1	P.3.3.24
praT	prath	49080	2	P.7.4.95|P.8.4.67
praTama	prathama	49084	13	P.1.1.33|P.1.4.41|P.1.4.101|P.1.4.108|P.2.1.58|P.2.3.46|P.2.4.85|P.3.4.24|P.4.3.83|P.6.1.102|P.6.2.56|P.7.1.28|P.7.2.88
praTamatas	prathamatas	49093	1	P.2.4.21
praTana	prathana	49083	1	P.3.3.33
praTiman	prathiman	49115	1	P.6.4.161
praTiminI	prathiminī	49116	1	P.5.2.137
praTiti	prathiti	49114	1	P.7.2.9
prabAhuk	prabāhuk	49356	1	P.1.1.37
prabAla	prabāla	49347	1	P.2.4.31
prabanDa	prabandha	49334	1	P.3.3.135
pracArita	pracārita	47865	1	P.5.2.36
pracAya	pracāya	47862	1	P.3.3.40
pracCada	pracchada	47896	1	P.6.4.96
pracCardikA	pracchardikā	47902	1	P.3.3.108
pracCid	pracchid	47910	1	P.3.2.61
pracakzaRa	pracakṣaṇa	47838	2	P.8.1.27|P.8.1.57
pracaya	pracaya	47846	1	P.3.3.40
pracyAvana	pracyāvana	47916	1	P.8.2.94
pradA	pradā	49145	1	P.6.4.64
pradAm	pradām	49157	1	P.8.2.64
pradIpIya	pradīpīya	49177	1	P.5.1.4
prada	prada	49121	2	P.3.1.139|P.3.2.6
pradakziRa	pradakṣiṇa	49122	1	P.2.1.17
pradarSana	pradarśana	49139	2	P.3.1.41|P.7.2.34
pradava	pradava	49142	1	P.3.1.142
pradeSa	pradeśa	49183	1	P.3.1.15
pradi	pradi	49163	1	P.3.3.92
pradoza	pradoṣa	49192	1	P.4.3.14
pradozaka	pradoṣaka	49193	1	P.4.3.28
pradrAva	pradrāva	49206	2	P.3.3.27|P.6.2.144
pradrAvin	pradrāvin	49207	1	P.3.2.145
pradruh	pradruh	49208	1	P.3.2.61
praduh	praduh	49179	1	P.3.2.61
pradvAra	pradvāra	49210	1	P.6.2.183
pradviz	pradviṣ	49211	1	P.3.2.61
pradyumnAgamana	pradyumnāgamana	49200	1	P.4.3.88
pradyumna	pradyumna	49197	1	P.4.1.96
pragATa	pragātha	47798	1	P.4.2.55
pragAdya	pragādya	47799	1	P.3.1.100
praga	praga	47783	1	P.8.4.38
pragama	pragama	47786	1	P.8.4.34
pragamanIya	pragamanīya	47787	1	P.8.4.34
prage	prage	47812	1	P.4.3.23
pragetana	pragetana	47813	1	P.4.3.23
pragfhya	pragṛhya	47811	4	P.1.1.11|P.3.1.119|P.6.1.125|P.8.4.57
pragrAha	pragrāha	47820	3	P.3.3.46|P.3.3.52|P.3.3.53
pragrIva	pragrīva	47821	1	P.2.4.31
pragraha	pragraha	47817	2	P.3.3.52|P.3.3.53
prahAra	prahāra	50279	1	P.7.3.54
prahAraka	prahāraka	50280	2	P.6.2.139|P.7.3.54
prahAsa	prahāsa	50288	4	P.1.4.106|P.3.3.62|P.6.2.144|P.8.1.46
prahaRana	prahaṇana	50249	1	P.8.4.22
praharaRa	praharaṇa	50258	1	P.4.2.57
prahasana	prahasana	50270	2	P.8.1.27|P.8.1.57
prahasta	prahasta	50273	1	P.6.2.183
prahfta	prahṛta	50298	1	P.4.1.110
prahima	prahima	50295	1	P.8.4.16
prahlatti	prahlatti	50313	1	P.6.4.95
prahvAya	prahvāya	50323	1	P.3.3.72
prajA	prajā	47942	1	P.3.2.99
prajYAla	prajñāla	48013	1	P.5.2.97
prajYa	prajña	47993	2	P.3.2.6|P.5.4.38
prajYila	prajñila	48018	1	P.5.2.100
prajYu	prajñu	48019	1	P.5.4.129
prajana	prajana	47926	3	P.3.1.104|P.6.1.55|P.7.3.35
prajanizRu	prajaniṣṇu	47931	1	P.3.2.136
prajas	prajas	47940	1	P.5.4.122
prajavin	prajavin	47939	1	P.3.2.156
prajaya	prajaya	47934	1	P.6.2.144
prajit	prajit	47981	1	P.3.2.61
prakARqa	prakāṇḍa	47654	1	P.2.1.66
prakASana	prakāśana	47673	3	P.1.3.23|P.3.3.153|P.8.2.94
prakAma	prakāma	47656	1	P.1.1.37
prakAra	prakāra	47658	2	P.5.3.69|P.8.1.12
prakAraka	prakāraka	47659	1	P.6.2.139
prakAravant	prakāravant	47661	1	P.5.3.69
prakaRva	prakaṇva	47621	1	P.6.1.153
prakaTana	prakathana	47622	3	P.1.3.32|P.8.1.27|P.8.1.57
prakamana	prakamana	47623	1	P.8.4.34
prakampana	prakampana	47625	1	P.8.4.32
prakaraRa	prakaraṇa	47631	2	P.1.3.78|P.8.1.67
prakarza	prakarṣa	47639	2	P.1.4.36|P.5.4.11
prakawa	prakaṭa	47615	1	P.5.2.29
prakfta	prakṛta	47704	1	P.4.1.110
prakfti	prakṛti	47707	11	P.1.2.51|P.1.2.56|P.1.4.30|P.4.1.155|P.5.1.12|P.6.1.115|P.6.1.137|P.6.2.1|P.6.2.80|P.6.3.75|P.8.4.54
prakopaRIya	prakopaṇīya	47725	1	P.8.4.31
prakopaRa	prakopaṇa	47724	2	P.5.4.49|P.8.4.31
prakozWa	prakoṣṭha	47727	2	P.3.3.79|P.6.2.183
prakrama	prakrama	47730	1	P.8.4.28
prakvaRa	prakvaṇa	47747	1	P.3.3.65
prakzaya	prakṣaya	47752	1	P.6.2.144
pralApin	pralāpin	49709	1	P.3.2.145
pralalAwa	pralalāṭa	49699	1	P.6.2.177
pralamBa	pralambha	49693	1	P.7.1.67
pralamBana	pralambhana	49694	2	P.1.3.69|P.6.1.48
pralava	pralava	49700	1	P.6.2.144
pralavitar	pralavitar	49702	1	P.6.1.174
pralavitra	pralavitra	49703	1	P.6.2.144
pralepaka	pralepaka	49714	1	P.4.4.48
pralkArIy	pralkārīy	49726	1	P.6.1.92
pramARa	pramāṇa	49507	7	P.1.1.50|P.1.2.55|P.5.1.19|P.5.2.92|P.5.4.116|P.6.2.4|P.8.2.97
pramARatva	pramāṇatva	49510	2	P.1.2.53|P.1.2.55
pramATin	pramāthin	49531	1	P.3.2.145
pramAda	pramāda	49532	1	P.3.3.68
pramAdin	pramādin	49535	1	P.3.2.141
pramaNgana	pramaṅgana	49464	1	P.8.4.32
pramada	pramada	49476	2	P.3.3.68|P.6.2.144
pramattagIta	pramattagīta	49470	1	P.6.2.149
pramfgam	pramṛgam	49562	1	P.2.1.17
pranAyaka	pranāyaka	49245	2	P.1.4.59|P.8.4.14
pranardaka	pranardaka	49244	1	P.8.4.14
pranikzaRa	pranikṣaṇa	49248	1	P.8.4.33
pranindana	pranindana	49250	1	P.8.4.33
prapaYca	prapañca	49257	10	P.2.1.33|P.2.1.58|P.2.3.73|P.2.4.28|P.3.2.177|P.4.3.36|P.5.3.98|P.6.3.15|P.8.1.27|P.8.1.57
prapatana	prapatana	49264	1	P.3.4.74
prapavaRa	prapavaṇa	49282	1	P.8.4.34
prapavanIya	prapavanīya	49283	1	P.8.4.34
prapfzWa	prapṛṣṭha	49322	1	P.6.2.177
prapyAyanIya	prapyāyanīya	49326	1	P.8.4.34
prapyAyana	prapyāyana	49325	1	P.8.4.34
praraTam	praratham	49667	1	P.2.1.17
prarzaBIy	prarṣabhīy	49684	1	P.6.1.92
prasAraRin	prasāraṇin	50120	1	P.7.2.10
prasArin	prasārin	50121	1	P.3.2.145
prasArya	prasārya	50122	1	P.6.1.14
prasTAyin	prasthāyin	50209	1	P.3.3.3
prasTa	prastha	50199	5	P.3.1.136|P.4.2.110|P.4.2.122|P.6.2.87|P.8.3.92
prasTaMpaca	prasthaṃpaca	50201	1	P.3.2.33
prasTavAhA	prasthavāhā	50203	1	P.6.3.63
prasTiti	prasthiti	121135	2	P.3.3.95|P.6.2.50
prasU	prasū	50142	1	P.3.2.61
prasaNga	prasaṅga	50043	6	P.1.1.49|P.1.1.50|P.1.4.2|P.6.1.131|P.6.1.161|P.8.2.106
prasahana	prasahana	50092	2	P.1.3.33|P.1.4.74
prasajya	prasajya	121122	1	P.6.1.58
prasava	prasava	50075	2	P.2.1.65|P.6.2.144
prasavin	prasavin	50085	1	P.3.2.157
prasavitar	prasavitar	50082	1	P.6.1.174
prasavitra	prasavitra	50084	1	P.6.2.144
praseva	praseva	50167	1	P.6.3.122
prasidDi	prasiddhi	50131	1	P.3.1.22
praskaRva	praskaṇva	50169	1	P.6.1.153
praskandana	praskandana	50170	1	P.3.4.74
prasrAva	prasrāva	50237	2	P.3.3.27|P.6.2.144
prastAra	prastāra	50181	2	P.3.3.32|P.6.2.144
prastAva	prastāva	50184	2	P.3.3.27|P.6.2.144
prastIta	prastīta	50190	1	P.8.2.54
prastara	prastara	50176	1	P.3.3.32
prasvAna	prasvāna	50241	2	P.3.3.62|P.6.2.144
pratAm	pratām	48114	3	P.1.1.37|P.6.4.15|P.8.2.64
pratAn	pratān	48096	1	P.1.1.37
pratAna	pratāna	48097	1	P.2.4.69
pratIGAta	pratīghāta	48757	1	P.1.4.66
pratIcIna	pratīcīna	48761	1	P.5.4.8
pratIcya	pratīcya	48766	1	P.4.2.101
pratIkASa	pratīkāśa	48747	1	P.6.3.122
pratIkAra	pratīkāra	48745	1	P.5.4.49
pratIpAy	pratīpāy	48787	1	P.3.1.18
pratIpa	pratīpa	48777	3	P.3.1.85|P.4.4.28|P.6.2.170
pratIpin	pratīpin	48789	1	P.5.2.131
pratIti	pratīti	48771	1	P.1.2.54
pratUrtaka	pratūrtaka	48809	1	P.5.2.62
pratapana	pratapana	48083	1	P.1.4.74
pratara	pratara	79116	1	P.4.2.80
prati	prati	48120	14	P.1.1.33|P.1.4.37|P.1.4.58|P.1.4.90|P.1.4.92|P.2.1.2|P.2.1.6|P.2.1.9|P.2.1.14|P.2.3.11|P.2.3.27|P.5.4.44|P.6.2.33|P.8.2.84
pratiBU	pratibhū	79193	3	P.2.3.39|P.3.2.179|P.6.4.85
pratiKewaka	pratikheṭaka	48183	1	P.6.2.193
pratiSravaRa	pratiśravaṇa	48618	2	P.6.2.193|P.8.2.99
pratiSyAya	pratiśyāya	48615	1	P.3.1.141
pratibanDa	pratibandha	48403	3	P.1.3.38|P.3.3.51|P.7.1.45
pratibanDin	pratibandhin	48407	1	P.6.2.6
pratiboDa	pratibodha	48418	2	P.4.1.100|P.4.1.104
pratiboDin	pratibodhin	48422	1	P.3.3.3
pratidAna	pratidāna	48261	2	P.1.4.92|P.2.3.11
pratidivan	pratidivan	48264	3	P.1.1.58|P.6.4.137|P.8.2.77
pratigfhya	pratigṛhya	48197	1	P.3.1.118
pratihartar	pratihartar	48726	1	P.5.1.129
pratijYA	pratijñā	48244	1	P.1.3.22
pratijYAna	pratijñāna	48246	2	P.1.3.52|P.8.2.99
pratijana	pratijana	48234	2	P.4.4.99|P.6.2.193
pratikASa	pratikāśa	48144	1	P.6.3.122
pratika	pratika	48122	1	P.5.1.128
pratikaRWam	pratikaṇṭham	48124	1	P.4.4.40
pratikaSa	pratikaśa	48133	1	P.6.1.152
pratikfti	pratikṛti	48165	1	P.5.3.96
pratikfttikA	pratikṛttikā	48166	1	P.6.2.193
pratiloma	pratiloma	48522	4	P.2.4.69|P.5.4.58|P.5.4.75|P.8.1.33
pratiniDi	pratinidhi	48303	2	P.1.4.92|P.2.3.11
pratiniryAtana	pratiniryātana	48309	1	P.2.3.11
pratipAdaka	pratipādaka	48346	4	P.1.2.53|P.4.2.60|P.6.3.34|P.8.2.97
pratipAdana	pratipādana	48347	2	P.1.3.32|P.2.4.3
pratipAdayitar	pratipādayitar	48350	1	P.1.4.29
pratipAdya	pratipādya	48351	1	P.1.2.53
pratipUrvAhRam	pratipūrvāhṇam	48373	1	P.6.2.33
pratipaTam	pratipatham	48332	1	P.4.4.42
pratipaTika	pratipathika	48333	1	P.4.4.42
pratipadam	pratipadam	48337	2	P.1.1.28|P.6.2.26
pratipanna	pratipanna	48339	1	P.6.2.146
pratipatti	pratipatti	48327	5	P.3.1.92|P.6.2.16|P.6.3.67|P.8.1.24|P.8.3.2
pratirUpa	pratirūpa	48506	1	P.6.2.11
pratirUpaka	pratirūpaka	48508	2	P.1.4.57|P.1.4.66
pratiroDin	pratirodhin	48514	1	P.3.3.3
pratisAma	pratisāma	48695	1	P.5.4.75
pratisara	pratisara	48688	1	P.2.4.31
prativacana	prativacana	48526	2	P.3.2.120|P.8.2.93
prativarzam	prativarṣam	48537	1	P.5.2.12
prativimbay	prativimbay	48571	1	P.5.2.36
pratiyAyin	pratiyāyin	48482	1	P.3.3.3
pratiyatna	pratiyatna	48478	3	P.1.3.32|P.2.3.53|P.6.1.139
pratiyoDin	pratiyodhin	48494	1	P.3.3.3
pratiyogin	pratiyogin	48488	1	P.3.3.3
pratizIvya	pratiṣīvya	48627	1	P.3.1.123
pratizRikA	pratiṣṇikā	48660	1	P.8.3.98
pratizWA	pratiṣṭhā	48646	1	P.6.1.146
pratizeDa	pratiṣedha	48631	7	P.1.1.4|P.1.1.11|P.1.1.44|P.1.1.72|P.3.1.22|P.3.4.18|P.7.2.64
pratizkaSa	pratiṣkaśa	48638	2	P.3.1.134|P.6.1.152
pratnaTA	pratnathā	48819	1	P.5.3.111
pratyAKyeya	pratyākhyeya	48964	1	P.5.2.92
pratyAhAra	pratyāhāra	49017	1	P.3.4.78
pratyApana	pratyāpana	48985	1	P.8.1.27
pratyApatti	pratyāpatti	48984	1	P.8.4.68
pratyArDapura	pratyārdhapura	48999	1	P.6.2.193
pratyAramBa	pratyārambha	48997	1	P.8.1.31
pratyArdrA	pratyārdrā	48998	1	P.6.2.193
pratyAsatti	pratyāsatti	49009	2	P.3.3.40|P.8.1.7
pratyAtma	pratyātma	48970	1	P.6.4.169
pratyaBivAda	pratyabhivāda	48898	1	P.8.2.83
pratyaMSu	pratyaṃśu	48822	1	P.6.2.193
pratyaNgam	pratyaṅgam	48871	1	P.1.1.29
pratyaNmuKa	pratyaṅmukha	48875	1	P.6.2.168
pratyaYc	pratyañc	48877	4	P.3.2.59|P.5.3.30|P.6.2.52|P.6.4.30
pratyagni	pratyagni	48864	1	P.6.2.33
pratyagra	pratyagra	48865	1	P.2.1.65
pratyagraTa	pratyagratha	48867	1	P.4.1.173
pratyajira	pratyajira	48876	1	P.6.2.193
pratyakza	pratyakṣa	48832	1	P.5.4.107
pratyakzatas	pratyakṣatas	48835	1	P.6.3.80
pratyarTam	pratyartham	48918	1	P.2.1.6
pratyavarohin	pratyavarohin	48939	1	P.4.1.41
pratyavasAna	pratyavasāna	48940	2	P.1.4.52|P.3.4.76
pratyaya	pratyaya	48905	5	P.1.1.61|P.1.2.41|P.3.1.1|P.3.4.1|P.8.2.58
pratyayana	pratyayana	48908	2	P.8.1.27|P.8.1.57
pratyayita	pratyayita	48911	1	P.5.2.36
pratyeka	pratyeka	49073	4	P.1.1.69|P.2.1.6|P.2.2.11|P.5.1.9
pratyenas	pratyenas	49077	1	P.6.2.60
pratyudAharaRa	pratyudāharaṇa	49034	3	P.4.1.32|P.6.2.150|P.8.1.45
pratyurasam	pratyurasam	49060	1	P.5.4.82
pratyuzwra	pratyuṣṭra	49065	1	P.6.2.193
pravARi	pravāṇi	49813	1	P.5.4.160
pravAcya	pravācya	49810	1	P.7.3.66
pravAdin	pravādin	49819	1	P.3.2.145
pravAdya	pravādya	49820	1	P.2.4.56
pravAhaRa	pravāhaṇa	49835	2	P.4.1.123|P.7.3.28
pravAhaReya	pravāhaṇeya	49836	2	P.4.1.123|P.7.3.28
pravAhaReyaka	pravāhaṇeyaka	49837	1	P.7.3.29
pravAhaReyi	pravāhaṇeyi	49838	1	P.7.3.29
pravAhaka	pravāhaka	49834	3	P.1.1.37|P.3.3.108|P.5.4.49
pravAhemUtrita	pravāhemūtrita	49840	1	P.2.1.47
pravAhin	pravāhin	49839	1	P.5.2.135
pravAra	pravāra	49825	1	P.3.3.54
pravAsin	pravāsin	49831	1	P.3.2.145
pravAyaka	pravāyaka	49823	1	P.2.4.56
pravIRa	pravīṇa	49875	1	P.2.1.40
pravaRa	pravaṇa	49739	2	P.6.2.178|P.8.4.5
pravacanIya	pravacanīya	49737	1	P.3.4.68
pravacana	pravacana	49736	2	P.8.1.27|P.8.1.57
pravaka	pravaka	49728	1	P.3.1.149
pravaktar	pravaktar	49729	1	P.2.1.65
pravapa	pravapa	49753	1	P.8.4.16
pravapaRa	pravapaṇa	49754	1	P.8.4.31
pravara	pravara	49761	1	P.3.3.54
pravargya	pravargya	49776	1	P.2.4.14
pravayaRIya	pravayaṇīya	49757	1	P.2.4.56
pravayaRa	pravayaṇa	49756	1	P.2.4.57
pravayyA	pravayyā	49759	1	P.6.1.83
praveSa	praveśa	49915	1	P.2.1.72
praveSanIya	praveśanīya	49918	1	P.5.1.111
pravedana	pravedana	49902	1	P.3.3.153
pravepanIya	pravepanīya	49910	1	P.8.4.34
pravepana	pravepana	49908	1	P.8.4.34
praveya	praveya	49912	1	P.6.1.83
pravftti	pravṛtti	49890	4	P.1.4.95|P.2.1.32|P.8.1.73|P.8.4.1
praviBAga	pravibhāga	49854	2	P.2.2.2|P.3.3.136
pravid	pravid	49849	1	P.3.2.61
pravraScana	pravraścana	49935	2	P.3.3.117|P.6.2.139
pravrajita	pravrajita	49933	1	P.2.1.70
prayARIya	prayāṇīya	49616	1	P.8.4.29
prayARa	prayāṇa	49612	1	P.8.4.29
prayAga	prayāga	49605	1	P.7.3.62
prayAja	prayāja	49610	1	P.7.3.62
prayApaRIya	prayāpaṇīya	49622	1	P.8.4.30
prayApaRa	prayāpaṇa	49620	1	P.8.4.30
prayApin	prayāpin	49623	1	P.8.4.30
prayAyin	prayāyin	49627	1	P.8.4.29
prayatna	prayatna	49598	2	P.1.1.9|P.8.3.18
prayoga	prayoga	49646	9	P.1.1.9|P.1.2.34|P.2.1.56|P.2.3.26|P.3.1.82|P.6.1.150|P.7.3.20|P.7.4.24|P.8.1.15
prayogya	prayogya	49658	1	P.7.3.68
prayojaka	prayojaka	49659	3	P.1.4.55|P.2.3.27|P.6.1.56
prayojana	prayojana	49660	10	P.1.1.56|P.1.1.62|P.2.3.73|P.2.4.66|P.3.1.11|P.4.1.15|P.4.1.18|P.4.2.56|P.5.2.81|P.5.4.68
prayojya	prayojya	49662	1	P.7.3.68
prayoktar	prayoktar	49643	1	P.8.1.8
prayoktavya	prayoktavya	49644	1	P.4.2.66
prayuj	prayuj	49634	1	P.3.2.61
prazWa	praṣṭha	50033	1	P.8.3.92
prazWavAh	praṣṭhavāh	50034	3	P.3.2.64|P.6.4.132|P.8.2.31
prazwavya	praṣṭavya	50028	1	P.8.2.36
preNKaRa	preṅkhaṇa	51126	1	P.8.4.32
preNgaRa	preṅgaṇa	51130	1	P.8.4.32
prehaRa	prehaṇa	51220	1	P.8.4.31
prehikawA	prehikaṭā	51221	1	P.2.1.72
prekzA	prekṣā	51117	1	P.6.2.85
prekzin	prekṣin	51123	2	P.4.2.80|P.6.2.80
preraka	preraka	51199	1	P.1.4.55
prezaRa	preṣaṇa	51208	1	P.3.3.163
priyAkar	priyākar	51067	1	P.5.4.63
priya	priya	51001	7	P.1.1.29|P.3.1.105|P.6.2.15|P.6.2.16|P.6.3.34|P.6.4.157|P.8.1.13
priyaMBAvuka	priyaṃbhāvuka	51043	1	P.3.2.57
priyaMBavizRu	priyaṃbhaviṣṇu	51042	1	P.3.2.57
priyaMkara	priyaṃkara	51013	1	P.3.2.44
priyaMkaraRa	priyaṃkaraṇa	51014	1	P.3.2.56
priyaMvada	priyaṃvada	51002	1	P.3.2.38
priyakAra	priyakāra	51009	1	P.3.2.44
priyaka	priyaka	51003	1	P.4.1.104
priyarUpa	priyarūpa	51045	1	P.5.1.133
proQam	proḍham	51250	1	P.2.1.17
proTa	protha	51265	2	P.1.4.56|P.2.4.31
prohaRa	prohaṇa	51291	1	P.8.4.31
prohakarawA	prohakaraṭā	51289	1	P.2.1.72
prohakardamA	prohakardamā	51290	1	P.2.1.72
prohyapadi	prohyapadi	51292	1	P.5.4.128
promBaRa	prombhaṇa	51273	1	P.8.4.32
prozWa	proṣṭha	51280	2	P.4.1.112|P.5.4.120
prozWapAda	proṣṭhapāda	51282	1	P.7.3.18
prozWapada	proṣṭhapada	51281	3	P.1.2.60|P.5.4.120|P.7.3.18
prozWika	proṣṭhika	51283	1	P.4.1.112
prozyapApIyaMs	proṣyapāpīyaṃs	51287	1	P.2.1.72
pru	pru	51099	2	P.1.3.86|P.7.4.81
psA	psā	51381	1	P.8.4.17
puMKyAna	puṃkhyāna	45651	1	P.8.3.6
puMScalI	puṃścalī	45620	1	P.8.3.6
puMdAsa	puṃdāsa	45940	1	P.8.3.6
puMgava	puṃgava	45654	2	P.3.3.71|P.8.3.6
puMkzIra	puṃkṣīra	45645	1	P.8.3.6
puMkzura	puṃkṣura	45646	1	P.8.3.6
puMskAmA	puṃskāmā	45635	1	P.8.3.6
puMska	puṃska	45633	2	P.4.1.131|P.5.4.151
puMskawI	puṃskaṭī	45634	1	P.8.3.6
puMskokila	puṃskokila	45636	1	P.8.3.6
puMsputra	puṃsputra	45639	1	P.8.3.6
puMstva	puṃstva	45638	1	P.1.2.51
puMvat	puṃvat	45615	3	P.1.2.66|P.6.3.34|P.7.1.74
puMyoga	puṃyoga	45608	1	P.4.1.48
puNKa	puṅkha	45647	1	P.2.4.31
puRika	puṇika	45698	1	P.4.1.79
puRqarIka	puṇḍarīka	45704	1	P.2.1.56
puRyAha	puṇyāha	45772	1	P.5.4.90
puRya	puṇya	45717	1	P.6.2.152
puRyakft	puṇyakṛt	45723	1	P.3.2.89
puRyarAtra	puṇyarātra	45752	1	P.5.4.87
puRyasama	puṇyasama	45764	1	P.2.1.17
puYji	puñji	45673	1	P.8.3.97
puYjizWa	puñjiṣṭha	45677	1	P.8.3.97
pucCa	puccha	45657	1	P.2.4.31
puka	puka	45643	1	P.4.2.80
pula	pula	46307	1	P.4.2.80
pulaka	pulaka	46308	1	P.5.2.36
pulakay	pulakay	46309	1	P.5.2.36
pulasa	pulasa	46315	1	P.4.2.80
pulasti	pulasti	46316	1	P.4.1.105
pulina	pulina	46324	1	P.2.4.31
pulinavatI	pulinavatī	46325	1	P.6.3.119
pulya	pulya	46340	1	P.4.2.80
pumAKyA	pumākhyā	45957	1	P.4.1.48
pumAKya	pumākhya	45956	1	P.8.3.6
pumAcAra	pumācāra	45958	1	P.8.3.6
pumaMs	pumaṃs	78727	6	P.1.2.67|P.2.4.29|P.7.1.89|P.8.2.64|P.8.2.65|P.8.3.6
pumanujA	pumanujā	45953	1	P.3.2.100
punaScarvaRa	punaścarvaṇa	45925	1	P.3.1.15
punar	punar	45851	4	P.1.1.37|P.1.1.73|P.2.1.72|P.4.2.4
punarBU	punarbhū	45905	2	P.4.1.104|P.6.4.84
punarukta	punarukta	45875	2	P.4.2.60|P.4.3.73
punarvacana	punarvacana	45916	1	P.2.4.33
punarvasu	punarvasu	45921	3	P.1.2.61|P.1.2.63|P.4.3.34
pur	pur	45961	3	P.3.2.177|P.5.4.74|P.7.1.72
purA	purā	46024	7	P.1.1.37|P.2.3.69|P.3.2.122|P.3.3.4|P.3.4.16|P.5.3.33|P.8.1.42
purARa	purāṇa	46033	2	P.2.1.49|P.4.1.45
purARaprokta	purāṇaprokta	46038	1	P.4.3.105
purARy	purāṇy	46043	1	P.3.1.27
purAga	purāga	46029	1	P.4.2.80
purAsAh	purāsāh	46056	1	P.8.3.56
purIzavAhaRa	purīṣavāhaṇa	46073	1	P.3.2.65
purIzay	purīṣay	46071	1	P.5.2.36
purIzyavAhana	purīṣyavāhana	46078	1	P.3.2.65
pura	pura	45963	6	P.2.4.31|P.4.1.151|P.4.2.122|P.5.4.74|P.6.2.99|P.6.2.101
puraHsara	puraḥsara	46021	1	P.3.2.18
puraMdara	puraṃdara	45986	3	P.3.2.41|P.6.3.69|P.6.4.94
puraScaraRa	puraścaraṇa	46005	1	P.4.3.72
puragAvaRa	puragāvaṇa	45973	2	P.6.3.117|P.8.4.4
puraga	puraga	45972	2	P.4.2.80|P.6.3.117
puras	puras	46007	4	P.1.4.67|P.2.3.30|P.5.3.39|P.8.3.40
purastAt	purastāt	46014	2	P.2.2.30|P.5.3.40
purogantar	purogantar	46252	1	P.6.1.152
purohitikA	purohitikā	46300	1	P.4.1.112
puroqAS	puroḍāś	46264	3	P.3.2.71|P.4.3.70|P.8.2.67
puroqASika	puroḍāśika	46265	1	P.4.3.70
purovAta	purovāta	46293	1	P.6.1.55
purudaMSas	purudaṃśas	46100	1	P.7.1.94
purutrA	purutrā	46097	1	P.5.4.56
puruzAMsaka	puruṣāṃsaka	46207	1	P.4.3.106
puruzAyuza	puruṣāyuṣa	46219	1	P.5.4.77
puruza	puruṣa	46157	4	P.1.4.105|P.2.4.11|P.4.1.124|P.6.3.137
puruzatrA	puruṣatrā	46171	1	P.5.4.56
puruzavAham	puruṣavāham	46198	1	P.3.4.43
pusta	pusta	46559	1	P.2.4.31
putrAdinI	putrādinī	45823	1	P.8.4.48
putrIy	putrīy	45831	4	P.3.1.8|P.3.1.10|P.7.4.33|P.7.4.35
putrIyA	putrīyā	45833	1	P.3.3.102
putrIya	putrīya	45832	1	P.5.1.40
putrIyitar	putrīyitar	45834	1	P.3.2.170
putra	putra	45782	10	P.1.2.68|P.2.2.31|P.4.1.159|P.6.1.13|P.6.2.132|P.6.2.133|P.8.1.15|P.8.3.22|P.8.3.53|P.8.4.48
putrajAta	putrajāta	45795	2	P.2.2.37|P.6.2.170
putrakAmy	putrakāmy	45787	1	P.3.1.9
putrakAmyA	putrakāmyā	45788	1	P.3.3.102
putraka	putraka	45783	2	P.5.3.76|P.5.4.29
putrapOtrIRa	putrapautrīṇa	45804	1	P.5.2.10
putrapOtra	putrapautra	45802	2	P.2.4.11|P.5.2.10
putrika	putrika	45825	1	P.5.1.128
putrya	putrya	45837	1	P.5.1.40
puwa	puṭa	45681	2	P.4.1.41|P.4.1.110
puwaka	puṭaka	45682	1	P.5.2.135
puwakinI	puṭakinī	45684	1	P.5.2.135
puz	puṣ	46344	3	P.3.1.55|P.3.4.40|P.7.2.10
puzka	puṣka	46349	1	P.5.2.97
puzkala	puṣkala	46382	2	P.4.1.41|P.5.2.97
puzkalaka	puṣkalaka	46383	1	P.2.3.36
puzkarAkza	puṣkarākṣa	46371	1	P.5.4.76
puzkarAvatI	puṣkarāvatī	46376	2	P.6.1.219|P.6.3.119
puzkara	puṣkara	46350	2	P.4.1.41|P.4.2.82
puzkarasad	puṣkarasad	46363	3	P.2.4.63|P.4.1.96|P.7.3.20
puzkarin	puṣkarin	46381	1	P.5.2.135
puzpa	puṣpa	46409	3	P.4.1.1|P.4.1.64|P.5.3.100
puzpahArin	puṣpahārin	46515	1	P.6.2.79
puzpapracAya	puṣpapracāya	46455	1	P.3.3.40
puzpapracAyikA	puṣpapracāyikā	46456	1	P.6.2.74
puzpapracaya	puṣpapracaya	46454	1	P.3.3.40
puzpita	puṣpita	46538	1	P.5.2.36
puzpy	puṣpy	46546	2	P.3.1.27|P.4.3.43
puzwi	puṣṭi	46393	1	P.6.2.65
puzya	puṣya	46547	4	P.2.3.45|P.3.1.116|P.4.2.3|P.4.2.4
pyAw	pyāṭ	47601	1	P.1.4.57
qI	ḍī	28292	5	P.7.2.10|P.7.2.14|P.8.2.45|P.8.4.54|P.8.4.59
qavitTa	ḍavittha	28261	1	P.1.2.45
qitTa	ḍittha	28281	1	P.1.2.45
qula	ḍula	28302	1	P.4.2.80
qulya	ḍulya	28306	1	P.4.2.80
rA	rā	83892	1	P.6.4.64
rAD	rādh	84433	4	P.1.4.39|P.6.4.123|P.7.2.10|P.7.2.62
rADAnurADIya	rādhānurādhīya	84446	1	P.4.2.6
rADagupta	rādhagupta	84435	1	P.6.3.63
rADi	rādhi	84456	1	P.4.1.45
rANkavAyaRa	rāṅkavāyaṇa	83972	1	P.4.2.100
rANkava	rāṅkava	83970	2	P.4.2.100|P.4.2.133
rANkavaka	rāṅkavaka	83971	2	P.4.2.100|P.4.2.134
rARAyana	rāṇāyana	84352	1	P.4.1.99
rARa	rāṇa	84355	1	P.2.4.59
rASIkaraRa	rāśīkaraṇa	84654	1	P.3.3.41
rASi	rāśi	84648	1	P.2.1.59
rATItarAyaRa	rāthītarāyaṇa	84426	1	P.4.1.100
rATItara	rāthītara	84425	1	P.4.1.104
rATaMtarAyaRa	rāthaṃtarāyaṇa	84423	1	P.4.1.100
rATaMtara	rāthaṃtara	84422	2	P.4.1.86|P.4.1.104
rATagaRaka	rāthagaṇaka	84420	1	P.5.1.129
rATakArika	rāthakārika	84418	1	P.4.2.80
rATakArya	rāthakārya	84419	1	P.4.1.151
rAcitAyana	rācitāyana	83976	1	P.4.1.100
rAcita	rācita	83975	1	P.4.1.104
rAga	rāga	83920	4	P.4.1.45|P.6.1.216|P.6.4.27|P.6.4.159
rAgadravya	rāgadravya	83929	1	P.4.2.1
rAgin	rāgin	83955	1	P.3.2.142
rAhUgaRa	rāhūgaṇa	84719	1	P.4.2.111
rAhUgaRya	rāhūgaṇya	84720	1	P.4.1.105
rAhakzati	rāhakṣati	84700	1	P.2.4.59
rAj	rāj	83978	4	P.3.2.61|P.6.4.125|P.8.2.36|P.8.3.25
rAjASva	rājāśva	84287	1	P.8.2.2
rAjAn	rājān	84271	1	P.6.4.15
rAjAy	rājāy	84279	2	P.1.4.15|P.8.2.2
rAjIva	rājīva	84307	2	P.5.2.109|P.5.2.135
rAjIvinI	rājīvinī	84308	1	P.5.2.135
rAjIy	rājīy	84306	2	P.1.4.15|P.8.2.2
rAja	rāja	83979	2	P.4.1.28|P.5.4.91
rAjaBft	rājabhṛt	84125	1	P.4.2.75
rAjaBfta	rājabhṛta	84126	1	P.4.2.75
rAjaBojana	rājabhojana	84130	1	P.6.2.150
rAjaDura	rājadhura	84061	1	P.5.4.74
rAjabrAhmaRa	rājabrāhmaṇa	84118	1	P.6.2.59
rAjadanta	rājadanta	84041	1	P.2.2.31
rAjadanti	rājadanti	84042	1	P.4.1.160
rAjadfzad	rājadṛṣad	84047	1	P.6.1.223
rAjagfha	rājagṛha	84019	1	P.4.2.127
rAjagfhaka	rājagṛhaka	84020	1	P.4.2.127
rAjahastin	rājahastin	84255	1	P.6.2.63
rAjakIya	rājakīya	83999	1	P.4.2.140
rAjaka	rājaka	83982	1	P.4.2.39
rAjakftvan	rājakṛtvan	84009	1	P.3.2.95
rAjakumAra	rājakumāra	84000	1	P.6.2.59
rAjan	rājan	84064	1	P.4.1.28
rAjanApita	rājanāpita	84068	1	P.6.2.63
rAjana	rājana	84066	1	P.4.1.137
rAjanvant	rājanvant	84080	1	P.8.2.14
rAjanya	rājanya	84075	2	P.4.1.137|P.6.2.34
rAjanyaka	rājanyaka	84076	2	P.4.2.39|P.4.2.53
rAjapOruzya	rājapauruṣya	84105	1	P.7.3.20
rAjapaTa	rājapatha	84086	1	P.5.3.100
rAjapratyenas	rājapratyenas	84107	1	P.6.2.60
rAjapuruza	rājapuruṣa	84100	1	P.6.1.223
rAjaputraka	rājaputraka	84095	1	P.4.2.39
rAjasTalI	rājasthalī	84248	1	P.4.2.127
rAjasTalaka	rājasthalaka	84247	1	P.4.2.127
rAjasUya	rājasūya	84237	2	P.2.4.4|P.3.1.114
rAjasUyika	rājasūyika	84238	1	P.5.1.95
rAjata	rājata	84027	1	P.4.3.154
rAjavant	rājavant	84180	1	P.8.2.14
rAjayuDvan	rājayudhvan	84154	1	P.3.2.95
rAjjuBArin	rājjubhārin	84321	1	P.4.3.106
rAjjukaRWin	rājjukaṇṭhin	84319	1	P.4.3.106
rAjya	rājya	84323	3	P.5.1.124|P.5.1.128|P.6.2.130
rAkA	rākā	83897	2	P.7.3.44|P.7.4.13
rAkya	rākya	83908	1	P.4.3.92
rAkzasa	rākṣasa	83909	2	P.5.3.117|P.5.4.38
rAkzosura	rākṣosura	83918	1	P.5.2.61
rAma	rāma	84469	1	P.3.1.140
rAmaRIyaka	rāmaṇīyaka	84510	1	P.5.1.132
rAmaka	rāmaka	84470	1	P.7.3.34
rAmi	rāmi	84602	1	P.4.1.96
rAmoda	rāmoda	84612	1	P.4.1.110
rAnDasa	rāndhasa	84465	1	P.4.1.144
rApya	rāpya	84466	1	P.3.1.126
rAsana	rāsana	84687	1	P.4.2.92
rAti	rāti	84362	2	P.3.3.96|P.4.1.45
rAtrI	rātrī	84408	2	P.1.1.37|P.4.1.31
rAtrIRa	rātrīṇa	84409	1	P.5.1.87
rAtra	rātra	84365	3	P.2.4.29|P.3.3.137|P.5.4.87
rAtriMcara	rātriṃcara	84377	1	P.6.3.72
rAtriMdiva	rātriṃdiva	84382	1	P.5.4.77
rAtriMmanya	rātriṃmanya	84393	1	P.6.3.72
rAtricara	rātricara	84370	1	P.6.3.72
rAtrika	rātrika	84368	1	P.5.1.87
rAtritarA	rātritarā	84378	1	P.6.3.17
rAvaRa	rāvaṇa	84637	1	P.4.1.112
rAvaRi	rāvaṇi	84642	2	P.2.4.59|P.2.4.61
rAvin	rāvin	84644	2	P.3.2.79|P.6.2.80
rAyaspoza	rāyaspoṣa	84625	1	P.4.2.80
rAyaspozaka	rāyaspoṣaka	84626	1	P.4.2.80
rAzwra	rāṣṭra	84657	1	P.2.4.31
rAzwrapata	rāṣṭrapata	84666	1	P.4.1.84
rAzwrapati	rāṣṭrapati	84667	1	P.4.1.84
rAzwriya	rāṣṭriya	84679	2	P.4.2.93|P.4.3.25
rE	rai	85295	2	P.1.4.57|P.7.2.85
rEBya	raibhya	85306	1	P.4.1.105
rEKa	raikha	85299	1	P.4.1.112
rEvataka	raivataka	85309	1	P.4.2.80
rEvatikIya	raivatikīya	85312	1	P.4.3.131
rEvatika	raivatika	85311	2	P.4.1.146|P.4.3.131
rEy	raiy	85307	1	P.6.1.79
rIti	rīti	84828	1	P.1.1.69
rODAdika	raudhādika	85568	1	P.8.2.56
rODa	raudha	85567	1	P.4.1.112
rORa	rauṇa	121812	1	P.4.2.78
rOcanika	raucanika	85548	1	P.4.2.2
rOdraka	raudraka	85554	1	P.4.3.118
rOhItaka	rauhītaka	85604	1	P.4.3.154
rOheya	rauheya	85605	1	P.4.2.80
rOhiRAyana	rauhiṇāyana	85590	1	P.4.1.110
rOhiRa	rauhiṇa	85588	2	P.4.3.37|P.6.2.36
rOhiReya	rauhiṇeya	85593	1	P.4.1.123
rOhika	rauhika	85587	1	P.5.3.108
rOkmiReya	raukmiṇeya	85544	1	P.4.1.123
rOmAyaRa	raumāyaṇa	85581	1	P.4.2.80
rOmaRya	raumaṇya	85577	1	P.4.2.80
rOmaSIya	raumaśīya	85578	1	P.4.2.80
rOmakIya	raumakīya	85576	1	P.4.2.80
rOmaka	raumaka	85575	1	P.4.2.110
rOpyAyaRi	raupyāyaṇi	85573	1	P.4.1.154
rOrava	raurava	85583	1	P.4.3.118
rOravaka	rauravaka	85584	1	P.4.3.118
rUQi	rūḍhi	85116	4	P.1.2.55|P.2.1.66|P.3.3.20|P.6.1.102
rUkzapezam	rūkṣapeṣam	85108	1	P.3.4.35
rUpa	rūpa	85117	8	P.1.1.20|P.1.1.27|P.1.1.68|P.1.2.6|P.5.3.66|P.6.3.35|P.6.3.43|P.8.1.57
rUpaka	rūpaka	85118	1	P.5.1.48
rUpavant	rūpavant	85151	1	P.5.2.95
rUpay	rūpay	85148	1	P.3.1.25
rUpin	rūpin	85170	1	P.5.2.95
rUpya	rūpya	85175	5	P.4.1.154|P.4.2.106|P.4.3.81|P.5.2.120|P.5.3.54
raB	rabh	83542	8	P.1.1.56|P.1.2.1|P.3.4.65|P.4.1.163|P.7.1.63|P.7.2.10|P.7.4.54|P.8.4.55
raD	radh	83506	2	P.7.1.61|P.7.2.45
raNga	raṅga	82946	1	P.6.4.27
raNku	raṅku	82940	2	P.4.2.100|P.4.2.133
raRa	raṇa	83099	3	P.2.4.31|P.3.3.58|P.6.1.203
raRqa	raṇḍa	83155	1	P.1.4.34
raTAraTi	rathārathi	83454	1	P.5.4.127
raTaMtara	rathaṃtara	83386	2	P.3.2.46|P.4.1.86
raTadAru	rathadāru	83379	1	P.6.2.43
raTagaRaka	rathagaṇaka	83360	3	P.2.2.9|P.5.1.129|P.6.2.151
raTakawyA	rathakaṭyā	83343	1	P.4.2.51
raTapaTa	rathapatha	83387	1	P.5.3.100
raTasyA	rathasyā	83434	1	P.6.1.157
raTavartman	rathavartman	83410	1	P.6.2.151
raTika	rathika	83465	2	P.2.4.2|P.4.4.10
raTya	rathya	83492	3	P.4.2.50|P.4.3.121|P.4.4.76
racana	racana	83000	1	P.2.3.44
racita	racita	83002	1	P.4.1.104
rady	rady	83505	1	P.3.1.27
rag	rag	82914	1	P.7.2.5
rahAy	rahāy	83888	1	P.3.1.12
rahasya	rahasya	83883	2	P.4.3.54|P.6.2.131
raj	raj	83005	4	P.3.1.90|P.6.4.26|P.6.4.32|P.7.2.10
raja	raja	83006	1	P.3.1.134
rajaka	rajaka	83009	2	P.2.4.10|P.3.1.145
rajani	rajani	83026	1	P.4.1.41
rajasvala	rajasvala	83054	1	P.5.2.112
rajasy	rajasy	83052	1	P.3.1.27
rajata	rajata	83010	1	P.2.4.31
rajju	rajju	83075	3	P.3.2.61|P.6.2.9|P.8.3.89
rajjuBAra	rajjubhāra	83079	1	P.4.3.106
rajjuSArada	rajjuśārada	83081	1	P.6.2.9
rajjukaRWa	rajjukaṇṭha	83076	1	P.4.3.106
raka	raka	82653	1	P.4.3.92
rakta	rakta	82657	1	P.4.2.1
rakz	rakṣ	82848	3	P.2.1.36|P.3.2.188|P.7.4.93
rakzRa	rakṣṇa	82911	1	P.3.3.90
rakza	rakṣa	82851	1	P.6.2.85
rakzas	rakṣas	82864	2	P.3.4.74|P.5.3.117
rakzasya	rakṣasya	82867	2	P.4.4.121|P.4.4.128
rakzi	rakṣi	82891	1	P.3.2.27
rakzita	rakṣita	82893	1	P.2.2.14
rakzohaRa	rakṣohaṇa	82908	1	P.5.2.62
rakzomuKa	rakṣomukha	82904	1	P.2.4.63
ram	ram	83556	9	P.1.3.83|P.1.3.84|P.1.3.85|P.3.1.42|P.6.4.37|P.6.4.103|P.7.2.10|P.7.2.73|P.7.4.85
ramBa	rambha	83588	1	P.4.1.69
rama	rama	83557	1	P.3.1.140
ramaRa	ramaṇa	83562	1	P.3.1.134
ramitaMgama	ramitaṃgama	83580	1	P.3.2.47
ran	ran	83511	2	P.5.2.36|P.7.4.3
ranDaka	randhaka	83524	1	P.7.1.61
ranDana	randhana	83525	2	P.2.1.36|P.7.1.61
rasavant	rasavant	83790	1	P.5.2.95
rasika	rasika	83848	1	P.5.2.95
rava	rava	83635	1	P.3.3.22
ravaRa	ravaṇa	83637	2	P.3.2.148|P.4.1.112
rayintama	rayintama	83614	1	P.8.2.17
reKAy	rekhāy	85198	1	P.3.1.27
reKa	rekha	85193	2	P.3.3.104|P.4.1.112
reRu	reṇu	85211	1	P.2.4.31
rehAy	rehāy	85294	1	P.3.1.12
rehat	rehat	85293	1	P.3.1.12
rej	rej	85208	1	P.3.2.75
revant	revant	85270	1	P.4.1.41
revatiputra	revatiputra	85269	1	P.6.3.63
revatya	revatya	85275	1	P.4.4.122
ri	ri	84724	4	P.1.1.48|P.1.2.47|P.7.3.36|P.7.3.86
riB	ribh	84778	1	P.7.2.18
riP	riph	84777	1	P.1.2.23
riS	riś	84795	2	P.7.2.10|P.8.2.36
ric	ric	84758	7	P.2.3.50|P.3.4.77|P.5.1.47|P.6.1.208|P.7.2.10|P.8.1.8|P.8.1.41
riktaguru	riktaguru	84732	1	P.6.2.42
riz	riṣ	84799	1	P.7.2.48
rizaRy	riṣaṇy	84802	1	P.7.4.36
rizwIy	riṣṭīy	84811	1	P.7.4.36
roDa	rodha	85374	1	P.4.1.112
roRI	roṇī	121806	1	P.4.2.78
rocanAkar	rocanākar	85344	1	P.1.4.74
rocana	rocana	85340	2	P.3.1.134|P.4.2.2
rocizRu	rociṣṇu	85352	1	P.3.2.136
rocya	rocya	85356	1	P.7.3.66
rodasI	rodasī	85368	1	P.1.1.11
roga	roga	85317	1	P.3.3.16
rogita	rogita	85332	1	P.5.2.36
rohAy	rohāy	85490	1	P.3.1.12
roha	roha	85482	1	P.3.1.140
rohiRItva	rohiṇītva	85506	1	P.6.3.64
rohiRIzeRa	rohiṇīṣeṇa	85515	1	P.8.3.98
rohiRa	rohiṇa	85492	2	P.4.1.110|P.4.3.37
rohiRiputra	rohiṇiputra	85497	1	P.6.3.63
rohiRitva	rohiṇitva	85495	1	P.6.3.64
rohiRizeRa	rohiṇiṣeṇa	85498	1	P.8.3.100
rohita	rohita	85520	2	P.4.1.39|P.4.1.41
rohitagiri	rohitagiri	85525	1	P.4.3.91
rohizyE	rohiṣyai	85540	1	P.3.4.10
romAYca	romāñca	85451	1	P.5.2.36
romAYcita	romāñcita	85454	1	P.5.2.36
romaSa	romaśa	85443	1	P.5.2.100
romaka	romaka	85408	1	P.4.2.110
roman	roman	85422	1	P.8.2.18
romanTAy	romanthāy	85425	1	P.3.1.15
romanTa	romantha	85424	1	P.3.1.15
romavant	romavant	85436	2	P.4.2.67|P.4.2.86
roz	roṣ	85473	1	P.3.2.75
rozaRa	roṣaṇa	85475	1	P.3.2.151
ru	ru	84835	5	P.7.2.10|P.7.2.12|P.7.3.94|P.7.3.95|P.7.4.80
ruD	rudh	85042	9	P.1.3.50|P.1.4.51|P.2.4.13|P.3.1.64|P.3.1.96|P.3.2.100|P.3.4.49|P.6.1.134|P.7.2.10
ruc	ruc	84874	6	P.1.2.21|P.1.2.26|P.1.3.89|P.1.3.91|P.1.4.33|P.6.3.116
ruci	ruci	84878	1	P.1.4.33
rucya	rucya	84908	1	P.3.1.114
rud	rud	84934	4	P.1.2.8|P.6.4.101|P.7.2.76|P.7.3.98
rudrARI	rudrāṇī	85030	1	P.4.1.49
rudra	rudra	84942	1	P.6.2.142
ruh	ruh	85093	17	P.1.3.67|P.2.1.33|P.2.2.26|P.3.1.59|P.3.1.86|P.3.1.129|P.3.4.10|P.3.4.72|P.4.3.99|P.5.1.48|P.5.2.34|P.5.4.45|P.6.2.8|P.6.3.34|P.7.2.10|P.7.3.43|P.8.4.8
ruj	ruj	84911	2	P.2.3.54|P.7.2.10
rumaRvant	rumaṇvant	85058	1	P.8.2.12
ruru	ruru	85060	2	P.2.1.56|P.4.3.164
ruz	ruṣ	85085	4	P.3.2.188|P.7.2.10|P.7.2.28|P.7.2.48
ruzwi	ruṣṭi	85091	1	P.4.2.86
ruzya	ruṣya	85092	1	P.4.2.86
sA	sā	107857	19	P.2.3.44|P.2.4.10|P.2.4.78|P.3.2.67|P.5.2.66|P.5.4.30|P.6.2.195|P.6.4.41|P.6.4.66|P.6.4.67|P.6.4.69|P.7.3.37|P.7.3.71|P.7.4.40|P.8.3.63|P.8.3.65|P.8.3.70|P.8.3.107|P.8.4.17
sABApata	sābhāpata	108400	1	P.4.1.84
sAD	sādh	108179	1	P.7.2.10
sADIyaMs	sādhīyaṃs	108216	1	P.5.3.63
sADaka	sādhaka	108182	1	P.1.4.42
sADamitrika	sādhamitrika	108197	1	P.4.2.116
sADana	sādhana	108184	7	P.1.3.11|P.2.1.33|P.3.1.24|P.3.1.134|P.5.3.55|P.8.1.44|P.8.3.74
sADanakriyA	sādhanakriyā	108186	2	P.2.3.27|P.5.2.80
sADarmya	sādharmya	108201	1	P.6.3.84
sADava	sādhava	108202	1	P.5.1.122
sADiman	sādhiman	108213	1	P.5.1.122
sADizWa	sādhiṣṭha	108215	1	P.5.3.63
sADu	sādhu	108217	4	P.1.4.90|P.2.3.43|P.4.4.98|P.6.2.160
sADuyA	sādhuyā	108239	1	P.7.1.39
sADya	sādhya	108255	2	P.4.3.68|P.5.2.92
sAKeya	sākheya	107975	1	P.4.2.80
sAKidatteya	sākhidatteya	107974	1	P.4.2.80
sAMBAzya	sāṃbhāṣya	108567	1	P.5.1.124
sAMBUyi	sāṃbhūyi	108568	1	P.4.1.96
sAMDa	sāṃdha	108340	1	P.4.1.112
sAMDivela	sāṃdhivela	108344	1	P.4.3.16
sAMDya	sāṃdhya	108345	1	P.4.3.16
sAMGAta	sāṃghāta	108063	1	P.5.1.97
sAMGAtika	sāṃghātika	108064	2	P.4.4.103|P.5.1.101
sAMGawika	sāṃghaṭika	108060	1	P.4.2.60
sAMGawwika	sāṃghaṭṭika	108061	1	P.4.2.60
sAMSayika	sāṃśayika	107894	1	P.5.1.73
sAMSitya	sāṃśitya	107896	1	P.4.1.105
sAMdrAviRa	sāṃdrāviṇa	108338	1	P.3.3.44
sAMgatika	sāṃgatika	108046	1	P.5.4.34
sAMgrAma	sāṃgrāma	108057	1	P.5.1.97
sAMgrAmika	sāṃgrāmika	108059	2	P.4.4.103|P.5.1.101
sAMgrahasUtrika	sāṃgrahasūtrika	108055	1	P.4.2.60
sAMgrahika	sāṃgrahika	108056	2	P.4.2.60|P.4.4.102
sAMhita	sāṃhita	107911	1	P.4.3.67
sAMhitika	sāṃhitika	107912	1	P.4.2.60
sAMjYAyani	sāṃjñāyani	108086	1	P.4.1.154
sAMkASya	sāṃkāśya	108026	1	P.4.2.80
sAMkASyaka	sāṃkāśyaka	108027	3	P.4.2.121|P.4.3.91|P.7.3.46
sAMkUwina	sāṃkūṭina	108030	3	P.3.3.44|P.5.4.15|P.6.4.164
sAMkaTika	sāṃkathika	108020	1	P.4.4.102
sAMkala	sāṃkala	108023	1	P.4.2.75
sAMkftya	sāṃkṛtya	108034	1	P.4.1.105
sAMkrAmika	sāṃkrāmika	108038	1	P.4.4.103
sAMkucita	sāṃkucita	108028	1	P.4.3.93
sAMmArjina	sāṃmārjina	108573	1	P.5.4.15
sAMmAtura	sāṃmātura	108572	1	P.4.1.115
sAMmanasya	sāṃmanasya	108571	1	P.5.1.123
sAMmatya	sāṃmatya	108569	1	P.5.1.123
sAMmodanika	sāṃmodanika	108577	1	P.5.1.101
sAMnAhika	sāṃnāhika	108351	1	P.5.1.101
sAMnAyya	sāṃnāyya	108350	1	P.3.1.129
sAMniveSika	sāṃniveśika	108358	1	P.4.4.43
sAMparAyaRa	sāṃparāyaṇa	108542	1	P.4.2.80
sAMparAyaRaka	sāṃparāyaṇaka	108543	1	P.4.2.80
sAMparAyika	sāṃparāyika	108544	1	P.5.1.101
sAMpezika	sāṃpeṣika	108546	1	P.5.1.101
sAMpraSnika	sāṃpraśnika	108552	1	P.5.1.64
sAMpradAnika	sāṃpradānika	108549	1	P.5.4.34
sAMpratika	sāṃpratika	108548	3	P.4.3.9|P.5.4.34|P.8.4.28
sAMprayogika	sāṃprayogika	108551	1	P.5.1.64
sAMpriyaka	sāṃpriyaka	108553	1	P.4.2.53
sAMrAviRa	sāṃrāviṇa	107868	2	P.3.3.44|P.5.4.15
sAMrakzya	sāṃrakṣya	107867	1	P.5.1.128
sAMsPIyaka	sāṃsphīyaka	107906	1	P.4.2.127
sAMsTAnika	sāṃsthānika	107905	1	P.4.4.72
sAMsargavidya	sāṃsargavidya	107898	1	P.4.2.60
sAMtApika	sāṃtāpika	108323	1	P.5.1.101
sAMvAdya	sāṃvādya	107881	1	P.5.1.124
sAMvAhika	sāṃvāhika	107885	2	P.4.2.116|P.4.4.103
sAMvAsika	sāṃvāsika	107883	1	P.5.1.101
sAMvatsara	sāṃvatsara	107869	2	P.1.3.50|P.4.3.16
sAMvatsaraka	sāṃvatsaraka	107870	1	P.4.3.50
sAMvatsarika	sāṃvatsarika	107872	4	P.4.3.11|P.4.3.50|P.5.1.87|P.7.3.15
sAMveSanika	sāṃveśanika	107889	1	P.5.1.101
sAMveSya	sāṃveśya	107890	1	P.5.1.124
sAMvezika	sāṃveṣika	107891	1	P.5.1.101
sAMyAti	sāṃyāti	107862	1	P.4.2.116
sAMyogika	sāṃyogika	107866	1	P.5.1.101
sAMyugIna	sāṃyugīna	107864	1	P.4.4.99
sAQar	sāḍhar	108092	1	P.6.3.113
sAQvA	sāḍhvā	108094	1	P.6.3.113
sAQyE	sāḍhyai	108093	1	P.6.3.113
sAbrahmacAra	sābrahmacāra	108399	2	P.5.1.130|P.6.4.144
sAci	sāci	108068	1	P.1.1.37
sAda	sāda	108155	1	P.3.1.140
sAdasata	sādasata	108164	1	P.5.2.61
sAdfSIya	sādṛśīya	108169	1	P.4.2.80
sAdfSya	sādṛśya	108170	1	P.1.1.50
sAdi	sādi	108165	1	P.6.2.40
sAdyaHkra	sādyaḥkra	108175	1	P.8.3.48
sAdyoja	sādyoja	108178	1	P.4.2.75
sAgni	sāgni	108015	1	P.2.1.6
sAhAyaka	sāhāyaka	108978	1	P.5.1.132
sAhAyya	sāhāyya	108979	1	P.5.1.132
sAha	sāha	108945	1	P.3.1.140
sAhacarya	sāhacarya	108950	4	P.1.3.19|P.2.2.11|P.3.1.56|P.6.3.26
sAhadeva	sāhadeva	108955	1	P.4.1.114
sAhadevaka	sāhadevaka	108956	1	P.4.3.99
sAhakAyana	sāhakāyana	108947	1	P.4.2.80
sAhasika	sāhasika	108965	1	P.4.4.27
sAhasikya	sāhasikya	108967	1	P.1.3.32
sAhasra	sāhasra	108969	3	P.4.2.38|P.5.1.27|P.5.2.103
sAhaya	sāhaya	108960	1	P.3.1.138
sAhitya	sāhitya	108984	1	P.1.4.85
sAkANkza	sākāṅkṣa	107931	2	P.3.2.114|P.8.1.35
sAkANkzatva	sākāṅkṣatva	107933	1	P.8.2.104
sAkalAyana	sākalāyana	107927	1	P.4.2.80
sAkalya	sākalya	107929	2	P.2.1.6|P.3.4.29
sAkam	sākam	107919	1	P.1.1.37
sAkarRakAyana	sākarṇakāyana	107925	1	P.4.2.80
sAkarRakya	sākarṇakya	107926	1	P.4.2.80
sAketaka	sāketaka	107940	1	P.4.2.127
sAktuka	sāktuka	107944	2	P.4.4.103|P.5.1.101
sAktusEnDava	sāktusaindhava	107945	1	P.7.3.19
sAkzAt	sākṣāt	107949	4	P.1.1.37|P.1.4.74|P.5.2.91|P.8.1.24
sAkzin	sākṣin	107964	2	P.2.3.39|P.5.2.91
sAkzya	sākṣya	107972	2	P.4.3.54|P.6.2.131
sAmAcArika	sāmācārika	108491	1	P.5.4.34
sAmAjika	sāmājika	108492	1	P.4.4.33
sAmAnADikaraRya	sāmānādhikaraṇya	108497	2	P.2.1.19|P.3.2.124
sAmAnagrAmika	sāmānagrāmika	108496	1	P.4.3.60
sAmAnika	sāmānika	108498	1	P.4.3.60
sAmAnya	sāmānya	108499	9	P.1.4.21|P.2.1.56|P.3.1.8|P.3.3.142|P.3.4.77|P.4.1.1|P.5.3.69|P.6.2.149|P.8.4.28
sAmAnyavacana	sāmānyavacana	108504	3	P.2.1.55|P.3.4.5|P.8.1.73
sAmAyika	sāmāyika	108508	1	P.5.4.34
sAmIpya	sāmīpya	108519	2	P.3.3.131|P.8.1.7
sAmIrya	sāmīrya	108520	1	P.4.2.80
sAmUhika	sāmūhika	108534	2	P.4.4.43|P.5.4.34
sAma	sāma	108410	1	P.5.4.75
sAmaka	sāmaka	108412	1	P.4.2.61
sAmalAyana	sāmalāyana	108460	1	P.4.2.80
sAmaleya	sāmaleya	108461	1	P.4.2.80
sAmalya	sāmalya	108462	1	P.4.2.80
sAman	sāman	108433	1	P.5.2.59
sAmana	sāmana	108435	3	P.5.2.100|P.6.4.135|P.6.4.167
sAmanya	sāmanya	108440	2	P.4.4.98|P.6.4.168
sAmarAga	sāmarāga	108451	1	P.5.2.130
sAmarTya	sāmarthya	108457	9	P.1.1.43|P.1.1.69|P.1.3.46|P.2.1.1|P.2.1.35|P.2.2.3|P.7.1.36|P.8.1.6|P.8.3.44
sAmareya	sāmareya	108455	1	P.4.2.80
sAmasTya	sāmasthya	108489	1	P.5.1.124
sAmasta	sāmasta	108485	1	P.4.2.104
sAmastika	sāmastika	108487	1	P.4.2.104
sAmavAyika	sāmavāyika	108467	1	P.4.4.43
sAmayAcArika	sāmayācārika	108446	1	P.5.4.34
sAmayika	sāmayika	108447	2	P.5.1.104|P.5.4.34
sAmayugIna	sāmayugīna	108448	1	P.4.4.99
sAmba	sāmba	108555	2	P.4.1.96|P.6.1.160
sAmbi	sāmbi	108562	1	P.4.1.96
sAmi	sāmi	108510	3	P.1.1.37|P.2.1.27|P.5.4.5
sAmiDena	sāmidhena	108514	1	P.3.1.129
sAmrAjya	sāmrājya	108584	1	P.4.1.151
sAmudraka	sāmudraka	108526	1	P.4.2.127
sAmudrasTalaka	sāmudrasthalaka	108529	1	P.4.2.127
sAmutkarzika	sāmutkarṣika	108521	1	P.5.4.34
sAntvay	sāntvay	108327	1	P.1.3.47
sApatna	sāpatna	108363	1	P.4.1.112
sApiRqi	sāpiṇḍi	108376	1	P.4.2.54
sApta	sāpta	108379	1	P.5.1.61
sAptalAyana	sāptalāyana	108391	1	P.4.1.99
sAptaleya	sāptaleya	108392	1	P.4.2.80
sAptapadIna	sāptapadīna	108385	1	P.5.2.22
sAptatika	sāptatika	108382	3	P.5.1.19|P.5.1.22|P.7.3.15
sApti	sāpti	108393	1	P.4.1.96
sAqi	sāḍi	108090	1	P.8.3.56
sArDa	sārdha	108790	3	P.1.1.37|P.1.2.32|P.2.3.19
sAra	sāra	108632	3	P.2.4.31|P.3.3.17|P.6.1.159
sAraGa	sāragha	108641	1	P.4.3.117
sAraNga	sāraṅga	108642	1	P.4.1.40
sAraNgika	sāraṅgika	108647	1	P.4.4.35
sAraTya	sārathya	108666	1	P.5.1.128
sArakAyaRa	sārakāyaṇa	108634	1	P.4.2.80
sArakeya	sārakeya	108635	1	P.4.2.80
sArakya	sārakya	108636	1	P.4.2.80
sArapattra	sārapattra	108675	1	P.5.1.133
sArasAyana	sārasāyana	108712	2	P.4.2.54|P.4.2.80
sAraseya	sāraseya	108716	1	P.4.2.80
sArasyAyana	sārasyāyana	108719	1	P.4.2.54
sArava	sārava	108699	1	P.6.4.174
sArgika	sārgika	108768	1	P.5.1.101
sArikAvaRa	sārikāvaṇa	108744	2	P.6.3.117|P.8.4.4
sArkaRqeya	sārkaṇḍeya	108764	1	P.4.1.123
sArpAkavAyaRa	sārpākavāyaṇa	108795	1	P.4.1.100
sArpAkava	sārpākava	108794	1	P.4.1.104
sArva	sārva	108800	1	P.5.1.10
sArvaBOma	sārvabhauma	108822	3	P.5.1.41|P.5.1.42|P.7.3.20
sArvaDAtuka	sārvadhātuka	108818	12	P.1.2.4|P.3.1.78|P.3.4.113|P.6.1.110|P.6.1.186|P.6.1.192|P.6.4.87|P.7.2.76|P.7.2.87|P.7.2.95|P.7.3.84|P.7.4.21
sArvacarmIRa	sārvacarmīṇa	108811	1	P.5.2.5
sArvajanIna	sārvajanīna	108813	1	P.4.4.99
sArvakeSya	sārvakeśya	108807	1	P.4.3.92
sArvalOkika	sārvalaukika	108826	1	P.5.1.44
sArvasenIya	sārvasenīya	108838	1	P.5.3.116
sArvaseni	sārvaseni	108837	1	P.5.3.116
sArvasenya	sārvasenya	108839	1	P.4.3.92
sArvavedya	sārvavedya	108832	1	P.5.1.124
sAt	sāt	108096	1	P.3.1.138
sAtatya	sātatya	108098	3	P.2.1.72|P.3.3.135|P.6.1.144
sAtaya	sātaya	108099	1	P.3.1.138
sAti	sāti	108105	4	P.3.3.97|P.3.3.174|P.6.4.42|P.6.4.45
sAtrAsAha	sātrāsāha	108150	1	P.4.2.127
sAtrAsAhaka	sātrāsāhaka	108151	1	P.4.2.127
sAttvaki	sāttvaki	108120	1	P.4.1.96
sAtvata	sātvata	108152	4	P.4.1.86|P.5.2.61|P.5.3.117|P.5.4.38
sAtya	sātya	108130	1	P.4.4.62
sAtyaMkArya	sātyaṃkārya	108137	1	P.4.1.151
sAtyakAmi	sātyakāmi	108132	1	P.2.4.59
sAtyaki	sātyaki	108134	1	P.2.4.59
sAtyamugri	sātyamugri	108140	1	P.4.1.81
sAvakASa	sāvakāśa	108872	1	P.7.2.106
sAvarRi	sāvarṇi	108894	1	P.6.2.37
sAvarRya	sāvarṇya	108896	1	P.1.1.69
sAvitrIputra	sāvitrīputra	108907	1	P.5.3.116
sAvitra	sāvitra	108901	1	P.4.3.78
sAyAhna	sāyāhna	108626	1	P.6.3.110
sAya	sāya	108589	1	P.1.1.37
sAyaMprAtika	sāyaṃprātika	108618	1	P.6.4.144
sAyakAyana	sāyakāyana	108598	1	P.4.1.99
sAyaka	sāyaka	108594	1	P.4.1.99
sAyantana	sāyantana	108608	1	P.4.3.23
sEDrakAvata	saidhrakāvata	112713	1	P.4.2.72
sEMhakAyana	saiṃhakāyana	112693	1	P.4.2.80
sEMhakarRa	saiṃhakarṇa	112692	1	P.4.3.93
sEhareya	saihareya	112757	1	P.4.2.80
sEkata	saikata	112699	3	P.4.2.75|P.5.2.104|P.5.3.107
sEkayata	saikayata	112703	2	P.4.1.80|P.4.2.54
sEkayatyA	saikayatyā	112704	1	P.4.1.80
sEnApatya	saināpatya	112717	2	P.4.1.85|P.5.1.128
sEnDavAyani	saindhavāyani	112722	1	P.4.1.154
sEnDava	saindhava	112719	6	P.1.3.35|P.2.4.31|P.4.2.133|P.4.3.33|P.4.3.93|P.6.2.72
sEnDavaka	saindhavaka	112720	1	P.4.2.134
sEnDumitrika	saindhumitrika	112726	1	P.4.2.116
sEnDuvaktraka	saindhuvaktraka	112727	1	P.4.2.126
sEnaka	sainaka	112714	1	P.4.3.118
sEnika	sainika	112718	1	P.4.4.45
sEnya	sainya	112728	1	P.4.4.45
sErakAyaRa	sairakāyaṇa	112738	1	P.4.2.80
sErika	sairika	112742	2	P.4.3.124|P.4.4.81
sErinDra	sairindhra	112744	1	P.4.3.118
sErinDraka	sairindhraka	112745	1	P.4.3.118
sErya	sairya	112750	1	P.4.2.80
sEsa	saisa	112754	1	P.4.3.154
sEtakeya	saitakeya	112708	1	P.4.2.97
sEvAlina	saivālina	112753	1	P.4.2.77
sIDu	sīdhu	109615	1	P.2.4.31
sIhara	sīhara	122608	1	P.4.2.80
sIm	sīm	109624	1	P.1.4.57
sImA	sīmā	109636	1	P.4.1.13
sIman	sīman	109627	2	P.2.3.36|P.4.1.11
sImantay	sīmantay	109630	1	P.5.2.36
sIpAla	sīpāla	109622	1	P.4.2.80
sIraka	sīraka	109653	1	P.4.2.80
sItya	sītya	109610	1	P.4.4.91
sIv	sīv	109668	5	P.8.2.28|P.8.2.77|P.8.3.59|P.8.3.70|P.8.3.116
sKadA	skhadā	113512	1	P.5.1.2
sKal	skhal	113514	1	P.4.4.63
sKalana	skhalana	113516	1	P.3.1.27
sOBAgineya	saubhāgineya	113204	2	P.4.1.126|P.7.3.19
sOBAgya	saubhāgya	113205	1	P.7.3.19
sOBUta	saubhūta	113216	1	P.4.2.75
sOBadra	saubhadra	113198	2	P.4.2.56|P.4.3.87
sOBaga	saubhaga	113196	1	P.5.1.129
sOBrAtra	saubhrātra	113220	1	P.5.1.130
sODAmitrika	saudhāmitrika	113149	1	P.4.2.116
sODAtaki	saudhātaki	113147	2	P.4.1.80|P.4.1.97
sODAtakyA	saudhātakyā	113148	1	P.4.1.80
sODAvati	saudhāvati	113153	1	P.4.1.96
sODa	saudha	113140	1	P.2.4.31
sODarma	saudharma	113144	1	P.4.1.41
sOKIya	saukhīya	113085	1	P.4.2.80
sOKa	saukha	113076	1	P.4.1.112
sOKika	saukhika	113084	1	P.4.4.12
sOSami	sauśami	113382	2	P.2.4.20|P.6.2.124
sOSarmaRa	sauśarmaṇa	113384	1	P.4.3.101
sOSarmaka	sauśarmaka	113383	1	P.4.2.80
sOSarmi	sauśarmi	113385	1	P.4.1.96
sOSruta	sauśruta	113393	2	P.6.2.37|P.6.2.69
sOcakya	saucakya	113098	1	P.5.1.128
sOcikya	saucikya	113101	1	P.5.1.128
sOdAmanI	saudāmanī	113131	1	P.4.3.112
sOdAmeya	saudāmeya	113133	2	P.4.1.123|P.6.4.144
sOdakza	saudakṣa	113124	1	P.4.2.75
sOdakzeya	saudakṣeya	113125	1	P.4.1.123
sOdanteya	saudanteya	113128	1	P.4.1.123
sOdarSana	saudarśana	113130	1	P.4.2.118
sOdatta	saudatta	113126	1	P.4.2.75
sOhArda	sauhārda	113413	2	P.5.1.130|P.7.3.19
sOhArdya	sauhārdya	113414	1	P.6.3.51
sOhfdaya	sauhṛdaya	122671	2	P.5.1.130|P.6.3.50
sOhfdayya	sauhṛdayya	113418	1	P.6.3.51
sOhitya	sauhitya	113415	1	P.5.1.128
sOhma	sauhma	113422	1	P.4.1.170
sOhmanAgara	sauhmanāgara	113423	1	P.7.3.24
sOkarIya	saukarīya	113061	1	P.4.2.80
sOkftyAyana	saukṛtyāyana	113069	1	P.4.1.99
sOkumAraka	saukumāraka	113065	1	P.5.1.133
sOlABa	saulābha	113338	1	P.4.2.111
sOlABya	saulābhya	113339	2	P.4.1.105|P.6.4.144
sOloha	sauloha	113340	1	P.4.2.111
sOlohya	saulohya	113341	2	P.4.1.105|P.6.4.144
sOmApOzRa	saumāpauṣṇa	113245	1	P.5.2.61
sOmAtra	saumātra	113243	1	P.4.1.115
sOmAyana	saumāyana	113246	1	P.4.2.80
sOmAyanaka	saumāyanaka	113247	1	P.4.2.80
sOmaNgala	saumaṅgala	113223	1	P.4.2.75
sOmamitrika	saumamitrika	113240	1	P.4.2.116
sOmanasAyana	saumanasāyana	113230	1	P.4.1.110
sOmatAyana	saumatāyana	113225	2	P.4.1.99|P.4.2.80
sOmatAyanaka	saumatāyanaka	113226	1	P.4.2.80
sOmendra	saumendra	113262	1	P.7.3.22
sOmitrIya	saumitrīya	113252	1	P.4.2.138
sOmitri	saumitri	113251	2	P.4.1.96|P.4.2.138
sOmya	saumya	113265	2	P.4.2.30|P.6.4.151
sOnAga	saunāga	113162	8	P.2.2.18|P.3.2.56|P.4.1.74|P.4.1.87|P.4.3.155|P.6.1.95|P.6.3.44|P.7.2.17
sOnAmi	saunāmi	113163	2	P.4.1.96|P.6.4.144
sOnavyAyanI	saunavyāyanī	113160	1	P.4.1.18
sOnavya	saunavya	113159	1	P.4.1.105
sOnetra	saunetra	113165	1	P.4.2.75
sOpAmAyani	saupāmāyani	113181	2	P.4.1.154|P.6.4.144
sOpUta	saupūta	113187	1	P.4.2.75
sOpa	saupa	113168	1	P.4.3.66
sOpanTya	saupanthya	113170	1	P.4.2.80
sOparReya	sauparṇeya	113174	3	P.4.1.15|P.4.1.113|P.4.1.120
sOparya	sauparya	113176	1	P.4.2.80
sOpiNgala	saupiṅgala	113183	1	P.4.2.75
sOpika	saupika	113182	1	P.4.4.26
sOpizwa	saupiṣṭa	113184	1	P.4.1.112
sOrAjya	saurājya	113306	1	P.8.2.14
sOrIya	saurīya	113318	1	P.6.4.149
sOramasa	sauramasa	113297	1	P.4.1.170
sOraseya	sauraseya	113302	1	P.4.2.80
sOrohika	saurohika	113320	1	P.4.1.112
sOrya	saurya	113322	5	P.1.1.57|P.4.2.80|P.6.4.148|P.6.4.149|P.8.2.106
sOryaBagavant	sauryabhagavant	113325	1	P.8.2.106
sOryin	sauryin	113331	1	P.1.1.57
sOsAma	sausāma	113401	1	P.6.4.170
sOsAyana	sausāyana	113402	1	P.4.2.80
sOstra	saustra	113406	1	P.5.1.130
sOsuka	sausuka	113403	1	P.4.2.141
sOta	sauta	113109	1	P.4.2.75
sOtaMgamIya	sautaṃgamīya	113111	1	P.4.2.112
sOtaMgami	sautaṃgami	113110	1	P.4.2.80
sOtikya	sautikya	113113	1	P.5.1.128
sOtra	sautra	113116	3	P.3.1.82|P.4.2.64|P.6.3.41
sOtranAqi	sautranāḍi	113117	1	P.7.3.20
sOtvana	sautvana	113123	2	P.6.4.167|P.6.4.170
sOvAdumfdava	sauvādumṛdava	113363	1	P.7.3.4
sOvAstava	sauvāstava	113365	1	P.4.2.77
sOvIrAyaRa	sauvīrāyaṇa	113378	1	P.4.2.54
sOvIra	sauvīra	113371	1	P.4.1.148
sOvIraBakta	sauvīrabhakta	113374	1	P.4.2.54
sOvIrapARa	sauvīrapāṇa	113373	1	P.8.4.9
sOvaSva	sauvaśva	113358	1	P.7.3.3
sOvakzaseya	sauvakṣaseya	113343	1	P.4.1.123
sOvarRa	sauvarṇa	113349	2	P.4.1.86|P.5.2.61
sOvarRabalaja	sauvarṇabalaja	113352	1	P.7.3.25
sOvarRakAyana	sauvarṇakāyana	113350	1	P.4.2.80
sOvarRika	sauvarṇika	113355	1	P.7.3.17
sOvara	sauvara	113345	1	P.7.3.4
sOvarcalIya	sauvarcalīya	113348	1	P.4.2.80
sOyajYaka	sauyajñaka	113274	1	P.4.2.80
sOzWava	sauṣṭhava	113399	1	P.5.1.129
sPAy	sphāy	114463	2	P.6.1.22|P.7.3.41
sPEjAyani	sphaijāyani	114531	1	P.4.2.80
sPEjika	sphaijika	114532	1	P.4.4.12
sPEyakfta	sphaiyakṛta	114533	1	P.7.3.4
sPIta	sphīta	114480	2	P.1.3.38|P.6.1.22
sPItatA	sphītatā	114481	1	P.1.3.38
sPOwAyana	sphauṭāyana	114545	1	P.4.1.110
sPUrj	sphūrj	114521	1	P.8.2.78
sPar	sphar	114447	1	P.6.1.54
sPawika	sphaṭika	114439	1	P.5.3.110
sPeman	spheman	114529	1	P.6.4.157
sPeyaMs	spheyaṃs	114530	1	P.6.4.157
sPij	sphij	114475	2	P.4.2.12|P.4.2.80
sPira	sphira	114479	1	P.6.4.157
sPowAyana	sphoṭāyana	114541	1	P.6.1.123
sPul	sphul	114512	1	P.8.3.76
sPur	sphur	114506	2	P.6.1.54|P.8.3.76
sPuwa	sphuṭa	114486	1	P.4.1.110
sPya	sphya	114546	1	P.3.3.47
sPyakfta	sphyakṛta	114547	1	P.7.3.4
sTA	sthā	113929	37	P.1.1.3|P.1.2.9|P.1.2.17|P.1.2.28|P.1.2.36|P.1.3.22|P.1.3.23|P.1.3.24|P.1.3.25|P.1.3.26|P.1.4.34|P.1.4.46|P.2.1.42|P.2.3.12|P.2.4.3|P.2.4.77|P.3.1.11|P.3.1.86|P.3.2.77|P.3.4.16|P.3.4.52|P.3.4.72|P.3.4.117|P.6.2.67|P.6.3.116|P.6.4.66|P.6.4.67|P.7.3.78|P.7.4.5|P.7.4.61|P.7.4.79|P.8.1.1|P.8.2.31|P.8.3.61|P.8.3.63|P.8.3.64|P.8.4.61
sTARqila	sthāṇḍila	113941	2	P.4.2.15|P.4.3.76
sTARu	sthāṇu	113934	1	P.2.4.31
sTARumatI	sthāṇumatī	113939	1	P.4.2.86
sTAgala	sthāgala	113932	1	P.4.4.153
sTAlIbila	sthālībila	114013	1	P.5.1.70
sTAlIpAka	sthālīpāka	114010	1	P.8.4.64
sTAla	sthāla	114003	3	P.1.4.45|P.1.4.54|P.3.1.140
sTAlin	sthālin	114007	1	P.8.2.83
sTAnIya	sthānīya	113980	1	P.5.4.10
sTAna	sthāna	113947	8	P.1.1.37|P.1.1.45|P.1.1.50|P.1.4.4|P.4.1.165|P.5.4.10|P.6.2.151|P.7.3.46
sTAnapata	sthānapata	113956	1	P.4.1.84
sTAneyoga	sthāneyoga	113981	1	P.1.1.49
sTAneyogin	sthāneyogin	113982	1	P.1.1.47
sTAnika	sthānika	113977	3	P.6.1.186|P.7.3.47|P.8.3.58
sTAnin	sthānin	113978	5	P.1.4.105|P.2.3.14|P.3.1.44|P.6.1.102|P.7.2.80
sTAnivat	sthānivat	113979	2	P.1.1.56|P.6.4.93
sTAsnu	sthāsnu	114026	1	P.3.2.139
sTAvara	sthāvara	114015	1	P.3.2.175
sTAvira	sthāvira	114022	1	P.5.1.130
sTAyin	sthāyin	113999	1	P.3.1.134
sTAyuka	sthāyuka	114001	1	P.3.2.154
sTErakAyaRa	sthairakāyaṇa	114207	1	P.4.1.99
sTORABArika	sthauṇābhārika	114213	1	P.5.1.50
sTOlaSIrza	sthaulaśīrṣa	114223	1	P.6.1.62
sTOlaka	sthaulaka	114220	1	P.4.2.80
sTOra	sthaura	114217	1	P.4.2.111
sTOrya	sthaurya	114219	1	P.4.1.105
sTURABAra	sthūṇābhāra	114105	1	P.5.1.50
sTURApadI	sthūṇāpadī	114104	1	P.5.4.139
sTURIya	sthūṇīya	114107	1	P.5.1.4
sTUla	sthūla	114114	1	P.2.4.31
sTUlaMBavizRu	sthūlaṃbhaviṣṇu	114164	1	P.3.2.57
sTUlaMkaraRa	sthūlaṃkaraṇa	114128	1	P.3.2.56
sTUlaSiras	sthūlaśiras	114182	1	P.6.1.62
sTUlabAhu	sthūlabāhu	114156	1	P.4.1.67
sTUlaka	sthūlaka	114115	2	P.4.2.80|P.5.4.3
sTUlamuKa	sthūlamukha	114162	1	P.6.2.168
sTUlanAsika	sthūlanāsika	114146	1	P.5.4.118
sTUlapUlAsa	sthūlapūlāsa	114153	1	P.2.2.31
sTUra	sthūra	114109	1	P.4.1.105
sTa	stha	113861	5	P.3.2.4|P.3.2.77|P.4.1.54|P.4.4.62|P.6.2.20
sTaRqilaSAyin	sthaṇḍilaśāyin	113873	1	P.3.2.80
sTala	sthala	113888	4	P.1.3.67|P.3.1.140|P.4.1.42|P.6.2.129
sTalapaTa	sthalapatha	113901	2	P.5.3.100|P.5.4.74
sTapuwa	sthapuṭa	113883	1	P.5.2.36
sTapuwita	sthapuṭita	113884	1	P.5.2.36
sTavIyaMs	sthavīyaṃs	113926	1	P.6.4.156
sTavira	sthavira	113924	1	P.4.1.165
sTavizWa	sthaviṣṭha	113925	1	P.6.4.156
sTeya	stheya	114203	1	P.1.3.23
sTeyaMs	stheyaṃs	114204	1	P.6.4.157
sTezWa	stheṣṭha	114206	1	P.6.4.157
sTiraka	sthiraka	114046	1	P.4.1.99
sTita	sthita	114028	2	P.7.2.10|P.7.4.40
sU	sū	112019	1	P.3.2.61
sUcIpadI	sūcīpadī	112121	1	P.5.4.139
sUca	sūca	112090	1	P.5.2.36
sUcaka	sūcaka	112091	2	P.3.2.13|P.5.1.38
sUcana	sūcana	112092	1	P.1.2.15
sUcay	sūcay	112094	2	P.3.1.22|P.5.2.36
sUci	sūci	112096	2	P.1.2.50|P.4.1.41
sUcika	sūcika	112097	1	P.5.1.128
sUda	sūda	112234	3	P.4.1.41|P.6.1.203|P.6.2.129
sUditar	sūditar	112246	1	P.3.2.153
sUkara	sūkara	112021	2	P.4.1.14|P.4.1.63
sUkarapadI	sūkarapadī	112028	1	P.5.4.139
sUna	sūna	112250	1	P.8.2.45
sUpIya	sūpīya	112292	1	P.5.1.4
sUpa	sūpa	112264	3	P.4.1.41|P.6.2.128|P.6.2.135
sUpaganDi	sūpagandhi	112268	1	P.5.4.136
sUpasadana	sūpasadana	112282	1	P.3.3.129
sUpat	sūpat	112272	1	P.1.4.57
sUpeSARa	sūpeśāṇa	112293	1	P.6.2.64
sUpya	sūpya	112294	1	P.5.1.4
sUrI	sūrī	112316	1	P.3.1.134
sUra	sūra	112300	3	P.3.1.134|P.4.2.80|P.5.4.30
sUramasa	sūramasa	112308	1	P.4.1.170
sUrmI	sūrmī	112323	1	P.4.1.41
sUrta	sūrta	112321	1	P.8.2.61
sUrya	sūrya	112325	2	P.3.1.114|P.5.4.30
sUta	sūta	112139	1	P.7.1.56
sUtaka	sūtaka	112140	1	P.7.3.45
sUtika	sūtika	112158	1	P.5.1.128
sUtra	sūtra	112180	6	P.1.1.62|P.1.2.25|P.2.4.31|P.4.2.60|P.4.2.65|P.5.1.58
sUtrakAra	sūtrakāra	112185	2	P.3.2.23|P.8.3.5
sUtranaqa	sūtranaḍa	112202	1	P.7.3.20
sUtrapadI	sūtrapadī	112205	1	P.5.4.139
sUtray	sūtray	112214	1	P.3.1.22
sUtta	sūtta	112175	2	P.7.4.47|P.8.4.65
sUtya	sūtya	112179	1	P.4.1.80
sUzas	sūṣas	112471	1	P.6.2.117
sa	sa	102723	11	P.2.1.6|P.2.2.28|P.4.1.57|P.6.1.32|P.6.3.78|P.6.3.79|P.6.3.80|P.6.3.81|P.6.3.84|P.7.2.102|P.7.2.106
saBA	sabhā	105174	2	P.2.4.23|P.6.2.98
saBeya	sabheya	105201	1	P.4.4.106
saBya	sabhya	105202	1	P.4.4.105
saDamAda	sadhamāda	104467	1	P.6.3.96
saDamitra	sadhamitra	104469	1	P.4.2.116
saDasTa	sadhastha	104482	1	P.6.3.96
saDryaYc	sadhryañc	104494	1	P.6.3.95
saKI	sakhī	103377	1	P.4.1.62
saKa	sakha	103366	1	P.5.4.91
saKi	sakhi	103367	4	P.4.1.62|P.6.1.112|P.7.1.92|P.7.3.118
saKidatta	sakhidatta	103371	1	P.4.2.80
saKya	sakhya	103383	1	P.5.1.126
saMBARqay	saṃbhāṇḍay	106236	1	P.3.1.20
saMBAvana	saṃbhāvana	106241	2	P.1.4.96|P.6.2.21
saMBAzin	saṃbhāṣin	106251	1	P.5.1.124
saMBUta	saṃbhūta	106255	1	P.6.2.146
saMBUyaMs	saṃbhūyaṃs	106260	1	P.4.1.96
saMBUyasy	saṃbhūyasy	106261	1	P.3.1.27
saMBava	saṃbhava	106230	2	P.2.1.25|P.7.4.51
saMBu	saṃbhu	106253	1	P.3.2.180
saMDi	saṃdhi	104731	3	P.1.3.41|P.4.1.112|P.6.2.154
saMDivelA	saṃdhivelā	104754	1	P.4.3.116
saMDyakzara	saṃdhyakṣara	104764	1	P.1.1.37
saMGAta	saṃghāta	103686	3	P.3.3.86|P.4.4.67|P.6.2.91
saMGa	saṃgha	103653	5	P.1.2.73|P.3.3.42|P.3.3.86|P.4.3.127|P.6.2.144
saMGatiTa	saṃghatitha	103670	1	P.5.2.52
saMGawa	saṃghaṭa	103659	1	P.4.2.60
saMGawwa	saṃghaṭṭa	103663	1	P.4.2.60
saMKyAna	saṃkhyāna	103544	1	P.5.4.17
saMKyAta	saṃkhyāta	103541	1	P.8.4.41
saMKya	saṃkhya	103537	16	P.1.1.23|P.2.1.10|P.2.1.19|P.2.1.50|P.2.1.52|P.2.2.25|P.3.2.7|P.5.1.22|P.5.1.43|P.5.2.47|P.5.4.17|P.6.2.35|P.6.2.66|P.6.2.163|P.6.3.47|P.7.3.15
saMKyeya	saṃkhyeya	103555	2	P.2.2.25|P.5.4.73
saMPala	saṃphala	106187	1	P.4.2.90
saMPulla	saṃphulla	106189	1	P.8.2.55
saMSabdana	saṃśabdana	102986	1	P.6.2.106
saMSakalA	saṃśakalā	102983	1	P.1.4.61
saMSaya	saṃśaya	102991	1	P.1.1.29
saMScAy	saṃścāy	103023	1	P.3.1.12
saMScat	saṃścat	103022	1	P.3.1.12
saMSita	saṃśita	103009	1	P.4.1.105
saMSruta	saṃśruta	103039	1	P.6.2.148
saMbanDa	saṃbandha	106193	7	P.1.1.49|P.1.3.84|P.2.3.50|P.3.4.1|P.4.1.33|P.6.3.23|P.8.1.24
saMbanDin	saṃbandhin	106205	4	P.1.1.12|P.1.1.56|P.2.1.1|P.6.2.133
saMboDana	saṃbodhana	106218	4	P.1.2.33|P.2.3.47|P.7.1.94|P.7.2.102
saMbudDi	saṃbuddhi	106214	8	P.1.1.16|P.1.2.33|P.2.3.49|P.6.1.69|P.7.1.99|P.7.3.106|P.8.2.8|P.8.3.1
saMcAyya	saṃcāyya	103815	1	P.3.1.130
saMcIvaray	saṃcīvaray	103834	1	P.3.1.20
saMcara	saṃcara	103806	1	P.3.3.119
saMceya	saṃceya	103836	1	P.3.1.130
saMdAva	saṃdāva	104671	1	P.3.3.23
saMdrAva	saṃdrāva	104713	1	P.3.3.23
saMgIti	saṃgīti	103608	2	P.3.3.95|P.6.2.139
saMgama	saṃgama	103569	1	P.2.4.31
saMgrAha	saṃgrāha	103649	2	P.3.3.36|P.6.2.144
saMgraha	saṃgraha	103621	5	P.3.3.36|P.4.4.102|P.5.4.90|P.6.3.79|P.7.2.63
saMhAra	saṃhāra	103232	2	P.3.3.122|P.6.2.144
saMharzaRa	saṃharṣaṇa	103226	1	P.3.1.134
saMhatapucCi	saṃhatapucchi	103211	1	P.5.4.128
saMhftabusam	saṃhṛtabusam	103256	1	P.2.1.17
saMhita	saṃhita	103242	8	P.1.2.36|P.1.2.39|P.1.4.109|P.6.1.72|P.6.2.146|P.6.3.114|P.8.2.108|P.8.4.28
saMhitoru	saṃhitoru	103253	1	P.4.1.70
saMhriyamARa	saṃhriyamāṇa	103266	1	P.2.1.17
saMjIvArma	saṃjīvārma	103870	1	P.6.2.91
saMjIva	saṃjīva	103867	1	P.6.2.91
saMjYA	saṃjñā	103877	4	P.1.1.34|P.1.2.53|P.1.4.1|P.2.1.21
saMjYin	saṃjñin	103890	2	P.5.2.116|P.8.3.32
saMjYu	saṃjñu	103891	1	P.5.4.129
saMjvArin	saṃjvārin	103894	1	P.3.2.142
saMkIrtana	saṃkīrtana	103468	1	P.8.4.67
saMkaTA	saṃkathā	103422	1	P.4.4.102
saMkala	saṃkala	103435	1	P.4.2.75
saMkalana	saṃkalana	103436	1	P.8.3.5
saMkalita	saṃkalita	103439	1	P.5.2.88
saMkalitin	saṃkalitin	103440	1	P.5.2.88
saMkarzaRa	saṃkarṣaṇa	103432	2	P.3.1.134|P.6.2.34
saMkasuka	saṃkasuka	103458	1	P.3.4.74
saMkawa	saṃkaṭa	103416	1	P.5.2.29
saMkawika	saṃkaṭika	103419	1	P.4.2.80
saMkawin	saṃkaṭin	103420	1	P.4.2.80
saMkfti	saṃkṛti	103479	2	P.4.1.105|P.8.3.5
saMkrAma	saṃkrāma	103513	1	P.4.4.103
saMkrandana	saṃkrandana	103507	1	P.3.1.134
saMkucita	saṃkucita	103471	1	P.4.3.93
saMmAda	saṃmāda	106313	2	P.3.3.68|P.6.2.144
saMmAnana	saṃmānana	106315	2	P.1.3.36|P.1.3.70
saMmAtar	saṃmātar	106311	1	P.4.1.115
saMmada	saṃmada	106296	2	P.3.3.68|P.6.2.44
saMmanas	saṃmanas	106298	1	P.5.1.123
saMmaniman	saṃmaniman	106299	2	P.5.1.123|P.6.4.155
saMmardin	saṃmardin	106306	1	P.3.1.134
saMmati	saṃmati	106292	5	P.3.1.128|P.5.1.123|P.7.2.10|P.8.1.8|P.8.2.103
saMmatiman	saṃmatiman	106293	1	P.5.1.123
saMmiSra	saṃmiśra	106328	2	P.2.1.31|P.6.2.154
saMmiti	saṃmiti	106325	1	P.4.4.135
saMmodana	saṃmodana	106349	1	P.5.1.101
saMmuKIna	saṃmukhīna	106337	1	P.5.2.6
saMmuKa	saṃmukha	106333	1	P.5.2.6
saMneya	saṃneya	104864	1	P.3.1.129
saMnikarza	saṃnikarṣa	104809	1	P.1.4.109
saMnipAta	saṃnipāta	104825	2	P.6.4.19|P.7.1.13
saMniveSa	saṃniveśa	104852	1	P.3.3.36
saMniyoga	saṃniyoga	104839	5	P.3.1.11|P.4.1.7|P.7.3.117|P.7.3.119|P.8.3.2
saMpAdin	saṃpādin	106069	2	P.5.1.99|P.6.2.155
saMpIti	saṃpīti	106081	2	P.3.3.95|P.6.2.139
saMpadvipada	saṃpadvipada	106035	1	P.5.4.106
saMpannaMkAram	saṃpannaṃkāram	122523	1	P.3.4.26
saMparAya	saṃparāya	106039	1	P.5.1.101
saMparIya	saṃparīya	106046	1	P.4.2.90
saMpara	saṃpara	106038	1	P.4.2.90
saMparkin	saṃparkin	106048	1	P.3.2.142
saMpatti	saṃpatti	106026	1	P.2.1.6
saMpeza	saṃpeṣa	106098	1	P.5.1.101
saMpraDAraRa	saṃpradhāraṇa	106131	1	P.3.3.161
saMpraDArya	saṃpradhārya	106132	1	P.5.3.5
saMpraSna	saṃpraśna	106156	1	P.3.3.161
saMpradAna	saṃpradāna	106126	6	P.1.4.32|P.1.4.44|P.2.3.13|P.2.3.61|P.3.4.73|P.4.2.24
saMprasAraRa	saṃprasāraṇa	106162	9	P.1.1.45|P.3.3.72|P.5.2.55|P.6.1.13|P.6.1.37|P.6.1.108|P.6.3.139|P.6.4.131|P.7.4.67
saMprati	saṃprati	106108	1	P.2.1.17
saMpratipUjA	saṃpratipūjā	106113	1	P.5.3.99
saMpratipatti	saṃpratipatti	106110	1	P.8.3.82
saMpratyaya	saṃpratyaya	106122	1	P.8.3.82
saMpriya	saṃpriya	106175	1	P.4.2.53
saMrAjitar	saṃrājitar	102788	1	P.8.3.25
saMrAva	saṃrāva	102792	2	P.3.3.22|P.6.2.144
saMrakza	saṃrakṣa	102777	1	P.5.1.128
saMrakzita	saṃrakṣita	102780	1	P.5.2.88
saMsPIya	saṃsphīya	103186	1	P.4.2.127
saMsTAna	saṃsthāna	103164	1	P.5.4.10
saMsad	saṃsad	103052	1	P.3.2.61
saMsargin	saṃsargin	103064	1	P.3.2.142
saMsaryA	saṃsaryā	103070	1	P.1.4.74
saMskAra	saṃskāra	103117	1	P.2.4.10
saMskAraka	saṃskāraka	103118	1	P.2.1.34
saMsparSa	saṃsparśa	103180	1	P.3.3.116
saMsrAva	saṃsrāva	103200	1	P.3.1.141
saMstAva	saṃstāva	103155	1	P.3.3.31
saMstava	saṃstava	103150	1	P.3.3.31
saMsvedayu	saṃsvedayu	103204	1	P.3.2.170
saMtamasa	saṃtamasa	104598	1	P.5.4.79
saMvAdin	saṃvādin	102887	1	P.5.1.124
saMvAha	saṃvāha	102896	2	P.4.2.116|P.4.4.103
saMvAhya	saṃvāhya	102901	1	P.3.1.131
saMvAra	saṃvāra	102888	1	P.1.1.9
saMvarmay	saṃvarmay	102867	1	P.3.1.25
saMvary	saṃvary	102868	1	P.3.1.27
saMvat	saṃvat	102813	1	P.1.1.37
saMvatsarIRa	saṃvatsarīṇa	102832	2	P.5.1.87|P.5.1.92
saMvatsarIya	saṃvatsarīya	102833	1	P.5.1.92
saMvatsara	saṃvatsara	102815	1	P.8.3.110
saMvatsaratama	saṃvatsaratama	102818	1	P.5.2.57
saMveSanIya	saṃveśanīya	102958	1	P.5.1.111
saMveSana	saṃveśana	102957	3	P.1.2.57|P.5.1.101|P.5.1.111
saMveSin	saṃveśin	102960	1	P.5.1.124
saMveza	saṃveṣa	102962	1	P.5.1.101
saMyAma	saṃyāma	102753	2	P.3.3.63|P.6.2.144
saMyAva	saṃyāva	102754	2	P.3.3.23|P.6.2.144
saMyama	saṃyama	102741	2	P.3.3.63|P.6.2.144
saMyoga	saṃyoga	102769	7	P.1.1.7|P.1.4.11|P.2.1.29|P.2.3.5|P.4.1.33|P.5.1.38|P.8.2.23
saMyogin	saṃyogin	102771	1	P.1.2.27
saSabda	saśabda	107402	1	P.8.3.69
saYj	sañj	103843	9	P.1.1.50|P.3.1.11|P.6.2.191|P.6.4.25|P.7.1.59|P.7.2.10|P.8.3.63|P.8.3.64|P.8.3.65
saYji	sañji	103858	1	P.8.2.9
saYjimant	sañjimant	103864	1	P.8.2.9
sabanDu	sabandhu	105144	1	P.6.3.85
sabrahmacArin	sabrahmacārin	105162	1	P.6.3.86
sacakra	sacakra	103703	2	P.2.1.6|P.6.3.81
saciva	saciva	103722	1	P.6.3.34
sad	sad	104248	18	P.1.2.40|P.2.2.25|P.3.1.24|P.3.1.42|P.3.2.61|P.3.2.108|P.3.2.117|P.5.2.34|P.5.4.20|P.7.2.10|P.7.3.78|P.8.2.61|P.8.3.63|P.8.3.64|P.8.3.66|P.8.3.118|P.8.4.118|P.8.4.119
sadA	sadā	104294	3	P.1.1.37|P.5.3.6|P.5.3.15
sadAmatta	sadāmatta	104335	1	P.2.4.63
sada	sada	104249	2	P.3.1.140|P.5.4.107
sadamBa	sadambha	104264	1	P.5.2.76
sadasant	sadasant	104287	1	P.5.2.61
sadeSa	sadeśa	104360	1	P.6.2.23
sadfS	sadṛś	104353	2	P.6.3.89|P.7.1.83
sadfSa	sadṛśa	104354	7	P.1.1.50|P.2.1.31|P.2.1.68|P.6.2.2|P.6.2.11|P.6.2.160|P.6.3.89
sadfkza	sadṛkṣa	104352	1	P.3.2.60
sadru	sadru	104436	1	P.3.2.159
sadyaHkrI	sadyaḥkrī	104392	1	P.8.3.48
sadyas	sadyas	104403	1	P.5.3.22
sadyaskAla	sadyaskāla	104406	1	P.8.3.48
sadyoja	sadyoja	104414	1	P.4.2.75
sagDi	sagdhi	103406	1	P.6.4.100
sagarBya	sagarbhya	103396	2	P.4.4.114|P.6.3.84
sagotra	sagotra	103403	1	P.6.3.85
sah	sah	107463	17	P.1.4.41|P.3.2.63|P.3.4.65|P.4.3.52|P.6.1.12|P.6.2.170|P.6.3.112|P.6.3.113|P.6.3.116|P.7.2.48|P.8.2.31|P.8.3.56|P.8.3.62|P.8.3.70|P.8.3.71|P.8.3.115|P.8.3.116
saha	saha	107466	7	P.1.4.57|P.3.1.140|P.3.3.19|P.6.2.80|P.6.3.81|P.6.3.82|P.6.3.83
sahacarita	sahacarita	107488	3	P.1.3.18|P.4.2.63|P.4.3.52
sahadAna	sahadāna	107515	1	P.6.3.26
sahaka	sahaka	107469	1	P.4.2.80
sahakftvan	sahakṛtvan	107481	4	P.3.2.96|P.4.1.7|P.6.3.78|P.6.3.82
sahana	sahana	107527	1	P.3.1.134
sahari	sahari	107572	1	P.2.1.6
sahas	sahas	107594	2	P.1.1.37|P.6.3.3
sahasra	sahasra	107620	2	P.2.4.31|P.5.1.29
sahasratama	sahasratama	107644	1	P.5.2.57
sahasrin	sahasrin	107777	1	P.5.2.102
sahasriya	sahasriya	107778	1	P.4.4.136
sahasya	sahasya	107619	1	P.4.4.128
sahayuDvan	sahayudhvan	107567	1	P.3.2.96
sahita	sahita	107806	1	P.1.1.8
sahitra	sahitra	107813	1	P.3.2.184
sahizRu	sahiṣṇu	107816	1	P.3.2.136
sahya	sahya	107849	1	P.3.1.99
sajAtIya	sajātīya	103765	1	P.6.3.84
sajanapada	sajanapada	103752	1	P.6.3.85
sajuz	sajuṣ	103770	2	P.1.4.61|P.8.2.66
sajyotis	sajyotis	103794	1	P.6.3.85
sakTa	saktha	103346	3	P.5.4.98|P.5.4.113|P.6.2.198
sakTan	sakthan	103347	2	P.5.4.113|P.7.1.75
saka	saka	103269	2	P.6.1.132|P.7.3.45
sakala	sakala	103283	1	P.6.3.79
sakarRaka	sakarṇaka	103280	1	P.4.2.80
sakarmaka	sakarmaka	103282	2	P.1.3.53|P.3.2.4
sakfdgati	sakṛdgati	103322	1	P.7.1.50
sakft	sakṛt	103315	2	P.5.4.19|P.8.2.4
saktu	saktu	103337	2	P.2.4.31|P.7.2.9
saktula	saktula	103343	1	P.5.2.97
saktusinDu	saktusindhu	103345	1	P.7.3.19
salada	salada	107229	1	P.4.1.41
sam	sam	105206	2	P.1.4.58|P.8.1.6
samA	samā	105495	1	P.5.2.12
samADeya	samādheya	105552	1	P.6.1.116
samAMsamInA	samāṃsamīnā	105500	1	P.5.2.12
samASa	samāśa	105698	1	P.6.2.71
samAhAra	samāhāra	105732	3	P.1.2.31|P.2.1.51|P.2.2.29
samAja	samāja	105525	3	P.2.4.56|P.3.3.69|P.7.3.60
samAnADikaraRa	samānādhikaraṇa	105608	2	P.3.2.124|P.8.1.73
samAnAkzara	samānākṣara	105607	1	P.3.1.8
samAna	samāna	105553	3	P.2.1.58|P.4.1.30|P.8.4.1
samAnaSAKA	samānaśākhā	105601	1	P.4.2.138
samAnagrAmIya	samānagrāmīya	105566	1	P.4.2.138
samAnagrAma	samānagrāma	105565	1	P.4.2.138
samAnajAtIya	samānajātīya	105571	1	P.5.2.45
samAnakartfka	samānakartṛka	105557	1	P.3.1.7
samAnamUrDan	samānamūrdhan	105585	1	P.6.3.84
samAnapraBfti	samānaprabhṛti	105581	1	P.6.3.84
samAnodarka	samānodarka	105617	1	P.6.3.84
samAnodarya	samānodarya	105618	2	P.4.4.108|P.6.3.88
samApa	samāpa	105623	1	P.6.3.97
samApanIya	samāpanīya	105627	1	P.5.1.112
samApti	samāpti	105636	2	P.5.3.67|P.5.4.29
samAsAnta	samāsānta	105721	2	P.5.4.68|P.6.2.197
samAsa	samāsa	105708	6	P.1.1.28|P.1.2.46|P.2.1.3|P.5.3.106|P.6.1.223|P.8.4.35
samAsatti	samāsatti	105711	1	P.3.4.50
samAvant	samāvant	105686	1	P.5.4.30
samAveSa	samāveśa	105697	4	P.4.1.130|P.5.1.120|P.8.2.84|P.8.2.86
samIna	samīna	105791	1	P.5.1.85
samIpa	samīpa	105793	3	P.1.2.10|P.5.4.74|P.6.3.97
samIpadeSa	samīpadeśa	105799	1	P.8.1.7
samIpakAla	samīpakāla	105794	1	P.8.1.7
samIra	samīra	105807	1	P.4.2.80
samIya	samīya	105806	1	P.4.2.138
samUhya	samūhya	106004	1	P.3.1.131
samUlaGAtam	samūlaghātam	106000	1	P.3.4.36
samUlakAzam	samūlakāṣam	105999	1	P.3.4.34
sama	sama	105208	6	P.1.1.27|P.1.1.37|P.2.1.31|P.2.3.19|P.2.3.72|P.6.3.34
samaBAga	samabhāga	105326	1	P.6.2.1
samaBUmi	samabhūmi	105332	1	P.2.1.17
samaBihAra	samabhihāra	105331	3	P.3.1.22|P.3.1.149|P.3.4.2
samaBivyAhAra	samabhivyāhāra	105330	1	P.2.1.57
samaSana	samaśana	105466	1	P.6.2.71
samaja	samaja	105237	3	P.2.4.56|P.3.3.69|P.6.2.144
samajyA	samajyā	105240	1	P.3.3.99
samakza	samakṣa	105223	1	P.5.4.107
samala	samala	105430	1	P.4.2.80
samamaya	samamaya	105340	1	P.4.3.82
samanta	samanta	105294	1	P.6.2.180
samapadAti	samapadāti	105322	1	P.2.1.17
samarTa	samartha	105405	6	P.1.1.43|P.1.3.42|P.2.1.1|P.2.3.57|P.4.1.82|P.8.1.65
samarUpya	samarūpya	105394	1	P.4.3.81
samara	samara	105371	1	P.2.4.31
samary	samary	105422	1	P.3.1.27
samaryAda	samaryāda	105428	1	P.6.2.23
samasTa	samastha	105487	1	P.5.1.124
samayA	samayā	105358	3	P.1.1.37|P.2.3.2|P.6.2.23
samayAcAra	samayācāra	105360	1	P.5.4.34
samayAkar	samayākar	105359	1	P.5.4.60
samaya	samaya	105345	3	P.3.3.167|P.3.3.168|P.5.4.60
samayuga	samayuga	105368	1	P.4.4.99
samfdDa	samṛddha	106008	1	P.8.3.106
samiD	samidh	105764	1	P.5.4.106
samiDy	samidhy	105766	1	P.6.4.50
samika	samika	105743	1	P.5.1.86
samrAj	samrāj	106386	1	P.8.3.25
samucCraya	samucchraya	105822	1	P.3.3.49
samuccAraRa	samuccāraṇa	105817	1	P.1.3.48
samuccaya	samuccaya	105816	3	P.1.4.96|P.2.2.29|P.3.4.3
samudAya	samudāya	105865	10	P.1.1.45|P.1.1.73|P.1.2.27|P.1.2.53|P.1.4.47|P.4.1.161|P.4.3.117|P.5.4.23|P.6.2.23|P.7.2.117
samudga	samudga	105869	1	P.8.3.38
samudra	samudra	105892	2	P.3.4.74|P.7.1.53
samudramAtra	samudramātra	105916	1	P.6.2.14
samudrasTalI	samudrasthalī	105935	1	P.4.2.127
samudriya	samudriya	105946	1	P.4.4.118
samupacCAda	samupacchāda	105969	1	P.6.4.96
samutkarza	samutkarṣa	105830	2	P.5.4.1|P.5.4.34
samyaYc	samyañc	106385	1	P.6.3.93
samyagavaboDa	samyagavabodha	106371	1	P.1.3.47
samyagboDa	samyagbodha	106380	1	P.1.3.47
san	san	104496	5	P.2.4.79|P.6.4.42|P.6.4.43|P.7.2.49|P.7.2.69
sanA	sanā	104530	1	P.1.1.37
sanABi	sanābhi	104541	1	P.6.3.85
sanAman	sanāman	104545	1	P.6.3.85
sanAt	sanāt	104533	2	P.1.1.37|P.1.4.57
sanIqa	sanīḍa	104569	1	P.6.2.23
sanIsraMsa	sanīsraṃsa	104573	1	P.2.4.74
sananda	sananda	104517	1	P.4.1.41
sanat	sanat	104507	1	P.1.1.37
sani	sani	104549	1	P.3.2.27
sant	sant	104586	6	P.1.4.63|P.2.1.61|P.2.2.11|P.3.2.127|P.3.3.14|P.4.1.127
santi	santi	104627	1	P.6.4.45
sanukam	sanukam	104575	1	P.1.4.57
sanutar	sanutar	104577	2	P.1.1.37|P.1.4.57
sanutya	sanutya	104579	2	P.4.4.114|P.6.3.84
sapadi	sapadi	104925	2	P.1.1.37|P.5.4.128
sapakza	sapakṣa	104893	1	P.6.3.84
sapary	sapary	104930	1	P.3.1.27
sapatnI	sapatnī	104919	1	P.4.1.35
sapatna	sapatna	104903	2	P.4.1.145|P.6.3.113
sapattrAkar	sapattrākar	104900	1	P.5.4.61
sapiRqa	sapiṇḍa	104941	1	P.4.1.165
sapraBfti	saprabhṛti	105130	1	P.6.3.84
saptaDA	saptadhā	105005	2	P.5.3.42|P.5.3.43
saptafzi	saptaṛṣi	104957	1	P.6.1.128
saptagaNga	saptagaṅga	104965	1	P.2.1.20
saptagodAvara	saptagodāvara	104970	1	P.2.1.20
saptala	saptala	105054	1	P.4.1.99
saptama	saptama	105033	7	P.1.1.19|P.2.1.9|P.2.1.36|P.2.1.40|P.2.1.43|P.2.3.7|P.8.4.35
saptapada	saptapada	105019	1	P.4.1.62
saptati	saptati	104983	1	P.5.1.59
saptatitama	saptatitama	104984	1	P.5.2.58
saqa	saḍa	103904	1	P.8.3.56
sar	sar	106410	5	P.3.1.56|P.6.1.82|P.7.2.13|P.7.3.78|P.7.4.16
sarAtri	sarātri	106503	1	P.6.3.85
sarUpa	sarūpa	106534	4	P.1.2.64|P.2.2.27|P.3.1.7|P.6.3.85
sara	sara	106411	1	P.3.2.18
saraRa	saraṇa	106431	1	P.3.2.150
sarajas	sarajas	106425	1	P.5.4.77
sarajasa	sarajasa	106426	1	P.5.4.77
saraka	saraka	106415	2	P.2.4.31|P.3.1.149
sarasI	sarasī	106476	2	P.1.1.19|P.7.1.39
sarasija	sarasija	106475	1	P.3.2.97
sarasvatIvant	sarasvatīvant	106489	1	P.8.2.15
sarga	sarga	106559	1	P.1.3.38
sarj	sarj	106569	8	P.1.2.11|P.1.4.38|P.4.4.22|P.5.4.2|P.6.1.58|P.7.1.44|P.7.2.65|P.7.2.75
saroja	saroja	106544	2	P.4.2.51|P.5.2.135
sarojin	sarojin	106546	1	P.5.2.135
saroruha	saroruha	106551	1	P.5.2.135
saroruhiRI	saroruhiṇī	106554	1	P.5.2.135
sarp	sarp	106590	8	P.1.1.40|P.1.3.15|P.1.4.50|P.3.4.17|P.6.1.59|P.7.2.10|P.7.4.65|P.8.3.110
sarpa	sarpa	106591	1	P.3.1.134
sarpis	sarpis	106670	2	P.2.2.31|P.2.4.14
sarpizka	sarpiṣka	106661	1	P.5.4.151
sarpizkuRqikA	sarpiṣkuṇḍikā	106662	1	P.8.3.48
sarpizwA	sarpiṣṭā	106666	1	P.8.3.101
sarpizwama	sarpiṣṭama	106663	2	P.8.3.101|P.8.4.42
sarpizwara	sarpiṣṭara	106664	1	P.8.3.101
sarpizwas	sarpiṣṭas	106665	1	P.8.3.101
sarpizwva	sarpiṣṭva	106667	1	P.8.3.101
sarvANgIRa	sarvāṅgīṇa	107112	1	P.5.2.7
sarvAhRa	sarvāhṇa	107194	2	P.5.4.88|P.8.4.7
sarvAnnIna	sarvānnīna	107152	1	P.5.2.9
sarva	sarva	106681	5	P.1.1.27|P.1.1.38|P.6.1.191|P.6.2.93|P.6.2.105
sarvaBAsa	sarvabhāsa	106912	1	P.6.2.105
sarvaBUmi	sarvabhūmi	106924	2	P.5.1.41|P.7.3.20
sarvaBogIRa	sarvabhogīṇa	106926	1	P.5.1.9
sarvaDurIRa	sarvadhurīṇa	106851	1	P.4.4.78
sarvaMkaza	sarvaṃkaṣa	106738	1	P.3.2.42
sarvaMsaha	sarvaṃsaha	106682	1	P.3.2.41
sarvaSveta	sarvaśveta	107037	1	P.6.2.93
sarvaTA	sarvathā	106810	1	P.5.3.23
sarvacarmIRa	sarvacarmīṇa	106742	1	P.5.2.5
sarvadA	sarvadā	106818	2	P.5.3.6|P.5.3.15
sarvaga	sarvaga	106715	1	P.3.2.48
sarvajana	sarvajana	106745	1	P.4.4.99
sarvakAraka	sarvakāraka	106700	1	P.6.2.105
sarvakarmIRa	sarvakarmīṇa	106689	1	P.5.2.7
sarvakeSa	sarvakeśa	106708	1	P.4.3.92
sarvakeSin	sarvakeśin	106710	1	P.2.1.69
sarvakfzRa	sarvakṛṣṇa	106707	1	P.6.2.93
sarvamAgaDaka	sarvamāgadhaka	106934	1	P.1.1.72
sarvamahant	sarvamahant	106933	1	P.6.2.93
sarvanAman	sarvanāman	106852	7	P.1.1.27|P.2.3.27|P.5.3.71|P.6.3.91|P.7.1.14|P.7.1.52|P.7.3.114
sarvanAmasTAna	sarvanāmasthāna	106854	7	P.1.1.42|P.1.4.17|P.6.1.199|P.6.4.8|P.7.1.70|P.7.1.86|P.7.3.110
sarvapAYcAlaka	sarvapāñcālaka	106875	2	P.6.2.105|P.7.3.12
sarvapAtrIRa	sarvapātrīṇa	106876	1	P.5.2.7
sarvapaTIna	sarvapathīna	106866	1	P.5.2.7
sarvapattrIRa	sarvapattrīṇa	106865	1	P.5.2.7
sarvapuruza	sarvapuruṣa	106882	1	P.7.3.20
sarvarAtra	sarvarātra	106960	1	P.5.4.87
sarvasOvarRa	sarvasauvarṇa	107078	1	P.6.2.93
sarvasena	sarvasena	122548	2	P.4.3.92|P.8.3.99
sarvastoma	sarvastoma	107079	1	P.6.1.191
sarvatAti	sarvatāti	106784	1	P.4.4.142
sarvatara	sarvatara	106779	1	P.6.1.191
sarvatas	sarvatas	106783	1	P.2.3.2
sarvatra	sarvatra	106803	4	P.1.1.34|P.4.3.22|P.5.3.10|P.6.1.122
sasTAna	sasthāna	107433	2	P.5.4.10|P.6.3.85
sasya	sasya	107438	2	P.3.2.68|P.5.2.68
sasyaka	sasyaka	107439	1	P.5.2.68
satIrTya	satīrthya	103943	2	P.4.4.107|P.6.3.87
satfRam	satṛṇam	103952	1	P.2.1.6
sati	sati	103927	1	P.6.4.45
satpuruza	satpuruṣa	104048	1	P.2.1.61
satram	satram	104219	1	P.1.1.37
sattva	sattva	104019	1	P.1.4.57
satvant	satvant	104240	3	P.4.1.86|P.4.3.117|P.5.2.61
satyAkar	satyākar	104191	1	P.5.4.66
satyApay	satyāpay	104201	1	P.3.1.25
satya	satya	104058	3	P.1.1.37|P.1.4.57|P.8.1.32
satyaMkAra	satyaṃkāra	104073	2	P.4.1.151|P.6.3.70
sava	sava	107294	3	P.3.3.60|P.3.3.63|P.3.3.67
savacana	savacana	107297	1	P.6.3.85
savana	savana	107300	1	P.8.3.110
savanamuKa	savanamukha	107307	1	P.8.3.110
savarRa	savarṇa	107317	7	P.1.1.9|P.1.1.10|P.1.1.50|P.1.1.69|P.6.1.101|P.6.1.102|P.6.3.85
savayas	savayas	107313	1	P.6.3.85
saveSa	saveśa	107374	1	P.6.2.23
saviDa	savidha	107356	1	P.6.2.23
savitfdatta	savitṛdatta	107345	1	P.5.3.83
savitfla	savitṛla	107349	1	P.5.3.83
savitra	savitra	107351	1	P.3.2.184
savyazWA	savyaṣṭhā	107383	1	P.8.3.97
savyezWa	savyeṣṭha	107395	1	P.8.3.97
savyezWar	savyeṣṭhar	107396	1	P.8.3.97
sayUTya	sayūthya	106404	2	P.4.4.114|P.6.3.84
sazki	saṣki	107419	1	P.5.2.97
seDana	sedhana	112594	1	P.3.1.116
secana	secana	112563	1	P.4.1.41
sektra	sektra	112559	1	P.3.2.182
senA	senā	112604	2	P.2.4.25|P.4.1.152
senAcara	senācara	112610	1	P.3.2.17
senAnI	senānī	112618	1	P.3.2.61
senaka	senaka	112597	1	P.5.4.112
senay	senay	112601	2	P.8.3.64|P.8.3.65
seru	seru	112647	1	P.3.2.159
setakI	setakī	112568	1	P.4.2.97
setra	setra	112590	1	P.3.2.182
sev	sev	112655	5	P.1.2.18|P.2.1.59|P.3.4.56|P.8.3.63|P.8.3.70
sevAlin	sevālin	112671	1	P.4.2.77
sevAsI	sevāsī	112673	1	P.1.4.61
seva	seva	112656	1	P.3.1.134
sevana	sevana	112662	1	P.1.3.32
sfgAlagarta	sṛgālagarta	112490	1	P.4.2.137
sfkaRqu	sṛkaṇḍu	112474	1	P.4.1.123
sfmara	sṛmara	112537	1	P.3.2.160
sfpAku	sṛpāku	112528	1	P.4.1.104
sfpAwa	sṛpāṭa	112529	1	P.4.1.41
sftvara	sṛtvara	112522	1	P.3.2.163
si	si	109005	1	P.1.4.57
siD	sidh	109441	35	P.1.1.9|P.1.1.59|P.1.1.62|P.1.2.53|P.1.3.61|P.2.1.41|P.2.2.11|P.2.4.1|P.2.4.2|P.2.4.12|P.2.4.13|P.2.4.85|P.3.1.122|P.3.1.134|P.4.1.161|P.4.2.1|P.4.2.39|P.4.4.71|P.5.1.2|P.5.2.26|P.6.1.49|P.6.1.86|P.6.2.32|P.6.3.19|P.6.3.26|P.6.3.42|P.6.4.22|P.7.2.10|P.8.1.44|P.8.2.1|P.8.3.61|P.8.3.64|P.8.3.65|P.8.3.113|P.8.4.67
siDmala	sidhmala	109446	1	P.5.2.97
siDmavant	sidhmavant	109447	1	P.5.2.97
siDraka	sidhraka	109450	2	P.6.3.117|P.8.4.4
siDya	sidhya	109448	1	P.3.1.116
siMhAjina	siṃhājina	109094	2	P.4.3.60|P.5.3.82
siMha	siṃha	109006	4	P.2.1.56|P.5.3.81|P.6.2.72|P.6.3.109
siMhaka	siṃhaka	109007	2	P.4.2.80|P.5.3.81
siMhakarRa	siṃhakarṇa	109008	1	P.4.3.93
siMhiya	siṃhiya	109108	1	P.5.3.81
siYjASvatTa	siñjāśvattha	109144	1	P.2.2.31
sic	sic	109138	12	P.1.4.90|P.2.2.31|P.3.1.53|P.4.4.26|P.7.1.59|P.7.2.10|P.8.1.5|P.8.3.61|P.8.3.63|P.8.3.64|P.8.3.65|P.8.3.112
sidDagati	siddhagati	109269	1	P.5.3.100
sidDatva	siddhatva	109275	1	P.4.1.130
siji	siji	109142	1	P.8.2.9
sikatA	sikatā	109115	2	P.1.2.53|P.5.2.105
sikatAvant	sikatāvant	109120	1	P.5.2.105
sikatila	sikatila	109124	1	P.5.2.105
sim	sim	109535	1	P.1.4.57
sima	sima	109536	1	P.1.1.27
sinDuka	sindhuka	109467	1	P.4.3.32
sinDumitra	sindhumitra	109498	1	P.4.2.116
sinDupaTa	sindhupatha	109487	1	P.5.3.100
sirAbIja	sirābīja	109549	1	P.2.2.31
sirinDra	sirindhra	109560	1	P.4.3.118
sitaka	sitaka	109152	1	P.4.2.80
skAmBAyana	skāmbhāyana	113503	1	P.4.1.98
skAmBAyanya	skāmbhāyanya	113504	1	P.4.1.98
skAnDin	skāndhin	113502	1	P.4.3.106
skAndAyana	skāndāyana	113500	1	P.4.1.98
skAndaviSAKa	skāndaviśākha	113499	1	P.7.3.21
skaB	skabh	113490	3	P.3.1.82|P.7.2.34|P.8.3.77
skamBa	skambha	113492	1	P.4.1.98
skanDa	skandha	113456	2	P.4.2.51|P.4.3.106
skanDya	skandhya	113488	1	P.5.3.103
skand	skand	113425	6	P.3.4.56|P.6.4.31|P.7.2.10|P.7.4.84|P.8.3.73|P.8.3.74
skanda	skanda	113426	3	P.2.2.14|P.4.1.98|P.5.3.99
skandya	skandya	113454	1	P.5.3.103
sku	sku	113505	1	P.3.1.82
skuB	skubh	113507	1	P.3.1.82
smArya	smārya	114611	1	P.3.2.139
sma	sma	114549	3	P.3.2.118|P.3.2.122|P.3.3.165
smar	smar	114561	13	P.1.1.27|P.1.3.57|P.1.3.67|P.2.3.52|P.3.2.112|P.5.2.68|P.7.1.102|P.7.2.43|P.7.2.63|P.7.4.10|P.7.4.29|P.7.4.30|P.7.4.95
smaraRa	smaraṇa	114570	2	P.1.1.14|P.1.3.46
smaya	smaya	114559	1	P.6.1.57
smera	smera	114653	1	P.3.2.167
smfto	smṛto	114649	1	P.7.1.90
smi	smi	114612	3	P.1.3.68|P.6.1.57|P.7.2.74
snA	snā	114231	6	P.2.1.49|P.7.1.49|P.7.4.61|P.8.3.89|P.8.3.90|P.8.4.61
snAkzA	snākṣā	114234	1	P.6.2.88
snAnIya	snānīya	114263	1	P.3.3.113
snApaka	snāpaka	114266	2	P.2.2.9|P.6.2.151
snAtaka	snātaka	114235	3	P.2.2.31|P.5.4.29|P.6.2.1
snAtvAkAlaka	snātvākālaka	114245	2	P.2.1.72|P.6.2.2
sneha	sneha	114309	1	P.2.4.31
snehala	snehala	114326	1	P.5.2.97
snehavant	snehavant	114328	1	P.5.2.95
snih	snih	114292	2	P.7.2.45|P.8.2.33
snu	snu	114295	3	P.3.1.89|P.7.2.10|P.7.2.36
snuh	snuh	114305	2	P.7.2.45|P.8.2.33
soQAy	soḍhāy	112769	1	P.3.1.18
soQar	soḍhar	112767	2	P.6.3.112|P.8.2.31
soQavya	soḍhavya	112768	2	P.6.3.112|P.8.2.31
soQin	soḍhin	112770	1	P.5.2.131
sodarya	sodarya	112790	2	P.4.4.109|P.6.3.88
soma	soma	112826	2	P.4.1.41|P.6.2.142
somajamBan	somajambhan	112851	1	P.5.4.125
somamaya	somamaya	112913	2	P.4.3.144|P.4.4.138
somamitra	somamitra	112914	1	P.4.2.116
somasut	somasut	112982	1	P.3.2.90
somavant	somavant	112945	1	P.6.3.131
somin	somin	113028	1	P.5.2.137
somya	somya	113037	1	P.6.4.137
sozman	soṣman	113048	1	P.1.1.50
spAndana	spāndana	114401	1	P.4.3.141
spArSana	spārśana	114402	1	P.4.2.92
spaS	spaś	114392	3	P.1.2.32|P.4.2.123|P.7.2.27
spand	spand	114339	1	P.7.4.61
spandana	spandana	114341	2	P.4.3.141|P.5.1.38
sparD	spardh	114351	2	P.6.1.36|P.8.3.14
sparDA	spardhā	114354	1	P.1.3.31
sparS	sparś	114357	4	P.1.1.9|P.7.2.10|P.8.3.102|P.8.3.110
sparSa	sparśa	114358	1	P.3.3.16
sparSavant	sparśavant	114373	1	P.5.2.95
sparSika	sparśika	114384	1	P.5.2.95
sparh	sparh	114391	2	P.1.4.36|P.8.3.110
spfS	spṛś	114414	1	P.3.2.58
spfhayAlu	spṛhayālu	114429	2	P.3.2.158|P.6.4.55
spfhayAyya	spṛhayāyya	114428	1	P.6.4.55
spfzwAspfzwi	spṛṣṭāspṛṣṭi	114419	1	P.5.4.127
srAgviRa	srāgviṇa	114749	2	P.6.4.164|P.6.4.166
srIv	srīv	114763	1	P.6.4.20
srOGna	sraughna	114809	3	P.4.3.25|P.4.3.86|P.6.3.39
srU	srū	114786	1	P.6.4.20
sraMs	sraṃs	114704	6	P.1.2.5|P.1.2.23|P.1.3.91|P.3.1.55|P.6.4.24|P.7.4.84
sragvant	sragvant	114715	1	P.5.2.121
sragvin	sragvin	114716	1	P.5.2.121
sraj	sraj	114718	2	P.3.2.59|P.8.2.36
srajizWa	srajiṣṭha	114724	2	P.5.3.65|P.6.4.163
sras	sras	114742	1	P.8.2.72
srava	srava	114729	1	P.3.3.27
srazwar	sraṣṭar	114738	1	P.2.2.16
srazwavya	sraṣṭavya	114739	2	P.6.1.58|P.8.2.36
srotasya	srotasya	114797	1	P.4.4.113
srotyA	srotyā	114807	1	P.4.4.113
sru	sru	114765	4	P.1.3.86|P.3.1.48|P.7.2.13|P.7.4.81
sruGna	srughna	114771	3	P.2.1.14|P.4.3.25|P.4.3.86
sruc	sruc	114773	1	P.3.4.74
srucy	srucy	114775	1	P.1.4.15
srucya	srucya	114776	1	P.5.1.2
sruva	sruva	114781	1	P.3.4.74
sruvakarRa	sruvakarṇa	114782	1	P.6.3.115
stAmBAyana	stāmbhāyana	113645	1	P.4.1.99
stAmBin	stāmbhin	113646	1	P.4.3.106
stAvya	stāvya	113650	1	P.3.1.123
stEnya	stainya	113715	1	P.5.1.125
staB	stabh	113579	10	P.3.1.58|P.3.1.82|P.5.2.13|P.7.2.34|P.8.3.63|P.8.3.67|P.8.3.68|P.8.3.114|P.8.3.116|P.8.4.61
stabakita	stabakita	113566	1	P.5.2.36
stamBa	stambha	113603	2	P.4.1.99|P.4.3.106
stambaGAta	stambaghāta	113589	1	P.3.3.83
stambaGana	stambaghana	113588	2	P.3.3.83|P.6.2.144
stambaGna	stambaghna	113590	2	P.3.3.83|P.6.2.144
stambakari	stambakari	113585	1	P.3.2.24
stambakita	stambakita	113587	1	P.5.2.36
stamberama	stamberama	113601	2	P.3.2.13|P.6.3.14
stan	stan	113519	1	P.8.3.86
stana	stana	113520	3	P.2.4.31|P.4.1.54|P.6.2.163
stanaMDaya	stanaṃdhaya	113530	1	P.3.2.29
stanayitnu	stanayitnu	113544	1	P.6.4.55
star	star	113615	3	P.6.2.51|P.7.2.38|P.7.4.95
starya	starya	113624	1	P.3.1.123
stava	stava	113626	3	P.3.3.27|P.3.3.57|P.6.1.160
stena	stena	113704	2	P.2.4.31|P.3.1.134
steya	steya	113709	1	P.5.1.125
stoka	stoka	113717	5	P.2.1.39|P.2.1.65|P.2.3.33|P.6.2.49|P.6.3.2
stokaSas	stokaśas	113719	1	P.5.4.42
stoma	stoma	113736	2	P.5.1.58|P.8.3.105
stotra	stotra	113723	1	P.3.2.182
strERa	straiṇa	113855	2	P.4.1.15|P.4.1.87
strI	strī	113762	7	P.1.2.48|P.1.2.66|P.4.1.3|P.4.1.120|P.4.1.176|P.6.3.34|P.6.4.79
strIMmanya	strīṃmanya	113824	1	P.6.3.68
strIgavI	strīgavī	113774	1	P.3.3.71
strIkumAra	strīkumāra	113767	2	P.2.4.11|P.6.2.37
strIpratyaya	strīpratyaya	113811	1	P.1.2.48
strIpuMsa	strīpuṃsa	113804	1	P.5.4.77
strIsaBa	strīsabha	113846	1	P.6.2.98
striyaMmanya	striyaṃmanya	113761	1	P.6.3.68
stryanuja	stryanuja	113859	1	P.3.2.100
stu	stu	113665	14	P.1.2.9|P.3.1.25|P.6.4.16|P.7.2.13|P.7.2.72|P.7.3.95|P.7.4.25|P.8.3.61|P.8.3.63|P.8.3.65|P.8.3.70|P.8.3.78|P.8.3.105|P.8.3.119
stuB	stubh	113688	3	P.3.1.82|P.8.3.63|P.8.3.65
stutya	stutya	113684	1	P.3.1.109
styA	styā	113754	2	P.6.1.23|P.8.2.54
su	su	109684	30	P.1.4.57|P.1.4.60|P.1.4.94|P.2.1.6|P.2.1.65|P.2.2.18|P.2.3.39|P.3.2.106|P.3.2.132|P.5.2.12|P.5.4.69|P.6.1.186|P.6.2.117|P.6.2.145|P.6.2.172|P.6.2.195|P.6.3.134|P.7.1.68|P.7.2.44|P.7.2.72|P.7.3.88|P.7.3.96|P.7.4.74|P.8.1.67|P.8.2.45|P.8.3.63|P.8.3.65|P.8.3.107|P.8.3.117|P.8.4.27
suBUta	subhūta	110864	1	P.4.2.75
suBadra	subhadra	110831	1	P.4.2.56
suBaga	subhaga	110816	3	P.6.2.118|P.6.3.34|P.7.3.19
suBagaMBAvuka	subhagaṃbhāvuka	110822	1	P.3.2.57
suBagaMBavizRu	subhagaṃbhaviṣṇu	110821	2	P.3.2.57|P.6.2.160
suBagaMkaraRa	subhagaṃkaraṇa	110817	1	P.3.2.56
suBrAtar	subhrātar	110885	1	P.5.1.130
suBukta	subhukta	110861	1	P.6.2.145
suDA	sudhā	110369	1	P.1.4.51
suDAkara	sudhākara	110373	1	P.1.2.6
suDAmitra	sudhāmitra	110393	1	P.4.2.116
suDAtar	sudhātar	110379	1	P.4.1.97
suDAvant	sudhāvant	110403	1	P.4.1.96
suDAyuka	sudhāyuka	110397	1	P.2.4.69
suDI	sudhī	110421	2	P.1.1.58|P.6.4.85
suDIvan	sudhīvan	110423	1	P.3.2.74
suDarman	sudharman	110364	1	P.6.2.117
suDita	sudhita	110417	1	P.7.4.45
suKAkar	sukhākar	109920	1	P.5.4.63
suKAy	sukhāy	109932	2	P.3.1.18|P.7.4.25
suKa	sukha	109803	9	P.2.1.36|P.2.3.73|P.4.1.112|P.5.4.63|P.6.2.15|P.6.2.170|P.8.1.13|P.8.1.67|P.8.1.68
suKajAta	sukhajāta	109819	1	P.6.2.171
suKasuKa	sukhasukha	109911	1	P.8.1.13
suKay	sukhay	109868	1	P.5.2.36
suKin	sukhin	109956	1	P.5.2.131
suKy	sukhy	109978	1	P.3.1.27
suSakta	suśakta	111685	1	P.5.4.121
suSakti	suśakti	111687	1	P.5.4.121
suSama	suśama	111689	1	P.2.4.20
suSarman	suśarman	111697	3	P.3.2.75|P.4.1.96|P.4.3.101
suScandra	suścandra	111743	1	P.6.1.151
suSrut	suśrut	111754	2	P.1.1.3|P.7.2.117
suSva	suśva	111765	1	P.5.4.120
subAhu	subāhu	110796	1	P.6.2.119
subrahmaRya	subrahmaṇya	110809	1	P.1.2.37
sucarman	sucarman	110071	1	P.4.1.12
sucatura	sucatura	110066	1	P.5.4.77
sudAman	sudāman	110262	3	P.3.2.74|P.4.1.123|P.4.3.112
sudAvan	sudāvan	110271	1	P.3.2.74
sudakza	sudakṣa	110232	1	P.4.1.123
sudant	sudant	110240	1	P.5.4.141
sudanta	sudanta	110241	1	P.4.1.123
sudatta	sudatta	110237	2	P.4.2.75|P.7.4.47
sudfSIka	sudṛśīka	110330	1	P.6.2.118
sudinAha	sudināha	110280	1	P.5.4.90
sudiva	sudiva	110282	1	P.5.4.120
sudohana	sudohana	110349	1	P.3.3.130
sugaR	sugaṇ	109981	2	P.3.2.75|P.8.3.32
suganDi	sugandhi	110002	1	P.5.4.135
sugla	sugla	110056	1	P.3.1.136
sugo	sugo	110045	1	P.5.4.69
sugu	sugu	110034	1	P.6.1.182
suhala	suhala	111984	1	P.5.4.121
suhavya	suhavya	111989	1	P.6.2.118
suhfd	suhṛd	112006	1	P.5.4.150
suhiraRya	suhiraṇya	111998	1	P.6.2.119
suhita	suhita	111997	1	P.2.2.11
suhma	suhma	112012	1	P.4.2.81
suhmanagara	suhmanagara	112014	1	P.6.2.89
suhotar	suhotar	112010	1	P.5.4.158
sujamBan	sujambhan	110109	1	P.5.4.125
sukara	sukara	109701	2	P.3.3.126|P.5.1.93
sukarman	sukarman	109707	1	P.6.2.117
sukft	sukṛt	109752	1	P.3.2.89
sukftya	sukṛtya	109766	1	P.4.1.99
sukratu	sukratu	109784	1	P.6.2.118
sukumArIka	sukumārīka	109744	1	P.6.2.173
sulABa	sulābha	111418	1	P.7.1.68
sulABin	sulābhin	111420	1	P.4.1.105
sula	sula	111402	1	P.5.2.136
sulaBa	sulabha	111410	1	P.7.1.68
sulavant	sulavant	111417	1	P.5.2.136
sulin	sulin	111422	1	P.5.2.136
sulohin	sulohin	111433	1	P.4.1.105
suloman	suloman	111429	1	P.6.2.177
sumAza	sumāṣa	110990	2	P.6.2.172|P.6.2.174
sumaNgala	sumaṅgala	110894	3	P.4.1.30|P.4.1.41|P.4.2.75
sumadra	sumadra	110919	1	P.2.1.6
sumanAy	sumanāy	110933	1	P.3.1.12
sumanas	sumanas	110930	1	P.2.4.78
sumata	sumata	110900	1	P.4.1.99
sumeDas	sumedhas	111019	1	P.5.4.122
sumna	sumna	111024	1	P.2.1.2
sumnay	sumnay	111026	1	P.7.4.38
sumnayu	sumnayu	111029	2	P.3.2.170|P.7.4.35
sumuKa	sumukha	111000	1	P.4.1.54
sunAman	sunāman	110459	2	P.4.1.96|P.4.1.123
sunITa	sunītha	110502	1	P.6.2.144
sundara	sundara	110512	1	P.4.1.41
sunetra	sunetra	110508	1	P.4.2.75
supAYcAlaka	supāñcālaka	110602	1	P.7.3.12
supAman	supāman	110607	1	P.4.1.154
supAna	supāna	110605	1	P.3.3.128
supIvan	supīvan	110627	1	P.3.2.74
supUta	supūta	110648	1	P.4.2.75
supaT	supath	110548	1	P.4.2.80
supaTintara	supathintara	110550	1	P.8.2.17
supad	supad	110552	2	P.5.4.139|P.5.4.140
supari	supari	110559	2	P.4.2.80|P.5.3.84
suparidatta	suparidatta	110561	1	P.5.3.84
suparika	suparika	110560	1	P.5.3.84
supariya	supariya	110565	1	P.5.3.84
suparvan	suparvan	110593	1	P.4.1.12
supayas	supayas	110556	1	P.6.2.117
supiNgala	supiṅgala	110618	1	P.4.2.75
supis	supis	110623	1	P.8.3.59
supizwa	supiṣṭa	110622	2	P.2.4.69|P.4.1.112
suprAta	suprāta	110761	1	P.5.4.120
suprajas	suprajas	110687	1	P.5.4.122
supralamBa	supralambha	110740	1	P.7.1.67
supratIka	supratīka	110714	1	P.6.2.118
supratUrti	supratūrti	110718	1	P.6.2.118
supratyavasita	supratyavasita	110720	1	P.6.2.195
suptapralapita	suptapralapita	110668	1	P.6.2.149
sur	sur	111065	1	P.7.2.2
surA	surā	111262	1	P.2.4.25
surAjan	surājan	111272	2	P.4.1.29|P.5.4.69
surApARa	surāpāṇa	111294	1	P.8.4.9
surApIta	surāpīta	111296	1	P.4.1.53
surAzwra	surāṣṭra	111325	2	P.5.4.104|P.6.2.37
suraBiganDi	surabhigandhi	111174	1	P.5.4.135
suraTa	suratha	111124	1	P.6.2.119
surajAy	surajāy	111105	1	P.3.1.12
surajas	surajas	111103	1	P.3.1.12
suraka	suraka	111068	1	P.5.4.3
surohikA	surohikā	111398	1	P.4.1.112
susTala	susthala	111944	1	P.4.1.178
susakTa	susaktha	111850	1	P.5.4.121
susikta	susikta	111913	1	P.1.4.94
sustanA	sustanā	111938	1	P.4.1.54
sutaMgama	sutaṃgama	110141	2	P.3.2.47|P.4.2.80
sutvan	sutvan	110228	2	P.3.2.103|P.4.1.7
sutya	sutya	110222	1	P.3.3.99
suvAstu	suvāstu	111583	1	P.4.2.77
suvIra	suvīra	111640	1	P.6.2.120
suvIrya	suvīrya	111645	2	P.6.2.120|P.7.4.6
suvakzas	suvakṣas	111443	1	P.4.1.123
suvarRIya	suvarṇīya	111540	1	P.4.2.90
suvarRa	suvarṇa	111463	2	P.2.4.31|P.6.2.55
suvarRaka	suvarṇaka	111464	1	P.4.2.80
suvarRasa	suvarṇasa	111530	1	P.4.2.80
suvarRya	suvarṇya	111541	1	P.5.1.66
suvarcala	suvarcala	111459	1	P.4.2.80
suvayas	suvayas	111451	1	P.6.2.106
suvedana	suvedana	111666	1	P.3.3.130
suyaSas	suyaśas	111052	1	P.6.2.117
suyajYa	suyajña	111041	1	P.4.2.80
suyuj	suyuj	111061	1	P.7.1.71
suzAman	suṣāman	111788	2	P.6.4.170|P.8.3.98
suzIma	suṣīma	111798	1	P.2.1.62
suzUti	suṣūti	111810	1	P.8.3.88
suzWu	suṣṭhu	111829	3	P.1.1.37|P.5.1.129|P.8.3.98
suzaMDi	suṣaṃdhi	111773	1	P.8.3.98
suzama	suṣama	111775	3	P.2.1.17|P.4.1.41|P.8.3.88
suzavI	suṣavī	111780	1	P.4.1.41
suzeDa	suṣedha	111818	1	P.8.3.98
suzi	suṣi	111791	1	P.5.2.107
suzikta	suṣikta	111792	1	P.1.4.94
suzira	suṣira	111794	1	P.5.2.107
suzwuta	suṣṭuta	111823	1	P.6.2.144
suzwuti	suṣṭuti	111824	2	P.7.1.39|P.8.1.16
svABAvika	svābhāvika	115679	1	P.7.4.71
svADvarika	svādhvarika	115649	1	P.7.3.7
svADyAya	svādhyāya	115644	4	P.1.2.36|P.7.3.4|P.8.1.27|P.8.1.57
svANga	svāṅga	115567	2	P.4.1.53|P.4.1.54
svANgi	svāṅgi	115568	1	P.7.3.7
svAQyaMBava	svāḍhyaṃbhava	115577	1	P.3.3.127
svAQyaMkara	svāḍhyaṃkara	115575	1	P.3.3.127
svASraya	svāśraya	115743	1	P.3.1.87
svAdava	svādava	115596	1	P.5.1.122
svAdiman	svādiman	115600	1	P.5.1.122
svAduMkAram	svāduṃkāram	115613	2	P.2.2.20|P.3.4.26
svAgata	svāgata	115561	1	P.7.3.7
svAgatika	svāgatika	115562	1	P.7.3.7
svAhA	svāhā	115753	3	P.1.4.57|P.1.4.61|P.2.3.16
svAmin	svāmin	115691	3	P.2.3.39|P.5.2.126|P.6.2.17
svAna	svāna	115650	1	P.3.3.62
svAni	svāni	115654	1	P.4.2.80
svAnta	svānta	115660	1	P.7.2.18
svApateya	svāpateya	115667	2	P.4.4.104|P.7.3.7
svApiSi	svāpiśi	115674	1	P.4.3.131
svArAyaRa	svārāyaṇa	115717	1	P.4.1.110
svArTika	svārthika	115728	3	P.3.2.21|P.5.3.1|P.5.4.5
svAtantrya	svātantrya	115580	1	P.1.4.54
svAti	svāti	115581	1	P.4.3.34
svAyaMBuva	svāyaṃbhuva	115701	1	P.6.4.146
svIkAra	svīkāra	115789	3	P.1.3.56|P.1.4.77|P.8.4.64
svIkar	svīkar	115785	1	P.6.2.65
sva	sva	114816	6	P.1.1.27|P.1.1.35|P.5.1.52|P.6.2.17|P.6.3.34|P.7.1.16
svaBAva	svabhāva	115043	1	P.1.2.53
svaDA	svadhā	114921	4	P.1.1.37|P.1.4.57|P.1.4.61|P.2.3.16
svaDvara	svadhvara	114956	1	P.7.3.7
svaHkAmy	svaḥkāmy	114817	1	P.3.1.9
svaSva	svaśva	115475	1	P.6.2.119
svad	svad	114908	2	P.1.4.33|P.8.3.62
svaj	svaj	114872	9	P.1.2.2|P.1.2.6|P.6.4.25|P.7.2.10|P.8.3.63|P.8.3.64|P.8.3.65|P.8.3.70|P.8.3.118
svaka	svaka	114821	1	P.7.3.47
svakaraRa	svakaraṇa	114824	1	P.1.3.56
svan	svan	114959	5	P.6.4.125|P.7.2.18|P.7.2.28|P.8.3.63|P.8.3.69
svana	svana	114961	1	P.3.3.62
svap	svap	114981	14	P.1.2.8|P.6.1.15|P.6.1.17|P.6.1.18|P.6.1.19|P.6.1.188|P.6.4.101|P.7.2.10|P.7.2.76|P.7.3.98|P.7.3.99|P.7.4.67|P.8.3.61|P.8.3.88
svapati	svapati	114985	1	P.4.4.104
svapna	svapna	115008	1	P.3.3.91
svapnaj	svapnaj	115012	2	P.3.2.172|P.7.1.19
svapozam	svapoṣam	115006	1	P.3.4.40
svar	svar	115161	8	P.1.1.37|P.1.3.11|P.7.2.44|P.7.2.49|P.7.3.4|P.7.4.10|P.7.4.30|P.8.2.61
svarAj	svarāj	115205	1	P.3.2.61
svarUpa	svarūpa	115227	4	P.1.1.39|P.1.1.68|P.2.2.34|P.2.4.35
svara	svara	115162	4	P.2.4.31|P.6.1.158|P.7.2.10|P.7.3.4
svaraBaNga	svarabhaṅga	115178	1	P.3.1.27
svaraBeda	svarabheda	115181	1	P.1.1.27
svargahvAya	svargahvāya	115283	1	P.3.2.2
svargaloka	svargaloka	115272	1	P.3.3.7
svargya	svargya	115297	1	P.5.1.39
svarita	svarita	115216	8	P.1.2.31|P.1.2.37|P.1.3.11|P.1.3.72|P.6.1.185|P.8.2.4|P.8.2.6|P.8.4.66
svarloka	svarloka	115419	1	P.3.3.6
svasar	svasar	115494	1	P.6.4.11
svasrIya	svasrīya	115541	1	P.4.1.143
svastI	svastī	115531	1	P.7.4.26
svasti	svasti	115506	2	P.1.1.37|P.2.3.16
svastika	svastika	115507	1	P.6.3.115
svastikakarRa	svastikakarṇa	115508	1	P.6.3.115
svatantra	svatantra	114893	1	P.1.4.54
svatavas	svatavas	114900	2	P.7.1.83|P.8.3.11
svavas	svavas	115457	1	P.7.1.83
svayaMkfta	svayaṃkṛta	115086	1	P.2.1.25
svayam	svayam	115106	2	P.1.1.37|P.2.1.25
sveda	sveda	115805	1	P.4.1.54
svid	svid	115774	5	P.1.2.19|P.7.2.10|P.7.2.16|P.8.2.102|P.8.3.62
sya	sya	114655	1	P.6.1.133
syad	syad	114658	6	P.1.3.86|P.1.3.92|P.6.4.31|P.7.2.59|P.7.4.65|P.8.3.72
syada	syada	114660	1	P.6.4.28
syam	syam	114675	3	P.6.1.19|P.6.4.125|P.7.2.5
syanda	syanda	114662	1	P.6.4.28
syanditASva	syanditāśva	114669	1	P.6.2.108
tARqava	tāṇḍava	29160	1	P.2.4.31
tARqin	tāṇḍin	29165	2	P.4.2.66|P.4.3.104
tARqyAyanI	tāṇḍyāyanī	29167	1	P.4.1.18
tARqya	tāṇḍya	29166	1	P.4.1.105
tAcCIlika	tācchīlika	29132	1	P.3.1.94
tAcCIlya	tācchīlya	29133	2	P.1.3.21|P.3.2.11
tAdarTya	tādarthya	29188	1	P.5.1.12
tAdfS	tādṛś	29194	3	P.3.2.60|P.6.3.91|P.7.1.83
tAdfSa	tādṛśa	29195	2	P.3.2.60|P.6.3.91
tAdfkza	tādṛkṣa	29192	1	P.3.2.60
tAjat	tājat	29136	1	P.1.4.57
tAkzRa	tākṣṇa	29130	3	P.4.1.112|P.4.1.153|P.6.4.135
tAkzaRya	tākṣaṇya	29128	1	P.6.4.135
tAkzaSila	tākṣaśila	29129	1	P.4.3.93
tAkzaka	tākṣaka	29127	1	P.6.4.153
tAla	tāla	29448	2	P.1.4.61|P.4.3.152
tAlajaNGa	tālajaṅgha	29456	1	P.6.2.114
tAlavya	tālavya	29476	1	P.5.1.6
tAlin	tālin	29488	1	P.4.3.106
tAluka	tāluka	29496	1	P.5.4.29
tAlukzya	tālukṣya	29499	2	P.4.1.18|P.4.1.105
tAluna	tāluna	29501	1	P.4.1.86
tAmAleya	tāmāleya	29258	1	P.4.2.80
tAmraparRa	tāmraparṇa	29308	1	P.4.2.82
tAmriman	tāmriman	29344	1	P.5.1.123
tAmrya	tāmrya	29348	1	P.5.1.123
tAnava	tānava	29199	1	P.5.1.122
tAnavya	tānavya	29200	2	P.4.1.18|P.4.1.105
tAntavya	tāntavya	29206	2	P.4.1.18|P.4.1.105
tAntuvAyya	tāntuvāyya	29207	1	P.4.1.152
tApa	tāpa	29215	1	P.6.1.160
tApasa	tāpasa	29223	2	P.4.4.62|P.5.2.103
tAqaGa	tāḍagha	29145	1	P.3.2.55
tArRAyana	tārṇāyana	29438	1	P.4.1.99
tArRa	tārṇa	29434	2	P.4.1.112|P.4.3.76
tArRaka	tārṇaka	29435	1	P.6.4.153
tArRakarRa	tārṇakarṇa	29436	1	P.4.1.112
tAra	tāra	29355	1	P.3.3.104
tArakita	tārakita	29366	1	P.5.2.36
tAranATa	tāranātha	29379	1	P.6.3.63
tArkava	tārkava	29420	1	P.4.3.137
tArkzAka	tārkṣāka	29424	1	P.4.1.112
tArkzyAyaRa	tārkṣyāyaṇa	29433	2	P.4.1.18|P.4.2.54
tArkzya	tārkṣya	29425	2	P.3.4.117|P.4.1.105
tAruRa	tāruṇa	29416	1	P.4.1.86
tArukzya	tārukṣya	29415	2	P.4.1.18|P.4.1.105
tArya	tārya	29445	1	P.4.4.91
tAt	tāt	29168	1	P.7.1.39
tAtkAlika	tātkālika	29177	1	P.4.2.116
tAtparya	tātparya	29181	2	P.2.3.43|P.5.4.47
tAtsTya	tātsthya	29185	1	P.3.1.144
tAvakIna	tāvakīna	29514	1	P.4.3.3
tAvaka	tāvaka	29513	1	P.4.3.3
tAvant	tāvant	29523	4	P.4.2.93|P.5.2.39|P.5.4.84|P.6.3.91
tAvatiTa	tāvatitha	29517	2	P.5.3.53|P.5.3.77
tAvatika	tāvatika	29516	1	P.5.1.23
tAvatka	tāvatka	29518	1	P.5.1.23
tAvatkftvas	tāvatkṛtvas	29520	1	P.1.1.23
tAy	tāy	29349	1	P.3.1.61
tAya	tāya	29350	1	P.6.1.203
tAyana	tāyana	29351	1	P.1.3.38
tEkAyanIya	taikāyanīya	30520	1	P.4.1.90
tEkAyana	taikāyana	30518	2	P.2.4.68|P.4.1.99
tEkAyani	taikāyani	30519	3	P.2.4.58|P.4.1.90|P.4.1.154
tEkzRAyana	taikṣṇāyana	30521	1	P.4.1.110
tElIna	tailīna	30601	1	P.5.2.4
tEla	taila	30562	1	P.4.3.149
tElaMpAtA	tailaṃpātā	30587	2	P.4.2.58|P.6.3.71
tElakya	tailakya	30569	1	P.5.1.128
tElapIta	tailapīta	30583	1	P.2.2.37
tElavaka	tailavaka	30589	1	P.4.2.53
tEntiqIka	taintiḍīka	30542	1	P.4.4.4
tErTa	tairtha	30554	2	P.4.3.76|P.5.1.97
tErTaka	tairthaka	30555	1	P.4.2.127
tErTika	tairthika	30556	1	P.5.1.64
tErTya	tairthya	30557	1	P.4.2.80
tEtala	taitala	30528	1	P.4.1.154
tEtikza	taitikṣa	30529	2	P.4.2.111|P.4.4.62
tEtikzya	taitikṣya	30531	1	P.4.1.105
tEtilakadrU	taitilakadrū	30535	1	P.6.2.42
tEttirIya	taittirīya	30540	2	P.4.3.102|P.6.4.5
tEvradArava	taivradārava	30604	1	P.4.3.154
tEvraka	taivraka	30603	1	P.4.2.53
tEza	taiṣa	30605	1	P.6.4.149
tIkzRa	tīkṣṇa	29820	3	P.4.1.110|P.5.2.76|P.6.2.161
tIrTa	tīrtha	29867	1	P.2.4.31
tIrTaDvANkza	tīrthadhvāṅkṣa	29876	1	P.2.1.42
tIrTakAka	tīrthakāka	29870	1	P.2.1.42
tIrTavAyasa	tīrthavāyasa	29884	1	P.2.1.42
tIra	tīra	29855	2	P.4.2.106|P.6.2.121
tIvra	tīvra	29896	1	P.4.2.53
tIvradAru	tīvradāru	29901	1	P.4.3.154
tOdeya	taudeya	30706	2	P.4.1.123|P.4.3.94
tOkzAyaRa	taukṣāyaṇa	30693	1	P.4.2.80
tOlvalAyana	taulvalāyana	30720	2	P.2.4.61|P.4.1.101
tOlvali	taulvali	30721	1	P.2.4.61
tOmburavin	taumburavin	30707	1	P.4.3.104
tOrAyaRika	taurāyaṇika	30711	1	P.5.1.72
tOzAyaRa	tauṣāyaṇa	30724	1	P.4.2.80
tURa	tūṇa	30232	1	P.4.1.41
tURaDAra	tūṇadhāra	30234	1	P.6.2.75
tUda	tūda	30248	1	P.4.3.94
tUla	tūla	30273	1	P.6.2.121
tUlikA	tūlikā	75155	1	P.3.3.116
tUr	tūr	30253	1	P.6.4.20
tUrRa	tūrṇa	30257	3	P.6.4.20|P.6.4.21|P.7.2.28
tUrya	tūrya	30266	1	P.2.4.2
tUsta	tūsta	30300	2	P.3.1.21|P.6.2.134
tUzRIMgaNgam	tūṣṇīṃgaṅgam	30296	1	P.2.1.21
tUzRIm	tūṣṇīm	30297	2	P.1.1.37|P.3.4.63
ta	ta	28330	2	P.1.1.27|P.6.2.162
taNk	taṅk	28371	1	P.8.4.54
taRqa	taṇḍa	28408	2	P.4.1.105|P.6.2.37
taRqaka	taṇḍaka	28409	1	P.2.4.31
taRqulIya	taṇḍulīya	28418	1	P.5.1.4
taRqula	taṇḍula	28413	2	P.2.2.31|P.2.4.31
taRqulika	taṇḍulika	28416	1	P.5.2.115
taTA	tathā	28485	3	P.1.1.37|P.1.2.32|P.5.3.26
taTABUta	tathābhūta	28501	1	P.8.4.68
taTAkAram	tathākāram	28486	1	P.3.4.28
tacCIla	tacchīla	28376	1	P.3.2.134
tadA	tadā	28523	4	P.3.3.139|P.5.3.15|P.5.3.19|P.5.3.21
tadAnIm	tadānīm	28525	1	P.5.3.19
tadBAva	tadbhāva	28541	1	P.3.1.12
tadDarman	taddharman	28537	1	P.3.2.134
tadDita	taddhita	28539	5	P.1.1.38|P.1.2.46|P.4.1.17|P.4.1.76|P.4.4.65
tadIya	tadīya	28529	1	P.1.1.74
tada	tada	28514	1	P.5.4.107
tadarTa	tadartha	28519	1	P.2.1.36
tadarTam	tadartham	28520	2	P.1.3.72|P.5.1.12
tadrAja	tadrāja	28542	3	P.2.4.62|P.4.1.174|P.5.3.119
tadrUpa	tadrūpa	74794	1	P.7.3.86
tadryaYc	tadryañc	28544	1	P.6.3.92
tadvant	tadvant	28547	1	P.4.4.125
tadvid	tadvid	28550	1	P.7.2.10
tagarika	tagarika	28370	1	P.4.4.53
takra	takra	28346	1	P.7.3.53
takya	takya	28345	1	P.3.1.97
takz	takṣ	28354	4	P.3.1.76|P.3.4.7|P.7.2.7|P.7.4.93
takzaSilA	takṣaśilā	28362	2	P.4.2.82|P.4.3.93
takzaSilAvatI	takṣaśilāvatī	28363	1	P.4.2.86
takzakIyA	takṣakīyā	28358	2	P.4.2.91|P.6.4.153
takzan	takṣan	28360	3	P.2.4.10|P.4.1.41|P.6.4.9
takzitar	takṣitar	28364	1	P.8.2.29
tala	tala	29046	1	P.4.3.106
tallaja	tallaja	29090	1	P.2.1.66
talodara	talodara	29075	1	P.4.1.55
talukza	talukṣa	29071	1	P.4.1.105
taluna	taluna	29072	3	P.4.1.15|P.4.1.41|P.4.1.86
tam	tam	28811	4	P.4.2.90|P.6.4.93|P.7.3.34|P.7.3.74
tamAla	tamāla	28830	1	P.2.4.31
tamAlinI	tamālinī	28834	1	P.5.2.135
tama	tama	28812	1	P.7.3.34
tamaka	tamaka	28814	1	P.7.3.34
tamasAkfta	tamasākṛta	28824	1	P.6.3.3
tamaskARqa	tamaskāṇḍa	28826	1	P.8.3.48
tamin	tamin	28837	1	P.3.2.141
tamisra	tamisra	28839	1	P.5.2.114
tamopaha	tamopaha	28852	1	P.3.2.50
tan	tan	28552	9	P.1.1.37|P.2.4.79|P.6.4.17|P.6.4.37|P.6.4.38|P.6.4.44|P.6.4.99|P.7.2.64|P.7.4.85
tanTI	tanthī	28691	1	P.1.4.61
tanUkaraRa	tanūkaraṇa	28604	1	P.3.1.76
tanUnapAt	tanūnapāt	28619	1	P.6.2.140
tanaya	tanaya	28559	1	P.6.3.34
tandrAlu	tandrālu	28699	1	P.3.2.158
taniman	taniman	28564	1	P.5.1.122
tantasy	tantasy	28635	1	P.3.1.27
tanti	tanti	28636	3	P.3.3.174|P.6.4.39|P.7.2.9
tantipAla	tantipāla	28637	1	P.6.2.78
tantra	tantra	28661	3	P.5.2.70|P.5.4.159|P.7.2.9
tantraka	tantraka	28662	1	P.5.2.70
tantu	tantu	28639	1	P.4.1.105
tantuvAya	tantuvāya	120095	4	P.2.4.10|P.3.2.2|P.6.2.76|P.6.2.77
tantvagra	tantvagra	28690	1	P.4.2.138
tanu	tanu	28566	1	P.2.2.38
tanucCada	tanucchada	28572	1	P.6.4.96
tanuka	tanuka	28567	1	P.5.4.29
tap	tap	28717	5	P.1.3.27|P.3.1.65|P.3.1.88|P.7.2.10|P.8.3.102
tapana	tapana	28723	1	P.3.1.134
tapas	tapas	28737	1	P.3.1.15
tapasvin	tapasvin	28749	1	P.5.2.102
tapasy	tapasy	28744	1	P.3.1.15
tapasya	tapasya	28745	1	P.4.4.128
taptarahasa	taptarahasa	28797	1	P.5.4.81
taqAga	taḍāga	28397	1	P.2.4.31
tar	tar	28871	10	P.3.1.34|P.3.1.85|P.3.1.94|P.3.1.97|P.3.4.7|P.6.4.122|P.7.2.38|P.7.2.41|P.7.4.65|P.7.4.92
tarItar	tarītar	28938	1	P.7.2.34
tarP	tarph	29029	1	P.7.1.59
tarR	tarṇ	29013	1	P.6.4.37
tarUtar	tarūtar	28979	1	P.7.2.34
tara	tara	28873	1	P.3.1.134
taraMgin	taraṃgin	28882	1	P.5.2.135
taraMgita	taraṃgita	28881	1	P.5.2.36
taraRy	taraṇy	28895	1	P.3.1.27
taras	taras	28917	1	P.1.1.37
tard	tard	29018	2	P.3.4.17|P.7.2.57
tarh	tarh	29041	2	P.6.3.111|P.7.3.92
tarhi	tarhi	29044	12	P.1.1.43|P.2.2.4|P.3.1.11|P.3.2.138|P.3.3.132|P.4.1.163|P.4.3.144|P.4.4.55|P.5.2.126|P.5.3.20|P.5.3.21|P.6.4.11
tariRy	tariṇy	28931	1	P.3.1.27
taritar	taritar	28932	1	P.7.2.34
tarkArI	tarkārī	28996	1	P.4.1.41
tarp	tarp	29022	6	P.2.2.11|P.6.1.59|P.6.2.170|P.7.2.10|P.7.2.45|P.8.4.39
taru	taru	28944	1	P.2.1.56
taruKaRqa	tarukhaṇḍa	28947	1	P.4.2.38
taruRa	taruṇa	28949	3	P.1.2.73|P.4.1.15|P.4.1.41
taruSa	taruśa	28969	1	P.5.2.100
tarukza	tarukṣa	28946	1	P.4.1.105
tarutar	tarutar	28956	1	P.7.2.34
tarz	tarṣ	29034	3	P.1.2.25|P.3.4.57|P.5.2.36
tas	tas	74935	1	P.3.4.61
taskara	taskara	29119	2	P.2.1.53|P.6.1.157
tatama	tatama	28432	1	P.5.3.93
tatara	tatara	28433	1	P.5.3.92
tatas	tatas	28434	7	P.3.3.140|P.3.4.24|P.5.3.7|P.5.3.8|P.6.3.35|P.6.4.159|P.7.2.10
tati	tati	28438	3	P.1.1.23|P.1.1.25|P.6.4.37
tatkara	tatkara	28444	1	P.3.2.21
tatoBavant	tatobhavant	28443	1	P.5.3.14
tatpUrva	tatpūrva	28474	1	P.6.2.162
tatpara	tatpara	28472	1	P.6.2.66
tatpuruza	tatpuruṣa	28473	3	P.1.2.42|P.2.1.22|P.2.1.33
tatra	tatra	28477	4	P.1.1.3|P.2.1.46|P.5.3.10|P.6.3.35
tatraBavant	tatrabhavant	28479	2	P.4.1.166|P.5.3.14
tatsADukArin	tatsādhukārin	28482	1	P.3.2.134
tatsTa	tatstha	28484	2	P.2.2.8|P.4.2.134
taturi	taturi	28441	1	P.3.2.171
tavaka	tavaka	29094	1	P.4.3.2
tawAka	taṭāka	28389	1	P.2.4.31
tawa	taṭa	28384	1	P.2.1.66
tawinI	taṭinī	28390	1	P.5.2.135
taya	taya	28870	1	P.6.1.203
tejana	tejana	30471	1	P.4.1.41
tejasvin	tejasvin	30485	1	P.5.2.122
telu	telu	30515	1	P.4.2.53
tena	tena	30508	1	P.2.1.14
tfMhaRa	tṛṃhaṇa	30301	1	P.8.4.2
tfRIya	tṛṇīya	30386	1	P.4.2.90
tfRa	tṛṇa	30309	5	P.2.4.11|P.2.4.31|P.4.1.99|P.4.1.112|P.6.2.85
tfRajamBan	tṛṇajambhan	30328	1	P.5.4.125
tfRakARqa	tṛṇakāṇḍa	30312	1	P.4.2.51
tfRakIyA	tṛṇakīyā	30313	2	P.4.2.91|P.6.4.153
tfRakarRa	tṛṇakarṇa	30311	2	P.2.4.63|P.4.1.112
tfRamaya	tṛṇamaya	30351	1	P.4.3.144
tfRapadI	tṛṇapadī	30343	1	P.5.4.139
tfRasa	tṛṇasa	30366	1	P.4.2.80
tfRasiMha	tṛṇasiṃha	120166	1	P.6.2.72
tfRyA	tṛṇyā	30396	1	P.4.2.49
tfkzAka	tṛkṣāka	30304	1	P.4.1.112
tfkza	tṛkṣa	30303	1	P.4.1.105
tfpAy	tṛpāy	30419	1	P.3.1.12
tfpat	tṛpat	30415	1	P.3.1.12
tfpra	tṛpra	30428	1	P.6.4.157
tfptAy	tṛptāy	30423	1	P.3.1.18
tfptin	tṛptin	30426	1	P.5.2.131
tftIyAkar	tṛtīyākar	30406	1	P.5.4.58
tftIyAsamAsa	tṛtīyāsamāsa	30408	1	P.1.1.30
tftIya	tṛtīya	30399	9	P.1.1.50|P.2.2.3|P.2.3.3|P.2.3.6|P.2.3.18|P.2.3.27|P.5.2.55|P.5.3.48|P.7.3.115
tftIyaka	tṛtīyaka	30400	2	P.5.2.77|P.5.2.81
tftIyika	tṛtīyika	30409	1	P.5.1.48
tfzRAvarUtrI	tṛṣṇāvarūtrī	30464	1	P.6.2.140
tfzRaj	tṛṣṇaj	30456	1	P.3.2.172
tigmaruc	tigmaruc	29577	1	P.6.3.116
tij	tij	29589	2	P.3.1.5|P.7.4.65
tikIya	tikīya	29535	1	P.4.2.90
tika	tika	29534	4	P.2.4.68|P.4.1.99|P.4.1.154|P.4.2.90
tilakAlaka	tilakālaka	29749	1	P.3.2.53
tilaka	tilaka	29740	1	P.5.4.3
tilakita	tilakita	29752	1	P.5.2.36
tilamaya	tilamaya	29776	1	P.4.3.149
tilodaka	tilodaka	29794	1	P.6.2.96
tilpilika	tilpilika	29797	1	P.8.2.18
tilya	tilya	29798	2	P.5.1.7|P.5.2.4
tim	tim	29635	1	P.7.4.85
timira	timira	29644	2	P.2.4.31|P.8.4.39
tinduka	tinduka	29628	1	P.6.1.143
tip	tip	29633	1	P.7.2.10
tiras	tiras	29670	4	P.1.1.37|P.1.4.71|P.1.4.72|P.8.3.42
tiraskAra	tiraskāra	29673	1	P.2.3.17
tirasy	tirasy	29678	1	P.3.1.27
tiroDAna	tirodhāna	29693	1	P.1.2.33
tirpirika	tirpirika	29701	1	P.8.2.18
tiryaYc	tiryañc	29736	2	P.3.4.60|P.6.3.94
titikza	titikṣa	29596	2	P.1.2.20|P.4.1.105
tittiri	tittiri	29605	2	P.4.1.65|P.4.3.102
tizWadgu	tiṣṭhadgu	29805	1	P.2.1.17
tizya	tiṣya	29807	3	P.1.2.63|P.4.3.34|P.6.4.149
tizyapunarvasavIya	tiṣyapunarvasavīya	29810	1	P.4.2.6
tmanA	tmanā	30728	1	P.6.4.141
toka	toka	30606	1	P.3.3.1
tomara	tomara	30623	1	P.2.4.31
toraRa	toraṇa	30675	1	P.2.4.31
tottra	tottra	30617	1	P.3.2.182
trA	trā	30821	2	P.1.4.25|P.8.2.56
trARa	trāṇa	30823	1	P.6.2.8
trApuza	trāpuṣa	30828	1	P.4.3.138
trAta	trāta	30824	1	P.6.1.205
trAyodaSa	trāyodaśa	30836	1	P.4.3.16
trEBAvya	traibhāvya	31306	1	P.5.1.124
trEDa	traidha	31291	1	P.5.3.45
trEMSa	traiṃśa	31273	1	P.5.1.62
trESARa	traiśāṇa	31345	1	P.5.1.36
trEgartAyana	traigartāyana	31284	1	P.4.2.80
trEgarta	traigarta	31282	3	P.4.1.111|P.4.1.178|P.5.3.117
trEgartaka	traigartaka	31283	1	P.4.2.124
trEhAyaRa	traihāyaṇa	120195	1	P.5.1.130
trEkaRwaka	traikaṇṭaka	31277	1	P.4.3.154
trEmAtura	traimātura	31307	1	P.6.3.48
trEnizkika	trainiṣkika	31296	1	P.5.1.30
trErUpya	trairūpya	31314	1	P.7.3.49
trEsvarya	traisvarya	31352	1	P.1.2.33
trEvaRIya	traivaṇīya	31329	1	P.4.2.90
trEvaRa	traivaṇa	31327	2	P.4.1.112|P.4.2.90
trEvarzika	traivarṣika	31333	1	P.7.3.16
trEyAhAvaka	traiyāhāvaka	31312	1	P.4.2.127
trEzwuBa	traiṣṭubha	31349	1	P.4.1.86
trOk	trauk	31360	1	P.7.4.59
tra	tra	30752	1	P.3.2.3
trap	trap	30762	1	P.6.4.122
trapa	trapa	30763	1	P.3.3.104
trapu	trapu	30767	1	P.6.1.177
tras	tras	30811	3	P.2.1.38|P.3.1.70|P.6.4.124
trasnu	trasnu	30820	1	P.3.2.140
traya	traya	30777	1	P.5.2.43
trayaHpaYcASat	trayaḥpañcāśat	30778	2	P.6.2.35|P.6.3.49
trayaHsaptati	trayaḥsaptati	30790	2	P.6.2.35|P.6.3.49
trayaHzazwi	trayaḥṣaṣṭi	30782	2	P.6.2.35|P.6.3.49
trayaScatvAriMSat	trayaścatvāriṃśat	30781	2	P.6.2.35|P.6.3.49
trayas	trayas	30783	2	P.6.3.48|P.6.3.49
trayastriMSat	trayastriṃśat	30785	2	P.6.2.35|P.6.3.49
trayodaSan	trayodaśan	30799	2	P.6.2.35|P.6.3.48
trayonavati	trayonavati	30804	2	P.6.2.35|P.6.3.49
trayoviMSati	trayoviṃśati	30806	2	P.6.2.35|P.6.3.48
treDA	tredhā	31272	1	P.5.3.46
tri	tri	30842	8	P.6.1.177|P.6.1.180|P.6.1.181|P.6.4.4|P.6.4.5|P.7.1.53|P.7.2.99|P.7.2.100
triBAva	tribhāva	31061	1	P.5.1.124
triMSa	triṃśa	30843	1	P.5.2.46
triMSaka	triṃśaka	30844	1	P.5.1.24
triMSat	triṃśat	30846	2	P.1.1.69|P.5.1.59
triSARa	triśāṇa	31174	1	P.5.1.36
triSakala	triśakala	31160	1	P.6.2.47
tricatvAriMSat	tricatvāriṃśat	30916	2	P.6.2.35|P.6.3.49
tridaSa	tridaśa	30945	3	P.2.2.25|P.5.4.73|P.6.3.48
tridant	tridant	30942	2	P.5.4.141|P.6.2.197
trigarta	trigarta	30899	2	P.5.3.116|P.5.3.117
triguRAkarRa	triguṇākarṇa	30904	1	P.6.3.115
trika	trika	30855	3	P.1.4.101|P.2.2.23|P.5.2.77
trikaRwaka	trikaṇṭaka	30863	1	P.4.3.154
trikakud	trikakud	30856	1	P.5.4.147
trikakuda	trikakuda	30857	1	P.5.4.147
trimUrDa	trimūrdha	31082	2	P.5.4.115|P.6.2.197
trimuni	trimuni	31080	1	P.2.1.19
trinavati	trinavati	30986	2	P.6.2.35|P.6.3.49
trinizka	triniṣka	30992	1	P.5.1.30
tripaYcASat	tripañcāśat	30999	2	P.6.2.35|P.6.3.49
tripad	tripad	31007	4	P.4.1.8|P.5.4.139|P.5.4.140|P.6.2.197
tripada	tripada	31008	1	P.4.1.9
tris	tris	75366	3	P.2.3.64|P.5.4.13|P.8.3.43
trisaptati	trisaptati	31227	2	P.6.2.35|P.6.3.49
tristAvA	tristāvā	31248	1	P.5.4.84
tritaya	tritaya	30935	2	P.5.2.42|P.5.2.43
trivEstika	trivaistika	31159	1	P.5.1.31
triveRI	triveṇī	31154	1	P.4.1.112
trivista	trivista	31143	1	P.5.1.31
trizWa	triṣṭha	31215	1	P.8.3.97
trizaMDi	triṣaṃdhi	31201	1	P.8.3.106
trizazwi	triṣaṣṭi	31207	2	P.6.2.35|P.6.3.49
truw	truṭ	31263	1	P.3.1.70
tryAhAva	tryāhāva	31408	1	P.4.2.127
tryAkzAyaRa	tryākṣāyaṇa	31400	1	P.4.2.54
tryAyuza	tryāyuṣa	31401	1	P.5.4.77
tryaSIti	tryaśīti	31389	2	P.6.2.35|P.6.3.48
tryaYjala	tryañjala	31372	1	P.5.4.102
tsAruka	tsāruka	75426	1	P.5.2.64
tsar	tsar	31538	2	P.6.4.121|P.7.2.2
tsaruka	tsaruka	75424	1	P.5.2.64
tu	tu	29909	7	P.4.1.10|P.5.2.7|P.6.1.7|P.6.3.133|P.7.3.95|P.8.1.39|P.8.1.56
tuRqadeva	tuṇḍadeva	29976	1	P.4.2.54
tuRqi	tuṇḍi	29977	1	P.5.2.139
tuRqiBa	tuṇḍibha	29984	1	P.5.2.139
tud	tud	29994	2	P.6.1.173|P.7.2.10
tuda	tuda	29996	1	P.4.1.123
tugriya	tugriya	29920	1	P.4.4.115
tugrya	tugrya	29922	1	P.4.4.115
tuj	tuj	29953	1	P.6.1.7
tukza	tukṣa	29915	1	P.4.2.80
tulA	tulā	30117	1	P.2.3.72
tulApragraha	tulāpragraha	30124	1	P.3.3.52
tulAsUtra	tulāsūtra	30128	1	P.3.3.52
tulaBa	tulabha	30109	1	P.5.3.116
tulya	tulya	30134	7	P.1.1.56|P.1.2.57|P.1.3.42|P.2.3.72|P.4.4.91|P.5.1.115|P.6.2.2
tumburu	tumburu	30038	2	P.4.3.104|P.6.1.143
tunda	tunda	29999	2	P.5.2.117|P.5.2.127
tundaparimfja	tundaparimṛja	30002	1	P.3.2.5
tundavant	tundavant	30003	1	P.5.2.117
tundi	tundi	30004	1	P.5.2.139
tundiBa	tundibha	30009	1	P.5.2.139
tundika	tundika	30005	1	P.5.2.117
tundila	tundila	30010	1	P.5.2.117
tundin	tundin	30008	1	P.5.2.117
tup	tup	30015	2	P.6.1.157|P.7.1.59
tur	tur	30042	1	P.6.4.21
turAyaRa	turāyaṇa	30083	1	P.5.1.72
turAzAh	turāṣāh	30084	2	P.3.2.63|P.8.3.56
turaMgaskanDa	turaṃgaskandha	30072	1	P.4.2.51
turaRa	turaṇa	30076	1	P.3.1.27
turaRy	turaṇy	30077	1	P.3.1.27
turv	turv	30099	1	P.6.4.21
turya	turya	30096	1	P.2.2.3
tuz	tuṣ	30187	2	P.3.2.188|P.7.2.10
tuzaja	tuṣaja	30190	1	P.6.2.82
tuzajaka	tuṣajaka	30191	1	P.8.2.83
tva	tva	31419	3	P.1.1.27|P.1.4.57|P.8.1.22
tvaNmanya	tvaṅmanya	75412	1	P.6.3.68
tvaNmaya	tvaṅmaya	31453	1	P.4.3.144
tvacIyaMs	tvacīyaṃs	31466	2	P.5.3.65|P.6.4.163
tvacay	tvacay	31459	1	P.3.1.25
tvacisAra	tvacisāra	31464	1	P.6.3.9
tvacizWa	tvaciṣṭha	31463	2	P.5.3.65|P.6.4.163
tvadBU	tvadbhū	31476	1	P.1.4.108
tvady	tvady	31477	1	P.7.2.98
tvagvant	tvagvant	31449	2	P.5.3.65|P.6.4.163
tvakat	tvakat	31420	1	P.1.1.29
tvar	tvar	31483	7	P.1.3.21|P.3.2.187|P.6.4.20|P.6.4.21|P.7.2.28|P.7.4.95|P.8.2.61
tvarAyasy	tvarāyasy	31488	1	P.3.1.27
tvat	tvat	31469	2	P.7.2.86|P.7.2.98
tvatka	tvatka	31470	1	P.1.1.29
tvattara	tvattara	31473	1	P.7.2.98
tvazwar	tvaṣṭar	31495	1	P.6.4.11
tviz	tviṣ	31516	1	P.7.2.10
tyAdfS	tyādṛś	30751	1	P.3.2.60
tyAga	tyāga	30744	2	P.6.1.159|P.6.1.216
tyAgin	tyāgin	30747	1	P.3.2.142
tya	tya	30731	1	P.1.1.27
tyada	tyada	30742	1	P.5.4.107
tyaj	tyaj	30736	3	P.2.1.6|P.6.1.36|P.7.2.10
u	u	10580	8	P.1.1.14|P.1.1.17|P.1.1.18|P.1.4.57|P.6.1.125|P.7.1.90|P.8.3.21|P.8.3.33
uBAkarRi	ubhākarṇi	12392	1	P.5.4.128
uBa	ubha	12370	1	P.1.1.27
uBayAdant	ubhayādant	12385	1	P.5.4.142
uBayAdanti	ubhayādanti	12386	1	P.5.4.128
uBayAhasti	ubhayāhasti	12388	1	P.5.4.128
uBayAkarRi	ubhayākarṇi	12384	1	P.5.4.128
uBaya	ubhaya	12371	3	P.1.1.27|P.4.1.41|P.5.2.44
uBayaTA	ubhayathā	12376	3	P.6.4.5|P.6.4.86|P.8.3.8
uBayatas	ubhayatas	12373	1	P.2.3.2
uBayatodant	ubhayatodant	12374	1	P.5.4.143
uBayatra	ubhayatra	12375	3	P.1.1.56|P.2.2.21|P.8.3.32
uBayedyus	ubhayedyus	12391	1	P.5.3.22
uC	uch	10731	1	P.6.1.3
uKa	ukha	67471	5	P.3.2.76|P.4.1.56|P.4.3.102|P.7.1.70|P.8.2.72
uKya	ukhya	10624	4	P.4.2.17|P.4.2.95|P.4.3.54|P.6.2.131
uRaka	uṇaka	10774	1	P.4.1.41
uSInara	uśīnara	12595	5	P.2.4.29|P.4.1.178|P.4.2.118|P.5.3.117|P.8.4.9
uSIravIja	uśīravīja	12599	1	P.2.2.31
uSIrika	uśīrika	12600	1	P.4.4.53
uSanas	uśanas	12590	1	P.7.1.94
uYC	uñch	10753	2	P.4.4.32|P.8.4.58
uYCa	uñcha	10754	1	P.6.1.160
ubj	ubj	12367	2	P.6.1.3|P.8.3.38
ubja	ubja	12368	1	P.2.4.68
ucCizya	ucchiṣya	10704	1	P.3.1.123
ucCrAya	ucchrāya	10723	1	P.3.3.49
uccAra	uccāra	10676	1	P.6.2.7
uccAraRa	uccāraṇa	10678	2	P.1.1.60|P.1.4.56
uccArita	uccārita	10679	1	P.5.2.36
uccAvaca	uccāvaca	10680	1	P.2.1.72
uccEs	uccais	10689	5	P.1.1.37|P.1.2.29|P.2.2.21|P.3.4.59|P.6.2.168
uccEstamAm	uccaistamām	10690	1	P.5.4.11
uccEstara	uccaistara	10691	2	P.1.2.35|P.5.4.11
uccEstva	uccaistva	10692	1	P.1.4.1
uccakEs	uccakais	10659	2	P.5.3.71|P.6.1.163
uccakzus	uccakṣus	10660	1	P.5.4.51
uccanIca	uccanīca	10668	1	P.2.1.72
ud	ud	11137	5	P.1.4.57|P.1.4.60|P.6.1.3|P.8.1.6|P.8.2.56
udAhArya	udāhārya	11314	1	P.3.4.78
udAharaRa	udāharaṇa	11312	4	P.1.1.56|P.1.2.6|P.1.3.1|P.6.1.16
udAja	udāja	11287	2	P.3.3.69|P.7.3.60
udAra	udāra	11300	1	P.4.1.45
udAtta	udātta	11288	4	P.1.2.29|P.1.2.31|P.1.2.37|P.7.3.34
udAttavant	udāttavant	11291	1	P.8.1.71
udBAsa	udbhāsa	11457	1	P.5.2.136
udBAsavant	udbhāsavant	11458	1	P.5.2.136
udBAsin	udbhāsin	11459	2	P.3.1.134|P.5.2.136
udDamacUqA	uddhamacūḍā	11412	1	P.2.1.72
udDamaviDamA	uddhamavidhamā	11413	1	P.2.1.72
udDarAvasfjA	uddharāvasṛjā	11418	1	P.2.1.72
udDaracUqA	uddharacūḍā	11416	1	P.2.1.72
udDya	uddhya	11442	2	P.2.4.7|P.3.1.115
udGa	udgha	11365	2	P.2.1.66|P.3.3.86
udGana	udghana	11368	1	P.3.3.80
udIcya	udīcya	11324	1	P.4.2.101
udIpa	udīpa	11326	1	P.6.3.97
udOdana	udaudana	11341	1	P.6.3.60
uda	uda	11138	2	P.6.3.57|P.6.3.60
udaBAra	udabhāra	11225	1	P.6.3.60
udaDi	udadhi	11202	2	P.6.3.58|P.8.2.13
udaNka	udaṅka	11188	2	P.2.4.69|P.3.3.123
udaSvit	udaśvit	11279	2	P.1.4.19|P.8.2.10
udaYc	udañc	11196	3	P.3.2.59|P.4.2.74|P.6.4.139
udaYcana	udañcana	11197	2	P.3.3.123|P.6.2.52
udaYcu	udañcu	11198	1	P.4.1.96
udagAha	udagāha	11183	1	P.6.3.60
udagBUma	udagbhūma	11185	1	P.5.4.75
udahAra	udahāra	11286	1	P.6.3.60
udajYa	udajña	11195	1	P.4.1.154
udaja	udaja	11192	1	P.3.3.69
udajina	udajina	11194	1	P.6.2.184
udakIy	udakīy	11169	1	P.7.4.34
udakOdana	udakaudana	11175	1	P.6.3.60
udaka	udaka	67788	4	P.1.4.74|P.4.1.96|P.4.1.790|P.6.2.96
udakaBAra	udakabhāra	11151	1	P.6.3.60
udakaSudDa	udakaśuddha	11162	1	P.7.3.20
udakagAha	udakagāha	11145	1	P.6.3.60
udakagiri	udakagiri	11146	1	P.6.3.57
udakahAra	udakahāra	11165	1	P.6.3.60
udakala	udakala	11157	1	P.5.2.97
udakamanTa	udakamantha	11155	1	P.6.3.60
udakaparvata	udakaparvata	11150	1	P.6.3.59
udakasaktu	udakasaktu	11163	1	P.6.3.60
udakasparSa	udakasparśa	11164	1	P.3.2.58
udakavIvaDa	udakavīvadha	11161	1	P.6.3.60
udakavajra	udakavajra	11158	1	P.6.3.60
udakavant	udakavant	11159	2	P.5.2.97|P.8.2.13
udakavindu	udakavindu	11160	1	P.6.3.60
udakeviSIrRa	udakeviśīrṇa	11173	1	P.2.1.47
udakila	udakila	11168	1	P.5.2.97
udakya	udakya	11179	3	P.4.3.54|P.5.1.66|P.6.2.131
udamanTa	udamantha	11227	1	P.6.3.60
udameGa	udamegha	11229	1	P.6.3.57
udan	udan	11208	1	P.6.1.63
udanvant	udanvant	11218	1	P.8.2.13
udany	udany	11214	1	P.7.4.34
udapAna	udapāna	67826	3	P.2.1.48|P.4.2.110|P.6.2.81
udapezam	udapeṣam	11222	1	P.6.3.58
udara	udara	11243	3	P.4.1.55|P.6.2.107|P.6.2.108
udaraMBari	udaraṃbhari	11250	1	P.3.2.26
udarapUram	udarapūram	11249	1	P.3.4.31
udaravant	udaravant	11251	1	P.5.2.117
udarika	udarika	11258	1	P.5.2.117
udarila	udarila	11260	1	P.5.2.117
udarin	udarin	11259	1	P.5.2.117
udarka	udarka	67854	1	P.6.3.84
udasTAna	udasthāna	11283	2	P.4.1.86|P.4.4.62
udasaktu	udasaktu	11280	1	P.6.3.60
udavAha	udavāha	11272	1	P.6.3.57
udavAhana	udavāhana	11273	1	P.6.3.58
udavAsa	udavāsa	11271	1	P.6.3.58
udavajra	udavajra	11267	1	P.6.3.60
udavindu	udavindu	11274	1	P.6.3.60
udaya	udaya	67830	1	P.8.4.67
uddAlakapuzpaBaYjikA	uddālakapuṣpabhañjikā	11390	3	P.2.2.17|P.3.3.109|P.6.2.74
uddAsa	uddāsa	11394	2	P.3.1.134|P.5.2.136
uddeSya	uddeśya	11404	1	P.4.2.24
uddrAva	uddrāva	11407	1	P.3.3.49
udejaya	udejaya	11339	1	P.3.1.138
udgAra	udgāra	11352	1	P.3.3.29
udgamana	udgamana	11347	1	P.1.3.40
udganDi	udgandhi	11345	1	P.5.4.135
udgataSfNga	udgataśṛṅga	11343	1	P.6.2.115
udgrAha	udgrāha	11361	1	P.3.3.35
udumbarAvatI	udumbarāvatī	11332	2	P.4.2.85|P.6.1.219
udumbara	udumbara	67901	3	P.2.1.48|P.4.2.53|P.6.2.81
udvAsa	udvāsa	11530	1	P.5.2.136
udvAsavant	udvāsavant	11533	1	P.5.2.136
udvAsin	udvāsin	11535	1	P.5.2.136
udvamana	udvamana	11513	1	P.3.1.16
udvartaka	udvartaka	11516	2	P.2.2.9|P.6.2.151
udvat	udvat	11510	1	P.5.1.118
udvepa	udvepa	11549	1	P.4.2.75
udyAna	udyāna	11487	1	P.2.4.31
udyAva	udyāva	11493	3	P.3.3.49|P.3.3.122|P.4.3.73
udyama	udyama	11483	2	P.1.3.75|P.7.3.34
udyamana	udyamana	11484	1	P.3.2.9
udyoga	udyoga	11495	1	P.2.4.31
ugraMpaSya	ugraṃpaśya	10640	1	P.3.2.37
ujjahistamba	ujjahistamba	10735	1	P.2.1.72
ujjayana	ujjayana	10732	2	P.4.2.82|P.4.2.127
ukTa	uktha	10588	1	P.4.2.60
ukTaSas	ukthaśas	10596	1	P.3.2.71
ukTya	ukthya	10604	1	P.5.4.30
uka	uka	10581	1	P.1.4.57
ukti	ukti	10587	2	P.7.2.10|P.7.2.110
ukzatara	ukṣatara	10613	1	P.5.3.91
ulUKala	ulūkhala	12543	3	P.2.2.31|P.2.4.14|P.6.3.109
ulUkapAka	ulūkapāka	12541	1	P.7.3.53
ula	ula	12529	1	P.4.2.80
ulanda	ulanda	12531	1	P.4.2.80
ulapa	ulapa	68577	1	P.2.4.11
ullAGa	ullāgha	12568	1	P.8.2.55
ullAGay	ullāghay	68600	1	P.8.2.55
ullU	ullū	12578	1	P.6.4.83
ulya	ulya	12563	1	P.4.2.80
umA	umā	12395	1	P.5.2.4
umApuzpakazAya	umāpuṣpakaṣāya	12399	1	P.6.2.10
umBi	umbhi	12407	1	P.4.2.95
umya	umya	12408	1	P.5.2.4
unmadizRu	unmadiṣṇu	11592	1	P.3.2.136
unmanAy	unmanāy	11595	1	P.3.1.12
unmanI	unmanī	11596	1	P.5.4.51
unmanas	unmanas	11593	1	P.5.2.80
unmattagaNga	unmattagaṅga	11585	1	P.2.1.21
unmattapralapita	unmattapralapita	11586	1	P.6.2.149
unmfjAvamfjA	unmṛjāvamṛjā	11628	1	P.2.1.72
unmuh	unmuh	11624	1	P.8.2.33
unnAya	unnāya	11573	1	P.3.3.26
unnI	unnī	11576	1	P.6.4.82
unnIya	unnīya	11577	1	P.3.1.123
unnasa	unnasa	11570	1	P.5.4.119
unnaya	unnaya	11567	1	P.3.3.26
upADi	upādhi	12276	4	P.4.2.24|P.4.2.67|P.5.1.16|P.7.2.15
upADyAya	upādhyāya	12279	1	P.3.3.21
upAKya	upākhya	12255	1	P.6.3.80
upAMSu	upāṃśu	12247	2	P.1.1.37|P.1.2.34
upAdAna	upādāna	12273	4	P.2.3.73|P.2.4.32|P.3.1.76|P.4.2.93
upAgni	upāgni	12259	1	P.1.1.41
upAgra	upāgra	12260	1	P.8.3.18
upAgrahAyaRam	upāgrahāyaṇam	12262	1	P.5.4.110
upAje	upāje	12269	1	P.1.4.73
upAjina	upājina	12268	2	P.6.2.184|P.6.2.194
upAkfta	upākṛta	12252	1	P.2.1.59
upAkftin	upākṛtin	12253	1	P.5.2.88
upAkzam	upākṣam	12254	1	P.6.2.121
upAnah	upānah	12282	5	P.5.4.107|P.5.4.151|P.6.1.106|P.6.3.116|P.8.2.34
upAnasa	upānasa	12281	1	P.5.4.94
upAntya	upāntya	12287	1	P.5.4.90
upAsAdita	upāsādita	12322	1	P.5.2.88
upAtyaya	upātyaya	12272	1	P.3.3.38
upa	upa	11634	11	P.1.4.57|P.1.4.60|P.1.4.87|P.2.1.6|P.2.2.25|P.2.3.9|P.2.4.83|P.2.4.84|P.6.2.33|P.6.2.194|P.8.1.6
upaDA	upadhā	11824	3	P.1.1.65|P.3.3.106|P.4.1.54
upaDAna	upadhāna	11826	2	P.4.4.125|P.6.3.39
upaDeya	upadheya	11835	1	P.4.4.127
upaDi	upadhi	11831	1	P.5.1.13
upaDmAnIya	upadhmānīya	11838	2	P.1.1.9|P.8.3.37
upaGna	upaghna	11722	1	P.3.3.85
upaSAla	upaśāla	12113	1	P.6.2.121
upaSAntvana	upaśāntvana	12110	1	P.1.3.47
upaSAya	upaśāya	12111	1	P.3.3.39
upaSaradam	upaśaradam	12107	1	P.5.4.107
upaSaya	upaśaya	12106	1	P.3.3.39
upaSleza	upaśleṣa	12123	1	P.1.4.75
upaSlokay	upaślokay	12124	1	P.3.1.25
upaSunam	upaśunam	12117	1	P.5.4.77
upabAhu	upabāhu	11917	1	P.4.1.96
upabahu	upabahu	11915	1	P.5.4.73
upacAku	upacāku	11731	1	P.4.1.96
upacAra	upacāra	11734	5	P.4.1.32|P.4.1.103|P.4.3.48|P.4.3.86|P.8.3.48
upacAyya	upacāyya	11733	2	P.3.1.123|P.3.1.131
upacCandana	upacchandana	11744	1	P.1.3.47
upacarma	upacarma	11729	1	P.5.4.109
upaceya	upaceya	11743	1	P.3.1.131
upadA	upadā	11792	2	P.3.3.106|P.5.1.47
upadAna	upadāna	11793	1	P.6.4.63
upadaSa	upadaśa	11791	2	P.2.4.16|P.5.4.73
upadeSa	upadeśa	11807	10	P.1.3.2|P.1.4.70|P.6.1.45|P.6.1.59|P.6.1.64|P.6.1.65|P.6.1.186|P.6.4.37|P.6.4.62|P.7.3.34
upadeva	upadeva	11805	1	P.6.2.194
upadfzad	upadṛṣad	11804	1	P.5.4.111
upagIti	upagīti	119052	2	P.3.3.95|P.6.2.50
upagOra	upagaura	11711	1	P.6.2.194
upagUQa	upagūḍha	11708	1	P.4.2.80
upagaRa	upagaṇa	11691	1	P.5.4.73
upagiram	upagiram	11701	1	P.5.4.112
upagiri	upagiri	11702	1	P.5.4.112
upagu	upagu	11704	3	P.1.1.48|P.4.1.15|P.4.3.120
upaguDa	upagudha	11705	1	P.6.2.194
upahUta	upahūta	12243	1	P.6.2.146
upahasta	upahasta	12235	1	P.4.4.12
upahava	upahava	12232	1	P.3.3.72
upahita	upahita	12242	1	P.6.2.146
upajAnu	upajānu	11755	1	P.4.3.40
upajApa	upajāpa	11756	1	P.3.3.61
upajYA	upajñā	11770	2	P.2.4.21|P.6.2.14
upajihvA	upajihvā	11760	1	P.6.2.194
upakUlam	upakūlam	11663	1	P.6.2.121
upaka	upaka	11635	3	P.2.4.68|P.2.4.69|P.5.3.80
upakaRWa	upakaṇṭha	11637	2	P.3.2.105|P.3.2.107
upakalpa	upakalpa	11646	1	P.6.2.194
upakanyA	upakanyā	11639	1	P.6.2.194
upakarRa	upakarṇa	11642	1	P.4.3.40
upakaraRa	upakaraṇa	11640	1	P.4.4.18
upakftin	upakṛtin	11666	1	P.5.2.88
upakfzRa	upakṛṣṇa	11667	1	P.6.2.194
upakrama	upakrama	11672	2	P.2.4.21|P.6.2.14
upalaBya	upalabhya	12036	1	P.7.1.66
upalakzaRa	upalakṣaṇa	12028	7	P.1.3.68|P.2.1.43|P.2.4.80|P.6.3.97|P.6.3.128|P.7.1.90|P.8.3.58
upalakzaka	upalakṣaka	12027	1	P.7.4.38
upalamBya	upalambhya	12039	1	P.7.1.66
upalewa	upaleṭa	12045	1	P.6.2.194
upalowa	upaloṭa	12049	1	P.6.2.194
upamA	upamā	11943	2	P.2.3.72|P.2.3.12643
upamAna	upamāna	11948	3	P.2.1.55|P.3.1.10|P.6.1.204
upamUlam	upamūlam	11957	1	P.6.2.121
upamantraRa	upamantraṇa	11934	1	P.1.3.47
upameya	upameya	11959	2	P.2.1.55|P.6.1.204
upanadam	upanadam	11843	1	P.5.4.110
upanipAta	upanipāta	11861	1	P.5.3.106
upaniveSin	upaniveśin	11865	1	P.1.4.1
upanizad	upaniṣad	11866	1	P.1.4.79
upanyAsa	upanyāsa	11873	1	P.3.3.154
upapAda	upapāda	11888	1	P.6.2.194
upapOrRamAsam	upapaurṇamāsam	11901	1	P.5.4.110
upapada	upapada	11879	5	P.1.3.16|P.1.3.71|P.2.2.19|P.3.1.92|P.6.2.139
upaqa	upaḍa	11773	1	P.5.3.80
uparADaya	uparādhaya	11996	1	P.5.1.124
uparAja	uparāja	11994	1	P.4.2.116
uparAjam	uparājam	11995	1	P.5.4.108
uparAva	uparāva	11998	1	P.3.3.22
uparama	uparama	11989	1	P.7.3.34
upari	upari	11999	7	P.2.3.2|P.3.3.9|P.3.3.80|P.5.3.31|P.6.2.188|P.8.1.7|P.8.2.102
uparimeKala	uparimekhala	12008	1	P.2.4.63
uparisTa	uparistha	68313	1	P.6.2.188
uparizwAt	upariṣṭāt	12012	1	P.5.2.31
uparoDin	uparodhin	12022	1	P.3.1.134
upasArya	upasārya	12164	1	P.3.1.104
upasTAnIya	upasthānīya	12203	1	P.3.4.68
upasTApana	upasthāpana	12204	1	P.5.1.111
upasTApya	upasthāpya	12205	1	P.2.3.65
upasTita	upasthita	12209	2	P.6.1.129|P.6.2.146
upasTiti	upasthiti	119112	2	P.3.3.95|P.6.2.50
upasaMBAzA	upasaṃbhāṣā	12155	1	P.1.3.47
upasaMgraha	upasaṃgraha	12136	1	P.7.4.65
upasaMkramaRa	upasaṃkramaṇa	12133	1	P.5.1.97
upasaMpatti	upasaṃpatti	12153	1	P.6.2.56
upasaMvAda	upasaṃvāda	12129	1	P.3.4.8
upasaMvyAna	upasaṃvyāna	12130	1	P.1.1.36
upasamADAna	upasamādhāna	12150	1	P.3.3.41
upasamid	upasamid	12152	1	P.5.4.111
upasara	upasara	12156	1	P.3.3.71
upasaraja	upasaraja	119100	1	P.6.2.83
upasarga	upasarga	12158	4	P.1.4.59|P.6.3.97|P.6.3.122|P.7.3.53
upasarjana	upasarjana	12159	8	P.1.2.43|P.1.2.48|P.1.2.57|P.2.2.30|P.4.1.14|P.4.1.54|P.6.2.36|P.6.3.82
upasaryA	upasaryā	12163	1	P.3.1.104
upaskfti	upaskṛti	12182	1	P.8.3.5
upasnihiti	upasnihiti	12214	1	P.7.2.9
upasoma	upasoma	12178	1	P.6.2.194
upatApa	upatāpa	11779	2	P.5.2.128|P.7.3.61
upatEla	upataila	11786	1	P.6.2.194
upatIram	upatīram	11783	1	P.6.2.121
upatUlam	upatūlam	11784	1	P.6.2.121
upatya	upatya	11787	1	P.5.2.34
upavAsa	upavāsa	12076	1	P.2.4.31
upavIRay	upavīṇay	12086	1	P.3.1.25
upavasaTa	upavasatha	12061	1	P.6.2.144
upavastar	upavastar	12065	1	P.5.1.105
upavasti	upavasti	12066	1	P.4.4.12
upavindu	upavindu	12083	1	P.4.1.96
upavipASam	upavipāśam	12084	1	P.5.4.107
upayAja	upayāja	11968	1	P.7.3.62
upayAma	upayāma	11970	1	P.3.3.63
upayAmavant	upayāmavant	11971	1	P.5.2.136
upayaj	upayaj	11960	2	P.3.2.73|P.8.2.36
upayama	upayama	11963	1	P.3.3.63
upayamana	upayamana	11964	3	P.1.2.16|P.1.4.77|P.4.2.13
upayoga	upayoga	11977	2	P.1.3.32|P.1.4.29
upayogin	upayogin	11979	1	P.3.4.53
upekzya	upekṣya	12337	1	P.7.2.10
upendradatta	upendradatta	12342	1	P.5.3.80
upika	upika	12330	1	P.5.3.80
upottama	upottama	12350	4	P.4.1.78|P.5.1.132|P.6.1.180|P.6.1.217
upta	upta	12363	1	P.2.2.31
uptrima	uptrima	12365	1	P.3.3.88
uraSa	uraśa	12426	4	P.4.1.154|P.4.1.178|P.4.2.82|P.4.3.93
urala	urala	12425	1	P.4.2.80
urarI	urarī	12424	1	P.1.4.61
uras	uras	12428	3	P.1.4.75|P.4.1.154|P.5.4.151
urasa	urasa	12429	2	P.5.2.127|P.5.4.93
urasila	urasila	12433	1	P.5.2.100
urasiloman	urasiloman	12434	2	P.2.2.35|P.6.3.12
urastas	urastas	12437	1	P.4.3.114
urasy	urasy	12439	1	P.3.1.27
urasya	urasya	12440	3	P.4.3.114|P.4.4.94|P.5.3.103
uru	uru	12448	3	P.6.4.157|P.8.3.49|P.8.4.27
uruvyacas	uruvyacas	12483	1	P.1.2.1
uruyA	uruyā	12475	1	P.7.1.39
uruzy	uruṣy	12489	1	P.6.3.133
urva	urva	12509	2	P.2.4.64|P.4.1.104
utTAna	utthāna	11010	1	P.1.2.57
utTApanIya	utthāpanīya	11014	1	P.5.1.111
uta	uta	10779	6	P.1.1.15|P.3.3.152|P.8.1.44|P.8.1.49|P.8.1.50|P.8.3.67
utkAkud	utkākud	10816	1	P.5.4.148
utkAra	utkāra	10818	1	P.3.3.30
utkAsa	utkāsa	10822	1	P.2.4.63
utka	utka	10784	1	P.5.2.80
utkaRW	utkaṇṭh	10790	1	P.5.2.36
utkarIya	utkarīya	10800	1	P.4.2.90
utkara	utkara	10798	1	P.3.3.30
utkarza	utkarṣa	10804	1	P.4.1.165
utkarzita	utkarṣita	10807	1	P.5.2.36
utkawa	utkaṭa	10788	1	P.5.2.29
utkfzwa	utkṛṣṭa	10835	1	P.2.1.61
utkoca	utkoca	10836	1	P.5.1.47
utkowa	utkoṭa	10838	1	P.1.2.1
utkroSIya	utkrośīya	10845	1	P.4.2.90
utkzepa	utkṣepa	10854	1	P.4.1.112
utpAdana	utpādana	11064	1	P.8.1.8
utpAta	utpāta	11060	1	P.5.1.38
utpAva	utpāva	11071	1	P.3.3.49
utpAwana	utpāṭana	11058	1	P.4.4.88
utpacanipacA	utpacanipacā	11022	1	P.2.1.72
utpacizRu	utpaciṣṇu	11023	1	P.3.2.136
utpalin	utpalin	11052	1	P.5.2.135
utpatanipatA	utpatanipatā	11027	1	P.2.1.72
utpatizRu	utpatiṣṇu	11032	1	P.3.2.136
utpatti	utpatti	11033	3	P.3.3.111|P.4.3.48|P.5.1.114
utpatyapAkalA	utpatyapākalā	11035	1	P.2.1.72
utpucCa	utpuccha	11077	4	P.3.1.20|P.3.1.89|P.6.2.196|P.6.4.51
utputa	utputa	11080	1	P.4.4.15
utpuwa	utpuṭa	11078	2	P.4.2.75|P.4.4.15
utsAhaka	utsāhaka	11117	2	P.2.2.9|P.6.2.151
utsAhavant	utsāhavant	11119	1	P.5.2.136
utsAhin	utsāhin	11122	2	P.3.1.134|P.5.2.136
utsaYjana	utsañjana	11097	1	P.1.3.36
utsarga	utsarga	11102	2	P.3.1.94|P.8.4.66
utseDa	utsedha	11132	1	P.5.2.21
utsukAy	utsukāy	11126	1	P.3.1.12
utsuka	utsuka	11124	1	P.3.1.12
uttAna	uttāna	10978	1	P.2.1.10
uttamArDa	uttamārdha	10882	1	P.4.3.5
uttamBitavya	uttambhitavya	10887	1	P.8.4.61
uttamIya	uttamīya	10883	1	P.4.2.138
uttama	uttama	10870	6	P.1.4.101|P.1.4.106|P.1.4.107|P.2.1.61|P.3.4.92|P.6.1.160
uttamaSAKa	uttamaśākha	10877	1	P.4.2.138
uttamapuruza	uttamapuruṣa	10871	2	P.1.4.107|P.3.4.92
uttamarRa	uttamarṇa	10874	1	P.1.4.35
uttamaraTya	uttamarathya	10873	1	P.4.3.121
uttarA	uttarā	10948	2	P.2.3.29|P.5.3.38
uttarASman	uttarāśman	10961	1	P.4.2.80
uttarAhi	uttarāhi	10966	2	P.2.3.29|P.5.3.38
uttarAt	uttarāt	10949	1	P.5.3.34
uttarIya	uttarīya	10969	1	P.4.2.38
uttara	uttara	10888	8	P.1.1.28|P.1.1.34|P.2.2.1|P.2.4.68|P.3.1.6|P.3.1.83|P.7.1.16|P.8.1.11
uttaraDurIRa	uttaradhurīṇa	10909	1	P.4.4.78
uttaram	uttaram	10926	2	P.3.2.4|P.4.1.111
uttarapUrva	uttarapūrva	10923	2	P.1.1.28|P.5.4.154
uttarapaScima	uttarapaścima	10920	1	P.2.2.26
uttarapaTa	uttarapatha	10913	1	P.5.1.77
uttarapada	uttarapada	10915	2	P.5.4.7|P.7.3.10
uttaraparigrAha	uttaraparigrāha	10917	1	P.3.3.47
uttarasakTa	uttarasaktha	10944	1	P.5.4.98
uttaratas	uttaratas	10904	2	P.2.3.30|P.5.3.28
uttaratra	uttaratra	10906	2	P.1.3.84|P.3.1.9
uttareRa	uttareṇa	10971	2	P.2.3.31|P.5.3.35
uttaredyus	uttaredyus	10973	1	P.5.3.22
uz	uṣ	12602	2	P.3.1.38|P.6.1.90
uzA	uṣā	12624	1	P.1.1.37
uzRa	uṣṇa	12643	1	P.1.4.74
uzRaBojin	uṣṇabhojin	68644	1	P.3.2.78
uzRaka	uṣṇaka	12644	3	P.5.2.72|P.5.2.81|P.5.4.29
uzRih	uṣṇih	12666	1	P.3.2.59
uzRihA	uṣṇihā	12667	1	P.4.1.4
uzRij	uṣṇij	12664	1	P.5.4.38
uzRikA	uṣṇikā	12663	1	P.5.2.71
uzRiman	uṣṇiman	12665	1	P.5.1.123
uzas	uṣas	12618	2	P.6.3.31|P.7.3.31
uzasy	uṣasy	12620	1	P.3.1.27
uzasya	uṣasya	12621	1	P.4.2.31
uzwra	uṣṭra	12634	4	P.2.4.11|P.3.2.79|P.6.2.40|P.6.2.80
uzwragrIva	uṣṭragrīva	12637	2	P.1.1.63|P.5.3.100
uzwrasTAna	uṣṭrasthāna	12641	1	P.4.3.35
vA	vā	89280	16	P.1.1.11|P.1.2.13|P.1.2.35|P.1.4.57|P.2.4.41|P.3.4.111|P.6.1.16|P.6.1.38|P.6.1.41|P.6.4.2|P.7.2.61|P.7.2.72|P.7.3.37|P.8.1.24|P.8.1.58|P.8.4.17
vADUleya	vādhūleya	89895	1	P.6.2.37
vADava	vādhava	89887	1	P.5.1.129
vADavaka	vādhavaka	89888	1	P.4.3.118
vAMSaBArika	vāṃśabhārika	89283	1	P.5.1.50
vAMSakaWinika	vāṃśakaṭhinika	89282	1	P.4.4.72
vAMSika	vāṃśika	89284	1	P.5.1.50
vANga	vāṅga	89428	1	P.4.1.170
vANgaka	vāṅgaka	89429	1	P.4.3.100
vANmanas	vāṅmanas	89435	1	P.5.4.77
vANmaya	vāṅmaya	89436	1	P.4.3.144
vARija	vāṇija	89630	2	P.5.4.38|P.6.2.13
vARijaka	vāṇijaka	89631	1	P.4.2.54
vARijya	vāṇijya	89633	1	P.5.1.126
vARikAjya	vāṇikājya	89629	1	P.4.2.54
vASana	vāśana	90529	1	P.3.1.134
vAcAla	vācāla	89465	1	P.5.2.125
vAcAwa	vācāṭa	89463	1	P.5.2.125
vAcaMyama	vācaṃyama	89441	2	P.3.2.40|P.6.3.69
vAcakatva	vācakatva	89445	1	P.1.2.10
vAcanika	vācanika	89452	1	P.6.1.116
vAcika	vācika	89472	1	P.5.4.35
vAcin	vācin	89476	3	P.1.1.35|P.1.4.105|P.7.2.10
vAcy	vācy	89480	1	P.1.4.15
vAcya	vācya	89482	5	P.1.2.43|P.1.4.105|P.3.1.22|P.4.1.151|P.7.3.67
vAcyaliNgatva	vācyaliṅgatva	89487	1	P.2.4.18
vAdAyana	vādāyana	89863	1	P.4.1.110
vAdana	vādana	89849	1	P.4.4.55
vAdya	vādya	89881	1	P.3.3.106
vAgmAyana	vāgmāyana	89400	2	P.4.1.110|P.6.4.144
vAgmin	vāgmin	89403	1	P.5.2.124
vAgvipruza	vāgvipruṣa	89419	1	P.5.4.106
vAgyAma	vāgyāma	89407	1	P.3.2.40
vAh	vāh	90701	1	P.7.2.18
vAhana	vāhana	90708	1	P.8.4.8
vAhanika	vāhanika	90713	1	P.4.4.12
vAhika	vāhika	90721	1	P.5.1.20
vAhya	vāhya	90734	2	P.3.1.102|P.8.4.8
vAhyakAyani	vāhyakāyani	90736	1	P.4.1.154
vAhyaskAyana	vāhyaskāyana	90740	1	P.4.1.100
vAhyaska	vāhyaska	90739	1	P.4.1.104
vAjapeyika	vājapeyika	89507	2	P.4.3.68|P.5.1.95
vAjapyAyana	vājapyāyana	89511	1	P.4.1.99
vAjapya	vājapya	89510	1	P.4.1.99
vAjasaneya	vājasaneya	89538	1	P.4.3.106
vAjasaneyin	vājasaneyin	89540	1	P.4.3.106
vAjavatAyani	vājavatāyani	89529	1	P.4.1.154
vAjavata	vājavata	89528	1	P.4.1.154
vAjay	vājay	89523	1	P.7.3.38
vAjreya	vājreya	89581	1	P.4.2.80
vAjya	vājya	89580	1	P.4.1.105
vAkina	vākina	89289	1	P.4.1.158
vAkinakAyani	vākinakāyani	89290	1	P.4.1.158
vAkpati	vākpati	89307	1	P.6.2.19
vAkrya	vākrya	89347	1	P.5.1.123
vAktvaca	vāktvaca	89303	1	P.5.4.106
vAkyADyAhAra	vākyādhyāhāra	89341	1	P.6.1.139
vAkya	vākya	89318	10	P.1.1.14|P.1.1.30|P.1.2.33|P.1.2.46|P.3.1.124|P.4.1.82|P.7.3.52|P.7.3.67|P.8.1.20|P.8.3.85
vAkyapadIya	vākyapadīya	89326	1	P.4.3.88
vAla	vāla	90450	4	P.2.4.31|P.4.1.45|P.4.1.56|P.4.3.151
vAlavAya	vālavāya	90465	2	P.6.2.76|P.6.2.77
vAlgavyAyanI	vālgavyāyanī	90500	1	P.4.1.18
vAlgavya	vālgavya	90499	1	P.4.1.105
vAlguka	vālguka	90501	1	P.5.3.108
vAlikAjya	vālikājya	90478	1	P.4.2.54
vAlikAyana	vālikāyana	90479	1	P.4.2.80
vAlmIkIya	vālmīkīya	90507	1	P.4.2.138
vAlmIki	vālmīki	90506	1	P.4.2.138
vAlmikIya	vālmikīya	90503	1	P.4.2.138
vAlmiki	vālmiki	90502	1	P.4.2.138
vAm	vām	89970	2	P.8.1.20|P.8.1.24
vAma	vāma	89973	3	P.3.1.140|P.6.2.40|P.7.3.34
vAmadevya	vāmadevya	89988	1	P.4.2.9
vAman	vāman	89990	1	P.5.2.100
vAmana	vāmana	89991	2	P.5.2.100|P.6.3.34
vAmaraTa	vāmaratha	90013	1	P.4.1.151
vAmaraTya	vāmarathya	90014	1	P.4.1.151
vAmoru	vāmoru	90030	1	P.4.1.70
vAnAma	vānāma	89931	2	P.8.1.27|P.8.1.57
vAnakOSAmbeya	vānakauśāmbeya	89905	1	P.4.2.97
vApa	vāpa	89950	2	P.5.1.45|P.8.4.11
vApay	vāpay	89956	1	P.7.3.38
vApi	vāpi	89959	1	P.4.2.80
vApin	vāpin	89961	1	P.8.4.11
vApya	vāpya	89965	1	P.3.1.126
vAqaBIkArya	vāḍabhīkārya	89607	1	P.4.1.151
vAqava	vāḍava	89608	6	P.4.1.120|P.4.2.42|P.4.2.45|P.5.1.124|P.6.2.65|P.8.2.106
vAqavahArya	vāḍavahārya	89612	1	P.6.2.65
vAqavaharaRa	vāḍavaharaṇa	89610	1	P.6.2.65
vAqaveya	vāḍaveya	89615	2	P.4.1.120|P.4.2.97
vAqavya	vāḍavya	89616	2	P.4.2.42|P.5.1.124
vArARasI	vārāṇasī	90199	2	P.2.1.16|P.4.2.97
vArARaseya	vārāṇaseya	90200	1	P.4.2.97
vArAhaka	vārāhaka	90205	1	P.4.2.80
vArAhyA	vārāhyā	90213	1	P.4.1.78
vArAwaki	vārāṭaki	90198	1	P.4.2.138
vArDrIRasa	vārdhrīṇasa	90392	2	P.5.4.118|P.8.4.3
vArDra	vārdhra	90390	2	P.4.3.151|P.5.1.15
vArQya	vārḍhya	90331	1	P.5.1.123
vArRaka	vārṇaka	90332	1	P.4.2.111
vArRakya	vārṇakya	90333	1	P.4.1.105
vArRava	vārṇava	90334	3	P.4.2.77|P.4.2.133|P.4.3.93
vArRavaka	vārṇavaka	90335	1	P.4.2.134
vAra	vāra	90137	1	P.5.4.17
vAraRa	vāraṇa	90149	4	P.1.4.27|P.2.1.2|P.6.3.30|P.6.3.35
vArabARa	vārabāṇa	90173	1	P.2.4.31
vAraruca	vāraruca	90180	1	P.4.3.116
vAratantavIya	vāratantavīya	90166	1	P.4.3.102
vAratraka	vāratraka	90168	1	P.4.2.53
vAravAraRa	vāravāraṇa	90189	1	P.2.4.31
vAravantIya	vāravantīya	90187	1	P.5.2.59
vArcalIya	vārcalīya	90328	1	P.4.2.80
vArdAlI	vārdālī	90373	2	P.4.2.86|P.8.2.11
vArdDAyana	vārddhāyana	90379	1	P.4.1.100
vArdDa	vārddha	90374	1	P.4.1.104
vArdDuzika	vārddhuṣika	90382	1	P.4.4.30
vAreRyAyani	vāreṇyāyani	90310	1	P.4.1.154
vAripaTa	vāripatha	90247	1	P.5.3.100
vAripaTika	vāripathika	90248	1	P.5.1.77
vArizeRa	vāriṣeṇa	90283	1	P.8.3.99
vArjyaka	vārjyaka	90330	1	P.4.2.127
vArkabanDavika	vārkabandhavika	90316	1	P.4.1.146
vArkagrAhika	vārkagrāhika	90314	1	P.4.1.146
vArkaleya	vārkaleya	90318	1	P.2.4.61
vArkali	vārkali	90317	2	P.2.4.61|P.4.1.96
vArkavaYcaka	vārkavañcaka	90319	2	P.4.1.146|P.6.4.144
vArkeRI	vārkeṇī	90322	1	P.5.3.115
vArkeRya	vārkeṇya	90323	1	P.5.3.115
vArkzyAyaRI	vārkṣyāyaṇī	90326	1	P.4.1.18
vArkzya	vārkṣya	90325	1	P.4.1.105
vArmateya	vārmateya	90397	2	P.4.2.95|P.4.3.94
vArmikya	vārmikya	90399	1	P.5.1.125
vArtanAkza	vārtanākṣa	90339	1	P.4.1.112
vArtana	vārtana	90338	1	P.4.2.125
vArtraGna	vārtraghna	90367	2	P.5.2.61|P.6.4.135
vArttika	vārttika	90357	3	P.3.1.20|P.4.2.60|P.4.4.102
vArttikakAra	vārttikakāra	90358	2	P.7.3.59|P.8.3.5
vAruRa	vāruṇa	90297	1	P.4.2.75
vAruqaka	vāruḍaka	90295	1	P.4.3.118
vAruqaki	vāruḍaki	90296	1	P.4.1.97
vArvara	vārvara	90414	1	P.4.3.93
vArvaraka	vārvaraka	90415	1	P.4.2.127
vArya	vārya	90403	2	P.3.1.101|P.6.1.214
vArzAyaRi	vārṣāyaṇi	90434	1	P.4.1.154
vArzRika	vārṣṇika	90443	1	P.4.1.112
vArza	vārṣa	90418	1	P.5.1.122
vArzada	vārṣada	90423	1	P.4.1.86
vArzadaMSa	vārṣadaṃśa	90424	1	P.4.1.86
vArzagaRa	vārṣagaṇa	90420	1	P.4.2.111
vArzagaRya	vārṣagaṇya	90422	1	P.4.1.105
vArzala	vārṣala	90428	1	P.5.1.130
vArzali	vārṣali	90429	1	P.4.1.96
vArzika	vārṣika	90436	4	P.4.2.63|P.4.3.18|P.5.1.88|P.7.3.16
vArzwya	vārṣṭya	90440	1	P.4.2.80
vAsAtaka	vāsātaka	90610	1	P.4.2.53
vAsa	vāsa	90546	1	P.6.3.18
vAsana	vāsana	90566	1	P.5.1.27
vAsanta	vāsanta	90569	2	P.4.3.43|P.4.3.46
vAsantaka	vāsantaka	90570	1	P.4.3.46
vAsantika	vāsantika	90571	3	P.4.2.63|P.4.3.20|P.5.1.96
vAsateya	vāsateya	90562	1	P.4.4.104
vAsava	vāsava	90592	2	P.5.2.61|P.5.3.117
vAsavadatteya	vāsavadatteya	90596	1	P.4.1.113
vAsaveya	vāsaveya	90601	1	P.4.2.80
vAsay	vāsay	90578	1	P.3.2.31
vAsila	vāsila	90628	1	P.4.2.80
vAsin	vāsin	90624	2	P.4.4.108|P.6.3.18
vAsinAyani	vāsināyani	90627	2	P.4.1.157|P.6.4.174
vAsizWAyani	vāsiṣṭhāyani	90634	1	P.4.2.80
vAsizWa	vāsiṣṭha	90631	6	P.2.4.58|P.4.1.78|P.4.1.99|P.4.1.114|P.4.2.7|P.4.3.69
vAsizWika	vāsiṣṭhika	90635	1	P.4.3.69
vAsteya	vāsteya	90687	2	P.4.3.56|P.5.3.101
vAstozpatIya	vāstoṣpatīya	90689	1	P.4.2.32
vAstozpatya	vāstoṣpatya	90690	1	P.4.2.32
vAstra	vāstra	90691	1	P.4.2.10
vAstuvidyA	vāstuvidyā	90678	1	P.4.3.73
vAstuvidya	vāstuvidya	90677	1	P.4.3.73
vAstva	vāstva	90692	1	P.6.4.175
vAsudeva	vāsudeva	90643	2	P.4.1.114|P.4.3.98
vAsudevaka	vāsudevaka	90645	1	P.4.3.98
vAsuka	vāsuka	90639	1	P.5.1.39
vAsumata	vāsumata	90653	1	P.5.2.61
vAt	vāt	89647	1	P.1.4.57
vAtAgara	vātāgara	89765	1	P.4.2.90
vAtUla	vātūla	89814	3	P.4.2.42|P.5.2.97|P.5.2.122
vAtaGna	vātaghna	89668	1	P.3.2.53
vAtaRqa	vātaṇḍa	89679	3	P.4.1.108|P.4.1.109|P.4.1.112
vAtaRqyAyanI	vātaṇḍyāyanī	89681	2	P.4.1.18|P.4.1.109
vAtaRqya	vātaṇḍya	89680	2	P.4.1.105|P.4.1.108
vAtaki	vātaki	89654	1	P.4.1.151
vAtakin	vātakin	89655	1	P.5.2.129
vAtakya	vātakya	89661	1	P.4.1.151
vAtatrARa	vātatrāṇa	89683	1	P.6.2.8
vAtavant	vātavant	89736	1	P.5.2.129
vAtsI	vātsī	89836	2	P.4.1.16|P.6.4.150
vAtsIya	vātsīya	89840	1	P.4.1.89
vAtsaSAla	vātsaśāla	89834	1	P.4.3.36
vAtsaka	vātsaka	89828	2	P.4.2.39|P.6.4.151
vAtsodDaraRa	vātsoddharaṇa	89841	1	P.4.3.93
vAtsyAyana	vātsyāyana	89844	1	P.4.1.73
vAtsya	vātsya	89842	4	P.4.1.105|P.5.1.122|P.6.1.197|P.8.4.66
vAtyA	vātyā	89823	2	P.4.2.42|P.4.2.49
vAva	vāva	90511	1	P.8.1.64
vAvadUka	vāvadūka	90512	1	P.4.1.151
vAvadUkya	vāvadūkya	90514	1	P.4.1.151
vAw	vāṭ	89586	2	P.1.4.2|P.1.4.57
vAwAkavi	vāṭākavi	89595	1	P.4.1.96
vAwara	vāṭara	89593	1	P.4.3.119
vAya	vāya	90037	1	P.3.3.2
vAyarajju	vāyarajju	90046	1	P.5.3.100
vAyasa	vāyasa	90051	4	P.4.2.37|P.5.2.61|P.5.3.117|P.5.4.38
vAyaska	vāyaska	90064	1	P.5.4.29
vAyavya	vāyavya	90049	1	P.4.2.31
vAyudatta	vāyudatta	90080	2	P.4.1.123|P.4.2.104
vAyudatteya	vāyudatteya	90082	2	P.4.1.123|P.4.2.80
vAyumant	vāyumant	90106	1	P.8.2.9
vE	vai	95577	3	P.1.4.57|P.6.1.94|P.8.1.64
vEBItaka	vaibhītaka	95850	1	P.4.3.154
vEBagnaka	vaibhagnaka	95839	1	P.4.2.80
vEDaveya	vaidhaveya	95787	1	P.4.1.123
vEGAtya	vaighātya	95635	1	P.5.1.124
vEMSatika	vaiṃśatika	95578	1	P.5.1.27
vENgi	vaiṅgi	95637	1	P.4.2.113
vENki	vaiṅki	95636	2	P.2.4.61|P.2.4.66
vERava	vaiṇava	95676	1	P.4.3.136
vERukIya	vaiṇukīya	95684	1	P.4.2.138
vERuka	vaiṇuka	95683	2	P.4.4.103|P.6.4.153
vESAKa	vaiśākha	96018	1	P.5.1.110
vESAlAyana	vaiśālāyana	96024	1	P.4.1.110
vESAlIya	vaiśālīya	96028	1	P.4.2.80
vESAradya	vaiśāradya	96021	1	P.5.1.123
vESIti	vaiśīti	96035	1	P.2.4.61
vESaMpApana	vaiśaṃpāpana	96012	2	P.4.1.110|P.4.3.104
vESanta	vaiśanta	96011	1	P.4.4.112
vESastya	vaiśastya	96015	1	P.5.1.124
vESeya	vaiśeya	96037	1	P.4.1.123
vESezika	vaiśeṣika	96038	1	P.5.4.34
vESiKa	vaiśikha	96032	1	P.4.4.62
vESika	vaiśika	96030	2	P.4.4.12|P.4.4.62
vESmIya	vaiśmīya	96041	1	P.4.2.80
vESravaRa	vaiśravaṇa	96051	1	P.4.1.112
vESreya	vaiśreya	96055	1	P.4.1.136
vESvAmitra	vaiśvāmitra	96094	2	P.4.1.78|P.4.1.114
vESvAmitrika	vaiśvāmitrika	96096	1	P.4.3.69
vESvAnarAyaRa	vaiśvānarāyaṇa	96091	1	P.4.1.110
vESvAnara	vaiśvānara	96083	1	P.4.1.104
vESvAvasavya	vaiśvāvasavya	96098	1	P.4.1.105
vESvaDEnava	vaiśvadhainava	96074	1	P.7.3.25
vESvaDa	vaiśvadha	96072	1	P.4.4.62
vESvaDenava	vaiśvadhenava	96073	2	P.4.2.54|P.7.3.25
vESvadevaka	vaiśvadevaka	96064	1	P.5.1.133
vESvajanIna	vaiśvajanīna	96060	1	P.4.4.99
vESvakaTika	vaiśvakathika	96058	1	P.4.4.102
vESvamAnava	vaiśvamānava	96077	1	P.4.2.54
vEcitrya	vaicitrya	95645	1	P.3.3.96
vEdAyana	vaidāyana	95735	1	P.4.1.110
vEda	vaida	95717	7	P.2.4.58|P.2.4.64|P.4.1.15|P.4.1.73|P.4.1.104|P.4.3.127|P.8.2.4
vEdaBftya	vaidabhṛtya	95727	2	P.4.1.105|P.5.3.108
vEdaTina	vaidathina	95722	1	P.6.4.165
vEdagDaka	vaidagdhaka	95719	1	P.4.2.80
vEdata	vaidata	95721	1	P.5.4.38
vEdeha	vaideha	95749	1	P.4.1.178
vEdehaka	vaidehaka	95750	1	P.4.2.127
vEdehibanDu	vaidehibandhu	95752	1	P.6.3.63
vEdi	vaidi	95737	1	P.4.1.104
vEdiSa	vaidiśa	95739	1	P.4.2.70
vEdika	vaidika	95738	2	P.1.1.16|P.6.1.129
vEduza	vaiduṣa	95743	1	P.5.4.38
vEdya	vaidya	95753	3	P.4.3.73|P.5.4.38|P.6.4.150
vEgrahi	vaigrahi	95630	1	P.4.2.80
vEgreya	vaigreya	95632	1	P.4.1.123
vEhati	vaihati	96150	1	P.2.4.61
vEjApaka	vaijāpaka	95662	1	P.4.2.133
vEjagDaka	vaijagdhaka	95648	1	P.4.2.80
vEkArimata	vaikārimata	95602	1	P.2.2.31
vEkAseya	vaikāseya	95605	1	P.4.1.123
vEkaMseya	vaikaṃseya	95579	1	P.4.1.123
vEkaNkata	vaikaṅkata	95583	1	P.4.3.141
vEkaTika	vaikathika	95586	1	P.4.4.102
vEkalpika	vaikalpika	95598	4	P.2.1.4|P.4.3.31|P.4.4.110|P.7.1.21
vEkalya	vaikalya	95599	1	P.6.2.6
vEkarRa	vaikarṇa	95590	1	P.4.1.117
vEkarReya	vaikarṇeya	95593	1	P.4.1.124
vEkarRi	vaikarṇi	95592	3	P.2.4.61|P.4.1.117|P.4.1.124
vEkara	vaikara	95588	1	P.4.1.86
vEkarya	vaikarya	95596	1	P.4.2.80
vEkayata	vaikayata	95587	1	P.4.2.54
vEkfta	vaikṛta	95612	1	P.6.1.139
vEki	vaiki	95606	1	P.2.4.61
vEkuwyAsIya	vaikuṭyāsīya	95608	1	P.4.2.80
vEkza	vaikṣa	95623	1	P.4.4.62
vElAtya	vailātya	95995	1	P.5.1.123
vElepika	vailepika	95996	1	P.4.4.48
vEmAtreya	vaimātreya	95866	1	P.4.1.123
vEma	vaima	95856	2	P.4.2.75|P.6.4.144
vEmana	vaimana	95861	1	P.6.4.167
vEmanasya	vaimanasya	95862	1	P.5.1.123
vEmanya	vaimanya	95863	1	P.6.4.168
vEmatAyana	vaimatāyana	95857	1	P.4.2.80
vEmatya	vaimatya	95859	2	P.4.1.151|P.5.1.123
vEmukta	vaimukta	95869	1	P.5.2.61
vEnada	vainada	95804	1	P.4.1.86
vEnatIya	vainatīya	95801	1	P.4.2.80
vEnateya	vainateya	95802	3	P.4.1.15|P.4.1.113|P.4.1.120
vEnayika	vainayika	95806	1	P.5.4.34
vEnya	vainya	95814	1	P.4.1.151
vEpASAyana	vaipāśāyana	95828	1	P.4.1.98
vEpASAyanya	vaipāśāyanya	95829	1	P.4.1.98
vEpASa	vaipāśa	95826	1	P.4.1.112
vEpASaka	vaipāśaka	95827	1	P.4.2.80
vEpAtya	vaipātya	95822	1	P.5.1.124
vEpaTaka	vaipathaka	95818	1	P.4.2.80
vEpraSnika	vaipraśnika	95835	1	P.5.1.64
vEpraciti	vaipraciti	95832	1	P.4.2.80
vEprakarzika	vaiprakarṣika	95831	1	P.5.1.64
vEprayogika	vaiprayogika	95834	1	P.5.1.64
vEqUrya	vaiḍūrya	95668	1	P.4.3.84
vErADayya	vairādhayya	95955	1	P.5.1.124
vErARaka	vairāṇaka	95954	1	P.4.2.90
vErAy	vairāy	95961	1	P.3.1.17
vErUpAkza	vairūpākṣa	95974	1	P.4.1.112
vEra	vaira	95906	1	P.4.3.125
vEraNgika	vairaṅgika	95917	1	P.5.1.64
vEraRaka	vairaṇaka	95920	1	P.4.2.80
vErakAra	vairakāra	95910	1	P.3.2.23
vEraki	vairaki	95913	1	P.2.4.61
vEratya	vairatya	95925	1	P.4.2.80
vEreya	vaireya	95980	1	P.4.2.80
vErohita	vairohita	95989	1	P.4.2.111
vErohitya	vairohitya	95990	1	P.4.1.105
vEsAriRa	vaisāriṇa	96140	1	P.5.4.16
vEsargika	vaisargika	96134	1	P.5.1.101
vEsreya	vaisreya	96146	1	P.4.1.123
vEtaRqika	vaitaṇḍika	95689	1	P.4.4.102
vEtanika	vaitanika	95693	1	P.4.4.12
vEtasaka	vaitasaka	95697	1	P.6.4.153
vEtraka	vaitraka	95714	1	P.6.4.153
vEtula	vaitula	95711	1	P.6.2.125
vEvaDika	vaivadhika	95998	1	P.4.4.17
vEwapa	vaiṭapa	95665	1	P.4.1.112
vEyAGra	vaiyāghra	95890	1	P.4.2.12
vEyAGrapadya	vaiyāghrapadya	95892	1	P.4.1.105
vEyAkaraRa	vaiyākaraṇa	95885	7	P.2.1.53|P.4.2.59|P.4.3.73|P.6.2.56|P.6.2.65|P.6.3.7|P.7.3.3
vEyAkfta	vaiyākṛta	95888	1	P.5.4.38
vEyAtya	vaiyātya	95896	2	P.5.1.123|P.7.2.19
vEyalkaSa	vaiyalkaśa	95880	1	P.7.3.4
vEyasana	vaiyasana	95884	1	P.7.3.3
vEyuzwa	vaiyuṣṭa	95904	1	P.5.1.97
vEzRavAyana	vaiṣṇavāyana	96127	1	P.4.1.100
vEzRava	vaiṣṇava	96117	1	P.4.1.104
vEzamasTya	vaiṣamasthya	96102	1	P.5.1.124
vEzamya	vaiṣamya	96103	1	P.5.1.124
vEzaya	vaiṣaya	96105	1	P.4.2.38
vEzayika	vaiṣayika	96106	1	P.1.4.45
vEzwapureya	vaiṣṭapureya	96111	1	P.4.1.123
vI	vī	94347	2	P.2.4.56|P.6.1.55
vIRAla	vīṇāla	94399	1	P.5.2.97
vIRAvant	vīṇāvant	94401	1	P.6.1.219
vIRin	vīṇin	94409	1	P.5.2.116
vIjaryA	vījaryā	94372	1	P.1.4.74
vIkASa	vīkāśa	94355	1	P.6.3.123
vIkzA	vīkṣā	94358	1	P.4.4.62
vImArga	vīmārga	94450	1	P.6.3.122
vIpsA	vīpsā	94446	3	P.1.4.90|P.5.4.1|P.8.1.4
vIra	vīra	94451	1	P.2.1.58
vIraRaka	vīraṇaka	94476	1	P.4.2.80
vIrapARa	vīrapāṇa	94499	1	P.8.4.10
vIrapuruza	vīrapuruṣa	94504	1	P.2.1.58
vIruD	vīrudh	94590	1	P.7.3.53
vIti	vīti	94431	1	P.3.3.96
vOzaw	vauṣaṭ	96187	3	P.1.4.57|P.1.4.61|P.3.2.91
va	va	87084	1	P.1.1.11
vaBr	vabhr	88041	1	P.7.2.2
vaD	vadh	87675	7	P.2.4.42|P.2.4.43|P.2.4.44|P.3.1.6|P.6.4.62|P.7.2.10|P.7.3.35
vaDA	vadhā	87693	1	P.1.4.57
vaDa	vadha	87676	2	P.3.3.76|P.7.3.35
vaDaka	vadhaka	87677	1	P.7.3.35
vaDvA	vadhvā	87735	1	P.1.4.57
vaDya	vadhya	87714	2	P.4.4.91|P.5.1.66
vaMSAvatI	vaṃśāvatī	87143	1	P.6.3.120
vaMSa	vaṃśa	87085	2	P.2.1.19|P.4.1.163
vaMSaBAra	vaṃśabhāra	87118	1	P.5.1.50
vaMSaka	vaṃśaka	87087	1	P.5.3.87
vaMSakaWina	vaṃśakaṭhina	87088	1	P.4.4.72
vaMSya	vaṃśya	87151	5	P.2.1.19|P.4.1.163|P.4.3.54|P.6.2.34|P.6.2.131
vaNKara	vaṅkhara	87284	1	P.2.4.68
vaNgIya	vaṅgīya	87298	1	P.4.2.138
vaNga	vaṅga	87286	2	P.1.2.51|P.4.2.138
vaNkya	vaṅkya	87279	1	P.7.3.63
vaR	vaṇ	87559	1	P.7.4.3
vaRijya	vaṇijya	87576	1	P.5.1.126
vaS	vaś	88839	5	P.2.4.76|P.6.1.16|P.6.1.17|P.6.1.20|P.7.4.78
vaSAmant	vaśāmant	88872	1	P.8.2.9
vaSIkaraRa	vaśīkaraṇa	88886	1	P.4.4.96
vaSa	vaśa	88840	2	P.1.4.57|P.1.4.74
vaSaMvada	vaśaṃvada	88842	1	P.3.2.38
vaSmasA	vaśmasā	88894	1	P.1.4.61
vaSya	vaśya	88895	1	P.4.4.86
vaYc	vañc	87492	4	P.1.2.24|P.1.3.69|P.7.3.63|P.7.4.84
vaYcya	vañcya	87505	1	P.7.3.63
vac	vac	87302	23	P.1.1.32|P.1.3.20|P.1.3.71|P.1.4.51|P.1.4.54|P.2.3.65|P.2.4.49|P.2.4.76|P.3.1.52|P.3.2.61|P.3.2.109|P.3.4.96|P.4.2.10|P.4.2.64|P.4.3.101|P.5.1.12|P.6.1.15|P.6.1.17|P.6.2.66|P.7.2.10|P.7.4.20|P.7.4.78|P.8.2.83
vaca	vaca	87303	1	P.3.1.134
vacana	vacana	87307	8	P.1.1.8|P.1.2.6|P.1.2.48|P.1.2.51|P.1.2.56|P.2.3.46|P.3.2.112|P.6.2.150
vacanakara	vacanakara	87308	1	P.3.2.20
vad	vad	87647	17	P.1.2.7|P.1.3.47|P.1.3.48|P.1.3.49|P.1.3.50|P.1.3.73|P.1.3.77|P.1.3.89|P.1.4.69|P.2.1.32|P.2.4.74|P.3.4.16|P.7.2.3|P.7.2.10|P.7.3.94|P.8.1.59|P.8.2.83
vadAnya	vadānya	87662	1	P.2.1.59
vadAvada	vadāvada	87666	1	P.7.4.58
vada	vada	87648	1	P.3.1.134
vadi	vadi	87668	1	P.1.1.37
vaditar	vaditar	87669	1	P.3.2.135
vadya	vadya	87674	1	P.3.1.106
vah	vah	89200	14	P.1.3.81|P.1.3.82|P.1.4.51|P.3.2.64|P.3.2.129|P.4.1.61|P.6.1.15|P.6.1.17|P.6.1.95|P.6.3.112|P.6.4.132|P.7.2.10|P.8.2.91|P.8.4.17
vaha	vaha	89201	3	P.3.3.119|P.3.4.74|P.6.1.203
vahaMliha	vahaṃliha	89202	1	P.3.2.32
vahadgu	vahadgu	89208	1	P.2.1.17
vahya	vahya	89271	1	P.3.1.102
vahyaka	vahyaka	89272	1	P.4.1.154
vahyaska	vahyaska	89274	1	P.4.1.104
vajra	vajra	87343	2	P.2.4.4|P.2.4.31
vajraRaKA	vajraṇakhā	87370	1	P.4.1.58
vajrivas	vajrivas	87485	1	P.8.3.1
vakra	vakra	87192	1	P.7.3.53
vakriman	vakriman	87232	1	P.5.1.123
vaktra	vaktra	87170	1	P.4.2.126
vakzyamARatva	vakṣyamāṇatva	87259	1	P.1.2.48
valaBI	valabhī	88718	1	P.4.2.82
valaya	valaya	88720	1	P.2.4.31
valayin	valayin	88723	1	P.5.2.128
valgUy	valgūy	88779	1	P.3.1.27
valgu	valgu	88770	1	P.4.2.82
vali	vali	88735	1	P.6.3.12
valiBa	valibha	88739	1	P.5.2.139
valika	valika	121959	1	P.4.2.80
valina	valina	88738	1	P.5.2.100
valkala	valkala	88759	1	P.2.4.31
vallaBa	vallabha	88796	1	P.6.2.85
vallakI	vallakī	88795	1	P.4.1.41
valmIka	valmīka	88785	1	P.2.4.31
vam	vam	88042	5	P.3.1.16|P.6.4.126|P.7.2.5|P.7.2.16|P.7.2.34
vama	vama	88043	1	P.3.1.140
vamin	vamin	88049	1	P.3.2.157
van	van	87736	1	P.6.4.37
vanDA	vandhā	87988	1	P.1.4.61
vana	vana	87740	4	P.1.4.57|P.6.2.178|P.8.4.4|P.8.4.6
vanagulma	vanagulma	87761	1	P.1.3.67
vanakOSAmbI	vanakauśāmbī	121911	1	P.4.2.97
vanasa	vanasa	87870	1	P.4.2.80
vanaspati	vanaspati	87881	1	P.6.2.140
vandAru	vandāru	87978	1	P.3.2.173
vandya	vandya	87985	1	P.6.1.214
vanebilvaka	vanebilvaka	87948	1	P.2.1.44
vanekiMSuka	vanekiṃśuka	87943	2	P.2.1.44|P.6.3.9
vani	vani	87918	1	P.3.2.27
vanila	vanila	87928	1	P.4.2.80
vanti	vanti	87963	1	P.6.4.39
vanya	vanya	87998	2	P.4.2.49|P.4.2.80
vap	vap	88004	11	P.3.1.34|P.3.1.94|P.3.4.7|P.6.1.15|P.6.1.17|P.6.1.121|P.6.4.75|P.6.4.120|P.7.2.10|P.8.4.16|P.8.4.17
vapA	vapā	88010	1	P.3.3.104
vapa	vapa	88005	1	P.3.1.134
vapra	vapra	88037	1	P.2.4.31
vaqaBIkAra	vaḍabhīkāra	121897	1	P.4.1.151
vaqavin	vaḍavin	87552	1	P.5.2.116
var	var	88101	20	P.1.1.9|P.1.4.27|P.2.2.11|P.2.4.80|P.4.2.10|P.6.4.73|P.6.4.102|P.7.1.42|P.7.1.102|P.7.2.10|P.7.2.11|P.7.2.13|P.7.2.38|P.7.2.39|P.7.2.40|P.7.2.41|P.7.2.42|P.7.2.64|P.7.3.94|P.8.4.68
varARa	varāṇa	88219	1	P.4.2.80
varARasa	varāṇasa	88220	1	P.4.2.80
varAha	varāha	88241	1	P.2.1.56
varAhadant	varāhadant	88251	1	P.5.4.145
varAka	varāka	88207	1	P.3.2.155
varD	vardh	88549	8	P.1.2.10|P.1.3.91|P.1.3.92|P.3.4.117|P.6.2.147|P.7.2.59|P.7.4.8|P.7.4.90
varDana	vardhana	88557	2	P.3.1.134|P.3.2.149
varDizRu	vardhiṣṇu	88580	1	P.3.2.136
varDra	vardhra	88582	1	P.4.3.151
varDrikA	vardhrikā	88583	1	P.6.1.204
varItar	varītar	88287	1	P.7.2.34
varRa	varṇa	88415	7	P.1.1.9|P.1.1.31|P.2.4.31|P.6.1.182|P.6.2.90|P.6.3.112|P.7.4.53
varRaka	varṇaka	88416	1	P.2.4.69
varRakita	varṇakita	88420	1	P.5.2.36
varRasa	varṇasa	88472	1	P.4.2.80
varRavant	varṇavant	88461	2	P.5.2.95|P.5.2.134
varRay	varṇay	88455	2	P.3.1.25|P.7.2.18
varRila	varṇila	88496	1	P.5.2.100
varRin	varṇin	88495	2	P.5.2.132|P.5.2.134
varRu	varṇu	88498	4	P.4.2.77|P.4.2.103|P.4.2.133|P.4.3.93
varUtar	varūtar	88344	1	P.7.2.34
vara	vara	88106	2	P.3.3.58|P.4.1.41
varaRa	varaṇa	88123	2	P.1.2.53|P.4.2.82
varaRy	varaṇy	88135	1	P.3.1.27
varaja	varaja	88118	1	P.6.3.16
varam	varam	88173	1	P.1.1.37
varatantu	varatantu	88137	1	P.4.3.102
varcAy	varcāy	88399	1	P.3.1.12
varcas	varcas	88392	1	P.1.2.34
varcaska	varcaska	88395	2	P.2.4.31|P.6.1.148
varcasvant	varcasvant	88397	2	P.4.4.125|P.5.2.122
varcasya	varcasya	88396	2	P.4.4.125|P.5.4.30
vareja	vareja	88351	1	P.6.3.16
vargIRa	vargīṇa	88384	1	P.4.3.64
vargIya	vargīya	88385	2	P.4.3.63|P.4.3.64
vargya	vargya	88387	3	P.4.3.54|P.4.3.64|P.6.2.131
variman	variman	88268	1	P.6.4.157
varitar	varitar	88266	1	P.7.2.34
varivasy	varivasy	88273	1	P.3.1.19
varj	varj	88405	6	P.1.1.56|P.1.2.52|P.1.4.17|P.2.3.24|P.6.1.158|P.7.4.65
varja	varja	88406	2	P.1.2.45|P.2.4.19
varjam	varjam	88410	3	P.1.1.72|P.1.4.7|P.6.1.158
varjana	varjana	88408	2	P.1.4.88|P.8.1.5
varmAy	varmāy	88597	1	P.1.4.15
varmatI	varmatī	121953	2	P.4.2.95|P.4.3.94
varmika	varmika	121954	2	P.5.1.128|P.5.2.116
varmin	varmin	88601	1	P.5.2.216
varmita	varmita	88600	1	P.5.2.36
vart	vart	88503	37	P.1.1.19|P.1.1.50|P.1.1.56|P.1.1.57|P.1.2.15|P.1.2.18|P.1.2.23|P.1.2.25|P.1.2.26|P.1.2.39|P.1.3.63|P.1.3.85|P.1.3.92|P.1.4.59|P.3.1.15|P.3.2.1|P.3.2.123|P.3.2.134|P.3.3.131|P.3.4.39|P.4.1.111|P.4.2.3|P.4.2.68|P.4.4.19|P.4.4.27|P.5.1.72|P.5.1.79|P.6.1.101|P.6.4.126|P.7.1.36|P.7.2.59|P.7.4.7|P.7.4.66|P.7.4.90|P.8.2.18|P.8.3.12|P.8.3.67
varta	varta	88504	1	P.4.2.126
vartaka	vartaka	88505	2	P.1.3.32|P.1.3.70
vartana	vartana	88507	2	P.3.2.149|P.8.3.89
vartani	vartani	88508	1	P.6.1.160
vartin	vartin	88526	1	P.6.3.19
vartizRu	vartiṣṇu	88528	1	P.3.2.136
vartula	vartula	88533	1	P.3.1.15
varuRAnI	varuṇānī	88331	1	P.4.1.49
varuRadatta	varuṇadatta	88307	1	P.5.3.84
varuRika	varuṇika	88335	1	P.5.3.84
varuqa	varuḍa	121929	2	P.4.1.97|P.4.3.118
varutar	varutar	88341	1	P.7.2.34
varya	varya	88603	1	P.3.1.101
varz	varṣ	88611	4	P.1.4.84|P.1.4.88|P.2.1.12|P.2.3.8
varzABU	varṣābhū	88660	1	P.6.4.84
varzAlI	varṣālī	88665	1	P.1.4.61
varzIRa	varṣīṇa	88681	1	P.5.1.86
varzIyaMs	varṣīyaṃs	88683	1	P.6.4.157
varza	varṣa	88612	5	P.1.2.53|P.2.4.31|P.3.3.56|P.4.1.22|P.5.1.88
varzaRa	varṣaṇa	88624	1	P.1.4.84
varzaja	varṣaja	88623	1	P.6.3.16
varzaka	varṣaka	88613	1	P.1.4.18
varzeja	varṣeja	88686	1	P.6.3.16
varzizWa	varṣiṣṭha	88678	2	P.6.1.118|P.6.4.157
varzmala	varṣmala	88694	1	P.5.2.97
varzuka	varṣuka	88685	2	P.2.4.63|P.3.2.154
varzya	varṣya	88696	1	P.3.1.120
vas	vas	88916	14	P.1.2.7|P.1.3.89|P.1.4.48|P.3.2.108|P.3.4.72|P.6.1.15|P.6.1.186|P.7.1.46|P.7.2.10|P.7.2.52|P.7.4.49|P.8.1.21|P.8.1.24|P.8.3.60
vasA	vasā	88965	1	P.3.3.104
vasAti	vasāti	88969	1	P.4.2.53
vasantA	vasantā	88959	1	P.7.1.39
vasantADyayana	vasantādhyayana	88960	1	P.4.2.63
vasanta	vasanta	88931	2	P.2.4.31|P.4.2.63
vasavya	vasavya	88964	2	P.4.4.140|P.5.4.30
vasizWa	vasiṣṭha	88987	3	P.2.4.65|P.4.3.133|P.6.4.163
vasna	vasna	89183	3	P.4.4.13|P.5.1.51|P.5.1.56
vasnika	vasnika	89187	2	P.4.4.13|P.5.1.51
vastra	vastra	89156	1	P.2.4.31
vastray	vastray	89172	1	P.3.1.21
vastrayugin	vastrayugin	89173	1	P.8.4.13
vastu	vastu	89136	1	P.6.1.82
vastutas	vastutas	89138	2	P.6.3.34|P.7.1.53
vasu	vasu	88999	3	P.2.4.31|P.4.1.177|P.5.3.117
vasuDita	vasudhita	89049	1	P.7.4.45
vasuDiti	vasudhiti	89050	1	P.7.4.45
vasudeva	vasudeva	89023	1	P.4.1.114
vataRqa	vataṇḍa	87588	6	P.4.1.73|P.4.1.105|P.4.1.108|P.4.1.109|P.4.1.112|P.6.2.37
vati	vati	87591	1	P.6.4.37
vatsIya	vatsīya	87642	1	P.5.1.5
vatsa	vatsa	87594	6	P.2.4.64|P.4.1.4|P.4.1.102|P.4.1.117|P.6.2.37|P.7.2.9
vatsaSAlA	vatsaśālā	87631	1	P.4.3.36
vatsaSAla	vatsaśāla	87630	1	P.4.3.36
vatsala	vatsala	87622	1	P.5.2.98
vatsamuKa	vatsamukha	87615	1	P.6.2.168
vatsatara	vatsatara	87598	1	P.5.3.91
vatsiman	vatsiman	87640	1	P.5.1.122
vawAku	vaṭāku	121895	1	P.4.1.96
vawAraka	vaṭāraka	87526	1	P.2.4.69
vawaja	vaṭaja	87518	1	P.6.2.82
vawavatI	vaṭavatī	87523	1	P.4.2.86
vawi	vaṭi	87529	1	P.5.2.139
vawiBa	vaṭibha	87532	1	P.5.2.139
vawya	vaṭya	87540	1	P.4.2.80
vayas	vayas	88061	1	P.4.1.20
vayasya	vayasya	88067	2	P.4.4.91|P.6.4.127
vazaw	vaṣaṭ	88902	4	P.1.1.37|P.1.4.57|P.1.4.61|P.2.3.16
vazawkAra	vaṣaṭkāra	88904	1	P.1.2.35
veRu	veṇu	95188	1	P.6.1.215
veRukIya	veṇukīya	95192	2	P.4.2.91|P.6.4.153
veRuka	veṇuka	95189	3	P.4.2.80|P.4.2.138|P.5.3.87
veRumant	veṇumant	95207	1	P.4.2.86
veSa	veśa	95500	2	P.3.3.16|P.4.4.12
veSas	veśas	95517	1	P.4.4.131
veSmaka	veśmaka	95528	1	P.4.2.80
veSoBagIna	veśobhagīna	95527	2	P.4.4.131|P.4.4.132
veSya	veśya	95538	2	P.4.3.54|P.6.2.131
vedADyAya	vedādhyāya	95378	1	P.3.2.1
veda	veda	95255	2	P.6.1.160|P.6.1.203
vedam	vedam	95309	1	P.3.4.29
vedana	vedana	95285	1	P.3.1.18
vedapuRya	vedapuṇya	95296	1	P.6.2.152
vedaya	vedaya	95319	1	P.3.1.138
veditar	veditar	95401	1	P.4.2.60
veditavya	veditavya	95402	3	P.1.3.11|P.1.4.83|P.2.1.4
vedy	vedy	95430	1	P.3.1.27
vedya	vedya	95433	1	P.5.1.2
vega	vega	95137	1	P.6.1.160
vegita	vegita	95151	1	P.5.2.36
vehAy	vehāy	95574	1	P.3.1.12
vehat	vehat	95573	1	P.2.1.65
velA	velā	95477	2	P.1.4.57|P.3.3.167
velAy	velāy	95480	1	P.3.1.27
veman	veman	95467	2	P.4.2.75|P.5.2.100
vemana	vemana	95468	1	P.5.2.100
vena	vena	95453	1	P.4.1.151
vepaTu	vepathu	95459	1	P.3.3.89
vetAla	vetāla	95233	1	P.1.4.61
vetana	vetana	95221	3	P.1.3.36|P.4.4.12|P.5.1.80
vetasa	vetasa	95224	1	P.4.1.41
vetasakIya	vetasakīya	95226	2	P.4.2.91|P.6.4.153
vetasvant	vetasvant	95230	2	P.4.2.87|P.6.1.161
vetrIya	vetrīya	95250	1	P.4.2.90
vetrakIya	vetrakīya	95239	2	P.4.2.91|P.6.4.153
vevI	vevī	95499	4	P.6.1.6|P.7.2.10|P.7.4.53|P.8.3.78
vewAy	veṭāy	95165	1	P.3.1.27
vewa	veṭa	95161	1	P.4.2.86
vewavant	veṭavant	95163	1	P.4.2.86
vezw	veṣṭ	95554	2	P.4.2.10|P.7.4.96
vezwa	veṣṭa	95555	1	P.6.1.160
vezwavya	veṣṭavya	95563	1	P.8.2.36
vezya	veṣya	95567	1	P.5.1.100
vfDya	vṛdhya	94945	1	P.3.1.110
vfScika	vṛścika	94963	1	P.1.4.30
vfTA	vṛthā	94837	2	P.1.1.37|P.8.1.8
vfdDa	vṛddha	94840	15	P.1.1.73|P.1.2.65|P.2.2.38|P.4.1.120|P.4.1.141|P.4.1.148|P.4.1.157|P.4.1.166|P.4.1.171|P.4.2.114|P.4.3.144|P.5.3.62|P.6.2.95|P.6.4.157|P.7.2.15
vfdDi	vṛddhi	94918	8	P.1.1.1|P.1.1.3|P.2.2.31|P.5.1.47|P.6.1.88|P.7.2.1|P.7.2.114|P.7.3.89
vfdDokza	vṛddhokṣa	94931	1	P.5.4.77
vfji	vṛji	94737	1	P.4.2.131
vfjika	vṛjika	94738	2	P.4.2.131|P.4.3.100
vfkAjina	vṛkājina	94651	2	P.4.3.60|P.6.2.165
vfka	vṛka	94629	3	P.2.1.56|P.2.4.62|P.5.3.115
vfkabanDu	vṛkabandhu	94645	1	P.4.1.146
vfkagarta	vṛkagarta	94632	1	P.4.2.137
vfkagrAha	vṛkagrāha	94633	1	P.4.1.146
vfkala	vṛkala	94647	1	P.4.1.96
vfkati	vṛkati	94636	1	P.5.4.41
vfkavaYcika	vṛkavañcika	94648	1	P.4.1.146
vfkzIya	vṛkṣīya	94725	1	P.4.2.90
vfkzaKaRqa	vṛkṣakhaṇḍa	94673	1	P.4.2.38
vfndAraka	vṛndāraka	94954	2	P.2.1.62|P.6.4.157
vfndara	vṛndara	94951	1	P.4.2.80
vfndizWa	vṛndiṣṭha	94959	1	P.6.4.157
vft	vṛt	94746	1	P.7.2.59
vftrahan	vṛtrahan	94833	1	P.8.4.12
vftta	vṛtta	94757	5	P.2.4.31|P.3.3.6|P.3.3.144|P.7.2.26|P.8.1.48
vftti	vṛtti	94793	6	P.1.3.38|P.2.1.3|P.4.2.60|P.4.3.108|P.4.4.102|P.5.3.28
vfttikAraM	vṛttikāraṃ	94796	2	P.1.4.3|P.3.1.96
vftya	vṛtya	94814	3	P.3.1.101|P.3.1.109|P.3.1.110
vfzAkapAyI	vṛṣākapāyī	95072	1	P.4.1.37
vfzIy	vṛṣīy	95102	2	P.7.1.51|P.7.4.36
vfzRi	vṛṣṇi	95120	2	P.4.1.114|P.6.2.34
vfzRika	vṛṣṇika	95121	1	P.4.1.112
vfza	vṛṣa	94971	2	P.2.1.56|P.6.1.203
vfzaRy	vṛṣaṇy	94990	1	P.7.4.36
vfzadant	vṛṣadant	94999	1	P.5.4.15
vfzadanta	vṛṣadanta	95000	1	P.5.4.145
vfzagaRa	vṛṣagaṇa	94982	2	P.4.1.99|P.4.1.105
vfzakfta	vṛṣakṛta	94977	1	P.6.2.147
vfzala	vṛṣala	95045	3	P.4.1.63|P.6.2.18|P.6.3.22
vfzan	vṛṣan	95009	1	P.6.1.118
vfzasy	vṛṣasy	95071	1	P.7.1.51
vfziman	vṛṣiman	95100	1	P.5.1.122
vfzwi	vṛṣṭi	95108	1	P.3.3.96
vfzya	vṛṣya	95128	2	P.3.1.120|P.5.1.7
vi	vi	90744	2	P.1.4.58|P.1.4.84
viBAga	vibhāga	92443	4	P.1.2.33|P.3.3.137|P.6.2.80|P.6.2.112
viBAjam	vibhājam	92455	1	P.3.4.12
viBAkara	vibhākara	92442	1	P.3.2.21
viBAvaka	vibhāvaka	92465	1	P.3.3.10
viBAzA	vibhāṣā	92475	7	P.1.1.44|P.1.3.50|P.2.3|P.6.1.14|P.6.3.116|P.8.2.33|P.8.2.43
viBIzaRa	vibhīṣaṇa	92487	1	P.3.1.134
viBajanIya	vibhajanīya	92429	1	P.5.3.57
viBajya	vibhajya	92430	1	P.5.3.57
viBakti	vibhakti	92424	10	P.1.1.38|P.1.2.44|P.1.3.4|P.1.4.104|P.5.3.1|P.6.1.168|P.6.3.132|P.7.1.73|P.7.2.84|P.8.4.11
viBrAj	vibhrāj	92531	2	P.3.2.177|P.8.2.36
viBu	vibhu	92490	2	P.3.2.180|P.4.1.47
viC	vich	91214	2	P.3.1.28|P.3.1.31
viD	vidh	91838	1	P.6.3.116
viDA	vidhā	91865	2	P.1.1.50|P.4.2.54
viDAna	vidhāna	91871	6	P.1.2.35|P.1.2.54|P.2.1.13|P.2.1.32|P.2.1.59|P.6.4.93
viDAyaka	vidhāyaka	91878	2	P.1.2.43|P.8.3.119
viDUnana	vidhūnana	91927	1	P.7.3.38
viDamacUqA	vidhamacūḍā	91847	1	P.2.1.72
viDi	vidhi	91887	8	P.1.1.56|P.1.1.57|P.1.1.72|P.2.1.1|P.3.3.20|P.3.3.92|P.3.3.161|P.8.2.2
viDuMtuda	vidhuṃtuda	91917	1	P.3.2.35
viGAta	vighāta	91069	1	P.3.1.8
viGAtaka	vighātaka	91070	2	P.7.1.13|P.7.4.46
viGAtin	vighātin	91072	2	P.5.1.124|P.6.4.62
viGana	vighana	91064	1	P.3.3.82
viGarzaRa	vigharṣaṇa	91067	1	P.3.1.27
viGasa	vighasa	91068	2	P.3.3.59|P.6.2.144
viGnatantrita	vighnatantrita	91081	1	P.5.2.36
viKra	vikhra	91011	1	P.5.4.119
viKu	vikhu	91004	1	P.5.4.119
viMSa	viṃśa	90747	3	P.5.2.46|P.5.2.56|P.6.4.142
viMSaka	viṃśaka	90748	2	P.5.1.24|P.6.4.142
viMSati	viṃśati	90750	2	P.5.1.59|P.5.2.45
viMSatika	viṃśatika	90751	2	P.5.1.27|P.5.1.32
viMSatitama	viṃśatitama	90753	1	P.5.2.56
viS	viś	93197	10	P.1.3.17|P.1.3.62|P.1.4.47|P.5.1.52|P.5.3.56|P.5.4.61|P.7.2.10|P.7.2.68|P.8.2.36|P.8.4.18
viSAKa	viśākha	93238	3	P.1.2.62|P.4.3.34|P.7.3.21
viSAKadatta	viśākhadatta	93240	1	P.6.3.63
viSAlIya	viśālīya	93271	1	P.4.2.90
viSAla	viśāla	93254	2	P.2.4.31|P.5.2.28
viSAladatta	viśāladatta	93260	1	P.5.3.84
viSAlika	viśālika	93270	1	P.5.3.84
viSArAdeman	viśārādeman	93253	1	P.5.1.123
viSArada	viśārada	93252	1	P.5.1.123
viSAya	viśāya	93248	1	P.3.3.39
viSAyin	viśāyin	93250	1	P.3.1.134
viSa	viśa	93199	2	P.4.1.132|P.5.4.107
viSaMpa	viśaṃpa	93218	1	P.4.1.110
viSaNkawa	viśaṅkaṭa	93204	2	P.4.1.45|P.5.2.28
viSabdana	viśabdana	93217	1	P.7.2.23
viSada	viśada	93210	3	P.2.1.35|P.4.2.16|P.7.3.69
viSasitar	viśasitar	93233	1	P.7.2.34
viSastar	viśastar	93234	1	P.7.2.34
viSasti	viśasti	93235	1	P.5.1.124
viSaya	viśaya	93219	1	P.3.3.39
viSayin	viśayin	93221	1	P.3.1.134
viSeza	viśeṣa	93315	8	P.1.1.49|P.1.1.68|P.1.2.65|P.1.4.93|P.2.1.59|P.2.4.23|P.4.4.35|P.4.4.38
viSezaRa	viśeṣaṇa	93319	6	P.1.2.52|P.2.1.57|P.2.3.35|P.3.1.8|P.4.1.2|P.7.3.47
viSezavacana	viśeṣavacana	93327	1	P.8.1.74
viSezya	viśeṣya	93332	2	P.2.1.57|P.8.1.74
viSiKa	viśikha	93275	1	P.4.4.62
viSikA	viśikā	93273	1	P.4.4.62
viSleza	viśleṣa	93384	1	P.1.4.24
viSna	viśna	93353	3	P.3.3.90|P.6.4.19|P.8.4.44
viSrAva	viśrāva	93376	1	P.3.3.25
viSramBin	viśrambhin	93368	1	P.3.2.143
viSravaRa	viśravaṇa	93370	1	P.4.1.112
viSrayin	viśrayin	93369	1	P.3.2.157
viSri	viśri	93377	2	P.2.4.63|P.4.1.136
viSuzka	viśuṣka	93309	1	P.6.2.144
viSvAcI	viśvācī	93659	1	P.6.3.92
viSvAmitra	viśvāmitra	93674	2	P.4.3.133|P.6.3.130
viSvAnara	viśvānara	93669	3	P.4.1.104|P.4.1.110|P.6.3.129
viSvArAj	viśvārāj	93683	1	P.6.3.128
viSvAvasu	viśvāvasu	93686	1	P.6.3.128
viSva	viśva	93388	1	P.1.1.27
viSvaDA	viśvadhā	93492	1	P.4.4.62
viSvaMBara	viśvaṃbhara	93568	1	P.3.2.46
viSvaTA	viśvathā	93465	1	P.5.3.11
viSvadeva	viśvadeva	93477	3	P.4.2.54|P.5.1.133|P.6.2.106
viSvadevyAvant	viśvadevyāvant	93483	1	P.6.3.131
viSvajanIna	viśvajanīna	93434	1	P.5.1.9
viSvajanIya	viśvajanīya	93435	1	P.5.1.9
viSvajana	viśvajana	93433	2	P.4.4.99|P.6.1.76
viSvakaTA	viśvakathā	93390	1	P.4.4.102
viSvamitra	viśvamitra	93561	1	P.6.3.130
viSvanara	viśvanara	93504	1	P.6.3.129
viSvapA	viśvapā	93516	1	P.6.4.140
viSvarAj	viśvarāj	93577	1	P.6.3.128
viSvavah	viśvavah	93595	1	P.6.4.132
viSvavayas	viśvavayas	93594	1	P.6.2.140
viSvayaSas	viśvayaśas	93572	2	P.5.4.155|P.6.2.106
viSvedeva	viśvedeva	93697	1	P.5.4.155
viTak	vithak	91577	1	P.1.1.37
vibadDa	vibaddha	92388	1	P.4.2.80
vic	vic	91096	1	P.7.2.10
vicAla	vicāla	91142	1	P.5.3.43
vicAra	vicāra	91127	2	P.1.1.9|P.8.2.97
vicArita	vicārita	91138	1	P.5.2.36
vicakzaRa	vicakṣaṇa	91100	2	P.8.1.27|P.8.1.57
vicatura	vicatura	91109	1	P.5.4.77
vicetI	vicetī	91191	1	P.5.4.51
vicitra	vicitra	91158	2	P.1.2.35|P.6.2.24
vicitta	vicitta	91155	1	P.6.2.24
vid	vid	91585	24	P.1.1.14|P.1.2.8|P.3.1.18|P.3.1.38|P.3.1.41|P.3.1.42|P.3.1.86|P.3.2.61|P.3.3.146|P.3.4.65|P.3.4.83|P.3.4.109|P.4.1.57|P.5.1.43|P.6.1.186|P.7.1.7|P.7.1.36|P.7.1.59|P.7.2.10|P.7.2.68|P.8.1.72|P.8.2.56|P.8.2.58|P.8.2.75
vidA	vidā	91618	1	P.3.3.104
vidDi	viddhi	91684	1	P.6.4.2
vidUra	vidūra	91657	1	P.4.3.84
vida	vida	91587	5	P.1.1.63|P.2.4.64|P.4.1.104|P.4.1.110|P.5.4.107
vidaBft	vidabhṛt	91604	2	P.4.1.105|P.5.3.118
vidaTin	vidathin	91598	1	P.6.4.165
vidagDa	vidagdha	91590	1	P.4.2.80
videSa	videśa	91670	1	P.6.1.37
videha	videha	91673	1	P.4.2.127
vidiSA	vidiśā	91642	1	P.4.2.70
vidura	vidura	91649	1	P.3.2.162
vidvaMs	vidvaṃs	91815	1	P.7.1.36
vidyA	vidyā	91691	1	P.3.3.99
vidyAcaRa	vidyācaṇa	91697	1	P.5.2.26
vidyAdAyAda	vidyādāyāda	91701	1	P.6.2.5
vidyAvaMSa	vidyāvaṃśa	91741	1	P.2.1.19
vidyAvant	vidyāvant	91742	1	P.8.2.9
vidyut	vidyut	91758	1	P.3.2.177
vidyutvant	vidyutvant	91771	2	P.1.4.19|P.8.2.10
vidyutya	vidyutya	91770	1	P.4.4.110
vigaRana	vigaṇana	91013	1	P.1.3.36
vigarha	vigarha	91026	1	P.5.2.135
vigarhin	vigarhin	91028	1	P.5.2.135
vigra	vigra	91045	2	P.4.1.123|P.4.2.80
vigraha	vigraha	91046	2	P.1.2.44|P.2.1.3
vihAra	vihāra	94298	1	P.2.4.31
vihAyas	vihāyas	94296	1	P.1.1.37
viharaRa	viharaṇa	94283	2	P.1.3.20|P.1.3.41
vihava	vihava	94288	1	P.3.3.72
vihavya	vihavya	94290	1	P.8.1.73
vij	vij	91218	4	P.1.2.2|P.7.2.10|P.7.2.14|P.7.4.75
vijApaka	vijāpaka	91291	1	P.4.2.133
vijAvan	vijāvan	91296	2	P.3.2.75|P.6.4.41
vijYAna	vijñāna	91363	2	P.6.1.131|P.8.2.62
vijYeya	vijñeya	91397	1	P.3.2.84
vijawa	vijaṭa	91221	1	P.3.1.21
vijayaka	vijayaka	91230	1	P.5.2.64
vijayizWa	vijayiṣṭha	91271	1	P.6.4.154
vijigIzA	vijigīṣā	91299	2	P.5.2.67|P.8.2.49
vijigIzIya	vijigīṣīya	91302	1	P.4.2.90
vikAkud	vikākud	90849	1	P.5.4.148
vikAra	vikāra	90853	5	P.2.3.20|P.4.1.42|P.4.1.54|P.4.2.12|P.4.3.134
vikAzin	vikāṣin	90869	1	P.3.2.143
vikaMsA	vikaṃsā	90766	1	P.4.1.123
vikaNkata	vikaṅkata	90770	1	P.4.3.141
vikaNkawa	vikaṅkaṭa	90768	1	P.4.2.80
vikaNkawika	vikaṅkaṭika	90769	1	P.4.2.80
vikaTA	vikathā	90794	1	P.4.4.102
vikala	vikala	90819	4	P.2.1.31|P.4.1.41|P.6.2.153|P.8.4.8
vikalpa	vikalpa	90825	5	P.1.1.44|P.2.4.39|P.6.1.91|P.6.3.76|P.6.4.38
vikalpana	vikalpana	90827	1	P.8.3.31
vikarRa	vikarṇa	90806	2	P.4.1.117|P.4.1.124
vikara	vikara	90801	2	P.4.1.86|P.4.2.80
vikaraRa	vikaraṇa	90802	3	P.1.2.21|P.3.2.142|P.3.2.145
vikasana	vikasana	90844	1	P.1.4.74
vikatTana	vikatthana	90791	1	P.5.1.134
vikatTin	vikatthin	90793	1	P.3.2.143
vikawa	vikaṭa	90778	2	P.4.1.45|P.5.2.29
vikfti	vikṛti	90905	3	P.2.1.36|P.5.1.12|P.6.3.109
vikira	vikira	90877	1	P.6.1.150
viklI	viklī	90976	1	P.1.4.61
vikrayika	vikrayika	90948	1	P.4.4.13
vikrayin	vikrayin	90949	1	P.3.2.93
vikuwyAsa	vikuṭyāsa	90888	1	P.4.2.80
vikzA	vikṣā	90981	1	P.4.4.62
vikzAva	vikṣāva	90984	1	P.3.3.25
vikzepa	vikṣepa	90991	1	P.6.1.141
vilAsin	vilāsin	92963	1	P.3.2.143
vilAta	vilāta	92931	2	P.4.1.4|P.5.1.123
vilAtar	vilātar	92932	1	P.6.1.51
vilAtiman	vilātiman	92933	1	P.5.1.123
vilAzin	vilāṣin	92941	1	P.3.2.144
vilIna	vilīna	92973	1	P.7.3.39
vilepikA	vilepikā	92987	1	P.4.4.48
viletar	viletar	92983	1	P.6.1.51
vimAna	vimāna	92627	1	P.2.4.31
vimAtar	vimātar	92624	1	P.4.1.123
vimanas	vimanas	92555	1	P.5.1.123
vimaniman	vimaniman	92558	2	P.5.1.123|P.6.4.155
vimati	vimati	92546	3	P.1.3.47|P.4.1.151|P.5.1.123
vimatiman	vimatiman	92548	1	P.5.1.123
vimohana	vimohana	92696	1	P.7.2.54
vinA	vinā	91990	4	P.1.1.20|P.1.1.37|P.2.3.32|P.5.2.27
vinABU	vinābhū	92002	1	P.3.4.62
vinASaka	vināśaka	92011	1	P.3.2.146
vinASin	vināśin	92016	1	P.5.1.114
vinAyin	vināyin	92007	1	P.3.2.78
vinIya	vinīya	92098	1	P.3.1.117
vinaya	vinaya	91962	1	P.5.4.34
vinda	vinda	92114	1	P.3.1.138
vindu	vindu	92117	1	P.3.2.169
vineya	vineya	92106	1	P.3.1.117
vinimaya	vinimaya	92046	1	P.8.2.60
viniyoga	viniyoga	92050	3	P.1.3.11|P.1.3.32|P.8.1.61
viniyoktar	viniyoktar	92049	1	P.1.4.98
vipAS	vipāś	92246	4	P.4.1.98|P.4.2.74|P.4.2.112|P.5.4.107
vipASa	vipāśa	92247	1	P.4.2.80
vipAdikA	vipādikā	92240	1	P.1.3.20
vipAta	vipāta	92237	2	P.5.1.124|P.5.4.129
vipAtaka	vipātaka	92238	1	P.5.4.29
vipAtana	vipātana	92239	1	P.7.3.39
vipUya	vipūya	92274	1	P.3.1.117
vipadI	vipadī	92179	1	P.5.4.139
vipariRAma	vipariṇāma	92185	1	P.3.3.96
viparyaya	viparyaya	92206	1	P.3.1.123
vipavya	vipavya	92216	1	P.3.1.117
vipraSna	vipraśna	92351	2	P.1.4.39|P.5.1.64
vipracita	vipracita	92295	1	P.4.2.80
viprakarza	viprakarṣa	92282	1	P.5.1.64
vipralApa	vipralāpa	92339	1	P.1.3.50
vipralamBa	vipralambha	92334	1	P.7.1.67
vipratizeDa	vipratiṣedha	92308	2	P.1.4.2|P.7.2.90
viprayoga	viprayoga	92329	1	P.5.1.64
viqaNga	viḍaṅga	91436	1	P.2.4.31
virADaya	virādhaya	92824	1	P.5.1.124
virAga	virāga	92793	1	P.6.4.91
virAj	virāj	92802	1	P.3.2.61
virAma	virāma	92826	1	P.1.4.110
virAwa	virāṭa	92809	1	P.6.2.89
virUpAkza	virūpākṣa	92869	1	P.4.1.112
virajI	virajī	92756	1	P.5.4.51
viroDa	virodha	92885	2	P.6.1.150|P.7.2.10
viroDokti	virodhokti	92897	1	P.1.3.50
virohita	virohita	92904	1	P.4.1.105
visArin	visārin	94153	1	P.5.4.16
visPAla	visphāla	94210	1	P.6.1.47
visPAra	visphāra	94209	1	P.6.1.47
visarga	visarga	94133	1	P.1.1.9
visarjanIya	visarjanīya	94138	3	P.8.3.15|P.8.3.34|P.8.3.37
visarjana	visarjana	94137	1	P.8.3.110
vispazwa	vispaṣṭa	94206	1	P.6.2.24
visraMsikA	visraṃsikā	94243	1	P.8.3.110
visri	visri	94260	1	P.4.1.123
vistAra	vistāra	94193	1	P.3.3.33
vista	vista	94186	1	P.4.1.22
vistara	vistara	94187	1	P.3.3.33
vitUstay	vitūstay	91526	1	P.3.1.21
vitaRqA	vitaṇḍā	91467	1	P.4.4.102
vitastadatta	vitastadatta	91501	1	P.6.3.63
vitasti	vitasti	91506	1	P.6.2.31
vitta	vitta	91540	3	P.5.2.26|P.8.2.56|P.8.2.58
vitti	vitti	91564	3	P.2.1.66|P.3.3.94|P.3.3.96
vivAda	vivāda	93095	1	P.1.2.33
vivAra	vivāra	93106	1	P.1.1.9
vivaDa	vivadha	93043	1	P.4.4.17
vivaDika	vivadhika	93044	1	P.4.4.17
vivakzA	vivakṣā	93035	3	P.2.2.27|P.2.4.6|P.6.2.37
viveka	viveka	93169	1	P.1.1.9
vivekin	vivekin	93184	1	P.3.2.142
vivfdDi	vivṛddhi	93166	1	P.5.2.117
viwa	viṭa	91403	1	P.2.1.53
viwaNka	viṭaṅka	91405	1	P.2.4.31
viwapa	viṭapa	91409	2	P.2.4.31|P.4.1.112
viyAma	viyāma	92717	2	P.3.3.63|P.6.2.144
viyAtiman	viyātiman	92716	1	P.5.1.123
viyama	viyama	92710	2	P.3.3.63|P.6.2.144
viz	viṣ	93713	4	P.7.2.10|P.7.3.87|P.7.4.75|P.8.2.41
vizARa	viṣāṇa	93884	1	P.2.4.31
vizAyin	viṣāyin	93908	1	P.3.1.134
vizRuSruta	viṣṇuśruta	94066	1	P.6.2.148
vizRupada	viṣṇupada	94030	1	P.5.4.139
vizWala	viṣṭhala	93985	1	P.8.3.96
vizamIya	viṣamīya	93811	1	P.4.2.138
vizama	viṣama	93775	3	P.2.1.17|P.6.2.121|P.8.3.88
vizamasTa	viṣamastha	93803	1	P.5.1.124
vizapuwa	viṣapuṭa	93766	1	P.2.4.63
vizapuzpaka	viṣapuṣpaka	93769	1	P.5.2.81
vizaya	viṣaya	93820	6	P.1.2.36|P.1.2.39|P.1.4.62|P.4.2.52|P.4.2.66|P.8.3.70
vizayaka	viṣayaka	93821	1	P.1.2.6
vizayasaptamI	viṣayasaptamī	93832	1	P.1.1.57
vizayatva	viṣayatva	93827	2	P.1.1.6|P.1.2.6
vizayin	viṣayin	93843	1	P.3.1.134
vizkira	viṣkira	93950	1	P.6.1.150
vizvadryaYc	viṣvadryañc	94105	1	P.6.3.92
vizvagaYcana	viṣvagañcana	94093	1	P.6.3.92
vizvagyuj	viṣvagyuj	94097	1	P.6.3.92
vizvaksena	viṣvaksena	94091	2	P.2.2.31|P.8.3.99
vizwAra	viṣṭāra	93970	2	P.3.3.34|P.8.3.94
vizwArabfhatI	viṣṭārabṛhatī	93972	1	P.8.3.94
vizwArapaNkti	viṣṭārapaṅkti	93971	2	P.3.3.34|P.8.3.94
vizwakarRa	viṣṭakarṇa	93953	1	P.6.3.115
vizwapura	viṣṭapura	93956	1	P.4.1.123
vizwara	viṣṭara	93963	1	P.8.3.93
vizya	viṣya	94084	2	P.4.4.91|P.5.1.2
vlI	vlī	96986	1	P.7.3.36
voQar	voḍhar	96163	2	P.3.3.169|P.6.3.112
voQavya	voḍhavya	96164	1	P.6.3.112
vrAtIna	vrātīna	96945	1	P.5.2.21
vrAta	vrāta	96940	2	P.5.2.21|P.5.3.113
vrEha	vraiha	96982	1	P.4.3.136
vrEheya	vraiheya	96984	1	P.5.2.2
vrEhimatya	vraihimatya	96983	1	P.5.3.113
vrI	vrī	96953	1	P.7.3.36
vrIhi	vrīhi	96960	2	P.1.3.75|P.8.3.92
vrIhika	vrīhika	96961	1	P.5.2.116
vrIhila	vrīhila	96972	1	P.5.2.117
vrIhimant	vrīhimant	96968	1	P.6.3.119
vrIhimata	vrīhimata	96967	1	P.5.3.113
vrIhimaya	vrīhimaya	96969	1	P.4.3.148
vrIhin	vrīhin	96964	1	P.5.2.116
vraQiman	vraḍhiman	96855	1	P.5.1.123
vraRa	vraṇa	96857	1	P.3.1.134
vraRay	vraṇay	96864	1	P.5.2.36
vraSc	vraśc	96930	5	P.6.1.16|P.6.1.17|P.7.2.55|P.7.4.90|P.8.2.36
vraj	vraj	96821	7	P.2.3.10|P.2.3.12|P.2.3.13|P.2.3.15|P.3.1.23|P.3.3.11|P.7.2.3
vraja	vraja	96822	1	P.1.4.51
vrajyA	vrajyā	96853	1	P.3.3.98
vratay	vratay	96901	1	P.3.1.21
vrazwavya	vraṣṭavya	96932	1	P.8.2.36
vyA	vyā	96461	7	P.2.1.40|P.6.1.19|P.6.1.43|P.6.1.44|P.6.1.46|P.7.2.66|P.7.3.37
vyABAzaka	vyābhāṣaka	96617	1	P.3.2.146
vyADa	vyādha	96569	1	P.3.1.141
vyADita	vyādhita	96576	1	P.5.2.36
vyAGrAjina	vyāghrājina	96538	1	P.5.3.82
vyAGra	vyāghra	96503	3	P.2.1.56|P.3.1.137|P.8.4.48
vyAGraBUti	vyāghrabhūti	96529	1	P.7.2.10
vyAGraka	vyāghraka	96504	1	P.5.3.82
vyAGrapad	vyāghrapad	96518	2	P.4.1.105|P.7.1.94
vyAKyAna	vyākhyāna	96490	3	P.4.3.66|P.5.1.50|P.6.2.151
vyAKyAtar	vyākhyātar	96488	1	P.4.1.49
vyAKyAtavya	vyākhyātavya	96489	1	P.4.3.66
vyANgi	vyāṅgi	96546	1	P.7.3.7
vyASraya	vyāśraya	96680	1	P.5.4.48
vyAhfti	vyāhṛti	96722	1	P.8.2.71
vyAkaraRa	vyākaraṇa	96464	2	P.2.4.21|P.6.2.14
vyAkroSaka	vyākrośaka	96485	1	P.3.2.147
vyAkulay	vyākulay	96475	1	P.5.2.88
vyAkulitin	vyākulitin	96476	1	P.5.2.88
vyAlika	vyālika	96658	1	P.4.4.10
vyAmiSra	vyāmiśra	96621	1	P.3.3.15
vyApAraRa	vyāpāraṇa	96603	1	P.8.2.104
vyApaka	vyāpaka	96590	1	P.2.1.57
vyApti	vyāpti	96613	2	P.3.4.56|P.6.3.35
vyApya	vyāpya	96616	1	P.2.1.57
vyAqIya	vyāḍīya	96560	1	P.4.2.138
vyAqa	vyāḍa	96557	1	P.2.1.40
vyAqi	vyāḍi	96559	4	P.4.1.80|P.6.2.14|P.6.2.86|P.7.3.7
vyAqyA	vyāḍyā	96561	1	P.4.1.80
vyAvahArika	vyāvahārika	96670	2	P.5.4.34|P.7.3.7
vyAvahAsI	vyāvahāsī	96674	3	P.3.3.43|P.5.4.14|P.7.3.6
vyAvakroSI	vyāvakrośī	96662	3	P.3.3.43|P.5.4.14|P.7.3.6
vyAvartaka	vyāvartaka	96666	1	P.2.1.57
vyAyAmavant	vyāyāmavant	96627	1	P.5.2.136
vyAyAmin	vyāyāmin	96629	1	P.5.2.136
vyaBicAra	vyabhicāra	96324	7	P.2.1.32|P.3.3.19|P.3.3.113|P.4.1.127|P.4.4.66|P.7.3.47|P.8.4.31
vyaBicAritva	vyabhicāritva	96327	1	P.8.1.65
vyaD	vyadh	96281	5	P.4.4.83|P.6.1.16|P.6.1.17|P.6.3.53|P.7.2.10
vyaDa	vyadha	96282	1	P.3.3.61
vyaNga	vyaṅga	96209	1	P.7.3.7
vyaT	vyath	96268	3	P.3.4.10|P.5.4.46|P.7.4.68
vyaTana	vyathana	96271	1	P.5.4.46
vyaYjana	vyañjana	96236	3	P.2.1.34|P.4.4.26|P.6.1.223
vyac	vyac	96220	4	P.1.2.1|P.6.1.6|P.6.1.16|P.6.1.17
vyahan	vyahan	96460	1	P.6.3.110
vyaja	vyaja	96226	1	P.3.3.119
vyakta	vyakta	96192	1	P.1.3.48
vyakti	vyakti	96198	3	P.1.2.51|P.5.4.53|P.7.1.85
vyalkaSa	vyalkaśa	96357	1	P.7.3.4
vyanta	vyanta	96291	1	P.6.2.181
vyapadeSya	vyapadeśya	96301	1	P.1.2.49
vyapekzA	vyapekṣā	96319	2	P.2.1.1|P.8.3.44
vyarRa	vyarṇa	96349	1	P.7.2.24
vyarTa	vyartha	96350	1	P.1.2.54
vyatihAra	vyatihāra	96261	5	P.1.3.14|P.3.3.43|P.3.4.19|P.5.4.127|P.7.3.6
vyatikrama	vyatikrama	96245	1	P.3.1.60
vyatizaNga	vyatiṣaṅga	96260	1	P.7.3.53
vyatyAsa	vyatyāsa	96267	1	P.1.4.106
vyatyaya	vyatyaya	96265	2	P.3.1.85|P.6.2.199
vyavAya	vyavāya	96433	3	P.6.1.136|P.8.3.58|P.8.4.2
vyavAyin	vyavāyin	96434	1	P.6.2.166
vyavaDAna	vyavadhāna	96369	5	P.6.3.34|P.8.1.38|P.8.2.36|P.8.3.58|P.8.4.2
vyavaDAyaka	vyavadhāyaka	96371	1	P.3.4.57
vyavahAra	vyavahāra	96403	2	P.2.3.27|P.7.3.7
vyavasTA	vyavasthā	96386	3	P.1.1.34|P.1.2.36|P.8.1.65
vyavasarga	vyavasarga	96379	1	P.5.4.2
vyaya	vyaya	96335	1	P.1.3.36
vyfdDi	vyṛddhi	96778	1	P.2.1.6
vyudAsa	vyudāsa	96742	2	P.7.2.74|P.7.4.63
vyutkramaRa	vyutkramaṇa	96730	1	P.8.1.15
vyutpatti	vyutpatti	96734	3	P.5.2.93|P.7.3.5|P.8.3.6
vyuzwi	vyuṣṭi	96762	1	P.6.2.81
wAla	ṭāla	28202	1	P.3.1.140
wIk	ṭīk	28216	2	P.8.3.34|P.8.4.41
wal	ṭal	28194	1	P.8.4.54
wala	ṭala	28195	1	P.3.1.140
wowa	ṭoṭa	28225	1	P.4.1.41
wvala	ṭvala	28233	1	P.3.1.140
x	ḷ	13191	1	P.1.4.57
yA	yā	81815	13	P.1.4.24|P.2.3.14|P.3.4.9|P.3.4.10|P.3.4.111|P.6.1.196|P.7.2.19|P.7.2.61|P.7.2.73|P.8.1.60|P.8.4.17|P.8.4.29|P.8.4.30
yATAkaTAca	yāthākathāca	81922	1	P.5.1.98
yAc	yāc	81827	2	P.1.4.51|P.7.4.2
yAcYA	yācñā	81838	1	P.3.3.90
yAcitaka	yācitaka	81832	1	P.4.4.21
yAcya	yācya	81840	1	P.7.3.66
yAdfS	yādṛś	81946	2	P.6.3.91|P.7.1.83
yAdfSa	yādṛśa	81947	3	P.3.2.60|P.4.1.15|P.6.3.91
yAdfkza	yādṛkṣa	81944	1	P.6.3.90
yAga	yāga	81822	1	P.4.2.24
yAjYAyani	yājñāyani	81867	1	P.4.1.154
yAjYadattaka	yājñadattaka	81858	1	P.4.2.80
yAjYadatti	yājñadatti	81859	1	P.4.1.157
yAjYapata	yājñapata	81861	1	P.4.1.84
yAjYavalka	yājñavalka	81862	3	P.4.2.66|P.4.2.111|P.4.3.105
yAjYavalkya	yājñavalkya	81864	1	P.4.1.105
yAjYika	yājñika	81868	4	P.2.1.53|P.4.2.60|P.4.3.129|P.6.2.65
yAjYikya	yājñikya	81872	1	P.4.3.129
yAjaka	yājaka	81843	3	P.1.3.72|P.2.2.9|P.6.2.151
yAjana	yājana	81844	1	P.2.1.53
yAji	yāji	81849	1	P.3.3.110
yAjikA	yājikā	81850	1	P.3.3.110
yAjin	yājin	81851	1	P.3.2.85
yAjya	yājya	81875	4	P.2.1.53|P.6.2.37|P.7.3.66|P.8.2.90
yAkflloma	yākṛlloma	81820	1	P.4.2.110
yAkftka	yākṛtka	81819	1	P.7.3.51
yAma	yāma	81975	1	P.6.1.203
yAmaka	yāmaka	81976	1	P.7.3.34
yAmalAyana	yāmalāyana	81991	1	P.4.2.80
yAmuna	yāmuna	82012	1	P.4.1.113
yAmundAyani	yāmundāyani	82014	2	P.4.1.149|P.4.1.154
yAmundAyanika	yāmundāyanika	82015	1	P.4.1.149
yAmya	yāmya	82020	1	P.4.1.85
yAna	yāna	81952	2	P.2.4.31|P.4.1.41
yApana	yāpana	81965	2	P.5.4.60|P.6.1.146
yApya	yāpya	81968	1	P.5.3.47
yAskAyani	yāskāyani	82100	1	P.4.1.91
yAska	yāska	82099	2	P.2.4.63|P.4.1.112
yAt	yāt	81879	1	P.7.1.39
yAtAnuyAta	yātānuyāta	81895	1	P.2.1.69
yAtar	yātar	81889	1	P.6.3.25
yAtavya	yātavya	81892	1	P.4.4.121
yAti	yāti	81897	1	P.1.1.58
yAtopayAta	yātopayāta	81911	1	P.4.4.19
yAvAsa	yāvāsa	82092	1	P.4.3.141
yAva	yāva	82031	1	P.5.4.29
yAvadamatram	yāvadamatram	82060	1	P.2.1.8
yAvadvedam	yāvadvedam	82075	1	P.3.4.30
yAvajjIvam	yāvajjīvam	82043	1	P.3.4.30
yAvaka	yāvaka	82033	3	P.4.2.92|P.4.3.149|P.5.4.29
yAvant	yāvant	82086	8	P.3.3.4|P.3.3.19|P.4.1.82|P.5.2.39|P.6.2.137|P.6.3.91|P.8.1.36|P.8.1.37
yAvatiTa	yāvatitha	82046	1	P.5.2.53
yAvya	yāvya	82093	1	P.3.1.126
yAyAvara	yāyāvara	82027	2	P.1.1.58|P.3.2.176
yAyajUka	yāyajūka	82025	1	P.3.2.166
yAzwIka	yāṣṭīka	82097	2	P.4.1.15|P.4.4.59
yODeya	yaudheya	82616	2	P.4.1.178|P.5.3.117
yODizWiri	yaudhiṣṭhiri	82615	1	P.4.1.96
yOTya	yauthya	82610	1	P.4.2.80
yOgaMDarAyaRa	yaugaṃdharāyaṇa	82594	1	P.4.1.99
yOgaMDara	yaugaṃdhara	82593	1	P.4.2.130
yOgaMDari	yaugaṃdhari	82596	1	P.4.1.173
yOgapadya	yaugapadya	82598	1	P.2.1.6
yOgavaratra	yaugavaratra	82599	1	P.4.2.45
yOgika	yaugika	82600	1	P.5.1.102
yOjanika	yaujanika	82602	1	P.5.1.74
yOkarIya	yaukarīya	82587	1	P.4.2.80
yOpya	yaupya	82621	1	P.4.2.80
yOtaki	yautaki	82606	1	P.4.1.80
yOvanASva	yauvanāśva	82633	1	P.6.2.107
yOvana	yauvana	82626	3	P.2.4.31|P.4.2.38|P.5.1.130
yOvanaka	yauvanaka	82627	2	P.5.1.133|P.6.4.151
yOvarAjika	yauvarājika	82639	1	P.4.2.116
yOvata	yauvata	82623	1	P.4.2.38
yOzmAkIRa	yauṣmākīṇa	82643	2	P.4.3.1|P.4.3.2
yOzmAka	yauṣmāka	82642	2	P.4.3.1|P.4.3.2
yUTa	yūtha	82316	2	P.2.4.31|P.4.1.41
yUTapaSu	yūthapaśu	82324	1	P.6.3.10
yUTara	yūthara	82328	1	P.4.2.80
yUTya	yūthya	82334	3	P.4.3.54|P.6.1.213|P.6.2.131
yUkara	yūkara	82314	1	P.4.2.80
yUpIya	yūpīya	82353	1	P.5.1.4
yUpa	yūpa	82339	1	P.6.2.43
yUpya	yūpya	82354	1	P.5.1.67
yUti	yūti	82315	1	P.3.3.97
yUza	yūṣa	82359	1	P.2.4.31
yUzan	yūṣan	82360	1	P.6.1.63
ya	ya	80801	3	P.1.1.27|P.3.3.135|P.8.1.66
yaB	yabh	81523	1	P.7.2.10
yaN	yaṅ	80864	1	P.2.4.74
yaSaskara	yaśaskara	81752	1	P.3.2.20
yaSasvant	yaśasvant	81758	2	P.5.2.121|P.8.2.9
yaSasvin	yaśasvin	81759	2	P.1.4.19|P.5.2.121
yaSasya	yaśasya	81756	1	P.5.1.39
yaSoBagIna	yaśobhagīna	81773	1	P.4.4.131
yaTA	yathā	81162	6	P.1.1.50|P.1.1.56|P.1.1.62|P.2.1.6|P.8.1.36|P.8.1.37
yaTABipreta	yathābhipreta	81289	1	P.3.4.59
yaTABirUpam	yathābhirūpam	81292	1	P.2.1.7
yaTADyApakam	yathādhyāpakam	81238	1	P.2.1.7
yaTASakti	yathāśakti	81374	1	P.2.1.6
yaTAkAram	yathākāram	81174	1	P.3.4.28
yaTAmuKIna	yathāmukhīna	81306	1	P.5.2.6
yaTAmuKam	yathāmukham	81305	1	P.5.2.6
yaTAprApta	yathāprāpta	81272	1	P.3.3.110
yaTArTa	yathārtha	81327	1	P.1.4.106
yaTAsaMBava	yathāsaṃbhava	81403	3	P.3.2.46|P.6.2.72|P.8.4.2
yaTAsaMKyam	yathāsaṃkhyam	81390	1	P.1.3.10
yaTAsaMKyena	yathāsaṃkhyena	81391	1	P.8.3.32
yaTAsaMpradAyam	yathāsaṃpradāyam	81401	1	P.1.2.36
yaTAsva	yathāsva	81422	1	P.8.1.14
yaTAviDi	yathāvidhi	81362	1	P.3.4.44
yaTAyaTam	yathāyatham	81313	2	P.4.4.110|P.8.1.14
yaTottara	yathottara	81440	1	P.7.3.59
yad	yad	81460	7	P.3.2.113|P.3.2.114|P.3.3.147|P.3.3.168|P.7.4.77|P.8.1.30|P.8.1.56
yadA	yadā	81465	4	P.5.3.15|P.6.1.196|P.7.1.68|P.8.2.89
yadIya	yadīya	81470	1	P.1.4.74
yada	yada	81461	1	P.5.4.107
yadfcCA	yadṛcchā	81473	1	P.2.1.72
yadi	yadi	81468	8	P.1.2.35|P.3.3.140|P.3.3.147|P.6.4.11|P.6.4.159|P.7.1.24|P.7.1.30|P.8.1.30
yadriyaYca	yadriyañca	81478	2	P.6.3.92|P.8.1.66
yadvftta	yadvṛtta	81485	1	P.8.1.66
yaj	yaj	121659	16	P.1.2.10|P.1.2.11|P.1.3.72|P.2.3.63|P.3.3.145|P.3.4.104|P.6.1.17|P.6.1.108|P.6.4.120|P.7.1.43|P.7.1.48|P.7.2.10|P.7.2.62|P.7.4.83|P.8.2.36|P.8.3.78
yajYa	yajña	80913	1	P.3.3.90
yajYadattaka	yajñadattaka	80940	1	P.5.3.78
yajYakarman	yajñakarman	80915	1	P.1.2.34
yajYakriyA	yajñakriyā	80928	1	P.1.2.34
yajYapAtra	yajñapātra	80959	2	P.1.3.64|P.8.1.15
yajYika	yajñika	81071	1	P.5.3.78
yajYiya	yajñiya	81074	1	P.5.1.71
yajamAna	yajamāna	81846	4	P.1.3.72|P.3.2.128|P.4.4.48|P.5.1.130
yajus	yajus	80910	2	P.6.1.117|P.7.4.38
yajuza	yajuṣa	80897	1	P.5.4.77
yajuzpAtra	yajuṣpātra	80907	1	P.8.3.48
yajuzwA	yajuṣṭā	80905	1	P.8.3.101
yajuzwama	yajuṣṭama	80902	1	P.8.3.101
yajuzwara	yajuṣṭara	80903	1	P.8.3.101
yajvan	yajvan	81091	1	P.3.2.103
yaka	yaka	80803	1	P.7.3.45
yakflloma	yakṛlloma	80812	1	P.4.2.110
yakft	yakṛt	80806	2	P.2.4.11|P.6.1.63
yam	yam	81526	24	P.1.1.20|P.1.2.15|P.1.2.16|P.1.2.44|P.1.3.28|P.1.3.55|P.1.3.56|P.1.3.75|P.1.3.89|P.1.4.44|P.1.4.76|P.2.3.27|P.3.2.188|P.4.1.131|P.4.4.30|P.4.4.66|P.6.2.65|P.6.4.37|P.6.4.103|P.7.2.10|P.7.2.73|P.7.3.77|P.7.4.83|P.8.4.17
yama	yama	81528	1	P.1.1.8
yamasaBa	yamasabha	81593	1	P.4.3.88
yamunda	yamunda	81628	1	P.4.1.149
yamya	yamya	81633	1	P.3.1.100
yanti	yanti	81489	1	P.6.4.39
yarhi	yarhi	81642	1	P.5.3.21
yas	yas	81807	3	P.1.3.89|P.3.1.71|P.3.1.72
yaska	yaska	81808	1	P.2.4.63
yatama	yatama	81100	1	P.5.3.93
yatara	yatara	81102	1	P.5.3.92
yatas	yatas	81108	2	P.5.3.7|P.5.3.8
yati	yati	81113	8	P.1.1.23|P.1.1.25|P.4.1.10|P.6.1.179|P.6.1.181|P.6.4.37|P.7.1.22|P.7.1.55
yatkara	yatkara	81134	1	P.3.2.21
yatna	yatna	81142	3	P.1.2.53|P.3.3.90|P.6.1.26
yatra	yatra	81147	5	P.1.1.3|P.1.1.50|P.3.3.148|P.5.3.10|P.8.1.30
yatya	yatya	81145	1	P.3.1.97
yavAgU	yavāgū	81704	1	P.4.2.20
yavAgUmaya	yavāgūmaya	81705	1	P.5.4.21
yavAnI	yavānī	81712	1	P.4.1.49
yavAsa	yavāsa	81719	1	P.5.2.135
yavAsinI	yavāsinī	81722	1	P.5.2.135
yavAzika	yavāṣika	81717	1	P.4.2.80
yavAzin	yavāṣin	81718	1	P.4.2.80
yavIyaMs	yavīyaṃs	81729	2	P.5.3.64|P.6.4.156
yava	yava	81645	6	P.1.4.27|P.3.3.23|P.3.3.57|P.4.1.54|P.4.2.16|P.6.1.160
yavaKada	yavakhada	81653	1	P.5.2.116
yavabusa	yavabusa	81685	1	P.4.3.48
yavaka	yavaka	81646	2	P.5.2.3|P.5.4.3
yavakya	yavakya	81647	1	P.5.2.3
yavamant	yavamant	81688	1	P.8.2.9
yavamaya	yavamaya	81689	1	P.4.3.149
yavanAnI	yavanānī	81672	1	P.4.1.49
yavana	yavana	121689	3	P.3.1.134|P.3.2.126|P.4.1.49
yavanamuRqa	yavanamuṇḍa	81670	1	P.2.1.72
yavapAla	yavapāla	81681	1	P.6.2.78
yavika	yavika	81724	1	P.5.2.117
yavizWa	yaviṣṭha	81725	2	P.5.3.64|P.6.4.156
yavizWya	yaviṣṭhya	81727	1	P.5.4.30
yavya	yavya	81735	2	P.5.1.7|P.5.2.3
yayu	yayu	81641	1	P.6.1.12
yazwavya	yaṣṭavya	81789	1	P.8.2.36
yazwi	yaṣṭi	81791	2	P.3.3.110|P.4.1.45
yena	yena	82362	1	P.2.1.14
yevAza	yevāṣa	82365	1	P.4.2.80
yoDa	yodha	82541	1	P.2.4.31
yodDar	yoddhar	82539	1	P.4.2.56
yoga	yoga	82375	7	P.1.1.62|P.1.2.54|P.1.3.46|P.7.2.63|P.8.1.24|P.8.4.39|P.8.4.40
yogaSabda	yogaśabda	82459	1	P.1.2.53
yogaviBAga	yogavibhāga	82455	1	P.6.2.59
yogin	yogin	82497	1	P.3.2.142
yogya	yogya	82519	4	P.2.1.6|P.3.1.121|P.5.1.102|P.6.1.81
yogyatA	yogyatā	82520	1	P.2.1.6
yok	yok	82369	1	P.1.1.37
yoktra	yoktra	82372	1	P.3.2.182
yoni	yoni	82554	1	P.6.3.23
yotra	yotra	82537	1	P.3.2.182
yu	yu	82109	12	P.1.1.27|P.1.2.59|P.3.4.88|P.6.4.58|P.6.4.87|P.6.4.126|P.7.1.39|P.7.2.10|P.7.2.11|P.7.2.49|P.7.3.89|P.7.4.80
yuD	yudh	82233	3	P.1.3.86|P.7.2.10|P.8.4.55
yuDizWira	yudhiṣṭhira	82245	4	P.2.4.66|P.4.1.96|P.6.3.9|P.8.3.95
yuYjAnaka	yuñjānaka	82195	1	P.5.2.62
yudDavant	yuddhavant	82221	1	P.5.2.136
yudDin	yuddhin	82229	1	P.5.2.136
yuga	yuga	82136	2	P.6.1.160|P.8.4.13
yugaMDara	yugaṃdhara	82139	3	P.3.2.46|P.4.1.173|P.4.2.130
yugapad	yugapad	82142	2	P.1.1.37|P.2.1.6
yugavaratra	yugavaratra	82151	1	P.4.2.45
yugin	yugin	82164	1	P.8.4.13
yugya	yugya	82180	4	P.3.1.121|P.4.4.76|P.5.1.2|P.5.1.66
yuj	yuj	82187	27	P.1.1.9|P.1.2.51|P.1.3.51|P.1.3.63|P.1.3.64|P.2.2.30|P.2.3.4|P.2.3.8|P.2.3.19|P.3.1.40|P.3.1.56|P.3.2.59|P.3.2.61|P.3.3.122|P.4.2.3|P.4.4.66|P.4.4.70|P.6.2.66|P.6.2.75|P.6.3.59|P.6.3.62|P.7.1.71|P.8.1.15|P.8.1.73|P.8.2.83|P.8.2.94|P.8.4.39
yuktArohin	yuktārohin	82124	1	P.6.2.81
yukti	yukti	82127	1	P.8.2.94
yuvaKalati	yuvakhalati	82264	1	P.2.1.67
yuvajAni	yuvajāni	82267	1	P.5.4.134
yuvajaratI	yuvajaratī	82266	1	P.2.1.67
yuvan	yuvan	82274	6	P.1.2.65|P.2.4.58|P.4.1.90|P.4.1.94|P.4.1.163|P.6.4.133
yuvapalita	yuvapalita	82279	1	P.2.1.67
yuvapratyaya	yuvapratyaya	82280	1	P.2.4.59
yuvati	yuvati	82268	2	P.2.1.65|P.4.1.77
yuvavalina	yuvavalina	82287	1	P.2.1.67
yuzmadIya	yuṣmadīya	82300	2	P.4.3.1|P.7.2.98
zARmAsika	ṣāṇmāsika	102661	1	P.5.1.83
zARmAsya	ṣāṇmāsya	102662	1	P.5.1.83
zARmAtura	ṣāṇmātura	102660	1	P.4.1.115
zARqaSa	ṣāṇḍaśa	102658	1	P.4.1.41
zAqaRqaka	ṣāḍaṇḍaka	102652	1	P.4.2.127
zAtvaRatvika	ṣātvaṇatvika	102663	1	P.4.3.67
zAzWa	ṣāṣṭha	102667	2	P.5.3.50|P.8.1.19
zAzwika	ṣāṣṭika	102665	1	P.5.1.20
zAzwipaTa	ṣāṣṭipatha	102666	1	P.4.2.60
zOqata	ṣauḍata	102710	1	P.5.4.38
zWiv	ṣṭhiv	102712	1	P.1.4.62
zaRQa	ṣaṇḍha	102580	1	P.4.1.41
zaRmAsa	ṣaṇmāsa	102595	1	P.5.1.84
zaRmAsika	ṣaṇmāsika	102596	1	P.5.1.84
zaRmAsya	ṣaṇmāsya	102597	1	P.5.1.83
zaqaRqa	ṣaḍaṇḍa	102492	1	P.4.2.127
zawka	ṣaṭka	102411	2	P.5.1.22|P.5.2.77
zawpad	ṣaṭpad	102448	1	P.5.4.139
zaz	ṣaṣ	102607	6	P.1.1.24|P.4.1.10|P.6.1.179|P.7.1.22|P.7.1.55|P.8.4.42
zazWa	ṣaṣṭha	102631	16	P.1.1.49|P.2.1.18|P.2.1.30|P.2.1.34|P.2.1.38|P.2.1.50|P.2.2.8|P.2.3.26|P.5.2.51|P.5.3.51|P.5.4.148|P.6.2.25|P.6.2.60|P.6.2.134|P.6.3.21|P.8.1.20
zazWaka	ṣaṣṭhaka	102632	1	P.5.3.51
zazwa	ṣaṣṭa	102609	1	P.5.2.58
zazwi	ṣaṣṭi	102610	1	P.5.1.59
zazwika	ṣaṣṭika	102611	2	P.2.4.31|P.5.1.90
zazwikya	ṣaṣṭikya	102612	1	P.5.2.3
zazwirAtra	ṣaṣṭirātra	102620	1	P.5.1.90
zazwitama	ṣaṣṭitama	102615	1	P.5.2.58
zoqaSan	ṣoḍaśan	102682	1	P.1.2.34
zoqaSin	ṣoḍaśin	102704	1	P.8.3.105
zoqant	ṣoḍant	102675	1	P.5.4.38
