sentence_id	sent_id	chapter_id	n_tokens	target_idx	lemma_id	lemma	upos	cell	formation	form	unsandhied	corpus_freq	sentence_cloze	sentence_full	distractor_forms	n_distractors	drill_mode
1067	506286	7429	5	3	156168	kṛ	VERB	Pres.Ind.3.Sing.NonPass		karoti	karoti	40555	śītapitta haraḥ ___ na nidāghe	śītapitta haraḥ karoti na nidāghe	kuryāt|kuru|cakāra	3	mcq
1519	483918	7672	7	1	156168	kṛ	VERB	Past.Ind.3.Sing.NonPass		cakre	cakre	40555	___ baliṃ ca tat śakrāya dadau hariḥ	cakre baliṃ ca tat śakrāya dadau hariḥ	kuryāt|karoti|kurute	3	mcq
1957	484356	7684	8	6	156168	kṛ	VERB	Past.Ind.3.Sing.NonPass		cakāra	cakāra	40555	jitvā niḥsārya ca abdhi stham ___ bala saṃstutaḥ	jitvā niḥsārya ca abdhi stham cakāra bala saṃstutaḥ	kuryāt|karoti|kurute	3	mcq
455	590213	9744	7	1	157250	bhū	VERB	Pres.Opt.3.Sing.NonPass		bhavet	bhavet	40393	___ paitram tu ahorātram māsena abdena daivatam	bhavet paitram tu ahorātram māsena abdena daivatam	bhavati|bhavanti|abhavat	3	mcq
891	506110	7429	7	1	157250	bhū	VERB	Pres.Opt.3.Sing.NonPass		bhavet	bhavet	40393	___ ṣoḍaśabhir māṣaiḥ suvarṇas tat punaḥ smṛtaḥ	bhavet ṣoḍaśabhir māṣaiḥ suvarṇas tat punaḥ smṛtaḥ	bhavati|bhavanti|abhavat	3	mcq
943	506162	7429	6	6	157250	bhū	VERB	Pres.Opt.3.Sing.NonPass		bhavet	bhavet	40393	mṛdau caturguṇaṃ deyaṃ kaṭhine 'ṣṭaguṇaṃ ___	mṛdau caturguṇaṃ deyaṃ kaṭhine 'ṣṭaguṇaṃ bhavet	bhavati|bhavanti|abhavat	3	mcq
179	589937	9741	9	5	156122	as	VERB	Pres.Opt.3.Plur.NonPass		syuḥ	syuḥ	35467	kṛmi pīlaka lūtā ādyāḥ ___ dvi tri catur indriyāḥ	kṛmi pīlaka lūtā ādyāḥ syuḥ dvi tri catur indriyāḥ	syāt|asi|asti	3	mcq
206	589964	9741	6	4	156122	as	VERB	Pres.Opt.3.Sing.NonPass		syāt	syāt	35467	ikṣvāku kula sambhūtāḥ ___ dvāviṃśatiḥ arhatām	ikṣvāku kula sambhūtāḥ syāt dvāviṃśatiḥ arhatām	asi|asti|astu	3	mcq
219	589977	9741	5	1	156122	as	VERB	Pres.Opt.3.Sing.NonPass		syāt	syāt	35467	___ gomukhaḥ mahāyakṣaḥ trimukhaḥ yakṣanāyakaḥ	syāt gomukhaḥ mahāyakṣaḥ trimukhaḥ yakṣanāyakaḥ	asi|asti|astu	3	mcq
1194	555569	8248	9	3	157264	vac	VERB	Pres.Ind.3.Sing.Pass		ucyate	ucyate	33948	para ity ___ yo 'yaṃ na vinā sva svabhāvāt	para ity ucyate yo 'yaṃ na vinā sva svabhāvāt	uvāca|ūcuḥ|avocat	3	mcq
1431	483830	7669	8	1	157264	vac	VERB	Past.Ind.3.Sing.NonPass		ūce	ūce	33948	___ dehi bṛhat sthānaṃ prākṣipat ca ambudhau tataḥ	ūce dehi bṛhat sthānaṃ prākṣipat ca ambudhau tataḥ	ucyate|ūcuḥ|vakṣyāmi	3	mcq
1452	483851	7670	7	1	157264	vac	VERB	Fut.Ind.1.Sing.NonPass		vakṣye	vakṣye	33948	___ kūrma avatāram ca śrutvā pāpa praṇāśanam	vakṣye kūrma avatāram ca śrutvā pāpa praṇāśanam	uvāca|ucyate|ūcuḥ	3	mcq
312	590070	9744	11	1	86559	deva	NOUN	Nom.Plur		devāḥ	devāḥ	22996	___ suparva sura nirjara devatā ṛbhu barhirmukha animiṣa daivata nāki lekhāḥ	devāḥ suparva sura nirjara devatā ṛbhu barhirmukha animiṣa daivata nāki lekhāḥ	devānām|devaḥ|devān	3	mcq
1471	483870	7670	8	3	86559	deva	NOUN	Nom.Plur		devāḥ	devāḥ	22996	paśyantaḥ sarva ___ tām stuvantaḥ sa śriyaḥ 'bhavan	paśyantaḥ sarva devāḥ tām stuvantaḥ sa śriyaḥ 'bhavan	devānām|devaḥ|devān	3	mcq
1501	483900	7672	7	1	86559	deva	NOUN	Ins.Plur		devair	devaiḥ	22996	___ gatvā stuto viṣṇur yajña rūpaḥ varāhakaḥ	devair gatvā stuto viṣṇur yajña rūpaḥ varāhakaḥ	devāḥ|devānām|devaḥ	3	mcq
347	590105	9744	10	1	70467	rājan	NOUN	Nom.Sing		rājā	rājā	19360	___ niśo ratnakarau ca candraḥ somo amṛta śveta hima dyutiḥ	rājā niśo ratnakarau ca candraḥ somo amṛta śveta hima dyutiḥ	rājñ|rājānam|rājñaḥ	3	mcq
1550	483949	7673	6	1	70467	rājan	NOUN	Abl.Sing		rājño	rājñaḥ	19360	___ daśarathāt rāmaḥ kauśalyāyāṃ babhūva ha	rājño daśarathāt rāmaḥ kauśalyāyāṃ babhūva ha	rājā|rājñ|rājānam	3	mcq
1575	483974	7675	6	1	70467	rājan	NOUN	Nom.Sing		rājā	rājā	19360	___ daśaratho rāmam uvāca śṛṇu rāghava	rājā daśaratho rāmam uvāca śṛṇu rāghava	rājñ|rājānam|rājñaḥ	3	mcq
1075	506294	7429	9	2	5705	agni	NOUN	Loc.Sing		agnau	agnau	19309	kṣiptā ___ bhasma na syāc cimicimi kurute carmagandhā hutāśe	kṣiptā agnau bhasma na syāc cimicimi kurute carmagandhā hutāśe	agniḥ|agnim|agne	3	mcq
1156	506375	7430	5	1	5705	agni	NOUN	Loc.Sing		'gnau	agnau	19309	___ dravīkṛto dugdha nipātitaḥ vā	'gnau dravīkṛto dugdha nipātitaḥ vā	agniḥ|agnim|agne	3	mcq
1162	506381	7430	7	2	5705	agni	NOUN	Acc.Sing		agniṃ	agnim	19309	kramād ___ tato dadyād bhiṣag yāma catuṣṭayam	kramād agniṃ tato dadyād bhiṣag yāma catuṣṭayam	agniḥ|agne|agnau	3	mcq
1475	483874	7670	8	2	156214	gam	VERB	Past.Ind.3.Plur.NonPass		jagmuḥ	jagmuḥ	18341	gṛhītvā ___ janma ādyāḥ viṣṇuḥ strī rūpadhṛk tataḥ	gṛhītvā jagmuḥ janma ādyāḥ viṣṇuḥ strī rūpadhṛk tataḥ	jagāma|gacchati|gaccha	3	mcq
1741	484140	7678	7	1	156214	gam	VERB	Past.Ind.3.Plur.NonPass		jagmū	jagmuḥ	18341	___ rāmaṃ sa sugrīvam apaśyantas tu jānakīm	jagmū rāmaṃ sa sugrīvam apaśyantas tu jānakīm	jagāma|gacchati|gaccha	3	mcq
1844	484243	7681	7	2	156214	gam	VERB	Pres.Ind.1.Sing.NonPass		gacchāmi	gacchāmi	18341	ato ___ yuddhāya rāmaṃ hanmi sa vānaram	ato gacchāmi yuddhāya rāmaṃ hanmi sa vānaram	jagāma|gacchati|gaccha	3	mcq
77	479348	7024	7	5	57973	ādi	NOUN	Acc.Plur		ādīn	ādīn	15011	dvādaśa ādhyātmikāḥ hitvā rūpa ___ dharma saṃjñakaḥ	dvādaśa ādhyātmikāḥ hitvā rūpa ādīn dharma saṃjñakaḥ	ādayaḥ|ādibhiḥ|ādīnām	3	mcq
87	479358	7024	7	3	57973	ādi	NOUN	Ins.Plur		ādibhiḥ	ādibhiḥ	15011	tribhiḥ ghrāṇa ___ tulya viṣaya grahaṇam matam	tribhiḥ ghrāṇa ādibhiḥ tulya viṣaya grahaṇam matam	ādayaḥ|ādīnām|ādau	3	mcq
118	479389	7034	8	5	57973	ādi	NOUN	Nom.Plur		ādīni	ādīni	15011	manas anya vitti śraddhā ___ aṣṭakaṃ kuśalaṃ dvidhā	manas anya vitti śraddhā ādīni aṣṭakaṃ kuśalaṃ dvidhā	ādibhiḥ|ādīnām|ādau	3	mcq
151	479519	7032	8	5	157766	dṛś	VERB	Pres.Ind.3.Sing.NonPass		paśyati	paśyati	14866	kasmāt na sarvaṃ prāptaṃ ___ añjanam śalākāṃ vā	kasmāt na sarvaṃ prāptaṃ paśyati añjanam śalākāṃ vā	dadarśa|dṛśyate|dadṛśuḥ	3	mcq
177	589919	9741	6	1	157766	dṛś	VERB	Pres.Ind.3.Sing.Pass		dṛśyate	dṛśyate	14866	___ khalu vāhya tve vṛṣasya vṛṣavāhanaḥ	dṛśyate khalu vāhya tve vṛṣasya vṛṣavāhanaḥ	dadarśa|paśyati|dadṛśuḥ	3	mcq
1608	484007	7675	6	1	157766	dṛś	VERB	Past.Ind.3.Sing.NonPass		dadarśa	dadarśa	14866	___ kekayīṃ ruṣṭām uvāca katham īdṛśā	dadarśa kekayīṃ ruṣṭām uvāca katham īdṛśā	dṛśyate|paśyati|dadṛśuḥ	3	mcq
4	479275	7024	10	2	53136	artha	NOUN	Abl.Sing		arthāt	arthāt	13703	tasya ___ asmin samanupraveśāt sa ca āśrayaḥ asya iti abhidharmakośam	tasya arthāt asmin samanupraveśāt sa ca āśrayaḥ asya iti abhidharmakośam	artham|arthaḥ|arthe	3	mcq
27	479298	7024	8	2	53136	artha	NOUN	Nom.Plur		arthāḥ	arthāḥ	13703	indriya ___ te eva iṣṭāḥ daśa āyatana dhātavaḥ	indriya arthāḥ te eva iṣṭāḥ daśa āyatana dhātavaḥ	artham|arthaḥ|arthe	3	mcq
34	479305	7024	7	4	53136	artha	NOUN	Acc.Sing		artham	artham	13703	ṣaṣṭha āśraya prasiddhi ___ dhātavo 'ṣṭādaśa smṛtāḥ	ṣaṣṭha āśraya prasiddhi artham dhātavo 'ṣṭādaśa smṛtāḥ	arthaḥ|arthe|arthāya	3	mcq
1206	555581	8248	8	1	66869	loka	NOUN	Nom.Sing		lokas	lokaḥ	13498	___ tena yathā bhūtam iti matvā tvayā uditam	lokas tena yathā bhūtam iti matvā tvayā uditam	loke|lokam|lokān	3	mcq
1214	555589	8248	9	7	66869	loka	NOUN	Nom.Sing		loko	lokaḥ	13498	na ca utpannaḥ sthito naṣṭa ukto ___ 'rthatas tvayā	na ca utpannaḥ sthito naṣṭa ukto loko 'rthatas tvayā	loke|lokam|lokān	3	mcq
1262	555637	8248	8	6	66869	loka	NOUN	Nom.Sing		lokas	lokaḥ	13498	antavān na antavān ca api ___ tasya prasajyate	antavān na antavān ca api lokas tasya prasajyate	loke|lokam|lokān	3	mcq
594	590353	9744	7	4	57749	ātman	NOUN	Nom.Plur		ātmānaḥ	ātmānaḥ	13409	manas śṛṅgāra saṃkalpa ___ yoniḥ suhṛd madhuḥ	manas śṛṅgāra saṃkalpa ātmānaḥ yoniḥ suhṛd madhuḥ	ātmā|ātmānam|ātmanaḥ	3	mcq
1248	555623	8248	9	1	57749	ātman	NOUN	Gen.Sing		ātmanaś	ātmanaḥ	13409	___ ca pareṣāṃ ca sama tā tena te matā	ātmanaś ca pareṣāṃ ca sama tā tena te matā	ātmā|ātmānam|ātmanā	3	mcq
1299	18144	57	8	3	57749	ātman	NOUN	Nom.Sing		ātmā	ātmā	13409	yathā eva ___ tathā vajraṃ tasmān maulyaṃ samarpayet	yathā eva ātmā tathā vajraṃ tasmān maulyaṃ samarpayet	ātmānam|ātmanaḥ|ātmanā	3	mcq
5	479276	7024	9	1	91970	dharma	NOUN	Gen.Plur		dharmāṇāṃ	dharmāṇām	12450	___ pravicayam antareṇa na asti kleśānāṃ yata upaśāntaye abhyupāyaḥ	dharmāṇāṃ pravicayam antareṇa na asti kleśānāṃ yata upaśāntaye abhyupāyaḥ	dharmaḥ|dharmam|dharmeṇa	3	mcq
7	479278	7024	7	4	91970	dharma	NOUN	Nom.Plur		dharmāḥ	dharmāḥ	12450	sa āsrava anāsravāḥ ___ saṃskṛtā mārga varjitāḥ	sa āsrava anāsravāḥ dharmāḥ saṃskṛtā mārga varjitāḥ	dharmaḥ|dharmam|dharmeṇa	3	mcq
13	479284	7024	8	4	91970	dharma	NOUN	Nom.Plur		dharmā	dharmāḥ	12450	te punaḥ saṃskṛtā ___ rūpa ādi skandha pañcakam	te punaḥ saṃskṛtā dharmā rūpa ādi skandha pañcakam	dharmaḥ|dharmam|dharmeṇa	3	mcq
478	590236	9744	8	1	63463	indra	NOUN	Nom.Sing		indro	indraḥ	12172	___ hariḥ duścyavanaḥ 'cyutāgrajo vajrī viḍaujā maghavā puraṃdaraḥ	indro hariḥ duścyavanaḥ 'cyutāgrajo vajrī viḍaujā maghavā puraṃdaraḥ	indra|indram|indraiḥ	3	mcq
1876	484275	7681	6	1	63463	indra	NOUN	Nom.Sing		indro	indraḥ	12172	___ 'rcito amṛta vṛṣṭyā jīvayāmāsa vānarān	indro 'rcito amṛta vṛṣṭyā jīvayāmāsa vānarān	indra|indram|indraiḥ	3	mcq
1900	484299	7683	8	1	63463	indra	NOUN	Acc.Sing		indraṃ	indram	12172	___ jitvā indrajit ca abhūt rāvaṇāt adhikaḥ balī	indraṃ jitvā indrajit ca abhūt rāvaṇāt adhikaḥ balī	indraḥ|indra|indraiḥ	3	mcq
1565	483964	7673	8	1	157372	dā	VERB	Past.Ind.3.Sing.NonPass		dadau	dadau	11970	___ rāmāya rāmo 'pi pitṛ ādau hi samāgate	dadau rāmāya rāmo 'pi pitṛ ādau hi samāgate	dadyāt|dadāti|dehi	3	mcq
1822	484221	7681	6	1	157372	dā	VERB	Pres.Imp.3.Sing.Pass		dīyatāṃ	dīyatām	11970	___ rāghavāya āśu anyathā tvaṃ mariṣyasi	dīyatāṃ rāghavāya āśu anyathā tvaṃ mariṣyasi	dadyāt|dadāti|dadau	3	mcq
2301	484700	7692	6	1	157372	dā	VERB	Past.Ind.3.Sing.NonPass		dadau	dadau	11970	___ sa daśa dharmāya kaśyapāya trayodaśa	dadau sa daśa dharmāya kaśyapāya trayodaśa	dadyāt|dadāti|dehi	3	mcq
1651	484050	7675	7	1	144475	putra	NOUN	Acc.Sing		putraṃ	putram	11750	___ vinā mariṣyāvas tvaṃ ca śokāt mariṣyasi	putraṃ vinā mariṣyāvas tvaṃ ca śokāt mariṣyasi	putraḥ|putrāḥ|putrān	3	mcq
1652	484051	7675	7	1	144475	putra	NOUN	Acc.Sing		putraṃ	putram	11750	___ vinā smaran śokāt kauśalye maraṇaṃ mama	putraṃ vinā smaran śokāt kauśalye maraṇaṃ mama	putraḥ|putrāḥ|putrān	3	mcq
1789	484188	7680	8	1	144475	putra	NOUN	Acc.Sing		putram	putram	11750	___ akṣam kumāraṃ ca śakrajit ca babandha tam	putram akṣam kumāraṃ ca śakrajit ca babandha tam	putraḥ|putrāḥ|putrān	3	mcq
38	479309	7024	10	2	163754	tva	NOUN	Loc.Sing		tve	tve	10850	dvi ___ api cakṣus ādīnām śobhā artham tu dvaya udbhavaḥ	dvi tve api cakṣus ādīnām śobhā artham tu dvaya udbhavaḥ	tvāt|tvam|tvena	3	mcq
41	479312	7024	7	5	163754	tva	NOUN	Abl.Sing		tvāt	tvāt	10850	vivāda mūla saṃsāra hetu ___ krama kāraṇāt	vivāda mūla saṃsāra hetu tvāt krama kāraṇāt	tvam|tvena|tve	3	mcq
89	479360	7024	7	4	163754	tva	NOUN	Abl.Sing		tvāt	tvāt	10850	tad vikāra vikāri ___ āśrayāś cakṣus ādayaḥ	tad vikāra vikāri tvāt āśrayāś cakṣus ādayaḥ	tvam|tvena|tve	3	mcq
1385	483784	7592	9	3	157409	śru	VERB	Pres.Imp.2.Sing.NonPass		śṛṇu	śṛṇu	10505	śuka ādyaiḥ ___ sūta tvaṃ vaśiṣṭho māṃ yathā abravīt	śuka ādyaiḥ śṛṇu sūta tvaṃ vaśiṣṭho māṃ yathā abravīt	śrūyate|śrūyatām|śṛṇoti	3	mcq
1446	483845	7669	8	1	157409	śru	VERB	Past.Ind.3.Sing.NonPass		śuśrāva	śuśrāva	10505	___ matsyāt pāpa ghnam saṃstuvan stutibhiś ca taṃ	śuśrāva matsyāt pāpa ghnam saṃstuvan stutibhiś ca taṃ	śṛṇu|śrūyate|śrūyatām	3	mcq
3447	749375	15214	10	2	157409	śru	VERB	Pres.Sub.3.Sing.NonPass		śṛṇavac	śṛṇavat	10505	ubhayaṃ ___ ca na iti saptamīṃ ca aṣṭamīm ca uddharati	ubhayaṃ śṛṇavac ca na iti saptamīṃ ca aṣṭamīm ca uddharati	śṛṇu|śrūyate|śrūyatām	3	mcq
1102	506321	7430	7	3	69571	rasa	NOUN	Loc.Sing		rase	rase	10073	aśodhite dhātu ___ jīvana antam na saṃśayaḥ	aśodhite dhātu rase jīvana antam na saṃśayaḥ	rasaḥ|rasam|raseṇa	3	mcq
1152	506371	7430	6	4	69571	rasa	NOUN	Ins.Plur		rasaiḥ	rasaiḥ	10073	nirdravaṃ marditaḥ pattra ___ bhaved rasaḥ	nirdravaṃ marditaḥ pattra rasaiḥ bhaved rasaḥ	rasaḥ|rasam|raseṇa	3	mcq
8214	75372	488	9	4	69571	rasa	NOUN	Nom.Plur		rasāḥ	rasāḥ	10073	tikto amlaḥ ca ___ puṃsi tadvatsu ṣaṣ amī triṣu	tikto amlaḥ ca rasāḥ puṃsi tadvatsu ṣaṣ amī triṣu	rasaḥ|rasam|raseṇa	3	mcq
2188	484587	7689	7	3	12243	karman	NOUN	Acc.Sing		karma	karma	9938	naraka arham ___ cakruḥ grahīṣyanti adhamāt api	naraka arham karma cakruḥ grahīṣyanti adhamāt api	karmaṇā|karmaṇi|karmāṇi	3	mcq
3070	748990_11	15089	8	3	12243	karman	NOUN	Nom.Sing		karma	karma	9938	tat idam ___ kṛtam ayam puruṣaḥ brahmaṇaḥ lokaḥ	tat idam karma kṛtam ayam puruṣaḥ brahmaṇaḥ lokaḥ	karmaṇā|karmaṇi|karmāṇi	3	mcq
3626	650082_1	10839	5	4	12243	karman	NOUN	Acc.Sing		karma	karma	9938	pratnam iti pūrvam ___ abhivadati	pratnam iti pūrvam karma abhivadati	karmaṇā|karmaṇi|karmāṇi	3	mcq
863	506082	7429	7	3	157262	brū	VERB	Pres.Opt.3.Sing.NonPass		brūyāt	brūyāt	9781	vinā yo ___ tam āhuḥ brahma ghātakaḥ	vinā yo brūyāt tam āhuḥ brahma ghātakaḥ	abravīt|brūhi|abruvan	3	mcq
1429	483828	7669	8	3	157262	brū	VERB	Impf.Ind.3.Sing.NonPass		abravīt	abravīt	9781	tatra vṛddho ___ bhūpam pṛthu dehi padaṃ mano	tatra vṛddho abravīt bhūpam pṛthu dehi padaṃ mano	brūyāt|brūhi|abruvan	3	mcq
1620	484019	7675	8	4	157262	brū	VERB	Pres.Ind.2.Sing.NonPass		bravīṣi	bravīṣi	9781	yat mām evam ___ tvaṃ sarva loka apriyaṃkare	yat mām evam bravīṣi tvaṃ sarva loka apriyaṃkare	abravīt|brūyāt|brūhi	3	mcq
1484	483883	7670	10	3	156124	ah	VERB	Past.Ind.3.Sing.NonPass		āha	āha	9447	tathā iti ___ atha taṃ viṣṇus tataḥ sarvaiḥ saha amaraiḥ	tathā iti āha atha taṃ viṣṇus tataḥ sarvaiḥ saha amaraiḥ	āhuḥ|āttha|āhatuḥ	3	mcq
1698	484097	7676	10	3	156124	ah	VERB	Past.Ind.3.Sing.NonPass		āha	āha	9447	tathā iti ___ ca tac chrutvā mārīcaṃ prāha vai vraja	tathā iti āha ca tac chrutvā mārīcaṃ prāha vai vraja	āhuḥ|āttha|āhatuḥ	3	mcq
2004	484403	7684	9	2	156124	ah	VERB	Past.Ind.3.Sing.NonPass		āha	āha	9447	tām ___ gaurī bhartā te niśi suptā iti darśanāt	tām āha gaurī bhartā te niśi suptā iti darśanāt	āhuḥ|āttha|āhatuḥ	3	mcq
4467	650493_8	10950	8	2	158058	vid	VERB	Past.Ind.3.Plur.NonPass		aviduḥ	aviduḥ	9391	te ___ anena vai devāḥ yajñam ayūyupan iti	te aviduḥ anena vai devāḥ yajñam ayūyupan iti	veda|vidyāt|vidyate	3	mcq
4821	650673_7	11105	9	2	158058	vid	VERB	Past.Ind.3.Plur.NonPass		viduḥ	viduḥ	9391	te ___ iyān vāva kila paśuḥ yāvatī vapā iti	te viduḥ iyān vāva kila paśuḥ yāvatī vapā iti	veda|vidyāt|vidyate	3	mcq
7402	652780_3	12161	5	4	158058	vid	VERB	Past.Ind.2.Sing.NonPass		vettha	vettha	9391	yaḥ tvam katham ___ brahmabandho	yaḥ tvam katham vettha brahmabandho	veda|vidyāt|viduḥ	3	mcq
3035	748965	15061	10	3	157340	sthā	VERB	Past.Ind.3.Sing.NonPass		tasthau	tasthau	9268	bṛhat ha ___ bhuvaneṣv antaḥ pavamāno harita ā viveśa iti	bṛhat ha tasthau bhuvaneṣv antaḥ pavamāno harita ā viveśa iti	tiṣṭhati|tiṣṭha|tiṣṭhanti	3	mcq
4512	650520_2	10955	8	1	157340	sthā	VERB	Pres.Imp.2.Sing.NonPass		tiṣṭha	tiṣṭha	9268	___ devaḥ iva savitā iti eva tat āha	tiṣṭha devaḥ iva savitā iti eva tat āha	tiṣṭhati|tasthau|tiṣṭhanti	3	mcq
4552	650539_1	10967	5	1	157340	sthā	VERB	Pres.Opt.3.Sing.NonPass		tiṣṭhet	tiṣṭhet	9268	___ yūpaḥ anupraharet iti āhuḥ	tiṣṭhet yūpaḥ anupraharet iti āhuḥ	tiṣṭhati|tiṣṭha|tasthau	3	mcq
1122	506341	7430	5	2	156584	jan	VERB	Pres.Ind.3.Sing.NonPass		jāyate	jāyate	9247	viśuddho ___ sūtaḥ tataḥ karmaṇi	viśuddho jāyate sūtaḥ tataḥ karmaṇi	jajñe|jāyante|ajāyata	3	mcq
1181	555556	8248	8	3	156584	jan	VERB	Pres.Ind.3.Sing.NonPass		jāyate	jāyate	9247	svasmān na ___ bhāvaḥ parasmān na ubhayāt api	svasmān na jāyate bhāvaḥ parasmān na ubhayāt api	jajñe|jāyante|ajāyata	3	mcq
2225	484624	7691	8	2	156584	jan	VERB	Past.Ind.3.Sing.NonPass		jajñe	jajñe	9247	tasmin ___ svayaṃ brahmā svayambhuḥ iti naḥ śrutam	tasmin jajñe svayaṃ brahmā svayambhuḥ iti naḥ śrutam	jāyate|jāyante|ajāyata	3	mcq
17	479288	7024	9	1	71929	rūpa	NOUN	Nom.Sing		rūpaṃ	rūpam	8869	___ pañca indriyāṇi arthāḥ pañca a vijñaptiḥ eva ca	rūpaṃ pañca indriyāṇi arthāḥ pañca a vijñaptiḥ eva ca	rūpeṇa|rūpāḥ|rūpāṇi	3	mcq
19	479290	7024	7	1	71929	rūpa	NOUN	Nom.Sing		rūpaṃ	rūpam	8869	___ dvidhā viṃśatidhā śabdaḥ tu aṣṭavidhaḥ rasaḥ	rūpaṃ dvidhā viṃśatidhā śabdaḥ tu aṣṭavidhaḥ rasaḥ	rūpeṇa|rūpāḥ|rūpāṇi	3	mcq
59	479330	7024	7	6	71929	rūpa	NOUN	Loc.Sing		rūpe	rūpe	8869	tridhā anye kāmadhātu āptāḥ sarve ___ caturdaśa	tridhā anye kāmadhātu āptāḥ sarve rūpe caturdaśa	rūpam|rūpeṇa|rūpaḥ	3	mcq
13209	646200	11121	7	2	157282	han	VERB	Pres.Ind.2.Sing.NonPass		haṁsy	haṃsi	8744	yadi ___ aśvaṃ yadi gāṃ yadi pūruṣam	yadi haṁsy aśvaṃ yadi gāṃ yadi pūruṣam	hanti|jaghāna|jahi	3	mcq
13935	646871_1	13151	5	2	157282	han	VERB	Pres.Imp.2.Sing.NonPass		jahi	jahi	8744	śatam ___ apsarasām śatam śvanvatīnām	śatam jahi apsarasām śatam śvanvatīnām	hanti|jaghāna|hanyāt	3	mcq
14821	647694	14626	6	1	157282	han	VERB	Pres.Imp.2.Sing.NonPass		jahi	jahi	8744	___ jyeṣṭham adṛṣṭānāṃ sarpāṇāṃ mogha cāriṇām	jahi jyeṣṭham adṛṣṭānāṃ sarpāṇāṃ mogha cāriṇām	hanti|jaghāna|hanyāt	3	mcq
2703	748696	14923	11	1	72936	yajña	NOUN	Acc.Sing		yajñaṃ	yajñam	8205	___ vaṣṭv iti yad āha yajñaṃ vahatv ity eva tad āha	yajñaṃ vaṣṭv iti yad āha yajñaṃ vahatv ity eva tad āha	yajñaḥ|yajñasya|yajñe	3	mcq
3204	749123	15134	10	3	72936	yajña	NOUN	Nom.Sing		yajñaḥ	yajñaḥ	8205	sa eṣa ___ pañcavidho 'gnihotraṃ darśa pūrṇamāsau cāturmāsyāni paśuḥ somaḥ	sa eṣa yajñaḥ pañcavidho 'gnihotraṃ darśa pūrṇamāsau cāturmāsyāni paśuḥ somaḥ	yajñam|yajñasya|yajñe	3	mcq
3545	650038_1	10828	10	3	72936	yajña	NOUN	Gen.Sing		yajñasya	yajñasya	8205	ete vai ___ antye tanvau yat agniḥ ca viṣṇuḥ ca	ete vai yajñasya antye tanvau yat agniḥ ca viṣṇuḥ ca	yajñaḥ|yajñam|yajñe	3	mcq
799	590558	9744	7	1	94899	pitṛ	NOUN	Nom.Sing		pitā	pitā	8158	___ tu āvukaḥ āvutta bhāvukau bhaginī patau	pitā tu āvukaḥ āvutta bhāvukau bhaginī patau	pituḥ|pitaraḥ|pitaram	3	mcq
1534	483933	7672	6	1	94899	pitṛ	NOUN	Acc.Sing		pitaraṃ	pitaram	8158	___ nihataṃ dṛṣṭvā pitṛ nāśa abhimarṣitaḥ	pitaraṃ nihataṃ dṛṣṭvā pitṛ nāśa abhimarṣitaḥ	pitā|pituḥ|pitaraḥ	3	mcq
1553	483952	7673	8	8	94899	pitṛ	NOUN	Abl.Sing		pituḥ	pituḥ	8158	prāśitāt yajña saṃsiddhāt rāma ādyāḥ ca samāḥ ___	prāśitāt yajña saṃsiddhāt rāma ādyāḥ ca samāḥ pituḥ	pitā|pitaraḥ|pitaram	3	mcq
390	590148	9744	5	1	22761	kāla	NOUN	Nom.Sing		kālo	kālaḥ	8154	___ dvividho avasarpiṇī utsarpiṇī vibhedāt	kālo dvividho avasarpiṇī utsarpiṇī vibhedāt	kāle|kālam|kālena	3	mcq
418	590176	9744	8	2	22761	kāla	NOUN	Nom.Sing		kālaḥ	kālaḥ	8154	śrāddha ___ tu kutapo 'ṣṭamo bhāgo dinasya yaḥ	śrāddha kālaḥ tu kutapo 'ṣṭamo bhāgo dinasya yaḥ	kāle|kālam|kālena	3	mcq
460	590218	9744	9	2	22761	kāla	NOUN	Nom.Sing		kālaḥ	kālaḥ	8154	tad ___ tu tadātvaṃ syāt tad jam sāṃdṛṣṭikaṃ phalam	tad kālaḥ tu tadātvaṃ syāt tad jam sāṃdṛṣṭikaṃ phalam	kāle|kālam|kālena	3	mcq
9419	76577	491	8	2	154315	bala	NOUN	Ins.Plur		balaiḥ	balaiḥ	7854	sa ___ taiḥ caturbhadram janyāḥ snigdhāḥ varasya ye	sa balaiḥ taiḥ caturbhadram janyāḥ snigdhāḥ varasya ye	balam|balaḥ|balāt	3	mcq
9453	76611	491	8	7	154315	bala	NOUN	Nom.Plur		balāni	balāni	7854	svāmi amātya suhṛd kośa rāṣṭra durga ___ ca	svāmi amātya suhṛd kośa rāṣṭra durga balāni ca	balam|balaḥ|balāt	3	mcq
16095	648896	17232	9	3	154315	bala	NOUN	Acc.Sing		balaṃ	balam	7854	ava tasya ___ tira mahī iva dyaur vadha tmanā	ava tasya balaṃ tira mahī iva dyaur vadha tmanā	balaḥ|balāt|balena	3	mcq
86	479357	7024	8	3	36096	manas	NOUN	Nom.Sing		manaḥ	manaḥ	7226	cakṣuḥ śrotra ___ a prāpta viṣayam trayam anyathā	cakṣuḥ śrotra manaḥ a prāpta viṣayam trayam anyathā	manasā|manasaḥ|manasi	3	mcq
153	479521	7032	7	1	36096	manas	NOUN	Nom.Sing		manaḥ	manaḥ	7226	___ tu arūpi tvāt prāptum eva aśaktam	manaḥ tu arūpi tvāt prāptum eva aśaktam	manasā|manasaḥ|manasi	3	mcq
1577	483976	7675	7	1	36096	manas	NOUN	Ins.Sing		manasā	manasā	7226	___ aham prabhāte te yauvarājyaṃ dadāmi ha	manasā aham prabhāte te yauvarājyaṃ dadāmi ha	manaḥ|manāḥ|manasaḥ	3	mcq
3283	749202	15182	10	4	66339	ratha	NOUN	Nom.Sing		rathaḥ	rathaḥ	7091	sa eṣo aśva ___ praṣṭi vāhanaḥ manaḥ vāc prāṇa saṃhataḥ	sa eṣo aśva rathaḥ praṣṭi vāhanaḥ manaḥ vāc prāṇa saṃhataḥ	ratham|rathāḥ|rathena	3	mcq
5155	650888	11526	11	4	66339	ratha	NOUN	Nom.Sing		rathaḥ	rathaḥ	7091	na asya deva ___ lubhyati na manuṣya rathaḥ ya evaṃ veda	na asya deva rathaḥ lubhyati na manuṣya rathaḥ ya evaṃ veda	ratham|rathāḥ|rathena	3	mcq
9528	76686	491	7	1	66339	ratha	NOUN	Loc.Sing		rathe	rathe	7091	___ kāmbala vāstra ādyāḥ kambala ādibhiḥ āvṛte	rathe kāmbala vāstra ādyāḥ kambala ādibhiḥ āvṛte	ratham|rathaḥ|rathāḥ	3	mcq
124	479395	7034	7	1	13752	kāma	NOUN	Loc.Plur		kāmeṣu	kāmeṣu	7075	___ ādau vipāko dve labhyate na upapādukaiḥ	kāmeṣu ādau vipāko dve labhyate na upapādukaiḥ	kāmaḥ|kāmam|kāmān	3	mcq
140	479411	7034	7	1	13752	kāma	NOUN	Loc.Sing		kāme	kāme	7075	___ aṣṭa dravyakaḥ aśabdaḥ paramāṇur an indriyaḥ	kāme aṣṭa dravyakaḥ aśabdaḥ paramāṇur an indriyaḥ	kāmaḥ|kāmam|kāmān	3	mcq
282	590040	9741	7	1	13752	kāma	NOUN	Nom.Sing		kāmo	kāmaḥ	7075	___ mithyātvam ajñānam nidrā ca aviratiḥ tathā	kāmo mithyātvam ajñānam nidrā ca aviratiḥ tathā	kāmam|kāmān|kāmāḥ	3	mcq
12074	466132	7302	5	1	156232	grah	VERB	Pres.Ind.1.Sing.NonPass		gṛhṇāmi	gṛhṇāmi	7073	___ siddhi artham śava śārikām	gṛhṇāmi siddhi artham śava śārikām	gṛhṇāti|jagrāha|gṛhṇīyāt	3	mcq
12127	466185	7302	4	4	156232	grah	VERB	Pres.Opt.3.Sing.NonPass		gṛhṇīyāt	gṛhṇīyāt	7073	tāṃ svayaṃ patitāṃ ___	tāṃ svayaṃ patitāṃ gṛhṇīyāt	gṛhṇāti|jagrāha|gṛhṇāmi	3	mcq
13299	646290	11173	7	2	156232	grah	VERB	Past.Ind.1.Sing.NonPass	root	agrabhaṃ	agrabham	7073	sarvāsām ___ nāma a vīra ghnīḥ apetana	sarvāsām agrabhaṃ nāma a vīra ghnīḥ apetana	gṛhṇāti|jagrāha|gṛhṇīyāt	3	mcq
4048	650294_1	10869	4	4	157422	yaj	VERB	Pres.Ind.3.Sing.NonPass		yajati	yajati	6755	tayoḥ juṣāṇena eva ___	tayoḥ juṣāṇena eva yajati	yajeta|yaja|yajet	3	mcq
4050	650296_1	10869	4	4	157422	yaj	VERB	Pres.Ind.3.Sing.NonPass		yajati	yajati	6755	tripadām anūcya catuṣpadayā ___	tripadām anūcya catuṣpadayā yajati	yajeta|yaja|yajet	3	mcq
5455	651183	11642	12	1	157422	yaj	VERB	Pres.Ind.3.Sing.NonPass		yajaty	yajati	6755	___ ādityāso aditir mādayantām iti madvatyā rūpa samṛddhayā madvad vai tṛtīyasavanasya rūpam	yajaty ādityāso aditir mādayantām iti madvatyā rūpa samṛddhayā madvad vai tṛtīyasavanasya rūpam	yajeta|yaja|yajet	3	mcq
2888	748818	14967	7	1	144647	puruṣa	NOUN	Nom.Sing		puruṣa	puruṣaḥ	6563	___ iti tri akṣaram sa u virāji	puruṣa iti tri akṣaram sa u virāji	puruṣam|puruṣasya|puruṣāḥ	3	mcq
2891	748821	14970	9	1	144647	puruṣa	NOUN	Nom.Sing		puruṣo	puruṣaḥ	6563	___ vai nadas tasmāt puruṣo vadan sarvaḥ saṃnadati iva	puruṣo vai nadas tasmāt puruṣo vadan sarvaḥ saṃnadati iva	puruṣam|puruṣasya|puruṣāḥ	3	mcq
3046	748976	15066	12	1	144647	puruṣa	NOUN	Nom.Sing		puruṣa	puruṣaḥ	6563	___ eva uktham ayam eva mahān prajāpatir aham uktham asmi iti vidyāt	puruṣa eva uktham ayam eva mahān prajāpatir aham uktham asmi iti vidyāt	puruṣam|puruṣasya|puruṣāḥ	3	mcq
11962	466021_1	7269	5	1	157629	hu	VERB	Pres.Opt.3.Sing.NonPass		juhuyāt	juhuyāt	6418	___ agni mantreṇa rājavṛkṣasya dāruṣu	juhuyāt agni mantreṇa rājavṛkṣasya dāruṣu	juhoti|juhomi|juhvati	3	mcq
14667	647541	11421	9	1	157629	hu	VERB	Pres.Ind.1.Sing.NonPass		juhomi	juhomi	6418	___ te dharuṇo madhvo agram ubhā upāṃśu prathamā pibeva	juhomi te dharuṇo madhvo agram ubhā upāṃśu prathamā pibeva	juhoti|juhuyāt|juhvati	3	mcq
15035	647908	16457	8	1	157629	hu	VERB	Pres.Ind.1.Sing.NonPass		juhomi	juhomi	6418	___ vidvāṃs te havir yathā an unmaditaḥ bhuvaḥ	juhomi vidvāṃs te havir yathā an unmaditaḥ bhuvaḥ	juhoti|juhuyāt|juhvati	3	mcq
926	506145	7429	8	1	154076	phala	NOUN	Nom.Sing		phalaṃ	phalam	6387	___ tu dāḍima ādīnām paṭola ādeḥ chadas tathā	phalaṃ tu dāḍima ādīnām paṭola ādeḥ chadas tathā	phalāni|phalaiḥ|phale	3	mcq
2540	484984	7281	7	5	154076	phala	NOUN	Acc.Sing		phalaṃ	phalam	6387	vāma karṇa upaviṣṭam ca ___ vāmasya dhārayet	vāma karṇa upaviṣṭam ca phalaṃ vāmasya dhārayet	phalāni|phalaiḥ|phale	3	mcq
8615	75773	491	8	2	154076	phala	NOUN	Loc.Sing		phale	phale	6387	āme ___ śalāṭuḥ syāt śuṣke vānam ubhe triṣu	āme phale śalāṭuḥ syāt śuṣke vānam ubhe triṣu	phalam|phalāni|phalaiḥ	3	mcq
221	589979	9741	6	1	149177	brahman	NOUN	Nom.Sing		brahmā	brahmā	6240	___ yakṣeṭ kumāraḥ ṣaṇmukha pātāla kiṃnarāḥ	brahmā yakṣeṭ kumāraḥ ṣaṇmukha pātāla kiṃnarāḥ	brahman|brahmanaḥ|brahmānam	3	mcq
1371	483770	7592	7	1	149177	brahman	NOUN	Acc.Sing		brahmāṇaṃ	brahmānam	6240	___ vahnim indra ādīn vāsudevaṃ namāmi aham	brahmāṇaṃ vahnim indra ādīn vāsudevaṃ namāmi aham	brahmā|brahman|brahmanaḥ	3	mcq
1379	483778	7592	8	1	149177	brahman	NOUN	Nom.Sing		brahmā	brahmā	6240	___ aham asmi taṃ jñātvā sarvajña tvam prajāyate	brahmā aham asmi taṃ jñātvā sarvajña tvam prajāyate	brahman|brahmanaḥ|brahmānam	3	mcq
160	589900	9741	6	1	124503	guṇa	NOUN	Abl.Sing		guṇato	guṇāt	6053	___ nīlakaṇṭha ādyāḥ kriyātaḥ sraṣṭṛ saṃnibhāḥ	guṇato nīlakaṇṭha ādyāḥ kriyātaḥ sraṣṭṛ saṃnibhāḥ	guṇāḥ|guṇaiḥ|guṇān	3	mcq
777	590536	9744	7	1	124503	guṇa	NOUN	Nom.Sing		guṇo	guṇaḥ	6053	___ jigīṣā utsāhavān trāsaḥ tu ākasmikam bhayam	guṇo jigīṣā utsāhavān trāsaḥ tu ākasmikam bhayam	guṇāḥ|guṇaiḥ|guṇān	3	mcq
1072	506291	7429	7	5	124503	guṇa	NOUN	Nom.Plur		guṇāḥ	guṇāḥ	6053	ity evaṃ kathitāś caturdaśa ___ kastūrikāyāḥ punaḥ	ity evaṃ kathitāś caturdaśa guṇāḥ kastūrikāyāḥ punaḥ	guṇaiḥ|guṇān|guṇaḥ	3	mcq
1358	18204	57	7	1	163158	prāp	VERB	Pres.Ind.3.Sing.NonPass		prāpnoty	prāpnoti	6022	___ eva sajātiḥ syād gṛhe nirdoṣa śaṅkhajam	prāpnoty eva sajātiḥ syād gṛhe nirdoṣa śaṅkhajam	prāpa|prāpnuyāt|prāpyate	3	mcq
10535	464561	7331	7	1	163158	prāp	VERB	Pres.Ind.3.Sing.Pass		prāpyate	prāpyate	6022	___ phalam utthānāt labhate ca artha saṃpadam	prāpyate phalam utthānāt labhate ca artha saṃpadam	prāpnoti|prāpa|prāpnuyāt	3	mcq
18282	634172	10496	6	1	163158	prāp	VERB	Pres.Opt.1.Sing.NonPass		prāpeyaṃ	prāpeyam	6022	___ sarvā ākūtīr manasā hṛdayena ca	prāpeyaṃ sarvā ākūtīr manasā hṛdayena ca	prāpnoti|prāpa|prāpnuyāt	3	mcq
1314	18159	57	6	2	149743	brāhmaṇa	NOUN	Loc.Sing		brāhmaṇe	brāhmaṇe	5958	uttamaṃ ___ maulyaṃ madhyamaṃ kṣatriye tathā	uttamaṃ brāhmaṇe maulyaṃ madhyamaṃ kṣatriye tathā	brāhmaṇaḥ|brāhmaṇāḥ|brāhmaṇān	3	mcq
3870	650203_2	10860	8	3	149743	brāhmaṇa	NOUN	Gen.Plur		brāhmaṇānām	brāhmaṇānām	5958	eṣa vai ___ sabhāsāhaḥ sakhā yat somaḥ rājā	eṣa vai brāhmaṇānām sabhāsāhaḥ sakhā yat somaḥ rājā	brāhmaṇaḥ|brāhmaṇāḥ|brāhmaṇān	3	mcq
6897	652596_22	12095	7	2	149743	brāhmaṇa	NOUN	Dat.Sing		brāhmaṇāya	brāhmaṇāya	5958	tat ___ dadyāt yadi a brāhmaṇaḥ syāt	tat brāhmaṇāya dadyāt yadi a brāhmaṇaḥ syāt	brāhmaṇaḥ|brāhmaṇāḥ|brāhmaṇān	3	mcq
4361	650439_1	10928	7	1	157298	yuj	VERB	Pres.Ind.1.Sing.NonPass		yuje	yuje	5933	___ vām brahma pūrvyam namobhiḥ iti anvāha	yuje vām brahma pūrvyam namobhiḥ iti anvāha	yujyate|yunakti|yuñjyāt	3	mcq
17089	649892	17561	10	1	157298	yuj	VERB	Pres.Imp.3.Plur.NonPass		yuñjantu	yuñjantu	5933	___ tvā maruto daivyāsa ā te tvaṣṭā patsu javaṃ dadhātu	yuñjantu tvā maruto daivyāsa ā te tvaṣṭā patsu javaṃ dadhātu	yujyate|yunakti|yuñjyāt	3	mcq
17982	633894	10474	11	1	157298	yuj	VERB	Pres.Imp.3.Plur.NonPass		yuñjantu	yuñjantu	5933	___ tvā maruto viśva vedasaḥ ā amum naya namasā rāta havyam	yuñjantu tvā maruto viśva vedasaḥ ā amum naya namasā rāta havyam	yujyate|yunakti|yuñjyāt	3	mcq
271	590029	9741	8	3	203679	tā	NOUN	Nom.Sing		tā	tā	5919	mithaḥ sākāṅkṣa ___ prastāva aucityam tattva niṣṭha tā	mithaḥ sākāṅkṣa tā prastāva aucityam tattva niṣṭha tā	tām|tayā|tāyai	3	mcq
278	590036	9741	8	3	203679	tā	NOUN	Nom.Sing		tā	tā	5919	sattva pradhāna ___ varṇa pada vākya vivikta tā	sattva pradhāna tā varṇa pada vākya vivikta tā	tām|tayā|tāyai	3	mcq
299	590057	9741	7	6	203679	tā	NOUN	Nom.Sing		tā	tā	5919	ahiṃsā sūnṛta asteya brahma akiñcana ___ yamāḥ	ahiṃsā sūnṛta asteya brahma akiñcana tā yamāḥ	tām|tayā|tāyai	3	mcq
311	590069	9744	8	1	166386	go	NOUN	Nom.Sing		gauḥ	gauḥ	5821	___ tridivam ūrdhvalokaḥ surālayas tad sadaḥ tu amarāḥ	gauḥ tridivam ūrdhvalokaḥ surālayas tad sadaḥ tu amarāḥ	gavām|gām|gāvaḥ	3	mcq
1470	483869	7670	8	1	166386	go	NOUN	Nom.Plur		gāvaḥ	gāvaḥ	5821	___ ca apsarasaḥ divyā lakṣmī devī harim gatā	gāvaḥ ca apsarasaḥ divyā lakṣmī devī harim gatā	gavām|gām|gauḥ	3	mcq
2006	484405	7684	9	1	166386	go	NOUN	Nom.Sing		gauḥ	gauḥ	5821	___ yuktā harṣitā ca uṣā gṛhe suptā dadarśa taṃ	gauḥ yuktā harṣitā ca uṣā gṛhe suptā dadarśa taṃ	gavām|gām|gāvaḥ	3	mcq
2916	748846	14988	9	1	156090	prāṇa	NOUN	Nom.Sing		prāṇo	prāṇaḥ	5692	___ vai nadas tasmāt prāṇo nadan sarvaḥ saṃnadati iva	prāṇo vai nadas tasmāt prāṇo nadan sarvaḥ saṃnadati iva	prāṇān|prāṇāḥ|prāṇam	3	mcq
2937	748867	15018	6	1	156090	prāṇa	NOUN	Nom.Sing		prāṇo	prāṇaḥ	5692	___ vai sūdadohāḥ prāṇena parvāṇi saṃdadhāti	prāṇo vai sūdadohāḥ prāṇena parvāṇi saṃdadhāti	prāṇān|prāṇāḥ|prāṇam	3	mcq
2941	748871	15018	6	1	156090	prāṇa	NOUN	Nom.Sing		prāṇo	prāṇaḥ	5692	___ vai sūdadohāḥ prāṇena parvāṇi saṃdadhāti	prāṇo vai sūdadohāḥ prāṇena parvāṇi saṃdadhāti	prāṇān|prāṇāḥ|prāṇam	3	mcq
1328	18173	57	7	2	157263	yā	VERB	Pres.Ind.3.Sing.NonPass		yāti	yāti	5649	kṛtrimaṃ ___ vaivarṇyam sahajaṃ ca ati dīpyate	kṛtrimaṃ yāti vaivarṇyam sahajaṃ ca ati dīpyate	yayau|yānti|yāhi	3	mcq
1694	484093	7676	7	1	157263	yā	VERB	Past.Ind.3.Sing.NonPass		yayau	yayau	5649	___ śūrpaṇakhā laṅkāṃ rāvaṇa agre 'patad bhuvi	yayau śūrpaṇakhā laṅkāṃ rāvaṇa agre 'patad bhuvi	yāti|yānti|yāhi	3	mcq
2058	484457	7686	6	1	157263	yā	VERB	Past.Ind.3.Plur.NonPass		yayuḥ	yayuḥ	5649	___ pāñcāla viṣayam draupadyāḥ te svayaṃvare	yayuḥ pāñcāla viṣayam draupadyāḥ te svayaṃvare	yāti|yayau|yānti	3	mcq
2035	484434	7686	7	1	100106	soma	NOUN	Nom.Sing		somaḥ	somaḥ	5626	___ somāt budhaḥ tasmāt ailaḥ āsīt purūravāḥ	somaḥ somāt budhaḥ tasmāt ailaḥ āsīt purūravāḥ	somam|soma|somasya	3	mcq
2302	484701	7692	4	2	100106	soma	NOUN	Dat.Sing		somāya	somāya	5626	saptaviṃśati ___ catasro 'riṣṭanemine	saptaviṃśati somāya catasro 'riṣṭanemine	somaḥ|somam|soma	3	mcq
2417	484816	7696	6	1	100106	soma	NOUN	Acc.Sing		somaṃ	somam	5626	___ durvāsasaṃ putraṃ dattātreyaṃ ca yoginam	somaṃ durvāsasaṃ putraṃ dattātreyaṃ ca yoginam	somaḥ|soma|somasya	3	mcq
26	479297	7024	10	1	167009	ap	NOUN	Nom.Plur		apaḥ	apaḥ	5533	___ tejaḥ ca vāyuḥ tu dhātuḥ eva tathā api ca	apaḥ tejaḥ ca vāyuḥ tu dhātuḥ eva tathā api ca	apām|apsu|adbhiḥ	3	mcq
2221	484620	7691	7	1	167009	ap	NOUN	Acc.Plur		apa	apaḥ	5533	___ eva sasarja ādau tāsu vīryam avāsṛjat	apa eva sasarja ādau tāsu vīryam avāsṛjat	āpaḥ|apām|apsu	3	mcq
2222	484621	7691	8	1	167009	ap	NOUN	Nom.Plur		āpo	apaḥ	5533	___ nārā iti proktā āpo vai nara sūnavaḥ	āpo nārā iti proktā āpo vai nara sūnavaḥ	apām|apsu|adbhiḥ	3	mcq
50	479321	7024	9	2	76023	vāc	NOUN	Nom.Sing		vāc	vāc	5501	tāni ___ nām vā iti eṣām rūpa saṃskāra saṃgrahaḥ	tāni vāc nām vā iti eṣām rūpa saṃskāra saṃgrahaḥ	vācam|vācā|vācaḥ	3	mcq
617	590376	9744	8	1	76023	vāc	NOUN	Nom.Sing		vāc	vāc	5501	___ brāhmī bhāratī gaur gīḥ vāṇī bhāṣā sarasvatī	vāc brāhmī bhāratī gaur gīḥ vāṇī bhāṣā sarasvatī	vācam|vācā|vācaḥ	3	mcq
682	590441	9744	7	2	76023	vāc	NOUN	Nom.Sing		vāc	vāc	5501	aśubhā ___ śubhā kalyā carcarī carbhaṭī same	aśubhā vāc śubhā kalyā carcarī carbhaṭī same	vācam|vācā|vācaḥ	3	mcq
2438	484837	7696	8	1	39042	ṛṣi	NOUN	Dat.Plur		ṛṣibhyo	ṛṣibhyaḥ	5352	___ nārada ādi uktāḥ pūjāḥ snāna ādi pūrvikāḥ	ṛṣibhyo nārada ādi uktāḥ pūjāḥ snāna ādi pūrvikāḥ	ṛṣayaḥ|ṛṣiḥ|ṛṣibhiḥ	3	mcq
3101	749020	15101	5	4	39042	ṛṣi	NOUN	Ins.Sing		ṛṣiṇā	ṛṣiṇā	5352	tad apy etad ___ uktam	tad apy etad ṛṣiṇā uktam	ṛṣayaḥ|ṛṣiḥ|ṛṣibhiḥ	3	mcq
4802	650662_1	11091	11	1	39042	ṛṣi	NOUN	Nom.Sing		ṛṣiḥ	ṛṣiḥ	5352	___ śreṣṭhaḥ sam idhyase yajñasya prāvitā bhava iti yajña samṛddhim āśāste	ṛṣiḥ śreṣṭhaḥ sam idhyase yajñasya prāvitā bhava iti yajña samṛddhim āśāste	ṛṣayaḥ|ṛṣibhiḥ|ṛṣīṇām	3	mcq
533	590291	9744	10	5	92688	paśu	NOUN	Nom.Plur		paśavaḥ	paśavaḥ	5296	sarvajña nāṭya priya khaṇḍa ___ mahā pare deva naṭeśvarāḥ haraḥ	sarvajña nāṭya priya khaṇḍa paśavaḥ mahā pare deva naṭeśvarāḥ haraḥ	paśūn|paśūnām|paśubhiḥ	3	mcq
2639	748657_2	14908	5	3	92688	paśu	NOUN	Nom.Plur		paśavaḥ	paśavaḥ	5296	catuṣpādāḥ vai ___ paśūnām avaruddhyai	catuṣpādāḥ vai paśavaḥ paśūnām avaruddhyai	paśūn|paśūnām|paśubhiḥ	3	mcq
2798	748745_2	14947	7	4	92688	paśu	NOUN	Gen.Plur		paśūnām	paśūnām	5296	dakṣiṇāḥ vai ekeṣām ___ rajjavaḥ savyāḥ ekeṣām	dakṣiṇāḥ vai ekeṣām paśūnām rajjavaḥ savyāḥ ekeṣām	paśavaḥ|paśūn|paśubhiḥ	3	mcq
9823	67901	292	4	3	48483	bhagavant	NOUN	Ins.Sing		bhagavatā	bhagavantā	5188	uktaṃ ca ___ maheśvareṇa	uktaṃ ca bhagavatā maheśvareṇa	bhagavant|bhagavān|bhagavataḥ	3	mcq
26581	641924	10654	10	2	48483	bhagavant	NOUN	Gen.Sing		bhagavato	bhagavataḥ	5188	tatra ___ acira abhisaṃbuddha bodheḥ yaśasā ca sarva lokaḥ āpūrṇaḥ	tatra bhagavato acira abhisaṃbuddha bodheḥ yaśasā ca sarva lokaḥ āpūrṇaḥ	bhagavant|bhagavān|bhagavantam	3	mcq
26595	641938	10654	9	1	48483	bhagavant	NOUN	Nom.Sing		bhagavān	bhagavān	5188	___ āha yadi te parityaktaṃ dīyatām asmin pātra iti	bhagavān āha yadi te parityaktaṃ dīyatām asmin pātra iti	bhagavataḥ|bhagavantam|bhagavatā	3	mcq
820	590579	9885	7	6	136827	mukha	NOUN	Nom.Plur		mukhāḥ	mukhāḥ	5102	niṣṇāto nipuṇo dakṣaḥ karma hasta ___ kṛtāt	niṣṇāto nipuṇo dakṣaḥ karma hasta mukhāḥ kṛtāt	mukham|mukhe|mukhaḥ	3	mcq
822	590581	9885	7	7	136827	mukha	NOUN	Nom.Sing		mukhaḥ	mukhaḥ	5102	cheko vidagdhe prauḍhaḥ tu pragalbhaḥ pratibhā ___	cheko vidagdhe prauḍhaḥ tu pragalbhaḥ pratibhā mukhaḥ	mukham|mukhe|mukhāt	3	mcq
2016	484415	7684	7	4	136827	mukha	NOUN	Nom.Plur		mukhāḥ	mukhāḥ	5102	nandi vināyaka skanda ___ tārkṣa ādibhiḥ jitāḥ	nandi vināyaka skanda mukhāḥ tārkṣa ādibhiḥ jitāḥ	mukham|mukhe|mukhaḥ	3	mcq
864	506083	7429	7	1	44242	nara	NOUN	Nom.Sing		naro	naraḥ	5101	___ naraka pātī syāt tasya sambhāṣaṇād api	naro naraka pātī syāt tasya sambhāṣaṇād api	narāḥ|naram|narāṇām	3	mcq
1658	484057	7675	7	1	44242	nara	NOUN	Nom.Plur		narā	narāḥ	5101	___ nāryo 'tha rurudur ānīto bharataḥ tadā	narā nāryo 'tha rurudur ānīto bharataḥ tadā	naraḥ|naram|narāṇām	3	mcq
38280	29478	3875	6	3	44242	nara	NOUN	Acc.Sing		naraṃ	naram	5101	asthi daṣṭe ___ padbhyāṃ pīḍayitvā vinirharet	asthi daṣṭe naraṃ padbhyāṃ pīḍayitvā vinirharet	naraḥ|narāḥ|narāṇām	3	mcq
205	589963	9741	7	5	11658	anta	NOUN	Nom.Plur		antāḥ	antāḥ	5079	mahāgiri suhastya ādyāḥ vajra ___ daśa pūrviṇaḥ	mahāgiri suhastya ādyāḥ vajra antāḥ daśa pūrviṇaḥ	ante|antam|antaḥ	3	mcq
2189	484588	7689	8	4	11658	anta	NOUN	Loc.Sing		ante	ante	5079	sarve kali yuga ___ tu bhaviṣyanti ca saṅkarāḥ	sarve kali yuga ante tu bhaviṣyanti ca saṅkarāḥ	antam|antaḥ|antāḥ	3	mcq
2492	484936	7280	8	2	11658	anta	NOUN	Acc.Sing		antam	antam	5079	guṇa ___ tu tataḥ kṛtvā kārmuke priya kārmukaḥ	guṇa antam tu tataḥ kṛtvā kārmuke priya kārmukaḥ	ante|antaḥ|antāḥ	3	mcq
11967	466023_3	7269	4	1	44133	namas	NOUN	Nom.Sing		namaḥ	namaḥ	5063	___ te devaiḥ savitar	namaḥ te devaiḥ savitar	namasā|namobhiḥ|namasaḥ	3	mcq
12228	687043	14351	7	1	44133	namas	NOUN	Nom.Sing		namas	namaḥ	5063	___ te pathyā revati svasti mā parāyaṇaḥ	namas te pathyā revati svasti mā parāyaṇaḥ	namasā|namobhiḥ|namasaḥ	3	mcq
12976	687802	14454	12	1	44133	namas	NOUN	Nom.Sing		namas	namaḥ	5063	___ te bhuvo viśvaṃ tad gṛhītvā māndā vāśā iti catasṛbhir āgnīdhrīye juhuyāt	namas te bhuvo viśvaṃ tad gṛhītvā māndā vāśā iti catasṛbhir āgnīdhrīye juhuyāt	namasā|namobhiḥ|namasaḥ	3	mcq
865	506084	7429	8	2	157151	jñā	VERB	Pres.Ind.3.Sing.NonPass		jānāti	jānāti	5041	na ___ ca śāstrāṇi lakṣaṇaṃ yo na vidyate	na jānāti ca śāstrāṇi lakṣaṇaṃ yo na vidyate	jānāmi|jāne|jānanti	3	mcq
9973	102974	950	7	2	157151	jñā	VERB	Pres.Ind.1.Sing.NonPass		jāne	jāne	5041	na ___ sammukha āyāte priyāṇi vadati priye	na jāne sammukha āyāte priyāṇi vadati priye	jānāti|jānanti|jānīyāt	3	mcq
10242	464268	7309	7	1	157151	jñā	VERB	Pres.Opt.3.Plur.NonPass		jānīyuḥ	jānīyuḥ	5041	___ śaucam iti etāḥ pañca saṃsthāḥ prakīrtitāḥ	jānīyuḥ śaucam iti etāḥ pañca saṃsthāḥ prakīrtitāḥ	jānāti|jānāmi|jāne	3	mcq
1897	484296	7683	6	1	96401	tapas	NOUN	Ins.Sing		tapasā	tapasā	4968	___ brahma dattena vareṇa jita daivataḥ	tapasā brahma dattena vareṇa jita daivataḥ	tapaḥ|tapāḥ|tapasaḥ	3	mcq
2001	484400	7684	7	1	96401	tapas	NOUN	Ins.Sing		tapasā	tapasā	4968	___ śiva putraḥ 'bhūt māyūra dhvaja pātitaḥ	tapasā śiva putraḥ 'bhūt māyūra dhvaja pātitaḥ	tapaḥ|tapāḥ|tapasaḥ	3	mcq
2252	484651	7692	8	3	96401	tapas	NOUN	Gen.Sing		tapaso	tapasaḥ	4968	aho 'sya ___ vīryam aho śrutam aho 'dbhutam	aho 'sya tapaso vīryam aho śrutam aho 'dbhutam	tapasā|tapaḥ|tapāḥ	3	mcq
159	589899	9741	8	1	65008	yoga	NOUN	Nom.Sing		yogo	yogaḥ	4779	___ 'nvayaḥ sa tu guṇa kriyā sambandha sambhavaḥ	yogo 'nvayaḥ sa tu guṇa kriyā sambandha sambhavaḥ	yogena|yogāt|yogam	3	mcq
307	590065	9741	8	2	65008	yoga	NOUN	Nom.Sing		yogo	yogaḥ	4779	evaṃ ___ yama ādi aṅgaiḥ aṣṭabhiḥ saṃmato 'ṣṭadhā	evaṃ yogo yama ādi aṅgaiḥ aṣṭabhiḥ saṃmato 'ṣṭadhā	yogena|yogāt|yogam	3	mcq
2486	484930	7280	5	3	65008	yoga	NOUN	Ins.Sing		yogena	yogena	4779	anena vidhi ___ sampuṭaṃ parikīrtitaṃ	anena vidhi yogena sampuṭaṃ parikīrtitaṃ	yogāt|yogaḥ|yogam	3	mcq
1609	484008	7675	9	7	156131	iṣ	VERB	Pres.Ind.2.Sing.NonPass		icchasi	icchasi	4754	roga ārtā kiṃ bhaya udvignā kim ___ karomi tat	roga ārtā kiṃ bhaya udvignā kim icchasi karomi tat	icchāmi|icchati|iṣyate	3	mcq
15199	648072	16486	10	5	156131	iṣ	VERB	Pres.Imp.2.Sing.NonPass		iccha	iccha	4754	a sunvantam a yajamānam ___ stenasya ityām taskarasya anu śikṣa	a sunvantam a yajamānam iccha stenasya ityām taskarasya anu śikṣa	icchāmi|icchasi|icchati	3	mcq
15200	648073	16486	11	2	156131	iṣ	VERB	Pres.Imp.2.Sing.NonPass		iccha	iccha	4754	svapantam ___ sā ta ityā namas tu te nirṛte 'haṃ kṛṇomi	svapantam iccha sā ta ityā namas tu te nirṛte 'haṃ kṛṇomi	icchāmi|icchasi|icchati	3	mcq
1764	484163	7680	8	2	157390	paś	VERB	Impf.Ind.3.Sing.NonPass		apaśyat	apaśyat	4732	na ___ pāna bhūmi ādau sītāṃ cintā parāyaṇaḥ	na apaśyat pāna bhūmi ādau sītāṃ cintā parāyaṇaḥ	paśya|paśyāmi|paśyet	3	mcq
3114	749033	15106	11	1	157390	paś	VERB	Impf.Ind.1.Sing.NonPass		apaśyaṃ	apaśyam	4732	___ gopām ity eṣa vai gopā eṣa hi idam sarvaṃ gopāyati	apaśyaṃ gopām ity eṣa vai gopā eṣa hi idam sarvaṃ gopāyati	paśya|apaśyat|paśyāmi	3	mcq
3688	650125_3	10844	10	5	157390	paś	VERB	Pres.Ind.3.Sing.NonPass		paśyati	paśyati	4732	yadi u vai svayam ___ na bahūnām cana anyeṣām śraddadhāti	yadi u vai svayam paśyati na bahūnām cana anyeṣām śraddadhāti	paśya|apaśyat|paśyāmi	3	mcq
1300	18145	57	6	1	90071	doṣa	NOUN	Nom.Plur		doṣā	doṣāḥ	4705	___ guṇāḥ sapta kīrtitā ratna kovidaiḥ	doṣā guṇāḥ sapta kīrtitā ratna kovidaiḥ	doṣaḥ|doṣam|doṣān	3	mcq
1303	18148	57	7	1	90071	doṣa	NOUN	Nom.Plur		doṣāḥ	doṣāḥ	4705	___ pañca parityajyā nānā duḥkha phala pradāḥ	doṣāḥ pañca parityajyā nānā duḥkha phala pradāḥ	doṣaḥ|doṣam|doṣān	3	mcq
10074	87053	586	6	4	90071	doṣa	NOUN	Nom.Plur		doṣā	doṣāḥ	4705	tathā indriya kṛtāḥ ___ dahyante prāṇanigrahāt	tathā indriya kṛtāḥ doṣā dahyante prāṇanigrahāt	doṣaḥ|doṣam|doṣān	3	mcq
3276	749195	15182	10	4	157294	man	VERB	Past.Ind.3.Sing.NonPass		mene	mene	4697	sa ha aviparihṛtaḥ ___ na me 'sya putreṇa samagād iti	sa ha aviparihṛtaḥ mene na me 'sya putreṇa samagād iti	manye|manyate|manyase	3	mcq
7268	652724_1	12139	7	7	157294	man	VERB	Past.Ind.3.Plur.NonPass		menire	menire	4697	tat ye jyāyāṃsaḥ na te kuśalam ___	tat ye jyāyāṃsaḥ na te kuśalam menire	manye|manyate|manyase	3	mcq
14710	647584	11431	10	1	157294	man	VERB	Pres.Ind.1.Sing.NonPass		manve	manve	4697	___ vāṃ dyāvā pṛthivī su bhojasau ye aprathethām amitā yojanāni	manve vāṃ dyāvā pṛthivī su bhojasau ye aprathethām amitā yojanāni	manyate|manyase|manyante	3	mcq
23	479294	7024	7	1	25207	bhūta	NOUN	Nom.Plur		bhūtāni	bhūtāni	4653	___ pṛthivī dhātuḥ ap tejas vāyu dhātavaḥ	bhūtāni pṛthivī dhātuḥ ap tejas vāyu dhātavaḥ	bhūtānām|bhūteṣu|bhūtaiḥ	3	mcq
3106	749025	15103	11	6	25207	bhūta	NOUN	Nom.Plur		bhūtāni	bhūtāni	4653	an īśānāni ha vā asmai ___ baliṃ haranti ya evaṃ veda	an īśānāni ha vā asmai bhūtāni baliṃ haranti ya evaṃ veda	bhūtānām|bhūteṣu|bhūtaiḥ	3	mcq
3331	749259_1	15198	8	1	25207	bhūta	NOUN	Dat.Plur		bhūtebhyaḥ	bhūtebhyaḥ	4653	___ tvā iti paśca arddhe phalake pāṇī pratiṣṭhāpayati	bhūtebhyaḥ tvā iti paśca arddhe phalake pāṇī pratiṣṭhāpayati	bhūtānām|bhūtāni|bhūteṣu	3	mcq
3883	650210_1	10860	4	1	159723	āgam	VERB	Past.Ind.3.Sing.NonPass		āgan	āgan	4640	___ devaḥ iti anvāha	āgan devaḥ iti anvāha	āgacchati|āgaccha|ājagmuḥ	3	mcq
4285	650395_2	10912	5	5	159723	āgam	VERB	Past.Ind.3.Sing.NonPass		āgacchat	āgacchat	4640	punar hi sā tān ___	punar hi sā tān āgacchat	āgacchati|āgaccha|ājagmuḥ	3	mcq
12656	687482	14386	11	4	159723	āgam	VERB	Pres.Opt.3.Sing.NonPass		āgacchet	āgacchet	4640	sa cej jīvann ___ kathaṃ vā proṣya āgatāya yathākāryaṃ karmāṇi kuryāt	sa cej jīvann āgacchet kathaṃ vā proṣya āgatāya yathākāryaṃ karmāṇi kuryāt	ājagāma|āgacchati|āgaccha	3	mcq
974	506193	7429	9	1	20377	anna	NOUN	Nom.Sing		annaṃ	annam	4639	___ tadā jīryati pañca rātre kṣīraṃ tathā sapta niśīthinīṣu	annaṃ tadā jīryati pañca rātre kṣīraṃ tathā sapta niśīthinīṣu	annena|annasya|anne	3	mcq
1007	506226	7429	6	1	20377	anna	NOUN	Nom.Sing		annaṃ	annam	4639	___ pañcaguṇe sādhyaṃ vilepī tu caturguṇe	annaṃ pañcaguṇe sādhyaṃ vilepī tu caturguṇe	annena|annasya|anne	3	mcq
2678	748677_1	14921	5	3	20377	anna	NOUN	Nom.Sing		annam	annam	4639	atha u ___ vai madhu	atha u annam vai madhu	annena|annasya|anne	3	mcq
2286	484685	7692	5	2	157327	dhā	VERB	Impf.Ind.3.Sing.NonPass		adhatta	adhatta	4571	savarṇā ___ sāmudrī daśa prācīnabarhiṣaḥ	savarṇā adhatta sāmudrī daśa prācīnabarhiṣaḥ	dadhāti|dhehi|dhatte	3	mcq
3888	650213_1	10860	9	1	157327	dhā	VERB	Pres.Imp.3.Sing.NonPass		dadhātu	dadhātu	4571	___ naḥ savitā su prajām iṣam iti āśiṣam āśāste	dadhātu naḥ savitā su prajām iṣam iti āśiṣam āśāste	dadhāti|dhehi|dhatte	3	mcq
4119	650322_4	10886	5	5	157327	dhā	VERB	Pres.Ind.3.Sing.NonPass		dadhāti	dadhāti	4571	etān eva asmin tat ___	etān eva asmin tat dadhāti	dhehi|dadhātu|dadhāmi	3	mcq
235	589993	9741	10	4	137432	muni	NOUN	Nom.Dual		munī	munī	4550	kṛṣṇau punar nemi ___ vinīlau śrīmalli pārśvau kanaka tviṣaḥ 'nye	kṛṣṇau punar nemi munī vinīlau śrīmalli pārśvau kanaka tviṣaḥ 'nye	muniḥ|munayaḥ|mune	3	mcq
1228	555603	8248	8	8	137432	muni	NOUN	Voc.Sing		mune	mune	4550	na kaścin mocitaḥ kaiścid iti proktaṃ mahā ___	na kaścin mocitaḥ kaiścid iti proktaṃ mahā mune	muniḥ|munayaḥ|munim	3	mcq
1395	483794	7592	6	1	137432	muni	NOUN	Ins.Plur		munibhiḥ	munibhiḥ	4550	___ pṛṣṭavān devaṃ pūjitaṃ jñāna karmabhiḥ	munibhiḥ pṛṣṭavān devaṃ pūjitaṃ jñāna karmabhiḥ	muniḥ|munayaḥ|mune	3	mcq
170	589910	9741	6	1	163749	pati	NOUN	Gen.Sing		patyuḥ	pateḥ	4489	___ kāntā priyatamā vadhū praṇayinī nibhāḥ	patyuḥ kāntā priyatamā vadhū praṇayinī nibhāḥ	patiḥ|pate|patim	3	mcq
345	590103	9744	9	9	163749	pati	NOUN	Nom.Sing		patiḥ	patiḥ	4489	kaumudī kumudinī ibha dakṣajā rohiṇī dvija niśā oṣadhī ___	kaumudī kumudinī ibha dakṣajā rohiṇī dvija niśā oṣadhī patiḥ	pate|patim|pateḥ	3	mcq
3732	650145_2	10849	8	6	163749	pati	NOUN	Nom.Sing		patiḥ	patiḥ	4489	anna ādaḥ vai eṣaḥ anna ___ yat agniḥ	anna ādaḥ vai eṣaḥ anna patiḥ yat agniḥ	pate|patim|pateḥ	3	mcq
217	589975	9741	8	1	40462	śrī	NOUN	Nom.Sing		śrīḥ	śrīḥ	4422	___ devī prabhāvatī ca padmā vaprā śivā tathā	śrīḥ devī prabhāvatī ca padmā vaprā śivā tathā	śriyam|śriyā|śriyaḥ	3	mcq
1370	483769	7592	6	1	40462	śrī	NOUN	Acc.Sing		śriyaṃ	śriyam	4422	___ sarasvatīṃ gaurīṃ gaṇeśaṃ skandam īśvaram	śriyaṃ sarasvatīṃ gaurīṃ gaṇeśaṃ skandam īśvaram	śrīḥ|śriyā|śriyaḥ	3	mcq
2411	484810	7696	8	1	40462	śrī	NOUN	Acc.Sing		śriyaṃ	śriyam	4422	___ ca patnī viṣṇoḥ yā stutā śakreṇa vṛddhaye	śriyaṃ ca patnī viṣṇoḥ yā stutā śakreṇa vṛddhaye	śrīḥ|śriyā|śriyaḥ	3	mcq
3006	748936	15049	9	1	150748	prajā	NOUN	Acc.Sing		prajāṃ	prajām	4379	___ me paśavo 'rjayann iti tv eva sajanīyam anuśaṃsati	prajāṃ me paśavo 'rjayann iti tv eva sajanīyam anuśaṃsati	prajāḥ|prajānām|prajayā	3	mcq
3034	748964	15061	10	1	150748	prajā	NOUN	Nom.Plur		prajā	prajāḥ	4379	___ ha tisro atyāyam īyur ny anyā arkam abhito viviśre	prajā ha tisro atyāyam īyur ny anyā arkam abhito viviśre	prajām|prajānām|prajayā	3	mcq
3901	650218_4	10860	8	5	150748	prajā	NOUN	Acc.Sing		prajām	prajām	4379	saḥ asya śāntaḥ na ___ na paśūn hinasti	saḥ asya śāntaḥ na prajām na paśūn hinasti	prajāḥ|prajānām|prajayā	3	mcq
2140	484539	7687	8	1	102548	strī	NOUN	Acc.Plur		striyaḥ	striyaḥ	4304	___ ca ārtāḥ samāśvāsya bhīma ādyaiḥ sa yudhiṣṭhiraḥ	striyaḥ ca ārtāḥ samāśvāsya bhīma ādyaiḥ sa yudhiṣṭhiraḥ	strīṇām|strī|striyam	3	mcq
2162	484561	7688	8	1	102548	strī	NOUN	Nom.Plur		striyo	striyaḥ	4304	___ aṣṭāvakra śāpena bhāryā viṣṇoś ca yāḥ sthitāḥ	striyo aṣṭāvakra śāpena bhāryā viṣṇoś ca yāḥ sthitāḥ	strīṇām|strī|striyam	3	mcq
7843	556382_1	8855	7	3	102548	strī	NOUN	Gen.Plur		strīṇām	strīṇām	4304	tat _ ___ siñcati atha enat janayati	tat _ strīṇām siñcati atha enat janayati	striyaḥ|strī|striyam	3	mcq
2270	484669	7692	7	5	83387	tejas	NOUN	Ins.Sing		tejasā	tejasā	4294	sa dhanvī kavacī jātaḥ ___ nirdahan iva	sa dhanvī kavacī jātaḥ tejasā nirdahan iva	tejāḥ|tejaḥ|tejasaḥ	3	mcq
3598	650062_1	10835	6	1	83387	tejas	NOUN	Nom.Sing		tejaḥ	tejaḥ	4294	___ vai etat akṣyoḥ yat āñjanam	tejaḥ vai etat akṣyoḥ yat āñjanam	tejasā|tejasaḥ|tejasām	3	mcq
3599	650062_2	10835	7	2	83387	tejas	NOUN	Acc.Sing		tejasam	tejasam	4294	sa ___ eva enam tat kṛtvā dīkṣayanti	sa tejasam eva enam tat kṛtvā dīkṣayanti	tejasā|tejāḥ|tejaḥ	3	mcq
1380	483779	7592	7	2	149176	brahman	NOUN	Nom.Dual		brahmaṇī	brahmanī	4235	dve ___ veditavye śabdabrahma paraṃ ca yat	dve brahmaṇī veditavye śabdabrahma paraṃ ca yat	brahma|brahmaṇā|brahmaṇaḥ	3	mcq
2211	484610	7691	10	1	149176	brahman	NOUN	Nom.Sing		brahma	brahma	4235	___ avyaktam sadā agre 'bhūt na khaṃ rātri dina ādikam	brahma avyaktam sadā agre 'bhūt na khaṃ rātri dina ādikam	brahmaṇā|brahmaṇaḥ|brahmanaḥ	3	mcq
2626	748650_4	14905	5	1	149176	brahman	NOUN	Ins.Sing		brahmaṇā	brahmaṇā	4235	___ eva tat vācam saṃdadhāti	brahmaṇā eva tat vācam saṃdadhāti	brahma|brahmaṇaḥ|brahmanaḥ	3	mcq
1861	484260	7681	7	1	116797	śara	NOUN	Ins.Plur		śarair	śaraiḥ	4188	___ indrajitaṃ vīraṃ yuddhe taṃ tu vyaśātayat	śarair indrajitaṃ vīraṃ yuddhe taṃ tu vyaśātayat	śarān|śaram|śarāḥ	3	mcq
9593	76751	491	7	3	116797	śara	NOUN	Nom.Plur		śarāḥ	śarāḥ	4188	kalamba mārgaṇa ___ patrī ropa iṣuḥ dvayoḥ	kalamba mārgaṇa śarāḥ patrī ropa iṣuḥ dvayoḥ	śaraiḥ|śarān|śaram	3	mcq
13149	646140	10817	11	1	116797	śara	NOUN	Acc.Sing		śaram	śaram	4188	___ asmad yāvaya didyum indra śaṃ no bhavantv apa oṣadhīr imāḥ	śaram asmad yāvaya didyum indra śaṃ no bhavantv apa oṣadhīr imāḥ	śaraiḥ|śarān|śarāḥ	3	mcq
20783	636556	11497	8	3	158167	smṛ	VERB	Pres.Imp.3.Sing.NonPass		smaratād	smaratāt	4142	asau me ___ iti priyo me smaratād iti	asau me smaratād iti priyo me smaratād iti	smaret|smarāmi|sasmāra	3	mcq
20785	636558	11497	8	3	158167	smṛ	VERB	Pres.Sub.3.Sing.NonPass		smarād	smarāt	4142	yathā mama ___ asau na amuṣya aham kadācana	yathā mama smarād asau na amuṣya aham kadācana	smaret|smarāmi|sasmāra	3	mcq
21629	637389	11854	8	2	158167	smṛ	VERB	Pres.Imp.2.Dual.NonPass		smarethāṃ	smarethām	4142	prati ___ tujayadbhir evair hataṃ druho rakṣaso bhaṅgurāvataḥ	prati smarethāṃ tujayadbhir evair hataṃ druho rakṣaso bhaṅgurāvataḥ	smaret|smarāmi|sasmāra	3	mcq
1663	484062	7675	9	3	87452	jana	NOUN	Ins.Plur		janair	janaiḥ	4096	vasiṣṭha ādyaiḥ ___ ukto rājyaṃ kuru iti so 'bravīt	vasiṣṭha ādyaiḥ janair ukto rājyaṃ kuru iti so 'bravīt	janaḥ|janāḥ|janam	3	mcq
9083	76241	491	8	7	87452	jana	NOUN	Nom.Plur		janāḥ	janāḥ	4096	sagotra bāndhava jñāti bandhu sva sva ___ samāḥ	sagotra bāndhava jñāti bandhu sva sva janāḥ samāḥ	janaḥ|janam|janasya	3	mcq
13312	646303	11176	6	2	87452	jana	NOUN	Voc.Plur		janāso	janāsaḥ	4096	idaṃ ___ vidathaṃ mahad brahma vadiṣyati	idaṃ janāso vidathaṃ mahad brahma vadiṣyati	janaḥ|janāḥ|janam	3	mcq
2070	484469	7686	8	1	156588	ji	VERB	Impf.Ind.3.Sing.NonPass		ajayat	ajayat	4082	___ tasya rājyaṃ ca sabhā sthaḥ māyayā ahasat	ajayat tasya rājyaṃ ca sabhā sthaḥ māyayā ahasat	jayati|jayet|jaya	3	mcq
4614	650573_1	10972	8	1	156588	ji	VERB	Past.Ind.3.Sing.NonPass		ajait	ajait	4082	___ agniḥ asanat vājam iti maitrāvaruṇaḥ upapraiṣam pratipadyate	ajait agniḥ asanat vājam iti maitrāvaruṇaḥ upapraiṣam pratipadyate	jayati|jayet|jaya	3	mcq
6604	652325	12032	4	4	156588	ji	VERB	Past.Ind.3.Dual.NonPass		jigyatuḥ	jigyatuḥ	4082	ubhau hi tau ___	ubhau hi tau jigyatuḥ	jayati|jayet|jaya	3	mcq
3977	650247_1	10866	8	2	168377	div	NOUN	Nom.Sing		dyauḥ	dyauḥ	4067	mahī ___ pṛthivī ca naḥ iti dyāvāpṛthivīyām anvāha	mahī dyauḥ pṛthivī ca naḥ iti dyāvāpṛthivīyām anvāha	divi|divam|divaḥ	3	mcq
4159	650340_1	10891	8	1	168377	div	NOUN	Ins.Plur		dyubhiḥ	dyubhiḥ	4067	___ aktubhiḥ pari pātam asmān iti uttamayā paridadhāti	dyubhiḥ aktubhiḥ pari pātam asmān iti uttamayā paridadhāti	divi|divam|dyauḥ	3	mcq
4723	650621_1	11076	8	3	168377	div	NOUN	Abl.Sing		divaḥ	divaḥ	4067	ā anyam ___ mātariśvā jabhārā iti puroﾱāśasya yajati	ā anyam divaḥ mātariśvā jabhārā iti puroﾱāśasya yajati	divi|divam|dyauḥ	3	mcq
2736	748720_1	14946	8	1	157391	pā	VERB	Pres.Imp.2.Sing.NonPass		piba	piba	4063	___ somam abhi yam ugra tardaḥ iti śaṃsati	piba somam abhi yam ugra tardaḥ iti śaṃsati	pibet|pibati|pibanti	3	mcq
3439	749367	15214	10	1	157391	pā	VERB	Pres.Imp.2.Sing.NonPass		pibā	piba	4063	___ sutasya rasina iti viṃśateḥ saptamīṃ ca aṣṭamīm ca uddharati	pibā sutasya rasina iti viṃśateḥ saptamīṃ ca aṣṭamīm ca uddharati	pibet|pibati|pibanti	3	mcq
3485	749413	15221	7	1	157391	pā	VERB	Pres.Imp.2.Sing.NonPass		pibā	piba	4063	___ somam indra mandatu tvā iti ṣaṭ	pibā somam indra mandatu tvā iti ṣaṭ	pibet|pibati|pibanti	3	mcq
2141	484540	7687	7	3	166143	vīra	NOUN	Acc.Plur		vīrān	vīrān	4057	saṃskṛtya prahatān ___ datta udaka dhana ādikaḥ	saṃskṛtya prahatān vīrān datta udaka dhana ādikaḥ	vīraḥ|vīrāḥ|vīraiḥ	3	mcq
3896	650217_1	10860	6	5	166143	vīra	NOUN	Nom.Sing		vīraḥ	vīraḥ	4057	gaya sphānaḥ prataraṇaḥ su ___ iti	gaya sphānaḥ prataraṇaḥ su vīraḥ iti	vīrāḥ|vīraiḥ|vīram	3	mcq
8322	75480	488	6	3	166143	vīra	NOUN	Nom.Sing		vīraḥ	vīraḥ	4057	utsāha vardhanaḥ ___ kāruṇyaṃ karuṇā ghṛṇā	utsāha vardhanaḥ vīraḥ kāruṇyaṃ karuṇā ghṛṇā	vīrāḥ|vīraiḥ|vīram	3	mcq
1096	506315	7429	10	1	75767	vāta	NOUN	Loc.Sing		vāte	vāte	4037	___ ati uṣṇam kaphe ca uṣṇam pitte rakte ati śītalam	vāte ati uṣṇam kaphe ca uṣṇam pitte rakte ati śītalam	vātaḥ|vātena|vātam	3	mcq
2050	484449	7686	7	1	75767	vāta	NOUN	Abl.Sing		vātāt	vātāt	4037	___ bhīmaḥ 'rjunaḥ śakrāt mādryām aśvi kumārāt	vātāt bhīmaḥ 'rjunaḥ śakrāt mādryām aśvi kumārāt	vātaḥ|vātena|vāte	3	mcq
9796	67874	292	9	1	75767	vāta	NOUN	Nom.Sing		vātaḥ	vātaḥ	4037	___ prāṇa prakṛtiḥ pittaṃ hutāśana udbhūtam śleṣmā nirodhāt bhavati	vātaḥ prāṇa prakṛtiḥ pittaṃ hutāśana udbhūtam śleṣmā nirodhāt bhavati	vātena|vāte|vātam	3	mcq
1626	484025	7675	7	2	68470	vana	NOUN	Loc.Sing		vane	vane	4029	tvayā ___ tu vastavyaṃ kaikeyī bharataḥ nṛpaḥ	tvayā vane tu vastavyaṃ kaikeyī bharataḥ nṛpaḥ	vanam|vaneṣu|vanāni	3	mcq
1668	484067	7675	6	2	68470	vana	NOUN	Acc.Sing		vanaṃ	vanam	4029	ahaṃ ___ prayāsyāmi tvad ādeśa pratīkṣakaḥ	ahaṃ vanaṃ prayāsyāmi tvad ādeśa pratīkṣakaḥ	vane|vaneṣu|vanāni	3	mcq
1787	484186	7680	8	1	68470	vana	NOUN	Acc.Sing		vanaṃ	vanam	4029	___ babhañja tad pālān hatvā danta nakha ādibhiḥ	vanaṃ babhañja tad pālān hatvā danta nakha ādibhiḥ	vane|vaneṣu|vanāni	3	mcq
25	479296	7024	6	1	150027	pṛthivī	NOUN	Nom.Sing		pṛthivī	pṛthivī	4028	___ varṇa saṃsthānam ucyate loka saṃjñayā	pṛthivī varṇa saṃsthānam ucyate loka saṃjñayā	pṛthivīm|pṛthivyām|pṛthivyāḥ	3	mcq
1535	483934	7672	7	4	150027	pṛthivī	NOUN	Acc.Sing		pṛthivīṃ	pṛthivīm	4028	tris sapta kṛtvas ___ niḥkṣatrām akarot vibhuḥ	tris sapta kṛtvas pṛthivīṃ niḥkṣatrām akarot vibhuḥ	pṛthivī|pṛthivyām|pṛthivyāḥ	3	mcq
2446	484845	7698	7	1	150027	pṛthivī	NOUN	Acc.Sing		pṛthivīṃ	pṛthivīm	4028	___ dharmakaṃ jñānaṃ vairāgya aiśvaryam eva ca	pṛthivīṃ dharmakaṃ jñānaṃ vairāgya aiśvaryam eva ca	pṛthivī|pṛthivyām|pṛthivyāḥ	3	mcq
7182	652697_1	12128	8	1	156249	car	VERB	Pres.Imp.2.Sing.NonPass		cara	cara	4027	___ eva iti vai mā brāhmaṇaḥ avocat iti	cara eva iti vai mā brāhmaṇaḥ avocat iti	caret|carati|caranti	3	mcq
7186	652698_1	12128	8	1	156249	car	VERB	Pres.Imp.2.Sing.NonPass		cara	cara	4027	___ eva iti vai mā brāhmaṇaḥ avocat iti	cara eva iti vai mā brāhmaṇaḥ avocat iti	caret|carati|caranti	3	mcq
7190	652699_1	12128	8	1	156249	car	VERB	Pres.Imp.2.Sing.NonPass		cara	cara	4027	___ eva iti vai mā brāhmaṇaḥ avocat iti	cara eva iti vai mā brāhmaṇaḥ avocat iti	caret|carati|caranti	3	mcq
803	590562	9744	7	1	87156	devī	NOUN	Nom.Sing		devī	devī	3940	___ kṛtā abhiṣekā anyā bhaṭṭinī gaṇikā ajjukā	devī kṛtā abhiṣekā anyā bhaṭṭinī gaṇikā ajjukā	devi|devīm|devyāḥ	3	mcq
5741	651469	11726	12	2	87156	devī	NOUN	Nom.Sing		devī	devī	3940	viśvasya ___ mṛcayasya janmano na yā roṣāti na grabhad iti dvipadām śaṃsati	viśvasya devī mṛcayasya janmano na yā roṣāti na grabhad iti dvipadām śaṃsati	devi|devīm|devyāḥ	3	mcq
8313	75471	488	5	1	87156	devī	NOUN	Nom.Sing		devī	devī	3940	___ kṛtābhiṣekāyām itarāsu tu bhaṭṭinī	devī kṛtābhiṣekāyām itarāsu tu bhaṭṭinī	devi|devīm|devyāḥ	3	mcq
9814	67892	292	6	2	157266	vad	VERB	Pres.Ind.3.Plur.NonPass		vadanti	vadanti	3914	kecid ___ veda pāṭha āśritaḥ mokṣaḥ	kecid vadanti veda pāṭha āśritaḥ mokṣaḥ	vada|vadati|vadet	3	mcq
9815	67893	292	5	2	157266	vad	VERB	Pres.Ind.3.Plur.NonPass		vadanti	vadanti	3914	kecid ___ nirālambana lakṣaṇaḥ mokṣaḥ	kecid vadanti nirālambana lakṣaṇaḥ mokṣaḥ	vada|vadati|vadet	3	mcq
9986	102987	950	12	2	157266	vad	VERB	Pres.Imp.2.Sing.NonPass		vada	vada	3914	ekākinī ___ kathaṃ na bibheṣi bāle nanu asti puṅkhita śaraḥ madanaḥ sahāyaḥ	ekākinī vada kathaṃ na bibheṣi bāle nanu asti puṅkhita śaraḥ madanaḥ sahāyaḥ	vadanti|vadati|vadet	3	mcq
980	506199	7429	6	2	35810	madhya	NOUN	Ins.Sing		madhyena	madhyena	3880	yāma ___ bhoktavyaṃ yāma yugmam na	yāma madhyena bhoktavyaṃ yāma yugmam na	madhye|madhyāt|madhyam	3	mcq
981	506200	7429	8	2	35810	madhya	NOUN	Loc.Sing		madhye	madhye	3880	yāma ___ rasa utpattiḥ yāma yugmāt bala kṣayaḥ	yāma madhye rasa utpattiḥ yāma yugmāt bala kṣayaḥ	madhyāt|madhyam|madhyataḥ	3	mcq
1953	484352	7684	8	3	35810	madhya	NOUN	Loc.Sing		madhye	madhye	3880	yamala arjuna ___ 'gād bhagnau ca yamala arjunau	yamala arjuna madhye 'gād bhagnau ca yamala arjunau	madhyāt|madhyam|madhyataḥ	3	mcq
1053	506272	7429	7	6	142144	vīrya	NOUN	Nom.Sing		vīryam	vīryam	3872	bala karam aruci ghnam śīta ___ vipāke	bala karam aruci ghnam śīta vīryam vipāke	vīryeṇa|vīryāḥ|vīryasya	3	mcq
1137	506356	7430	6	3	142144	vīrya	NOUN	Nom.Sing		vīryaḥ	vīryaḥ	3872	yogavāhī mahā ___ jarā mṛtyu nivāraṇaḥ	yogavāhī mahā vīryaḥ jarā mṛtyu nivāraṇaḥ	vīryam|vīryeṇa|vīryāḥ	3	mcq
1490	483889	7670	8	3	142144	vīrya	NOUN	Nom.Sing		vīryaṃ	vīryam	3872	skhalitaṃ tasya ___ kau yatra yatra harasya hi	skhalitaṃ tasya vīryaṃ kau yatra yatra harasya hi	vīryeṇa|vīryāḥ|vīryasya	3	mcq
12765	687591	11884	11	3	157281	muc	VERB	Past.Imp.2.Sing.NonPass		mumugdhi	mumugdhi	3850	ud uttamaṃ ___ no vi pāśaṃ madhyamaṃ cṛta ava adhamāni bādhata	ud uttamaṃ mumugdhi no vi pāśaṃ madhyamaṃ cṛta ava adhamāni bādhata	mucyate|mumoca|muñcati	3	mcq
13201	646192	11119	6	1	157281	muc	VERB	Impf.Ind.1.Sing.NonPass		amuñcaṃ	amuñcam	3850	___ tvā vaiśvānarād arṇavān mahatas pari	amuñcaṃ tvā vaiśvānarād arṇavān mahatas pari	mucyate|mumoca|muñcati	3	mcq
13266	646257	11154	10	1	157281	muc	VERB	Pres.Ind.1.Sing.NonPass		muñcāmi	muñcāmi	3850	___ śīrṣaktyā uta kāsa enaṃ parus parur āviveśa yo asya	muñcāmi śīrṣaktyā uta kāsa enaṃ parus parur āviveśa yo asya	mucyate|mumoca|muñcati	3	mcq
317	590075	9744	8	3	84570	diś	NOUN	Nom.Plur		diśaḥ	diśaḥ	3832	udadhi dvīpa ___ daśa bhavana adhīśāḥ kumāra antāḥ	udadhi dvīpa diśaḥ daśa bhavana adhīśāḥ kumāra antāḥ	diśam|diśi|dikṣu	3	mcq
474	590232	9744	8	2	84570	diś	NOUN	Gen.Plur		diśām	diśām	3832	tiryañc ___ tu pataya indra agni yama nairṛtāḥ	tiryañc diśām tu pataya indra agni yama nairṛtāḥ	diśaḥ|diśam|diśi	3	mcq
2066	484465	7686	7	2	84570	diś	NOUN	Nom.Plur		diśaḥ	diśaḥ	3832	jitā ___ pāṇḍavaiś ca rājyaṃ cakre yudhiṣṭhiraḥ	jitā diśaḥ pāṇḍavaiś ca rājyaṃ cakre yudhiṣṭhiraḥ	diśam|diśi|dikṣu	3	mcq
2120	484519	7687	7	2	168349	ahar	NOUN	Loc.Sing		'hani	ahani	3788	pañcame ___ durdharṣaḥ sarva kṣatram pramathya ca	pañcame 'hani durdharṣaḥ sarva kṣatram pramathya ca	ahar|ahnaḥ|ahnā	3	mcq
2125	484524	7687	6	2	168349	ahar	NOUN	Loc.Sing		ahani	ahani	3788	dvitīya ___ karṇaḥ tu arjunena nipātitaḥ	dvitīya ahani karṇaḥ tu arjunena nipātitaḥ	ahar|ahnaḥ|ahnā	3	mcq
2608	748639_1	14905	9	3	168349	ahar	NOUN	Gen.Sing		ahnaḥ	ahnaḥ	3788	dve etasya ___ ājye kuryāt iti ha eke āhuḥ	dve etasya ahnaḥ ājye kuryāt iti ha eke āhuḥ	ahani|ahar|ahnā	3	mcq
1394	483793	7592	6	3	139532	viṣṇu	NOUN	Acc.Sing		viṣṇuṃ	viṣṇum	3776	kālāgni rūpiṇam ___ jyotiḥ brahma parātparam	kālāgni rūpiṇam viṣṇuṃ jyotiḥ brahma parātparam	viṣṇuḥ|viṣṇoḥ|viṣṇave	3	mcq
1400	483799	7592	8	1	139532	viṣṇu	NOUN	Nom.Sing		viṣṇuḥ	viṣṇuḥ	3776	___ kālāgni rudraḥ 'haṃ vidyā sāram vadāmi te	viṣṇuḥ kālāgni rudraḥ 'haṃ vidyā sāram vadāmi te	viṣṇoḥ|viṣṇum|viṣṇave	3	mcq
1411	483810	7592	7	1	139532	viṣṇu	NOUN	Ins.Sing		viṣṇunā	viṣṇunā	3776	___ uktam yathā mahyaṃ devebhyo brahmaṇā purā	viṣṇunā uktam yathā mahyaṃ devebhyo brahmaṇā purā	viṣṇuḥ|viṣṇoḥ|viṣṇum	3	mcq
584	590342	9744	9	1	70783	rāma	NOUN	Nom.Sing		rāmo	rāmaḥ	3747	___ halī musali sātvata kāmapālāḥ saṃkarṣaṇaḥ priyamadhuḥ bala rauhiṇeyau	rāmo halī musali sātvata kāmapālāḥ saṃkarṣaṇaḥ priyamadhuḥ bala rauhiṇeyau	rāmam|rāmasya|rāmaiḥ	3	mcq
808	590567	9744	6	1	93551	pāda	NOUN	Nom.Plur		pādā	pādāḥ	3747	___ bhaṭṭārako devaḥ prayojyāḥ pūjya nāmnaḥ	pādā bhaṭṭārako devaḥ prayojyāḥ pūjya nāmnaḥ	pādau|pādam|pādaḥ	3	mcq
857	506076	7429	4	4	93551	pāda	NOUN	Nom.Sing		pādaḥ	pādaḥ	3747	padma aṅkuśa lasat ___	padma aṅkuśa lasat pādaḥ	pādau|pādam|pādayoḥ	3	mcq
1530	483929	7672	6	3	70783	rāma	NOUN	Ins.Sing		rāmeṇa	rāmeṇa	3747	hṛtavan atha ___ śiraḥ chittvā nipātitaḥ	hṛtavan atha rāmeṇa śiraḥ chittvā nipātitaḥ	rāmaḥ|rāmam|rāmasya	3	mcq
1533	483932	7672	7	1	70783	rāma	NOUN	Loc.Sing		rāme	rāme	3747	___ vanaṃ gate vairād atha rāmaḥ samāgataḥ	rāme vanaṃ gate vairād atha rāmaḥ samāgataḥ	rāmaḥ|rāmam|rāmasya	3	mcq
1588	483987	7675	6	1	93551	pāda	NOUN	Acc.Dual		pādau	pādau	3747	___ gṛhītvā rāmeṇa karṣitā sā aparādhāt	pādau gṛhītvā rāmeṇa karṣitā sā aparādhāt	pādam|pādaḥ|pādayoḥ	3	mcq
5004	650747	11257	8	3	156127	i	VERB	Pres.Ind.3.Plur.NonPass		yanty	yanti	3673	sam anyā ___ upa yanty anyā iti samāyatīṣu	sam anyā yanty upa yanty anyā iti samāyatīṣu	eti|etu|ihi	3	mcq
7099	652662_1	12117	7	3	156127	i	VERB	Pres.Opt.3.Sing.NonPass		iyāt	iyāt	3673	yām paryastam ___ abhyudiyāt iti sā tithiḥ	yām paryastam iyāt abhyudiyāt iti sā tithiḥ	eti|yanti|etu	3	mcq
12951	687777	14438	5	4	156127	i	VERB	Pres.Ind.3.Plur.NonPass		yanti	yanti	3673	tvāṃ śaśvanta upa ___ vājāḥ	tvāṃ śaśvanta upa yanti vājāḥ	eti|etu|ihi	3	mcq
2053	484452	7686	7	2	93423	pāṇḍava	NOUN	Gen.Dual		pāṇḍavayoḥ	pāṇḍavayoḥ	3671	kuru ___ vairaṃ daiva yogāt babhūva ha	kuru pāṇḍavayoḥ vairaṃ daiva yogāt babhūva ha	pāṇḍavāḥ|pāṇḍavaḥ|pāṇḍavān	3	mcq
2100	484499	7687	7	1	93423	pāṇḍava	NOUN	Gen.Plur		pāṇḍavānāṃ	pāṇḍavānām	3671	___ śikhaṇḍī ca tayoḥ yuddham babhūva ha	pāṇḍavānāṃ śikhaṇḍī ca tayoḥ yuddham babhūva ha	pāṇḍavāḥ|pāṇḍavaḥ|pāṇḍavān	3	mcq
2139	484538	7687	8	1	93423	pāṇḍava	NOUN	Nom.Plur		pāṇḍavāḥ	pāṇḍavāḥ	3671	___ sātyakiḥ kṛṣṇaḥ sapta muktā na ca apare	pāṇḍavāḥ sātyakiḥ kṛṣṇaḥ sapta muktā na ca apare	pāṇḍavaḥ|pāṇḍavān|pāṇḍavānām	3	mcq
5427	651160	11624	12	4	125251	gṛha	NOUN	Loc.Plur		gṛheṣu	gṛheṣu	3650	prativādinī ha asya ___ patnī bhavati yatra evam vidvān nīcaistarāṃ dhāyyāṃ śaṃsati	prativādinī ha asya gṛheṣu patnī bhavati yatra evam vidvān nīcaistarāṃ dhāyyāṃ śaṃsati	gṛhe|gṛham|gṛhān	3	mcq
8535	75693	491	6	1	125251	gṛha	NOUN	Nom.Sing		gṛhaṃ	gṛham	3650	___ geha udavasitam veśma sadma niketanam	gṛhaṃ geha udavasitam veśma sadma niketanam	gṛhe|gṛhān|gṛhāt	3	mcq
8537	75695	491	8	1	125251	gṛha	NOUN	Nom.Plur		gṛhāḥ	gṛhāḥ	3650	___ puṃsi ca bhūmni eva nikāyya nilaya ālayāḥ	gṛhāḥ puṃsi ca bhūmni eva nikāyya nilaya ālayāḥ	gṛhe|gṛham|gṛhān	3	mcq
1315	18160	57	7	3	74430	varṇa	NOUN	Loc.Sing		varṇe	varṇe	3633	sāmānyam vaiśya ___ ca adhamaṃ śūdra janmani	sāmānyam vaiśya varṇe ca adhamaṃ śūdra janmani	varṇaḥ|varṇāḥ|varṇam	3	mcq
1355	18201	57	8	2	74430	varṇa	NOUN	Nom.Sing		varṇaḥ	varṇaḥ	3633	śveta ___ bhaved vipraḥ kṣatriyaś ca arka saṃnibhaḥ	śveta varṇaḥ bhaved vipraḥ kṣatriyaś ca arka saṃnibhaḥ	varṇāḥ|varṇam|varṇānām	3	mcq
2224	484623	7691	6	2	74430	varṇa	NOUN	Nom.Sing		varṇam	varṇam	3633	hiraṇya ___ abhavat tat aṇḍam udakeśayam	hiraṇya varṇam abhavat tat aṇḍam udakeśayam	varṇāḥ|varṇānām|varṇaiḥ	3	mcq
2364	484763	7694	8	1	60200	aśva	NOUN	Nom.Plur		aśvāḥ	aśvāḥ	3593	___ ca uṣṭrāḥ ca tāmrāyā aruṇo garuḍas tathā	aśvāḥ ca uṣṭrāḥ ca tāmrāyā aruṇo garuḍas tathā	aśvaḥ|aśvam|aśvān	3	mcq
2527	484971	7280	7	1	60200	aśva	NOUN	Loc.Sing		aśve	aśve	3593	___ rathe gaje śreṣṭhe tat eva parikīrtitaṃ	aśve rathe gaje śreṣṭhe tat eva parikīrtitaṃ	aśvaḥ|aśvam|aśvān	3	mcq
3020	748950	15055	8	2	60200	aśva	NOUN	Nom.Sing		aśvaḥ	aśvaḥ	3593	an ___ jāto an abhīśuḥ ukthya ity ārbhavam	an aśvaḥ jāto an abhīśuḥ ukthya ity ārbhavam	aśvam|aśvān|aśvaiḥ	3	mcq
595	590354	9744	7	1	106624	suta	NOUN	Nom.Sing		suto	sutaḥ	3586	___ 'niruddho jhaṣāṅka uṣeśo brahmasūḥ ca saḥ	suto 'niruddho jhaṣāṅka uṣeśo brahmasūḥ ca saḥ	sutam|sutāḥ|sutān	3	mcq
610	590369	9744	7	3	106624	suta	NOUN	Nom.Sing		sutaḥ	sutaḥ	3586	māyā śuddhodana ___ devadattā prajaḥ ca saḥ	māyā śuddhodana sutaḥ devadattā prajaḥ ca saḥ	sutam|sutāḥ|sutān	3	mcq
1357	18203	57	7	3	106624	suta	NOUN	Acc.Plur		sutān	sutān	3586	rājya sampad ___ saukhyaṃ gaja vāji puraḥsaram	rājya sampad sutān saukhyaṃ gaja vāji puraḥsaram	sutaḥ|sutam|sutāḥ	3	mcq
295	590053	9741	9	5	124569	guru	NOUN	Nom.Plur		guravaḥ	guravaḥ	3582	sa tīrthyāḥ tu eka ___ vivekaḥ pṛthak ātma tā	sa tīrthyāḥ tu eka guravaḥ vivekaḥ pṛthak ātma tā	guruḥ|guroḥ|gurum	3	mcq
9321	76479	491	9	5	124569	guru	NOUN	Nom.Plur		guravaḥ	guravaḥ	3582	sa tīrthyāḥ tu eka ___ citavan agnim agni cit	sa tīrthyāḥ tu eka guravaḥ citavan agnim agni cit	guruḥ|guroḥ|gurum	3	mcq
36657	27665	1162	8	1	124569	guru	NOUN	Gen.Plur		gurūṇām	gurūṇām	3582	___ ardha sauhityam laghūnāṃ na ati tṛpta tā	gurūṇām ardha sauhityam laghūnāṃ na ati tṛpta tā	guruḥ|guroḥ|gurum	3	mcq
3180	749099	15127	6	1	99310	sūrya	NOUN	Nom.Sing		sūrya	sūryaḥ	3572	___ ātmā jagatas tasthuṣaś ca iti	sūrya ātmā jagatas tasthuṣaś ca iti	sūryasya|sūryam|sūrye	3	mcq
5025	650763	11257	12	4	99310	sūrya	NOUN	Loc.Sing		sūrye	sūrye	3572	amūr yā upa ___ yābhir vā sūryaḥ saha iti tejaskāmo brahmavarcasa kāmaḥ	amūr yā upa sūrye yābhir vā sūryaḥ saha iti tejaskāmo brahmavarcasa kāmaḥ	sūryaḥ|sūryasya|sūryam	3	mcq
5626	651354	11706	12	1	99310	sūrya	NOUN	Dat.Sing		sūryāya	sūryāya	3572	___ puroﾱāśam eka kapālam yaḥ sūryaḥ sa dhātā sa u eva vaṣaṭkāraḥ	sūryāya puroﾱāśam eka kapālam yaḥ sūryaḥ sa dhātā sa u eva vaṣaṭkāraḥ	sūryaḥ|sūryasya|sūryam	3	mcq
668	590427	9744	7	3	15753	pada	NOUN	Nom.Sing		padam	padam	3564	lupta varṇa ___ grastam avācyam syāt anakṣaram	lupta varṇa padam grastam avācyam syāt anakṣaram	pade|padāni|padena	3	mcq
2048	484447	7686	7	3	15753	pada	NOUN	Loc.Sing		pade	pade	3564	śataśṛṅga āśrama ___ bhāryā yogāt yato mṛtiḥ	śataśṛṅga āśrama pade bhāryā yogāt yato mṛtiḥ	padam|padāni|padena	3	mcq
2470	484914	7280	7	3	15753	pada	NOUN	Nom.Sing		padam	padam	3564	dṛṣṭaṃ sama ___ sthānam etat lakṣaṇāt tathā	dṛṣṭaṃ sama padam sthānam etat lakṣaṇāt tathā	pade|padāni|padena	3	mcq
26458	708915	17590	6	2	28931	nṛpa	NOUN	Acc.Sing		nṛpaṃ	nṛpam	3548	adhomukhī ___ hanyād brāhmaṇān ūrdhva gāminī	adhomukhī nṛpaṃ hanyād brāhmaṇān ūrdhva gāminī	nṛpaiḥ|nṛpaḥ|nṛpāḥ	3	mcq
26477	708934	17590	7	3	28931	nṛpa	NOUN	Acc.Plur		nṛpān	nṛpān	3548	śuklā deva ___ hanyāt kṣatriyān kṣataja prabhā	śuklā deva nṛpān hanyāt kṣatriyān kṣataja prabhā	nṛpaiḥ|nṛpaḥ|nṛpam	3	mcq
26486	708943	17590	8	3	28931	nṛpa	NOUN	Nom.Sing		nṛpo	nṛpaḥ	3548	tatas tatas ___ yāyād daivo mārgaḥ sa ucyate	tatas tatas nṛpo yāyād daivo mārgaḥ sa ucyate	nṛpaiḥ|nṛpam|nṛpāḥ	3	mcq
433	590191	9744	7	3	137542	mūla	NOUN	Nom.Sing		mūlam	mūlam	3508	tad parva ___ bhūteṣṭā pañcadaśyoḥ yat antaram	tad parva mūlam bhūteṣṭā pañcadaśyoḥ yat antaram	mūle|mūlāni|mūlena	3	mcq
718	590477	9744	7	1	137542	mūla	NOUN	Loc.Sing		mūle	mūle	3508	___ vaṃśaśalākā syāt kalikā kūṇikā api ca	mūle vaṃśaśalākā syāt kalikā kūṇikā api ca	mūlam|mūlāni|mūlena	3	mcq
956	506175	7429	8	1	137542	mūla	NOUN	Nom.Sing		mūlaṃ	mūlam	3508	___ tri varṣam bījaṃ tu syāt saṃvatsara pañcakam	mūlaṃ tri varṣam bījaṃ tu syāt saṃvatsara pañcakam	mūle|mūlāni|mūlena	3	mcq
1412	483811	7592	7	3	156154	kathay	VERB	Fut.Ind.1.Sing.NonPass		kathayiṣyāmi	kathayiṣyāmi	3474	tathā te ___ hetuṃ matsya ādi rūpiṇam	tathā te kathayiṣyāmi hetuṃ matsya ādi rūpiṇam	kathayati|kathyate|kathayanti	3	mcq
27272	642615	10995	11	2	156154	kathay	VERB	Pres.Ind.3.Sing.NonPass		kathayati	kathayati	3474	sa ___ ākāṅkṣāmi varam saptāhaṃ me yathā abhirucitam rājyam anuprayacchata iti	sa kathayati ākāṅkṣāmi varam saptāhaṃ me yathā abhirucitam rājyam anuprayacchata iti	kathyate|kathayanti|kathayāmi	3	mcq
39579	30780	3961	8	1	156154	kathay	VERB	Pres.Opt.3.Sing.NonPass		kathayen	kathayet	3474	___ na ca pṛṣṭo 'pi duḥśravaṃ maraṇaṃ bhiṣak	kathayen na ca pṛṣṭo 'pi duḥśravaṃ maraṇaṃ bhiṣak	kathayati|kathyate|kathayanti	3	mcq
3542	650036_1	10828	7	5	87093	devatā	NOUN	Dat.Plur		devatābhyaḥ	devatābhyaḥ	3468	sarvābhyaḥ eva enam tat ___ anantarāyam nirvapanti	sarvābhyaḥ eva enam tat devatābhyaḥ anantarāyam nirvapanti	devatāḥ|devatā|devatānām	3	mcq
3865	650200_2	10860	8	5	87093	devatā	NOUN	Ins.Sing		devatayā	devatayā	3468	svayā eva enam tat ___ svena chandasā samardhayati	svayā eva enam tat devatayā svena chandasā samardhayati	devatāḥ|devatā|devatānām	3	mcq
3904	650220_2	10860	8	5	87093	devatā	NOUN	Ins.Sing		devatayā	devatayā	3468	svayā eva enam tat ___ svena chandasā samardhayati	svayā eva enam tat devatayā svena chandasā samardhayati	devatāḥ|devatā|devatānām	3	mcq
6172	651897	11858	7	5	36369	mantra	NOUN	Nom.Sing		mantro	mantraḥ	3462	sa eṣa sahasra saniḥ ___ yan nābhānediṣṭhaḥ	sa eṣa sahasra saniḥ mantro yan nābhānediṣṭhaḥ	mantram|mantreṇa|mantraiḥ	3	mcq
10382	464408	7325	4	2	36369	mantra	NOUN	Nom.Sing		mantraḥ	mantraḥ	3462	udvṛtta ___ dūta praṇidhiḥ	udvṛtta mantraḥ dūta praṇidhiḥ	mantram|mantreṇa|mantraiḥ	3	mcq
10514	464540	7331	7	2	36369	mantra	NOUN	Acc.Sing		mantram	mantram	3462	saptame ___ adhyāsīta gūḍha puruṣān ca preṣayet	saptame mantram adhyāsīta gūḍha puruṣān ca preṣayet	mantreṇa|mantraḥ|mantraiḥ	3	mcq
641	590400	9744	7	2	6145	aṅga	NOUN	Nom.Plur		aṅgāḥ	aṅgāḥ	3428	ṣaṣ ___ vedāḥ catvāraḥ mīmāṃsā ānvīkṣikī tathā	ṣaṣ aṅgāḥ vedāḥ catvāraḥ mīmāṃsā ānvīkṣikī tathā	aṅgaḥ|aṅgam|aṅgāni	3	mcq
1068	506287	7429	10	2	6145	aṅga	NOUN	Loc.Sing		aṅge	aṅge	3428	dagdha ___ śiśire ca pīnasa gare pathyo 'lpa uṣṇaḥ kaṭuḥ	dagdha aṅge śiśire ca pīnasa gare pathyo 'lpa uṣṇaḥ kaṭuḥ	aṅgaḥ|aṅgam|aṅgāni	3	mcq
1345	18191	57	8	2	6145	aṅga	NOUN	Acc.Sing		aṅgam	aṅgam	3428	sukṣma ___ nirmala śyāmam tāmra ābham lavaṇa upamam	sukṣma aṅgam nirmala śyāmam tāmra ābham lavaṇa upamam	aṅgaḥ|aṅgāni|aṅge	3	mcq
9011	76169	491	5	2	24793	kula	NOUN	Nom.Sing		kulaṃ	kulam	3394	sajātīyaiḥ ___ yūthaṃ tiraścāṃ puṃnapuṃsakam	sajātīyaiḥ kulaṃ yūthaṃ tiraścāṃ puṃnapuṃsakam	kule|kulasya|kulāt	3	mcq
10473	464499	7327	8	1	24793	kula	NOUN	Gen.Sing		kulasya	kulasya	3394	___ vā bhaved rājyaṃ kula saṃghaḥ hi durjayaḥ	kulasya vā bhaved rājyaṃ kula saṃghaḥ hi durjayaḥ	kule|kulam|kulāt	3	mcq
26716	642059	10679	5	3	24793	kula	NOUN	Abl.Sing		kulāt	kulāt	3394	tena sadṛśāt ___ kalatram ānītam	tena sadṛśāt kulāt kalatram ānītam	kule|kulam|kulasya	3	mcq
12971	687797	14454	12	3	116251	vrata	NOUN	Acc.Plur		vratā	vratā	3393	vidvān asya ___ dhruvā vayā iva anurohate ity ādhāya samidhaṃ kṛṣṇāṃ dadyāt	vidvān asya vratā dhruvā vayā iva anurohate ity ādhāya samidhaṃ kṛṣṇāṃ dadyāt	vratam|vrataḥ|vratāḥ	3	mcq
13686	646662_1	13122	7	3	116251	vrata	NOUN	Nom.Plur		vratāḥ	vratāḥ	3393	sadhrīcīḥ sa ___ bhūtvā asya avata vīryam	sadhrīcīḥ sa vratāḥ bhūtvā asya avata vīryam	vratam|vrataḥ|vrate	3	mcq
14686	647560	11425	11	2	116251	vrata	NOUN	Loc.Sing		vrate	vrate	3393	tava ___ ni viśante janāsas tvayy udite pra īrate citra bhāno	tava vrate ni viśante janāsas tvayy udite pra īrate citra bhāno	vratam|vrataḥ|vratāḥ	3	mcq
3201	749120	15134	9	3	76933	vāyu	NOUN	Nom.Sing		vāyuḥ	vāyuḥ	3392	sa eṣa ___ pañcavidhaḥ prāṇo 'pāno vyāna udānaḥ samānaḥ	sa eṣa vāyuḥ pañcavidhaḥ prāṇo 'pāno vyāna udānaḥ samānaḥ	vāyum|vāyoḥ|vāyunā	3	mcq
7786	556326_1	8819	5	1	76933	vāyu	NOUN	Nom.Sing		vāyuḥ	vāyuḥ	3392	___ prāṇaḥ bhūtvā nāsike prāviśat	vāyuḥ prāṇaḥ bhūtvā nāsike prāviśat	vāyum|vāyoḥ|vāyunā	3	mcq
9842	67920	292	8	4	76933	vāyu	NOUN	Nom.Sing		vāyuḥ	vāyuḥ	3392	mūla kanda udyataḥ ___ soma sūrya patha udbhavaḥ	mūla kanda udyataḥ vāyuḥ soma sūrya patha udbhavaḥ	vāyum|vāyoḥ|vāyunā	3	mcq
68	479339	7024	10	6	116648	śabda	NOUN	Nom.Sing		śabdaḥ	śabdaḥ	3389	nava anupāttāḥ te ca aṣṭa ___ ca anye nava dvidhā	nava anupāttāḥ te ca aṣṭa śabdaḥ ca anye nava dvidhā	śabdena|śabdam|śabdāḥ	3	mcq
74	479345	7024	7	2	116648	śabda	NOUN	Nom.Sing		śabdaḥ	śabdaḥ	3389	na ___ apratighā aṣṭau naiḥṣyandika vipāka jāḥ	na śabdaḥ apratighā aṣṭau naiḥṣyandika vipāka jāḥ	śabdena|śabdam|śabdāḥ	3	mcq
78	479349	7024	12	2	49485	bhāga	NOUN	Nom.Sing		bhāgaḥ	bhāgaḥ	3389	sa ___ tad sa bhāgāḥ ca śeṣāḥ yo na sva karma kṛt	sa bhāgaḥ tad sa bhāgāḥ ca śeṣāḥ yo na sva karma kṛt	bhāgam|bhāge|bhāgāḥ	3	mcq
158	589898	9741	6	3	116648	śabda	NOUN	Nom.Plur		śabdā	śabdāḥ	3389	vyutpatti rahitāḥ ___ rūḍhā ākhaṇḍala ādayaḥ	vyutpatti rahitāḥ śabdā rūḍhā ākhaṇḍala ādayaḥ	śabdaḥ|śabdena|śabdam	3	mcq
932	506151	7429	11	1	49485	bhāga	NOUN	Loc.Sing		bhāge	bhāge	3389	___ 'py anukte samatā vidhānam 'ṅge 'py anukte vihitaṃ tu mūlam	bhāge 'py anukte samatā vidhānam 'ṅge 'py anukte vihitaṃ tu mūlam	bhāgam|bhāgaḥ|bhāgāḥ	3	mcq
978	506197	7429	7	2	49485	bhāga	NOUN	Acc.Sing		bhāgam	bhāgam	3389	dvi ___ pūrayed annaṃ toyaṃ bhāgaṃ prapūrayet	dvi bhāgam pūrayed annaṃ toyaṃ bhāgaṃ prapūrayet	bhāgaḥ|bhāge|bhāgāḥ	3	mcq
157	589897	9741	7	4	33597	nāman	NOUN	Gen.Plur		nāmnāṃ	nāmnām	3386	rūḍha yaugika miśrāṇām ___ mālāṃ tanomi aham	rūḍha yaugika miśrāṇām nāmnāṃ mālāṃ tanomi aham	nāmnā|nāma|nāmā	3	mcq
1154	506373	7430	5	2	33597	nāman	NOUN	Nom.Plur		nāmāni	nāmāni	3386	sūta ___ sarva rogeṣu yojayet	sūta nāmāni sarva rogeṣu yojayet	nāmnā|nāma|nāmā	3	mcq
2077	484476	7686	7	2	33597	nāman	NOUN	Ins.Sing		nāmnā	nāmnā	3386	anya ___ bhīmasenaḥ kīcakaṃ ca avadhīt niśi	anya nāmnā bhīmasenaḥ kīcakaṃ ca avadhīt niśi	nāma|nāmā|nām	3	mcq
1526	483925	7672	8	2	148859	bāhu	NOUN	Nom.Sing		bāhuḥ	bāhuḥ	3355	sahasra ___ sarva urvī patiḥ sa mṛgayāṃ gataḥ	sahasra bāhuḥ sarva urvī patiḥ sa mṛgayāṃ gataḥ	bāho|bāhum|bāhubhyām	3	mcq
2018	484417	7684	6	3	148859	bāhu	NOUN	Gen.Plur		bāhūnāṃ	bāhūnām	3355	chinnaṃ sahasraṃ ___ rudreṇa abhayam arthitam	chinnaṃ sahasraṃ bāhūnāṃ rudreṇa abhayam arthitam	bāhuḥ|bāho|bāhum	3	mcq
6885	652596_10	12095	5	2	148859	bāhu	NOUN	Nom.Sing		bāhuḥ	bāhuḥ	3355	dakṣiṇaḥ ___ ātreyasya savyaḥ sadasyasya	dakṣiṇaḥ bāhuḥ ātreyasya savyaḥ sadasyasya	bāho|bāhum|bāhubhyām	3	mcq
867	506086	7429	5	5	131805	śiras	NOUN	Nom.Sing		śiraḥ	śiraḥ	3351	paṅgu kubja kuṭila maṇḍita ___	paṅgu kubja kuṭila maṇḍita śiraḥ	śirasā|śirasi|śirasaḥ	3	mcq
3385	749313	15207	7	1	131805	śiras	NOUN	Nom.Sing		śiro	śiraḥ	3351	___ gāyatram indram id gāthino bṛhad iti	śiro gāyatram indram id gāthino bṛhad iti	śirasā|śirasi|śirasaḥ	3	mcq
4052	650297_2	10869	6	1	131805	śiras	NOUN	Nom.Sing		śiraḥ	śiraḥ	3351	___ vai etat yajñasya yat ātithyam	śiraḥ vai etat yajñasya yat ātithyam	śirasā|śirasi|śirasaḥ	3	mcq
10314	464340	7319	7	1	158020	labh	VERB	Pres.Opt.3.Sing.NonPass		labheta	labheta	3345	___ sāma dānābhyām kṛtyān ca para bhūmiṣu	labheta sāma dānābhyām kṛtyān ca para bhūmiṣu	labhate|lebhe|labhyate	3	mcq
35973	26977	308	7	3	158020	labh	VERB	Pres.Ind.3.Sing.NonPass		labhate	labhate	3345	tathā sa ___ śarma sarva pāvaka pāṭavam	tathā sa labhate śarma sarva pāvaka pāṭavam	labhet|lebhe|labhyate	3	mcq
37836	29033	2948	4	2	158020	labh	VERB	Pres.Ind.3.Sing.NonPass		labhate	labhate	3345	prayujyamānaṃ ___ pratyañjana samāhvayam	prayujyamānaṃ labhate pratyañjana samāhvayam	labhet|lebhe|labhyate	3	mcq
2332	484731	7692	7	1	71571	rudra	NOUN	Gen.Plur		rudrāṇāṃ	rudrāṇām	3336	___ ca śataṃ lakṣaṃ yair vyāptaṃ sacarācaraṃ	rudrāṇāṃ ca śataṃ lakṣaṃ yair vyāptaṃ sacarācaraṃ	rudraḥ|rudram|rudrāḥ	3	mcq
12540	687366	14363	5	2	71571	rudra	NOUN	Nom.Sing		rudraḥ	rudraḥ	3336	atithi ___ varuṇaḥ sadā ātithye	atithi rudraḥ varuṇaḥ sadā ātithye	rudram|rudrāḥ|rudrāya	3	mcq
13291	646282	11171	7	1	71571	rudra	NOUN	Nom.Sing		rudraḥ	rudraḥ	3336	___ śaravyayā tān amitrān no vi vidhyatu	rudraḥ śaravyayā tān amitrān no vi vidhyatu	rudram|rudrāḥ|rudrāya	3	mcq
1700	484099	7676	7	2	5937	agra	NOUN	Loc.Sing		agre	agre	3324	sītā ___ tāṃ hariṣyāmi anyathā maraṇaṃ tava	sītā agre tāṃ hariṣyāmi anyathā maraṇaṃ tava	agram|agraiḥ|agreṇa	3	mcq
2087	484486	7686	8	3	5937	agra	NOUN	Acc.Sing		agram	agram	3324	bhū sūci ___ na dāsyāmi yotsye saṃgrahaṇa udyataḥ	bhū sūci agram na dāsyāmi yotsye saṃgrahaṇa udyataḥ	agre|agraiḥ|agreṇa	3	mcq
2284	484683	7692	7	2	5937	agra	NOUN	Nom.Plur		agrāḥ	agrāḥ	3324	prācīna ___ kuśāḥ tasya pṛthivyāṃ yajato yataḥ	prācīna agrāḥ kuśāḥ tasya pṛthivyāṃ yajato yataḥ	agre|agram|agraiḥ	3	mcq
110	479381	7034	6	2	63664	indriya	NOUN	Nom.Sing		indriyam	indriyam	3315	duḥkha ___ yā kāyikī vedanā sukham	duḥkha indriyam yā kāyikī vedanā sukham	indriyāṇi|indriyāṇām|indriyaiḥ	3	mcq
120	479391	7034	9	9	63664	indriya	NOUN	Nom.Dual		indriye	indriye	3315	kāma āptam amalam hitvā rūpa āptam strī puṃs ___	kāma āptam amalam hitvā rūpa āptam strī puṃs indriye	indriyaḥ|indriyam|indriyāṇi	3	mcq
178	589936	9741	7	2	63664	indriya	NOUN	Nom.Plur		indriyāḥ	indriyāḥ	3315	eka ___ pṛthivī ambu tejas vāyu mahīruhaḥ	eka indriyāḥ pṛthivī ambu tejas vāyu mahīruhaḥ	indriyaḥ|indriyam|indriyāṇām	3	mcq
198	589956	9741	8	1	129336	gaṇa	NOUN	Nom.Plur		gaṇā	gaṇāḥ	3309	___ nava asya ṛṣi saṃghāḥ ekādaśa gaṇa adhipāḥ	gaṇā nava asya ṛṣi saṃghāḥ ekādaśa gaṇa adhipāḥ	gaṇaiḥ|gaṇaḥ|gaṇān	3	mcq
2559	485003	7281	7	3	129336	gaṇa	NOUN	Acc.Sing		gaṇam	gaṇam	3309	evaṃ vedhya ___ kṛtvā dakṣiṇena itareṇa ca	evaṃ vedhya gaṇam kṛtvā dakṣiṇena itareṇa ca	gaṇāḥ|gaṇaiḥ|gaṇaḥ	3	mcq
4120	650323_1	10891	7	1	129336	gaṇa	NOUN	Gen.Plur		gaṇānām	gaṇānām	3309	___ tvā gaṇa patim havāmahe iti brāhmaṇaspatyam	gaṇānām tvā gaṇa patim havāmahe iti brāhmaṇaspatyam	gaṇāḥ|gaṇaiḥ|gaṇaḥ	3	mcq
1257	555632	8248	9	2	89644	jñāna	NOUN	Ins.Sing		jñānena	jñānena	3290	tattva ___ na ucchedaḥ na ca śāśvata tā matā	tattva jñānena na ucchedaḥ na ca śāśvata tā matā	jñānam|jñāne|jñānāt	3	mcq
1263	555638	8248	8	1	89644	jñāna	NOUN	Loc.Sing		jñāne	jñāne	3290	___ sati yathā jñeyaṃ jñeye jñānaṃ tathā sati	jñāne sati yathā jñeyaṃ jñeye jñānaṃ tathā sati	jñānam|jñānena|jñānāt	3	mcq
10340	464366	7322	9	3	89644	jñāna	NOUN	Nom.Sing		jñānam	jñānam	3290	etan mantra ___ na etat mantra rakṣaṇam iti pārāśarāḥ	etan mantra jñānam na etat mantra rakṣaṇam iti pārāśarāḥ	jñānena|jñāne|jñānāt	3	mcq
737	590496	9744	7	1	48908	bhaya	NOUN	Nom.Sing		bhayaṃ	bhayam	3270	___ bhī bhītiḥ ātaṅkaḥ āśaṅkā sādhvasaṃ daraḥ	bhayaṃ bhī bhītiḥ ātaṅkaḥ āśaṅkā sādhvasaṃ daraḥ	bhayāt|bhaye|bhayena	3	mcq
844	506063	7429	7	4	48908	bhaya	NOUN	Ins.Sing		bhayena	bhayena	3270	bhūyas tva ādi ___ nūtanataraś cintāmaṇiḥ procyate	bhūyas tva ādi bhayena nūtanataraś cintāmaṇiḥ procyate	bhayam|bhayāt|bhaye	3	mcq
1306	18151	57	8	7	48908	bhaya	NOUN	Nom.Plur		bhayāni	bhayāni	3270	akāla mṛtyu sarpa agni śatru vyādhi ___ ca	akāla mṛtyu sarpa agni śatru vyādhi bhayāni ca	bhayam|bhayāt|bhaye	3	mcq
262	590020	9741	12	3	74765	varṣa	NOUN	Nom.Sing		varṣam	varṣam	3269	gandha ambu ___ bahu varṇa puṣpa vṛṣṭiḥ kaca śmaśru nakha a pravṛddhiḥ	gandha ambu varṣam bahu varṇa puṣpa vṛṣṭiḥ kaca śmaśru nakha a pravṛddhiḥ	varṣāṇi|varṣeṇa|varṣe	3	mcq
397	590155	9744	6	4	74765	varṣa	NOUN	Gen.Plur		varṣāṇām	varṣāṇām	3269	sā ekā sahasraiḥ ___ dvicatvāriṃśatyā ūnitā	sā ekā sahasraiḥ varṣāṇām dvicatvāriṃśatyā ūnitā	varṣāṇi|varṣam|varṣeṇa	3	mcq
451	590209	9744	7	1	74765	varṣa	NOUN	Nom.Plur		varṣāḥ	varṣāḥ	3269	___ tapātyayaḥ prāvṛṣ megha kāla āgamau kṣarī	varṣāḥ tapātyayaḥ prāvṛṣ megha kāla āgamau kṣarī	varṣāṇi|varṣam|varṣeṇa	3	mcq
7502	652815_1	12183	9	5	163009	pravac	VERB	Past.Ind.3.Sing.NonPass		provāca	provāca	3242	etam u ha eva ___ turaḥ kāvaṣeyaḥ janamejayāya pārikṣitāya	etam u ha eva provāca turaḥ kāvaṣeyaḥ janamejayāya pārikṣitāya	pravakṣyāmi|procyate|procuḥ	3	mcq
7504	652815_3	12183	10	5	163009	pravac	VERB	Past.Ind.3.Sing.NonPass		provāca	provāca	3242	etam u ha eva ___ agniḥ sanaśrutāya ariṃdamāya kratuvide jānakaye	etam u ha eva provāca agniḥ sanaśrutāya ariṃdamāya kratuvide jānakaye	pravakṣyāmi|procyate|procuḥ	3	mcq
7505	652815_4	12183	8	5	163009	pravac	VERB	Past.Ind.3.Sing.NonPass		provāca	provāca	3242	etam u ha eva ___ vasiṣṭhaḥ sudāse paijavanāya	etam u ha eva provāca vasiṣṭhaḥ sudāse paijavanāya	pravakṣyāmi|procyate|procuḥ	3	mcq
2052	484451	7686	7	1	2744	karṇa	NOUN	Nom.Sing		karṇaḥ	karṇaḥ	3228	___ kuntyāṃ hi kanyāyāṃ jāto duryodha āśritaḥ	karṇaḥ kuntyāṃ hi kanyāyāṃ jāto duryodha āśritaḥ	karṇam|karṇasya|karṇe	3	mcq
12940	687766	14438	8	2	2744	karṇa	NOUN	Ins.Plur		karṇebhiḥ	karṇebhiḥ	3228	bhadraṃ ___ śṛṇuyāma devā bhadraṃ paśyema akṣabhiḥ yajatrāḥ	bhadraṃ karṇebhiḥ śṛṇuyāma devā bhadraṃ paśyema akṣabhiḥ yajatrāḥ	karṇaḥ|karṇam|karṇasya	3	mcq
13755	646727_1	13214	9	2	2744	karṇa	NOUN	Dat.Sing		karṇāya	karṇāya	3228	śrut ___ kavaye vedyāya vacobhiḥ vākaiḥ upa yāmi rātim	śrut karṇāya kavaye vedyāya vacobhiḥ vākaiḥ upa yāmi rātim	karṇaḥ|karṇam|karṇasya	3	mcq
1902	484301	7683	8	5	166894	vipra	NOUN	Nom.Plur		viprā	viprāḥ	3191	iti uktvā te gatā ___ agastya ādyāḥ namaskṛtāḥ	iti uktvā te gatā viprā agastya ādyāḥ namaskṛtāḥ	vipraḥ|vipraiḥ|vipram	3	mcq
2554	484998	7281	8	4	166894	vipra	NOUN	Voc.Sing		vipra	vipraiḥ	3191	tasmin vedhya gate ___ dve vedhye dṛḍha saṃjñake	tasmin vedhya gate vipra dve vedhye dṛḍha saṃjñake	vipraḥ|viprāḥ|vipram	3	mcq
4010	650273_1	10866	4	1	166894	vipra	NOUN	Nom.Sing		vipraḥ	vipraḥ	3191	___ itaraḥ vipraḥ itaraḥ	vipraḥ itaraḥ vipraḥ itaraḥ	viprāḥ|vipraiḥ|vipram	3	mcq
16	479287	7024	8	1	85108	duḥkha	NOUN	Nom.Sing		duḥkhaṃ	duḥkham	3185	___ samudayo loko dṛṣṭi sthānam bhavaḥ ca te	duḥkhaṃ samudayo loko dṛṣṭi sthānam bhavaḥ ca te	duḥkhena|duḥkhāt|duḥkhasya	3	mcq
121	479392	7034	10	1	85108	duḥkha	NOUN	Acc.Dual		duḥkhe	duḥkhe	3185	___ ca hitvā ārūpya āptam sukhe ca apohya rūpi ca	duḥkhe ca hitvā ārūpya āptam sukhe ca apohya rūpi ca	duḥkham|duḥkhena|duḥkhāt	3	mcq
1217	555592	8248	8	5	85108	duḥkha	NOUN	Nom.Sing		duḥkhaṃ	duḥkham	3185	rāga ādi jam yathā ___ saṃkleśa saṃsṛtī tathā	rāga ādi jam yathā duḥkhaṃ saṃkleśa saṃsṛtī tathā	duḥkhena|duḥkhāt|duḥkhasya	3	mcq
24593	640243	12150	7	1	159774	ādā	VERB	Pres.Ind.2.Sing.NonPass		ādatse	ādatse	3158	___ jinatāṃ varca iṣṭaṃ pūrtaṃ ca āśiṣaḥ	ādatse jinatāṃ varca iṣṭaṃ pūrtaṃ ca āśiṣaḥ	ādatte|ādadīta|ādade	3	mcq
35799	26803	279	7	4	159774	ādā	VERB	Pres.Ind.3.Sing.NonPass		ādatte	ādatte	3158	ādānaṃ ca tad ___ nṛṇāṃ pratidinaṃ balam	ādānaṃ ca tad ādatte nṛṇāṃ pratidinaṃ balam	ādadīta|ādade|ādadyāt	3	mcq
38086	29284	3872	7	1	159774	ādā	VERB	Pres.Ind.3.Sing.NonPass		ādatte	ādatte	3158	___ prathamaṃ haṃsaḥ kṣīraṃ kṣīra udakāt iva	ādatte prathamaṃ haṃsaḥ kṣīraṃ kṣīra udakāt iva	ādadīta|ādade|ādadyāt	3	mcq
13602	646585	13074	6	3	157261	pat	VERB	Pres.Imp.2.Sing.NonPass		pata	pata	3123	avasṛṣṭā parā ___ śaravye brahma saṃśite	avasṛṣṭā parā pata śaravye brahma saṃśite	papāta|patati|patanti	3	mcq
14813	647686	14626	8	2	157261	pat	VERB	Past.Ind.3.Sing.NonPass	red	apaptad	apaptat	3123	ud ___ asau sūryaḥ puru dṛṣṭaḥ adṛṣṭa hā	ud apaptad asau sūryaḥ puru dṛṣṭaḥ adṛṣṭa hā	patati|patanti|apatat	3	mcq
16893	649696	17530	6	2	157261	pat	VERB	Pres.Imp.3.Plur.NonPass		patantu	patantu	3123	ut ___ nabhasvatīḥ samudrād adhi ghoṣiṇīḥ	ut patantu nabhasvatīḥ samudrād adhi ghoṣiṇīḥ	papāta|patati|patanti	3	mcq
942	506161	7429	8	8	88026	jala	NOUN	Nom.Sing		jalam	jalam	3097	caturguṇa paraḥ ca ūrdhvam yāvat prastha ādikam ___	caturguṇa paraḥ ca ūrdhvam yāvat prastha ādikam jalam	jale|jalaiḥ|jalena	3	mcq
948	506167	7429	8	1	88026	jala	NOUN	Loc.Sing		jale	jale	3097	___ aṣṭa guṇite sādhyaṃ pāda śiṣṭam ca gṛhyate	jale aṣṭa guṇite sādhyaṃ pāda śiṣṭam ca gṛhyate	jalam|jalaiḥ|jalena	3	mcq
968	506187	7429	10	2	88026	jala	NOUN	Nom.Sing		jalaṃ	jalam	3097	śītaṃ ___ jīryati yāma mātre yāma ardhake jīryati tapta toyam	śītaṃ jalaṃ jīryati yāma mātre yāma ardhake jīryati tapta toyam	jale|jalaiḥ|jalena	3	mcq
17445	633389_2	10601	4	3	95032	pitta	NOUN	Nom.Sing		pittam	pittam	3097	tasya tvam ___ āsitha	tasya tvam pittam āsitha	pittāt|pitte|pittena	3	mcq
28250	42857	1373	5	2	95032	pitta	NOUN	Gen.Dual		pittayoḥ	pittayoḥ	3097	rakta ___ prasādaṃ nirmala tvam	rakta pittayoḥ prasādaṃ nirmala tvam	pittam|pittāt|pitte	3	mcq
29628	644410	10804	5	1	95032	pitta	NOUN	Ins.Sing		pittena	pittena	3097	___ api dahyamāne śarīre sthāpyeta	pittena api dahyamāne śarīre sthāpyeta	pittam|pittāt|pitte	3	mcq
1582	483981	7675	9	3	67855	vacana	NOUN	Acc.Sing		vacanam	vacanam	3089	pitṛ ādi ___ śrutvā tathā iti uktvā sa rāghavaḥ	pitṛ ādi vacanam śrutvā tathā iti uktvā sa rāghavaḥ	vacanāt|vacane|vacanena	3	mcq
1756	484155	7680	6	2	67855	vacana	NOUN	Acc.Sing		vacanam	vacanam	3089	sampāti ___ śrutvā hanumant aṅgada ādayaḥ	sampāti vacanam śrutvā hanumant aṅgada ādayaḥ	vacanāt|vacane|vacanena	3	mcq
2646	748661_1	14908	5	3	67855	vacana	NOUN	Ins.Sing		vacanena	vacanena	3089	tāḥ parāc ___ pañcaviṃśatiḥ bhavanti	tāḥ parāc vacanena pañcaviṃśatiḥ bhavanti	vacanam|vacanāt|vacane	3	mcq
976	506195	7429	12	1	161166	ghṛta	NOUN	Nom.Sing		ghṛtaṃ	ghṛtam	3085	___ gate māsi su jīrṇam āste māsa dvaye jīryati māṃsam eva ca	ghṛtaṃ gate māsi su jīrṇam āste māsa dvaye jīryati māṃsam eva ca	ghṛtena|ghṛtasya|ghṛte	3	mcq
987	506206	7429	9	1	161166	ghṛta	NOUN	Acc.Sing		ghṛtaṃ	ghṛtam	3085	___ tailaṃ ca cūrṇa ādi kola mātram rase kṣipet	ghṛtaṃ tailaṃ ca cūrṇa ādi kola mātram rase kṣipet	ghṛtena|ghṛtasya|ghṛte	3	mcq
3556	650041_1	10828	7	1	161166	ghṛta	NOUN	Loc.Sing		ghṛte	ghṛte	3085	___ carum nirvapeta yaḥ a pratiṣṭhitaḥ manyeta	ghṛte carum nirvapeta yaḥ a pratiṣṭhitaḥ manyeta	ghṛtam|ghṛtena|ghṛtasya	3	mcq
60333	87486	607	5	1	158765	pūjay	VERB	Past.Ind.3.Sing.NonPass	peri	pūjayāmāsa	pūjayāmāsa	3083	___ vidhivan nāradaṃ sura pūjitam	pūjayāmāsa vidhivan nāradaṃ sura pūjitam	pūjayet|pūjyate|apūjayan	3	mcq
60754	87907	5335	7	1	158765	pūjay	VERB	Past.Ind.3.Sing.NonPass	peri	pūjayāmāsa	pūjayāmāsa	3083	___ dharma jñaḥ deśa kāla vibhāga vid	pūjayāmāsa dharma jñaḥ deśa kāla vibhāga vid	pūjayet|pūjyate|apūjayan	3	mcq
60756	87909	5335	5	2	158765	pūjay	VERB	Past.Ind.3.Sing.NonPass	peri	pūjayāmāsa	pūjayāmāsa	3083	hṛdisthaṃ ___ māyayā upātta vigraham	hṛdisthaṃ pūjayāmāsa māyayā upātta vigraham	pūjayet|pūjyate|apūjayan	3	mcq
539	590297	9744	7	3	78551	mātṛ	NOUN	Nom.Plur		mātaraḥ	mātaraḥ	3078	brāhmī ādyāḥ ___ sapta pramathāḥ pārṣadā gaṇāḥ	brāhmī ādyāḥ mātaraḥ sapta pramathāḥ pārṣadā gaṇāḥ	mātā|mātuḥ|mātaram	3	mcq
1631	484030	7675	9	1	78551	mātṛ	NOUN	Ins.Plur		mātṛbhiś	mātṛbhiḥ	3078	___ ca eva vipra ādyaiḥ śoka ārtaiḥ nirgataḥ purāt	mātṛbhiś ca eva vipra ādyaiḥ śoka ārtaiḥ nirgataḥ purāt	mātā|mātuḥ|mātaram	3	mcq
9081	76239	491	7	1	78551	mātṛ	NOUN	Gen.Sing		mātuḥ	mātuḥ	3078	___ mātāmaha ādi evam sapiṇḍāḥ tu sanābhayaḥ	mātuḥ mātāmaha ādi evam sapiṇḍāḥ tu sanābhayaḥ	mātā|mātaram|mātrā	3	mcq
252	590010	9741	9	3	122846	vidhi	NOUN	Nom.Sing		vidhiḥ	vidhiḥ	3037	āhāra nīhāra ___ tu adṛśyaḥ catvāraḥ ete 'tiśayāḥ sahotthāḥ	āhāra nīhāra vidhiḥ tu adṛśyaḥ catvāraḥ ete 'tiśayāḥ sahotthāḥ	vidhinā|vidhim|vidhau	3	mcq
952	506171	7429	9	2	122846	vidhi	NOUN	Ins.Sing		vidhinā	vidhinā	3037	jātā ___ api hṛtāḥ auṣadhyaḥ siddhi dāḥ na syuḥ	jātā vidhinā api hṛtāḥ auṣadhyaḥ siddhi dāḥ na syuḥ	vidhiḥ|vidhim|vidhau	3	mcq
1019	506238	7429	8	3	122846	vidhi	NOUN	Loc.Sing		vidhau	vidhau	3037	atra śukta ___ maṇḍaṃ prasthaṃ pañca āḍhakaḥ 'nvitam	atra śukta vidhau maṇḍaṃ prasthaṃ pañca āḍhakaḥ 'nvitam	vidhinā|vidhiḥ|vidhim	3	mcq
10616	464642	7282	12	6	70209	rāja	NOUN	Nom.Plur		rājā	rājāḥ	3033	bāla vṛddha vyasani anāthān ca ___ bibhṛyāt striyam aprajātāṃ prajātāyāḥ ca putrān	bāla vṛddha vyasani anāthān ca rājā bibhṛyāt striyam aprajātāṃ prajātāyāḥ ca putrān	rājaiḥ|rājaḥ|rājasya	3	mcq
16792	649593	17525	7	4	70209	rāja	NOUN	Voc.Sing		rāja	rāja	3033	tasmai te nakṣatra ___ śakadhūma sadā namaḥ	tasmai te nakṣatra rāja śakadhūma sadā namaḥ	rājaḥ|rājasya|rājam	3	mcq
27906	643249	11061	6	3	70209	rāja	NOUN	Nom.Sing		rājaḥ	rājaḥ	3033	dhārmiko dharma ___ dharmeṇa rājyaṃ kārayati	dhārmiko dharma rājaḥ dharmeṇa rājyaṃ kārayati	rājaiḥ|rājasya|rājam	3	mcq
1159	506378	7430	8	2	78185	mātra	NOUN	Acc.Sing		mātram	mātram	3029	pala ___ rasaṃ śuddhaṃ tāvat mānam ca gandhakam	pala mātram rasaṃ śuddhaṃ tāvat mānam ca gandhakam	mātreṇa|mātre|mātraḥ	3	mcq
1233	555608	8248	8	2	78185	mātra	NOUN	Nom.Sing		mātram	mātram	3029	nāma ___ jagat sarvam ity uccair bhāṣitaṃ tvayā	nāma mātram jagat sarvam ity uccair bhāṣitaṃ tvayā	mātreṇa|mātre|mātrāt	3	mcq
1235	555610	8248	7	2	78185	mātra	NOUN	Nom.Sing		mātram	mātram	3029	kalpanā ___ ity asmāt sarva dharmāḥ prakāśitāḥ	kalpanā mātram ity asmāt sarva dharmāḥ prakāśitāḥ	mātreṇa|mātre|mātrāt	3	mcq
2095	484494	7687	5	1	116860	śarīra	NOUN	Nom.Plur		śarīrāṇi	śarīrāṇi	3025	___ vināśīni na śarīrī vinaśyati	śarīrāṇi vināśīni na śarīrī vinaśyati	śarīram|śarīre|śarīrasya	3	mcq
4536	650535_2	10955	4	3	116860	śarīra	NOUN	Ins.Plur		śarīraiḥ	śarīraiḥ	3025	saḥ ayam ___ parivṛtaḥ	saḥ ayam śarīraiḥ parivṛtaḥ	śarīram|śarīre|śarīrasya	3	mcq
5886	651613	11753	10	2	116860	śarīra	NOUN	Acc.Sing		śarīraṃ	śarīram	3025	bhūtvā ___ dhūtvā śuddhaḥ pūto devatā apyeti ya evaṃ veda	bhūtvā śarīraṃ dhūtvā śuddhaḥ pūto devatā apyeti ya evaṃ veda	śarīre|śarīrasya|śarīreṇa	3	mcq
561	590319	9744	6	1	151290	prajāpati	NOUN	Nom.Sing		prajāpatiḥ	prajāpatiḥ	3007	___ brahma caturmukhau bhavāntakṛt jagatkartṛ saroruhāsanau	prajāpatiḥ brahma caturmukhau bhavāntakṛt jagatkartṛ saroruhāsanau	prajāpateḥ|prajāpatim|prajāpataye	3	mcq
2382	484781	7694	6	1	151290	prajāpati	NOUN	Gen.Plur		prajāpatīnāṃ	prajāpatīnām	3007	___ dakṣo 'tha prahlādo dānava adhipaḥ	prajāpatīnāṃ dakṣo 'tha prahlādo dānava adhipaḥ	prajāpatiḥ|prajāpateḥ|prajāpatim	3	mcq
2733	748718_2	14946	5	3	151290	prajāpati	NOUN	Nom.Sing		prajāpatiḥ	prajāpatiḥ	3007	aniruktaḥ vai ___ prajāpateḥ āptyai	aniruktaḥ vai prajāpatiḥ prajāpateḥ āptyai	prajāpateḥ|prajāpatim|prajāpataye	3	mcq
8195	75353	488	7	1	148382	buddhi	NOUN	Nom.Sing		buddhiḥ	buddhiḥ	3003	___ manīṣā dhiṣaṇā dhīḥ prajñā śemuṣī matiḥ	buddhiḥ manīṣā dhiṣaṇā dhīḥ prajñā śemuṣī matiḥ	buddhyā|buddhim|buddhyāḥ	3	mcq
10216	464242	7306	6	4	148382	buddhi	NOUN	Nom.Sing		buddhir	buddhiḥ	3003	kṛtā ca kaluṣā ___ upadhābhiḥ caturvidhā	kṛtā ca kaluṣā buddhir upadhābhiḥ caturvidhā	buddhyā|buddhim|buddhyāḥ	3	mcq
10463	464489	7327	7	3	148382	buddhi	NOUN	Nom.Sing		buddhiḥ	buddhiḥ	3003	buddhimān āhārya ___ durbuddhir iti putra viśeṣāḥ	buddhimān āhārya buddhiḥ durbuddhir iti putra viśeṣāḥ	buddhyā|buddhim|buddhyāḥ	3	mcq
895	506114	7429	9	5	16581	sattva	NOUN	Abl.Sing		sattvāt	sattvāt	2999	śuṣkasya tāvad guru tīkṣṇa ___ tad ardha bhāgaḥ parikalpanīyaḥ	śuṣkasya tāvad guru tīkṣṇa sattvāt tad ardha bhāgaḥ parikalpanīyaḥ	sattvam|sattvasya|sattvaḥ	3	mcq
8319	75477	488	8	4	16581	sattva	NOUN	Abl.Dual		sattvābhyām	sattvābhyām	2999	nirvṛtte tv aṅga ___ dve triṣu āṅgika sāttvike	nirvṛtte tv aṅga sattvābhyām dve triṣu āṅgika sāttvike	sattvam|sattvasya|sattvaḥ	3	mcq
20323	636113	11363	9	2	16581	sattva	NOUN	Acc.Sing		satvam	satvam	2999	ahaṃ ___ anṛtaṃ yad vadāmi yo agnīṣomāv ajuṣe sakhāyā	ahaṃ satvam anṛtaṃ yad vadāmi yo agnīṣomāv ajuṣe sakhāyā	sattvam|sattvasya|sattvaḥ	3	mcq
10257	464283	7313	4	3	76075	vākya	NOUN	Loc.Sing		vākye	vākye	2995	trayāṇām eka ___ sampratyayaḥ	trayāṇām eka vākye sampratyayaḥ	vākyam|vākyena|vākyaiḥ	3	mcq
34767	555326	8343	4	1	76075	vākya	NOUN	Gen.Sing		vākyasya	vākyasya	2995	___ ṭeḥ pluta udāttaḥ	vākyasya ṭeḥ pluta udāttaḥ	vākyam|vākyena|vākyaiḥ	3	mcq
39619	30820	3978	8	4	76075	vākya	NOUN	Acc.Sing		vākyaṃ	vākyam	2995	tat sarvam abhito ___ vākya kāle 'thavā punaḥ	tat sarvam abhito vākyaṃ vākya kāle 'thavā punaḥ	vākyena|vākyaiḥ|vākyāt	3	mcq
263	590021	9741	9	6	49850	bhāva	NOUN	Abl.Sing		bhāvāt	bhāvāt	2986	caturvidhā martya nikāya koṭi jaghanya ___ api pārśva deśe	caturvidhā martya nikāya koṭi jaghanya bhāvāt api pārśva deśe	bhāvaḥ|bhāvam|bhāvena	3	mcq
789	590548	9744	9	7	49850	bhāva	NOUN	Nom.Sing		bhāvo	bhāvaḥ	2986	vyaktaḥ sa taiḥ vibhāva ādyaiḥ sthāyī ___ bhavet rasaḥ	vyaktaḥ sa taiḥ vibhāva ādyaiḥ sthāyī bhāvo bhavet rasaḥ	bhāvam|bhāvāt|bhāvena	3	mcq
800	590559	9744	5	1	49850	bhāva	NOUN	Nom.Sing		bhāvo	bhāvaḥ	2986	___ vidvāḥ yuvarājaḥ kumāro bhartṛdārakaḥ	bhāvo vidvāḥ yuvarājaḥ kumāro bhartṛdārakaḥ	bhāvam|bhāvāt|bhāvena	3	mcq
1617	484016	7675	8	4	25418	bhūmi	NOUN	Loc.Sing		bhūmau	bhūmau	2986	tac chrutvā mūrchito ___ vajra āhataḥ iva apatat	tac chrutvā mūrchito bhūmau vajra āhataḥ iva apatat	bhūmiḥ|bhūmim|bhūmyāḥ	3	mcq
7576	652881	12204	8	4	25418	bhūmi	NOUN	Loc.Sing		bhūmau	bhūmau	2986	upary eva āsīnaḥ ___ pādau pratiṣṭhāpya pratyavaroham āha	upary eva āsīnaḥ bhūmau pādau pratiṣṭhāpya pratyavaroham āha	bhūmiḥ|bhūmim|bhūmyāḥ	3	mcq
7650	652955	12239	5	1	25418	bhūmi	NOUN	Nom.Sing		bhūmir	bhūmiḥ	2986	___ ha jagāv ity udāharanti	bhūmir ha jagāv ity udāharanti	bhūmau|bhūmim|bhūmyāḥ	3	mcq
70	479341	7024	7	3	87204	deśa	NOUN	Nom.Sing		deśaḥ	deśaḥ	2984	dharmadhātu eka ___ ca saṃcitā daśa rūpiṇaḥ	dharmadhātu eka deśaḥ ca saṃcitā daśa rūpiṇaḥ	deśe|deśam|deśāt	3	mcq
2156	484555	7688	8	2	87204	deśa	NOUN	Abl.Sing		deśāt	deśāt	2984	deva ___ prabhāse sa dehaṃ tyaktvā svayaṃ hariḥ	deva deśāt prabhāse sa dehaṃ tyaktvā svayaṃ hariḥ	deśe|deśam|deśaḥ	3	mcq
7661	652966	12302	12	1	87204	deśa	NOUN	Abl.Sing		deśād	deśāt	2984	___ deśāt samoﾱhānāṃ sarvāsām āḍhya duhitṝṇām daśa adadāt sahasrāṇy ātreyo niṣka kaṇṭhyaḥ	deśād deśāt samoﾱhānāṃ sarvāsām āḍhya duhitṝṇām daśa adadāt sahasrāṇy ātreyo niṣka kaṇṭhyaḥ	deśe|deśam|deśaḥ	3	mcq
9	479280	7024	7	3	16633	satya	NOUN	Nom.Sing		satyam	satyam	2979	anāsravā mārga ___ trividhaṃ ca api asaṃskṛtam	anāsravā mārga satyam trividhaṃ ca api asaṃskṛtam	satyena|satye|satyāt	3	mcq
664	590423	9744	6	1	16633	satya	NOUN	Nom.Sing		satyaṃ	satyam	2979	___ samyak samīcīnam ṛtam tathyaṃ yathātatham	satyaṃ samyak samīcīnam ṛtam tathyaṃ yathātatham	satyena|satye|satyāt	3	mcq
1612	484011	7675	9	1	16633	satya	NOUN	Acc.Sing		satyaṃ	satyam	2979	___ brūhi iti sā uvāca nṛpaṃ mahyaṃ dadāsi cet	satyaṃ brūhi iti sā uvāca nṛpaṃ mahyaṃ dadāsi cet	satyena|satye|satyāt	3	mcq
634	590393	9744	9	4	142998	veda	NOUN	Nom.Plur		vedāḥ	vedāḥ	2954	ṛc yajus sāma ___ syuḥ atharvā tu tad uddhṛtiḥ	ṛc yajus sāma vedāḥ syuḥ atharvā tu tad uddhṛtiḥ	vedān|vedam|vedaḥ	3	mcq
17105	649908	17563	6	3	142998	veda	NOUN	Acc.Sing		vedam	vedam	2954	tābhyām udbhṛtya ___ atha karmāṇi kṛṇmahe	tābhyām udbhṛtya vedam atha karmāṇi kṛṇmahe	vedāḥ|vedān|vedaḥ	3	mcq
19059	634894	10567	10	2	142998	veda	NOUN	Nom.Plur		vedā	vedāḥ	2954	yasmin ___ nihitā viśva rūpāḥ tena odanena ati tarāṇi mṛtyum	yasmin vedā nihitā viśva rūpāḥ tena odanena ati tarāṇi mṛtyum	vedān|vedam|vedaḥ	3	mcq
358	590116	9744	7	1	58039	āditya	NOUN	Nom.Dual		ādityau	ādityau	2948	___ ca puṣpaḥ tiṣyaḥ sidhyaḥ ca gurudaivataḥ	ādityau ca puṣpaḥ tiṣyaḥ sidhyaḥ ca gurudaivataḥ	ādityaḥ|ādityam|ādityāḥ	3	mcq
4023	650281_1	10866	7	1	58039	āditya	NOUN	Nom.Plur		ādityāḥ	ādityāḥ	2948	___ ca eva iha āsan aṅgirasaḥ ca	ādityāḥ ca eva iha āsan aṅgirasaḥ ca	ādityaḥ|ādityam|ādityasya	3	mcq
4452	650490_9	10938	5	2	58039	āditya	NOUN	Nom.Sing		ādityaḥ	ādityaḥ	2948	asau ___ ekaviṃśaḥ uttamā pratiṣṭhā	asau ādityaḥ ekaviṃśaḥ uttamā pratiṣṭhā	ādityam|ādityāḥ|ādityasya	3	mcq
2073	484472	7686	5	5	91276	dvija	NOUN	Acc.Plur		dvijān	dvijān	2938	aṣṭāśīti sahasrāṇi bhojayan pūrvavat ___	aṣṭāśīti sahasrāṇi bhojayan pūrvavat dvijān	dvijaḥ|dvijaiḥ|dvijāḥ	3	mcq
2530	484974	7281	8	3	91276	dvija	NOUN	Nom.Sing		dvijaḥ	dvijaḥ	2938	pūrṇa āyatam ___ kṛtvā tato māṃsair gadā āyudhān	pūrṇa āyatam dvijaḥ kṛtvā tato māṃsair gadā āyudhān	dvijaiḥ|dvijāḥ|dvijān	3	mcq
8993	76151	491	6	6	91276	dvija	NOUN	Nom.Plur		dvijāḥ	dvijāḥ	2938	śakunti pakṣi śakuni śakunta śakuna ___	śakunti pakṣi śakuni śakunta śakuna dvijāḥ	dvijaḥ|dvijaiḥ|dvijān	3	mcq
1368	18214	57	6	1	166517	hasta	NOUN	Loc.Sing		haste	haste	2916	___ mauktikam ādāya śāli tuṣyeṇa mardayet	haste mauktikam ādāya śāli tuṣyeṇa mardayet	hastam|hastaḥ|hastena	3	mcq
2518	484962	7280	7	4	166517	hasta	NOUN	Acc.Sing		hastaṃ	hastam	2916	muktvā tu paścimaṃ ___ kṣipet vegena pṛṣṭhataḥ	muktvā tu paścimaṃ hastaṃ kṣipet vegena pṛṣṭhataḥ	haste|hastaḥ|hastena	3	mcq
2525	484969	7280	9	2	166517	hasta	NOUN	Nom.Sing		hastam	hastam	2916	catur ___ dhanuḥ śreṣṭhaṃ trayaḥ sa ardham tu madhyamaṃ	catur hastam dhanuḥ śreṣṭhaṃ trayaḥ sa ardham tu madhyamaṃ	haste|hastena|hastābhyām	3	mcq
1286	18131	57	9	1	67908	vajra	NOUN	Nom.Sing		vajraṃ	vajram	2898	___ ca mauktikaṃ ca eva māṇikyaṃ nīlam eva ca	vajraṃ ca mauktikaṃ ca eva māṇikyaṃ nīlam eva ca	vajreṇa|vajrasya|vajrāt	3	mcq
1290	18135	57	7	1	67908	vajra	NOUN	Acc.Sing		vajraṃ	vajram	2898	___ ca mauktikaṃ śvetaṃ māṇikyaṃ lohitaṃ viduḥ	vajraṃ ca mauktikaṃ śvetaṃ māṇikyaṃ lohitaṃ viduḥ	vajraḥ|vajreṇa|vajrasya	3	mcq
1304	18149	57	6	2	67908	vajra	NOUN	Acc.Sing		vajraṃ	vajram	2898	tuṅgaṃ ___ praśaṃsanti ṣaṭkoṇaṃ laghu bhāskaram	tuṅgaṃ vajraṃ praśaṃsanti ṣaṭkoṇaṃ laghu bhāskaram	vajraḥ|vajreṇa|vajrasya	3	mcq
2069	484468	7686	6	2	14320	kārya	NOUN	Loc.Sing		kārye	kārye	2880	dyūta ___ śakuninā dyūtena sa yudhiṣṭhiram	dyūta kārye śakuninā dyūtena sa yudhiṣṭhiram	kāryam|kāryeṣu|kāryāṇi	3	mcq
10375	464401	7322	8	2	14320	kārya	NOUN	Loc.Sing		kārye	kārye	2880	ātyayike ___ mantriṇo mantri pariṣadam ca āhūya brūyāt	ātyayike kārye mantriṇo mantri pariṣadam ca āhūya brūyāt	kāryam|kāryeṣu|kāryāṇi	3	mcq
10522	464548	7331	6	3	14320	kārya	NOUN	Acc.Sing		kāryaṃ	kāryam	2880	sarvam ātyayikaṃ ___ śṛṇuyān na atipātayet	sarvam ātyayikaṃ kāryaṃ śṛṇuyān na atipātayet	kārye|kāryeṣu|kāryāṇi	3	mcq
10439	464465	7327	5	3	106817	sukha	NOUN	Loc.Plur		sukheṣu	sukheṣu	2869	tasmād grāmya ___ enam avasṛjet	tasmād grāmya sukheṣu enam avasṛjet	sukham|sukhāya|sukhena	3	mcq
10530	464556	7331	8	2	106817	sukha	NOUN	Loc.Sing		sukhe	sukhe	2869	prajā ___ sukhaṃ rājñaḥ prajānāṃ ca hite hitam	prajā sukhe sukhaṃ rājñaḥ prajānāṃ ca hite hitam	sukham|sukhāya|sukhena	3	mcq
26980	642323	10961	9	4	106817	sukha	NOUN	Acc.Sing		sukham	sukham	2869	sa kāyikaṃ prasrabdhi ___ labdhvā bhagavato 'ntike cittaṃ prasādayāmāsa	sa kāyikaṃ prasrabdhi sukham labdhvā bhagavato 'ntike cittaṃ prasādayāmāsa	sukhāya|sukhena|sukhasya	3	mcq
10360	464386	7322	5	3	157397	pracch	VERB	Pres.Opt.3.Sing.NonPass		pṛcchet	pṛcchet	2851	tān ekaikaśaḥ ___ samastān ca	tān ekaikaśaḥ pṛcchet samastān ca	papraccha|pṛcchati|apṛcchat	3	mcq
16936	649739	17536	8	2	157397	pracch	VERB	Pres.Ind.1.Sing.NonPass		pṛcche	pṛcche	2851	vi ___ dyāvā pṛthivī vi indram vi bṛhaspatim	vi pṛcche dyāvā pṛthivī vi indram vi bṛhaspatim	papraccha|pṛcchati|apṛcchat	3	mcq
21887	637647_1	12235	6	3	157397	pracch	VERB	Pres.Ind.1.Plur.NonPass		pṛcchāmaḥ	pṛcchāmaḥ	2851	ṣaṭ tvā ___ ṛṣayaḥ kaśyapa ime	ṣaṭ tvā pṛcchāmaḥ ṛṣayaḥ kaśyapa ime	papraccha|pṛcchati|apṛcchat	3	mcq
61294	88535	8957	6	2	163055	praviś	VERB	Past.Ind.3.Sing.NonPass		praviveśa	praviveśa	2848	udīcīṃ ___ āśām gata pūrvām mahātmabhiḥ	udīcīṃ praviveśa āśām gata pūrvām mahātmabhiḥ	prāviśat|praviśati|praviśanti	3	mcq
68902	96414	775	7	1	163055	praviś	VERB	Pres.Ind.3.Plur.NonPass		praviśanti	praviśanti	2848	___ hy ahaṃkāraṃ sva guṇaiḥ aham ātmani	praviśanti hy ahaṃkāraṃ sva guṇaiḥ aham ātmani	praviveśa|prāviśat|praviśati	3	mcq
78028	577269	9716	5	2	163055	praviś	VERB	Past.Ind.3.Plur.NonPass		praviviśuḥ	praviviśuḥ	2848	tataḥ ___ bandi gīyamāna parākramāḥ	tataḥ praviviśuḥ bandi gīyamāna parākramāḥ	praviveśa|prāviśat|praviśati	3	mcq
836	506055	7429	8	4	166332	bhū	NOUN	Gen.Sing		bhuvo	bhuvaḥ	2826	līlā nāṭya kṛte ___ bhagavate kṛṣṇāya tubhyaṃ namaḥ	līlā nāṭya kṛte bhuvo bhagavate kṛṣṇāya tubhyaṃ namaḥ	bhuvi|bhūḥ|bhuvam	3	mcq
1927	484326	7684	6	1	166332	bhū	NOUN	Gen.Sing		bhuvo	bhuvaḥ	2826	___ bhāra avatāra artham devakyāṃ vasudevataḥ	bhuvo bhāra avatāra artham devakyāṃ vasudevataḥ	bhuvi|bhūḥ|bhuvam	3	mcq
2291	484690	7692	10	1	166332	bhū	NOUN	Nom.Sing		bhūḥ	bhūḥ	2826	___ khaṃ vyāptaṃ hi tarubhiḥ tān tarūn adahan ca te	bhūḥ khaṃ vyāptaṃ hi tarubhiḥ tān tarūn adahan ca te	bhuvi|bhuvaḥ|bhuvam	3	mcq
566	590324	9744	7	4	4073	kṛṣṇa	NOUN	Nom.Plur		kṛṣṇāḥ	kṛṣṇāḥ	2808	govinda ṣaḍbindu mukunda ___ vaikuṇṭha padmeśaya padmanābhāḥ	govinda ṣaḍbindu mukunda kṛṣṇāḥ vaikuṇṭha padmeśaya padmanābhāḥ	kṛṣṇaḥ|kṛṣṇam|kṛṣṇaiḥ	3	mcq
1950	484349	7684	7	2	4073	kṛṣṇa	NOUN	Nom.Dual		kṛṣṇau	kṛṣṇau	2808	rāma ___ ceratuḥ tau gobhiḥ gopālakaiḥ saha	rāma kṛṣṇau ceratuḥ tau gobhiḥ gopālakaiḥ saha	kṛṣṇaḥ|kṛṣṇam|kṛṣṇaiḥ	3	mcq
1952	484351	7684	7	1	4073	kṛṣṇa	NOUN	Nom.Sing		kṛṣṇaḥ	kṛṣṇaḥ	2808	___ ca ulūkhale baddho dāmnā vyagra yaśodayā	kṛṣṇaḥ ca ulūkhale baddho dāmnā vyagra yaśodayā	kṛṣṇam|kṛṣṇaiḥ|kṛṣṇasya	3	mcq
13653	646634	13108	9	3	157558	hṛ	VERB	Pres.Ind.1.Sing.NonPass		harāmi	harāmi	2783	tam ā ___ nirṛter upasthād aspārṣam enaṃ śata śāradāya	tam ā harāmi nirṛter upasthād aspārṣam enaṃ śata śāradāya	haret|harati|haranti	3	mcq
14347	647261	11312	8	7	157558	hṛ	VERB	Past.Ind.1.Sing.NonPass	s	ahārṣam	ahārṣam	2783	ugrā hi kaṇva jambhanī tāṃ tvā ___ sahasvatīm	ugrā hi kaṇva jambhanī tāṃ tvā ahārṣam sahasvatīm	haret|harati|haranti	3	mcq
15324	648200_2	14659	4	2	157558	hṛ	VERB	Pres.Imp.2.Sing.NonPass		hara	hara	2783	ā ___ anaḍuhaḥ balam	ā hara anaḍuhaḥ balam	haret|harati|haranti	3	mcq
403	590161	9744	7	3	59234	āyus	NOUN	Nom.Plur		āyuṣaḥ	āyuṣaḥ	2770	pūrva koṭi ___ pañca dhanus śata samucchrayāḥ	pūrva koṭi āyuṣaḥ pañca dhanus śata samucchrayāḥ	āyuḥ|āyuṣā|āyūḥ	3	mcq
404	590162	9744	8	5	59234	āyus	NOUN	Nom.Plur		āyuṣaḥ	āyuṣaḥ	2770	pañcame tu varṣa śata ___ sapta kara ucchrayāḥ	pañcame tu varṣa śata āyuṣaḥ sapta kara ucchrayāḥ	āyuḥ|āyuṣā|āyūḥ	3	mcq
405	590163	9744	7	5	59234	āyus	NOUN	Nom.Plur		āyuṣaḥ	āyuṣaḥ	2770	ṣaṣṭhe punaḥ ṣoḍaśa abda ___ hasta samucchrayāḥ	ṣaṣṭhe punaḥ ṣoḍaśa abda āyuṣaḥ hasta samucchrayāḥ	āyuḥ|āyuṣā|āyūḥ	3	mcq
20	479291	7024	6	3	130008	gandha	NOUN	Nom.Sing		gandhaḥ	gandhaḥ	2752	ṣoḍhā caturvidho ___ spṛśyam ekādaśa ātmakam	ṣoḍhā caturvidho gandhaḥ spṛśyam ekādaśa ātmakam	gandham|gandhaiḥ|gandhān	3	mcq
1051	506270	7429	8	2	130008	gandha	NOUN	Acc.Sing		gandham	gandham	2752	tri ___ elā tvak patraṃ cāturjātaṃ sa kesaram	tri gandham elā tvak patraṃ cāturjātaṃ sa kesaram	gandhaḥ|gandhaiḥ|gandhān	3	mcq
1073	506292	7429	8	2	130008	gandha	NOUN	Nom.Sing		gandhaḥ	gandhaḥ	2752	yā ___ ketakīnāṃ harati parimalair varṇataḥ piṅgala ābhā	yā gandhaḥ ketakīnāṃ harati parimalair varṇataḥ piṅgala ābhā	gandham|gandhaiḥ|gandhān	3	mcq
2231	484630	7691	7	1	157522	sṛj	VERB	Past.Ind.3.Sing.NonPass		sasarja	sasarja	2749	___ sṛṣṭiṃ tad rūpām sraṣṭum icchan prajāpatiḥ	sasarja sṛṣṭiṃ tad rūpām sraṣṭum icchan prajāpatiḥ	asṛjata|asṛjat|sṛja	3	mcq
16307	649108	17483	7	2	157522	sṛj	VERB	Pres.Ind.1.Sing.NonPass		sṛjāmi	sṛjāmi	2749	tāvat ___ te viṣaṃ yāvad arṣanti sindhavaḥ	tāvat sṛjāmi te viṣaṃ yāvad arṣanti sindhavaḥ	asṛjata|asṛjat|sasarja	3	mcq
18168	634067	10486	8	3	157522	sṛj	VERB	Pres.Imp.3.Sing.NonPass		sṛjatv	sṛjatu	2749	saṃ vaḥ ___ aryamā saṃ pūṣā saṃ bṛhaspatiḥ	saṃ vaḥ sṛjatv aryamā saṃ pūṣā saṃ bṛhaspatiḥ	asṛjata|asṛjat|sasarja	3	mcq
3620	650077_2	10835	5	3	129602	garbha	NOUN	Nom.Plur		garbhāḥ	garbhāḥ	2744	tasmāt muktāḥ ___ jarāyoḥ jāyante	tasmāt muktāḥ garbhāḥ jarāyoḥ jāyante	garbham|garbhaḥ|garbhe	3	mcq
6180	651902_4	11867	9	4	129602	garbha	NOUN	Nom.Sing		garbhaḥ	garbhaḥ	2744	tasmāt jyāyān san ___ kanīyāṃsam santam yonim na hinasti	tasmāt jyāyān san garbhaḥ kanīyāṃsam santam yonim na hinasti	garbham|garbhe|garbhāḥ	3	mcq
7860	556400_1	8859	7	1	129602	garbha	NOUN	Loc.Sing		garbhe	garbhe	2744	___ eva etat śayānaḥ vāmadevaḥ evam uvāca	garbhe eva etat śayānaḥ vāmadevaḥ evam uvāca	garbham|garbhaḥ|garbhāḥ	3	mcq
21890	637648_2	12235	5	3	163351	vidhā	VERB	Pres.Imp.2.Sing.NonPass		vidhehi	vidhehi	2738	tām naḥ ___ yatidhā sakhibhyaḥ	tām naḥ vidhehi yatidhā sakhibhyaḥ	vidhīyate|vidadhyāt|vidadhe	3	mcq
38444	29642	3876	7	1	163351	vidhā	VERB	Pres.Opt.3.Sing.NonPass		vidadhyāt	vidadhyāt	2738	___ teṣu teṣu eva kośam aṅguli parvasu	vidadhyāt teṣu teṣu eva kośam aṅguli parvasu	vidhīyate|vidadhe|vidhīyatām	3	mcq
41349	32550	4195	6	1	163351	vidhā	VERB	Pres.Ind.3.Sing.NonPass		vidadhāti	vidadhāti	2738	___ jvaraṃ doṣas tasmāt kurvīta laṅghanam	vidadhāti jvaraṃ doṣas tasmāt kurvīta laṅghanam	vidhīyate|vidadhyāt|vidadhe	3	mcq
1453	483852	7670	6	3	64795	yuddha	NOUN	Loc.Sing		yuddhe	yuddhe	2727	purā devāsure ___ daityair devāḥ parājitāḥ	purā devāsure yuddhe daityair devāḥ parājitāḥ	yuddham|yuddhāya|yuddhena	3	mcq
1531	483930	7672	7	1	64795	yuddha	NOUN	Loc.Sing		yuddhe	yuddhe	2727	___ paraśunā rājā dhenuḥ sva āśramam āyayau	yuddhe paraśunā rājā dhenuḥ sva āśramam āyayau	yuddham|yuddhāya|yuddhena	3	mcq
2002	484401	7684	8	1	64795	yuddha	NOUN	Acc.Sing		yuddhaṃ	yuddham	2727	___ prāpsyasi bāṇa tvaṃ bāṇaṃ tuṣṭaḥ śivo 'bhyadhāt	yuddhaṃ prāpsyasi bāṇa tvaṃ bāṇaṃ tuṣṭaḥ śivo 'bhyadhāt	yuddhe|yuddhāya|yuddhena	3	mcq
1017	506236	7429	7	1	35443	madhu	NOUN	Nom.Sing		madhu	madhu	2712	___ śeṣe bhaved yāvat tāvat paktvā avatārayet	madhu śeṣe bhaved yāvat tāvat paktvā avatārayet	madhunā|madhvaḥ|madhunaḥ	3	mcq
2676	748676_1	14921	7	1	35443	madhu	NOUN	Acc.Sing		madhu	madhu	2712	___ ha sma vai ṛṣibhyaḥ madhuchandāḥ chandati	madhu ha sma vai ṛṣibhyaḥ madhuchandāḥ chandati	madhunā|madhvaḥ|madhunaḥ	3	mcq
4499	650509_2	10955	6	3	35443	madhu	NOUN	Nom.Sing		madhu	madhu	2712	etat vai ___ daivyam yat ājyam	etat vai madhu daivyam yat ājyam	madhunā|madhvaḥ|madhunaḥ	3	mcq
7952	75110	488	5	1	64099	īśvara	NOUN	Nom.Sing		īśvaraḥ	īśvaraḥ	2706	___ śarva īśānaḥ śaṃkaraḥ candraśekharaḥ	īśvaraḥ śarva īśānaḥ śaṃkaraḥ candraśekharaḥ	īśvaram|īśvarāḥ|īśvaraiḥ	3	mcq
8039	75197	488	6	6	64099	īśvara	NOUN	Nom.Plur		īśvarāḥ	īśvarāḥ	2706	yakṣa ekapiṅga elavila śrīda puṇyajana ___	yakṣa ekapiṅga elavila śrīda puṇyajana īśvarāḥ	īśvaraḥ|īśvaram|īśvaraiḥ	3	mcq
10945	464972	7291	11	2	64099	īśvara	NOUN	Acc.Plur		īśvarān	īśvarān	2706	yatra ___ ca adhikṛtān ca rājā rakṣā upakārau pathika artham āha	yatra īśvarān ca adhikṛtān ca rājā rakṣā upakārau pathika artham āha	īśvaraḥ|īśvaram|īśvarāḥ	3	mcq
14840	647713	14630	10	2	157412	hā	VERB	Past.Jus.1.Plur.NonPass		hāsmahi	hāsmahi	2697	mā ___ prajayā mā dhanena mā radhāma dviṣate soma rājan	mā hāsmahi prajayā mā dhanena mā radhāma dviṣate soma rājan	hīyate|jahāti|jahyāt	3	mcq
16322	649123	17485	10	3	157412	hā	VERB	Past.Jus.3.Plur.NonPass		hāsiṣur	hāsiṣuḥ	2697	mā no ___ ṛṣayo daivyāsas tanū pāvānaḥ śucayas tapaḥ jāḥ	mā no hāsiṣur ṛṣayo daivyāsas tanū pāvānaḥ śucayas tapaḥ jāḥ	hīyate|jahāti|jahyāt	3	mcq
17674	633606	10459	9	1	157412	hā	VERB	Past.Ind.2.Sing.NonPass	root	ahā	ahāḥ	2697	___ arātim avidaḥ syonam apy abhūr bhadre sukṛtasya loke	ahā arātim avidaḥ syonam apy abhūr bhadre sukṛtasya loke	hīyate|jahāti|jahyāt	3	mcq
2071	484470	7686	7	2	64859	yudhiṣṭhira	NOUN	Nom.Sing		yudhiṣṭhiro	yudhiṣṭhiraḥ	2696	jito ___ bhrātṛ yuktaḥ ca araṇyakam yayau	jito yudhiṣṭhiro bhrātṛ yuktaḥ ca araṇyakam yayau	yudhiṣṭhiraiḥ|yudhiṣṭhiram|yudhiṣṭhirasya	3	mcq
2085	484484	7686	8	1	64859	yudhiṣṭhira	NOUN	Dat.Sing		yudhiṣṭhirāya	yudhiṣṭhirāya	2696	___ ardha rājyam dehi grāmāṃś ca pañca vā	yudhiṣṭhirāya ardha rājyam dehi grāmāṃś ca pañca vā	yudhiṣṭhiraḥ|yudhiṣṭhiraiḥ|yudhiṣṭhiram	3	mcq
2149	484548	7688	7	1	64859	yudhiṣṭhira	NOUN	Loc.Sing		yudhiṣṭhire	yudhiṣṭhire	2696	___ tu rājya sthe āśramāt āśrama antaram	yudhiṣṭhire tu rājya sthe āśramāt āśrama antaram	yudhiṣṭhiraḥ|yudhiṣṭhiraiḥ|yudhiṣṭhiram	3	mcq
1616	484015	7675	8	1	139407	viṣa	NOUN	Acc.Sing		viṣaṃ	viṣam	2694	___ pītvā mariṣyāmi dāsyasi tvaṃ na ced nṛpaiḥ	viṣaṃ pītvā mariṣyāmi dāsyasi tvaṃ na ced nṛpaiḥ	viṣeṇa|viṣe|viṣasya	3	mcq
11687	465738	11763	9	3	139407	viṣa	NOUN	Ins.Plur		viṣaiḥ	viṣaiḥ	2694	rajju śastra ___ vā api kāma krodha vaśena yaḥ	rajju śastra viṣaiḥ vā api kāma krodha vaśena yaḥ	viṣam|viṣeṇa|viṣe	3	mcq
13490	646478	11329	7	2	139407	viṣa	NOUN	Gen.Sing		viṣasya	viṣasya	2694	sarvā ___ dhāmāny udnā iva agnim avīvare	sarvā viṣasya dhāmāny udnā iva agnim avīvare	viṣam|viṣeṇa|viṣe	3	mcq
54	479325	7024	6	6	80283	lakṣaṇa	NOUN	Acc.Sing		lakṣaṇam	lakṣaṇam	2688	pratipādyā yathā ukteṣu sampradhārya sva ___	pratipādyā yathā ukteṣu sampradhārya sva lakṣaṇam	lakṣaṇaḥ|lakṣaṇaiḥ|lakṣaṇāḥ	3	mcq
316	590074	9744	7	1	61054	asura	NOUN	Nom.Plur		asurā	asurāḥ	2688	___ nāgāḥ taḍitaḥ suparṇakā vahnayo 'nilāḥ stanitāḥ	asurā nāgāḥ taḍitaḥ suparṇakā vahnayo 'nilāḥ stanitāḥ	asurān|asuraḥ|asuraiḥ	3	mcq
611	590370	9744	5	1	61054	asura	NOUN	Nom.Plur		asurā	asurāḥ	2688	___ diti danujāḥ pātālaukas surārayaḥ	asurā diti danujāḥ pātālaukas surārayaḥ	asurān|asuraḥ|asuraiḥ	3	mcq
845	506064	7429	7	2	80283	lakṣaṇa	NOUN	Gen.Plur		lakṣaṇānām	lakṣaṇānām	2688	mādhava ___ kramaṃ vihāya āśu vibodhana artham	mādhava lakṣaṇānām kramaṃ vihāya āśu vibodhana artham	lakṣaṇam|lakṣaṇaḥ|lakṣaṇaiḥ	3	mcq
3929	650234_1	10863	6	2	61054	asura	NOUN	Nom.Plur		asurāḥ	asurāḥ	2688	deva ___ vai eṣu lokeṣu samayatanta	deva asurāḥ vai eṣu lokeṣu samayatanta	asurān|asuraḥ|asuraiḥ	3	mcq
9819	67897	292	7	6	80283	lakṣaṇa	NOUN	Nom.Sing		lakṣaṇaḥ	lakṣaṇaḥ	2688	mūla kanda ullāsita kuṇḍalinī saṃcāra ___ mokṣaḥ	mūla kanda ullāsita kuṇḍalinī saṃcāra lakṣaṇaḥ mokṣaḥ	lakṣaṇam|lakṣaṇaiḥ|lakṣaṇāḥ	3	mcq
1456	483855	7670	8	3	108715	hari	NOUN	Nom.Sing		hariḥ	hariḥ	2679	brahma ādikān ___ prāha sandhiṃ kurvantu ca asuraiḥ	brahma ādikān hariḥ prāha sandhiṃ kurvantu ca asuraiḥ	hareḥ|harim|harayaḥ	3	mcq
1464	483863	7670	6	4	108715	hari	NOUN	Ins.Sing		hariṇā	hariṇā	2679	phaṇi niḥśvāsa saṃtaptāḥ ___ āpyāyitāḥ surāḥ	phaṇi niḥśvāsa saṃtaptāḥ hariṇā āpyāyitāḥ surāḥ	hariḥ|hareḥ|harim	3	mcq
1478	483877	7670	8	4	108715	hari	NOUN	Nom.Sing		hariḥ	hariḥ	2679	tathā iti uktvā ___ tebhyaḥ gṛhītvā apāyayat surān	tathā iti uktvā hariḥ tebhyaḥ gṛhītvā apāyayat surān	hareḥ|harim|harayaḥ	3	mcq
19076	634912_2	10570	4	2	93767	pāpa	NOUN	Acc.Sing		pāpam	pāpam	2677	na ___ upa jānate	na pāpam upa jānate	pāpaiḥ|pāpāt|pāpebhyaḥ	3	mcq
22758	638418	11429	6	4	93767	pāpa	NOUN	Abl.Sing		pāpād	pāpāt	2677	ayaṃ tvā sarvasmāt ___ varaṇo vārayiṣyate	ayaṃ tvā sarvasmāt pāpād varaṇo vārayiṣyate	pāpam|pāpaiḥ|pāpebhyaḥ	3	mcq
35108	555786	8752	9	4	93767	pāpa	NOUN	Ins.Dual		pāpābhyām	pāpābhyām	2677	tad jñasya puṇya ___ sparśo hy antar na jāyate	tad jñasya puṇya pāpābhyām sparśo hy antar na jāyate	pāpam|pāpaiḥ|pāpāt	3	mcq
11840	465891	11800	6	1	157293	bhuj	VERB	Pres.Opt.3.Sing.NonPass		bhuñjīta	bhuñjīta	2676	___ striyam anyeṣāṃ yathā saṃbhāṣitam naraḥ	bhuñjīta striyam anyeṣāṃ yathā saṃbhāṣitam naraḥ	bhuṅkte|bhuṅkṣva|bhuñjate	3	mcq
39131	30332	1180	11	8	157293	bhuj	VERB	Pres.Ind.3.Sing.NonPass		bhuṅkte	bhuṅkte	2676	tiktaṃ kaṣāyaṃ kaṭuka uṣṇa rūkṣam alpaṃ sa ___ balavāṃs tathā api	tiktaṃ kaṣāyaṃ kaṭuka uṣṇa rūkṣam alpaṃ sa bhuṅkte balavāṃs tathā api	bhuñjīta|bhuṅkṣva|bhuñjate	3	mcq
43345	34546	4254	6	2	157293	bhuj	VERB	Pres.Opt.3.Sing.NonPass		bhuñjīta	bhuñjīta	2676	snāto ___ payasā jāṅgalena rasena vā	snāto bhuñjīta payasā jāṅgalena rasena vā	bhuṅkte|bhuṅkṣva|bhuñjate	3	mcq
310	590068	9744	6	1	121714	svarga	NOUN	Nom.Sing		svargaḥ	svargaḥ	2663	___ triviṣṭapam _ taviṣa tāviṣau nākaḥ	svargaḥ triviṣṭapam _ taviṣa tāviṣau nākaḥ	svargam|svarge|svargasya	3	mcq
1509	483908	7672	7	2	121714	svarga	NOUN	Abl.Sing		svargāt	svargāt	2663	jitāḥ ___ paribhraṣṭāḥ hariṃ vai śaraṇaṃ gatāḥ	jitāḥ svargāt paribhraṣṭāḥ hariṃ vai śaraṇaṃ gatāḥ	svargam|svarge|svargaḥ	3	mcq
2040	484439	7686	7	1	121714	svarga	NOUN	Acc.Sing		svargaṃ	svargam	2663	___ gate śāntanau ca bhīṣmo bhāryā vivarjitaḥ	svargaṃ gate śāntanau ca bhīṣmo bhāryā vivarjitaḥ	svarge|svargaḥ|svargasya	3	mcq
2533	484977	7281	7	3	157929	bandh	VERB	Pres.Opt.2.Sing.NonPass		badhnīyāḥ	badhnīyāḥ	2654	tūrṇam āsādya ___ dṛḍhām kakṣāṃ ca dakṣiṇām	tūrṇam āsādya badhnīyāḥ dṛḍhām kakṣāṃ ca dakṣiṇām	badhnāti|badhyate|badhnīyāt	3	mcq
9546	76704	491	7	1	157929	bandh	VERB	Pres.Ind.3.Plur.NonPass		badhnanti	badhnanti	2654	___ tat sārasanam adhika aṅgaḥ 'tha śīrṣakam	badhnanti tat sārasanam adhika aṅgaḥ 'tha śīrṣakam	badhnāti|badhyate|badhnīyāt	3	mcq
13856	646804	13076	10	3	157929	bandh	VERB	Pres.Ind.1.Sing.NonPass		badhnāmi	badhnāmi	2654	tat te ___ śata śāradāya āyuṣmān jarat aṣṭiḥ yathā asaḥ	tat te badhnāmi śata śāradāya āyuṣmān jarat aṣṭiḥ yathā asaḥ	badhnāti|badhyate|badhnīyāt	3	mcq
250	590008	9741	11	3	89764	deha	NOUN	Nom.Sing		deho	dehaḥ	2630	teṣāṃ ca ___ adbhuta rūpa gandhaḥ nirāmayaḥ sveda mala ujjhitaḥ ca	teṣāṃ ca deho adbhuta rūpa gandhaḥ nirāmayaḥ sveda mala ujjhitaḥ ca	deham|dehe|dehasya	3	mcq
34989	555667	8734	7	2	89764	deha	NOUN	Acc.Sing		dehaṃ	deham	2630	yadi ___ pṛthak kṛtya citi viśrāmya tiṣṭhasi	yadi dehaṃ pṛthak kṛtya citi viśrāmya tiṣṭhasi	dehe|dehaḥ|dehasya	3	mcq
35066	555744	8740	12	3	89764	deha	NOUN	Nom.Sing		deho	dehaḥ	2630	na aham ___ na me deho jīvo na aham ahaṃ hi cit	na aham deho na me deho jīvo na aham ahaṃ hi cit	deham|dehe|dehasya	3	mcq
8188	75346	488	7	1	110756	hetu	NOUN	Nom.Sing		hetur	hetuḥ	2628	___ nā kāraṇaṃ bījaṃ nidānaṃ tv ādikāraṇam	hetur nā kāraṇaṃ bījaṃ nidānaṃ tv ādikāraṇam	hetoḥ|hetavaḥ|hetum	3	mcq
10213	464239	7306	6	2	110756	hetu	NOUN	Abl.Sing		hetoḥ	hetoḥ	2628	śauca ___ amātyānām etat kauṭilya darśanam	śauca hetoḥ amātyānām etat kauṭilya darśanam	hetuḥ|hetavaḥ|hetum	3	mcq
10273	464299	7313	6	6	110756	hetu	NOUN	Ins.Plur		hetubhiḥ	hetubhiḥ	2628	akṛtyān kṛtya pakṣīyaiḥ darśitān kārya ___	akṛtyān kṛtya pakṣīyaiḥ darśitān kārya hetubhiḥ	hetuḥ|hetoḥ|hetavaḥ	3	mcq
9574	76732	491	7	2	66051	raṇa	NOUN	Loc.Sing		raṇe	raṇe	2620	sāṃyugīno ___ sādhuḥ śastra jīva ādayaḥ triṣu	sāṃyugīno raṇe sādhuḥ śastra jīva ādayaḥ triṣu	raṇam|raṇāt|raṇāya	3	mcq
9612	76770	491	7	5	66051	raṇa	NOUN	Loc.Sing		raṇe	raṇe	2620	ahitān praty a bhītasya ___ yānam abhikramaḥ	ahitān praty a bhītasya raṇe yānam abhikramaḥ	raṇam|raṇāt|raṇāya	3	mcq
76221	575462	9767	6	1	66051	raṇa	NOUN	Loc.Sing		raṇe	raṇe	2620	___ dhṛṣṭa prabhāvasya śūrasya bala śālinaḥ	raṇe dhṛṣṭa prabhāvasya śūrasya bala śālinaḥ	raṇam|raṇāt|raṇāya	3	mcq
9517	76675	491	8	1	130098	gati	NOUN	Nom.Plur		gatayo	gatayaḥ	2607	___ 'mūḥ pañca dhārā ghoṇā tu protham astryām	gatayo 'mūḥ pañca dhārā ghoṇā tu protham astryām	gatiḥ|gatim|gatyā	3	mcq
10883	464910	7290	7	3	130098	gati	NOUN	Nom.Sing		gatir	gatiḥ	2607	api śakyā ___ jñātuṃ patatāṃ khe patatriṇām	api śakyā gatir jñātuṃ patatāṃ khe patatriṇām	gatim|gatayaḥ|gatyā	3	mcq
11692	465743	11763	9	2	130098	gati	NOUN	Acc.Sing		gatim	gatim	2607	tad ___ sa caret paścāt sva janāt vā pramucyate	tad gatim sa caret paścāt sva janāt vā pramucyate	gatiḥ|gatayaḥ|gatyā	3	mcq
1131	506350	7430	7	1	157973	mṛ	VERB	Pres.Ind.3.Sing.Pass		mriyate	mriyate	2601	___ na asti sandehaḥ sarva rogeṣu yojayet	mriyate na asti sandehaḥ sarva rogeṣu yojayet	mamāra|mriyante|mriyeta	3	mcq
1686	484085	7676	8	1	157973	mṛ	VERB	Fut.Ind.1.Sing.NonPass		mariṣyāmi	mariṣyāmi	2601	___ vinā sā aham khara jīvāmi vai tadā	mariṣyāmi vinā sā aham khara jīvāmi vai tadā	mriyate|mamāra|mriyante	3	mcq
7722	653026	12325	9	3	157973	mṛ	VERB	Pres.Ind.3.Sing.Pass		mriyate	mriyate	2601	yadā vai ___ atha antardhīyate atha enām na nirjānanti	yadā vai mriyate atha antardhīyate atha enām na nirjānanti	mamāra|mriyante|mriyeta	3	mcq
26989	642332	10961	12	5	146419	darśana	NOUN	Nom.Sing		darśanaḥ	darśanaḥ	2600	api tv ayam apūrva ___ sattvaḥ asya anubhāvena asmākam kāraṇā viśeṣāḥ pratiprasrabhyante	api tv ayam apūrva darśanaḥ sattvaḥ asya anubhāvena asmākam kāraṇā viśeṣāḥ pratiprasrabhyante	darśanāt|darśanam|darśane	3	mcq
27045	642388	10971	8	2	146419	darśana	NOUN	Abl.Sing		darśanāt	darśanāt	2600	saha ___ ca ārāmikeṇa tat padmaṃ bhagavati kṣiptam	saha darśanāt ca ārāmikeṇa tat padmaṃ bhagavati kṣiptam	darśanam|darśane|darśanaḥ	3	mcq
28026	643369	11067	10	2	146419	darśana	NOUN	Abl.Sing		darśanāt	darśanāt	2600	saha ___ ca labdha prasādā bhavati sauvarṇa cakram kṣeptum ārabdhaḥ	saha darśanāt ca labdha prasādā bhavati sauvarṇa cakram kṣeptum ārabdhaḥ	darśanam|darśane|darśanaḥ	3	mcq
1744	484143	7678	7	1	133175	māsa	NOUN	Abl.Sing		māsād	māsāt	2583	___ ūrdhvaṃ ca vinyastā apaśyantaḥ tu jānakīm	māsād ūrdhvaṃ ca vinyastā apaśyantaḥ tu jānakīm	māsam|māsāḥ|māsān	3	mcq
3838	650191_1	10859	4	3	133175	māsa	NOUN	Abl.Sing		māsāt	māsāt	2583	tam trayodaśāt ___ akrīṇan	tam trayodaśāt māsāt akrīṇan	māsam|māsāḥ|māsān	3	mcq
3839	650191_2	10859	5	3	133175	māsa	NOUN	Nom.Sing		māsaḥ	māsaḥ	2583	tasmāt trayodaśaḥ ___ na anuvidyate	tasmāt trayodaśaḥ māsaḥ na anuvidyate	māsam|māsāḥ|māsān	3	mcq
1215	555590	8248	7	1	14116	kāraṇa	NOUN	Abl.Sing		kāraṇāt	kāraṇāt	2569	___ saṃbhavo dṛṣṭo yathā svapne tathā itaraḥ	kāraṇāt saṃbhavo dṛṣṭo yathā svapne tathā itaraḥ	kāraṇam|kāraṇaiḥ|kāraṇena	3	mcq
10527	464553	7331	9	9	14116	kāraṇa	NOUN	Abl.Sing		kāraṇāt	kāraṇāt	2569	māyā yoga vidām ca eva na svayaṃ kopa ___	māyā yoga vidām ca eva na svayaṃ kopa kāraṇāt	kāraṇam|kāraṇaiḥ|kāraṇena	3	mcq
11671	465722	11763	12	3	14116	kāraṇa	NOUN	Ins.Sing		kāraṇena	kāraṇena	2569	ato 'nyatamena ___ hataṃ hatvā vā daṇḍa bhayāt udbaddha nikṛtta kaṇṭham vidyāt	ato 'nyatamena kāraṇena hataṃ hatvā vā daṇḍa bhayāt udbaddha nikṛtta kaṇṭham vidyāt	kāraṇam|kāraṇāt|kāraṇaiḥ	3	mcq
25096	640746	12266	12	3	82616	tīrtha	NOUN	Acc.Sing		tīrthaṃ	tīrtham	2552	su gam ___ su prapāṇam śubhas patī sthāṇuṃ pathiṣṭhām apa durmatiṃ hatam	su gam tīrthaṃ su prapāṇam śubhas patī sthāṇuṃ pathiṣṭhām apa durmatiṃ hatam	tīrthe|tīrtheṣu|tīrthāni	3	mcq
26159	641732	12422	11	1	82616	tīrtha	NOUN	Ins.Plur		tīrthais	tīrthaiḥ	2552	___ taranti pravato mahīr iti yajña kṛtaḥ su kṛtaḥ yena yanti	tīrthais taranti pravato mahīr iti yajña kṛtaḥ su kṛtaḥ yena yanti	tīrthe|tīrtham|tīrtheṣu	3	mcq
52477	519436	15279	4	2	82616	tīrtha	NOUN	Acc.Sing		tīrtham	tīrtham	2552	anu ___ apa utsiñcati	anu tīrtham apa utsiñcati	tīrthe|tīrtheṣu|tīrthāni	3	mcq
4381	650450_1	10928	7	2	116305	śakti	NOUN	Nom.Sing		śaktiḥ	śaktiḥ	2551	bhadrā ___ yajamānāya sunvate iti āśiṣam āśāste	bhadrā śaktiḥ yajamānāya sunvate iti āśiṣam āśāste	śaktim|śaktyā|śaktayaḥ	3	mcq
9624	76782	491	8	1	116305	śakti	NOUN	Nom.Sing		śaktiḥ	śaktiḥ	2551	___ parākramaḥ prāṇo vikramaḥ tu ati śakti tā	śaktiḥ parākramaḥ prāṇo vikramaḥ tu ati śakti tā	śaktim|śaktyā|śaktayaḥ	3	mcq
9808	67886	292	7	3	116305	śakti	NOUN	Nom.Sing		śaktiḥ	śaktiḥ	2551	nirañjana āśritā ___ sūkṣma śaktyā tayā āśritam	nirañjana āśritā śaktiḥ sūkṣma śaktyā tayā āśritam	śaktim|śaktyā|śaktayaḥ	3	mcq
194	589952	9741	7	1	39019	ṛṣabha	NOUN	Nom.Sing		ṛṣabho	ṛṣabhaḥ	2550	___ vṛṣabhaḥ śreyāḥ śreyāṃsaḥ syāt anantajit anantaḥ	ṛṣabho vṛṣabhaḥ śreyāḥ śreyāṃsaḥ syāt anantajit anantaḥ	ṛṣabhaiḥ|ṛṣabham|ṛṣabhāḥ	3	mcq
3288	749207_1	15190	4	2	39019	ṛṣabha	NOUN	Nom.Sing		ṛṣabhaḥ	ṛṣabhaḥ	2550	vaiśvakarmaṇaḥ ___ upālambhanīyaḥ upāṃśu	vaiśvakarmaṇaḥ ṛṣabhaḥ upālambhanīyaḥ upāṃśu	ṛṣabhaiḥ|ṛṣabham|ṛṣabhāḥ	3	mcq
5874	651601	11741	10	2	39019	ṛṣabha	NOUN	Acc.Sing		ṛṣabhaṃ	ṛṣabham	2550	vaiśvakarmaṇam ___ savanīyasya upālambhyam ālabheran dvirūpam ubhayata etam mahāvratīye 'hani	vaiśvakarmaṇam ṛṣabhaṃ savanīyasya upālambhyam ālabheran dvirūpam ubhayata etam mahāvratīye 'hani	ṛṣabhaiḥ|ṛṣabhaḥ|ṛṣabhāḥ	3	mcq
35620	26624	276	8	8	1984	kapha	NOUN	Nom.Sing		kaphaḥ	kaphaḥ	2534	snigdhaḥ śīto gurur mandaḥ ślakṣṇo mṛtsnaḥ sthiraḥ ___	snigdhaḥ śīto gurur mandaḥ ślakṣṇo mṛtsnaḥ sthiraḥ kaphaḥ	kaphe|kapham|kaphāt	3	mcq
36182	27187	310	8	7	1984	kapha	NOUN	Acc.Plur		kaphān	kaphān	2534	vṛṣyaḥ sthairya karaḥ mūtra medaḥ pitta ___ jayet	vṛṣyaḥ sthairya karaḥ mūtra medaḥ pitta kaphān jayet	kaphe|kapham|kaphāt	3	mcq
36617	27623	1152	9	3	1984	kapha	NOUN	Nom.Plur		kaphāḥ	kaphāḥ	2534	bahu medas ___ svapyuḥ sneha nityāḥ ca na ahani	bahu medas kaphāḥ svapyuḥ sneha nityāḥ ca na ahani	kaphe|kapham|kaphāt	3	mcq
9332	76490	491	8	3	91589	dhana	NOUN	Ins.Plur		dhanaiḥ	dhanaiḥ	2524	āgnīdhra ādyāḥ ___ vāryāḥ ṛtvijo yājakāḥ ca te	āgnīdhra ādyāḥ dhanaiḥ vāryāḥ ṛtvijo yājakāḥ ca te	dhanam|dhanena|dhanāni	3	mcq
12821	687647	14401	5	4	91589	dhana	NOUN	Acc.Sing		dhanam	dhanam	2524	a datta pūrva ___ dadyāt	a datta pūrva dhanam dadyāt	dhanena|dhanaiḥ|dhanāni	3	mcq
14344	647258	11311	9	2	91589	dhana	NOUN	Acc.Sing		dhanam	dhanam	2524	saṃsṛṣṭaṃ ___ ubhayaṃ samākṛtam asmabhyaṃ dattaṃ varuṇaś ca manyo	saṃsṛṣṭaṃ dhanam ubhayaṃ samākṛtam asmabhyaṃ dattaṃ varuṇaś ca manyo	dhanena|dhanaiḥ|dhanāni	3	mcq
699	590458	9744	6	1	102857	sthāna	NOUN	Nom.Sing		sthānaṃ	sthānam	2504	___ nāṭyasya raṅgaḥ syāt pūrvaraṅgaḥ upakramaḥ	sthānaṃ nāṭyasya raṅgaḥ syāt pūrvaraṅgaḥ upakramaḥ	sthāne|sthānāt|sthāneṣu	3	mcq
1428	483827	7669	8	1	102857	sthāna	NOUN	Acc.Sing		sthānam	sthānam	2504	___ etat vacaḥ śrutvā rājā atha udañcane 'kṣipat	sthānam etat vacaḥ śrutvā rājā atha udañcane 'kṣipat	sthāne|sthānāt|sthāneṣu	3	mcq
2160	484559	7688	6	4	102857	sthāna	NOUN	Acc.Sing		sthānam	sthānam	2504	vinā taṃ dvārakā ___ plāvayāmāsa sāgaraḥ	vinā taṃ dvārakā sthānam plāvayāmāsa sāgaraḥ	sthāne|sthānāt|sthāneṣu	3	mcq
1677	484076	7676	6	2	26394	bhrātṛ	NOUN	Acc.Sing		bhrātaram	bhrātaram	2498	agastya ___ natvā agastyaṃ tad prasādāt	agastya bhrātaram natvā agastyaṃ tad prasādāt	bhrātā|bhrātṛbhiḥ|bhrātuḥ	3	mcq
1748	484147	7678	9	1	26394	bhrātṛ	NOUN	Nom.Sing		bhrātā	bhrātā	2498	___ asau me jaṭāyūḥ vai mayā uḍḍīnaḥ arka maṇḍalam	bhrātā asau me jaṭāyūḥ vai mayā uḍḍīnaḥ arka maṇḍalam	bhrātṛbhiḥ|bhrātaram|bhrātuḥ	3	mcq
1810	484209	7680	5	3	26394	bhrātṛ	NOUN	Ins.Sing		bhrātrā	bhrātrā	2498	gataḥ tiraskṛtaḥ ___ rāvaṇena durātmanā	gataḥ tiraskṛtaḥ bhrātrā rāvaṇena durātmanā	bhrātā|bhrātṛbhiḥ|bhrātaram	3	mcq
13572	646559	13067	12	3	157267	vṛt	VERB	Pres.Imp.2.Plur.NonPass		vartadhvam	vartadhvam	2479	upa ā ___ upa na eta sarve ayaṃ cettā adhipatiḥ vo astu	upa ā vartadhvam upa na eta sarve ayaṃ cettā adhipatiḥ vo astu	vartate|vartante|avartata	3	mcq
16690	649491	17515	8	2	157267	vṛt	VERB	Pres.Imp.2.Plur.NonPass		vartadhvaṃ	vartadhvam	2479	ni ___ mā anu gāta asmān siṣakta revatīḥ	ni vartadhvaṃ mā anu gāta asmān siṣakta revatīḥ	vartate|vartante|avartata	3	mcq
16715	649516	17517	11	3	157267	vṛt	VERB	Pres.Ind.3.Plur.NonPass		vartante	vartante	2479	ā ca ___ sadanād ṛtasya āt id ghṛtena pṛthivī vy udyate	ā ca vartante sadanād ṛtasya āt id ghṛtena pṛthivī vy udyate	vartate|avartata|varteta	3	mcq
790	590549	9744	8	1	92862	pātra	NOUN	Nom.Plur		pātrāṇi	pātrāṇi	2478	___ nāṭye adhikṛtāḥ tad tad veṣaḥ tu bhūmikā	pātrāṇi nāṭye adhikṛtāḥ tad tad veṣaḥ tu bhūmikā	pātre|pātram|pātreṇa	3	mcq
937	506156	7429	9	1	92862	pātra	NOUN	Loc.Sing		pātre	pātre	2478	___ 'nukte ca mṛd pātram snehe 'nukte tila udbhavam	pātre 'nukte ca mṛd pātram snehe 'nukte tila udbhavam	pātram|pātrāṇi|pātreṇa	3	mcq
1000	506219	7429	7	2	92862	pātra	NOUN	Loc.Sing		pātre	pātre	2478	mṛd ___ manthayet samyak mantha ity abhidhīyate	mṛd pātre manthayet samyak mantha ity abhidhīyate	pātram|pātrāṇi|pātreṇa	3	mcq
1832	484231	7681	7	1	69938	rākṣasa	NOUN	Nom.Plur		rākṣasā	rākṣasāḥ	2468	___ vānarān jaghnuḥ śara śakti gada ādibhiḥ	rākṣasā vānarān jaghnuḥ śara śakti gada ādibhiḥ	rākṣasaḥ|rākṣasam|rākṣasān	3	mcq
1855	484254	7681	7	5	69938	rākṣasa	NOUN	Nom.Plur		rākṣasā	rākṣasāḥ	2468	yudhyamānāḥ tayā hy anye ___ bhuvi pātitāḥ	yudhyamānāḥ tayā hy anye rākṣasā bhuvi pātitāḥ	rākṣasaḥ|rākṣasam|rākṣasān	3	mcq
8018	75176	488	6	1	69938	rākṣasa	NOUN	Nom.Sing		rākṣasaḥ	rākṣasaḥ	2468	___ koṇapaḥ kravyāt kravyādo 'srapa āśaraḥ	rākṣasaḥ koṇapaḥ kravyāt kravyādo 'srapa āśaraḥ	rākṣasāḥ|rākṣasam|rākṣasān	3	mcq
2579	485023	7300	5	1	156198	kṣip	VERB	Pres.Opt.3.Sing.NonPass		kṣipet	kṣipet	2461	___ tūrṇaṃ puruṣe carma veṣṭite	kṣipet tūrṇaṃ puruṣe carma veṣṭite	cikṣepa|kṣipati|cikṣipuḥ	3	mcq
10720	464747	7285	8	1	156198	kṣip	VERB	Pres.Opt.3.Sing.NonPass		kṣipet	kṣipet	2461	___ janapade ca etān sarvān vā dāpayet karān	kṣipet janapade ca etān sarvān vā dāpayet karān	cikṣepa|kṣipati|cikṣipuḥ	3	mcq
26170	641743	12422	6	6	156198	kṣip	VERB	Past.Jus.3.Plur.NonPass		cikṣipan	cikṣipan	2461	śṛtaṃ kṛṇvanta iha mā ava ___	śṛtaṃ kṛṇvanta iha mā ava cikṣipan	kṣipet|cikṣepa|kṣipati	3	mcq
35285	555963	8840	8	1	158636	tyaj	VERB	Pres.Imp.2.Sing.NonPass		tyaja	tyaja	2417	___ eva dhyānaṃ sarvatra mā kiṃcid hṛdi dhāraya	tyaja eva dhyānaṃ sarvatra mā kiṃcid hṛdi dhāraya	tyajet|tyajati|tyajanti	3	mcq
35664	26668	276	8	1	158636	tyaj	VERB	Pres.Opt.3.Sing.NonPass		tyajed	tyajet	2417	___ ārtaṃ bhiṣak bhūpaiḥ dviṣṭaṃ teṣāṃ dviṣaṃ dviṣam	tyajed ārtaṃ bhiṣak bhūpaiḥ dviṣṭaṃ teṣāṃ dviṣaṃ dviṣam	tyaja|tyajati|tyajanti	3	mcq
35716	26720	277	8	8	158636	tyaj	VERB	Pres.Opt.3.Sing.NonPass		tyajet	tyajet	2417	vātapitta āmayī bālo vṛddho 'jīrṇaś ca taṃ ___	vātapitta āmayī bālo vṛddho 'jīrṇaś ca taṃ tyajet	tyaja|tyajati|tyajanti	3	mcq
35790	26794	277	8	3	147072	dina	NOUN	Acc.Sing		dinam	dinam	2417	evaṃ kṛtsna ___ nītvā rātrau yāme gṛhe gate	evaṃ kṛtsna dinam nītvā rātrau yāme gṛhe gate	dine|dināni|dinaiḥ	3	mcq
38835	30033	3942	8	3	147072	dina	NOUN	Acc.Plur		dināni	dināni	2417	māsa tulya ___ evam peyā ādiḥ patite kramaḥ	māsa tulya dināni evam peyā ādiḥ patite kramaḥ	dinam|dine|dinaiḥ	3	mcq
45023	36225	4537	7	1	147072	dina	NOUN	Acc.Sing		dinam	dinam	2417	___ āruṣkaraṃ tailaṃ pāne vastau ca yojayet	dinam āruṣkaraṃ tailaṃ pāne vastau ca yojayet	dine|dināni|dinaiḥ	3	mcq
141	479412	7034	6	2	90455	dravya	NOUN	Nom.Sing		dravyaḥ	dravyaḥ	2410	nava ___ daśa dravyaḥ apara indriyaḥ	nava dravyaḥ daśa dravyaḥ apara indriyaḥ	dravyam|dravyāṇām|dravyaiḥ	3	mcq
894	506113	7429	9	5	90455	dravya	NOUN	Nom.Sing		dravyaṃ	dravyam	2410	śuṣkaṃ navīnaṃ sakaleṣu yojyam ___ tathā ārdram dviguṇaṃ prayojyam	śuṣkaṃ navīnaṃ sakaleṣu yojyam dravyaṃ tathā ārdram dviguṇaṃ prayojyam	dravyāṇām|dravyaiḥ|dravyāṇi	3	mcq
897	506116	7429	8	4	90455	dravya	NOUN	Gen.Plur		dravyāṇām	dravyāṇām	2410	drava ārdra śuṣka ___ tāvat mānam samaṃ matam	drava ārdra śuṣka dravyāṇām tāvat mānam samaṃ matam	dravyam|dravyaiḥ|dravyāṇi	3	mcq
46071	37273	4574	7	1	158830	śudh	VERB	Pres.Ind.3.Sing.Pass		śudhyate	śudhyate	2410	___ vāc havis līḍhaiḥ sa kuṣṭha kaṇajīrakaiḥ	śudhyate vāc havis līḍhaiḥ sa kuṣṭha kaṇajīrakaiḥ	śudhyati|śudhyanti|śundhasva	3	mcq
48552	39755	4921	8	3	158830	śudh	VERB	Pres.Ind.3.Plur.NonPass		śudhyanti	śudhyanti	2410	śodhyamānā na ___ śodhyāḥ syuḥ te agni karmaṇā	śodhyamānā na śudhyanti śodhyāḥ syuḥ te agni karmaṇā	śudhyati|śudhyate|śundhasva	3	mcq
52025	518984	14806	8	2	158830	śudh	VERB	Pres.Ind.3.Sing.Pass		śudhyate	śudhyate	2410	caturbhiḥ ___ bhūmir gobhir ākramaṇāt khananād dahanād abhivarṣaṇāt	caturbhiḥ śudhyate bhūmir gobhir ākramaṇāt khananād dahanād abhivarṣaṇāt	śudhyati|śudhyanti|śundhasva	3	mcq
1284	18129	57	6	2	66168	ratna	NOUN	Nom.Plur		ratnāni	ratnāni	2396	pañca ___ mukhyāni ca uparatna catuṣṭayam	pañca ratnāni mukhyāni ca uparatna catuṣṭayam	ratnam|ratnaiḥ|ratnānām	3	mcq
1296	18141	57	7	1	66168	ratna	NOUN	Gen.Plur		ratnānām	ratnānām	2396	___ uttamaṃ vajraṃ yo bibharti nara uttamaḥ	ratnānām uttamaṃ vajraṃ yo bibharti nara uttamaḥ	ratnāni|ratnam|ratnaiḥ	3	mcq
1341	18187	57	7	2	66168	ratna	NOUN	Loc.Plur		ratneṣu	ratneṣu	2396	sarva ___ amī pañca doṣāḥ sādhāraṇā matāḥ	sarva ratneṣu amī pañca doṣāḥ sādhāraṇā matāḥ	ratnāni|ratnam|ratnaiḥ	3	mcq
348	590106	9744	7	2	17	aṃśa	NOUN	Nom.Sing		'ṃśaḥ	aṃśaḥ	2388	ṣoḍaśo ___ kalā cihnaṃ lakṣaṇaṃ lakṣma lāñchanam	ṣoḍaśo 'ṃśaḥ kalā cihnaṃ lakṣaṇaṃ lakṣma lāñchanam	aṃśena|aṃśam|aṃśāt	3	mcq
1118	506337	7430	9	3	17	aṃśa	NOUN	Ins.Sing		aṃśena	aṃśena	2388	pratidoṣaṃ kalā ___ tad tad cūrṇam sa ca anyakam	pratidoṣaṃ kalā aṃśena tad tad cūrṇam sa ca anyakam	aṃśam|aṃśaḥ|aṃśāt	3	mcq
2094	484493	7687	8	1	94226	pārtha	NOUN	Acc.Sing		pārthaṃ	pārtham	2388	___ hy uvāca bhagavān na śocyāḥ bhīṣma mukhyakāḥ	pārthaṃ hy uvāca bhagavān na śocyāḥ bhīṣma mukhyakāḥ	pārthaḥ|pārthaiḥ|pārthena	3	mcq
2508	484952	7280	7	2	17	aṃśa	NOUN	Nom.Sing		aṃśaḥ	aṃśaḥ	2388	srasta ___ niścala grīvaḥ mayūra āñcita mastakaḥ	srasta aṃśaḥ niścala grīvaḥ mayūra āñcita mastakaḥ	aṃśena|aṃśam|aṃśāt	3	mcq
37356	28371	1245	11	11	94226	pārtha	NOUN	Nom.Plur		pārthāḥ	pārthāḥ	2388	vṛkṣādanī nala kuśa dvaya guṇṭha gundrā bhallūka moraṭa kuraṇṭa karambha ___	vṛkṣādanī nala kuśa dvaya guṇṭha gundrā bhallūka moraṭa kuraṇṭa karambha pārthāḥ	pārthaḥ|pārthaiḥ|pārtham	3	mcq
50705	43451	114	6	1	94226	pārtha	NOUN	Nom.Sing		pārtho	pārthaḥ	2388	___ 'rjunaḥ śvetavāhaḥ kakubhaḥ phālguna āhvayaḥ	pārtho 'rjunaḥ śvetavāhaḥ kakubhaḥ phālguna āhvayaḥ	pārthaiḥ|pārtham|pārthena	3	mcq
702	590461	9744	6	1	67891	vacas	NOUN	Ins.Sing		vacasā	vacasā	2384	___ vāciko aṅgena āṅgikaḥ sattvena sāttvikaḥ	vacasā vāciko aṅgena āṅgikaḥ sattvena sāttvikaḥ	vacaḥ|vacobhiḥ|vacāṃsi	3	mcq
4789	650653	11091	7	1	67891	vacas	NOUN	Nom.Sing		vaco	vacaḥ	2384	___ deva psarastamam havyā ājuhvānaḥ āsani iti	vaco deva psarastamam havyā ājuhvānaḥ āsani iti	vacasā|vacobhiḥ|vacāṃsi	3	mcq
6164	651889	11856	11	5	67891	vacas	NOUN	Nom.Sing		vacāḥ	vacāḥ	2384	idam itthā raudraṃ gūrta ___ ye yajñena dakṣiṇayā samaktā iti vaiśvadevam	idam itthā raudraṃ gūrta vacāḥ ye yajñena dakṣiṇayā samaktā iti vaiśvadevam	vacaḥ|vacasā|vacobhiḥ	3	mcq
16741	649542	17519	6	3	156118	arh	VERB	Pres.Ind.3.Sing.NonPass		arhaty	arhati	2380	eṣā sahasram ___ eṣā vārayate viṣam	eṣā sahasram arhaty eṣā vārayate viṣam	arhasi|arhanti|arhatha	3	mcq
22672	638332_3	11427	4	4	156118	arh	VERB	Pres.Ind.3.Sing.NonPass		arhati	arhati	2380	na tvā nikartum ___	na tvā nikartum arhati	arhasi|arhanti|arhatha	3	mcq
27932	643275	11061	6	2	156118	arh	VERB	Pres.Ind.3.Sing.NonPass		arhati	arhati	2380	tad ___ devaś candanaṃ kumāram utsraṣṭum	tad arhati devaś candanaṃ kumāram utsraṣṭum	arhasi|arhanti|arhatha	3	mcq
128	479399	7034	8	2	137611	mṛtyu	NOUN	Loc.Sing		mṛtyau	mṛtyau	2376	krama ___ tu catvāri śubhe sarvatra pañca ca	krama mṛtyau tu catvāri śubhe sarvatra pañca ca	mṛtyuḥ|mṛtyum|mṛtyoḥ	3	mcq
505	590263	9744	9	2	137611	mṛtyu	NOUN	Nom.Dual		mṛtyū	mṛtyū	2376	kīnāśa ___ samavarti kālau śīrṇa aṅgi hari antaka dharmarājāḥ	kīnāśa mṛtyū samavarti kālau śīrṇa aṅgi hari antaka dharmarājāḥ	mṛtyuḥ|mṛtyum|mṛtyoḥ	3	mcq
2432	484831	7696	8	1	137611	mṛtyu	NOUN	Abl.Sing		mṛtyor	mṛtyoḥ	2376	___ vyādhi jarā śoka tṛṣṇā krodhāḥ ca jajñire	mṛtyor vyādhi jarā śoka tṛṣṇā krodhāḥ ca jajñire	mṛtyuḥ|mṛtyum|mṛtyave	3	mcq
592	590351	9744	8	1	145433	puṣpa	NOUN	Nom.Plur		puṣpāṇi	puṣpāṇi	2366	___ asya iṣu cāpa astrāṇi arī śambara śūrpakau	puṣpāṇi asya iṣu cāpa astrāṇi arī śambara śūrpakau	puṣpaiḥ|puṣpam|puṣpāṇām	3	mcq
8623	75781	491	7	1	145433	puṣpa	NOUN	Loc.Sing		puṣpe	puṣpe	2366	___ jātī prabhṛtayaḥ sva liṅgāḥ vrīhayaḥ phale	puṣpe jātī prabhṛtayaḥ sva liṅgāḥ vrīhayaḥ phale	puṣpaiḥ|puṣpam|puṣpāṇi	3	mcq
8735	75893	491	7	2	145433	puṣpa	NOUN	Nom.Sing		puṣpam	puṣpam	2366	oḍra ___ japā puṣpam vajrapuṣpaṃ tilasya yat	oḍra puṣpam japā puṣpam vajrapuṣpaṃ tilasya yat	puṣpaiḥ|puṣpāṇi|puṣpāṇām	3	mcq
1630	484029	7675	7	2	146095	dāna	NOUN	Acc.Plur		dānāni	dānāni	2363	dattvā ___ viprebhyo dīna anāthebhyaḥ eva saḥ	dattvā dānāni viprebhyo dīna anāthebhyaḥ eva saḥ	dānam|dānena|dānāt	3	mcq
1886	484285	7681	7	2	146095	dāna	NOUN	Acc.Plur		dānāni	dānāni	2363	sarva ___ sa dadau pālayāmāsa saḥ prajāḥ	sarva dānāni sa dadau pālayāmāsa saḥ prajāḥ	dānam|dānena|dānāt	3	mcq
9359	76517	491	8	2	146095	dāna	NOUN	Nom.Sing		dānam	dānam	2363	pitṛ ___ nivāpaḥ syāt śrāddham tad karma śāstrataḥ	pitṛ dānam nivāpaḥ syāt śrāddham tad karma śāstrataḥ	dānena|dānāt|dāne	3	mcq
1198	555573	8248	8	4	95944	tattva	NOUN	Ins.Sing		tattvena	tattvena	2361	an utpannāḥ ca ___ tasmād dharmās tvayā uditāḥ	an utpannāḥ ca tattvena tasmād dharmās tvayā uditāḥ	tattvam|tattvāt|tattve	3	mcq
1224	555599	8248	8	8	95944	tattva	NOUN	Abl.Sing		tattvataḥ	tattvāt	2361	utpannaṃ ca tathā viśvam an utpannam ca ___	utpannaṃ ca tathā viśvam an utpannam ca tattvataḥ	tattvam|tattvena|tattve	3	mcq
1245	555620	8248	8	2	95944	tattva	NOUN	Nom.Sing		tattvaṃ	tattvam	2361	tat ___ parama arthaḥ 'pi tathatā dravyam iṣyate	tat tattvaṃ parama arthaḥ 'pi tathatā dravyam iṣyate	tattvāt|tattvena|tattve	3	mcq
1670	484069	7675	8	1	70493	rājya	NOUN	Dat.Sing		rājyāya	rājyāya	2357	___ aham na yāsyāmi satyāt cīra jaṭā dharaḥ	rājyāya aham na yāsyāmi satyāt cīra jaṭā dharaḥ	rājyam|rājye|rājyāt	3	mcq
1912	484311	7683	8	1	70493	rājya	NOUN	Loc.Sing		rājye	rājye	2357	___ 'bhiṣicya brahmā aham asmi iti dhyāna tatparaḥ	rājye 'bhiṣicya brahmā aham asmi iti dhyāna tatparaḥ	rājyam|rājyāt|rājyena	3	mcq
1914	484313	7683	8	1	70493	rājya	NOUN	Acc.Sing		rājyaṃ	rājyam	2357	___ kṛtvā kratūn kṛtvā svargaṃ deva arcitaḥ yayau	rājyaṃ kṛtvā kratūn kṛtvā svargaṃ deva arcitaḥ yayau	rājye|rājyāt|rājyena	3	mcq
1230	555605	8248	8	3	164188	jagant	NOUN	Nom.Sing		jagat	jagant	2355	vastu śūnyam ___ sarvaṃ tvayā uktam kārakas tathā	vastu śūnyam jagat sarvaṃ tvayā uktam kārakas tathā	jagantaḥ|jagantām|jaganti	3	mcq
1258	555633	8248	7	3	164188	jagant	NOUN	Nom.Sing		jagat	jagant	2355	vastu śūnyam ___ sarvaṃ marīci pratimam matam	vastu śūnyam jagat sarvaṃ marīci pratimam matam	jagantaḥ|jagantām|jaganti	3	mcq
1260	555635	8248	9	3	164188	jagant	NOUN	Nom.Sing		jagat	jagant	2355	tadvat sarvaṃ ___ proktaṃ na ucchedi na ca śāśvatam	tadvat sarvaṃ jagat proktaṃ na ucchedi na ca śāśvatam	jagantaḥ|jagantām|jaganti	3	mcq
2099	484498	7687	6	1	50421	bhīṣma	NOUN	Nom.Sing		bhīṣmaḥ	bhīṣmaḥ	2347	___ senāpatiḥ abhūt ādau dauryodhane bale	bhīṣmaḥ senāpatiḥ abhūt ādau dauryodhane bale	bhīṣmam|bhīṣmasya|bhīṣmeṇa	3	mcq
2105	484504	7687	7	1	50421	bhīṣma	NOUN	Nom.Sing		bhīṣmo	bhīṣmaḥ	2347	___ 'straiḥ pāṇḍavaṃ sainyaṃ daśa ahobhiḥ nyapātayat	bhīṣmo 'straiḥ pāṇḍavaṃ sainyaṃ daśa ahobhiḥ nyapātayat	bhīṣmam|bhīṣmasya|bhīṣmeṇa	3	mcq
2109	484508	7687	8	1	50421	bhīṣma	NOUN	Nom.Sing		bhīṣmaḥ	bhīṣmaḥ	2347	___ svacchanda mṛtyuḥ ca yuddha mārgam pradarśya ca	bhīṣmaḥ svacchanda mṛtyuḥ ca yuddha mārgam pradarśya ca	bhīṣmam|bhīṣmasya|bhīṣmeṇa	3	mcq
15013	647886	16454	11	2	135495	kṣīra	NOUN	Acc.Sing		kṣīram	kṣīram	2347	stanyaṃ ___ aviṣaṃ vaḥ kṛṇomy asuṃ dhayanto 'pi yūtham ā ita	stanyaṃ kṣīram aviṣaṃ vaḥ kṛṇomy asuṃ dhayanto 'pi yūtham ā ita	kṣīreṇa|kṣīraiḥ|kṣīre	3	mcq
15935	648755	14607	9	1	135495	kṣīra	NOUN	Loc.Sing		kṣīre	kṣīre	2347	___ tvā māṃse yatamo dadambha akṛṣṭapacye aśane dhānye yaḥ	kṣīre tvā māṃse yatamo dadambha akṛṣṭapacye aśane dhānye yaḥ	kṣīram|kṣīreṇa|kṣīraiḥ	3	mcq
19587	635392	10753	8	1	135495	kṣīra	NOUN	Nom.Sing		kṣīraṃ	kṣīram	2347	___ yad asyāḥ pīyate tad vai pitṛṣu kilbiṣam	kṣīraṃ yad asyāḥ pīyate tad vai pitṛṣu kilbiṣam	kṣīreṇa|kṣīraiḥ|kṣīre	3	mcq
712	590471	9744	6	1	132712	śiva	NOUN	Gen.Sing		śivasya	śivasya	2343	___ vīṇā nālambī sarasvatyāḥ tu kacchapī	śivasya vīṇā nālambī sarasvatyāḥ tu kacchapī	śivaḥ|śivam|śivāya	3	mcq
1493	483892	7670	9	1	132712	śiva	NOUN	Acc.Sing		śivam	śivam	2343	___ āha harī rudra jitā māyā tvayā hi me	śivam āha harī rudra jitā māyā tvayā hi me	śivaḥ|śivāya|śivasya	3	mcq
2003	484402	7684	8	1	132712	śiva	NOUN	Ins.Sing		śivena	śivena	2343	___ krīḍatīṃ gaurīṃ dṛṣṭvā uṣā sa spṛhā patau	śivena krīḍatīṃ gaurīṃ dṛṣṭvā uṣā sa spṛhā patau	śivaḥ|śivam|śivāya	3	mcq
283	590041	9741	9	1	79830	roga	NOUN	Nom.Sing		rogo	rogaḥ	2335	___ dveṣaḥ ca no doṣāḥ teṣām aṣṭādaśa api amī	rogo dveṣaḥ ca no doṣāḥ teṣām aṣṭādaśa api amī	rogān|rogāḥ|rogam	3	mcq
16909	649712	17530	5	2	79830	roga	NOUN	Acc.Sing		rogam	rogam	2335	śīrṣa ___ aṅga rogam visalpakam	śīrṣa rogam aṅga rogam visalpakam	rogān|rogāḥ|rogaḥ	3	mcq
17579	633516_2	10452	4	3	79830	roga	NOUN	Acc.Sing		rogam	rogam	2335	tat u ___ anīnaśat	tat u rogam anīnaśat	rogān|rogāḥ|rogaḥ	3	mcq
81	479352	7024	7	1	161797	cakṣus	NOUN	Nom.Sing		cakṣuḥ	cakṣuḥ	2333	___ ca dharmadhātoḥ ca pradeśo dṛṣṭiḥ aṣṭadhā	cakṣuḥ ca dharmadhātoḥ ca pradeśo dṛṣṭiḥ aṣṭadhā	cakṣuṣā|cakṣuṣī|cakṣuṣaḥ	3	mcq
83	479354	7024	8	1	161797	cakṣus	NOUN	Nom.Sing		cakṣuḥ	cakṣuḥ	2333	___ paśyati rūpāṇi sa bhāgam na tad āśritam	cakṣuḥ paśyati rūpāṇi sa bhāgam na tad āśritam	cakṣuṣā|cakṣuṣī|cakṣuṣaḥ	3	mcq
85	479356	7024	6	3	161797	cakṣus	NOUN	Ins.Dual		cakṣurbhyāṃ	cakṣurbhyām	2333	ubhābhyām api ___ paśyati vyakta darśanāt	ubhābhyām api cakṣurbhyāṃ paśyati vyakta darśanāt	cakṣuḥ|cakṣuṣā|cakṣuṣī	3	mcq
3603	650066_1	10835	7	1	65252	yoni	NOUN	Nom.Sing		yoniḥ	yoniḥ	2315	___ vai eṣā dīkṣitasya yat dīkṣita vimitam	yoniḥ vai eṣā dīkṣitasya yat dīkṣita vimitam	yonim|yonau|yoniṣu	3	mcq
3604	650066_2	10835	6	1	65252	yoni	NOUN	Acc.Sing		yonim	yonim	2315	___ eva enam tat svām prapādayanti	yonim eva enam tat svām prapādayanti	yoniḥ|yonau|yoniṣu	3	mcq
3605	650067_1	10835	7	3	65252	yoni	NOUN	Abl.Sing		yoneḥ	yoneḥ	2315	tasmāt dhruvāt ___ āste ca carati ca	tasmāt dhruvāt yoneḥ āste ca carati ca	yoniḥ|yonim|yonau	3	mcq
3500	749428	15234	8	4	156125	āp	VERB	Past.Prec.1.Sing.NonPass		āpyāsaṃ	āpyāsam	2314	tena aham viśvam ___ sarvān kāmān duhāṃ mahat	tena aham viśvam āpyāsaṃ sarvān kāmān duhāṃ mahat	āpnoti|āpnuyāt|āpa	3	mcq
5904	651631	11758	10	1	156125	āp	VERB	Pres.Ind.3.Sing.NonPass		āpnoti	āpnoti	2314	___ yam īpsati na enam dviṣann āpnoti ya evaṃ veda	āpnoti yam īpsati na enam dviṣann āpnoti ya evaṃ veda	āpnuyāt|āpa|āpnuvanti	3	mcq
13609	646592	13075	5	1	156125	āp	VERB	Pres.Imp.2.Sing.NonPass		āpnuhi	āpnuhi	2314	___ śreyāṃsam ati samaṃ krāma	āpnuhi śreyāṃsam ati samaṃ krāma	āpnoti|āpnuyāt|āpa	3	mcq
1785	484184	7680	4	1	157259	nī	VERB	Pres.Imp.3.Sing.NonPass		nayatāṃ	nayatām	2300	___ māṃ hi rāghavaḥ	nayatāṃ māṃ hi rāghavaḥ	nayet|nayati|naya	3	mcq
6682	652403	12054	4	1	157259	nī	VERB	Pres.Ind.2.Sing.NonPass		neṣi	neṣi	2300	___ iti sattrāyaṇa rūpam	neṣi iti sattrāyaṇa rūpam	nayet|nayati|naya	3	mcq
13543	646531	13059	8	3	157259	nī	VERB	Pres.Sub.3.Sing.NonPass		nayād	nayāt	2300	ā tvā ___ bhūta patiḥ ā devo bṛhaspatiḥ	ā tvā nayād bhūta patiḥ ā devo bṛhaspatiḥ	nayet|nayati|naya	3	mcq
29111	643893	10760	11	4	163310	vijñā	VERB	Pres.Ind.3.Sing.Pass		vijñāyate	vijñāyate	2282	na punar idam ___ yat subhūtiḥ sthaviro bhāṣate pravyāharati deśayati upadiśati	na punar idam vijñāyate yat subhūtiḥ sthaviro bhāṣate pravyāharati deśayati upadiśati	vijānīyāt|vijānāti|vijānīhi	3	mcq
35367	556045	8847	8	3	163310	vijñā	VERB	Pres.Ind.3.Sing.NonPass		vijānāti	vijānāti	2282	niṣkāmaḥ kiṃ ___ kiṃ brūte ca karoti kiṃ	niṣkāmaḥ kiṃ vijānāti kiṃ brūte ca karoti kiṃ	vijñāyate|vijānīyāt|vijānīhi	3	mcq
54556	436836	15845	7	1	163310	vijñā	VERB	Pres.Ind.3.Sing.Pass		vijñāyate	vijñāyate	2282	___ yajño vā eṣa pañcamo yad atithiḥ	vijñāyate yajño vā eṣa pañcamo yad atithiḥ	vijānīyāt|vijānāti|vijānīhi	3	mcq
72	479343	7024	6	1	157371	dah	VERB	Pres.Ind.3.Sing.Pass		dahyate	dahyate	2275	___ tulayati evam vivādo dagdhṛ tulyayoḥ	dahyate tulayati evam vivādo dagdhṛ tulyayoḥ	dahati|dahet|dadāha	3	mcq
13167	646158	10822	9	3	78223	māṃsa	NOUN	Loc.Sing		māṃse	māṃse	2275	na iva ___ na pīvasi na iva kasmiṃścana āyatam	na iva māṃse na pīvasi na iva kasmiṃścana āyatam	māṃsam|māṃsāni|māṃsena	3	mcq
14383	647291	11382	10	3	78223	māṃsa	NOUN	Gen.Sing		māṃsasya	māṃsasya	2275	saṃ te ___ visrastaṃ saṃ snāva sam u parva te	saṃ te māṃsasya visrastaṃ saṃ snāva sam u parva te	māṃsam|māṃsāni|māṃsena	3	mcq
15134	648007	16473	9	2	78223	māṃsa	NOUN	Loc.Sing		māṃse	māṃse	2275	āme ___ kṛtyāṃ yāṃ cakrus tayā kṛtyā kṛtaḥ jahi	āme māṃse kṛtyāṃ yāṃ cakrus tayā kṛtyā kṛtaḥ jahi	māṃsam|māṃsāni|māṃsena	3	mcq
15965	648790_2	12051	6	5	157371	dah	VERB	Pres.Imp.2.Sing.NonPass		daha	daha	2275	tam atra api pra ___ jātavedaḥ	tam atra api pra daha jātavedaḥ	dahati|dahet|dadāha	3	mcq
15969	648792_2	12051	6	5	157371	dah	VERB	Pres.Imp.2.Sing.NonPass		daha	daha	2275	tam atra api pra ___ jātavedaḥ	tam atra api pra daha jātavedaḥ	dahati|dahet|dadāha	3	mcq
1184	555559	8248	7	3	106233	siddhi	NOUN	Ins.Sing		siddhyā	siddhyā	2250	svabhāva abhāva ___ eva parasmād apy asaṃbhavaḥ	svabhāva abhāva siddhyā eva parasmād apy asaṃbhavaḥ	siddhiḥ|siddhim|siddhaye	3	mcq
1186	555561	8248	7	3	106233	siddhi	NOUN	Nom.Sing		siddhiḥ	siddhiḥ	2250	āpekṣikī tayoḥ ___ pāra avāram iva uditā	āpekṣikī tayoḥ siddhiḥ pāra avāram iva uditā	siddhim|siddhaye|siddhayaḥ	3	mcq
2571	485015	7300	6	2	106233	siddhi	NOUN	Acc.Sing		siddhim	siddhim	2250	niyatāṃ ___ āsādya tato vāhanam āruhet	niyatāṃ siddhim āsādya tato vāhanam āruhet	siddhiḥ|siddhaye|siddhayaḥ	3	mcq
9810	67888	292	8	4	148966	bīja	NOUN	Nom.Sing		bījaṃ	bījam	2244	śakti traya udbhavam ___ bījāt kāmo viṣaṃ tataḥ	śakti traya udbhavam bījaṃ bījāt kāmo viṣaṃ tataḥ	bījāni|bījena|bījānām	3	mcq
14937	647810	15440	7	2	148966	bīja	NOUN	Acc.Sing		bījam	bījam	2244	tvaṃ ___ urvarā iva tvaṃ bibhṛhi yonyām	tvaṃ bījam urvarā iva tvaṃ bibhṛhi yonyām	bījāni|bījena|bījānām	3	mcq
18325	634215_1	10500	10	3	148966	bīja	NOUN	Acc.Plur		bījāni	bījāni	2244	yāni bhadrāṇi ___ ṛṣabhāḥ janayanti ca taiḥ tvam putram vindasva	yāni bhadrāṇi bījāni ṛṣabhāḥ janayanti ca taiḥ tvam putram vindasva	bījam|bījena|bījānām	3	mcq
36093	27098	309	10	9	161547	nihan	VERB	Pres.Ind.3.Sing.NonPass		nihanti	nihanti	2228	uṣṇam _ _ uṣṇe ca yuktaṃ ca _ ___ tat	uṣṇam _ _ uṣṇe ca yuktaṃ ca _ nihanti tat	nijaghāna|nihanyāt|nijaghnuḥ	3	mcq
36122	27127	309	8	7	161547	nihan	VERB	Pres.Ind.3.Sing.NonPass		nihanti	nihanti	2228	_ _ vāruṇī hṛdyā laghus tīkṣṇā ___ ca	_ _ vāruṇī hṛdyā laghus tīkṣṇā nihanti ca	nijaghāna|nihanyāt|nijaghnuḥ	3	mcq
36386	27392	310	7	1	161547	nihan	VERB	Pres.Ind.3.Sing.NonPass		nihanty	nihanti	2228	___ anila pittāsra tikta āsya tva madātyayān	nihanty anila pittāsra tikta āsya tva madātyayān	nijaghāna|nihanyāt|nijaghnuḥ	3	mcq
2324	484723	7692	7	1	36182	manuṣya	NOUN	Nom.Plur		manuṣyāḥ	manuṣyāḥ	2224	___ ca upajīvanti śilpaṃ vai bhūṣaṇa ādikam	manuṣyāḥ ca upajīvanti śilpaṃ vai bhūṣaṇa ādikam	manuṣyāṇām|manuṣyeṣu|manuṣyān	3	mcq
3685	650124_1	10844	8	4	36182	manuṣya	NOUN	Loc.Plur		manuṣyeṣu	manuṣyeṣu	2224	etat ha vai ___ satyam nihitam yat cakṣuḥ	etat ha vai manuṣyeṣu satyam nihitam yat cakṣuḥ	manuṣyāḥ|manuṣyāṇām|manuṣyān	3	mcq
3842	650192_1	10859	9	3	36182	manuṣya	NOUN	Acc.Plur		manuṣyān	manuṣyān	2224	tasya krītasya ___ abhi upāvartamānasya diśaḥ vīryāṇi indriyāṇi vyudasīdan	tasya krītasya manuṣyān abhi upāvartamānasya diśaḥ vīryāṇi indriyāṇi vyudasīdan	manuṣyāḥ|manuṣyāṇām|manuṣyeṣu	3	mcq
10399	464425	7325	5	1	157283	vas	VERB	Pres.Opt.3.Sing.NonPass		vased	vaset	2224	___ avisṛṣṭaḥ pūjayā na utsiktaḥ	vased avisṛṣṭaḥ pūjayā na utsiktaḥ	vasati|vasanti|uvāsa	3	mcq
10411	464437	7325	4	2	157283	vas	VERB	Pres.Opt.3.Sing.NonPass		vased	vaset	2224	jñātvā ___ apasared vā	jñātvā vased apasared vā	vasati|vasanti|uvāsa	3	mcq
12860	687686	14412	11	6	157283	vas	VERB	Pres.Opt.3.Sing.NonPass		vaset	vaset	2224	adhi ced mathitvā tatra ekān ___ kāla atipāte ca darśa pūrṇamāsayoḥ	adhi ced mathitvā tatra ekān vaset kāla atipāte ca darśa pūrṇamāsayoḥ	vasati|vasanti|uvāsa	3	mcq
1808	484207	7680	7	4	157146	jīv	VERB	Pres.Ind.1.Sing.NonPass		jīvāmi	jīvāmi	2222	tayā vinā na ___ sugrīva ādyaiḥ prabodhitaḥ	tayā vinā na jīvāmi sugrīva ādyaiḥ prabodhitaḥ	jīvati|jīvet|jīvanti	3	mcq
12699	687525	14394	10	1	157146	jīv	VERB	Pres.Opt.3.Sing.NonPass		jīved	jīvet	2222	___ ayam ahar rātrau ity eka ahāni sarvāṇi savanāni samāveśayet	jīved ayam ahar rātrau ity eka ahāni sarvāṇi savanāni samāveśayet	jīvati|jīvanti|jīva	3	mcq
13226	646217	11123	9	2	157146	jīv	VERB	Pres.Sub.2.Sing.NonPass		jīvā	jīvāḥ	2222	yathā ___ adityā upasthe prāṇa apānābhyām gupitaḥ śataṃ himāḥ	yathā jīvā adityā upasthe prāṇa apānābhyām gupitaḥ śataṃ himāḥ	jīvati|jīvet|jīvanti	3	mcq
9968	102969	950	10	3	160734	upe	VERB	Pres.Imp.3.Sing.NonPass		upaitu	upaitu	2220	ubhayam etat ___ athavā kṣayaṃ priya janena na yatra samāgamaḥ	ubhayam etat upaitu athavā kṣayaṃ priya janena na yatra samāgamaḥ	upaiti|upayanti|upeyāt	3	mcq
12083	466141	7302	7	1	160734	upe	VERB	Pres.Ind.1.Sing.NonPass		upaimi	upaimi	2220	___ śaraṇaṃ ca agnim daivatāni diśo daśa	upaimi śaraṇaṃ ca agnim daivatāni diśo daśa	upaiti|upayanti|upeyāt	3	mcq
13326	646317	11179	6	3	160734	upe	VERB	Pres.Imp.2.Plur.NonPass		upetana	upetana	2220	idaṃ havyā ___ idam saṃsrāvaṇā uta	idaṃ havyā upetana idam saṃsrāvaṇā uta	upaiti|upayanti|upeyāt	3	mcq
475	590233	9744	6	1	69074	varuṇa	NOUN	Nom.Sing		varuṇo	varuṇaḥ	2215	___ vāyu kuberau īśānaḥ ca yathākramam	varuṇo vāyu kuberau īśānaḥ ca yathākramam	varuṇasya|varuṇa|varuṇam	3	mcq
512	590270	9744	4	1	69074	varuṇa	NOUN	Nom.Sing		varuṇaḥ	varuṇaḥ	2215	___ tu arṇavamandiraḥ pracetāḥ	varuṇaḥ tu arṇavamandiraḥ pracetāḥ	varuṇasya|varuṇa|varuṇam	3	mcq
4225	650369_4	10901	6	2	69074	varuṇa	NOUN	Gen.Sing		varuṇasya	varuṇasya	2215	te ___ rājñaḥ gṛhe tanūḥ saṃnyadadhata	te varuṇasya rājñaḥ gṛhe tanūḥ saṃnyadadhata	varuṇaḥ|varuṇa|varuṇam	3	mcq
1645	484044	7675	6	2	61244	astra	NOUN	Ins.Sing		astreṇa	astreṇa	2207	aiṣika ___ śaraṇaṃ prāpto devān vihāyasaḥ	aiṣika astreṇa śaraṇaṃ prāpto devān vihāyasaḥ	astram|astrāṇi|astraiḥ	3	mcq
42736	33937	4236	7	1	61244	astra	NOUN	Acc.Sing		astraṃ	astram	2207	___ makaraketor yā puruṣa arthaḥ balasya yā	astraṃ makaraketor yā puruṣa arthaḥ balasya yā	astrāṇi|astreṇa|astraiḥ	3	mcq
60541	87694	644	7	1	61244	astra	NOUN	Acc.Sing		astraṃ	astram	2207	___ brahmaśiro mene ātma trāṇam dvija ātmajaḥ	astraṃ brahmaśiro mene ātma trāṇam dvija ātmajaḥ	astrāṇi|astreṇa|astraiḥ	3	mcq
744	590503	9744	7	2	135459	kṣaya	NOUN	Nom.Sing		kṣayaḥ	kṣayaḥ	2204	tṛṣṇā ___ sthāyino 'mī rasānāṃ kāraṇaṃ kramāt	tṛṣṇā kṣayaḥ sthāyino 'mī rasānāṃ kāraṇaṃ kramāt	kṣayam|kṣaye|kṣayāt	3	mcq
4965	650727_3	11208	11	3	157515	stu	VERB	Pres.Ind.3.Plur.NonPass		stuvanti	stuvanti	2204	atha yat ___ ca śaṃsanti ca tena stoma bhāgāḥ chandaḥ bhāgāḥ	atha yat stuvanti ca śaṃsanti ca tena stoma bhāgāḥ chandaḥ bhāgāḥ	tuṣṭuvuḥ|tuṣṭāva|stuta	3	mcq
5698	651426	11721	12	2	157515	stu	VERB	Pres.Ind.3.Plur.NonPass		stuvanty	stuvanti	2204	parimitaṃ ___ aparimitam anuśaṃsati parimitaṃ vai bhūtam aparimitam bhavyam aparimitasya avaruddhyai iti	parimitaṃ stuvanty aparimitam anuśaṃsati parimitaṃ vai bhūtam aparimitam bhavyam aparimitasya avaruddhyai iti	tuṣṭuvuḥ|tuṣṭāva|stuta	3	mcq
7525	652830	12195	11	3	157515	stu	VERB	Pres.Imp.2.Sing.NonPass		ṣṭuhi	stuhi	2204	tam u ___ yo abhibhūti ojāḥ iti sūktam abhivad abhibhūtyai rūpam	tam u ṣṭuhi yo abhibhūti ojāḥ iti sūktam abhivad abhibhūtyai rūpam	stuvanti|tuṣṭuvuḥ|tuṣṭāva	3	mcq
9117	76275	491	8	1	135459	kṣaya	NOUN	Nom.Sing		kṣayaḥ	kṣayaḥ	2204	___ śoṣaḥ ca yakṣmā ca pratiśyāyaḥ tu pīnasaḥ	kṣayaḥ śoṣaḥ ca yakṣmā ca pratiśyāyaḥ tu pīnasaḥ	kṣayam|kṣaye|kṣayāt	3	mcq
9457	76615	491	8	1	135459	kṣaya	NOUN	Nom.Sing		kṣayaḥ	kṣayaḥ	2204	___ sthānaṃ ca vṛddhiḥ ca trivargo nīti vedinām	kṣayaḥ sthānaṃ ca vṛddhiḥ ca trivargo nīti vedinām	kṣayam|kṣaye|kṣayāt	3	mcq
1870	484269	7681	5	2	110583	hṛdaya	NOUN	Acc.Sing		hṛdayaṃ	hṛdayam	2203	paitāmahena ___ bhittvā rāmeṇa rāvaṇaḥ	paitāmahena hṛdayaṃ bhittvā rāmeṇa rāvaṇaḥ	hṛdaye|hṛdayaḥ|hṛdayena	3	mcq
7866	556406_1	8863	6	3	110583	hṛdaya	NOUN	Nom.Sing		hṛdayam	hṛdayam	2203	yat etat ___ manaḥ ca etat	yat etat hṛdayam manaḥ ca etat	hṛdaye|hṛdayena|hṛdayāt	3	mcq
13233	646224	11127	8	3	110583	hṛdaya	NOUN	Acc.Sing		hṛdayaṃ	hṛdayam	2203	śivā asya ___ tarpayantv anamīvo modamānaś cara iha	śivā asya hṛdayaṃ tarpayantv anamīvo modamānaś cara iha	hṛdaye|hṛdayaḥ|hṛdayena	3	mcq
61688	88929	8962	7	2	170994	bhārata	NOUN	Voc.Sing		bhārata	bhārata	2199	tasmāt ___ sarva ātmā bhagavān īśvaro hariḥ	tasmāt bhārata sarva ātmā bhagavān īśvaro hariḥ	bhāratānām|bhārataḥ|bhāratam	3	mcq
86645	585886	9729	7	1	170994	bhārata	NOUN	Gen.Plur		bhāratānāṃ	bhāratānām	2199	___ mune yatnaḥ paraḥ saṃdhau kṛto mayā	bhāratānāṃ mune yatnaḥ paraḥ saṃdhau kṛto mayā	bhārataiḥ|bhārata|bhārataḥ	3	mcq
131037	543906	8295	6	1	170994	bhārata	NOUN	Nom.Sing		bhārato	bhārataḥ	2199	___ dakṣiṇe prokto harir dakṣiṇa paścime	bhārato dakṣiṇe prokto harir dakṣiṇa paścime	bhārataiḥ|bhārata|bhāratānām	3	mcq
8612	75770	491	7	1	15540	pattra	NOUN	Nom.Sing		pattraṃ	pattram	2190	___ palāśaṃ chadanaṃ dalaṃ parṇaṃ chadaḥ pumān	pattraṃ palāśaṃ chadanaṃ dalaṃ parṇaṃ chadaḥ pumān	pattrāṇi|pattraiḥ|pattre	3	mcq
11226	465253	7295	7	1	15540	pattra	NOUN	Nom.Sing		pattram	pattram	2190	___ āśliṣṭaṃ yamaka pattram vā avalepyeṣu kriyate	pattram āśliṣṭaṃ yamaka pattram vā avalepyeṣu kriyate	pattrāṇi|pattraiḥ|pattre	3	mcq
14869	647742	15390	8	3	15540	pattra	NOUN	Nom.Sing		patraḥ	patraḥ	2190	adha āyat ___ sūrya ud eti bṛhatīr anu	adha āyat patraḥ sūrya ud eti bṛhatīr anu	pattrāṇi|pattram|pattraiḥ	3	mcq
1407	483806	7592	6	1	52557	chandas	NOUN	Nom.Sing		chando	chandaḥ	2174	___ 'bhidhānaṃ mīmāṃsā dharma śāstram purāṇakam	chando 'bhidhānaṃ mīmāṃsā dharma śāstram purāṇakam	chandasā|chandāṃsi|chandobhiḥ	3	mcq
2638	748657_1	14908	4	3	52557	chandas	NOUN	Nom.Plur		chandāṃsi	chandāṃsi	2174	tāni catvāri ___ bhavanti	tāni catvāri chandāṃsi bhavanti	chandaḥ|chandasā|chandobhiḥ	3	mcq
2640	748658_1	14908	4	3	52557	chandas	NOUN	Nom.Plur		chandāṃsi	chandāṃsi	2174	tāni trīṇi ___ bhavanti	tāni trīṇi chandāṃsi bhavanti	chandaḥ|chandasā|chandobhiḥ	3	mcq
1574	483973	7675	7	1	49000	bharata	NOUN	Loc.Sing		bharate	bharate	2165	___ 'tha gate rāmaḥ pitṛ ādīn abhyapūjayat	bharate 'tha gate rāmaḥ pitṛ ādīn abhyapūjayat	bharataḥ|bharatam|bharatasya	3	mcq
1671	484070	7675	8	3	49000	bharata	NOUN	Nom.Sing		bharataḥ	bharataḥ	2165	rāma uktaḥ ___ ca ayāt nandigrāme sthito balī	rāma uktaḥ bharataḥ ca ayāt nandigrāme sthito balī	bharatam|bharatasya|bharatena	3	mcq
1882	484281	7681	7	1	49000	bharata	NOUN	Ins.Sing		bharatena	bharatena	2165	___ nataḥ ca agāt ayodhyāṃ tatra saṃsthitaḥ	bharatena nataḥ ca agāt ayodhyāṃ tatra saṃsthitaḥ	bharataḥ|bharatam|bharatasya	3	mcq
3720	650138_2	10847	6	6	157392	pū	VERB	Pres.Ind.3.Sing.NonPass		pavate	pavate	2162	savitṛ prasūtaḥ hi eṣaḥ etat ___	savitṛ prasūtaḥ hi eṣaḥ etat pavate	pavasva|punātu|punantu	3	mcq
4530	650532_1	10955	5	1	157392	pū	VERB	Pres.Ind.3.Plur.NonPass		punanti	punanti	2162	___ dhīrāḥ apasaḥ manīṣā iti	punanti dhīrāḥ apasaḥ manīṣā iti	pavate|pavasva|punāti	3	mcq
4531	650532_2	10955	4	1	157392	pū	VERB	Pres.Ind.3.Plur.NonPass		punanti	punanti	2162	___ eva enam tat	punanti eva enam tat	pavate|pavasva|punāti	3	mcq
71	479342	7024	7	1	156265	chid	VERB	Pres.Ind.3.Sing.NonPass		chinatti	chinatti	2139	___ chidyate ca eva bāhyaṃ dhātu catuṣṭayam	chinatti chidyate ca eva bāhyaṃ dhātu catuṣṭayam	cicheda|chinddhi|achinat	3	mcq
15986	648811_1	14328	4	1	156265	chid	VERB	Pres.Imp.2.Sing.NonPass		chinddhi	chinddhi	2139	___ darbha sapatnān me	chinddhi darbha sapatnān me	cicheda|chinatti|achinat	3	mcq
15988	648812_1	14328	4	1	156265	chid	VERB	Pres.Imp.2.Sing.NonPass		chinddhi	chinddhi	2139	___ me sarvān durhārdaḥ	chinddhi me sarvān durhārdaḥ	cicheda|chinatti|achinat	3	mcq
4915	650708_3	11162	8	7	42265	saṃvatsara	NOUN	Gen.Sing		saṃvatsarasya	saṃvatsarasya	2128	sapta ca vai śatāni viṃśatiḥ ca ___ ahorātrāḥ	sapta ca vai śatāni viṃśatiḥ ca saṃvatsarasya ahorātrāḥ	saṃvatsaraḥ|saṃvatsaram|saṃvatsare	3	mcq
4917	650708_5	11162	8	1	42265	saṃvatsara	NOUN	Nom.Sing		saṃvatsaraḥ	saṃvatsaraḥ	2128	___ prajāpatiḥ yam prajāyamānam viśvam rūpam idam anuprajāyate	saṃvatsaraḥ prajāpatiḥ yam prajāyamānam viśvam rūpam idam anuprajāyate	saṃvatsaram|saṃvatsarasya|saṃvatsare	3	mcq
5873	651600	11741	9	2	42265	saṃvatsara	NOUN	Ins.Sing		saṃvatsareṇa	saṃvatsareṇa	2128	apa ___ pāpmānaṃ hate 'pa viṣuvatā ya evaṃ veda	apa saṃvatsareṇa pāpmānaṃ hate 'pa viṣuvatā ya evaṃ veda	saṃvatsaraḥ|saṃvatsaram|saṃvatsarasya	3	mcq
1496	483895	7670	9	3	97910	sura	NOUN	Nom.Plur		surāḥ	surāḥ	2125	tridiva sthāḥ ___ ca āsan yaḥ paṭhet tridivaṃ vrajet	tridiva sthāḥ surāḥ ca āsan yaḥ paṭhet tridivaṃ vrajet	suraiḥ|surāṇām|surān	3	mcq
1507	483906	7672	8	4	97910	sura	NOUN	Acc.Plur		surāṃś	surān	2125	sva pada sthān ___ cakre nārasiṃhaḥ suraiḥ stutaḥ	sva pada sthān surāṃś cakre nārasiṃhaḥ suraiḥ stutaḥ	surāḥ|suraiḥ|surāṇām	3	mcq
1510	483909	7672	6	1	97910	sura	NOUN	Gen.Plur		surāṇām	surāṇām	2125	___ abhayam dattvā adityā kaśyapena ca	surāṇām abhayam dattvā adityā kaśyapena ca	surāḥ|suraiḥ|surān	3	mcq
39708	30909	3978	6	2	8188	saṃśaya	NOUN	Acc.Sing		saṃśayaṃ	saṃśayam	2125	arogaḥ ___ prāpya kaścid eva vimucyate	arogaḥ saṃśayaṃ prāpya kaścid eva vimucyate	saṃśayaḥ|saṃśaye|saṃśayāt	3	mcq
51618	518589_1	7478	9	9	8188	saṃśaya	NOUN	Loc.Sing		saṃśaye	saṃśaye	2125	tasmāt na vācyaḥ hi ekena bahu jñena api ___	tasmāt na vācyaḥ hi ekena bahu jñena api saṃśaye	saṃśayaḥ|saṃśayam|saṃśayāt	3	mcq
63015	90257	725	7	2	8188	saṃśaya	NOUN	Nom.Sing		saṃśayo	saṃśayaḥ	2125	saṃchinnaḥ ___ mahyaṃ tava sūkta asinā vibho	saṃchinnaḥ saṃśayo mahyaṃ tava sūkta asinā vibho	saṃśayam|saṃśaye|saṃśayāt	3	mcq
12135	466193	7303	7	4	83500	taila	NOUN	Nom.Sing		tailam	tailam	2109	kaiḍarya pūti tila ___ unmāda haram nastaḥkarma	kaiḍarya pūti tila tailam unmāda haram nastaḥkarma	tailena|taile|tailaiḥ	3	mcq
28301	42908	1380	10	2	83500	taila	NOUN	Nom.Sing		tailaṃ	tailam	2109	tathā ___ kaṭu vipākitayā ca vipākata eva baddha viṣ mūtram	tathā tailaṃ kaṭu vipākitayā ca vipākata eva baddha viṣ mūtram	tailena|taile|tailaiḥ	3	mcq
28524	43175	107	8	1	83500	taila	NOUN	Abl.Sing		tailād	tailāt	2109	___ vasā tato majjā tataḥ sarpiḥ pitta ghnam	tailād vasā tato majjā tataḥ sarpiḥ pitta ghnam	tailam|tailena|taile	3	mcq
1690	484089	7676	6	1	65418	rakṣas	NOUN	Gen.Plur		rakṣasāṃ	rakṣasām	2101	___ dūṣaṇena agāt yoddhuṃ triśirasā saha	rakṣasāṃ dūṣaṇena agāt yoddhuṃ triśirasā saha	rakṣaḥ|rakṣāṃsi|rakṣasā	3	mcq
1831	484230	7681	6	1	65418	rakṣas	NOUN	Gen.Plur		rakṣasāṃ	rakṣasām	2101	___ vānarāṇāṃ ca yuddhaṃ saṃkulam ābabhau	rakṣasāṃ vānarāṇāṃ ca yuddhaṃ saṃkulam ābabhau	rakṣaḥ|rakṣāṃsi|rakṣasā	3	mcq
3988	650254_1	10866	11	1	65418	rakṣas	NOUN	Nom.Plur		rakṣāṃsi	rakṣāṃsi	2101	___ vai enam tarhi ālabhante yarhi na jāyate yarhi ciram jāyate	rakṣāṃsi vai enam tarhi ālabhante yarhi na jāyate yarhi ciram jāyate	rakṣasām|rakṣaḥ|rakṣasā	3	mcq
96	479367	7024	8	2	53322	ardha	NOUN	Nom.Sing		ardham	ardham	2100	dharma ___ indriyam ye ca dvādaśā ādhyātmikāḥ smṛtāḥ	dharma ardham indriyam ye ca dvādaśā ādhyātmikāḥ smṛtāḥ	ardhe|ardhena|ardhāt	3	mcq
973	506192	7429	12	2	53322	ardha	NOUN	Loc.Sing		ardhe	ardhe	2100	sa ___ tri yāmāḥ dadhi śuktam annaṃ māṃsaṃ tathā jīryati tāvad eva	sa ardhe tri yāmāḥ dadhi śuktam annaṃ māṃsaṃ tathā jīryati tāvad eva	ardham|ardhena|ardhāt	3	mcq
1141	506360	7430	8	2	53322	ardha	NOUN	Ins.Sing		ardhena	ardhena	2100	tad ___ tad ardhena tad ardhena athavā punaḥ	tad ardhena tad ardhena tad ardhena athavā punaḥ	ardham|ardhe|ardhāt	3	mcq
2631	748655_1	14908	7	5	57582	ājya	NOUN	Loc.Plur		ājyeṣu	ājyeṣu	2100	cirataram iva vai itareṣu ___ agnim āgacchanti	cirataram iva vai itareṣu ājyeṣu agnim āgacchanti	ājyam|ājyena|ājyasya	3	mcq
4847	650681_2	11113	8	2	57582	ājya	NOUN	Gen.Sing		ājyasya	ājyasya	2100	dvis ___ upastīrya vapām avadāya dvis upariṣṭāt abhighārayati	dvis ājyasya upastīrya vapām avadāya dvis upariṣṭāt abhighārayati	ājyam|ājyena|ājyaiḥ	3	mcq
6002	651727	11785	10	4	57582	ājya	NOUN	Nom.Sing		ājyam	ājyam	2100	tasmād etad aśvavad ___ bhavati tṛtīye 'hani tṛtīyasya ahnaḥ rūpam	tasmād etad aśvavad ājyam bhavati tṛtīye 'hani tṛtīyasya ahnaḥ rūpam	ājyena|ājyasya|ājyaiḥ	3	mcq
142	479413	7034	7	1	51356	citta	NOUN	Nom.Sing		cittaṃ	cittam	2097	___ caittāḥ saha avaśyam sarvaṃ saṃskṛta lakṣaṇaiḥ	cittaṃ caittāḥ saha avaśyam sarvaṃ saṃskṛta lakṣaṇaiḥ	cittasya|cittena|cittāni	3	mcq
8194	75352	488	8	1	51356	citta	NOUN	Nom.Sing		cittaṃ	cittam	2097	___ tu ceto hṛdayaṃ svāntaṃ hṛd mānasam manaḥ	cittaṃ tu ceto hṛdayaṃ svāntaṃ hṛd mānasam manaḥ	cittasya|cittena|cittāni	3	mcq
9802	67880	292	6	4	51356	citta	NOUN	Loc.Sing		citte	citte	2097	śakti traya vinirbhinne ___ bīja nirañjanāt	śakti traya vinirbhinne citte bīja nirañjanāt	cittam|cittaḥ|cittasya	3	mcq
933	506152	7429	7	1	52112	cūrṇa	NOUN	Loc.Sing		cūrṇe	cūrṇe	2089	___ snehe tathā lehe prāyaś candanāni ca	cūrṇe snehe tathā lehe prāyaś candanāni ca	cūrṇam|cūrṇaiḥ|cūrṇena	3	mcq
1003	506222	7429	7	5	52112	cūrṇa	NOUN	Nom.Sing		cūrṇaṃ	cūrṇam	2089	śuṣkaṃ piṣṭaṃ vastra pūtam ___ tat parikīrtitam	śuṣkaṃ piṣṭaṃ vastra pūtam cūrṇaṃ tat parikīrtitam	cūrṇaiḥ|cūrṇena|cūrṇāni	3	mcq
1114	506333	7430	6	3	52112	cūrṇa	NOUN	Ins.Sing		cūrṇena	cūrṇena	2089	viśālā aṅkoṭha ___ vaṅga doṣam vimuñcati	viśālā aṅkoṭha cūrṇena vaṅga doṣam vimuñcati	cūrṇam|cūrṇaiḥ|cūrṇāni	3	mcq
3703	650129_7	10847	12	4	69150	vara	NOUN	Acc.Sing		varam	varam	2088	sā etam eva ___ avṛṇīta mad prāyaṇāḥ yajñāḥ santu mad udayanāḥ iti	sā etam eva varam avṛṇīta mad prāyaṇāḥ yajñāḥ santu mad udayanāḥ iti	varaḥ|varān|vareṇa	3	mcq
3859	650199_1	10860	8	5	69150	vara	NOUN	Loc.Sing		vare	vare	2088	atha īm ava sya ___ ā pṛthivyāḥ iti	atha īm ava sya vare ā pṛthivyāḥ iti	varam|varaḥ|varān	3	mcq
4585	650550_6	10967	7	4	69150	vara	NOUN	Acc.Sing		varam	varam	2088	tau etam eva ___ avṛṇātām śvaḥsutyāyām paśum	tau etam eva varam avṛṇātām śvaḥsutyāyām paśum	varaḥ|varān|vareṇa	3	mcq
1381	483780	7592	8	2	121245	vidyā	NOUN	Nom.Dual		vidye	vidye	2077	dve ___ veditavye hi iti ca ātharvaṇā śrutiḥ	dve vidye veditavye hi iti ca ātharvaṇā śrutiḥ	vidyā|vidyām|vidyayā	3	mcq
1404	483803	7592	10	2	121245	vidyā	NOUN	Nom.Dual		vidye	vidye	2077	dve ___ bhagavān viṣṇuḥ parā ca eva aparā ca ha	dve vidye bhagavān viṣṇuḥ parā ca eva aparā ca ha	vidyā|vidyām|vidyayā	3	mcq
1409	483808	7592	7	4	121245	vidyā	NOUN	Nom.Sing		vidyā	vidyā	2077	aparā iyam parā ___ yayā brahma abhigamyate	aparā iyam parā vidyā yayā brahma abhigamyate	vidyām|vidyayā|vidyānām	3	mcq
936	506155	7429	6	1	16120	payas	NOUN	Nom.Sing		payaḥ	payaḥ	2074	___ sarpi prayogeṣu gavyam eva vidhīyate	payaḥ sarpi prayogeṣu gavyam eva vidhīyate	payasā|payasi|payasaḥ	3	mcq
4186	650356_5	10894	4	2	16120	payas	NOUN	Nom.Sing		payaḥ	payaḥ	2074	yat ___ tat retaḥ	yat payaḥ tat retaḥ	payasā|payasi|payasaḥ	3	mcq
5560	651288	11681	11	1	16120	payas	NOUN	Ins.Sing		payasā	payasā	2074	___ pravargye caranti payasā dākṣāyaṇayajñe pravargyam eva anu dākṣāyaṇayajño 'gniṣṭomam apyeti	payasā pravargye caranti payasā dākṣāyaṇayajñe pravargyam eva anu dākṣāyaṇayajño 'gniṣṭomam apyeti	payaḥ|payasi|payasaḥ	3	mcq
15968	648792_1	12051	5	3	157174	tap	VERB	Pres.Imp.3.Dual.NonPass		tapatām	tapatām	2065	sam enam ___ rodasī ubhe	sam enam tapatām rodasī ubhe	tapati|tepe|atapyata	3	mcq
20796	636569	11500	5	3	157174	tap	VERB	Pres.Ind.1.Sing.NonPass		tapāmi	tapāmi	2065	taṃ te ___ varuṇasya dharmaṇā	taṃ te tapāmi varuṇasya dharmaṇā	tapati|tepe|atapyata	3	mcq
20798	636571	11500	5	3	157174	tap	VERB	Pres.Ind.1.Sing.NonPass		tapāmi	tapāmi	2065	taṃ te ___ varuṇasya dharmaṇā	taṃ te tapāmi varuṇasya dharmaṇā	tapati|tepe|atapyata	3	mcq
15883	648703	14364	12	3	157815	pac	VERB	Pres.Ind.3.Sing.NonPass		pacate	pacate	2058	yaḥ sunvate ___ dudhra ā cid vājaṃ dardarṣi sa kila asi satyaḥ	yaḥ sunvate pacate dudhra ā cid vājaṃ dardarṣi sa kila asi satyaḥ	pacet|pacyāt|pacyate	3	mcq
19051	634886	10567	10	2	157815	pac	VERB	Past.Ind.3.Sing.NonPass		papāca	papāca	2058	yaṃ ___ brahmaṇe brahma pūrvaṃ tena odanena ati tarāṇi mṛtyum	yaṃ papāca brahmaṇe brahma pūrvaṃ tena odanena ati tarāṇi mṛtyum	pacet|pacyāt|pacyate	3	mcq
20734	636511	11488	4	2	157815	pac	VERB	Pres.Ind.1.Sing.NonPass		pacāmi	pacāmi	2058	sa ___ sa dadāmi	sa pacāmi sa dadāmi	pacet|pacyāt|pacyate	3	mcq
1105	506324	7430	10	6	98854	sūta	NOUN	Nom.Sing		sūto	sūtaḥ	2057	śasto 'tha dhūmraḥ paripāṇḍuraś ca ___ na yojyo rasakarma siddhau	śasto 'tha dhūmraḥ paripāṇḍuraś ca sūto na yojyo rasakarma siddhau	sūtam|sūtasya|sūte	3	mcq
1120	506339	7430	6	3	98854	sūta	NOUN	Nom.Sing		sūtaḥ	sūtaḥ	2057	evaṃ saṃśodhitaḥ ___ sapta kañcuka varjitaḥ	evaṃ saṃśodhitaḥ sūtaḥ sapta kañcuka varjitaḥ	sūtam|sūtasya|sūte	3	mcq
89021	331899	4513	7	5	98854	sūta	NOUN	Acc.Sing		sūtaṃ	sūtam	2057	paṭṭa āvṛteṣu ca eteṣu ___ prakṣipya kāñjike	paṭṭa āvṛteṣu ca eteṣu sūtaṃ prakṣipya kāñjike	sūtaḥ|sūtasya|sūte	3	mcq
329	590087	9744	7	1	135840	mitra	NOUN	Nom.Sing		mitro	mitraḥ	2056	___ dhvāntārātir abja aṃśuhastaḥ cakrābja aharbāndhavaḥ saptasaptiḥ	mitro dhvāntārātir abja aṃśuhastaḥ cakrābja aharbāndhavaḥ saptasaptiḥ	mitram|mitrasya|mitrāṇi	3	mcq
2692	748685	14923	12	1	135840	mitra	NOUN	Acc.Sing		mitraṃ	mitram	2056	___ huve pūta dakṣam dhiyaṃ ghṛtācīṃ sādhanta iti vāg vai dhīr ghṛtācī	mitraṃ huve pūta dakṣam dhiyaṃ ghṛtācīṃ sādhanta iti vāg vai dhīr ghṛtācī	mitraḥ|mitrasya|mitrāṇi	3	mcq
2760	748729_2	14946	6	4	135840	mitra	NOUN	Nom.Sing		mitram	mitram	2056	viśvasya ha vai ___ viśvāmitraḥ āsa	viśvasya ha vai mitram viśvāmitraḥ āsa	mitrasya|mitrāṇi|mitrāya	3	mcq
1419	483818	7669	7	2	133808	kriyā	NOUN	Nom.Sing		kriyā	kriyā	2052	avatāra ___ duṣṭa naṣṭaye sat pālanāya hi	avatāra kriyā duṣṭa naṣṭaye sat pālanāya hi	kriyām|kriyāḥ|kriyāsu	3	mcq
10125	464135_1	5775	6	1	133808	kriyā	NOUN	Nom.Sing		kriyā	kriyā	2052	___ hi dravyam vinayati na adravyam	kriyā hi dravyam vinayati na adravyam	kriyām|kriyāḥ|kriyāsu	3	mcq
10896	464923	7291	11	4	133808	kriyā	NOUN	Nom.Sing		kriyā	kriyā	2052	tatra yathāvad anupūrva ___ pradhānasya arthasya pūrvam abhiniveśa iti artha kramaḥ	tatra yathāvad anupūrva kriyā pradhānasya arthasya pūrvam abhiniveśa iti artha kramaḥ	kriyām|kriyāḥ|kriyāsu	3	mcq
1569	483968	7673	6	1	1557	kanyā	NOUN	Acc.Dual		kanye	kanye	2049	___ dve upayemāte janakena su pūjitaḥ	kanye dve upayemāte janakena su pūjitaḥ	kanyā|kanyām|kanyāḥ	3	mcq
2406	484805	7696	8	4	1557	kanyā	NOUN	Acc.Plur		kanyāḥ	kanyāḥ	2049	khyāti ādyāḥ dakṣa ___ tu bhṛgu ādyāḥ upayemire	khyāti ādyāḥ dakṣa kanyāḥ tu bhṛgu ādyāḥ upayemire	kanyā|kanyām|kanyāyāḥ	3	mcq
2428	484827	7696	5	1	1557	kanyā	NOUN	Nom.Sing		kanyā	kanyā	2049	___ ca nikṛtiḥ tābhyām ca	kanyā ca nikṛtiḥ tābhyām ca	kanyām|kanyāḥ|kanyāyāḥ	3	mcq
13155	646146	10821	7	3	157945	bhid	VERB	Pres.Ind.1.Sing.NonPass		bhinadmi	bhinadmi	2047	pra te ___ mehanaṃ vartraṃ veśantyā iva	pra te bhinadmi mehanaṃ vartraṃ veśantyā iva	bhidyate|bibheda|bhinatti	3	mcq
13707	646680	13155	8	2	157945	bhid	VERB	Pres.Ind.1.Sing.NonPass		bhinadmi	bhinadmi	2047	evā ___ te muṣkau tasmai tvām avase huve	evā bhinadmi te muṣkau tasmai tvām avase huve	bhidyate|bibheda|bhinatti	3	mcq
13715	646688	13155	7	3	157945	bhid	VERB	Pres.Ind.1.Sing.NonPass		bhinadmi	bhinadmi	2047	te te ___ śamyayā amuṣyāḥ adhi muṣkayoḥ	te te bhinadmi śamyayā amuṣyāḥ adhi muṣkayoḥ	bhidyate|bibheda|bhinatti	3	mcq
717	590476	9744	7	1	100722	daṇḍa	NOUN	Nom.Sing		daṇḍaḥ	daṇḍaḥ	2043	___ punaḥ pravālaḥ syāt kakubhaḥ tu prasevakaḥ	daṇḍaḥ punaḥ pravālaḥ syāt kakubhaḥ tu prasevakaḥ	daṇḍam|daṇḍena|daṇḍāḥ	3	mcq
2505	484949	7280	8	6	100722	daṇḍa	NOUN	Nom.Sing		daṇḍam	daṇḍam	2043	samā sthairya guṇa upetā pūrva ___ iva sthitā	samā sthairya guṇa upetā pūrva daṇḍam iva sthitā	daṇḍena|daṇḍāḥ|daṇḍasya	3	mcq
9392	76550	491	7	2	100722	daṇḍa	NOUN	Nom.Sing		daṇḍa	daṇḍaḥ	2043	pālāśo ___ āṣāḍho vrate rāmbhaḥ tu vaiṇavaḥ	pālāśo daṇḍa āṣāḍho vrate rāmbhaḥ tu vaiṇavaḥ	daṇḍam|daṇḍena|daṇḍāḥ	3	mcq
2076	484475	7686	7	2	53077	arjuna	NOUN	Nom.Sing		arjunaḥ	arjunaḥ	2022	bṛhannala ___ bhāryā sairindhrī yama jau tathā	bṛhannala arjunaḥ bhāryā sairindhrī yama jau tathā	arjunam|arjunasya|arjunena	3	mcq
2098	484497	7687	9	4	53077	arjuna	NOUN	Nom.Sing		arjunaḥ	arjunaḥ	2022	kṛṣṇa uktaḥ atha ___ ayudhyat ratha sthaḥ vādya śabdavān	kṛṣṇa uktaḥ atha arjunaḥ ayudhyat ratha sthaḥ vādya śabdavān	arjunam|arjunasya|arjunena	3	mcq
2106	484505	7687	8	3	53077	arjuna	NOUN	Nom.Sing		arjuno	arjunaḥ	2022	daśame hy ___ bāṇair bhīṣmaṃ vīraṃ vavarṣa ha	daśame hy arjuno bāṇair bhīṣmaṃ vīraṃ vavarṣa ha	arjunam|arjunasya|arjunena	3	mcq
938	506157	7429	9	1	139220	viśeṣa	NOUN	Nom.Sing		viśeṣo	viśeṣaḥ	2017	___ yatra na uktaḥ syād eṣas tatra vidhiḥ smṛtaḥ	viśeṣo yatra na uktaḥ syād eṣas tatra vidhiḥ smṛtaḥ	viśeṣāḥ|viśeṣeṇa|viśeṣam	3	mcq
8190	75348	488	7	1	139220	viśeṣa	NOUN	Nom.Sing		viśeṣaḥ	viśeṣaḥ	2017	___ kāliko 'vasthā guṇāḥ sattvaṃ rajaḥ tamaḥ	viśeṣaḥ kāliko 'vasthā guṇāḥ sattvaṃ rajaḥ tamaḥ	viśeṣāḥ|viśeṣeṇa|viśeṣam	3	mcq
8997	76155	491	6	2	139220	viśeṣa	NOUN	Nom.Plur		viśeṣā	viśeṣāḥ	2017	teṣāṃ ___ hārīto madguḥ kāraṇḍavaḥ plavaḥ	teṣāṃ viśeṣā hārīto madguḥ kāraṇḍavaḥ plavaḥ	viśeṣaḥ|viśeṣeṇa|viśeṣam	3	mcq
32361	552920	8931	5	4	24725	kuru	NOUN	Abl.Plur		kurubhyaḥ	kurubhyaḥ	2009	ṛṣi andhaka vṛṣṇi ___ ca	ṛṣi andhaka vṛṣṇi kurubhyaḥ ca	kurūṇām|kuravaḥ|kurūn	3	mcq
41097	32298	4150	6	1	24725	kuru	NOUN	Nom.Plur		kuravo	kuravaḥ	2009	___ darbhakusumāḥ sugandhās te ca kurvate	kuravo darbhakusumāḥ sugandhās te ca kurvate	kurūṇām|kurūn|kurubhiḥ	3	mcq
62551	89792	668	11	2	24725	kuru	NOUN	Gen.Plur		kurūṇāṃ	kurūṇām	2009	kaccit ___ paramaḥ suhṛn no bhāmaḥ sa āste sukham aṅga śauriḥ	kaccit kurūṇāṃ paramaḥ suhṛn no bhāmaḥ sa āste sukham aṅga śauriḥ	kuravaḥ|kurūn|kurubhiḥ	3	mcq
9151	76309	491	6	1	136408	mūtra	NOUN	Nom.Sing		mūtraṃ	mūtram	2008	___ prasrāva uccāra avaskarau śamalaṃ śakṛt	mūtraṃ prasrāva uccāra avaskarau śamalaṃ śakṛt	mūtreṇa|mūtre|mūtraiḥ	3	mcq
12010	466067_1	7272	6	2	136408	mūtra	NOUN	Ins.Sing		mūtreṇa	mūtreṇa	2008	aśva ___ saṃsṛṣṭāḥ nigalānām tu bhañjanam	aśva mūtreṇa saṃsṛṣṭāḥ nigalānām tu bhañjanam	mūtram|mūtre|mūtraiḥ	3	mcq
12124	466182	7302	8	3	136408	mūtra	NOUN	Ins.Sing		mūtreṇa	mūtreṇa	2008	dagdhān vṛṣa ___ peṣayitvā nava kumbham antar lepayet	dagdhān vṛṣa mūtreṇa peṣayitvā nava kumbham antar lepayet	mūtram|mūtre|mūtraiḥ	3	mcq
975	506194	7429	11	3	70626	rātri	NOUN	Loc.Sing		rātrau	rātrau	2007	kha netra ___ dadhi jīrṇa māse māsa ardhike jīryati dugdha sāram	kha netra rātrau dadhi jīrṇa māse māsa ardhike jīryati dugdha sāram	rātrim|rātriḥ|rātrīm	3	mcq
1099	506318	7429	7	1	70626	rātri	NOUN	Loc.Sing		rātrau	rātrau	2007	___ śītāṃśu kiraṇaiḥ dhātūn puṣyanti te malāḥ	rātrau śītāṃśu kiraṇaiḥ dhātūn puṣyanti te malāḥ	rātrim|rātriḥ|rātrīm	3	mcq
1100	506319	7429	4	1	70626	rātri	NOUN	Loc.Sing		rātrau	rātrau	2007	___ prasṛtaṃ pānato hitaḥ	rātrau prasṛtaṃ pānato hitaḥ	rātrim|rātriḥ|rātrīm	3	mcq
3563	650045_2	10828	12	3	109386	havis	NOUN	Ins.Sing		haviṣā	haviṣā	2003	āmāvāsyena vā ___ iṣṭvā paurṇamāsena vā tasmin eva haviṣi tasmin barhiṣi dīkṣeta	āmāvāsyena vā haviṣā iṣṭvā paurṇamāsena vā tasmin eva haviṣi tasmin barhiṣi dīkṣeta	haviḥ|havīṃṣi|haviṣaḥ	3	mcq
3783	650168_1	10855	11	9	109386	havis	NOUN	Gen.Sing		haviṣaḥ	haviṣaḥ	2003	tāḥ vai etāḥ pravatyaḥ netṛmatyaḥ pathimatyaḥ svastimatyaḥ etasya ___ yājyā anuvākyāḥ	tāḥ vai etāḥ pravatyaḥ netṛmatyaḥ pathimatyaḥ svastimatyaḥ etasya haviṣaḥ yājyā anuvākyāḥ	haviḥ|haviṣā|havīṃṣi	3	mcq
3957	650237_1	10865	6	1	109386	havis	NOUN	Nom.Sing		haviḥ	haviḥ	2003	___ ātithyam nirupyate some rājani āgate	haviḥ ātithyam nirupyate some rājani āgate	haviṣā|havīṃṣi|haviṣaḥ	3	mcq
1424	483823	7669	8	3	56229	udaka	NOUN	Loc.Sing		udake	udake	2002	tasya añjali ___ matsyaḥ su alpaḥ eko 'bhyapadyata	tasya añjali udake matsyaḥ su alpaḥ eko 'bhyapadyata	udakam|udakena|udakaiḥ	3	mcq
10581	464607	7337	5	4	56229	udaka	NOUN	Acc.Sing		udakam	udakam	2002	matsya grāha viśuddham ___ avagāheta	matsya grāha viśuddham udakam avagāheta	udakena|udake|udakaiḥ	3	mcq
10610	464636	7282	7	2	56229	udaka	NOUN	Acc.Sing		udakam	udakam	2002	saha ___ āhārya udakam vā setuṃ bandhayet	saha udakam āhārya udakam vā setuṃ bandhayet	udakena|udake|udakaiḥ	3	mcq
35947	26951	308	8	8	95401	jvara	NOUN	Nom.Plur		jvarāḥ	jvarāḥ	1982	visarpa koṭha kuṣṭha akṣi kaṇḍū pāṇḍu āmaya ___	visarpa koṭha kuṣṭha akṣi kaṇḍū pāṇḍu āmaya jvarāḥ	jvaraḥ|jvaram|jvare	3	mcq
36463	27469	310	6	6	95401	jvara	NOUN	Acc.Plur		jvarān	jvarān	1982	kuṣṭha vaivarṇya vaisvarya purāṇa viṣama ___	kuṣṭha vaivarṇya vaisvarya purāṇa viṣama jvarān	jvaraḥ|jvaram|jvare	3	mcq
36846	27855	1184	8	8	95401	jvara	NOUN	Acc.Plur		jvarān	jvarān	1982	kaṇḍū pāṇḍu tva vīsarpa śopha visphoṭa tṛṣ ___	kaṇḍū pāṇḍu tva vīsarpa śopha visphoṭa tṛṣ jvarān	jvaraḥ|jvaram|jvare	3	mcq
1961	484360	7684	6	1	20217	parvata	NOUN	Acc.Sing		parvataṃ	parvatam	1976	___ dhārayitvā ca śakrāt vṛṣṭiḥ nivāritā	parvataṃ dhārayitvā ca śakrāt vṛṣṭiḥ nivāritā	parvataḥ|parvatāḥ|parvate	3	mcq
13187	646178	11112	6	3	20217	parvata	NOUN	Abl.Sing		parvatād	parvatāt	1976	amuṣmād adhi ___ avatkam asi bheṣajam	amuṣmād adhi parvatād avatkam asi bheṣajam	parvataḥ|parvatam|parvatāḥ	3	mcq
15117	647990	16470	9	2	20217	parvata	NOUN	Acc.Plur		parvatān	parvatān	1976	yaḥ ___ vidadhe 'ti vidvān yo bhūtāni kalpayati prajānan	yaḥ parvatān vidadhe 'ti vidvān yo bhūtāni kalpayati prajānan	parvataḥ|parvatam|parvatāḥ	3	mcq
139	479410	7034	9	2	81534	liṅga	NOUN	Nom.Sing		liṅgaḥ	liṅgaḥ	1968	dvi ___ āryo rāgī eka liṅga dvaya mala varjitaiḥ	dvi liṅgaḥ āryo rāgī eka liṅga dvaya mala varjitaiḥ	liṅgam|liṅgāni|liṅgaiḥ	3	mcq
480	590238	9744	7	4	116329	śakra	NOUN	Nom.Plur		śakrāḥ	śakrāḥ	1968	sutrāma vāstoṣpati dalmi ___ vṛṣā śunāsīra sahasranetrau	sutrāma vāstoṣpati dalmi śakrāḥ vṛṣā śunāsīra sahasranetrau	śakraḥ|śakram|śakrasya	3	mcq
1520	483919	7672	9	1	116329	śakra	NOUN	Nom.Sing		śakro	śakraḥ	1968	___ devair hariṃ stutvā bhuvana īśaḥ sukhī tu abhūt	śakro devair hariṃ stutvā bhuvana īśaḥ sukhī tu abhūt	śakram|śakrasya|śakreṇa	3	mcq
2376	484775	7694	5	1	116329	śakra	NOUN	Gen.Sing		śakrasya	śakrasya	1968	___ ekonapañcāśat sahāyāḥ dīpta tejasaḥ	śakrasya ekonapañcāśat sahāyāḥ dīpta tejasaḥ	śakraḥ|śakram|śakreṇa	3	mcq
7887	75045	488	7	4	81534	liṅga	NOUN	Gen.Plur		liṅgānām	liṅgānām	1968	kṛto 'tra bhinna ___ anuktānāṃ kramād ṛte	kṛto 'tra bhinna liṅgānām anuktānāṃ kramād ṛte	liṅgam|liṅgāni|liṅgaiḥ	3	mcq
7889	75047	488	11	2	81534	liṅga	NOUN	Nom.Sing		liṅgam	liṅgam	1968	niṣiddha ___ śeṣa artham tu anta atha ādi na pūrva bhāj	niṣiddha liṅgam śeṣa artham tu anta atha ādi na pūrva bhāj	liṅgāni|liṅgaiḥ|liṅge	3	mcq
26577	709034	17580	8	1	158146	sidh	VERB	Pres.Ind.3.Plur.NonPass		sidhyanti	sidhyanti	1967	___ sarva kāryāṇi dharme ca asya matir bhavet	sidhyanti sarva kāryāṇi dharme ca asya matir bhavet	sidhyati|sidhyet|sidhyate	3	mcq
38126	29324	3873	9	4	158146	sidh	VERB	Pres.Ind.3.Plur.NonPass		sidhyanti	sidhyanti	1967	samyak sādhyā na ___ te ca rakta prakopa jāḥ	samyak sādhyā na sidhyanti te ca rakta prakopa jāḥ	sidhyati|sidhyet|sidhyate	3	mcq
39571	30772	3961	8	2	158146	sidh	VERB	Pres.Ind.3.Sing.NonPass		sidhyati	sidhyati	1967	na ___ auṣadham yasya na asti tasya cikitsitam	na sidhyati auṣadham yasya na asti tasya cikitsitam	sidhyanti|sidhyet|setsyati	3	mcq
5414	651147	11619	5	1	112582	sāman	NOUN	Loc.Sing		sāman	sāman	1964	___ bhavati ya evaṃ veda	sāman bhavati ya evaṃ veda	sāma|sāmnā|sāmnaḥ	3	mcq
11394	465421	7461	9	3	67242	loha	NOUN	Acc.Sing		lohām	lohām	1964	pañcatriṃśat pala ___ dvisaptati aṅgula āyāmām sama vṛttām kārayet	pañcatriṃśat pala lohām dvisaptati aṅgula āyāmām sama vṛttām kārayet	loham|lohāni|lohānām	3	mcq
11399	465426	7461	9	2	67242	loha	NOUN	Acc.Sing		lohām	lohām	1964	dviguṇa ___ tulām ataḥ ṣaṇṇavati aṅgula āyāmām parimāṇīṃ kārayet	dviguṇa lohām tulām ataḥ ṣaṇṇavati aṅgula āyāmām parimāṇīṃ kārayet	loham|lohāni|lohānām	3	mcq
12628	687454	14382	8	2	112582	sāman	NOUN	Abl.Sing		sāmata	sāmataḥ	1964	yadi ___ oṃ svar janad ity āhavanīye juhuyāt	yadi sāmata oṃ svar janad ity āhavanīye juhuyāt	sāma|sāmnā|sāmnaḥ	3	mcq
12743	687569	11884	8	2	112582	sāman	NOUN	Abl.Sing		sāmata	sāmataḥ	1964	yadi ___ oṃ svar janad ity āhavanīye juhuyāt	yadi sāmata oṃ svar janad ity āhavanīye juhuyāt	sāma|sāmnā|sāmnaḥ	3	mcq
39694	30895	3978	6	2	67242	loha	NOUN	Gen.Dual		lohayoḥ	lohayoḥ	1964	hiraṇya ___ lābhaḥ kalir bandha parājayau	hiraṇya lohayoḥ lābhaḥ kalir bandha parājayau	loham|lohāni|lohānām	3	mcq
46066	37268	4574	6	1	110826	heman	NOUN	Nom.Sing		hema	hem	1955	___ śvetavacā kuṣṭham arkapuṣpī sa kāñcanā	hema śvetavacā kuṣṭham arkapuṣpī sa kāñcanā	hemnā|hemni|hemnaḥ	3	mcq
46067	37269	4574	6	1	110826	heman	NOUN	Nom.Sing		hema	hem	1955	___ matsyākṣakaḥ śaṅkhaḥ kaiḍaryaḥ kanakaṃ vacā	hema matsyākṣakaḥ śaṅkhaḥ kaiḍaryaḥ kanakaṃ vacā	hemnā|hemni|hemnaḥ	3	mcq
50275	41478	1193	8	8	110826	heman	NOUN	Ins.Plur		hembhiḥ	hembhiḥ	1955	yuktaṃ vyastaiḥ samastair vā tāmra ayas rūpya ___	yuktaṃ vyastaiḥ samastair vā tāmra ayas rūpya hembhiḥ	hem|hemnā|hemni	3	mcq
7013	652634_3	12108	9	3	158120	śak	VERB	Pres.Opt.3.Sing.NonPass		śaknuyāt	śaknuyāt	1952	yadi na ___ saḥ agnaye saṃvargāya aṣṭākapālam puroﾱāśam nirvapet	yadi na śaknuyāt saḥ agnaye saṃvargāya aṣṭākapālam puroﾱāśam nirvapet	śakyate|śaknoti|śekuḥ	3	mcq
7802	556343_1	8826	5	3	158120	śak	VERB	Past.Ind.3.Sing.NonPass		aśaknot	aśaknot	1952	tat na ___ vācā grahītum	tat na aśaknot vācā grahītum	śakyate|śaknoti|śekuḥ	3	mcq
7805	556346_1	8826	5	3	158120	śak	VERB	Past.Ind.3.Sing.NonPass		aśaknot	aśaknot	1952	tat na ___ prāṇena grahītum	tat na aśaknot prāṇena grahītum	śakyate|śaknoti|śekuḥ	3	mcq
504	590262	9744	9	1	73816	yama	NOUN	Nom.Sing		yamaḥ	yamaḥ	1949	___ kṛtāntaḥ pitṛ dakṣiṇā āśā pretāt patiḥ daṇḍadharaḥ 'rkasūnuḥ	yamaḥ kṛtāntaḥ pitṛ dakṣiṇā āśā pretāt patiḥ daṇḍadharaḥ 'rkasūnuḥ	yamasya|yamam|yamāya	3	mcq
13867	646815	13227	7	3	73816	yama	NOUN	Acc.Sing		yamaṃ	yamam	1949	yat te ___ vaivasvataṃ mano jagāma dūrakam	yat te yamaṃ vaivasvataṃ mano jagāma dūrakam	yamaḥ|yamasya|yamāya	3	mcq
14097	647028	13309	7	5	73816	yama	NOUN	Acc.Sing		yamam	yamam	1949	upa trikam saṃcavicaṃ tris ___ catur ekajam	upa trikam saṃcavicaṃ tris yamam catur ekajam	yamaḥ|yamasya|yamāya	3	mcq
7394	652777_3	12161	5	5	156126	ās	VERB	Past.Ind.3.Plur.NonPass		āsāṃcakrire	āsāṃcakrire	1947	te ha tat antarvedi ___	te ha tat antarvedi āsāṃcakrire	āste|āsate|āsīta	3	mcq
13918	646858_1	13115	10	3	156126	ās	VERB	Pres.Ind.3.Sing.NonPass		āste	āste	1947	ayam yaḥ ___ jaṭhareṣu antar martyasya haniṣyāmi vām niḥ atas	ayam yaḥ āste jaṭhareṣu antar martyasya haniṣyāmi vām niḥ atas	āsate|āsīta|āstām	3	mcq
14248	647166	11288	9	2	156126	ās	VERB	Pres.Ind.3.Sing.NonPass		āste	āste	1947	ya ___ yaś ca carati yaś ca tiṣṭhan vipaśyati	ya āste yaś ca carati yaś ca tiṣṭhan vipaśyati	āsate|āsīta|āstām	3	mcq
2117	484516	7687	4	1	90696	droṇa	NOUN	Nom.Sing		droṇaḥ	droṇaḥ	1940	___ kāla iva ābabhau	droṇaḥ kāla iva ābabhau	droṇam|droṇasya|droṇena	3	mcq
75286	574527	9767	7	1	90696	droṇa	NOUN	Nom.Sing		droṇo	droṇaḥ	1940	___ abhavat mahā prājñaḥ guruḥ sarva dhanuṣmatām	droṇo abhavat mahā prājñaḥ guruḥ sarva dhanuṣmatām	droṇam|droṇasya|droṇena	3	mcq
76092	575333	9767	8	5	90696	droṇa	NOUN	Nom.Sing		droṇo	droṇaḥ	1940	tat smṛtvā prāpya taṃ ___ vayasyaṃ pārṣataṃ nṛpam	tat smṛtvā prāpya taṃ droṇo vayasyaṃ pārṣataṃ nṛpam	droṇam|droṇasya|droṇena	3	mcq
1596	483995	7675	7	2	157991	rakṣ	VERB	Pres.Imp.2.Sing.NonPass		rakṣa	rakṣa	1929	bāliśe ___ bharatam ātmānaṃ māṃ ca rāghavāt	bāliśe rakṣa bharatam ātmānaṃ māṃ ca rāghavāt	rakṣati|rakṣet|rakṣatu	3	mcq
2182	484581	7689	7	1	157991	rakṣ	VERB	Pres.Imp.2.Sing.NonPass		rakṣa	rakṣa	1929	___ rakṣa iti śaraṇaṃ vadanto jagmuḥ īśvaram	rakṣa rakṣa iti śaraṇaṃ vadanto jagmuḥ īśvaram	rakṣati|rakṣet|rakṣatu	3	mcq
10633	464659	7282	7	1	157991	rakṣ	VERB	Pres.Opt.3.Sing.NonPass		rakṣet	rakṣet	1929	___ pūrva kṛtān rājā navān ca abhipravartayet	rakṣet pūrva kṛtān rājā navān ca abhipravartayet	rakṣa|rakṣati|rakṣatu	3	mcq
4525	650528_1	10955	8	1	157306	vid	VERB	Pres.Sub.2.Sing.NonPass		vidāḥ	vidāḥ	1923	___ deveṣu naḥ duvaḥ iti āśiṣam eva āśāste	vidāḥ deveṣu naḥ duvaḥ iti āśiṣam eva āśāste	vidyate|vindate|vindati	3	mcq
5014	650752_2	11257	6	1	157306	vid	VERB	Past.Ind.2.Sing.NonPass		avidaḥ	avidaḥ	1923	___ yajñam iti eva tat āha	avidaḥ yajñam iti eva tat āha	vidyate|vindate|vindati	3	mcq
6429	652150	11969	10	1	157306	vid	VERB	Pres.Ind.3.Sing.NonPass		vindate	vindate	1923	___ ha vā anucaram bhavaty asya anucaraḥ ya evaṃ veda	vindate ha vā anucaram bhavaty asya anucaraḥ ya evaṃ veda	vidyate|vindet|avindat	3	mcq
5074	650808	11434	9	5	125579	graha	NOUN	Nom.Sing		graho	grahaḥ	1901	sa eṣa indra turīyaḥ ___ gṛhyate yad aindra vāyavaḥ	sa eṣa indra turīyaḥ graho gṛhyate yad aindra vāyavaḥ	graham|grahāḥ|grahān	3	mcq
5225	650958	11252	4	3	125579	graha	NOUN	Nom.Sing		graho	grahaḥ	1901	na sārasvato ___ 'sti	na sārasvato graho 'sti	graham|grahāḥ|grahān	3	mcq
5299	651032	11593	12	3	125579	graha	NOUN	Ins.Plur		grahair	grahaiḥ	1901	taṃ vittaṃ ___ vyagṛhṇata yat vittam grahair vyagṛhṇata tad grahāṇāṃ graha tvam	taṃ vittaṃ grahair vyagṛhṇata yat vittam grahair vyagṛhṇata tad grahāṇāṃ graha tvam	grahaḥ|graham|grahāḥ	3	mcq
10425	464451	7327	9	3	103429	sneha	NOUN	Loc.Sing		snehe	snehe	1896	teṣām ajāta ___ pitari upāṃśu daṇḍaḥ śreyān iti bhāradvājaḥ	teṣām ajāta snehe pitari upāṃśu daṇḍaḥ śreyān iti bhāradvājaḥ	snehaḥ|sneham|snehāt	3	mcq
11292	465319	11917	7	7	103429	sneha	NOUN	Nom.Plur		snehāḥ	snehāḥ	1896	catur bhāgikāḥ tila kusumbha madhūka iṅgudī ___	catur bhāgikāḥ tila kusumbha madhūka iṅgudī snehāḥ	snehaḥ|sneham|snehāt	3	mcq
12459	687285	14310	5	1	103429	sneha	NOUN	Abl.Plur		snehebhyas	snehebhyaḥ	1896	___ te snāvānaṃ spṛṇomi svāhā	snehebhyas te snāvānaṃ spṛṇomi svāhā	snehaḥ|sneham|snehāt	3	mcq
733	590492	9744	8	1	127781	śoka	NOUN	Nom.Sing		śokaḥ	śokaḥ	1887	___ śuc śocanam khedaḥ krodho manyuḥ krudhā ruṣā	śokaḥ śuc śocanam khedaḥ krodho manyuḥ krudhā ruṣā	śokam|śokena|śokāt	3	mcq
1660	484059	7675	6	3	127781	śoka	NOUN	Acc.Sing		śokām	śokām	1887	dṛṣṭvā sa ___ kaikeyīṃ nindayāmāsa duḥkhitaḥ	dṛṣṭvā sa śokām kaikeyīṃ nindayāmāsa duḥkhitaḥ	śokaḥ|śokena|śokāt	3	mcq
13396	646384	11199	9	2	127781	śoka	NOUN	Nom.Sing		śoko	śokaḥ	1887	yadi ___ yady abhiśoko rudrasya prāṇo yadi vāruṇo 'si	yadi śoko yady abhiśoko rudrasya prāṇo yadi vāruṇo 'si	śokam|śokena|śokāt	3	mcq
1474	483873	7670	8	1	31887	amṛta	NOUN	Acc.Sing		amṛtaṃ	amṛtam	1883	___ tad karāt daityāḥ surebhyo 'rdhaṃ pradāya ca	amṛtaṃ tad karāt daityāḥ surebhyo 'rdhaṃ pradāya ca	amṛtasya|amṛtena|amṛte	3	mcq
1495	483894	7670	8	4	31887	amṛta	NOUN	Acc.Sing		amṛtam	amṛtam	1883	a prāpya atha ___ daityā devair yuddhe nipātitāḥ	a prāpya atha amṛtam daityā devair yuddhe nipātitāḥ	amṛtasya|amṛtena|amṛte	3	mcq
1802	484201	7680	9	3	31887	amṛta	NOUN	Ins.Sing		amṛtena	amṛtena	1883	sītā kathā ___ eva siñca māṃ kāma vahni gam	sītā kathā amṛtena eva siñca māṃ kāma vahni gam	amṛtam|amṛtasya|amṛte	3	mcq
1793	484192	7680	8	2	147846	bāṇa	NOUN	Ins.Plur		bāṇaiḥ	bāṇaiḥ	1882	rāma ___ hataḥ sārdhaṃ laṅkā sthaiḥ rākṣasair dhruvam	rāma bāṇaiḥ hataḥ sārdhaṃ laṅkā sthaiḥ rākṣasair dhruvam	bāṇān|bāṇaḥ|bāṇam	3	mcq
1857	484256	7681	7	4	147846	bāṇa	NOUN	Ins.Plur		bāṇaiḥ	bāṇaiḥ	1882	vara dattaiḥ nāga ___ oṣadhyā tau viśalyakau	vara dattaiḥ nāga bāṇaiḥ oṣadhyā tau viśalyakau	bāṇān|bāṇaḥ|bāṇam	3	mcq
2000	484399	7684	8	1	147846	bāṇa	NOUN	Nom.Sing		bāṇo	bāṇaḥ	1882	___ bali sutaḥ tasya sutā uṣā śoṇitaṃ puraṃ	bāṇo bali sutaḥ tasya sutā uṣā śoṇitaṃ puraṃ	bāṇaiḥ|bāṇān|bāṇam	3	mcq
6267	651988	11899	11	2	93275	pāṇi	NOUN	Acc.Sing		pāṇim	pāṇim	1864	hiraṇya ___ ūtaya iti sāvitram ūrdhvavad aṣṭame 'hany aṣṭamasya ahnaḥ rūpam	hiraṇya pāṇim ūtaya iti sāvitram ūrdhvavad aṣṭame 'hany aṣṭamasya ahnaḥ rūpam	pāṇinā|pāṇiḥ|pāṇau	3	mcq
9185	76343	491	6	1	93275	pāṇi	NOUN	Loc.Sing		pāṇau	pāṇau	1864	___ capeṭa pratala prahastāḥ vistṛta aṅgulau	pāṇau capeṭa pratala prahastāḥ vistṛta aṅgulau	pāṇinā|pāṇiḥ|pāṇim	3	mcq
9187	76345	491	7	1	93275	pāṇi	NOUN	Nom.Sing		pāṇiḥ	pāṇiḥ	1864	___ nikubjaḥ prasṛtiḥ tau yutau añjaliḥ pumān	pāṇiḥ nikubjaḥ prasṛtiḥ tau yutau añjaliḥ pumān	pāṇinā|pāṇim|pāṇau	3	mcq
325	590083	9744	7	2	25880	bheda	NOUN	Abl.Sing		bhedāt	bhedāt	1861	nikāya ___ evam syuḥ devāḥ kila caturvidhāḥ	nikāya bhedāt evam syuḥ devāḥ kila caturvidhāḥ	bhedaḥ|bhedena|bhedāḥ	3	mcq
908	506127	7429	6	3	25880	bheda	NOUN	Loc.Plur		bhedeṣu	bhedeṣu	1861	eteṣu prastha ___ palaṃ ṣoḍaśa niṣkakam	eteṣu prastha bhedeṣu palaṃ ṣoḍaśa niṣkakam	bhedaḥ|bhedāt|bhedena	3	mcq
1649	484048	7675	9	2	25880	bheda	NOUN	Abl.Sing		bhedāt	bhedāt	1861	śabda ___ ca kumbhena śabdaṃ kurvaṃś ca tad pitā	śabda bhedāt ca kumbhena śabdaṃ kurvaṃś ca tad pitā	bhedaḥ|bhedena|bhedāḥ	3	mcq
8409	75567	488	6	1	161732	cakra	NOUN	Nom.Plur		cakrāṇi	cakrāṇi	1850	___ puṭabhedāḥ syur bhramāś ca jalanirgamāḥ	cakrāṇi puṭabhedāḥ syur bhramāś ca jalanirgamāḥ	cakram|cakre|cakreṇa	3	mcq
9531	76689	491	9	1	161732	cakra	NOUN	Nom.Sing		cakraṃ	cakram	1850	___ rathāṅgaṃ tasya ante nemiḥ strī syāt pradhiḥ pumān	cakraṃ rathāṅgaṃ tasya ante nemiḥ strī syāt pradhiḥ pumān	cakre|cakreṇa|cakrasya	3	mcq
9832	67910	292	7	4	161732	cakra	NOUN	Nom.Sing		cakraṃ	cakram	1850	daśa nāḍī āśritam ___ nābhi madhye prakīrtitam	daśa nāḍī āśritam cakraṃ nābhi madhye prakīrtitam	cakre|cakreṇa|cakrasya	3	mcq
3110	749029	15106	9	1	157404	vah	VERB	Pres.Ind.3.Plur.NonPass		vahanti	vahanti	1845	___ ha vā enaṃ tanti sambaddhāḥ ya evaṃ veda	vahanti ha vā enaṃ tanti sambaddhāḥ ya evaṃ veda	vaha|vahati|vahantu	3	mcq
15923	648743	14607	9	2	157404	vah	VERB	Pres.Imp.2.Sing.NonPass		vaha	vaha	1845	yukto ___ jātavedaḥ purastād agne viddhi kriyamāṇaṃ yathā idam	yukto vaha jātavedaḥ purastād agne viddhi kriyamāṇaṃ yathā idam	vahanti|vahati|vahantu	3	mcq
18347	634233_1	10501	8	4	157404	vah	VERB	Pres.Imp.3.Dual.NonPass		vahatām	vahatām	1845	tau iha ā ___ sphātim bahum bhūmānam akṣitam	tau iha ā vahatām sphātim bahum bhūmānam akṣitam	vahanti|vaha|vahati	3	mcq
1622	484021	7675	8	3	49804	bhāryā	NOUN	Nom.Sing		bhāryā	bhāryā	1841	yā tvaṃ ___ kālarātrī bharato na īdṛśaḥ sutaḥ	yā tvaṃ bhāryā kālarātrī bharato na īdṛśaḥ sutaḥ	bhāryām|bhāryayā|bhāryāḥ	3	mcq
2044	484443	7686	6	1	49804	bhāryā	NOUN	Nom.Dual		bhārye	bhārye	1841	___ vicitravīryasya yakṣmaṇā sa divaṃ gataḥ	bhārye vicitravīryasya yakṣmaṇā sa divaṃ gataḥ	bhāryā|bhāryām|bhāryayā	3	mcq
2246	484645	7692	7	3	49804	bhāryā	NOUN	Abl.Sing		bhāryāyāḥ	bhāryāyāḥ	1841	kāmyāṃ kardama ___ samrāṭ kukṣiḥ virāj prabhuḥ	kāmyāṃ kardama bhāryāyāḥ samrāṭ kukṣiḥ virāj prabhuḥ	bhāryā|bhāryām|bhāryayā	3	mcq
4476	650496_2	10950	6	4	167152	vadha	NOUN	Nom.Sing		vadhaḥ	vadhaḥ	1838	saḥ eṣa dviṣataḥ ___ udyataḥ tiṣṭhati	saḥ eṣa dviṣataḥ vadhaḥ udyataḥ tiṣṭhati	vadham|vadhe|vadhāya	3	mcq
9650	76808	491	7	6	167152	vadha	NOUN	Nom.Plur		vadhāḥ	vadhāḥ	1838	ālambha piñja viśara ghāta unmātha ___ api	ālambha piñja viśara ghāta unmātha vadhāḥ api	vadham|vadhaḥ|vadhe	3	mcq
10426	464452	7327	9	3	167152	vadha	NOUN	Nom.Sing		vadhaḥ	vadhaḥ	1838	nṛśaṃsam aduṣṭa ___ kṣatra bīja vināśaḥ ca iti viśālākṣaḥ	nṛśaṃsam aduṣṭa vadhaḥ kṣatra bīja vināśaḥ ca iti viśālākṣaḥ	vadham|vadhe|vadhāya	3	mcq
2876	748806	14967	9	1	115509	śatru	NOUN	Nom.Sing		śatrur	śatruḥ	1835	___ dāsāya bhiyasaṃ dadhāti iti sarvaṃ hy etasmād bībhāya	śatrur dāsāya bhiyasaṃ dadhāti iti sarvaṃ hy etasmād bībhāya	śatrūn|śatrum|śatravaḥ	3	mcq
3862	650199_4	10860	6	2	115509	śatru	NOUN	Acc.Plur		śatrūn	śatrūn	1835	āre ___ kṛṇuhi sarva vīra iti	āre śatrūn kṛṇuhi sarva vīra iti	śatruḥ|śatrum|śatravaḥ	3	mcq
9440	76598	491	7	7	115509	śatru	NOUN	Nom.Plur		śatravaḥ	śatravaḥ	1835	dviḍ vipakṣa āhita amitra dasyu śātrava ___	dviḍ vipakṣa āhita amitra dasyu śātrava śatravaḥ	śatrūn|śatruḥ|śatrum	3	mcq
1147	506366	7430	7	3	11866	antara	NOUN	Loc.Sing		antare	antare	1834	śukla vastra ___ kṣiptvā rasena bhāvayed budhaḥ	śukla vastra antare kṣiptvā rasena bhāvayed budhaḥ	antaram|antareṇa|antarāt	3	mcq
2510	484954	7280	7	1	11866	antara	NOUN	Nom.Sing		antaraṃ	antaram	1834	___ tri aṅgulam jñeyaṃ cibukasya aṃsakasya ca	antaraṃ tri aṅgulam jñeyaṃ cibukasya aṃsakasya ca	antare|antareṇa|antarāt	3	mcq
3540	650034_2	10828	5	2	11866	antara	NOUN	Ins.Sing		antareṇa	antareṇa	1834	tad ___ sarvāḥ anyāḥ devatāḥ	tad antareṇa sarvāḥ anyāḥ devatāḥ	antare|antaram|antarāt	3	mcq
15070	647943	16466	10	1	134152	krodha	NOUN	Acc.Sing		krodhaṃ	krodham	1834	___ manyum anṛtaṃ bhāmaṃ duruktam abhiśocanam āre yakṣmaṃ ni dadhmasi	krodhaṃ manyum anṛtaṃ bhāmaṃ duruktam abhiśocanam āre yakṣmaṃ ni dadhmasi	krodhaḥ|krodhāt|krodhena	3	mcq
22455	638124	11414	6	1	134152	krodha	NOUN	Nom.Sing		krodho	krodhaḥ	1834	___ vṛkkau manyur āṇḍau prajā śepaḥ	krodho vṛkkau manyur āṇḍau prajā śepaḥ	krodhāt|krodham|krodhena	3	mcq
39120	30321	1180	9	1	134152	krodha	NOUN	Ins.Sing		krodhena	krodhena	1834	___ madyena raveś ca bhāsā rāgaṃ vrajanty āśu vilocanāni	krodhena madyena raveś ca bhāsā rāgaṃ vrajanty āśu vilocanāni	krodhaḥ|krodhāt|krodham	3	mcq
16562	649363	17506	6	1	157617	dhāray	VERB	Pres.Imp.3.Sing.NonPass		dhārayatu	dhārayatu	1833	___ prajāpatiḥ punar punar su vaptave	dhārayatu prajāpatiḥ punar punar su vaptave	dhārayet|dhārayati|dhārayanti	3	mcq
18075	633979	10481	6	2	157617	dhāray	VERB	Impf.Ind.3.Plur.NonPass		adhārayan	adhārayan	1833	aśreṣmāṇo ___ tathā tan manunā kṛtam	aśreṣmāṇo adhārayan tathā tan manunā kṛtam	dhārayet|dhārayati|dhārayanti	3	mcq
21754	637515	12228	7	2	157617	dhāray	VERB	Pres.Imp.3.Sing.NonPass		dhārayatu	dhārayatu	1833	parisṛṣṭaṃ ___ yat hitam mā avapādi tat	parisṛṣṭaṃ dhārayatu yat hitam mā avapādi tat	dhārayet|dhārayati|dhārayanti	3	mcq
1771	484170	7680	7	2	15670	patnī	NOUN	Nom.Sing		patnī	patnī	1829	rāma ___ jānakī tvaṃ rāvaṇena hṛtā balāt	rāma patnī jānakī tvaṃ rāvaṇena hṛtā balāt	patnīm|patnīḥ|patnyaḥ	3	mcq
1996	484395	7684	9	4	15670	patnī	NOUN	Nom.Sing		patnī	patnī	1829	hṛtā na tasya ___ tvaṃ māyā jñaḥ śambaraṃ jahi	hṛtā na tasya patnī tvaṃ māyā jñaḥ śambaraṃ jahi	patnīm|patnīḥ|patnyaḥ	3	mcq
9025	76183	491	5	1	15670	patnī	NOUN	Nom.Sing		patnī	patnī	1829	___ pāṇigṛhītī ca dvitīyā sahadharmiṇī	patnī pāṇigṛhītī ca dvitīyā sahadharmiṇī	patnīm|patnīḥ|patnyaḥ	3	mcq
3418	749346	15209	9	5	157419	bhṛ	VERB	Pres.Imp.2.Sing.NonPass		bhara	bhara	1822	viśvatodāvan viśvato na ā ___ yam tvā śaviṣṭham īmahe	viśvatodāvan viśvato na ā bhara yam tvā śaviṣṭham īmahe	bibharti|bibhṛyāt|bibharṣi	3	mcq
3995	650260_1	10866	7	2	157419	bhṛ	VERB	Pres.Ind.3.Plur.NonPass		bibhrati	bibhrati	1822	na ___ viśām agnim su adhvaram iti	na bibhrati viśām agnim su adhvaram iti	bibharti|bhara|bibhṛyāt	3	mcq
4298	650402	10916	6	5	157419	bhṛ	VERB	Past.Ind.3.Plur.NonPass		jabhruḥ	jabhruḥ	1822	śaśvat kṛtva īḍyāya pra ___ iti	śaśvat kṛtva īḍyāya pra jabhruḥ iti	bibharti|bhara|bibhṛyāt	3	mcq
10061	87040	586	8	2	131506	śāstra	NOUN	Acc.Plur		śāstrāṇy	śāstrāṇi	1816	oṃ ___ adhītya medhāvī abhyasya ca punaḥ punaḥ	oṃ śāstrāṇy adhītya medhāvī abhyasya ca punaḥ punaḥ	śāstram|śāstre|śāstreṣu	3	mcq
10140	464152	5776	6	3	131506	śāstra	NOUN	Nom.Sing		śāstram	śāstram	1816	kṛtsnaṃ hi ___ idam indriya jayaḥ	kṛtsnaṃ hi śāstram idam indriya jayaḥ	śāstre|śāstreṣu|śāstrāt	3	mcq
10966	464993	7291	6	2	131506	śāstra	NOUN	Acc.Plur		śāstrāṇi	śāstrāṇi	1816	sarva ___ anukramya prayogam upalabhya ca	sarva śāstrāṇi anukramya prayogam upalabhya ca	śāstram|śāstre|śāstreṣu	3	mcq
3867	650202_1	10860	4	1	74154	yaśas	NOUN	Nom.Sing		yaśaḥ	yaśaḥ	1808	___ vai somaḥ rājā	yaśaḥ vai somaḥ rājā	yaśasā|yaśasaḥ|yaśase	3	mcq
5024	650762	11257	5	4	74154	yaśas	NOUN	Acc.Sing		yaśo	yaśaḥ	1808	yo a madhavyaḥ ___ bubhūṣet	yo a madhavyaḥ yaśo bubhūṣet	yaśāḥ|yaśasā|yaśasaḥ	3	mcq
7282	652734_4	12139	5	1	74154	yaśas	NOUN	Ins.Sing		yaśasā	yaśasā	1808	___ eva enam tat samardhayati	yaśasā eva enam tat samardhayati	yaśaḥ|yaśāḥ|yaśasaḥ	3	mcq
1871	484270	7681	7	2	96855	tala	NOUN	Loc.Sing		tale	tale	1800	bhū ___ pātitaḥ sarvai rākṣasai ruruduḥ striyaḥ	bhū tale pātitaḥ sarvai rākṣasai ruruduḥ striyaḥ	talam|talāt|talena	3	mcq
2119	484518	7687	7	7	96855	tala	NOUN	Loc.Sing		tale	tale	1800	dhṛṣṭadyumna śara ākrāntaḥ patitaḥ sa mahī ___	dhṛṣṭadyumna śara ākrāntaḥ patitaḥ sa mahī tale	talam|talāt|talena	3	mcq
10671	464696_1	7284	9	2	96855	tala	NOUN	Gen.Sing		talasya	talasya	1800	ādi ___ pañca bhāgāḥ śālāḥ vāpī sīmā gṛham ca	ādi talasya pañca bhāgāḥ śālāḥ vāpī sīmā gṛham ca	tale|talam|talāt	3	mcq
2628	748652_1	14905	7	1	111085	hotṛ	NOUN	Nom.Sing		hotā	hotā	1796	___ ajaniṣṭa cetanaḥ iti prajā paśu kāmaḥ	hotā ajaniṣṭa cetanaḥ iti prajā paśu kāmaḥ	hotāram|hotar|hotuḥ	3	mcq
3586	650055_2	10834	7	1	111085	hotṛ	NOUN	Nom.Sing		hotā	hotā	1796	___ iti enam ācakṣate yaḥ evam veda	hotā iti enam ācakṣate yaḥ evam veda	hotāram|hotar|hotuḥ	3	mcq
4337	650428_1	10916	5	2	111085	hotṛ	NOUN	Nom.Sing		hotā	hotā	1796	ni ___ hotṛṣadane vidānaḥ iti	ni hotā hotṛṣadane vidānaḥ iti	hotāram|hotar|hotuḥ	3	mcq
56511	670525	16602	8	1	159787	ādhā	VERB	Pres.Ind.3.Plur.NonPass		ādadhati	ādadhati	1795	___ yad ādheyaṃ bhavati nīḍe gārhapatyaṃ prauga āhavanīyam	ādadhati yad ādheyaṃ bhavati nīḍe gārhapatyaṃ prauga āhavanīyam	ādadhāti|ādhatte|ādadhīta	3	mcq
62867	90109	672	8	1	159787	ādhā	VERB	Impf.Ind.3.Sing.NonPass		ādhatta	ādhatta	1795	___ ambhaḥ rasa mayam kāla māyā aṃśa yogāt	ādhatta ambhaḥ rasa mayam kāla māyā aṃśa yogāt	ādadhāti|ādhatte|ādadhīta	3	mcq
64520	91766	952	8	2	159787	ādhā	VERB	Impf.Ind.3.Sing.NonPass		ādhatta	ādhatta	1795	tasyām ___ retas tāṃ bhāvayann ātmanā ātma vid	tasyām ādhatta retas tāṃ bhāvayann ātmanā ātma vid	ādadhāti|ādhatte|ādadhīta	3	mcq
2732	748718_1	14946	4	4	157408	śaṃs	VERB	Pres.Ind.3.Sing.NonPass		śaṃsati	śaṃsati	1785	tat aniruktam prājāpatyam ___	tat aniruktam prājāpatyam śaṃsati	śasyate|śaṃsanti|śaśaṃsa	3	mcq
2742	748722_4	14946	6	4	157408	śaṃs	VERB	Pres.Ind.3.Sing.NonPass		śaṃsati	śaṃsati	1785	tat yat bhāradvājam ___ pāpmanaḥ apahatyai	tat yat bhāradvājam śaṃsati pāpmanaḥ apahatyai	śasyate|śaṃsanti|śaśaṃsa	3	mcq
2946	748876	15018	8	2	157408	śaṃs	VERB	Pres.Ind.3.Sing.NonPass		śaṃsati	śaṃsati	1785	daśamīṃ ___ tvak keśā ity eva sā bhavati	daśamīṃ śaṃsati tvak keśā ity eva sā bhavati	śasyate|śaṃsanti|śaśaṃsa	3	mcq
46511	37714	4590	6	1	33015	nāga	NOUN	Gen.Plur		nāgānāṃ	nāgānām	1785	___ sumanas lāja guḍāpūpa guḍa odanaiḥ	nāgānāṃ sumanas lāja guḍāpūpa guḍa odanaiḥ	nāgāḥ|nāgaḥ|nāgaiḥ	3	mcq
46738	37941	4596	7	3	33015	nāga	NOUN	Gen.Plur		nāgānām	nāgānām	1785	godhā nakula ___ pṛṣata ṛkṣa gavām api	godhā nakula nāgānām pṛṣata ṛkṣa gavām api	nāgāḥ|nāgaḥ|nāgaiḥ	3	mcq
74960	574200	9767	7	2	33015	nāga	NOUN	Acc.Plur		nāgān	nāgān	1785	stutvā ___ dadarśa agre vicitraṃ bhujaga ālaye	stutvā nāgān dadarśa agre vicitraṃ bhujaga ālaye	nāgāḥ|nāgaḥ|nāgaiḥ	3	mcq
35548	556226	8847	6	2	159834	prī	VERB	Pres.Ind.3.Sing.Pass		prīyate	prīyate	1770	na ___ vandyamāno nindyamāno na kupyati	na prīyate vandyamāno nindyamāno na kupyati	prīṇāti|prīyatām|prīṇātu	3	mcq
53011	519970	15293	9	7	159834	prī	VERB	Pres.Ind.3.Sing.NonPass		prīṇāti	prīṇāti	1770	niraṅguṣṭhaṃ tu yad dattaṃ na tat ___ vai pitṝn	niraṅguṣṭhaṃ tu yad dattaṃ na tat prīṇāti vai pitṝn	prīyatām|prīyate|prīṇātu	3	mcq
85179	584420	9728	8	1	159834	prī	VERB	Pres.Ind.1.Sing.NonPass		prīṇāmi	prīṇāmi	1770	___ nirbharaṃ cetaḥ tam iti ūce pitā tataḥ	prīṇāmi nirbharaṃ cetaḥ tam iti ūce pitā tataḥ	prīṇāti|prīyatām|prīyate	3	mcq
4314	650415_1	10916	10	3	87673	janman	NOUN	Abl.Sing		janmanaḥ	janmanaḥ	1757	amṛtāt iva ___ iti amṛta tvam eva asmin tat dadhāti	amṛtāt iva janmanaḥ iti amṛta tvam eva asmin tat dadhāti	janma|janmani|janmanā	3	mcq
5744	651472	11726	11	2	87673	janman	NOUN	Gen.Sing		janmana	janmanaḥ	1757	mṛcayasya ___ ity asau vāva marcayati iva tena sūryaṃ na atiśaṃsati	mṛcayasya janmana ity asau vāva marcayati iva tena sūryaṃ na atiśaṃsati	janma|janmani|janmanā	3	mcq
6225	651946	11887	11	3	87673	janman	NOUN	Dat.Sing		janmana	janmane	1757	ayaṃ devāya ___ ity ārbhavaṃ jātavat saptame 'hani saptamasya ahnaḥ rūpam	ayaṃ devāya janmana ity ārbhavaṃ jātavat saptame 'hani saptamasya ahnaḥ rūpam	janma|janmani|janmanā	3	mcq
410	590168	9744	7	1	135351	kṣaṇa	NOUN	Nom.Sing		kṣaṇaḥ	kṣaṇaḥ	1754	___ taiḥ pañcadaśabhiḥ kṣaṇaiḥ ṣaḍbhiḥ tu nāḍikā	kṣaṇaḥ taiḥ pañcadaśabhiḥ kṣaṇaiḥ ṣaḍbhiḥ tu nāḍikā	kṣaṇāt|kṣaṇam|kṣaṇena	3	mcq
3568	650047_3	10828	5	2	38726	ṛtu	NOUN	Nom.Plur		ṛtavaḥ	ṛtavaḥ	1754	pañca ___ hemanta śiśirayoḥ samāsena	pañca ṛtavaḥ hemanta śiśirayoḥ samāsena	ṛtau|ṛtūn|ṛtubhiḥ	3	mcq
3885	650212_1	10860	4	1	38726	ṛtu	NOUN	Ins.Plur		ṛtubhiḥ	ṛtubhiḥ	1754	___ vardhatu kṣayam iti	ṛtubhiḥ vardhatu kṣayam iti	ṛtavaḥ|ṛtau|ṛtūn	3	mcq
3886	650212_2	10860	8	1	38726	ṛtu	NOUN	Nom.Plur		ṛtavaḥ	ṛtavaḥ	1754	___ vai somasya rājñaḥ rāja bhrātaraḥ yathā manuṣyasya	ṛtavaḥ vai somasya rājñaḥ rāja bhrātaraḥ yathā manuṣyasya	ṛtau|ṛtūn|ṛtubhiḥ	3	mcq
8152	75310	488	9	4	135351	kṣaṇa	NOUN	Nom.Sing		kṣaṇaḥ	kṣaṇaḥ	1754	tāḥ tu triṃśat ___ te tu muhūrto dvādaśa astryām	tāḥ tu triṃśat kṣaṇaḥ te tu muhūrto dvādaśa astryām	kṣaṇāt|kṣaṇam|kṣaṇena	3	mcq
35168	555846	8787	8	2	135351	kṣaṇa	NOUN	Abl.Sing		kṣaṇāt	kṣaṇāt	1754	tad ___ bandha nirmuktaḥ sva rūpa sthaḥ bhaviṣyasi	tad kṣaṇāt bandha nirmuktaḥ sva rūpa sthaḥ bhaviṣyasi	kṣaṇam|kṣaṇena|kṣaṇe	3	mcq
343	590101	9744	5	4	105325	savitṛ	NOUN	Gen.Sing		savituḥ	savituḥ	1738	aṣṭādaśa māṭhara ādyāḥ ___ paripārśvakāḥ	aṣṭādaśa māṭhara ādyāḥ savituḥ paripārśvakāḥ	savitā|savitar|savitāram	3	mcq
3719	650138_1	10847	10	2	105325	savitṛ	NOUN	Acc.Sing		savitāram	savitāram	1738	yat ___ yajati tasmāt uttaratas paścāt ayam bhūyiṣṭham pavamānaḥ pavate	yat savitāram yajati tasmāt uttaratas paścāt ayam bhūyiṣṭham pavamānaḥ pavate	savitā|savituḥ|savitar	3	mcq
3974	650246_1	10866	4	1	105325	savitṛ	NOUN	Nom.Sing		savitā	savitā	1738	___ vai prasavānām īśe	savitā vai prasavānām īśe	savituḥ|savitar|savitāram	3	mcq
4167	650345_3	10894	8	1	130069	gandharva	NOUN	Nom.Sing		gandharvaḥ	gandharvaḥ	1738	___ itthā padam asya rakṣati iti kharam avekṣate	gandharvaḥ itthā padam asya rakṣati iti kharam avekṣate	gandharvāḥ|gandharvaiḥ|gandharvān	3	mcq
4287	650396_2	10912	5	1	130069	gandharva	NOUN	Loc.Plur		gandharveṣu	gandharveṣu	1738	___ hi tarhi vāc bhavati	gandharveṣu hi tarhi vāc bhavati	gandharvāḥ|gandharvaḥ|gandharvaiḥ	3	mcq
8946	76104	491	6	1	130069	gandharva	NOUN	Nom.Sing		gandharvaḥ	gandharvaḥ	1738	___ śarabho rāmaḥ sṛmaro gavayaḥ śaśaḥ	gandharvaḥ śarabho rāmaḥ sṛmaro gavayaḥ śaśaḥ	gandharvāḥ|gandharvaiḥ|gandharvān	3	mcq
1435	483834	7669	6	1	79101	māyā	NOUN	Ins.Sing		māyayā	māyayā	1733	___ mohayasi māṃ kimarthaṃ tvaṃ janārdana	māyayā mohayasi māṃ kimarthaṃ tvaṃ janārdana	māyā|māyām|māyāḥ	3	mcq
1487	483886	7670	7	1	79101	māyā	NOUN	Ins.Sing		māyayā	māyayā	1733	___ mohitaḥ śambhuḥ gaurīṃ tyaktvā striyaṃ gataḥ	māyayā mohitaḥ śambhuḥ gaurīṃ tyaktvā striyaṃ gataḥ	māyā|māyām|māyāḥ	3	mcq
1492	483891	7670	10	1	79101	māyā	NOUN	Nom.Sing		māyā	māyā	1733	___ iyam iti tāṃ jñātvā sva rūpa sthaḥ abhavat haraḥ	māyā iyam iti tāṃ jñātvā sva rūpa sthaḥ abhavat haraḥ	māyayā|māyām|māyāḥ	3	mcq
3252	749171	15171	5	2	5484	akṣara	NOUN	Abl.Sing		akṣarād	akṣarāt	1730	yad ___ akṣaram eti yuktam	yad akṣarād akṣaram eti yuktam	akṣarā|akṣaram|akṣareṇa	3	mcq
3270	749189	15171	11	2	5484	akṣara	NOUN	Ins.Sing		akṣareṇa	akṣareṇa	1730	jīva ___ eva jīva ahar āpnoti jīva ahnā jīva akṣaram iti	jīva akṣareṇa eva jīva ahar āpnoti jīva ahnā jīva akṣaram iti	akṣarā|akṣaram|akṣarāṇi	3	mcq
3549	650040_2	10828	4	2	5484	akṣara	NOUN	Nom.Sing		akṣarā	akṣarā	1730	aṣṭa ___ vai gāyatrī	aṣṭa akṣarā vai gāyatrī	akṣaram|akṣareṇa|akṣarāṇi	3	mcq
10529	464555	7331	7	1	100609	dakṣiṇā	NOUN	Nom.Sing		dakṣiṇā	dakṣiṇā	1720	___ vṛtti sāmyam tu dīkṣā tasya abhiṣecanam	dakṣiṇā vṛtti sāmyam tu dīkṣā tasya abhiṣecanam	dakṣiṇām|dakṣiṇāḥ|dakṣiṇaiḥ	3	mcq
15229	648102	16498	10	1	100609	dakṣiṇā	NOUN	Loc.Sing		dakṣiṇāyāṃ	dakṣiṇāyām	1720	___ varco adhi yan mayi devā rāṣṭra bhṛtaḥ tad akran	dakṣiṇāyāṃ varco adhi yan mayi devā rāṣṭra bhṛtaḥ tad akran	dakṣiṇā|dakṣiṇām|dakṣiṇāḥ	3	mcq
15741	648587_1	10951	8	1	100609	dakṣiṇā	NOUN	Acc.Sing		dakṣiṇām	dakṣiṇām	1720	___ sūryām aditim vadanti vaśām vācam kalpayantaḥ samānīm	dakṣiṇām sūryām aditim vadanti vaśām vācam kalpayantaḥ samānīm	dakṣiṇā|dakṣiṇāḥ|dakṣiṇaiḥ	3	mcq
1563	483962	7673	6	1	91820	dhanus	NOUN	Acc.Sing		dhanuḥ	dhanuḥ	1718	___ āpūrayāmāsa līlayā sa babhañja tat	dhanuḥ āpūrayāmāsa līlayā sa babhañja tat	dhanuṣā|dhanuṣaḥ|dhanuṣi	3	mcq
1869	484268	7681	7	1	91820	dhanus	NOUN	Acc.Sing		dhanuḥ	dhanuḥ	1718	___ bāhūn śirāṃsi eva uttiṣṭhanti śirāṃsi hi	dhanuḥ bāhūn śirāṃsi eva uttiṣṭhanti śirāṃsi hi	dhanuṣā|dhanuṣaḥ|dhanuṣi	3	mcq
2168	484567	7688	10	2	91820	dhanus	NOUN	Nom.Sing		dhanuḥ	dhanuḥ	1718	tat ___ tāni ca astrāṇi sa rathaḥ te ca vājinaḥ	tat dhanuḥ tāni ca astrāṇi sa rathaḥ te ca vājinaḥ	dhanuṣā|dhanuṣaḥ|dhanuṣi	3	mcq
4488	650501_1	10950	9	1	95369	jyotis	NOUN	Nom.Sing		jyotiḥ	jyotiḥ	1712	___ sveṣu bhavati śreṣṭhaḥ svānām bhavati yaḥ evam veda	jyotiḥ sveṣu bhavati śreṣṭhaḥ svānām bhavati yaḥ evam veda	jyotiṣā|jyotiṣām|jyotīṃṣi	3	mcq
4772	650641_2	11081	8	2	95369	jyotis	NOUN	Ins.Sing		jyotiṣā	jyotiṣā	1712	tena ___ yajamānaḥ puras jyotiḥ svargam lokam eti	tena jyotiṣā yajamānaḥ puras jyotiḥ svargam lokam eti	jyotiḥ|jyotiṣām|jyotīṃṣi	3	mcq
5731	651459	11726	7	3	95369	jyotis	NOUN	Nom.Sing		jyotis	jyotiḥ	1712	asau vāva ___ tena sūryaṃ na atiśaṃsati	asau vāva jyotis tena sūryaṃ na atiśaṃsati	jyotiṣā|jyotiṣām|jyotīṃṣi	3	mcq
5171	650904	11536	7	2	156585	jap	VERB	Pres.Ind.3.Sing.NonPass		japaty	japati	1702	upāṃśu ___ upāṃśv iva vai retasaḥ siktiḥ	upāṃśu japaty upāṃśv iva vai retasaḥ siktiḥ	japet|jajāpa|japanti	3	mcq
53548	520507	15314	6	1	156585	jap	VERB	Pres.Opt.3.Sing.NonPass		japed	japet	1702	___ aghamarṣaṇaṃ sūktaṃ payasā dvādaśa kṣapāḥ	japed aghamarṣaṇaṃ sūktaṃ payasā dvādaśa kṣapāḥ	japati|jajāpa|japanti	3	mcq
54565	436845	15845	6	6	156585	jap	VERB	Pres.Opt.3.Sing.NonPass		japet	japet	1702	tisras tantumatīr hutvā catasro vāruṇīr ___	tisras tantumatīr hutvā catasro vāruṇīr japet	japati|jajāpa|japanti	3	mcq
147	479418	7034	8	2	90781	dvaya	NOUN	Nom.Sing		dvayam	dvayam	1697	mūla ___ ahiṃsā ca vīryaṃ ca kuśale sadā	mūla dvayam ahiṃsā ca vīryaṃ ca kuśale sadā	dvaye|dvayena|dvayasya	3	mcq
256	590014	9741	8	5	90781	dvaya	NOUN	Loc.Sing		dvaye	dvaye	1697	sāgre ca gavyūti śata ___ rujā vaira ītayaḥ	sāgre ca gavyūti śata dvaye rujā vaira ītayaḥ	dvayam|dvayena|dvayasya	3	mcq
970	506189	7429	11	2	90781	dvaya	NOUN	Loc.Sing		dvaye	dvaye	1697	yāma ___ tu svarasā vasāś ca jīryanti te sapta ghaṭīṣu sadyaḥ	yāma dvaye tu svarasā vasāś ca jīryanti te sapta ghaṭīṣu sadyaḥ	dvayam|dvayena|dvayasya	3	mcq
14882	647755	15390	7	3	96528	tamas	NOUN	Abl.Sing		tamasas	tamasaḥ	1695	ud vayaṃ ___ pari jyotiṣ paśyanta uttaram	ud vayaṃ tamasas pari jyotiṣ paśyanta uttaram	tamaḥ|tamasā|tamasi	3	mcq
17807	633739	11134	6	1	96528	tamas	NOUN	Nom.Plur		tamāṃsi	tamāṃsi	1695	___ yatra gacchanti tat kravyādo ajīgamam	tamāṃsi yatra gacchanti tat kravyādo ajīgamam	tamaḥ|tamasā|tamasi	3	mcq
19429	635241_2	10664	6	1	96528	tamas	NOUN	Abl.Sing		tamasaḥ	tamasaḥ	1695	___ iva jyotiḥ ud etu sūryaḥ	tamasaḥ iva jyotiḥ ud etu sūryaḥ	tamaḥ|tamasā|tamasi	3	mcq
13485	646473	11322	7	2	32874	arka	NOUN	Nom.Sing		arkaḥ	arkaḥ	1694	eka ___ eka kāmāya yasmai kāmāya khāyase	eka arkaḥ eka kāmāya yasmai kāmāya khāyase	arkam|arkaiḥ|arkasya	3	mcq
14760	647634	11436	9	2	32874	arka	NOUN	Nom.Sing		arkaḥ	arkaḥ	1694	yasminn ___ śiśriye yasminn ojaḥ sa no muñcatv aṃhasaḥ	yasminn arkaḥ śiśriye yasminn ojaḥ sa no muñcatv aṃhasaḥ	arkam|arkaiḥ|arkasya	3	mcq
18881	634731	10548	9	2	32874	arka	NOUN	Nom.Sing		arkaḥ	arkaḥ	1694	yasminn ___ śiśriye yasminn ojaḥ sa no muñcatv aṃhasaḥ	yasminn arkaḥ śiśriye yasminn ojaḥ sa no muñcatv aṃhasaḥ	arkam|arkaiḥ|arkasya	3	mcq
806	590565	9744	7	1	49047	bhartṛ	NOUN	Nom.Sing		bhartā	bhartā	1693	___ aryaputraḥ mātā ambā bhadantāḥ saugata ādayaḥ	bhartā aryaputraḥ mātā ambā bhadantāḥ saugata ādayaḥ	bhartuḥ|bhartāram|bhartrā	3	mcq
1682	484081	7676	9	5	49047	bhartṛ	NOUN	Nom.Sing		bhartā	bhartā	1693	kaḥ tvam kasmāt samāyātaḥ ___ me bhava ca arthitaḥ	kaḥ tvam kasmāt samāyātaḥ bhartā me bhava ca arthitaḥ	bhartuḥ|bhartāram|bhartrā	3	mcq
10854	464881	7290	11	5	49047	bhartṛ	NOUN	Gen.Sing		bhartuḥ	bhartuḥ	1693	na ca a nivedya ___ kaṃcid ārambhaṃ kuryuḥ anyatra āpad pratīkārebhyaḥ	na ca a nivedya bhartuḥ kaṃcid ārambhaṃ kuryuḥ anyatra āpad pratīkārebhyaḥ	bhartā|bhartāram|bhartrā	3	mcq
1393	483792	7592	7	7	169021	nṛ	NOUN	Gen.Plur		nṛṇām	nṝṇām	1685	bhukti mukti pradam divyaṃ paṭhatāṃ śṛṇvatāṃ ___	bhukti mukti pradam divyaṃ paṭhatāṃ śṛṇvatāṃ nṛṇām	naraḥ|nṛbhiḥ|nā	3	mcq
3357	749285	15202	8	1	169021	nṛ	NOUN	Gen.Plur		nṛṇām	nṛṇām	1685	___ u tvā nṛtamaṃ gīrbhir ukthair iti tisraḥ	nṛṇām u tvā nṛtamaṃ gīrbhir ukthair iti tisraḥ	naraḥ|nṛbhiḥ|nā	3	mcq
8290	75448	488	6	1	169021	nṛ	NOUN	Gen.Plur		nṝṇām	nṝṇām	1685	___ urasi madhya sthaḥ dvāviṃśatividho dhvaniḥ	nṝṇām urasi madhya sthaḥ dvāviṃśatividho dhvaniḥ	naraḥ|nṛbhiḥ|nā	3	mcq
14355	647269	11312	11	1	123968	giri	NOUN	Acc.Sing		girim	girim	1682	___ enā ā veśaya tamāṃsi yatra gachāṃs tat pāpīr api pādaya	girim enā ā veśaya tamāṃsi yatra gachāṃs tat pāpīr api pādaya	giriḥ|gireḥ|girau	3	mcq
14549	647432_1	11409	4	1	123968	giri	NOUN	Acc.Sing		girim	girim	1682	___ gaccha dhūma keto	girim gaccha dhūma keto	giriḥ|gireḥ|girau	3	mcq
15621	648472	10918	9	1	123968	giri	NOUN	Acc.Sing		giriṃ	girim	1682	___ gaccha giri jāḥ asi girau te māhiṣo gṛhaḥ	giriṃ gaccha giri jāḥ asi girau te māhiṣo gṛhaḥ	giriḥ|gireḥ|girau	3	mcq
835	506054	7429	9	1	75677	vahni	NOUN	Nom.Sing		vahniḥ	vahniḥ	1680	___ śītala tām himaṃ dahana tām āyāti yasya icchayā	vahniḥ śītala tām himaṃ dahana tām āyāti yasya icchayā	vahnim|vahninā|vahnau	3	mcq
8011	75169	488	8	1	75677	vahni	NOUN	Gen.Sing		vahner	vahneḥ	1680	___ dvayor jvāla kīlau arcir hetiḥ śikhāḥ striyām	vahner dvayor jvāla kīlau arcir hetiḥ śikhāḥ striyām	vahniḥ|vahnim|vahninā	3	mcq
36586	27592	1152	5	2	75677	vahni	NOUN	Ins.Sing		vahninā	vahninā	1680	haridrā ___ sadyo vyāpādayati jīvitam	haridrā vahninā sadyo vyāpādayati jīvitam	vahniḥ|vahnim|vahnau	3	mcq
494	590252	9744	5	1	141662	vṛkṣa	NOUN	Nom.Sing		vṛkṣaḥ	vṛkṣaḥ	1679	___ kalpaḥ pārijāto mandāro haricandanaḥ	vṛkṣaḥ kalpaḥ pārijāto mandāro haricandanaḥ	vṛkṣam|vṛkṣāḥ|vṛkṣān	3	mcq
923	506142	7429	6	3	141662	vṛkṣa	NOUN	Gen.Plur		vṛkṣāṇām	vṛkṣāṇām	1679	mahatāṃ sarva ___ mūla valkam pradāpayet	mahatāṃ sarva vṛkṣāṇām mūla valkam pradāpayet	vṛkṣam|vṛkṣāḥ|vṛkṣaḥ	3	mcq
8594	75752	491	6	1	141662	vṛkṣa	NOUN	Nom.Sing		vṛkṣo	vṛkṣaḥ	1679	___ mahīruhaḥ śākhī viṭapī pādapaḥ taruḥ	vṛkṣo mahīruhaḥ śākhī viṭapī pādapaḥ taruḥ	vṛkṣam|vṛkṣāḥ|vṛkṣān	3	mcq
7134	652671_5	12119	9	2	160644	upasthā	VERB	Pres.Opt.3.Sing.NonPass		upatiṣṭheta	upatiṣṭheta	1672	tān ___ eva abhayam vaḥ abhayam me astu iti	tān upatiṣṭheta eva abhayam vaḥ abhayam me astu iti	upatiṣṭhate|upatiṣṭhante|upatasthuḥ	3	mcq
56683	670697	16611	10	3	160644	upasthā	VERB	Pres.Ind.3.Sing.NonPass		upatiṣṭhate	upatiṣṭhate	1672	atha enam ___ varuṇo 'si dhṛta vrataḥ vāruṇam asi iti	atha enam upatiṣṭhate varuṇo 'si dhṛta vrataḥ vāruṇam asi iti	upatiṣṭhante|upatiṣṭheta|upatasthuḥ	3	mcq
70724	434915	14666	4	4	160644	upasthā	VERB	Pres.Ind.3.Dual.NonPass		upatiṣṭhete	upatiṣṭhete	1672	teṣu pūrva aparau ___	teṣu pūrva aparau upatiṣṭhete	upatiṣṭhate|upatiṣṭhante|upatiṣṭheta	3	mcq
35915	26919	308	9	1	142252	vega	NOUN	Acc.Plur		vegān	vegān	1671	___ na dhārayed vāta viṣ mūtra kṣava tṛṣ kṣudhām	vegān na dhārayed vāta viṣ mūtra kṣava tṛṣ kṣudhām	vegena|vegam|vegaḥ	3	mcq
37548	28568	1264	7	2	142252	vega	NOUN	Nom.Sing		vegaḥ	vegaḥ	1671	hīna ___ kaṇā dhātrī siddhārtha lavaṇa udakaiḥ	hīna vegaḥ kaṇā dhātrī siddhārtha lavaṇa udakaiḥ	vegena|vegam|vegāt	3	mcq
37564	28584	1264	10	5	142252	vega	NOUN	Nom.Plur		vegāś	vegāḥ	1671	jaghanya madhya pravare tu ___ catvāra iṣṭā vamane ṣaḍ aṣṭau	jaghanya madhya pravare tu vegāś catvāra iṣṭā vamane ṣaḍ aṣṭau	vegena|vegam|vegaḥ	3	mcq
2124	484523	7687	8	3	61995	ākhyā	NOUN	Loc.Sing		ākhye	ākhye	1670	karṇa arjuna ___ saṅgrāme karṇo 'rīn avadhīt śaraiḥ	karṇa arjuna ākhye saṅgrāme karṇo 'rīn avadhīt śaraiḥ	ākhyaḥ|ākhyam|ākhyā	3	mcq
9741	76899	491	6	2	61995	ākhyā	NOUN	Nom.Sing		ākhyā	ākhyā	1670	niśā ___ kāñcanī pītā haridrā varavarṇinī	niśā ākhyā kāñcanī pītā haridrā varavarṇinī	ākhye|ākhyam|ākhyāḥ	3	mcq
28139	42746	1297	8	4	61995	ākhyā	NOUN	Nom.Sing		ākhyaḥ	ākhyaḥ	1670	teṣu ādyaḥ rasa ___ itare trayo anurasa ākhyāḥ	teṣu ādyaḥ rasa ākhyaḥ itare trayo anurasa ākhyāḥ	ākhye|ākhyam|ākhyāḥ	3	mcq
440	590198	9744	6	1	14543	pakṣa	NOUN	Nom.Sing		pakṣo	pakṣaḥ	1661	___ māso vatsarādiḥ mārgaśīrṣaḥ sahaḥ sahāḥ	pakṣo māso vatsarādiḥ mārgaśīrṣaḥ sahaḥ sahāḥ	pakṣe|pakṣam|pakṣāḥ	3	mcq
2956	748886	15021	4	4	14543	pakṣa	NOUN	Nom.Sing		pakṣaḥ	pakṣaḥ	1661	atha atas dakṣiṇaḥ ___	atha atas dakṣiṇaḥ pakṣaḥ	pakṣe|pakṣam|pakṣāḥ	3	mcq
2961	748891	15021	4	4	14543	pakṣa	NOUN	Nom.Sing		pakṣaḥ	pakṣaḥ	1661	atha atas uttaraḥ ___	atha atas uttaraḥ pakṣaḥ	pakṣe|pakṣam|pakṣāḥ	3	mcq
916	506135	7429	8	8	157688	kāray	VERB	Pres.Opt.3.Sing.NonPass		kārayet	kārayet	1659	prayoktavyā sadā eva ārdrā dviguṇā na eva ___	prayoktavyā sadā eva ārdrā dviguṇā na eva kārayet	kārayāmāsa|akārayat|kārayati	3	mcq
1459	483858	7670	7	5	157688	kāray	VERB	Pres.Ind.1.Sing.NonPass		kārayāmi	kārayāmi	1659	vaḥ amṛta bhājaḥ hi ___ na dānavān	vaḥ amṛta bhājaḥ hi kārayāmi na dānavān	kārayet|kārayāmāsa|akārayat	3	mcq
11397	465424	7461	6	6	157688	kāray	VERB	Pres.Opt.3.Sing.NonPass		kārayet	kārayet	1659	tata ā śatāt daśa uttaram ___	tata ā śatāt daśa uttaram kārayet	kārayāmāsa|akārayat|kārayati	3	mcq
19079	634916_1	10570	9	4	156183	krudh	VERB	Pres.Ind.3.Sing.NonPass		krudhyati	krudhyati	1659	malvaḥ yaḥ mahyam ___ saḥ u pāśāt na mucyate	malvaḥ yaḥ mahyam krudhyati saḥ u pāśāt na mucyate	cukrodha|krudhaḥ|akrudhyat	3	mcq
76843	576084	9767	10	2	156183	krudh	VERB	Past.Jus.2.Sing.NonPass		krudhaḥ	krudhaḥ	1659	mā ___ putra sa pitā pūrṇa āyūḥ te divaṃ gataḥ	mā krudhaḥ putra sa pitā pūrṇa āyūḥ te divaṃ gataḥ	cukrodha|akrudhyat|krudhyati	3	mcq
160842	765152	17425	8	7	156183	krudh	VERB	Past.Ind.3.Sing.NonPass		cukrodha	cukrodha	1659	bāḍham ity eva tejasvī na ca ___ keśavaḥ	bāḍham ity eva tejasvī na ca cukrodha keśavaḥ	krudhaḥ|akrudhyat|krudhyati	3	mcq
1443	483842	7669	6	2	30275	samudra	NOUN	Loc.Sing		samudra	samudre	1656	sthitaḥ ___ udvele naum āruruhe tadā	sthitaḥ samudra udvele naum āruruhe tadā	samudram|samudraḥ|samudrasya	3	mcq
1813	484212	7680	8	1	30275	samudra	NOUN	Acc.Sing		samudraṃ	samudram	1656	___ prārthayat mārgam yadā na ayāt tadā śaraiḥ	samudraṃ prārthayat mārgam yadā na ayāt tadā śaraiḥ	samudraḥ|samudrasya|samudre	3	mcq
5553	651281	11679	9	3	30275	samudra	NOUN	Acc.Sing		samudraṃ	samudram	1656	taṃ yathā ___ srotyā evaṃ sarve yajña kratavaḥ 'piyanti	taṃ yathā samudraṃ srotyā evaṃ sarve yajña kratavaḥ 'piyanti	samudraḥ|samudrasya|samudre	3	mcq
37552	28572	1264	6	2	163066	pravṛt	VERB	Pres.Ind.3.Plur.NonPass		pravartante	pravartante	1652	nirvibandhaṃ ___ kapha pitta anilāḥ kramāt	nirvibandhaṃ pravartante kapha pitta anilāḥ kramāt	pravartate|pravavṛte|prāvartata	3	mcq
39988	31189	4017	7	1	163066	pravṛt	VERB	Pres.Ind.3.Sing.NonPass		pravartate	pravartate	1652	___ sa vaktreṇa bhinna kāṃsya upama dhvaniḥ	pravartate sa vaktreṇa bhinna kāṃsya upama dhvaniḥ	pravartante|pravavṛte|prāvartata	3	mcq
40516	31717	4105	7	3	163066	pravṛt	VERB	Pres.Opt.3.Sing.NonPass		pravarteta	pravarteta	1652	binduśaḥ ca ___ mūtraṃ vastau tu pīḍite	binduśaḥ ca pravarteta mūtraṃ vastau tu pīḍite	pravartate|pravartante|pravavṛte	3	mcq
155	479523	7032	6	1	127336	śeṣa	NOUN	Nom.Sing		śeṣaṃ	śeṣam	1651	___ tu ghrāṇa jihvā kāya ākhyam	śeṣaṃ tu ghrāṇa jihvā kāya ākhyam	śeṣeṇa|śeṣe|śeṣāḥ	3	mcq
3445	749373	15214	5	5	127336	śeṣa	NOUN	Nom.Sing		śeṣaḥ	śeṣaḥ	1651	yaḥ satrāhā vicarṣaṇir iti ___	yaḥ satrāhā vicarṣaṇir iti śeṣaḥ	śeṣam|śeṣeṇa|śeṣe	3	mcq
8372	75530	488	8	1	127336	śeṣa	NOUN	Nom.Sing		śeṣo	śeṣaḥ	1651	___ 'nanto vāsukiḥ tu sarpa rājaḥ 'tha gonase	śeṣo 'nanto vāsukiḥ tu sarpa rājaḥ 'tha gonase	śeṣam|śeṣeṇa|śeṣe	3	mcq
2712	748705	14928	11	1	160135	utthā	VERB	Pres.Imp.2.Sing.NonPass		uttiṣṭha	uttiṣṭha	1648	___ brahmaṇaspate su vīryam iti vīryavad rūpa samṛddham etasya ahnaḥ rūpam	uttiṣṭha brahmaṇaspate su vīryam iti vīryavad rūpa samṛddham etasya ahnaḥ rūpam	udatiṣṭhat|uttiṣṭhati|uttiṣṭhanti	3	mcq
23954	639606	11911	4	1	160135	utthā	VERB	Pres.Imp.2.Dual.NonPass		uttiṣṭhatam	uttiṣṭhatam	1648	___ ārabhetām ādāna saṃdānābhyām	uttiṣṭhatam ārabhetām ādāna saṃdānābhyām	uttiṣṭha|udatiṣṭhat|uttiṣṭhati	3	mcq
23959	639611	11911	7	1	160135	utthā	VERB	Pres.Imp.2.Sing.NonPass		uttiṣṭha	uttiṣṭha	1648	___ tvaṃ deva jana arbude senayā saha	uttiṣṭha tvaṃ deva jana arbude senayā saha	udatiṣṭhat|uttiṣṭhati|uttiṣṭhanti	3	mcq
42450	33651	4230	6	1	159177	snā	VERB	Pres.Opt.3.Sing.NonPass		snāyād	snāyāt	1648	___ ṛtu sukhaiḥ toyair jīvanīya upasādhitaiḥ	snāyād ṛtu sukhaiḥ toyair jīvanīya upasādhitaiḥ	snāti|sasnau|snāhi	3	mcq
53618	520577	15317	6	1	159177	snā	VERB	Pres.Opt.3.Sing.NonPass		snāyāt	snāyāt	1648	___ triṣavaṇaṃ pāyād ātmānaṃ krodhato 'nṛtāt	snāyāt triṣavaṇaṃ pāyād ātmānaṃ krodhato 'nṛtāt	snāti|sasnau|snāhi	3	mcq
91333	477443_1	6775	12	1	159177	snā	VERB	Past.Ind.3.Sing.NonPass		sasnau	sasnau	1648	___ śarīram pavitum manaḥ ca tīrtha ambuṣu ca eva guṇa ambuṣu ca	sasnau śarīram pavitum manaḥ ca tīrtha ambuṣu ca eva guṇa ambuṣu ca	snāyāt|snāti|snāyīta	3	mcq
6688	652409	12059	11	2	11898	antarikṣa	NOUN	Acc.Sing		antarikṣam	antarikṣam	1636	vy ___ atirad ity ahīnaṃ yuṅkta eva id indram iti vimuñcati	vy antarikṣam atirad ity ahīnaṃ yuṅkta eva id indram iti vimuñcati	antarikṣe|antarikṣāt|antarikṣasya	3	mcq
12462	687288	14310	5	1	11898	antarikṣa	NOUN	Abl.Sing		antarikṣāt	antarikṣāt	1636	___ ta ākāśaṃ spṛṇomi svāhā	antarikṣāt ta ākāśaṃ spṛṇomi svāhā	antarikṣam|antarikṣe|antarikṣasya	3	mcq
13314	646305	11176	7	1	11898	antarikṣa	NOUN	Loc.Sing		antarikṣe	antarikṣe	1636	___ samaha āsām sthānaṃ śrānta sadām iva	antarikṣe samaha āsām sthānaṃ śrānta sadām iva	antarikṣam|antarikṣāt|antarikṣasya	3	mcq
13780	646745_2	13083	4	2	157284	vyadh	VERB	Pres.Imp.2.Sing.NonPass		vidhya	vidhya	1636	prati ___ adhi asmat	prati vidhya adhi asmat	vivyādha|avidhyat|vidhyati	3	mcq
16002	648819_1	14328	4	1	157284	vyadh	VERB	Pres.Imp.2.Sing.NonPass		vidhya	vidhya	1636	___ darbha sapatnān me	vidhya darbha sapatnān me	vivyādha|avidhyat|vidhyati	3	mcq
16004	648820_1	14328	4	1	157284	vyadh	VERB	Pres.Imp.2.Sing.NonPass		vidhya	vidhya	1636	___ me sarvān durhārdaḥ	vidhya me sarvān durhārdaḥ	vivyādha|avidhyat|vidhyati	3	mcq
35157	555835	8787	7	3	97019	tāta	NOUN	Voc.Sing		tāta	tātaiḥ	1632	kasya api ___ dhanyasya loka ceṣṭā avalokanāt	kasya api tāta dhanyasya loka ceṣṭā avalokanāt	tātaḥ|tātasya|tātam	3	mcq
35269	555947	8840	10	1	97019	tāta	NOUN	Voc.Sing		tāta	tātaiḥ	1632	___ cit mātra rūpaḥ 'si na te bhinnam idaṃ jagat	tāta cit mātra rūpaḥ 'si na te bhinnam idaṃ jagat	tātaḥ|tātasya|tātam	3	mcq
62095	89336	8967	7	4	97019	tāta	NOUN	Voc.Sing		tāta	tāta	1632	iti te 'bhihitaṃ ___ yathā idam anupṛcchasi	iti te 'bhihitaṃ tāta yathā idam anupṛcchasi	tātaḥ|tātasya|tātam	3	mcq
9573	76731	491	8	1	127205	śūra	NOUN	Nom.Sing		śūro	śūraḥ	1631	___ vīraḥ ca vikrānto jetā jiṣṇuḥ ca jitvaraḥ	śūro vīraḥ ca vikrānto jetā jiṣṇuḥ ca jitvaraḥ	śūrāḥ|śūram|śūra	3	mcq
16511	649312	17502	10	4	127205	śūra	NOUN	Voc.Sing		śūra	śūra	1631	apa udīcaḥ apa ___ adharācaḥ urau yathā tava śarman madema	apa udīcaḥ apa śūra adharācaḥ urau yathā tava śarman madema	śūraḥ|śūrāḥ|śūram	3	mcq
46386	37588	283	5	3	127205	śūra	NOUN	Acc.Sing		śūraṃ	śūram	1631	nirbhayaṃ māninaṃ ___ krodhanaṃ vyavasāyinam	nirbhayaṃ māninaṃ śūraṃ krodhanaṃ vyavasāyinam	śūraḥ|śūrāḥ|śūra	3	mcq
2199	484598	7689	7	3	64702	yuga	NOUN	Abl.Sing		yugāt	yugāt	1629	tataḥ kṛta ___ nāma purā vat sambhaviṣyati	tataḥ kṛta yugāt nāma purā vat sambhaviṣyati	yuge|yugam|yugasya	3	mcq
10642	464668	7283	6	2	64702	yuga	NOUN	Nom.Sing		yugam	yugam	1629	danta ___ svayam mṛtasya āharataḥ lābhaḥ	danta yugam svayam mṛtasya āharataḥ lābhaḥ	yuge|yugasya|yugānām	3	mcq
12972	687798	14454	4	2	64702	yuga	NOUN	Acc.Sing		yugam	yugam	1629	vāsaḥ ___ dhenuṃ vā	vāsaḥ yugam dhenuṃ vā	yuge|yugasya|yugānām	3	mcq
2310	484709	7692	5	2	138935	viṣaya	NOUN	Nom.Sing		viṣayam	viṣayam	1628	pṛthivī ___ sarvam arundhatyām vyajāyata	pṛthivī viṣayam sarvam arundhatyām vyajāyata	viṣaye|viṣayān|viṣayeṣu	3	mcq
10300	464326	7314	7	3	138935	viṣaya	NOUN	Loc.Sing		viṣaye	viṣaye	1628	evaṃ sva ___ kṛtyān akṛtyān ca vicakṣaṇaḥ	evaṃ sva viṣaye kṛtyān akṛtyān ca vicakṣaṇaḥ	viṣayam|viṣayaḥ|viṣayān	3	mcq
10433	464459	7327	9	3	138935	viṣaya	NOUN	Abl.Sing		viṣayāt	viṣayāt	1628	tasmāt sva ___ apakṛṣṭe sāmanta durge vāsaḥ śreyān iti	tasmāt sva viṣayāt apakṛṣṭe sāmanta durge vāsaḥ śreyān iti	viṣaye|viṣayam|viṣayaḥ	3	mcq
13324	646315	11179	6	2	43867	nadī	NOUN	Dat.Plur		nadībhyaḥ	nadībhyaḥ	1626	ye ___ saṃsravanty utsāsaḥ sadam akṣitāḥ	ye nadībhyaḥ saṃsravanty utsāsaḥ sadam akṣitāḥ	nadī|nadīm|nadyaḥ	3	mcq
15711	648556	10942	7	1	43867	nadī	NOUN	Acc.Sing		nadīṃ	nadīm	1626	___ yantv apsaraso apāṃ tāram iva śvasan	nadīṃ yantv apsaraso apāṃ tāram iva śvasan	nadī|nadyaḥ|nadīnām	3	mcq
16833	649636	17527	4	2	43867	nadī	NOUN	Nom.Plur		nadyo	nadyaḥ	1626	tubhyaṃ ___ garbhaṃ svastaye	tubhyaṃ nadyo garbhaṃ svastaye	nadī|nadīm|nadīnām	3	mcq
1330	18175	57	6	2	157334	vṛdh	VERB	Pres.Ind.3.Sing.NonPass		vardhate	vardhate	1619	sarvatra ___ maulyaṃ guṇa doṣa svabhāvāt	sarvatra vardhate maulyaṃ guṇa doṣa svabhāvāt	vavṛdhe|vāvṛdhe|avardhata	3	mcq
1361	18207	57	8	3	157334	vṛdh	VERB	Pres.Ind.3.Sing.NonPass		vardhate	vardhate	1619	yathā ca ___ muktā tathā maulyaṃ ca vardhate	yathā ca vardhate muktā tathā maulyaṃ ca vardhate	vavṛdhe|vāvṛdhe|avardhata	3	mcq
2908	748838	14982	11	3	157334	vṛdh	VERB	Past.Ind.3.Sing.NonPass		vāvṛdhe	vāvṛdhe	1619	bhūya id ___ vīryāya iti vīryavad rūpa samṛddham etasya ahnaḥ rūpam	bhūya id vāvṛdhe vīryāya iti vīryavad rūpa samṛddham etasya ahnaḥ rūpam	vardhate|avardhata|vardhante	3	mcq
10546	464572	7335	4	4	166808	pura	NOUN	Nom.Sing		puram	puram	1613	bahiḥ kanyā kumāra ___	bahiḥ kanyā kumāra puram	pure|purāt|purasya	3	mcq
17650	633583_2	10458	4	3	166808	pura	NOUN	Acc.Plur		purā	purā	1613	adhi jīva ___ agan	adhi jīva purā agan	puram|pure|purāt	3	mcq
19838	635641	10797	8	4	166808	pura	NOUN	Nom.Plur		purāḥ	purāḥ	1613	imās tisro deva ___ tās tvā rakṣantu sarvataḥ	imās tisro deva purāḥ tās tvā rakṣantu sarvataḥ	puram|pure|purāt	3	mcq
996	506215	7429	4	3	75493	vastra	NOUN	Ins.Sing		vastreṇa	vastreṇa	1610	kṣiptvā niṣpīḍya ___ ucyate	kṣiptvā niṣpīḍya vastreṇa ucyate	vastram|vastre|vastraiḥ	3	mcq
9247	76405	491	6	1	75493	vastra	NOUN	Nom.Sing		vastram	vastram	1610	___ ācchādanam vāsaḥ cailam vasanam aṃśukam	vastram ācchādanam vāsaḥ cailam vasanam aṃśukam	vastreṇa|vastre|vastraiḥ	3	mcq
11684	465735	11763	7	1	75493	vastra	NOUN	Acc.Sing		vastraṃ	vastram	1610	___ veṣaṃ vibhūṣāṃ vā dṛṣṭvā tad vyavahāriṇaḥ	vastraṃ veṣaṃ vibhūṣāṃ vā dṛṣṭvā tad vyavahāriṇaḥ	vastreṇa|vastre|vastraiḥ	3	mcq
2611	748641_1	14905	7	1	138709	viś	NOUN	Nom.Plur		viśaḥ	viśaḥ	1595	___ viśaḥ vaḥ atithim iti puṣṭi kāmaḥ	viśaḥ viśaḥ vaḥ atithim iti puṣṭi kāmaḥ	viśām|viśam|viś	3	mcq
3763	650159_1	10851	5	2	138709	viś	NOUN	Nom.Plur		viśaḥ	viśaḥ	1595	deva ___ kalpayitavyāḥ iti āhuḥ	deva viśaḥ kalpayitavyāḥ iti āhuḥ	viśām|viśam|viś	3	mcq
3764	650159_2	10851	7	5	138709	viś	NOUN	Nom.Plur		viśaḥ	viśaḥ	1595	tāḥ kalpamānāḥ anu manuṣya ___ kalpante iti	tāḥ kalpamānāḥ anu manuṣya viśaḥ kalpante iti	viśām|viśam|viś	3	mcq
54291	436571	12340	4	4	161295	nidhā	VERB	Pres.Ind.3.Sing.NonPass		nidadhāti	nidadhāti	1595	atha enam tiryañcaṃ ___	atha enam tiryañcaṃ nidadhāti	nidadhyāt|nidadhe|nidadhati	3	mcq
54984	437264	15871	8	8	161295	nidhā	VERB	Pres.Ind.3.Sing.NonPass		nidadhāti	nidadhāti	1595	tān abhyukṣya avahatya triḥ phalīkṛtya triḥ prakṣālya ___	tān abhyukṣya avahatya triḥ phalīkṛtya triḥ prakṣālya nidadhāti	nidadhyāt|nidadhe|nidadhati	3	mcq
54986	437266	15871	7	6	161295	nidhā	VERB	Pres.Ind.3.Sing.NonPass		nidadhāti	nidadhāti	1595	tān abhyukṣya triḥ prakṣālya eva ___ iti	tān abhyukṣya triḥ prakṣālya eva nidadhāti iti	nidadhyāt|nidadhe|nidadhati	3	mcq
12001	466058_1	7272	4	2	49409	bhasman	NOUN	Nom.Sing		bhasma	bhasma	1584	vaidyutam ___ agni śamanam	vaidyutam bhasma agni śamanam	bhasmanā|bhasmani|bhasmanaḥ	3	mcq
12033	466091	7302	8	3	49409	bhasman	NOUN	Ins.Sing		bhasmanā	bhasmanā	1584	sarpa daṣṭasya ___ pūrṇā pracalāka bhastrā mṛgāṇām antardhānam	sarpa daṣṭasya bhasmanā pūrṇā pracalāka bhastrā mṛgāṇām antardhānam	bhasma|bhasmani|bhasmanaḥ	3	mcq
12362	687188	14300	8	1	49409	bhasman	NOUN	Acc.Sing		bhasma	bhasma	1584	___ ālabhya abhimantrayet dviṣantam agne dviṣatāṃ ca vittaṃ	bhasma ālabhya abhimantrayet dviṣantam agne dviṣatāṃ ca vittaṃ	bhasmanā|bhasmani|bhasmanaḥ	3	mcq
40315	31516	4075	7	7	93362	pāṇḍu	NOUN	Ins.Plur		pāṇḍubhiḥ	pāṇḍubhiḥ	1580	jvara gulma atisāra āma grahaṇī śopha ___	jvara gulma atisāra āma grahaṇī śopha pāṇḍubhiḥ	pāṇḍuḥ|pāṇḍoḥ|pāṇḍūnām	3	mcq
40869	32070	4137	9	3	93362	pāṇḍu	NOUN	Nom.Sing		pāṇḍuḥ	pāṇḍuḥ	1580	yato 'taḥ ___ iti uktaḥ sa rogas tena gauravam	yato 'taḥ pāṇḍuḥ iti uktaḥ sa rogas tena gauravam	pāṇḍoḥ|pāṇḍūnām|pāṇḍum	3	mcq
45533	36735	3610	6	1	93362	pāṇḍu	NOUN	Loc.Sing		pāṇḍau	pāṇḍau	1580	___ dūṣīviṣe śophe doṣa vibhrānta cetasi	pāṇḍau dūṣīviṣe śophe doṣa vibhrānta cetasi	pāṇḍuḥ|pāṇḍoḥ|pāṇḍūnām	3	mcq
2212	484611	7691	6	1	151147	prakṛti	NOUN	Acc.Sing		prakṛtiṃ	prakṛtim	1577	___ puruṣaṃ viṣṇuḥ praviśya akṣobhayat tatas	prakṛtiṃ puruṣaṃ viṣṇuḥ praviśya akṣobhayat tatas	prakṛtiḥ|prakṛtyā|prakṛtayaḥ	3	mcq
9093	76251	491	6	2	151147	prakṛti	NOUN	Nom.Sing		prakṛtiḥ	prakṛtiḥ	1577	tṛtīyā ___ śaṇḍhaḥ klībaḥ paṇḍo napuṃsake	tṛtīyā prakṛtiḥ śaṇḍhaḥ klībaḥ paṇḍo napuṃsake	prakṛtim|prakṛtyā|prakṛtayaḥ	3	mcq
10408	464434	7325	8	5	151147	prakṛti	NOUN	Gen.Plur		prakṛtīnāṃ	prakṛtīnām	1577	pareṇa ca uktaḥ svāsāṃ ___ pramāṇaṃ na ācakṣīta	pareṇa ca uktaḥ svāsāṃ prakṛtīnāṃ pramāṇaṃ na ācakṣīta	prakṛtiḥ|prakṛtim|prakṛtyā	3	mcq
1522	483921	7672	7	2	135379	kṣatriya	NOUN	Acc.Plur		kṣatriyān	kṣatriyān	1574	uddhatān ___ matvā bhū bhāra haraṇāya saḥ	uddhatān kṣatriyān matvā bhū bhāra haraṇāya saḥ	kṣatriyaḥ|kṣatriyāḥ|kṣatriyasya	3	mcq
7415	652784_4	12168	10	3	135379	kṣatriya	NOUN	Dat.Sing		kṣatriyāya	kṣatriyāya	1574	yadā vai ___ pāpam bhavati brāhmaṇa kalpaḥ asya prajāyām ājāyate	yadā vai kṣatriyāya pāpam bhavati brāhmaṇa kalpaḥ asya prajāyām ājāyate	kṣatriyaḥ|kṣatriyāḥ|kṣatriyasya	3	mcq
7421	652785_4	12168	10	3	135379	kṣatriya	NOUN	Dat.Sing		kṣatriyāya	kṣatriyāya	1574	yadā vai ___ pāpam bhavati vaiśya kalpaḥ asya prajāyām ājāyate	yadā vai kṣatriyāya pāpam bhavati vaiśya kalpaḥ asya prajāyām ājāyate	kṣatriyaḥ|kṣatriyāḥ|kṣatriyasya	3	mcq
61302	88543	8957	6	1	159682	avāp	VERB	Past.Ind.3.Plur.NonPass		avāpuḥ	avāpuḥ	1574	___ duravāpām te asadbhiḥ viṣaya ātmabhiḥ	avāpuḥ duravāpām te asadbhiḥ viṣaya ātmabhiḥ	avāpnoti|avāpnuyāt|avāpa	3	mcq
67276	94568	8993	9	1	159682	avāp	VERB	Past.Ind.3.Sing.NonPass		avāpa	avāpa	1574	___ lakṣmīm anapāyinīm yaśo jagat pavitram ca mahattama agraṇīḥ	avāpa lakṣmīm anapāyinīm yaśo jagat pavitram ca mahattama agraṇīḥ	avāpnoti|avāpnuyāt|avāpsyasi	3	mcq
74854	574094	9767	7	1	159682	avāp	VERB	Past.Ind.3.Sing.NonPass		avāpa	avāpa	1574	___ dharma pavana sura indra aśvi samudbhavān	avāpa dharma pavana sura indra aśvi samudbhavān	avāpnoti|avāpnuyāt|avāpsyasi	3	mcq
3621	650078_1	10835	4	3	46937	vāsas	NOUN	Ins.Sing		vāsasā	vāsasā	1567	saha eva ___ abhyavaiti	saha eva vāsasā abhyavaiti	vāsaḥ|vāsāḥ|vāsāṃsi	3	mcq
17710	633642	10465	10	3	46937	vāsas	NOUN	Acc.Sing		vāso	vāsaḥ	1567	pari idam ___ adhithāḥ svastaye 'bhūr gṛṣṭīnām abhiśasti pāḥ u	pari idam vāso adhithāḥ svastaye 'bhūr gṛṣṭīnām abhiśasti pāḥ u	vāsāḥ|vāsasā|vāsāṃsi	3	mcq
17714	633646	10465	11	3	46937	vāsas	NOUN	Acc.Sing		vāsaḥ	vāsaḥ	1567	yasya te ___ prathama vāsyam harāmas taṃ tvā viśve 'vantu devāḥ	yasya te vāsaḥ prathama vāsyam harāmas taṃ tvā viśve 'vantu devāḥ	vāsāḥ|vāsasā|vāsāṃsi	3	mcq
2197	484596	7689	7	1	62736	āśrama	NOUN	Loc.Plur		āśrameṣu	āśrameṣu	1564	___ ca sarveṣu prajāḥ sat dharma vartmani	āśrameṣu ca sarveṣu prajāḥ sat dharma vartmani	āśramam|āśrame|āśramaḥ	3	mcq
2200	484599	7689	7	2	62736	āśrama	NOUN	Nom.Plur		āśramāḥ	āśramāḥ	1564	varṇa ___ ca dharmeṣu sveṣu sthāsyanti sattama	varṇa āśramāḥ ca dharmeṣu sveṣu sthāsyanti sattama	āśramam|āśrame|āśramaḥ	3	mcq
9301	76459	491	6	1	62736	āśrama	NOUN	Nom.Sing		āśramo	āśramaḥ	1564	___ 'strī dvijāti agrajanma bhūdeva vāḍabāḥ	āśramo 'strī dvijāti agrajanma bhūdeva vāḍabāḥ	āśramam|āśrame|āśramāt	3	mcq
10600	464626	7282	4	4	162975	prayam	VERB	Pres.Opt.3.Sing.NonPass		prayacchet	prayacchet	1563	akṛṣatām ācchidya anyebhyaḥ ___	akṛṣatām ācchidya anyebhyaḥ prayacchet	prayacchati|prayaccha|prāyacchat	3	mcq
10921	464948	7291	4	2	162975	prayam	VERB	Pres.Ind.1.Sing.NonPass		prayacchāmi	prayacchāmi	1563	na ___ iti pratyākhyānam	na prayacchāmi iti pratyākhyānam	prayacchati|prayaccha|prāyacchat	3	mcq
24366	640016	12076	10	1	162975	prayam	VERB	Pres.Imp.2.Sing.NonPass		prayaccha	prayaccha	1563	___ parśuṃ tvarayā hara oṣam a hiṃsantaḥ oṣadhīr dāntu parvan	prayaccha parśuṃ tvarayā hara oṣam a hiṃsantaḥ oṣadhīr dāntu parvan	prayacchati|prāyacchat|prayacchanti	3	mcq
12455	687281	14310	5	1	164358	candra	NOUN	Abl.Sing		candrāt	candrāt	1562	___ te mana spṛṇomi svāhā	candrāt te mana spṛṇomi svāhā	candraḥ|candram|candrasya	3	mcq
13877	646825	13227	7	3	164358	candra	NOUN	Acc.Sing		candraṃ	candram	1562	yat te ___ nakṣatrāṇi mano jagāma dūrakam	yat te candraṃ nakṣatrāṇi mano jagāma dūrakam	candraḥ|candrasya|candreṇa	3	mcq
27493	642836	11032	9	2	164358	candra	NOUN	Nom.Sing		candraḥ	candraḥ	1562	atha ___ samyaksaṃbuddho janapada cārikām carann anyatamāṃ rājadhānīm anuprāptaḥ	atha candraḥ samyaksaṃbuddho janapada cārikām carann anyatamāṃ rājadhānīm anuprāptaḥ	candram|candrasya|candreṇa	3	mcq
2435	484834	7696	6	1	50303	bhīma	NOUN	Acc.Sing		bhīmam	bhīmam	1556	___ ugram mahādevam uvāca sa pitāmahaḥ	bhīmam ugram mahādevam uvāca sa pitāmahaḥ	bhīmaḥ|bhīmasya|bhīmena	3	mcq
52678	519637	15284	4	2	50303	bhīma	NOUN	Acc.Sing		bhīmaṃ	bhīmam	1556	oṃ ___ devaṃ tarpayāmi	oṃ bhīmaṃ devaṃ tarpayāmi	bhīmaḥ|bhīmasya|bhīmena	3	mcq
52686	519645	15284	5	2	50303	bhīma	NOUN	Gen.Sing		bhīmasya	bhīmasya	1556	oṃ ___ devasya patnīṃ tarpayāmi	oṃ bhīmasya devasya patnīṃ tarpayāmi	bhīmaḥ|bhīmam|bhīmena	3	mcq
600	590359	9744	5	1	149046	bodhisattva	NOUN	Nom.Sing		bodhisattvo	bodhisattvaḥ	1554	___ mahābodhiḥ āryaḥ śāstā tathāgataḥ	bodhisattvo mahābodhiḥ āryaḥ śāstā tathāgataḥ	bodhisattvasya|bodhisattvāḥ|bodhisattvena	3	mcq
28648	643430	10745	7	4	149046	bodhisattva	NOUN	Gen.Sing		bodhisattvasya	bodhisattvasya	1554	eṣā eva asya ___ mahāsattvasya prajñāpāramitā veditavyā	eṣā eva asya bodhisattvasya mahāsattvasya prajñāpāramitā veditavyā	bodhisattvaḥ|bodhisattvāḥ|bodhisattvena	3	mcq
28689	643471	10745	7	4	149046	bodhisattva	NOUN	Ins.Sing		bodhisattvena	bodhisattvena	1554	evaṃ hi atra ___ mahāsattvena prajñāpāramitāyāṃ caritavyam	evaṃ hi atra bodhisattvena mahāsattvena prajñāpāramitāyāṃ caritavyam	bodhisattvaḥ|bodhisattvasya|bodhisattvāḥ	3	mcq
16572	649373	17508	8	5	157997	ram	VERB	Past.Sub.3.Sing.NonPass		raṃsantā	raṃsantai	1553	yathā asyām antar na ___ anukūla iva udakam	yathā asyām antar na raṃsantā anukūla iva udakam	ramate|reme|ramante	3	mcq
20934	636701_2	11529	4	3	157997	ram	VERB	Pres.Imp.3.Sing.NonPass		ramatām	ramatām	1553	mayi vaḥ ___ manaḥ	mayi vaḥ ramatām manaḥ	ramate|reme|ramante	3	mcq
21451	637216	11872	7	1	157997	ram	VERB	Pres.Imp.3.Plur.NonPass		ramantāṃ	ramantām	1553	___ puṇyā lakṣmīr yāḥ pāpīs tā anīnaśam	ramantāṃ puṇyā lakṣmīr yāḥ pāpīs tā anīnaśam	ramate|reme|ramante	3	mcq
1494	483893	7670	10	9	143398	puṃs	NOUN	Nom.Sing		pumān	pumān	1551	na jetum enāṃ śakto me tvat ṛte 'nyaḥ ___ bhuvi	na jetum enāṃ śakto me tvat ṛte 'nyaḥ pumān bhuvi	puṃsām|puṃsaḥ|puṃsi	3	mcq
3265	749184	15171	6	5	143398	puṃs	NOUN	Nom.Sing		pumān	pumān	1551	na enam a strī ___ bruvan	na enam a strī pumān bruvan	puṃsām|puṃsaḥ|puṃsi	3	mcq
3266	749185	15171	4	1	143398	puṃs	NOUN	Acc.Sing		pumāṃsaṃ	pumāṃsam	1551	___ na bruvann enam	pumāṃsaṃ na bruvann enam	pumān|puṃsām|puṃsaḥ	3	mcq
11506	465560	11737	10	3	127227	śūla	NOUN	Ins.Sing		śūlena	śūlena	1549	teṣām ayaḥ ___ yāvataḥ paṇān abhivadeyuḥ tāvantaḥ śiphā prahārāḥ daṇḍāḥ	teṣām ayaḥ śūlena yāvataḥ paṇān abhivadeyuḥ tāvantaḥ śiphā prahārāḥ daṇḍāḥ	śūlam|śūle|śūlaiḥ	3	mcq
36420	27426	310	8	4	127227	śūla	NOUN	Acc.Plur		śūlāni	śūlāni	1549	gulma udara arśas ___ mandāgni tvam ca nāśayet	gulma udara arśas śūlāni mandāgni tvam ca nāśayet	śūlam|śūle|śūlena	3	mcq
38334	29532	3876	9	1	127227	śūla	NOUN	Nom.Sing		śūlaṃ	śūlam	1549	___ na ṛte 'nilād dāhaḥ pittāt śophaḥ kapha udayāt	śūlaṃ na ṛte 'nilād dāhaḥ pittāt śophaḥ kapha udayāt	śūle|śūlena|śūlaiḥ	3	mcq
16881	649684	17530	9	4	65999	rajas	NOUN	Acc.Sing		rajo	rajaḥ	1548	yasya idam ā ___ yujas tuje janaṃ vanaṃ svaḥ	yasya idam ā rajo yujas tuje janaṃ vanaṃ svaḥ	rajasā|rajasaḥ|rajāṃsi	3	mcq
19383	635200	10660	11	2	65999	rajas	NOUN	Abl.Sing		rajasa	rajasaḥ	1548	kiṃ ___ enā paro anyad asty enā kiṃ pareṇa avaram amura	kiṃ rajasa enā paro anyad asty enā kiṃ pareṇa avaram amura	rajaḥ|rajasā|rajāṃsi	3	mcq
19384	635201	10660	12	2	65999	rajas	NOUN	Abl.Sing		rajasa	rajasaḥ	1548	ekaṃ ___ enā paro anyad asty enā para ekena durṇaśaṃ cid arvāk	ekaṃ rajasa enā paro anyad asty enā para ekena durṇaśaṃ cid arvāk	rajaḥ|rajasā|rajāṃsi	3	mcq
61722	88963	8962	6	2	165414	sampad	VERB	Pres.Ind.3.Sing.NonPass		sampadyate	sampadyate	1547	āśu ___ yoga āśrayaṃ bhadram īkṣataḥ	āśu sampadyate yoga āśrayaṃ bhadram īkṣataḥ	samapadyata|sampadyante|samapadyanta	3	mcq
67268	94560	8993	10	1	165414	sampad	VERB	Pres.Ind.3.Sing.NonPass		sampadyate	sampadyate	1547	___ artha āśaya liṅga nāmabhiḥ viśuddha vijñāna ghanaḥ sva rūpataḥ	sampadyate artha āśaya liṅga nāmabhiḥ viśuddha vijñāna ghanaḥ sva rūpataḥ	samapadyata|sampadyante|samapadyanta	3	mcq
97136	522021	7510	6	1	165414	sampad	VERB	Pres.Ind.3.Sing.Pass		saṃpadyate	saṃpadyate	1547	___ ca naḥ kiṃcin mahāsena parigrahāt	saṃpadyate ca naḥ kiṃcin mahāsena parigrahāt	sampadyate|samapadyata|sampadyante	3	mcq
32	479303	7024	8	1	92416	dhātu	NOUN	Nom.Plur		dhātavaḥ	dhātavaḥ	1544	___ sapta ca matāḥ ṣaḍ vijñānāni atho manaḥ	dhātavaḥ sapta ca matāḥ ṣaḍ vijñānāni atho manaḥ	dhātuḥ|dhātūnām|dhātau	3	mcq
36	479307	7024	6	1	92416	dhātu	NOUN	Ins.Sing		dhātunā	dhātunā	1544	___ ca svabhāvena para bhāva viyogāt	dhātunā ca svabhāvena para bhāva viyogāt	dhātavaḥ|dhātuḥ|dhātūnām	3	mcq
44	479315	7024	7	7	92416	dhātu	NOUN	Abl.Sing		dhātoḥ	dhātoḥ	1544	yathā audārika saṃkleśa bhājana ādi artha ___	yathā audārika saṃkleśa bhājana ādi artha dhātoḥ	dhātavaḥ|dhātuḥ|dhātūnām	3	mcq
10070	87049	586	6	1	156256	cintay	VERB	Pres.Opt.3.Sing.NonPass		cintayed	cintayet	1544	___ ātmano raśmīn pratyāhāraḥ sa ucyate	cintayed ātmano raśmīn pratyāhāraḥ sa ucyate	cintayāmāsa|acintayat|cintyate	3	mcq
26867	642210	10689	10	1	156256	cintay	VERB	Pres.Ind.3.Sing.NonPass		cintayati	cintayati	1544	___ ca mayā īdṛśānāṃ ratnānāṃ śramaṇasya gautamasya upārdhaṃ dātavyaṃ bhaviṣyati	cintayati ca mayā īdṛśānāṃ ratnānāṃ śramaṇasya gautamasya upārdhaṃ dātavyaṃ bhaviṣyati	cintayāmāsa|acintayat|cintayet	3	mcq
27774	643117	11047	8	3	156256	cintay	VERB	Pres.Ind.1.Sing.NonPass		cintayāmi	cintayāmi	1544	api yac ___ yat prārthaye tat sarvaṃ samṛdhyati	api yac cintayāmi yat prārthaye tat sarvaṃ samṛdhyati	cintayāmāsa|acintayat|cintayet	3	mcq
5793	651521	11731	6	6	203023	aha	NOUN	Nom.Sing		ahaḥ	ahaḥ	1540	sa eva eṣa uttaras tri ___	sa eva eṣa uttaras tri ahaḥ	aham|ahāt|ahe	3	mcq
5883	651610	11753	8	2	203023	aha	NOUN	Acc.Plur		ahāni	ahāni	1540	dvādaśa ___ dīkṣito bhavati yajñiya eva tair bhavati	dvādaśa ahāni dīkṣito bhavati yajñiya eva tair bhavati	aham|ahāt|ahe	3	mcq
6031	651756	11788	9	3	203023	aha	NOUN	Ins.Plur		ahaiḥ	ahaiḥ	1540	saṃtatais tri ___ avyavacchinnair yanti ya evaṃ vidvāṃso yanti	saṃtatais tri ahaiḥ avyavacchinnair yanti ya evaṃ vidvāṃso yanti	aham|ahāt|ahe	3	mcq
62329	89570	8970	11	1	157942	bhāṣ	VERB	Past.Ind.3.Sing.NonPass		babhāṣa	babhāṣa	1532	___ īṣat smita śociṣā girā priyaḥ priyaṃ prīta manāḥ kare spṛśan	babhāṣa īṣat smita śociṣā girā priyaḥ priyaṃ prīta manāḥ kare spṛśan	abhāṣata|bhāṣate|bhāṣase	3	mcq
63392	90635	804	6	2	157942	bhāṣ	VERB	Past.Ind.3.Sing.NonPass		babhāṣe	babhāṣe	1532	tān ___ putrān prajāḥ sṛjata putrakāḥ	tān babhāṣe putrān prajāḥ sṛjata putrakāḥ	abhāṣata|bhāṣate|bhāṣase	3	mcq
76928	576169	9767	7	5	157942	bhāṣ	VERB	Past.Ind.3.Sing.NonPass		babhāṣe	babhāṣe	1532	danta aṃśu candrikā dhautam ___ bhaginī punaḥ	danta aṃśu candrikā dhautam babhāṣe bhaginī punaḥ	abhāṣata|bhāṣate|bhāṣase	3	mcq
2687	748680_1	14921	11	1	162663	pratiṣṭhā	VERB	Pres.Ind.3.Sing.NonPass		pratitiṣṭhati	pratitiṣṭhati	1525	___ yaḥ evam veda yeṣām ca evam vidvān etat hotā śaṃsati	pratitiṣṭhati yaḥ evam veda yeṣām ca evam vidvān etat hotā śaṃsati	pratitiṣṭhanti|pratitiṣṭhāmi|pratyaṣṭhāt	3	mcq
2709	748702	14928	11	1	162663	pratiṣṭhā	VERB	Pres.Ind.3.Sing.NonPass		pratitiṣṭhati	pratitiṣṭhati	1525	___ ya evaṃ veda yeṣāṃ ca evam vidvān etat hotā śaṃsati	pratitiṣṭhati ya evaṃ veda yeṣāṃ ca evam vidvān etat hotā śaṃsati	pratitiṣṭhanti|pratitiṣṭhāmi|pratyaṣṭhāt	3	mcq
2766	748732_1	14946	11	1	162663	pratiṣṭhā	VERB	Pres.Ind.3.Sing.NonPass		pratitiṣṭhati	pratitiṣṭhati	1525	___ yaḥ evam veda yeṣām ca evam vidvān etat hotā śaṃsati	pratitiṣṭhati yaḥ evam veda yeṣām ca evam vidvān etat hotā śaṃsati	pratitiṣṭhanti|pratitiṣṭhāmi|pratyaṣṭhāt	3	mcq
2239	484638	7691	8	3	157870	janay	VERB	Pres.Ind.3.Plur.NonPass		janayanti	janayanti	1524	sapta ete ___ sma prajā rudrāś ca sattama	sapta ete janayanti sma prajā rudrāś ca sattama	janayati|janayāmāsa|ajanayat	3	mcq
24858	640508	12253	4	3	157870	janay	VERB	Impf.Ind.3.Plur.NonPass		ajanayanta	ajanayanta	1524	yad rohitam ___ devāḥ	yad rohitam ajanayanta devāḥ	janayati|janayāmāsa|ajanayat	3	mcq
40101	31302	4047	7	6	157870	janay	VERB	Pres.Opt.3.Sing.NonPass		janayed	janayet	1524	sarpann ūrdhvam adhas tiryag yathāsvaṃ ___ gadān	sarpann ūrdhvam adhas tiryag yathāsvaṃ janayed gadān	janayati|janayāmāsa|ajanayat	3	mcq
122	479393	7034	8	3	83782	traya	NOUN	Nom.Sing		trayam	trayam	1512	manas vitti ___ tredhā dvi heyā durmanaska tā	manas vitti trayam tredhā dvi heyā durmanaska tā	traye|trayeṇa|trayāt	3	mcq
259	590017	9741	10	2	83782	traya	NOUN	Nom.Sing		trayam	trayam	1512	chattra ___ ratna maya dhvajaḥ aṅghri nyāse ca cāmīkara paṅkajāni	chattra trayam ratna maya dhvajaḥ aṅghri nyāse ca cāmīkara paṅkajāni	traye|trayeṇa|trayāt	3	mcq
260	590018	9741	9	2	83782	traya	NOUN	Nom.Sing		trayam	trayam	1512	vapra ___ cāru catur mukha aṅga tāḥ caityadrumo kaṇṭakāḥ	vapra trayam cāru catur mukha aṅga tāḥ caityadrumo kaṇṭakāḥ	traye|trayeṇa|trayāt	3	mcq
1730	484129	7678	7	4	150091	pṛṣṭha	NOUN	Loc.Sing		pṛṣṭhe	pṛṣṭhe	1512	tac chrutvā mālyavat ___ cāturmāsyaṃ cakāra saḥ	tac chrutvā mālyavat pṛṣṭhe cāturmāsyaṃ cakāra saḥ	pṛṣṭham|pṛṣṭhāt|pṛṣṭhaḥ	3	mcq
5930	651657	11762	8	7	150091	pṛṣṭha	NOUN	Nom.Plur		pṛṣṭhāny	pṛṣṭhāni	1512	tāni trīṇy anyāni trīṇy anyāni ṣaṭ ___ āsan	tāni trīṇy anyāni trīṇy anyāni ṣaṭ pṛṣṭhāny āsan	pṛṣṭhe|pṛṣṭham|pṛṣṭhāt	3	mcq
18685	634550	10534	8	1	150091	pṛṣṭha	NOUN	Abl.Sing		pṛṣṭhāt	pṛṣṭhāt	1512	___ pṛthivyā aham antarikṣam āruham antarikṣād divam āruham	pṛṣṭhāt pṛthivyā aham antarikṣam āruham antarikṣād divam āruham	pṛṣṭhe|pṛṣṭham|pṛṣṭhaḥ	3	mcq
26469	708926	17590	8	3	79293	mārga	NOUN	Nom.Plur		mārgāḥ	mārgāḥ	1512	preta anugata ___ ca varāha anugatāḥ ca yāḥ	preta anugata mārgāḥ ca varāha anugatāḥ ca yāḥ	mārgam|mārgeṇa|mārge	3	mcq
27406	642749	11027	6	2	79293	mārga	NOUN	Abl.Sing		mārgāt	mārgāt	1512	te ___ paribhraṣṭā vālukā sthalam anuprāptāḥ	te mārgāt paribhraṣṭā vālukā sthalam anuprāptāḥ	mārgam|mārgeṇa|mārge	3	mcq
28790	643572	10745	12	2	79293	mārga	NOUN	Acc.Sing		mārgam	mārgam	1512	yathābhūtaṃ ___ a jānantaḥ a paśyantaḥ na niryānti traidhātukāt na budhyante bhūtakoṭim	yathābhūtaṃ mārgam a jānantaḥ a paśyantaḥ na niryānti traidhātukāt na budhyante bhūtakoṭim	mārgeṇa|mārge|mārgaḥ	3	mcq
3892	650214_4	10860	7	2	70684	rātra	NOUN	Ins.Plur		rātraiḥ	rātraiḥ	1506	ahar ___ eva asmai etām āśiṣam āśāste	ahar rātraiḥ eva asmai etām āśiṣam āśāste	rātram|rātreṇa|rātrāt	3	mcq
6420	652141	11956	12	2	70684	rātra	NOUN	Gen.Dual		rātrayoḥ	rātrayoḥ	1506	ahar ___ ha asya tejasi hutaṃ bhavati ya evaṃ vidvān udite juhoti	ahar rātrayoḥ ha asya tejasi hutaṃ bhavati ya evaṃ vidvān udite juhoti	rātram|rātreṇa|rātrāt	3	mcq
10800	464827	7288	7	6	70684	rātra	NOUN	Acc.Sing		rātram	rātram	1506	alpa śeṣa lekhya nīvīkam pañca ___ ākāṅkṣeta	alpa śeṣa lekhya nīvīkam pañca rātram ākāṅkṣeta	rātreṇa|rātrāt|rātre	3	mcq
9080	76238	491	6	1	95017	pitāmaha	NOUN	Nom.Sing		pitāmahaḥ	pitāmahaḥ	1499	___ pitṛ pitā tad pitā prapitāmahaḥ	pitāmahaḥ pitṛ pitā tad pitā prapitāmahaḥ	pitāmaham|pitāmahaiḥ|pitāmahāḥ	3	mcq
23410	639065	11606	9	1	95017	pitāmaha	NOUN	Nom.Plur		pitāmahāḥ	pitāmahāḥ	1499	___ pitaraḥ prajā upajā aham paktā pañcadaśas te asmi	pitāmahāḥ pitaraḥ prajā upajā aham paktā pañcadaśas te asmi	pitāmahaḥ|pitāmaham|pitāmahaiḥ	3	mcq
32461	553020	8932	4	4	95017	pitāmaha	NOUN	Nom.Plur		pitāmahāḥ	pitāmahāḥ	1499	pitṛvya mātula mātāmaha ___	pitṛvya mātula mātāmaha pitāmahāḥ	pitāmahaḥ|pitāmaham|pitāmahaiḥ	3	mcq
88167	331045	1973	8	4	144408	puṭa	NOUN	Nom.Sing		puṭam	puṭam	1493	mustā vat pelava ___ śuka ābham syād vitunnakam	mustā vat pelava puṭam śuka ābham syād vitunnakam	puṭe|puṭaiḥ|puṭena	3	mcq
88729	331607	4513	7	3	144408	puṭa	NOUN	Ins.Plur		puṭaiḥ	puṭaiḥ	1493	evaṃ sapta ___ hema nirutthaṃ bhasma jāyate	evaṃ sapta puṭaiḥ hema nirutthaṃ bhasma jāyate	puṭe|puṭam|puṭena	3	mcq
88766	331644	4513	8	2	144408	puṭa	NOUN	Nom.Sing		puṭaṃ	puṭam	1493	yat ___ dīyate khāte hi aṣṭa saṃkhyaiḥ vanopalaiḥ	yat puṭaṃ dīyate khāte hi aṣṭa saṃkhyaiḥ vanopalaiḥ	puṭe|puṭaiḥ|puṭena	3	mcq
372	590130	9744	4	1	148726	bṛhaspati	NOUN	Nom.Sing		bṛhaspatiḥ	bṛhaspatiḥ	1491	___ surācāryo jīvaḥ citraśikhaṇḍijaḥ	bṛhaspatiḥ surācāryo jīvaḥ citraśikhaṇḍijaḥ	bṛhaspateḥ|bṛhaspatim|bṛhaspate	3	mcq
3855	650198_1	10860	5	1	148726	bṛhaspati	NOUN	Nom.Sing		bṛhaspatiḥ	bṛhaspatiḥ	1491	___ puraetā te astu iti	bṛhaspatiḥ puraetā te astu iti	bṛhaspateḥ|bṛhaspatim|bṛhaspate	3	mcq
5748	651476	11727	9	1	148726	bṛhaspati	NOUN	Voc.Sing		bṛhaspate	bṛhaspate	1491	___ su prajāḥ vīravanta iti prajayā vai suprajā vīravān	bṛhaspate su prajāḥ vīravanta iti prajayā vai suprajā vīravān	bṛhaspatiḥ|bṛhaspateḥ|bṛhaspatim	3	mcq
1699	484098	7676	7	3	137625	mṛga	NOUN	Nom.Sing		mṛgaḥ	mṛgaḥ	1489	svarṇa citra ___ bhūtvā rāma lakṣmaṇa karṣakaḥ	svarṇa citra mṛgaḥ bhūtvā rāma lakṣmaṇa karṣakaḥ	mṛgāḥ|mṛgān|mṛgam	3	mcq
1704	484103	7676	8	3	137625	mṛga	NOUN	Nom.Sing		mṛgo	mṛgaḥ	1489	iti matvā ___ bhūtvā sītā agre vyacarat muhur	iti matvā mṛgo bhūtvā sītā agre vyacarat muhur	mṛgāḥ|mṛgān|mṛgam	3	mcq
1706	484105	7676	8	2	137625	mṛga	NOUN	Nom.Sing		mṛgaḥ	mṛgaḥ	1489	mriyamāṇo ___ prāha hā sīte lakṣmaṇaiḥ iti ca	mriyamāṇo mṛgaḥ prāha hā sīte lakṣmaṇaiḥ iti ca	mṛgāḥ|mṛgān|mṛgam	3	mcq
255	590013	9741	10	2	27079	maṇḍala	NOUN	Nom.Sing		maṇḍalam	maṇḍalam	1487	bhā ___ cāru ca mauli pṛṣṭhe viḍambita aharpati maṇḍala śrīḥ	bhā maṇḍalam cāru ca mauli pṛṣṭhe viḍambita aharpati maṇḍala śrīḥ	maṇḍale|maṇḍalāni|maṇḍalāt	3	mcq
697	590456	9744	8	1	27079	maṇḍala	NOUN	Ins.Sing		maṇḍalena	maṇḍalena	1487	___ tu yat nṛtyam strīṇāṃ hallīsakaṃ tu tat	maṇḍalena tu yat nṛtyam strīṇāṃ hallīsakaṃ tu tat	maṇḍalam|maṇḍale|maṇḍalāni	3	mcq
2474	484918	7280	7	6	27079	maṇḍala	NOUN	Nom.Sing		maṇḍalam	maṇḍalam	1487	catur vitasti vicchinne tat etat ___ smṛtaṃ	catur vitasti vicchinne tat etat maṇḍalam smṛtaṃ	maṇḍale|maṇḍalāni|maṇḍalāt	3	mcq
46	479317	7024	7	3	141805	vṛtti	NOUN	Ins.Sing		vṛttyā	vṛttyā	1485	dūra āśutara ___ anyat yathāsthānaṃ kramaḥ athavā	dūra āśutara vṛttyā anyat yathāsthānaṃ kramaḥ athavā	vṛttiḥ|vṛttim|vṛttayaḥ	3	mcq
649	590408	9744	6	2	141805	vṛtti	NOUN	Nom.Dual		vṛttī	vṛttī	1485	nibandha ___ anvarthe saṃgrahaḥ tu samāhṛtiḥ	nibandha vṛttī anvarthe saṃgrahaḥ tu samāhṛtiḥ	vṛttiḥ|vṛttim|vṛttayaḥ	3	mcq
10141	464153	5776	9	3	141805	vṛtti	NOUN	Nom.Sing		vṛttiḥ	vṛttiḥ	1485	tad viruddha ___ avaśya indriyaḥ api rājā sadyo vinaśyati	tad viruddha vṛttiḥ avaśya indriyaḥ api rājā sadyo vinaśyati	vṛttim|vṛttayaḥ|vṛttyā	3	mcq
1223	555598	8248	9	8	129307	gaja	NOUN	Nom.Sing		gajaḥ	gajaḥ	1483	utpanno 'pi na ca utpannaḥ yadvan māyā ___ mataḥ	utpanno 'pi na ca utpannaḥ yadvan māyā gajaḥ mataḥ	gajāḥ|gajam|gajaiḥ	3	mcq
3659	650106_1	10841	5	1	40060	ojas	NOUN	Nom.Sing		ojaḥ	ojaḥ	1483	___ vai indriyam vīryam triṣṭubhau	ojaḥ vai indriyam vīryam triṣṭubhau	ojasā|ojasaḥ|ojasam	3	mcq
4296	650401_2	10916	5	1	40060	ojas	NOUN	Nom.Sing		ojaḥ	ojaḥ	1483	___ vai indriyam vīryam triṣṭubh	ojaḥ vai indriyam vīryam triṣṭubh	ojasā|ojasaḥ|ojasam	3	mcq
4297	650401_3	10916	7	1	40060	ojas	NOUN	Ins.Sing		ojasā	ojasā	1483	___ eva enam tat indriyeṇa vīryeṇa samardhayati	ojasā eva enam tat indriyeṇa vīryeṇa samardhayati	ojaḥ|ojasaḥ|ojasam	3	mcq
9488	76646	491	7	3	129307	gaja	NOUN	Nom.Sing		gajo	gajaḥ	1483	mataṃga jaḥ ___ nāgaḥ kuñjaro vāraṇaḥ karī	mataṃga jaḥ gajo nāgaḥ kuñjaro vāraṇaḥ karī	gajāḥ|gajam|gajaiḥ	3	mcq
10648	464674	7283	8	3	129307	gaja	NOUN	Nom.Plur		gajāḥ	gajāḥ	1483	kāliṅga aṅga ___ śreṣṭhāḥ prācyāḥ cedi karūṣa jāḥ	kāliṅga aṅga gajāḥ śreṣṭhāḥ prācyāḥ cedi karūṣa jāḥ	gajaḥ|gajam|gajaiḥ	3	mcq
892	506111	7429	6	2	20280	pala	NOUN	Nom.Sing		palam	palam	1478	caturbhiḥ ___ etasya daśamo dharaṇo viduḥ	caturbhiḥ palam etasya daśamo dharaṇo viduḥ	pale|palāni|palaiḥ	3	mcq
893	506112	7429	6	2	20280	pala	NOUN	Nom.Plur		palāni	palāni	1478	daśa ___ dharaṇaṃ catvāri suvarṇāni niṣkaḥ	daśa palāni dharaṇaṃ catvāri suvarṇāni niṣkaḥ	palam|pale|palaiḥ	3	mcq
900	506119	7429	7	1	20280	pala	NOUN	Ins.Plur		palaiḥ	palaiḥ	1478	___ ṣoḍaśabhiḥ prasthaḥ śuṣkāṇāṃ ca tato viduḥ	palaiḥ ṣoḍaśabhiḥ prasthaḥ śuṣkāṇāṃ ca tato viduḥ	palam|pale|palāni	3	mcq
35736	26740	277	7	1	48409	bhakti	NOUN	Ins.Sing		bhaktyā	bhaktyā	1478	___ kalyāṇa mitrāṇi seveta itara dūra gaḥ	bhaktyā kalyāṇa mitrāṇi seveta itara dūra gaḥ	bhaktiḥ|bhaktim|bhaktyāḥ	3	mcq
39452	30653	3961	8	1	48409	bhakti	NOUN	Nom.Sing		bhaktiḥ	bhaktiḥ	1478	___ śīlaṃ smṛtis tyāgo buddhir balam a hetukam	bhaktiḥ śīlaṃ smṛtis tyāgo buddhir balam a hetukam	bhaktyā|bhaktim|bhaktyāḥ	3	mcq
60231	87384	592	8	5	48409	bhakti	NOUN	Ins.Sing		bhaktyā	bhaktyā	1478	saḥ ayam prātar gṛṇan ___ duḥkha grāmāt vimucyate	saḥ ayam prātar gṛṇan bhaktyā duḥkha grāmāt vimucyate	bhaktiḥ|bhaktim|bhaktyāḥ	3	mcq
15167	648040	16479	6	3	165581	sambhū	VERB	Past.Ind.2.Sing.NonPass		saṃbabhūvitha	saṃbabhūvitha	1477	pratyaṅ hi ___ pratīcīna phalaḥ tvam	pratyaṅ hi saṃbabhūvitha pratīcīna phalaḥ tvam	samabhavat|sambhavati|sambhavanti	3	mcq
18798	634658	10540	6	3	165581	sambhū	VERB	Past.Ind.2.Sing.NonPass		saṃbabhūvitha	saṃbabhūvitha	1477	pratyaṅ hi ___ pratīcīna phalaḥ tvam	pratyaṅ hi saṃbabhūvitha pratīcīna phalaḥ tvam	samabhavat|sambhavati|sambhavanti	3	mcq
25228	640878	12266	5	3	165581	sambhū	VERB	Pres.Imp.1.Dual.NonPass		saṃbhavāva	saṃbhavāva	1477	tāv iha ___ prajām ājanayāvahai	tāv iha saṃbhavāva prajām ājanayāvahai	samabhavat|sambhavati|sambhavanti	3	mcq
51	479322	7024	8	2	141016	pramāṇa	NOUN	Nom.Plur		pramāṇāḥ	pramāṇāḥ	1476	śāstra ___ iti eke skandha ādīnām kathā ekaśas	śāstra pramāṇāḥ iti eke skandha ādīnām kathā ekaśas	pramāṇam|pramāṇena|pramāṇāt	3	mcq
939	506158	7429	5	2	141016	pramāṇa	NOUN	Gen.Plur		pramāṇānāṃ	pramāṇānām	1476	anirdiṣṭaḥ ___ pramāṇam idam īritam	anirdiṣṭaḥ pramāṇānāṃ pramāṇam idam īritam	pramāṇam|pramāṇena|pramāṇāt	3	mcq
946	506165	7429	6	2	141016	pramāṇa	NOUN	Nom.Sing		pramāṇam	pramāṇam	1476	tāvat ___ kartavyaṃ bhiṣagbhir bhāvanā vidhau	tāvat pramāṇam kartavyaṃ bhiṣagbhir bhāvanā vidhau	pramāṇena|pramāṇāt|pramāṇāni	3	mcq
4079	650306_3	10874	4	2	9748	adhvaryu	NOUN	Nom.Dual		adhvaryū	adhvaryū	1476	tasmāt ___ gharmam saṃbharataḥ	tasmāt adhvaryū gharmam saṃbharataḥ	adhvaryuḥ|adhvaryum|adhvaryo	3	mcq
4391	650459_1	10928	12	4	9748	adhvaryu	NOUN	Nom.Sing		adhvaryuḥ	adhvaryuḥ	1476	tau yadā eva ___ ca pratiprasthātā ca ubhayatas methyau nihanyātām atha paridadhyāt	tau yadā eva adhvaryuḥ ca pratiprasthātā ca ubhayatas methyau nihanyātām atha paridadhyāt	adhvaryum|adhvaryo|adhvaryave	3	mcq
4786	650650_2	11091	8	2	9748	adhvaryu	NOUN	Nom.Sing		adhvaryuḥ	adhvaryuḥ	1476	tām ___ sruveṇa abhighārayan āha stokebhyaḥ anubrūhi iti	tām adhvaryuḥ sruveṇa abhighārayan āha stokebhyaḥ anubrūhi iti	adhvaryum|adhvaryo|adhvaryave	3	mcq
28938	643720	10745	5	1	160260	bhāvay	VERB	Pres.Ind.3.Sing.NonPass		bhāvayati	bhāvayati	1472	___ ayam bodhisattvo mahāsattvaḥ prajñāpāramitām	bhāvayati ayam bodhisattvo mahāsattvaḥ prajñāpāramitām	bhāvayet|bhāvayanti|bhāvyate	3	mcq
60171	87324	591	7	1	160260	bhāvay	VERB	Pres.Ind.3.Sing.NonPass		bhāvayaty	bhāvayati	1472	___ eṣa sattvena lokān vai loka bhāvanaḥ	bhāvayaty eṣa sattvena lokān vai loka bhāvanaḥ	bhāvayet|bhāvayanti|bhāvyate	3	mcq
68478	95963	11062	7	7	160260	bhāvay	VERB	Pres.Ind.2.Sing.Pass		bhāvyase	bhāvyase	1472	tadanu tvaṃ hi apraviṣṭaḥ praviṣṭa iva ___	tadanu tvaṃ hi apraviṣṭaḥ praviṣṭa iva bhāvyase	bhāvayet|bhāvayanti|bhāvayati	3	mcq
3489	749417	15234	9	1	136454	mūrdhan	NOUN	Nom.Sing		mūrdhā	mūrdhā	1468	___ lokānām asi vāco rasas tejaḥ prāṇasya āyatanam manasaḥ	mūrdhā lokānām asi vāco rasas tejaḥ prāṇasya āyatanam manasaḥ	mūrdhani|mūrdhānam|mūrdhanā	3	mcq
13567	646554	13067	9	2	136454	mūrdhan	NOUN	Nom.Sing		mūrdhā	mūrdhā	1468	ayaṃ ___ parameṣṭhī su varcāḥ samānānām uttama ślokaḥ astu	ayaṃ mūrdhā parameṣṭhī su varcāḥ samānānām uttama ślokaḥ astu	mūrdhani|mūrdhānam|mūrdhanā	3	mcq
13762	646731_1	13218	12	1	136454	mūrdhan	NOUN	Nom.Sing		mūrdhā	mūrdhā	1468	___ divaḥ antarikṣasya mūrdhā mūrdhā sindhūnām uta parvatānām mūrdhā viśvasya bhuvanasya rājā	mūrdhā divaḥ antarikṣasya mūrdhā mūrdhā sindhūnām uta parvatānām mūrdhā viśvasya bhuvanasya rājā	mūrdhani|mūrdhānam|mūrdhanā	3	mcq
2326	484725	7692	5	2	155687	prasāda	NOUN	Ins.Sing		prasādena	prasādena	1467	mahādeva ___ tapasā bhāvitā satī	mahādeva prasādena tapasā bhāvitā satī	prasādāt|prasādam|prasādaḥ	3	mcq
26356	708800	17582	5	2	155687	prasāda	NOUN	Abl.Sing		prasādāt	prasādāt	1467	yuṣmad ___ chāntim adhigacchāmi iti	yuṣmad prasādāt chāntim adhigacchāmi iti	prasādam|prasādena|prasādaḥ	3	mcq
26796	642139	10679	6	5	155687	prasāda	NOUN	Acc.Sing		prasādam	prasādam	1467	dṛṣṭvā ca punaḥ paraṃ ___ āpannaḥ	dṛṣṭvā ca punaḥ paraṃ prasādam āpannaḥ	prasādāt|prasādena|prasādaḥ	3	mcq
2054	484453	7686	6	1	85684	duryodhana	NOUN	Nom.Sing		duryodhano	duryodhanaḥ	1461	___ jatu gṛhe pāṇḍavān adahat kudhīḥ	duryodhano jatu gṛhe pāṇḍavān adahat kudhīḥ	duryodhanam|duryodhanasya|duryodhanena	3	mcq
2112	484511	7687	8	1	85684	duryodhana	NOUN	Loc.Sing		duryodhane	duryodhane	1461	___ tu śoka ārte droṇaḥ senāpatiḥ tu abhūt	duryodhane tu śoka ārte droṇaḥ senāpatiḥ tu abhūt	duryodhanaḥ|duryodhanam|duryodhanasya	3	mcq
2121	484520	7687	8	1	85684	duryodhana	NOUN	Loc.Sing		duryodhane	duryodhane	1461	___ tu śoka ārte karṇaḥ senāpatiḥ tu abhūt	duryodhane tu śoka ārte karṇaḥ senāpatiḥ tu abhūt	duryodhanaḥ|duryodhanam|duryodhanasya	3	mcq
7290	652737_2	12139	9	4	62866	āsana	NOUN	Nom.Dual		āsane	āsane	1457	ete ca eva ___ śvetaḥ ca aśvatarī rathaḥ hotuḥ	ete ca eva āsane śvetaḥ ca aśvatarī rathaḥ hotuḥ	āsanam|āsanāt|āsanāni	3	mcq
7710	653014	12320	7	4	62866	āsana	NOUN	Loc.Sing		āsane	āsane	1457	tā mahyam asminn ___ 'chidraṃ śarma yacchata	tā mahyam asminn āsane 'chidraṃ śarma yacchata	āsanam|āsanāt|āsanāni	3	mcq
7712	653016	12320	7	4	62866	āsana	NOUN	Loc.Sing		āsane	āsane	1457	tā mahyam asminn ___ 'chidraṃ śarma yacchata	tā mahyam asminn āsane 'chidraṃ śarma yacchata	āsanam|āsanāt|āsanāni	3	mcq
76419	575660	9767	6	3	30562	samara	NOUN	Loc.Sing		samare	samare	1455	tayoḥ pravṛtte ___ kampamāne mahī tale	tayoḥ pravṛtte samare kampamāne mahī tale	samareṣu|samaram|samarāt	3	mcq
76552	575793	9767	5	3	30562	samara	NOUN	Loc.Sing		samare	samare	1455	tayoḥ pravṛtte ___ niḥśeṣita mahīruhe	tayoḥ pravṛtte samare niḥśeṣita mahīruhe	samareṣu|samaram|samarāt	3	mcq
77610	576851	9767	8	4	30562	samara	NOUN	Loc.Sing		samare	samare	1455	etau na jetuṃ ___ śakyau śakra śataiḥ api	etau na jetuṃ samare śakyau śakra śataiḥ api	samareṣu|samaram|samarāt	3	mcq
752	590511	9744	7	1	36010	mati	NOUN	Nom.Sing		matiḥ	matiḥ	1452	___ manīṣā buddhiḥ dhī dhiṣaṇā jñapti cetanāḥ	matiḥ manīṣā buddhiḥ dhī dhiṣaṇā jñapti cetanāḥ	matim|matayaḥ|matibhiḥ	3	mcq
823	590582	9885	8	2	36010	mati	NOUN	Nom.Sing		matiḥ	matiḥ	1452	kuśāgrīya ___ sūkṣma darśī tad kāla dhīḥ punaḥ	kuśāgrīya matiḥ sūkṣma darśī tad kāla dhīḥ punaḥ	matim|matayaḥ|matibhiḥ	3	mcq
824	590583	9885	7	2	36010	mati	NOUN	Nom.Sing		matiḥ	matiḥ	1452	pratyutpanna ___ dūrāt yaḥ paśyet dīrghadarśī asau	pratyutpanna matiḥ dūrāt yaḥ paśyet dīrghadarśī asau	matim|matayaḥ|matibhiḥ	3	mcq
1375	483774	7592	8	1	99099	sūta	NOUN	Voc.Sing		sūta	sūtaiḥ	1448	___ tvaṃ pūjito 'smābhiḥ sārāt sāram vadasva naḥ	sūta tvaṃ pūjito 'smābhiḥ sārāt sāram vadasva naḥ	sūtaḥ|sūtam|sūtāḥ	3	mcq
59349	673363	16515	4	1	99099	sūta	NOUN	Nom.Sing		sūtaḥ	sūtaḥ	1448	___ sūtasavena yakṣyamāṇo bhavati	sūtaḥ sūtasavena yakṣyamāṇo bhavati	sūtaiḥ|sūtam|sūtāḥ	3	mcq
60064	87217	590	6	2	99099	sūta	NOUN	Acc.Sing		sūtam	sūtam	1448	satkṛtaṃ ___ āsīnaṃ papracchur idam ādarāt	satkṛtaṃ sūtam āsīnaṃ papracchur idam ādarāt	sūtaḥ|sūtaiḥ|sūtāḥ	3	mcq
3526	749454	15237	5	2	68266	vatsa	NOUN	Loc.Sing		vatse	vatse	1443	na ___ cana tṛtīya iti	na vatse cana tṛtīya iti	vatsaiḥ|vatsam|vatsaḥ	3	mcq
6921	652605_2	12096	4	2	68266	vatsa	NOUN	Gen.Sing		vatsāyāḥ	vatsāyāḥ	1443	abhivānya ___ payasā juhuyāt	abhivānya vatsāyāḥ payasā juhuyāt	vatsaiḥ|vatsam|vatsaḥ	3	mcq
10435	464461	7327	8	1	68266	vatsa	NOUN	Ins.Sing		vatsena	vatsena	1443	___ iva hi dhenuṃ pitaram asya sāmanto duhyāt	vatsena iva hi dhenuṃ pitaram asya sāmanto duhyāt	vatsaiḥ|vatsam|vatsaḥ	3	mcq
2292	484691	7692	10	4	37014	marut	NOUN	Ins.Dual		marudbhyām	marudbhyām	1439	mukha ja agni ___ ca dṛṣṭvā ca atha druma kṣayam	mukha ja agni marudbhyām ca dṛṣṭvā ca atha druma kṣayam	marutaḥ|marutām|marudbhiḥ	3	mcq
3769	650163_1	10851	4	1	37014	marut	NOUN	Nom.Plur		marutaḥ	marutaḥ	1439	___ vai devānām viśaḥ	marutaḥ vai devānām viśaḥ	marutām|marudbhiḥ|marudbhyaḥ	3	mcq
3787	650169_2	10855	7	1	37014	marut	NOUN	Nom.Plur		marutaḥ	marutaḥ	1439	___ ha vai deva viśaḥ antarikṣa bhājanāḥ	marutaḥ ha vai deva viśaḥ antarikṣa bhājanāḥ	marutām|marudbhiḥ|marudbhyaḥ	3	mcq
1168	555543	8248	6	6	75122	vaśa	NOUN	Abl.Sing		vaśāt	vaśāt	1438	viditaṃ deśitaṃ tadvad dhīmadbhyaḥ karuṇā ___	viditaṃ deśitaṃ tadvad dhīmadbhyaḥ karuṇā vaśāt	vaśam|vaśe|vaśena	3	mcq
2988	748918	15035	8	1	75122	vaśa	NOUN	Acc.Sing		vaśaṃ	vaśam	1438	___ śaṃsati vaśe ma idaṃ sarvam asad iti	vaśaṃ śaṃsati vaśe ma idaṃ sarvam asad iti	vaśāt|vaśe|vaśena	3	mcq
3468	749396	15217	4	4	75122	vaśa	NOUN	Nom.Sing		vaśaḥ	vaśaḥ	1438	tvāvataḥ purūvasav iti ___	tvāvataḥ purūvasav iti vaśaḥ	vaśam|vaśāt|vaśe	3	mcq
12782	687608	14322	4	2	162977	prayā	VERB	Pres.Opt.3.Sing.NonPass		prayāyān	prayāyāt	1436	na ___ na anugacchet	na prayāyān na anugacchet	prayayau|prāyāt|prayāti	3	mcq
36666	27674	1162	9	1	162977	prayā	VERB	Pres.Ind.3.Sing.NonPass		prayāti	prayāti	1436	___ na ūrdhvam na adhastāt āhāro na ca pacyate	prayāti na ūrdhvam na adhastāt āhāro na ca pacyate	prayayau|prāyāt|prayayuḥ	3	mcq
39672	30873	3978	7	2	162977	prayā	VERB	Pres.Ind.3.Sing.NonPass		prayāti	prayāti	1436	yaḥ ___ diśaṃ yāmyāṃ maraṇaṃ tasya yakṣmaṇā	yaḥ prayāti diśaṃ yāmyāṃ maraṇaṃ tasya yakṣmaṇā	prayayau|prāyāt|prayayuḥ	3	mcq
38998	30196	1180	8	3	157900	varjay	VERB	Pres.Opt.3.Sing.NonPass		varjayet	varjayet	1435	sapta evam ___ tāsāṃ karṇayoḥ ṣoḍaśa atra tu	sapta evam varjayet tāsāṃ karṇayoḥ ṣoḍaśa atra tu	varjayanti|varjaya|varjayāmi	3	mcq
40083	31284	4018	8	3	157900	varjay	VERB	Pres.Opt.3.Sing.NonPass		varjayed	varjayet	1435	ādye dve ___ antye sarva liṅgām ca veginīm	ādye dve varjayed antye sarva liṅgām ca veginīm	varjayanti|varjaya|varjayāmi	3	mcq
40135	31336	4047	7	1	157900	varjay	VERB	Pres.Opt.3.Sing.NonPass		varjayet	varjayet	1435	___ sādhayed eva sarveṣu api tato 'nyathā	varjayet sādhayed eva sarveṣu api tato 'nyathā	varjayanti|varjaya|varjayāmi	3	mcq
68014	95438	7447	6	6	146574	dānava	NOUN	Acc.Plur		dānavān	dānavān	1426	giri pāta viniṣpiṣṭān vilokya amara ___	giri pāta viniṣpiṣṭān vilokya amara dānavān	dānavāḥ|dānavaḥ|dānavānām	3	mcq
75424	574665	9767	7	3	146574	dānava	NOUN	Nom.Plur		dānavāḥ	dānavāḥ	1426	taṃ punar ___ hatvā dagdhaṃ niṣpiṣya nirjane	taṃ punar dānavāḥ hatvā dagdhaṃ niṣpiṣya nirjane	dānavaḥ|dānavān|dānavānām	3	mcq
81941	581182	9723	7	7	146574	dānava	NOUN	Nom.Plur		dānavāḥ	dānavāḥ	1426	mayā ekena hatāḥ sarve saṃhatā daitya ___	mayā ekena hatāḥ sarve saṃhatā daitya dānavāḥ	dānavaḥ|dānavān|dānavānām	3	mcq
1683	484082	7676	7	3	159849	bhakṣay	VERB	Fut.Ind.1.Sing.NonPass		bhakṣayiṣyāmi	bhakṣayiṣyāmi	1425	etau ca ___ ity uktvā taṃ samudyatā	etau ca bhakṣayiṣyāmi ity uktvā taṃ samudyatā	bhakṣayet|bhakṣayanti|bhakṣayati	3	mcq
7492	652807_3	12183	4	4	159849	bhakṣay	VERB	Pres.Opt.3.Sing.NonPass		bhakṣayet	bhakṣayet	1425	atha enam āhṛtam ___	atha enam āhṛtam bhakṣayet	bhakṣayanti|bhakṣayati|bhakṣayāmi	3	mcq
10853	464880	7290	4	2	159849	bhakṣay	VERB	Pres.Opt.3.Plur.NonPass		bhakṣayeyuḥ	bhakṣayeyuḥ	1425	saṃhatā ___ vigṛhītā vināśayeyuḥ	saṃhatā bhakṣayeyuḥ vigṛhītā vināśayeyuḥ	bhakṣayet|bhakṣayanti|bhakṣayati	3	mcq
82774	582015	9727	7	2	94243	pārthiva	NOUN	Nom.Plur		pārthivāḥ	pārthivāḥ	1421	pravarāḥ ___ ca anye hatā vīrāḥ sahasraśaḥ	pravarāḥ pārthivāḥ ca anye hatā vīrāḥ sahasraśaḥ	pārthivaiḥ|pārthivaḥ|pārthivam	3	mcq
85517	584758	9728	10	3	94243	pārthiva	NOUN	Nom.Sing		pārthivo	pārthivaḥ	1421	iti uktaḥ ___ avādīt strī tvam na eva tyajāmi aham	iti uktaḥ pārthivo avādīt strī tvam na eva tyajāmi aham	pārthivaiḥ|pārthivāḥ|pārthivam	3	mcq
86649	585890	9729	7	2	94243	pārthiva	NOUN	Nom.Plur		pārthivāḥ	pārthivāḥ	1421	nihatāḥ ___ sarve śeṣāḥ pañca eva pāṇḍavāḥ	nihatāḥ pārthivāḥ sarve śeṣāḥ pañca eva pāṇḍavāḥ	pārthivaiḥ|pārthivaḥ|pārthivam	3	mcq
43343	34544	4254	6	1	158892	marday	VERB	Pres.Opt.3.Sing.NonPass		mardayet	mardayet	1418	___ payasaḥ prasthe pūtena āsthāpayet tataḥ	mardayet payasaḥ prasthe pūtena āsthāpayet tataḥ	mardayāmāsa|mardayanti|mardayiṣyāmi	3	mcq
88838	331716	4513	5	3	158892	marday	VERB	Pres.Opt.3.Sing.NonPass		mardayet	mardayet	1418	svāṅgaśītaṃ samuddhṛtya ___ śūraṇa dravaiḥ	svāṅgaśītaṃ samuddhṛtya mardayet śūraṇa dravaiḥ	mardayāmāsa|mardayanti|mardayiṣyāmi	3	mcq
88897	331775	4513	7	1	158892	marday	VERB	Pres.Opt.3.Sing.NonPass		mardayet	mardayet	1418	___ kanyakā dravaiḥ yāma yugmam tataḥ puṭet	mardayet kanyakā dravaiḥ yāma yugmam tataḥ puṭet	mardayāmāsa|mardayanti|mardayiṣyāmi	3	mcq
582	590340	9744	7	1	26897	maṇi	NOUN	Nom.Sing		maṇiḥ	maṇiḥ	1417	___ syamantako haste bhuja madhye tu kaustubhaḥ	maṇiḥ syamantako haste bhuja madhye tu kaustubhaḥ	maṇim|maṇayaḥ|maṇīn	3	mcq
1287	18132	57	6	1	26897	maṇi	NOUN	Nom.Sing		maṇir	maṇiḥ	1417	___ marakataś ca eva mahāratnāni pañcadhā	maṇir marakataś ca eva mahāratnāni pañcadhā	maṇim|maṇayaḥ|maṇīn	3	mcq
1331	18176	57	8	3	26897	maṇi	NOUN	Nom.Sing		maṇir	maṇiḥ	1417	māhendro yaṃ ___ dhāryo dhana dhānya samṛddhi daḥ	māhendro yaṃ maṇir dhāryo dhana dhānya samṛddhi daḥ	maṇim|maṇayaḥ|maṇīn	3	mcq
5635	651363	11709	10	1	160774	e	VERB	Pres.Imp.2.Sing.NonPass		ehy	ehi	1409	___ ū ṣu bravāṇi te 'gna itthā itarāḥ gira iti	ehy ū ṣu bravāṇi te 'gna itthā itarāḥ gira iti	āyanti|aitu|eta	3	mcq
6560	652281	12024	9	2	160774	e	VERB	Pres.Imp.2.Sing.NonPass		ehi	ehi	1409	arvāṅ ___ soma kāmam tvā āhuḥ iti potā yajati	arvāṅ ehi soma kāmam tvā āhuḥ iti potā yajati	āyanti|aitu|eta	3	mcq
12231	687046	14351	6	3	160774	e	VERB	Pres.Imp.3.Sing.NonPass		aitu	aitu	1409	punar mā ___ indriyam iti ca	punar mā aitu indriyam iti ca	ehi|āyanti|eta	3	mcq
3510	749438	15234	7	1	160039	āhṛ	VERB	Pres.Ind.3.Sing.NonPass		āharaty	āharati	1408	___ adhvaryur uktha pātram atigrāhyāṃś camasāṃś ca	āharaty adhvaryur uktha pātram atigrāhyāṃś camasāṃś ca	āharet|āharanti|āhara	3	mcq
7078	652648_1	12114	8	1	160039	āhṛ	VERB	Pres.Opt.3.Sing.NonPass		āharet	āharet	1408	___ iti āhuḥ yadi na āharet anaddhā puruṣaḥ	āharet iti āhuḥ yadi na āharet anaddhā puruṣaḥ	āharati|āharanti|āhara	3	mcq
16237	649038	17477	8	1	160039	āhṛ	VERB	Past.Ind.1.Sing.NonPass	s	āhārṣaṃ	āhārṣam	1408	___ viśva bheṣajīm asya a dṛṣṭān ni śamaya	āhārṣaṃ viśva bheṣajīm asya a dṛṣṭān ni śamaya	āharet|āharati|āharanti	3	mcq
10395	464421	7325	7	4	131110	śastra	NOUN	Loc.Plur		śastreṣu	śastreṣu	1400	tasmād udyateṣu api ___ yathoktaṃ vaktāro dūtāḥ	tasmād udyateṣu api śastreṣu yathoktaṃ vaktāro dūtāḥ	śastraiḥ|śastreṇa|śastram	3	mcq
11776	465827	11794	4	1	131110	śastra	NOUN	Ins.Sing		śastreṇa	śastreṇa	1400	___ praharata uttamo daṇḍaḥ	śastreṇa praharata uttamo daṇḍaḥ	śastraiḥ|śastram|śastrāṇi	3	mcq
38004	29202	3872	6	1	131110	śastra	NOUN	Nom.Plur		śastrāṇi	śastrāṇi	1400	___ roma vāhīni bāhulyena aṅgulāni ṣaṭ	śastrāṇi roma vāhīni bāhulyena aṅgulāni ṣaṭ	śastraiḥ|śastreṇa|śastram	3	mcq
16254	649055	17477	7	4	110524	hṛd	NOUN	Loc.Sing		hṛdi	hṛdi	1397	etad yat te ___ śritaṃ manaskaṃ patayiṣṇukam	etad yat te hṛdi śritaṃ manaskaṃ patayiṣṇukam	hṛdā|hṛde|hṛtsu	3	mcq
16842	649645	17527	5	5	110524	hṛd	NOUN	Gen.Sing		hṛdaḥ	hṛdaḥ	1397	śocanāv abhiśocanāv asya ucchocanau ___	śocanāv abhiśocanāv asya ucchocanau hṛdaḥ	hṛdi|hṛdā|hṛde	3	mcq
17974	633888_1	10473	11	6	110524	hṛd	NOUN	Loc.Sing		hṛdi	hṛdi	1397	atha u yat adya eṣām ___ tat eṣām pari niḥ jahi	atha u yat adya eṣām hṛdi tat eṣām pari niḥ jahi	hṛdā|hṛde|hṛtsu	3	mcq
1313	18158	57	8	3	134091	krama	NOUN	Ins.Sing		krameṇa	krameṇa	1394	brāhmaṇa ādi ___ eva jāti bhedaḥ tu kalpitaḥ	brāhmaṇa ādi krameṇa eva jāti bhedaḥ tu kalpitaḥ	kramaḥ|kramam|kramāt	3	mcq
1317	18162	57	7	3	134091	krama	NOUN	Ins.Sing		krameṇa	krameṇa	1394	anena eva ___ eva hīyate ca yathākramam	anena eva krameṇa eva hīyate ca yathākramam	kramaḥ|kramam|kramāt	3	mcq
10895	464922	7291	12	2	134091	krama	NOUN	Nom.Sing		kramaḥ	kramaḥ	1394	artha ___ sambandhaḥ paripūrṇa tā mādhuryam audāryaṃ spaṣṭa tvam iti lekha saṃpad	artha kramaḥ sambandhaḥ paripūrṇa tā mādhuryam audāryaṃ spaṣṭa tvam iti lekha saṃpad	krameṇa|kramam|kramāt	3	mcq
971	506190	7429	10	1	157149	jṛ	VERB	Pres.Ind.3.Plur.NonPass		jīryanti	jīryanti	1388	___ lehyāny api pañca ghaṭyām yāma traye jīryati dugdha jātam	jīryanti lehyāny api pañca ghaṭyām yāma traye jīryati dugdha jātam	jīryati|jīryate|jarati	3	mcq
28625	43276	5064	12	7	157149	jṛ	VERB	Pres.Ind.3.Sing.NonPass		jīryati	jīryati	1388	anannaḥ anna sambandha rahitaḥ yāvad eṣa ___ tāvat na bhoktavyam iti arthaḥ	anannaḥ anna sambandha rahitaḥ yāvad eṣa jīryati tāvat na bhoktavyam iti arthaḥ	jīryate|jīryanti|jīryante	3	mcq
42647	33848	4236	6	1	157149	jṛ	VERB	Pres.Ind.3.Sing.NonPass		jīryati	jīryati	1388	___ etāvatā pānaṃ kālena vipatha āśritam	jīryati etāvatā pānaṃ kālena vipatha āśritam	jīryate|jīryanti|jīryante	3	mcq
3899	650218_2	10860	7	1	159469	bhī	VERB	Pres.Ind.3.Plur.NonPass		bibhyati	bibhyati	1384	___ vai somāt rājñaḥ āyataḥ yajamānasya gṛhāḥ	bibhyati vai somāt rājñaḥ āyataḥ yajamānasya gṛhāḥ	bibheti|bibhemi|bhaiḥ	3	mcq
4461	650493_2	10950	11	2	159469	bhī	VERB	Past.Ind.3.Plur.NonPass		abibhayuḥ	abibhayuḥ	1384	te ___ imam naḥ dṛṣṭvā manuṣyāḥ ca ṛṣayaḥ ca anuprajñāsyanti iti	te abibhayuḥ imam naḥ dṛṣṭvā manuṣyāḥ ca ṛṣayaḥ ca anuprajñāsyanti iti	bibheti|bibhemi|bhaiḥ	3	mcq
17738	633670	10467	9	7	159469	bhī	VERB	Pres.Ind.3.Dual.NonPass		bibhīto	bibhītaḥ	1384	yathā bhūtaṃ ca bhavyaṃ ca na ___ na riṣyataḥ	yathā bhūtaṃ ca bhavyaṃ ca na bibhīto na riṣyataḥ	bibheti|bibhemi|bhaiḥ	3	mcq
42	479313	7024	6	3	9398	saṃjñā	NOUN	Nom.Dual		saṃjñe	saṃjñe	1382	caittebhyo vedanā ___ pṛthak skandhau niveśitau	caittebhyo vedanā saṃjñe pṛthak skandhau niveśitau	saṃjñā|saṃjñām|saṃjñaḥ	3	mcq
28218	42825	1353	7	5	9398	saṃjñā	NOUN	Nom.Sing		saṃjñā	saṃjñā	1382	yatas teṣu kriyamāṇā vīrya ___ anvarthā syāt	yatas teṣu kriyamāṇā vīrya saṃjñā anvarthā syāt	saṃjñām|saṃjñāḥ|sañjñāyām	3	mcq
28791	643573	10745	6	5	9398	saṃjñā	NOUN	Acc.Sing		saṃjñāṃ	saṃjñām	1382	tena te bālā iti ___ gacchanti	tena te bālā iti saṃjñāṃ gacchanti	saṃjñā|saṃjñaḥ|saṃjñāḥ	3	mcq
3454	749382	15217	8	5	156220	gā	VERB	Pres.Imp.2.Plur.NonPass		gāyata	gāyata	1381	tam v abhi pra ___ iti uttamām uddharati	tam v abhi pra gāyata iti uttamām uddharati	gāyati|gāyet|gīyate	3	mcq
17197	650000	17578	7	3	156220	gā	VERB	Pres.Jus.2.Sing.NonPass		gāyaḥ	gāyaḥ	1381	mā abhi ___ śābaleyaṃ śauṇeyaṃ sādhu vāhinam	mā abhi gāyaḥ śābaleyaṃ śauṇeyaṃ sādhu vāhinam	gāyati|gāyet|gīyate	3	mcq
24150	639801	11938	6	2	156220	gā	VERB	Pres.Ind.3.Plur.NonPass		gāyanti	gāyanti	1381	yasyāṃ ___ nṛtyanti bhūmyāṃ martyā vyailabāḥ	yasyāṃ gāyanti nṛtyanti bhūmyāṃ martyā vyailabāḥ	gāyati|gāyet|gīyate	3	mcq
760	590519	9744	8	1	27316	mada	NOUN	Nom.Sing		mado	madaḥ	1379	___ _ moha sambhedaḥ vyādhiḥ tu ādhiḥ rujākaraḥ	mado _ moha sambhedaḥ vyādhiḥ tu ādhiḥ rujākaraḥ	madam|madāya|made	3	mcq
6511	652232	12010	8	1	27316	mada	NOUN	Loc.Sing		made	made	1379	___ somasya rocanā indro yad abhinad valam iti	made somasya rocanā indro yad abhinad valam iti	madaḥ|madam|madāya	3	mcq
10146	464158	5776	7	1	27316	mada	NOUN	Abl.Sing		madād	madāt	1379	___ dambhodbhavo bhūta avamānī haihayaḥ ca arjunaḥ	madād dambhodbhavo bhūta avamānī haihayaḥ ca arjunaḥ	madaḥ|madam|madāya	3	mcq
2234	484633	7691	6	1	38865	ṛc	NOUN	Acc.Plur		ṛco	ṛcaḥ	1378	___ yajūṃṣi sāmāni nirmame yajña siddhaye	ṛco yajūṃṣi sāmāni nirmame yajña siddhaye	ṛcā|ṛcam|ṛc	3	mcq
3843	650192_2	10859	4	3	38865	ṛc	NOUN	Ins.Sing		ṛcā	ṛcā	1378	tāni ekayā ___ avārurutsanta	tāni ekayā ṛcā avārurutsanta	ṛcam|ṛc|ṛcaḥ	3	mcq
4884	650699_3	11155	7	3	38865	ṛc	NOUN	Acc.Sing		ṛcam	ṛcam	1378	saḥ etām ___ apaśyat āpaḥ revatīḥ iti	saḥ etām ṛcam apaśyat āpaḥ revatīḥ iti	ṛcā|ṛc|ṛcaḥ	3	mcq
1733	484132	7678	8	4	170015	pathin	NOUN	Nom.Sing		panthā	pathī	1377	na sa saṃkucitaḥ ___ yena vālī hato gataḥ	na sa saṃkucitaḥ panthā yena vālī hato gataḥ	pathini|pathinam|pathā	3	mcq
3030	748960	15061	8	2	170015	pathin	NOUN	Nom.Sing		panthā	panthā	1377	eṣa ___ etat karma etat brahma etat satyam	eṣa panthā etat karma etat brahma etat satyam	pathini|pathinam|pathā	3	mcq
3581	650052_2	10834	8	3	170015	pathin	NOUN	Nom.Plur		panthānaḥ	panthānaḥ	1377	ye vai ___ yāḥ srutayaḥ tāḥ vai ūtayaḥ	ye vai panthānaḥ yāḥ srutayaḥ tāḥ vai ūtayaḥ	pathini|pathinam|pathā	3	mcq
2694	748687	14923	9	1	60409	aśvin	NOUN	Voc.Dual		aśvinā	aśvinā	1373	___ yajvarīr iṣa ity annaṃ vā iṣo annādyasya avaruddhyai	aśvinā yajvarīr iṣa ity annaṃ vā iṣo annādyasya avaruddhyai	aśvinoḥ|aśvinaḥ|aśvinau	3	mcq
4078	650306_2	10874	6	1	60409	aśvin	NOUN	Nom.Dual		aśvinau	aśvinau	1373	___ vai devānām bhiṣajau aśvinau adhvaryū	aśvinau vai devānām bhiṣajau aśvinau adhvaryū	aśvinā|aśvinoḥ|aśvibhyām	3	mcq
4133	650328_1	10891	7	3	60409	aśvin	NOUN	Gen.Dual		aśvinoḥ	aśvinoḥ	1373	etābhiḥ ha ___ kakṣīvān priyam dhāma upāgacchat	etābhiḥ ha aśvinoḥ kakṣīvān priyam dhāma upāgacchat	aśvinā|aśvinaḥ|aśvinau	3	mcq
2418	484817	7696	6	1	153269	prīti	NOUN	Loc.Sing		prītyāṃ	prītau	1371	___ pulastya bhāryāyām tad sutaḥ 'bhavat	prītyāṃ pulastya bhāryāyām tad sutaḥ 'bhavat	prītiḥ|prītyā|prītim	3	mcq
42754	33955	4236	9	5	153269	prīti	NOUN	Dat.Sing		prītyai	prītaye	1371	a prasannā api yā ___ prasannā svarga eva yā	a prasannā api yā prītyai prasannā svarga eva yā	prītiḥ|prītyā|prītim	3	mcq
42759	33960	4236	11	2	153269	prīti	NOUN	Nom.Sing		prītir	prītiḥ	1371	yā ___ yā ratir vā vāg yā puṣṭiḥ iti ca stutā	yā prītir yā ratir vā vāg yā puṣṭiḥ iti ca stutā	prītyā|prītim|prītaye	3	mcq
60703	87856	660	12	8	140982	prabhu	NOUN	Voc.Sing		prabho	prabho	1367	api adya naḥ tvam sva kṛta īhitaiḥ ___ jihāsasi svit suhṛdo 'nujīvinaḥ	api adya naḥ tvam sva kṛta īhitaiḥ prabho jihāsasi svit suhṛdo 'nujīvinaḥ	prabhuḥ|prabhum|prabhoḥ	3	mcq
62667	89909	670	8	2	140982	prabhu	NOUN	Nom.Sing		prabhur	prabhuḥ	1367	priyaṃ ___ grāmya iva priyāyā vidhitsur dyutaruṃ yadarthe	priyaṃ prabhur grāmya iva priyāyā vidhitsur dyutaruṃ yadarthe	prabho|prabhum|prabhoḥ	3	mcq
63376	90619	803	8	4	140982	prabhu	NOUN	Nom.Sing		prabhur	prabhuḥ	1367	na eva īśitum ___ bhūmna īśvaro dhāma māninām	na eva īśitum prabhur bhūmna īśvaro dhāma māninām	prabho|prabhum|prabhoḥ	3	mcq
27956	643299	11063	10	3	15897	padma	NOUN	Nom.Sing		padmaṃ	padmam	1362	tatas tat ___ śakaṭa cakra mātram bhūtvā upari vihāyasi sthitam	tatas tat padmaṃ śakaṭa cakra mātram bhūtvā upari vihāyasi sthitam	padme|padmāni|padmasya	3	mcq
37379	28396	1245	8	4	15897	padma	NOUN	Nom.Plur		padmāḥ	padmāḥ	1362	priyaṅgu puṣpāñjana yugma ___ padmād rajo yojanavally anantā	priyaṅgu puṣpāñjana yugma padmāḥ padmād rajo yojanavally anantā	padmam|padme|padmāni	3	mcq
38648	29846	3934	7	1	15897	padma	NOUN	Nom.Sing		padmaṃ	padmam	1362	___ saṃkocam āyāti dine 'tīte yathā tathā	padmaṃ saṃkocam āyāti dine 'tīte yathā tathā	padme|padmāni|padmasya	3	mcq
909	506128	7429	8	2	100456	tvac	NOUN	Nom.Sing		tvac	tvac	1353	mūla ___ dāru pattrāṇām puṣpasya ca phalasya ca	mūla tvac dāru pattrāṇām puṣpasya ca phalasya ca	tvacam|tvaci|tvacaḥ	3	mcq
7815	556356_1	8826	11	5	100456	tvac	NOUN	Ins.Sing		tvacā	tvacā	1353	saḥ _ ha enat ___ agrahaiṣyat spṛṣṭvā ha eva annam atrapsyat	saḥ _ ha enat tvacā agrahaiṣyat spṛṣṭvā ha eva annam atrapsyat	tvac|tvacam|tvaci	3	mcq
13442	646430	11271	8	3	100456	tvac	NOUN	Abl.Sing		tvaco	tvacaḥ	1353	tāsām adhi ___ ahaṃ sam u jagrabha bheṣajam	tāsām adhi tvaco ahaṃ sam u jagrabha bheṣajam	tvac|tvacam|tvaci	3	mcq
5390	651123	11613	5	1	157394	pṛ	VERB	Past.Imp.2.Sing.NonPass		pūrdhi	pūrdhi	1351	___ cakṣur iti cakṣuṣī marīmṛjyeta	pūrdhi cakṣur iti cakṣuṣī marīmṛjyeta	pṛṇīhi|pṛṇanti|pūryate	3	mcq
7300	652740_2	12141	4	3	135368	kṣatra	NOUN	Nom.Dual		kṣatre	kṣatre	1351	tam brahma ___ anvaitām	tam brahma kṣatre anvaitām	kṣatram|kṣatrasya|kṣatreṇa	3	mcq
7303	652740_5	12141	10	3	135368	kṣatra	NOUN	Gen.Sing		kṣatrasya	kṣatrasya	1351	atha etāni ___ āyudhāni yat aśva rathaḥ kavacaḥ iṣu dhanva	atha etāni kṣatrasya āyudhāni yat aśva rathaḥ kavacaḥ iṣu dhanva	kṣatram|kṣatre|kṣatreṇa	3	mcq
7304	652741_1	12141	5	2	135368	kṣatra	NOUN	Nom.Sing		kṣatram	kṣatram	1351	tam ___ an anvāpya nyavartata	tam kṣatram an anvāpya nyavartata	kṣatrasya|kṣatre|kṣatreṇa	3	mcq
14186	647111_2	11280	4	2	157394	pṛ	VERB	Pres.Imp.3.Sing.NonPass		pṛṇātu	pṛṇātu	1351	ayam ___ rajasoḥ upastham	ayam pṛṇātu rajasoḥ upastham	pṛṇīhi|pṛṇanti|pūrdhi	3	mcq
25639	641274_1	12331	6	3	157394	pṛ	VERB	Pres.Imp.2.Sing.NonPass		pṛṇīhi	pṛṇīhi	1351	tvam naḥ ___ paśubhiḥ viśva rūpaiḥ	tvam naḥ pṛṇīhi paśubhiḥ viśva rūpaiḥ	pṛṇanti|pūrdhi|pūryate	3	mcq
919	506138	7429	8	3	40135	oṣadhi	NOUN	Gen.Sing		oṣadheḥ	oṣadheḥ	1348	ekasya ca ___ yogo yat tatra punar ucyate	ekasya ca oṣadheḥ yogo yat tatra punar ucyate	oṣadhayaḥ|oṣadhīḥ|oṣadhīnām	3	mcq
950	506169	7429	8	6	40135	oṣadhi	NOUN	Nom.Plur		oṣadhayaḥ	oṣadhayaḥ	1348	jantu vahni hima vyāptāḥ na ___ kārya sādhakāḥ	jantu vahni hima vyāptāḥ na oṣadhayaḥ kārya sādhakāḥ	oṣadhīḥ|oṣadhīnām|oṣadhe	3	mcq
2279	484678	7692	7	1	162876	pradā	VERB	Past.Ind.3.Sing.NonPass	root	prādāt	prādāt	1348	___ yathā īpsitam kṣīraṃ tena prāṇān adhārayat	prādāt yathā īpsitam kṣīraṃ tena prāṇān adhārayat	pradīyate|pradāsyāmi|pradadyāt	3	mcq
2379	484778	7694	8	2	40135	oṣadhi	NOUN	Gen.Plur		oṣadhīnām	oṣadhīnām	1348	dvija ___ candraś ca apāṃ tu varuṇo nṛpaḥ	dvija oṣadhīnām candraś ca apāṃ tu varuṇo nṛpaḥ	oṣadhayaḥ|oṣadhīḥ|oṣadhe	3	mcq
18406	634295	10506	6	1	162876	pradā	VERB	Fut.Ind.3.Sing.NonPass	peri	pradātā	pradātā	1348	___ upa jīvati pitṝṇāṃ loke 'kṣitam	pradātā upa jīvati pitṝṇāṃ loke 'kṣitam	prādāt|pradadau|pradīyate	3	mcq
18408	634297	10506	5	1	162876	pradā	VERB	Fut.Ind.3.Sing.NonPass	peri	pradātā	pradātā	1348	___ upa jīvati sūryāmāsayor akṣitam	pradātā upa jīvati sūryāmāsayor akṣitam	prādāt|pradadau|pradīyate	3	mcq
1344	18190	57	7	3	140733	prabhā	NOUN	Nom.Sing		prabham	prabham	1347	khyātam toya ___ vṛttaṃ mauktikaṃ navadhā śubham	khyātam toya prabham vṛttaṃ mauktikaṃ navadhā śubham	prabhām|prabhāḥ|prabhayā	3	mcq
1359	18205	57	8	4	140733	prabhā	NOUN	Nom.Sing		prabham	prabham	1347	su vṛttam su ___ śvetaṃ guñjā mātram ca	su vṛttam su prabham śvetaṃ guñjā mātram ca	prabhām|prabhāḥ|prabhayā	3	mcq
11111	465138	7293	12	4	140733	prabhā	NOUN	Nom.Sing		prabhaḥ	prabhaḥ	1347	acchaḥ snigdhaḥ sa ___ ghoṣavān śītaḥ tīvraḥ tanu rāgaḥ ca maṇi dhātuḥ	acchaḥ snigdhaḥ sa prabhaḥ ghoṣavān śītaḥ tīvraḥ tanu rāgaḥ ca maṇi dhātuḥ	prabham|prabhām|prabhāḥ	3	mcq
91	479362	7024	8	2	14074	kāya	NOUN	Gen.Sing		kāyasya	kāyasya	1344	na ___ adharam cakṣuḥ ūrdhvaṃ rūpaṃ na cakṣuṣaḥ	na kāyasya adharam cakṣuḥ ūrdhvaṃ rūpaṃ na cakṣuṣaḥ	kāyaḥ|kāyam|kāye	3	mcq
132	479403	7034	6	3	14074	kāya	NOUN	Ins.Dual		kāyābhyām	kāyābhyām	1344	caturbhiḥ sukha ___ pañcabhiḥ cakṣus ādimān	caturbhiḥ sukha kāyābhyām pañcabhiḥ cakṣus ādimān	kāyaḥ|kāyam|kāye	3	mcq
716	590475	9744	5	1	14074	kāya	NOUN	Nom.Sing		kāyaḥ	kāyaḥ	1344	___ kolambakaḥ tasyāḥ upanāho nibandhanam	kāyaḥ kolambakaḥ tasyāḥ upanāho nibandhanam	kāyam|kāye|kāyāt	3	mcq
13666	646646_1	13112	10	3	157774	dviṣ	VERB	Pres.Ind.3.Sing.NonPass		dveṣṭi	dveṣṭi	1343	yaḥ asmān ___ yam vayam dviṣmaḥ tam jahi tam mṛṇa	yaḥ asmān dveṣṭi yam vayam dviṣmaḥ tam jahi tam mṛṇa	dviṣmaḥ|dviṣyāt|dviṣanti	3	mcq
13807	646766_1	13225	12	3	157774	dviṣ	VERB	Pres.Ind.3.Sing.NonPass		dveṣṭi	dveṣṭi	1343	yaḥ naḥ ___ araṇaḥ yaḥ sanābhiḥ paviḥ iva nemeḥ adharaḥ saḥ astu	yaḥ naḥ dveṣṭi araṇaḥ yaḥ sanābhiḥ paviḥ iva nemeḥ adharaḥ saḥ astu	dviṣmaḥ|dviṣyāt|dviṣanti	3	mcq
13904	646848_3	13109	5	3	157774	dviṣ	VERB	Pres.Ind.3.Sing.NonPass		dveṣṭi	dveṣṭi	1343	yaḥ naḥ ___ tam ṛcchatam	yaḥ naḥ dveṣṭi tam ṛcchatam	dviṣmaḥ|dviṣyāt|dviṣanti	3	mcq
2113	484512	7687	5	3	99905	sainya	NOUN	Loc.Sing		sainye	sainye	1338	pāṇḍave harṣite ___ dhṛṣṭadyumnaś camūpatiḥ	pāṇḍave harṣite sainye dhṛṣṭadyumnaś camūpatiḥ	sainyam|sainyasya|sainyāni	3	mcq
10563	464589	7337	6	2	99905	sainya	NOUN	Nom.Sing		sainyam	sainyam	1338	antarvaṃśika ___ rājānam antaḥpuraṃ ca rakṣet	antarvaṃśika sainyam rājānam antaḥpuraṃ ca rakṣet	sainyasya|sainyāni|sainye	3	mcq
11892	465943	7259	5	2	99905	sainya	NOUN	Nom.Sing		sainyam	sainyam	1338	antarvaṃśika ___ ca ante niviśeta	antarvaṃśika sainyam ca ante niviśeta	sainyasya|sainyāni|sainye	3	mcq
4520	650524	10955	11	3	157846	pā	VERB	Pres.Imp.2.Sing.NonPass		pāhy	pāhi	1330	ūrdhvo naḥ ___ aṃhaso ni ketunā viśvaṃ sam atriṇaṃ daha iti	ūrdhvo naḥ pāhy aṃhaso ni ketunā viśvaṃ sam atriṇaṃ daha iti	pātu|pāta|pāti	3	mcq
9850	102851	950	11	2	157846	pā	VERB	Pres.Imp.3.Sing.NonPass		pātu	pātu	1330	tvāṃ ___ mañjarita pallava karṇapūra lobha bhramat bhramara vibhrama bhṛt kaṭākṣaḥ	tvāṃ pātu mañjarita pallava karṇapūra lobha bhramat bhramara vibhrama bhṛt kaṭākṣaḥ	pāhi|pāta|pāti	3	mcq
12357	687183	14300	4	3	157846	pā	VERB	Pres.Imp.3.Sing.NonPass		pātu	pātu	1330	pari naḥ ___ viśvataḥ	pari naḥ pātu viśvataḥ	pāhi|pāta|pāti	3	mcq
13339	646330	11183	5	1	157399	naś	VERB	Past.Ind.3.Sing.NonPass	red	anīnaśat	anīnaśat	1329	___ kilāsaṃ sarūpām akarat tvacam	anīnaśat kilāsaṃ sarūpām akarat tvacam	naśyati|naśyanti|naśyet	3	mcq
16177	648978	17473	7	4	157399	naś	VERB	Pres.Imp.3.Plur.NonPass		naśyantu	naśyantu	1329	itas tāḥ sarvā ___ vākā apacitām iva	itas tāḥ sarvā naśyantu vākā apacitām iva	naśyati|naśyanti|naśyet	3	mcq
16179	648980	17473	7	4	157399	naś	VERB	Pres.Imp.3.Plur.NonPass		naśyantu	naśyantu	1329	itas tāḥ sarvā ___ vākā apacitām iva	itas tāḥ sarvā naśyantu vākā apacitām iva	naśyati|naśyanti|naśyet	3	mcq
7881	75039	488	8	1	157525	sev	VERB	Pres.Imp.3.Sing.Pass		sevyatām	sevyatām	1328	___ akṣayo dhīrāḥ sa śriye ca amṛtāya ca	sevyatām akṣayo dhīrāḥ sa śriye ca amṛtāya ca	seveta|sevate|sevyate	3	mcq
19890	635690	10814	6	2	157525	sev	VERB	Pres.Imp.2.Sing.NonPass		sevasva	sevasva	1328	pratyak ___ bheṣajaṃ jaradaṣṭiṃ kṛṇomi tvā	pratyak sevasva bheṣajaṃ jaradaṣṭiṃ kṛṇomi tvā	seveta|sevate|sevyate	3	mcq
24785	640435	12181	9	5	160014	āsthā	VERB	Past.Ind.3.Sing.NonPass	root	āsthād	āsthāt	1328	atandro yāsyan harito yad ___ dve rūpe kṛṇute rocamānaḥ	atandro yāsyan harito yad āsthād dve rūpe kṛṇute rocamānaḥ	ātiṣṭha|ātiṣṭhet|ātiṣṭhat	3	mcq
25050	640700	12260	10	2	160014	āsthā	VERB	Pres.Imp.2.Sing.NonPass		ātiṣṭha	ātiṣṭha	1328	tam ___ anumādyā su varcāḥ dīrghaṃ ta āyuḥ savitā kṛṇotu	tam ātiṣṭha anumādyā su varcāḥ dīrghaṃ ta āyuḥ savitā kṛṇotu	ātiṣṭhet|ātiṣṭhat|ātiṣṭhati	3	mcq
35811	26815	279	8	4	157525	sev	VERB	Pres.Opt.3.Sing.NonPass		seveta	seveta	1328	ato hime 'smin ___ _ _ _ rasān	ato hime 'smin seveta _ _ _ rasān	sevate|sevyate|siṣeve	3	mcq
59487	673501	16527	8	1	160014	āsthā	VERB	Pres.Imp.2.Sing.NonPass		ātiṣṭha	ātiṣṭha	1328	___ mitra vardhanaḥ tubhyaṃ devā adhi bravann iti	ātiṣṭha mitra vardhanaḥ tubhyaṃ devā adhi bravann iti	ātiṣṭhet|ātiṣṭhat|ātiṣṭhati	3	mcq
60308	87461	607	6	1	118517	vaiśampāyana	NOUN	Nom.Sing		vaiśampāyana	vaiśampāyanaḥ	1326	___ eva ekaḥ niṣṇāto yajuṣām uta	vaiśampāyana eva ekaḥ niṣṇāto yajuṣām uta	vaiśampāyanam|vaiśampāyanāya|vaiśampāyanena	3	mcq
2560	485004	7281	7	1	159897	āruh	VERB	Pres.Opt.3.Sing.NonPass		ārohet	ārohet	1324	___ prathamaṃ vīro jita lakṣaḥ tatas naraḥ	ārohet prathamaṃ vīro jita lakṣaḥ tatas naraḥ	āruroha|āroha|ārohati	3	mcq
21706	637467	12227	7	3	159897	āruh	VERB	Past.Ind.3.Sing.NonPass	sa	ārukṣat	ārukṣat	1324	ā mā ___ deva maṇiḥ mahyā ariṣṭatātaye	ā mā ārukṣat deva maṇiḥ mahyā ariṣṭatātaye	āroha|ārohati|ārohet	3	mcq
24244	639895	12011	8	1	159897	āruh	VERB	Pres.Imp.2.Plur.NonPass		ārohata	ārohata	1324	___ āyuḥ jarasaṃ vṛṇānā anupūrvaṃ yatamānā yati stha	ārohata āyuḥ jarasaṃ vṛṇānā anupūrvaṃ yatamānā yati stha	āruroha|āroha|ārohati	3	mcq
7107	652665_1	12119	4	1	110191	hiraṇya	NOUN	Acc.Sing		hiraṇyam	hiraṇyam	1322	___ puraskṛtya sāyam uddharet	hiraṇyam puraskṛtya sāyam uddharet	hiraṇyena|hiraṇyasya|hiraṇye	3	mcq
7666	652971	12305	5	1	110191	hiraṇya	NOUN	Ins.Sing		hiraṇyena	hiraṇyena	1322	___ parīvṛtān kṛṣṇān śukladataḥ mṛgān	hiraṇyena parīvṛtān kṛṣṇān śukladataḥ mṛgān	hiraṇyam|hiraṇyasya|hiraṇye	3	mcq
10603	464629	7282	6	3	110191	hiraṇya	NOUN	Ins.Plur		hiraṇyaiḥ	hiraṇyaiḥ	1322	dhānya paśu ___ ca etān anugṛhṇīyāt	dhānya paśu hiraṇyaiḥ ca etān anugṛhṇīyāt	hiraṇyam|hiraṇyena|hiraṇyasya	3	mcq
391	590149	9744	6	3	4883	koṭi	NOUN	Gen.Plur		koṭīnām	koṭīnām	1316	sāgara koṭi ___ viṃśatyā sa samāpyate	sāgara koṭi koṭīnām viṃśatyā sa samāpyate	koṭayaḥ|koṭiḥ|koṭibhiḥ	3	mcq
30252	645156	10853	8	6	4883	koṭi	NOUN	Nom.Plur		koṭyaḥ	koṭyaḥ	1316	imāḥ ca asya sarvāḥ saṅga ___ vivarjitā bhavanti	imāḥ ca asya sarvāḥ saṅga koṭyaḥ vivarjitā bhavanti	koṭiḥ|koṭibhiḥ|koṭim	3	mcq
63574	90817	814	10	5	4883	koṭi	NOUN	Ins.Sing		koṭyā	koṭyā	1316	tamāla nīlam sita danta ___ kṣmām utkṣipantaṃ gaja līlayā aṅga	tamāla nīlam sita danta koṭyā kṣmām utkṣipantaṃ gaja līlayā aṅga	koṭayaḥ|koṭiḥ|koṭibhiḥ	3	mcq
1342	18188	57	8	3	49153	bhava	NOUN	Nom.Plur		bhavāḥ	bhavāḥ	1314	kṣetra toya ___ doṣā ratneṣu na laganti te	kṣetra toya bhavāḥ doṣā ratneṣu na laganti te	bhavaḥ|bhavam|bhavāya	3	mcq
1437	483836	7669	6	2	49153	bhava	NOUN	Dat.Sing		bhavāya	bhavāya	1314	avatīrṇo ___ asya jagato duṣṭa naṣṭaye	avatīrṇo bhavāya asya jagato duṣṭa naṣṭaye	bhavaḥ|bhavam|bhavasya	3	mcq
2434	484833	7696	7	1	49153	bhava	NOUN	Acc.Sing		bhavaṃ	bhavam	1314	___ śarvam atha īśānam tathā paśupatiṃ dvija	bhavaṃ śarvam atha īśānam tathā paśupatiṃ dvija	bhavaḥ|bhavāya|bhavasya	3	mcq
13345	646336	11183	8	5	159171	sādhay	VERB	Pres.Imp.2.Sing.NonPass		sādhaya	sādhaya	1312	idam ū ṣu pra ___ punā rūpāṇi kalpaya	idam ū ṣu pra sādhaya punā rūpāṇi kalpaya	sādhayet|sādhyate|sādhayati	3	mcq
17455	633396_1	10601	5	5	159171	sādhay	VERB	Pres.Imp.2.Sing.NonPass		sādhaya	sādhaya	1312	idam u su pra ___	idam u su pra sādhaya	sādhayet|sādhyate|sādhayati	3	mcq
41721	32922	4206	6	1	159171	sādhay	VERB	Pres.Opt.3.Sing.NonPass		sādhayed	sādhayet	1312	___ vidhival lehaṃ lihyāt pāṇitalaṃ tataḥ	sādhayed vidhival lehaṃ lihyāt pāṇitalaṃ tataḥ	sādhyate|sādhayati|sādhayanti	3	mcq
60617	87770	644	7	3	50362	bhīmasena	NOUN	Gen.Sing		bhīmasenasya	bhīmasenasya	1305	priyaṃ ca ___ pāñcālyā mahyam eva ca	priyaṃ ca bhīmasenasya pāñcālyā mahyam eva ca	bhīmasenaḥ|bhīmasenam|bhīmasenena	3	mcq
76369	575610	9767	6	3	50362	bhīmasena	NOUN	Nom.Sing		bhīmasenaḥ	bhīmasenaḥ	1305	iti bruvan ___ tad vakṣaṇa kṛtakṣaṇaḥ	iti bruvan bhīmasenaḥ tad vakṣaṇa kṛtakṣaṇaḥ	bhīmasenam|bhīmasenena|bhīmasenasya	3	mcq
76403	575644	9767	6	6	50362	bhīmasena	NOUN	Gen.Dual		bhīmasenayoḥ	bhīmasenayoḥ	1305	evaṃ kathā kṛtoḥ tatra hiḍimbā ___	evaṃ kathā kṛtoḥ tatra hiḍimbā bhīmasenayoḥ	bhīmasenaḥ|bhīmasenam|bhīmasenena	3	mcq
10	479281	7024	7	1	61752	ākāśa	NOUN	Nom.Sing		ākāśaṃ	ākāśam	1303	___ dvau nirodhau ca tatra ākāśam anāvṛtiḥ	ākāśaṃ dvau nirodhau ca tatra ākāśam anāvṛtiḥ	ākāśe|ākāśāt|ākāśasya	3	mcq
2790	748742_3	14947	8	5	61752	ākāśa	NOUN	Nom.Sing		ākāśaḥ	ākāśaḥ	1303	yaḥ u ene antareṇa ___ saḥ antarikṣa lokaḥ	yaḥ u ene antareṇa ākāśaḥ saḥ antarikṣa lokaḥ	ākāśam|ākāśe|ākāśāt	3	mcq
12463	687289	14310	7	3	61752	ākāśa	NOUN	Abl.Sing		ākāśād	ākāśāt	1303	mānuṣāt ta ___ divyam ākāśaṃ spṛṇomi svāhā	mānuṣāt ta ākāśād divyam ākāśaṃ spṛṇomi svāhā	ākāśam|ākāśe|ākāśaḥ	3	mcq
456	590214	9744	9	6	12697	kalpa	NOUN	Nom.Dual		kalpau	kalpau	1295	daive yuga sahasre dve brāhmaṃ ___ tu tau nṛṇām	daive yuga sahasre dve brāhmaṃ kalpau tu tau nṛṇām	kalpaḥ|kalpam|kalpe	3	mcq
458	590216	9744	8	1	12697	kalpa	NOUN	Nom.Sing		kalpo	kalpaḥ	1295	___ guṇa antaḥ kalpa antaḥ saṃhāraḥ pralayaḥ kṣayaḥ	kalpo guṇa antaḥ kalpa antaḥ saṃhāraḥ pralayaḥ kṣayaḥ	kalpam|kalpe|kalpena	3	mcq
1449	483848	7669	8	2	12697	kalpa	NOUN	Loc.Sing		kalpe	kalpe	1295	prāpte ___ 'tha vārāhe kūrma rūpaḥ abhavat hariḥ	prāpte kalpe 'tha vārāhe kūrma rūpaḥ abhavat hariḥ	kalpaḥ|kalpam|kalpena	3	mcq
1685	484084	7676	6	1	65581	rakta	NOUN	Acc.Sing		raktaṃ	raktam	1285	___ kṣarantī prayayau kharaṃ bhrātaram abravīt	raktaṃ kṣarantī prayayau kharaṃ bhrātaram abravīt	rakte|raktena|raktasya	3	mcq
1697	484096	7676	7	3	65581	rakta	NOUN	Gen.Sing		raktasya	raktasya	1285	rāma lakṣmaṇa ___ pānāt jīvāmi na anyathā	rāma lakṣmaṇa raktasya pānāt jīvāmi na anyathā	raktam|rakte|raktena	3	mcq
36944	27954	1220	8	1	65581	rakta	NOUN	Loc.Sing		rakte	rakte	1285	___ amla śiśira prīti sirā śaithilya rūkṣa tāḥ	rakte amla śiśira prīti sirā śaithilya rūkṣa tāḥ	raktam|raktena|raktasya	3	mcq
64993	92239	968	6	3	164694	saṃyuj	VERB	Pres.Opt.3.Sing.NonPass		saṃyuñjyād	saṃyuñjyāt	1284	vilakṣya ekatra ___ aṅge bhagavato muniḥ	vilakṣya ekatra saṃyuñjyād aṅge bhagavato muniḥ	saṃyujyate|samayujyata|saṃyunakti	3	mcq
92441	478543	6782	11	1	164694	saṃyuj	VERB	Pres.Ind.3.Sing.Pass		saṃyujyate	saṃyujyate	1284	___ yat jarayā ārtibhiḥ ca kaḥ tatra yatno nanu sa svabhāvaḥ	saṃyujyate yat jarayā ārtibhiḥ ca kaḥ tatra yatno nanu sa svabhāvaḥ	samayujyata|saṃyunakti|saṃyujyatām	3	mcq
163242	767552	17456	6	2	164694	saṃyuj	VERB	Pres.Imp.3.Sing.Pass		saṃyujyatāṃ	saṃyujyatām	1284	tena ___ kṣipraṃ purī dvāravatī tvayā	tena saṃyujyatāṃ kṣipraṃ purī dvāravatī tvayā	saṃyujyate|samayujyata|saṃyunakti	3	mcq
2590	485034	7300	5	1	2230	kara	NOUN	Ins.Sing		kareṇa	kareṇa	1278	___ ādāya dakṣiṇa aṅgulakam navaṃ	kareṇa ādāya dakṣiṇa aṅgulakam navaṃ	kare|karam|karaḥ	3	mcq
26719	642062	10679	12	2	2230	kara	NOUN	Loc.Sing		kare	kare	1278	sa ___ kapolaṃ dattvā cintā paraḥ vyavasthitaḥ aneka dhana samuditam me gṛham	sa kare kapolaṃ dattvā cintā paraḥ vyavasthitaḥ aneka dhana samuditam me gṛham	kareṇa|karam|karaḥ	3	mcq
37488	28506	1263	8	4	2230	kara	NOUN	Ins.Plur		karaiḥ	karaiḥ	1278	pāda oṣṭha tvac ___ śyāvair ati stambhitam ādiśet	pāda oṣṭha tvac karaiḥ śyāvair ati stambhitam ādiśet	kare|kareṇa|karam	3	mcq
921	506140	7429	7	2	22065	abhāva	NOUN	Loc.Sing		abhāve	abhāve	1270	dravya ___ dravyam anyad dviguṇaṃ vihitaṃ hitam	dravya abhāve dravyam anyad dviguṇaṃ vihitaṃ hitam	abhāvāt|abhāvaḥ|abhāvam	3	mcq
927	506146	7429	8	2	22065	abhāva	NOUN	Loc.Sing		abhāve	abhāve	1270	madhu ___ jīrṇa guḍaḥ kṣīra abhāve ca mudgakaḥ	madhu abhāve jīrṇa guḍaḥ kṣīra abhāve ca mudgakaḥ	abhāvāt|abhāvaḥ|abhāvam	3	mcq
928	506147	7429	8	2	22065	abhāva	NOUN	Loc.Sing		abhāve	abhāve	1270	sitā ___ bhavet khaṇḍaḥ śāli abhāve ca ṣaṣṭikam	sitā abhāve bhavet khaṇḍaḥ śāli abhāve ca ṣaṣṭikam	abhāvāt|abhāvaḥ|abhāvam	3	mcq
2086	484485	7686	7	1	158901	yudh	VERB	Pres.Imp.2.Sing.NonPass		yudhyasva	yudhyasva	1267	___ vā vacaḥ śrutvā kṛṣṇam āha suyodhanaḥ	yudhyasva vā vacaḥ śrutvā kṛṣṇam āha suyodhanaḥ	yuyudhe|yotsye|ayudhyata	3	mcq
2093	484492	7687	8	6	158901	yudh	VERB	Impf.Ind.3.Sing.NonPass		ayudhyata	ayudhyata	1267	bhīṣma droṇa ādikān dṛṣṭvā na ___ gurūn iti	bhīṣma droṇa ādikān dṛṣṭvā na ayudhyata gurūn iti	yudhyasva|yuyudhe|yotsye	3	mcq
2127	484526	7687	5	1	158901	yudh	VERB	Past.Ind.3.Sing.NonPass		yuyudhe	yuyudhe	1267	___ bhīmasenena hata sainyaḥ suyodhanaḥ	yuyudhe bhīmasenena hata sainyaḥ suyodhanaḥ	yudhyasva|yotsye|ayudhyata	3	mcq
1486	483885	7670	6	1	157768	darśay	VERB	Past.Ind.3.Sing.NonPass	peri	darśayāmāsa	darśayāmāsa	1264	___ rudrāya strī rūpam bhagavān hariḥ	darśayāmāsa rudrāya strī rūpam bhagavān hariḥ	darśayati|darśayet|darśaya	3	mcq
1784	484183	7680	7	3	157768	darśay	VERB	Fut.Ind.1.Sing.NonPass		darśayiṣyāmi	darśayiṣyāmi	1264	adya tvāṃ ___ sa sugrīvam ca rāghavam	adya tvāṃ darśayiṣyāmi sa sugrīvam ca rāghavam	darśayati|darśayāmāsa|darśayet	3	mcq
16970	649773	17540	5	1	157768	darśay	VERB	Pres.Imp.2.Sing.NonPass		darśaya	darśaya	1264	___ mā yātudhānān darśaya yātudhānyaḥ	darśaya mā yātudhānān darśaya yātudhānyaḥ	darśayati|darśayāmāsa|darśayet	3	mcq
871	506090	7429	6	1	119173	vyādhi	NOUN	Gen.Sing		vyādhes	vyādheḥ	1257	___ tattva parijñānam vedanāyāś ca nigrahaḥ	vyādhes tattva parijñānam vedanāyāś ca nigrahaḥ	vyādhiḥ|vyādhayaḥ|vyādhim	3	mcq
8835	75993	491	6	1	119173	vyādhi	NOUN	Nom.Sing		vyādhiḥ	vyādhiḥ	1257	___ kuṣṭhaṃ pāribhāvyaṃ vāpyaṃ pākalam utpalam	vyādhiḥ kuṣṭhaṃ pāribhāvyaṃ vāpyaṃ pākalam utpalam	vyādhayaḥ|vyādhim|vyādhīn	3	mcq
36698	27706	1162	7	4	119173	vyādhi	NOUN	Acc.Plur		vyādhīn	vyādhīn	1257	evam anyān api ___ sva nidāna viparyayāt	evam anyān api vyādhīn sva nidāna viparyayāt	vyādhiḥ|vyādhayaḥ|vyādhim	3	mcq
1476	483875	7670	7	5	89847	daitya	NOUN	Nom.Plur		daityāḥ	daityāḥ	1256	tāṃ dṛṣṭvā rūpa sampannām ___ procuḥ vimohitāḥ	tāṃ dṛṣṭvā rūpa sampannām daityāḥ procuḥ vimohitāḥ	daityaḥ|daityānām|daityān	3	mcq
46510	37713	4590	8	1	89847	daitya	NOUN	Loc.Sing		daitye	daitye	1256	___ balir bahu phalaḥ sa uśīra kamala utpalaḥ	daitye balir bahu phalaḥ sa uśīra kamala utpalaḥ	daityaḥ|daityāḥ|daityānām	3	mcq
63571	90814	814	9	3	89847	daitya	NOUN	Acc.Sing		daityaṃ	daityam	1256	tatra api ___ gadayā āpatantam sunābha saṃdīpita tīvra manyuḥ	tatra api daityaṃ gadayā āpatantam sunābha saṃdīpita tīvra manyuḥ	daityaḥ|daityāḥ|daityānām	3	mcq
9312	76470	491	8	4	57430	ācārya	NOUN	Nom.Sing		ācāryaḥ	ācāryaḥ	1252	mantra vyākhyā kṛt ___ ādeṣṭā tu adhvare vratī	mantra vyākhyā kṛt ācāryaḥ ādeṣṭā tu adhvare vratī	ācāryam|ācāryāḥ|ācāryasya	3	mcq
10188	464214	7304	10	2	57430	ācārya	NOUN	Acc.Sing		ācāryaṃ	ācāryam	1252	tam ___ śiṣyaḥ pitaraṃ putro bhṛtyaḥ svāminam iva ca anuvarteta	tam ācāryaṃ śiṣyaḥ pitaraṃ putro bhṛtyaḥ svāminam iva ca anuvarteta	ācāryaḥ|ācāryāḥ|ācāryasya	3	mcq
23735	639386	11885	6	1	57430	ācārya	NOUN	Nom.Sing		ācārya	ācāryaḥ	1252	___ upanayamāno brahmacāriṇaṃ kṛṇute garbham antaḥ	ācārya upanayamāno brahmacāriṇaṃ kṛṇute garbham antaḥ	ācāryam|ācāryāḥ|ācāryasya	3	mcq
776	590535	9744	7	1	72510	moha	NOUN	Nom.Sing		moho	mohaḥ	1247	___ mauḍhyaṃ cintā dhyānam amarṣaḥ krodha sambhavaḥ	moho mauḍhyaṃ cintā dhyānam amarṣaḥ krodha sambhavaḥ	mohāt|moham|mohena	3	mcq
35378	556056	8847	12	2	72510	moha	NOUN	Nom.Sing		mohaḥ	mohaḥ	1247	kva ___ kva ca vā viśvaṃ kva tad dhyānaṃ kva mukta tā	kva mohaḥ kva ca vā viśvaṃ kva tad dhyānaṃ kva mukta tā	mohāt|moham|mohena	3	mcq
36940	27950	1220	8	2	72510	moha	NOUN	Nom.Sing		mohaḥ	mohaḥ	1247	saṃjñā ___ tathā śleṣma vṛddhi ukta āmaya sambhavaḥ	saṃjñā mohaḥ tathā śleṣma vṛddhi ukta āmaya sambhavaḥ	mohāt|moham|mohena	3	mcq
547	590305	9744	7	2	113531	siṃha	NOUN	Nom.Sing		siṃho	siṃhaḥ	1246	tasyāḥ ___ manastātnaḥ sakhyau tu vijayā jayā	tasyāḥ siṃho manastātnaḥ sakhyau tu vijayā jayā	siṃhasya|siṃham|siṃhena	3	mcq
8924	76082	491	6	1	113531	siṃha	NOUN	Nom.Sing		siṃho	siṃhaḥ	1246	___ mṛgendraḥ pañcāsyo haryakṣaḥ kesarī hariḥ	siṃho mṛgendraḥ pañcāsyo haryakṣaḥ kesarī hariḥ	siṃhasya|siṃham|siṃhena	3	mcq
14906	647779	15402	6	1	113531	siṃha	NOUN	Nom.Sing		siṃhas	siṃhaḥ	1246	___ te astu taṇḍulo vyāghraḥ paryodanam	siṃhas te astu taṇḍulo vyāghraḥ paryodanam	siṃhasya|siṃham|siṃhena	3	mcq
17374	633323	10585	7	2	104440	sarpis	NOUN	Gen.Sing		sarpiṣaḥ	sarpiṣaḥ	1245	ye ___ saṃsravanti kṣīrasya ca udakasya ca	ye sarpiṣaḥ saṃsravanti kṣīrasya ca udakasya ca	sarpiḥ|sarpiṣā|sarpirbhyām	3	mcq
22409	638078	11406	7	5	104440	sarpis	NOUN	Acc.Sing		sarpir	sarpiḥ	1245	sa ya evaṃ vidvānt ___ upasicya upaharati	sa ya evaṃ vidvānt sarpir upasicya upaharati	sarpiṣā|sarpiṣaḥ|sarpirbhyām	3	mcq
28478	43089	1318	8	4	104440	sarpis	NOUN	Nom.Plur		sarpīṃṣi	sarpīṃṣi	1245	medas majja vasā ___ ca snaihika dhūma upayogīni	medas majja vasā sarpīṃṣi ca snaihika dhūma upayogīni	sarpiḥ|sarpiṣā|sarpiṣaḥ	3	mcq
727	590486	9744	7	1	69955	rāga	NOUN	Nom.Sing		rāgaḥ	rāgaḥ	1243	___ anurāgaḥ anuratiḥ hāsaḥ tu hasanaṃ hasaḥ	rāgaḥ anurāgaḥ anuratiḥ hāsaḥ tu hasanaṃ hasaḥ	rāgam|rāgeṇa|rāgāt	3	mcq
1048	506267	7429	11	5	56366	udara	NOUN	Acc.Plur		udarāṇi	udarāṇi	1243	hikkā kāsa ādhmāna baddha ___ śvāsaṃ vahner māndyam āma ādi doṣān	hikkā kāsa ādhmāna baddha udarāṇi śvāsaṃ vahner māndyam āma ādi doṣān	udare|udaram|udarāt	3	mcq
1340	18186	57	9	1	69955	rāga	NOUN	Nom.Sing		rāgas	rāgaḥ	1243	___ trāsaś ca binduś ca rekhā ca jala garbhatā	rāgas trāsaś ca binduś ca rekhā ca jala garbhatā	rāgam|rāgeṇa|rāgāt	3	mcq
7175	652695_2	12128	4	3	56366	udara	NOUN	Nom.Sing		udaram	udaram	1243	tasya ha ___ jajñe	tasya ha udaram jajñe	udare|udarāt|udarāḥ	3	mcq
11194	465221	7294	8	2	69955	rāga	NOUN	Nom.Sing		rāgam	rāgam	1243	sama ___ sama dvandvam a sakta pṛṣatam sthiram	sama rāgam sama dvandvam a sakta pṛṣatam sthiram	rāgeṇa|rāgāt|rāgāḥ	3	mcq
11664	465715	11763	10	4	56366	udara	NOUN	Acc.Sing		udaram	udaram	1243	śūna pāṇi pāda ___ apagata akṣam udvṛtta nābhim avaropitaṃ vidyāt	śūna pāṇi pāda udaram apagata akṣam udvṛtta nābhim avaropitaṃ vidyāt	udare|udarāt|udaraḥ	3	mcq
7425	652786_2	12168	4	1	127190	śūdra	NOUN	Acc.Plur		śūdrān	śūdrān	1242	___ tena bhakṣeṇa jinviṣyasi	śūdrān tena bhakṣeṇa jinviṣyasi	śūdraḥ|śūdrāḥ|śūdrasya	3	mcq
8489	75647	491	10	5	127190	śūdra	NOUN	Ins.Plur		śūdraiḥ	śūdraiḥ	1242	nṛ brahma kṣatra viś ___ sa aṅga upāṅgaiḥ iha uditāḥ	nṛ brahma kṣatra viś śūdraiḥ sa aṅga upāṅgaiḥ iha uditāḥ	śūdraḥ|śūdrāḥ|śūdrasya	3	mcq
9297	76455	491	7	4	127190	śūdra	NOUN	Nom.Plur		śūdrāḥ	śūdrāḥ	1242	vipra kṣatriya viś ___ cāturvarṇyam iti smṛtam	vipra kṣatriya viś śūdrāḥ cāturvarṇyam iti smṛtam	śūdraḥ|śūdrasya|śūdram	3	mcq
7874	556413_1	8864	4	4	29025	netra	NOUN	Nom.Sing		netram	netram	1240	sarvam tat prajñā ___	sarvam tat prajñā netram	netre|netrāḥ|netraiḥ	3	mcq
10009	103010	950	12	3	29025	netra	NOUN	Ins.Sing		netrayā	netrayā	1240	dṛṣṭaḥ kātara ___ cirataraṃ baddhāñjaliṃ yācitaḥ paścāt aṃśuka pallavena vidhṛto nirvyājam āliṅgitaḥ	dṛṣṭaḥ kātara netrayā cirataraṃ baddhāñjaliṃ yācitaḥ paścāt aṃśuka pallavena vidhṛto nirvyājam āliṅgitaḥ	netram|netraḥ|netre	3	mcq
13016	687842	14469	5	2	63136	āhāra	NOUN	Nom.Sing		āhāraḥ	āhāraḥ	1240	rāja ___ iti kiṃcid deyaṃ	rāja āhāraḥ iti kiṃcid deyaṃ	āhāram|āhārāḥ|āhāraiḥ	3	mcq
23339	639003_2	11601	5	3	29025	netra	NOUN	Acc.Sing		netram	netram	1240	sa hi ___ avet tava	sa hi netram avet tava	netraḥ|netre|netrāḥ	3	mcq
26876	642219	10689	7	3	63136	āhāra	NOUN	Ins.Sing		āhāreṇa	āhāreṇa	1240	tataḥ praṇītena ___ saṃtarpya mahā ratnaiḥ avakīrṇaḥ	tataḥ praṇītena āhāreṇa saṃtarpya mahā ratnaiḥ avakīrṇaḥ	āhāraḥ|āhāram|āhārāḥ	3	mcq
27358	642701	11012	8	3	63136	āhāra	NOUN	Ins.Sing		āhāreṇa	āhāreṇa	1240	praṇītena ca ___ saṃtarpya anuttarāyām samyaksaṃbodhau praṇidhānaṃ kṛtam	praṇītena ca āhāreṇa saṃtarpya anuttarāyām samyaksaṃbodhau praṇidhānaṃ kṛtam	āhāraḥ|āhāram|āhārāḥ	3	mcq
12823	687649	14401	6	1	159878	āyā	VERB	Pres.Imp.2.Sing.NonPass		āyāhi	āyāhi	1239	___ tapasā janiṣv agne pāvako arciṣā	āyāhi tapasā janiṣv agne pāvako arciṣā	āyāti|āyayau|āyānti	3	mcq
35228	555906	8837	8	4	159878	āyā	VERB	Pres.Ind.3.Sing.NonPass		āyāti	āyāti	1239	yadā yat kartum ___ tat kṛtvā āse yathāsukham	yadā yat kartum āyāti tat kṛtvā āse yathāsukham	āyayau|āyānti|āyāhi	3	mcq
35391	556069	8847	8	4	159878	āyā	VERB	Pres.Ind.3.Sing.NonPass		āyāti	āyāti	1239	yadā yat kartum ___ tat kṛtvā tiṣṭhataḥ sukham	yadā yat kartum āyāti tat kṛtvā tiṣṭhataḥ sukham	āyayau|āyānti|āyāhi	3	mcq
1448	483847	7669	6	1	158446	vadh	VERB	Past.Ind.3.Sing.NonPass	is	avadhīt	avadhīt	1236	___ veda matsya ādyān pālayāmāsa keśavaḥ	avadhīt veda matsya ādyān pālayāmāsa keśavaḥ	vadhīḥ|vadhyate|vadhiṣyāmi	3	mcq
1988	484387	7684	4	1	158446	vadh	VERB	Past.Ind.3.Sing.NonPass	is	avadhīt	avadhīt	1236	___ kālayavanaṃ mucukundena pūjitaḥ	avadhīt kālayavanaṃ mucukundena pūjitaḥ	vadhīḥ|vadhyate|vadhiṣyāmi	3	mcq
3579	650051_3	10834	4	2	63117	āhuti	NOUN	Gen.Plur		āhutīnām	āhutīnām	1236	tat ___ āhuti tvam	tat āhutīnām āhuti tvam	āhutim|āhutīḥ|āhutiḥ	3	mcq
4026	650282_1	10866	7	4	63117	āhuti	NOUN	Nom.Sing		āhutiḥ	āhutiḥ	1236	sā eṣā svargyā ___ yat agni āhutiḥ	sā eṣā svargyā āhutiḥ yat agni āhutiḥ	āhutim|āhutīḥ|āhutayaḥ	3	mcq
4826	650677_1	11113	9	5	63117	āhuti	NOUN	Nom.Sing		āhutiḥ	āhutiḥ	1236	sā vai eṣā amṛta ___ eva yat vapā āhutiḥ	sā vai eṣā amṛta āhutiḥ eva yat vapā āhutiḥ	āhutim|āhutīḥ|āhutayaḥ	3	mcq
5482	651210	11652	10	1	158446	vadh	VERB	Past.Ind.3.Plur.NonPass	is	avadhiṣur	avadhiṣuḥ	1236	___ vā etat somaṃ yad abhyasuṣavus tad enam punaḥ saṃbhāvayanti	avadhiṣur vā etat somaṃ yad abhyasuṣavus tad enam punaḥ saṃbhāvayanti	avadhīt|vadhīḥ|vadhyate	3	mcq
4433	650480_2	10938	6	5	90906	dvāra	NOUN	Acc.Sing		dvāram	dvāram	1234	saḥ eva asmai etat ___ vivṛṇoti	saḥ eva asmai etat dvāram vivṛṇoti	dvāre|dvāreṇa|dvārāṇi	3	mcq
10689	464716	7285	8	3	90906	dvāra	NOUN	Nom.Sing		dvāraḥ	dvāraḥ	1234	sa dvādaśa ___ yukta udaka bhramat channa pathaḥ	sa dvādaśa dvāraḥ yukta udaka bhramat channa pathaḥ	dvāram|dvāre|dvāreṇa	3	mcq
10706	464733	7285	5	5	90906	dvāra	NOUN	Nom.Plur		dvārāṇi	dvārāṇi	1234	brāhma aindra yāmya saināpatyāni ___	brāhma aindra yāmya saināpatyāni dvārāṇi	dvāram|dvāre|dvāreṇa	3	mcq
38149	29347	3873	6	2	147050	dāha	NOUN	Loc.Sing		dāhe	dāhe	1230	pāda ___ khuḍe harṣe vipādyāṃ vātakaṇṭake	pāda dāhe khuḍe harṣe vipādyāṃ vātakaṇṭake	dāhaḥ|dāham|dāhāt	3	mcq
38479	29677	3876	7	4	147050	dāha	NOUN	Nom.Plur		dāhāḥ	dāhāḥ	1230	śīryamāṇāḥ sa ruj ___ śopha avasthā visarpiṇaḥ	śīryamāṇāḥ sa ruj dāhāḥ śopha avasthā visarpiṇaḥ	dāhaḥ|dāhe|dāham	3	mcq
38579	29777	3877	7	2	147050	dāha	NOUN	Nom.Sing		dāhaḥ	dāhaḥ	1230	tvac ___ vartī godanta sūryakānta śara ādibhiḥ	tvac dāhaḥ vartī godanta sūryakānta śara ādibhiḥ	dāhe|dāham|dāhāt	3	mcq
14149	647073	11274	10	2	157616	dhṛ	VERB	Past.Ind.3.Sing.NonPass		dādhāra	dādhāra	1229	sa ___ pṛthivīṃ dyām uta amum tasmai devāya haviṣā vidhema	sa dādhāra pṛthivīṃ dyām uta amum tasmai devāya haviṣā vidhema	dhriyate|dhriyatām|dhriyante	3	mcq
16151	648952	17470	7	3	157616	dhṛ	VERB	Pres.Imp.3.Sing.NonPass		dhriyatāṃ	dhriyatām	1229	evā te ___ garbho anu sūtuṃ savitave	evā te dhriyatāṃ garbho anu sūtuṃ savitave	dādhāra|dadhāra|dadhre	3	mcq
16153	648954	17470	7	3	157616	dhṛ	VERB	Pres.Imp.3.Sing.NonPass		dhriyatāṃ	dhriyatām	1229	evā te ___ garbho anu sūtuṃ savitave	evā te dhriyatāṃ garbho anu sūtuṃ savitave	dādhāra|dadhāra|dadhre	3	mcq
1653	484052	7675	9	1	1297	kathā	NOUN	Acc.Sing		kathām	kathām	1226	___ uktvā atha hā rāmam uktvā rājā divam gataḥ	kathām uktvā atha hā rāmam uktvā rājā divam gataḥ	kathā|kathāḥ|kathayā	3	mcq
1781	484180	7680	8	4	1297	kathā	NOUN	Acc.Sing		kathām	kathām	1226	kāka akṣi pātana ___ pratiyāhi hi śoka han	kāka akṣi pātana kathām pratiyāhi hi śoka han	kathā|kathāḥ|kathayā	3	mcq
4788	650652_1	11091	4	1	157147	juṣ	VERB	Pres.Imp.2.Sing.NonPass		juṣasva	juṣasva	1226	___ saprathastamam iti anvāha	juṣasva saprathastamam iti anvāha	juṣantām|juṣatām|juṣanta	3	mcq
18181	634080	10490	9	3	157147	juṣ	VERB	Pres.Imp.3.Plur.NonPass		juṣantāṃ	juṣantām	1226	te mā ___ payasā ghṛtena yathā krītvā dhanam āharāṇi	te mā juṣantāṃ payasā ghṛtena yathā krītvā dhanam āharāṇi	juṣasva|juṣatām|juṣanta	3	mcq
20968	636735	11542	7	1	157147	juṣ	VERB	Pres.Imp.2.Sing.NonPass		juṣasva	juṣasva	1226	___ havyam āhutaṃ prajāṃ devi rarāsva naḥ	juṣasva havyam āhutaṃ prajāṃ devi rarāsva naḥ	juṣantām|juṣatām|juṣanta	3	mcq
35567	556245	8849	7	3	1297	kathā	NOUN	Ins.Sing		kathayā	kathayā	1226	alaṃ trivarga ___ yogasya kathayā api alam	alaṃ trivarga kathayā yogasya kathayā api alam	kathām|kathā|kathāḥ	3	mcq
241	589999	9741	6	1	10561	anila	NOUN	Nom.Sing		anilo	anilaḥ	1221	___ yaśodhara ākhyaḥ kṛtārtho 'tha jineśvaraḥ	anilo yaśodhara ākhyaḥ kṛtārtho 'tha jineśvaraḥ	anilam|anilena|anile	3	mcq
35618	26622	276	8	8	10561	anila	NOUN	Nom.Sing		'nilaḥ	anilaḥ	1221	tatra rūkṣo laghuḥ śītaḥ kharaḥ sūkṣmaś calo ___	tatra rūkṣo laghuḥ śītaḥ kharaḥ sūkṣmaś calo 'nilaḥ	anilam|anilena|anile	3	mcq
35775	26779	277	6	6	10561	anila	NOUN	Acc.Plur		anilān	anilān	1221	purovāta ātapa rajaḥ tuṣāra paruṣa ___	purovāta ātapa rajaḥ tuṣāra paruṣa anilān	anilaḥ|anilam|anilena	3	mcq
878	506097	7429	6	2	163182	prāh	VERB	Past.Ind.3.Plur.NonPass		prāhus	prāhuḥ	1220	tataḥ ___ trasareṇu tatra ṣaḍbhir sarṣapaḥ	tataḥ prāhus trasareṇu tatra ṣaḍbhir sarṣapaḥ	prāha|prāhatuḥ	2	mcq
906	506125	7429	7	3	163182	prāh	VERB	Past.Ind.3.Plur.NonPass		prāhuḥ	prāhuḥ	1220	kecid dvādaśabhiḥ ___ palair loha mṛd aśmanām	kecid dvādaśabhiḥ prāhuḥ palair loha mṛd aśmanām	prāha|prāhatuḥ	2	mcq
1747	484146	7678	7	3	163182	prāh	VERB	Past.Ind.3.Sing.NonPass		prāha	prāha	1220	tac chrutvā ___ sampātir vihāya kapi bhakṣaṇam	tac chrutvā prāha sampātir vihāya kapi bhakṣaṇam	prāhuḥ|prāhatuḥ	2	mcq
1737	484136	7678	6	2	76691	vānara	NOUN	Nom.Plur		vānarāḥ	vānarāḥ	1208	ānītā ___ sarve sītāyāś ca gaveṣaṇe	ānītā vānarāḥ sarve sītāyāś ca gaveṣaṇe	vānaraḥ|vānaraiḥ|vānarān	3	mcq
1740	484139	7678	8	3	76691	vānara	NOUN	Nom.Plur		vānarāḥ	vānarāḥ	1208	iti uktāḥ ___ pūrva paścima uttara mārga gāḥ	iti uktāḥ vānarāḥ pūrva paścima uttara mārga gāḥ	vānaraḥ|vānaraiḥ|vānarān	3	mcq
1818	484217	7680	8	1	76691	vānara	NOUN	Ins.Plur		vānaraiḥ	vānaraiḥ	1208	___ sa suvela sthaḥ saha laṅkāṃ dadarśa vai	vānaraiḥ sa suvela sthaḥ saha laṅkāṃ dadarśa vai	vānarāḥ|vānaraḥ|vānarān	3	mcq
12917	687743	14438	4	4	164616	vyākhyā	VERB	Fut.Ind.1.Plur.NonPass		vyākhyāsyāmaḥ	vyākhyāsyāmaḥ	1208	atha atas saumikāni ___	atha atas saumikāni vyākhyāsyāmaḥ	vyākhyāyate|vyākhyāsyāmi|vyākhyāsyati	3	mcq
51624	518600_1	7479	4	4	164616	vyākhyā	VERB	Fut.Ind.1.Plur.NonPass		vyākhyāsyāmaḥ	vyākhyāsyāmaḥ	1208	yāni dakṣiṇatas tāni ___	yāni dakṣiṇatas tāni vyākhyāsyāmaḥ	vyākhyāyate|vyākhyāsyāmi|vyākhyāsyati	3	mcq
62484	89725	8971	7	3	164616	vyākhyā	VERB	Fut.Ind.1.Sing.NonPass		vyākhyāsye	vyākhyāsye	1208	yathā purastāt ___ pādmaṃ kalpam atho śṛṇu	yathā purastāt vyākhyāsye pādmaṃ kalpam atho śṛṇu	vyākhyāsyāmaḥ|vyākhyāyate|vyākhyāsyati	3	mcq
2196	484595	7689	4	1	157916	sthāpay	VERB	Fut.Ind.3.Sing.NonPass		sthāpayiṣyati	sthāpayiṣyati	1205	___ maryādāṃ cāturvarṇye yathocitām	sthāpayiṣyati maryādāṃ cāturvarṇye yathocitām	sthāpayet|sthāpayāmāsa|sthāpayati	3	mcq
19195	635029	10647	8	2	157916	sthāpay	VERB	Pres.Imp.2.Plur.NonPass		sthāpayata	sthāpayata	1205	ā ___ mātaraṃ jigatnum ata invata karvarāṇi bhūri	ā sthāpayata mātaraṃ jigatnum ata invata karvarāṇi bhūri	sthāpayet|sthāpayāmāsa|sthāpayati	3	mcq
50042	41245	1193	6	5	157916	sthāpay	VERB	Pres.Opt.3.Sing.NonPass		sthāpayed	sthāpayet	1205	taruṇa palāśa kṣāra dravīkṛtam ___ bhāṇḍe	taruṇa palāśa kṣāra dravīkṛtam sthāpayed bhāṇḍe	sthāpayāmāsa|sthāpayati|sthāpayanti	3	mcq
1110	506329	7430	8	3	37215	mala	NOUN	Nom.Sing		malaḥ	malaḥ	1203	nāga vaṅga ___ vahniś cāñcalyaṃ ca viṣaṃ giriḥ	nāga vaṅga malaḥ vahniś cāñcalyaṃ ca viṣaṃ giriḥ	malam|malāḥ|malaiḥ	3	mcq
1302	18147	57	8	1	37215	mala	NOUN	Nom.Sing		malaṃ	malam	1203	___ bindur yavo rekhā veṣagyam kāka pāda vat	malaṃ bindur yavo rekhā veṣagyam kāka pāda vat	malāḥ|malaiḥ|malena	3	mcq
9150	76308	491	7	2	37215	mala	NOUN	Nom.Sing		malam	malam	1203	nāsā ___ tu siṃghāṇaṃ piñjūṣaṃ karṇayoḥ malam	nāsā malam tu siṃghāṇaṃ piñjūṣaṃ karṇayoḥ malam	malāḥ|malaiḥ|malena	3	mcq
1664	484063	7675	7	1	157500	vraj	VERB	Pres.Ind.1.Sing.NonPass		vrajāmi	vrajāmi	1202	___ rāmam ānetum rāmo rājā mato balī	vrajāmi rāmam ānetum rāmo rājā mato balī	vrajet|vraja|vrajati	3	mcq
41308	32509	4191	8	1	157500	vraj	VERB	Pres.Ind.3.Sing.NonPass		vrajati	vrajati	1202	___ āśu jarāṃ sneho bhukte ca ānahyate naraḥ	vrajati āśu jarāṃ sneho bhukte ca ānahyate naraḥ	vrajet|vraja|vrajanti	3	mcq
44376	35577	4516	8	2	157500	vraj	VERB	Pres.Ind.3.Sing.NonPass		vrajati	vrajati	1202	tathā ___ agada tām śarīra antaram eva vā	tathā vrajati agada tām śarīra antaram eva vā	vrajet|vraja|vrajanti	3	mcq
103	479374	7034	8	1	89392	jīvita	NOUN	Nom.Sing		jīvitaṃ	jīvitam	1198	___ vedanāḥ pañca śraddhā ādyāḥ ca indriyam matāḥ	jīvitaṃ vedanāḥ pañca śraddhā ādyāḥ ca indriyam matāḥ	jīvite|jīvitena|jīvitāt	3	mcq
115	479386	7034	7	2	89392	jīvita	NOUN	Nom.Sing		jīvitaṃ	jīvitam	1198	rūpīṇi ___ duḥkhe sa āsravāṇi dvidhā nava	rūpīṇi jīvitaṃ duḥkhe sa āsravāṇi dvidhā nava	jīvite|jīvitena|jīvitāt	3	mcq
136	479407	7034	7	7	89392	jīvita	NOUN	Ins.Plur		jīvitaiḥ	jīvitaiḥ	1198	sarva alpaiḥ 'ṣṭābhir vid manas kāya ___	sarva alpaiḥ 'ṣṭābhir vid manas kāya jīvitaiḥ	jīvitam|jīvite|jīvitena	3	mcq
7850	556389_1	8857	8	4	24502	kumāra	NOUN	Acc.Sing		kumāram	kumāram	1197	saḥ agre eva ___ janmanaḥ agre _ bhāvayati	saḥ agre eva kumāram janmanaḥ agre _ bhāvayati	kumāraḥ|kumārasya|kumārāḥ	3	mcq
14031	646965_1	13171	12	2	24502	kumāra	NOUN	Nom.Sing		kumāraḥ	kumāraḥ	1197	yathā ___ taruṇaḥ mātaram pratinandati eva asmān prati nandatu yām vayam kāmayāmahe	yathā kumāraḥ taruṇaḥ mātaram pratinandati eva asmān prati nandatu yām vayam kāmayāmahe	kumāram|kumārasya|kumārāḥ	3	mcq
14951	647824	15465	7	1	24502	kumāra	NOUN	Nom.Sing		kumāra	kumāraḥ	1197	___ ulbam ā śayāṃ tvaṣṭrā kﾱpto yathāparu	kumāra ulbam ā śayāṃ tvaṣṭrā kﾱpto yathāparu	kumāram|kumārasya|kumārāḥ	3	mcq
28410	43017	1271	6	1	162979	prayuj	VERB	Pres.Opt.3.Sing.NonPass		prayuñjīta	prayuñjīta	1196	___ bhiṣak prājño yathā uddiṣṭeṣu karmasu	prayuñjīta bhiṣak prājño yathā uddiṣṭeṣu karmasu	prayujyate|prayuṅkte|prayunakti	3	mcq
36766	27775	1162	8	1	162979	prayuj	VERB	Pres.Opt.3.Sing.NonPass		prayuñjīta	prayuñjīta	1196	___ āhāram vidhi niyamitam kālaḥ sa hi mataḥ	prayuñjīta āhāram vidhi niyamitam kālaḥ sa hi mataḥ	prayujyate|prayuṅkte|prayunakti	3	mcq
42649	33850	4236	5	2	162979	prayuj	VERB	Pres.Opt.3.Sing.NonPass		prayuñjīta	prayuñjīta	1196	yathāyathaṃ ___ kṛta pānātyaya auṣadhaḥ	yathāyathaṃ prayuñjīta kṛta pānātyaya auṣadhaḥ	prayujyate|prayuṅkte|prayunakti	3	mcq
24120	639771	11938	8	1	131915	śilā	NOUN	Nom.Sing		śilā	śilā	1194	___ bhūmir aśmā pāṃsuḥ sā bhūmiḥ saṃdhṛtā dhṛtā	śilā bhūmir aśmā pāṃsuḥ sā bhūmiḥ saṃdhṛtā dhṛtā	śilām|śilayā|śilāyām	3	mcq
88881	331759	4513	6	4	131915	śilā	NOUN	Ins.Sing		śilayā	śilayā	1194	svāṅgaśītaṃ punaḥ piṣṭvā ___ kāñjikena ca	svāṅgaśītaṃ punaḥ piṣṭvā śilayā kāñjikena ca	śilā|śilām|śilāyām	3	mcq
93036	479138	6967	10	3	131915	śilā	NOUN	Acc.Plur		śilāḥ	śilāḥ	1194	kecid samudyamya ___ tarūn ca viṣehire na eva munau vimoktum	kecid samudyamya śilāḥ tarūn ca viṣehire na eva munau vimoktum	śilā|śilām|śilayā	3	mcq
88507	331385	4558	7	5	130058	gandhaka	NOUN	Nom.Sing		gandhakaḥ	gandhakaḥ	1190	prasṛtaṃ yat rajas tasmāt ___ samabhūt tatas	prasṛtaṃ yat rajas tasmāt gandhakaḥ samabhūt tatas	gandhakam|gandhakasya|gandhakena	3	mcq
88508	331386	4558	7	1	130058	gandhaka	NOUN	Nom.Sing		gandhako	gandhakaḥ	1190	___ gandhikaḥ ca api gandhapāṣāṇa iti api	gandhako gandhikaḥ ca api gandhapāṣāṇa iti api	gandhakam|gandhakasya|gandhakena	3	mcq
88510	331388	4558	7	2	130058	gandhaka	NOUN	Nom.Sing		gandhakaḥ	gandhakaḥ	1190	caturdhā ___ prokto raktaḥ pītaḥ sitaḥ asitaḥ	caturdhā gandhakaḥ prokto raktaḥ pītaḥ sitaḥ asitaḥ	gandhakam|gandhakasya|gandhakena	3	mcq
10571	464597	7337	5	1	92905	pāna	NOUN	Nom.Sing		pānaṃ	pānam	1188	___ pānīyaṃ ca auṣadhena vyākhyātam	pānaṃ pānīyaṃ ca auṣadhena vyākhyātam	pāne|pānāt|pānena	3	mcq
35925	26929	308	9	2	92905	pāna	NOUN	Nom.Sing		pānam	pānam	1188	anna ___ ca viṣ bhedi viṣ rodha uttheṣu yakṣmasu	anna pānam ca viṣ bhedi viṣ rodha uttheṣu yakṣmasu	pāne|pānāt|pānena	3	mcq
35926	26930	308	9	4	92905	pāna	NOUN	Loc.Sing		pāne	pāne	1188	mūtra jeṣu tu ___ ca prāc bhaktam śasyate ghṛtam	mūtra jeṣu tu pāne ca prāc bhaktam śasyate ghṛtam	pānam|pānāt|pānena	3	mcq
960	506179	7429	7	1	83600	toya	NOUN	Nom.Sing		toyaṃ	toyam	1187	___ bindu catuṣṭayam nayanayoḥ ṣaṣ bindavaḥ nāsikā	toyaṃ bindu catuṣṭayam nayanayoḥ ṣaṣ bindavaḥ nāsikā	toyena|toye|toyaiḥ	3	mcq
1009	506228	7429	5	2	83600	toya	NOUN	Loc.Sing		toye	toye	1187	aṣṭādaśaguṇe ___ yūṣaḥ śārṅgadhara īritam	aṣṭādaśaguṇe toye yūṣaḥ śārṅgadhara īritam	toyena|toyam|toyaiḥ	3	mcq
1012	506231	7429	6	4	83600	toya	NOUN	Nom.Sing		toyaṃ	toyam	1187	kvāthyamānaṃ tu yat ___ niṣphenaṃ nirmalīkṛtam	kvāthyamānaṃ tu yat toyaṃ niṣphenaṃ nirmalīkṛtam	toyena|toye|toyaiḥ	3	mcq
7988	75146	488	6	1	108524	haya	NOUN	Nom.Sing		haya	hayaḥ	1185	___ uccaiḥśravāḥ sūto mātaliḥ nandanam vanam	haya uccaiḥśravāḥ sūto mātaliḥ nandanam vanam	hayān|hayāḥ|hayaiḥ	3	mcq
9509	76667	491	6	6	108524	haya	NOUN	Nom.Plur		hayāḥ	hayāḥ	1185	vanāyu jāḥ pārasīkāḥ kāmbojāḥ bāhlikā ___	vanāyu jāḥ pārasīkāḥ kāmbojāḥ bāhlikā hayāḥ	hayān|hayaiḥ|hayaḥ	3	mcq
51228	43975	114	8	1	108524	haya	NOUN	Nom.Sing		hayo	hayaḥ	1185	___ 'śvas turago vājī saptir vāhas tu bāḍavaḥ	hayo 'śvas turago vājī saptir vāhas tu bāḍavaḥ	hayān|hayāḥ|hayaiḥ	3	mcq
581	590339	9744	6	1	129389	gadā	NOUN	Nom.Sing		gadā	gadā	1184	___ kaumodakī cāpaṃ śārṅgaṃ cakraṃ sudarśanaḥ	gadā kaumodakī cāpaṃ śārṅgaṃ cakraṃ sudarśanaḥ	gadām|gadayā|gadābhiḥ	3	mcq
1702	484101	7676	6	1	71090	rāvaṇa	NOUN	Abl.Sing		rāvaṇāt	rāvaṇāt	1184	___ api martavyaṃ martavyaṃ rāghavāt api	rāvaṇāt api martavyaṃ martavyaṃ rāghavāt api	rāvaṇaḥ|rāvaṇam|rāvaṇasya	3	mcq
1708	484107	7676	7	1	71090	rāvaṇa	NOUN	Nom.Sing		rāvaṇo	rāvaṇaḥ	1184	___ api aharat sītāṃ hatvā gṛdhraṃ jaṭāyuṣaṃ	rāvaṇo api aharat sītāṃ hatvā gṛdhraṃ jaṭāyuṣaṃ	rāvaṇam|rāvaṇasya|rāvaṇena	3	mcq
1767	484166	7680	9	1	71090	rāvaṇa	NOUN	Acc.Sing		rāvaṇaṃ	rāvaṇam	1184	___ śiṃśapā sthaḥ 'tha na iti sītāṃ tu vādinīṃ	rāvaṇaṃ śiṃśapā sthaḥ 'tha na iti sītāṃ tu vādinīṃ	rāvaṇaḥ|rāvaṇasya|rāvaṇena	3	mcq
2129	484528	7687	7	1	129389	gadā	NOUN	Ins.Sing		gadayā	gadayā	1184	___ praharantaṃ tu bhīmaḥ tam tu vyapātayat	gadayā praharantaṃ tu bhīmaḥ tam tu vyapātayat	gadām|gadā|gadābhiḥ	3	mcq
2130	484529	7687	4	1	129389	gadā	NOUN	Ins.Sing		gadayā	gadayā	1184	___ anya anujān tasya	gadayā anya anujān tasya	gadām|gadā|gadābhiḥ	3	mcq
11645	465696	11760	12	4	159999	āsāday	VERB	Pres.Opt.3.Sing.Pass		āsādyeta	āsādyeta	1183	tat ced niveditam ___ rūpa abhigṛhītam āgamaṃ pṛcchet kutas te labdham iti	tat ced niveditam āsādyeta rūpa abhigṛhītam āgamaṃ pṛcchet kutas te labdham iti	āsādayati|āsādaya|āsādayet	3	mcq
53702	520661	15319	7	3	159999	āsāday	VERB	Pres.Ind.3.Plur.NonPass		āsādayanty	āsādayanti	1183	tat tad ___ āśu saṃśuddhā ṛju karmabhiḥ	tat tad āsādayanty āśu saṃśuddhā ṛju karmabhiḥ	āsādayati|āsādaya|āsādayet	3	mcq
55554	669544_1	12794	11	5	159999	āsāday	VERB	Pres.Ind.3.Sing.NonPass		āsādayati	āsādayati	1183	atha enā samparigṛhya antarvedi ___ bhūḥ bhuvar svar iti etābhiḥ vyāhṛtibhiḥ	atha enā samparigṛhya antarvedi āsādayati bhūḥ bhuvar svar iti etābhiḥ vyāhṛtibhiḥ	āsādaya|āsādayet|āsādayāmāsa	3	mcq
1127	506346	7430	8	4	61822	ākāra	NOUN	Nom.Sing		ākārā	ākārā	1182	śveta aṅkoṭha jaṭā ___ sūto mardyo dina trayam	śveta aṅkoṭha jaṭā ākārā sūto mardyo dina trayam	ākāram|ākāraiḥ|ākārāḥ	3	mcq
1321	18166	57	8	5	61822	ākāra	NOUN	Nom.Sing		ākāram	ākāram	1182	tad eva cet pīta ___ strīvajraṃ vartulāya ca	tad eva cet pīta ākāram strīvajraṃ vartulāya ca	ākāraiḥ|ākārāḥ|ākārām	3	mcq
9829	67907	292	8	4	61822	ākāra	NOUN	Nom.Sing		ākārā	ākārā	1182	ūrṇā tantu nibha ___ gatā sā nābhi maṇḍalam	ūrṇā tantu nibha ākārā gatā sā nābhi maṇḍalam	ākāram|ākāraiḥ|ākārāḥ	3	mcq
2297	484696	7692	5	2	160140	utpad	VERB	Fut.Ind.3.Sing.NonPass		utpatsyate	utpatsyate	1180	asyām ___ dakṣaḥ prajāḥ saṃvardhayiṣyati	asyām utpatsyate dakṣaḥ prajāḥ saṃvardhayiṣyati	utpadyate|utpadyante|utpatsyante	3	mcq
10869	464896	7290	9	4	160140	utpad	VERB	Pres.Ind.3.Sing.NonPass		utpadyate	utpadyate	1180	yo yad yad ___ tat tad bhakṣayati sa tādātvikaḥ	yo yad yad utpadyate tat tad bhakṣayati sa tādātvikaḥ	utpadyante|utpatsyante|udapādi	3	mcq
46851	38054	4602	7	1	97210	tāmra	NOUN	Loc.Sing		tāmre	tāmre	1180	___ daśa aham paramaṃ pakṣmaśāte tad añjanam	tāmre daśa aham paramaṃ pakṣmaśāte tad añjanam	tāmram|tāmrasya|tāmreṇa	3	mcq
46970	38173	4616	7	5	97210	tāmra	NOUN	Ins.Plur		tāmraiḥ	tāmraiḥ	1180	saindhava ārdraka kāsīsa loha ___ su cūrṇitaiḥ	saindhava ārdraka kāsīsa loha tāmraiḥ su cūrṇitaiḥ	tāmram|tāmrasya|tāmre	3	mcq
47030	38233	4616	7	1	97210	tāmra	NOUN	Nom.Sing		tāmraṃ	tāmram	1180	___ ca vartir mūtreṇa sarva śukraka nāśinī	tāmraṃ ca vartir mūtreṇa sarva śukraka nāśinī	tāmrasya|tāmre|tāmreṇa	3	mcq
54573	436853	15845	8	3	160140	utpad	VERB	Pres.Ind.3.Sing.NonPass		utpadyate	utpadyate	1180	na ced ___ ca annam adbhir enān samāpayet	na ced utpadyate ca annam adbhir enān samāpayet	utpadyante|utpatsyante|udapādi	3	mcq
3462	749390	15217	7	2	159806	ānī	VERB	Impf.Ind.3.Sing.NonPass		ānayat	ānayat	1178	ya ___ parāvata iti tisra uttamā uddharati	ya ānayat parāvata iti tisra uttamā uddharati	ānaya|ānayati|ānayet	3	mcq
38290	29488	3875	9	4	159806	ānī	VERB	Pres.Opt.3.Sing.NonPass		ānayet	ānayet	1178	taiḥ eva ca ___ mārgam amārga uttuṇḍitam tu yat	taiḥ eva ca ānayet mārgam amārga uttuṇḍitam tu yat	ānaya|ānayati|ānayat	3	mcq
38298	29496	3875	6	1	159806	ānī	VERB	Pres.Opt.3.Sing.NonPass		ānayet	ānayet	1178	___ jātuṣam kaṇṭhāt jatu digdhām ajātuṣam	ānayet jātuṣam kaṇṭhāt jatu digdhām ajātuṣam	ānaya|ānayati|ānayat	3	mcq
1338	18184	57	8	4	67508	vaṃśa	NOUN	Loc.Sing		vaṃśe	vaṃśe	1168	hari śvetam tathā ___ pīta śvetam ca śūkare	hari śvetam tathā vaṃśe pīta śvetam ca śūkare	vaṃśaḥ|vaṃśam|vaṃśasya	3	mcq
1598	483997	7675	6	2	67508	vaṃśa	NOUN	Nom.Sing		vaṃśaḥ	vaṃśaḥ	1168	rāja ___ tu kaikeyi bharatāt parihāsyate	rāja vaṃśaḥ tu kaikeyi bharatāt parihāsyate	vaṃśam|vaṃśe|vaṃśasya	3	mcq
2038	484437	7686	7	2	67508	vaṃśa	NOUN	Loc.Sing		vaṃśe	vaṃśe	1168	tad ___ śāṃtanuḥ tasmāt bhīṣmaḥ gaṅgāsuto 'nujau	tad vaṃśe śāṃtanuḥ tasmāt bhīṣmaḥ gaṅgāsuto 'nujau	vaṃśaḥ|vaṃśam|vaṃśasya	3	mcq
12713	687539	14395	9	5	1752	kapāla	NOUN	Acc.Sing		kapālam	kapālam	1168	āgneyam aṣṭākapālam aindram ekādaśa ___ āsādya havīṃṣi prāyaścittīr juhuyāt	āgneyam aṣṭākapālam aindram ekādaśa kapālam āsādya havīṃṣi prāyaścittīr juhuyāt	kapālaḥ|kapāle|kapālāni	3	mcq
12753	687579	11884	5	1	1752	kapāla	NOUN	Loc.Sing		kapāle	kapāle	1168	___ naṣṭa eka hāyanam dadyāt	kapāle naṣṭa eka hāyanam dadyāt	kapālam|kapālaḥ|kapālāni	3	mcq
12881	687707	14422	11	3	1752	kapāla	NOUN	Acc.Sing		kapālam	kapālam	1168	mārutaṃ trayodaśa ___ puroḍāśaṃ nirvaped yasya yamau putrau jāyeyātāṃ gāvo vā	mārutaṃ trayodaśa kapālam puroḍāśaṃ nirvaped yasya yamau putrau jāyeyātāṃ gāvo vā	kapālaḥ|kapāle|kapālāni	3	mcq
1227	555602	8248	11	3	16582	sattva	NOUN	Nom.Plur		sattvāś	sattvāḥ	1165	te ca ___ ca no jātā ye nirvānti na te sphuṭam	te ca sattvāś ca no jātā ye nirvānti na te sphuṭam	sattvānām|sattvaḥ|sattvān	3	mcq
1297	18142	57	8	3	16582	sattva	NOUN	Gen.Plur		sattvānām	sattvānām	1165	uttamaṃ sarva ___ yathā śakras tathā eva saḥ	uttamaṃ sarva sattvānām yathā śakras tathā eva saḥ	sattvāḥ|sattvaḥ|sattvān	3	mcq
26605	641948	10654	6	3	16582	sattva	NOUN	Gen.Plur		sattvānāṃ	sattvānām	1165	tena teṣāṃ ___ kāraṇā viśeṣāḥ pratiprasrabhyante	tena teṣāṃ sattvānāṃ kāraṇā viśeṣāḥ pratiprasrabhyante	sattvāḥ|sattvaḥ|sattvān	3	mcq
9795	67873	292	6	3	41184	śleṣman	NOUN	Nom.Plur		śleṣmāṇaḥ	śleṣmāṇaḥ	1164	vāta pitta ___ iti prakṛti trayam	vāta pitta śleṣmāṇaḥ iti prakṛti trayam	śleṣmā|śleṣmaṇā|śleṣmāṇam	3	mcq
17799	633731	11134	7	6	157938	bhaj	VERB	Past.Ind.1.Sing.NonPass	s	abhakṣi	abhakṣi	1164	ugrā hi kaṇva jambhanī tām ___ sahasvatīm	ugrā hi kaṇva jambhanī tām abhakṣi sahasvatīm	bhajet|bhajate|bheje	3	mcq
18000	633908_2	10475	6	5	157938	bhaj	VERB	Pres.Imp.2.Sing.NonPass		bhaja	bhaja	1164	tatas naḥ ugraḥ vi ___ vasūni	tatas naḥ ugraḥ vi bhaja vasūni	bhajet|bhajate|bheje	3	mcq
18840	634696_1	10546	6	3	157938	bhaj	VERB	Pres.Imp.2.Sing.NonPass		bhaja	bhaja	1164	ā imam ___ grāme aśveṣu goṣu	ā imam bhaja grāme aśveṣu goṣu	bhajet|bhajate|bheje	3	mcq
36916	27926	1220	6	1	41184	śleṣman	NOUN	Nom.Sing		śleṣmā	śleṣmā	1164	___ sthiratva snigdhatva saṃdhibandha kṣamā ādibhiḥ	śleṣmā sthiratva snigdhatva saṃdhibandha kṣamā ādibhiḥ	śleṣmaṇā|śleṣmāṇam|śleṣmaṇaḥ	3	mcq
36962	27972	1220	7	1	41184	śleṣman	NOUN	Nom.Sing		śleṣmā	śleṣmā	1164	___ śeṣeṣu tena eṣām āśraya āśrayiṇām mithaḥ	śleṣmā śeṣeṣu tena eṣām āśraya āśrayiṇām mithaḥ	śleṣmaṇā|śleṣmāṇam|śleṣmaṇaḥ	3	mcq
64989	92235	968	8	1	157380	dhyā	VERB	Pres.Opt.3.Sing.NonPass		dhyāyed	dhyāyet	1164	___ devaṃ samagra aṅgam yāvan na cyavate manaḥ	dhyāyed devaṃ samagra aṅgam yāvan na cyavate manaḥ	dhyāyati|dadhyau|dhyāyanti	3	mcq
64991	92237	968	6	3	157380	dhyā	VERB	Pres.Opt.3.Sing.NonPass		dhyāyec	dhyāyet	1164	prekṣaṇīya īhitam ___ śuddha bhāvena cetasā	prekṣaṇīya īhitam dhyāyec śuddha bhāvena cetasā	dhyāyati|dadhyau|dhyāyanti	3	mcq
66912	94204	8989	7	2	157380	dhyā	VERB	Past.Ind.3.Sing.NonPass		dadhyau	dadhyau	1164	dīrghaṃ ___ kuru śreṣṭha nimittaṃ so 'nvapadyata	dīrghaṃ dadhyau kuru śreṣṭha nimittaṃ so 'nvapadyata	dhyāyet|dhyāyati|dhyāyanti	3	mcq
17970	633884	10473	8	3	157579	dham	VERB	Pres.Imp.3.Sing.NonPass		dhamatv	dhamatu	1162	vi vo ___ okasaḥ pra vo dhamatu sarvataḥ	vi vo dhamatv okasaḥ pra vo dhamatu sarvataḥ	dhamet|dadhmuḥ|dadhmau	3	mcq
23076	638736	11575	9	3	158655	dīp	VERB	Pres.Ind.3.Sing.NonPass		dīpyata	dīpyate	1162	kva prepsan ___ ūrdhvo agniḥ kva prepsan pavate mātariśvā	kva prepsan dīpyata ūrdhvo agniḥ kva prepsan pavate mātariśvā	dīpyante|dīpyeta|didīpe	3	mcq
60914	88067	8953	7	1	157579	dham	VERB	Past.Ind.3.Sing.NonPass		dadhmau	dadhmau	1162	___ dara varam teṣāṃ viṣādaṃ śamayann iva	dadhmau dara varam teṣāṃ viṣādaṃ śamayann iva	dhamet|dadhmuḥ|dadhmatuḥ	3	mcq
66409	93701	8982	8	1	157579	dham	VERB	Past.Ind.3.Sing.NonPass		dadhmau	dadhmau	1162	___ śaṅkhaṃ bṛhat bāhuḥ khaṃ diśaḥ ca anunādayan	dadhmau śaṅkhaṃ bṛhat bāhuḥ khaṃ diśaḥ ca anunādayan	dhamet|dadhmuḥ|dadhmatuḥ	3	mcq
94245	569564_1	9117	5	1	158655	dīp	VERB	Pres.Ind.3.Sing.NonPass		dīpyate	dīpyate	1162	___ iva hi deva lokaḥ	dīpyate iva hi deva lokaḥ	dīpyante|dīpyeta|didīpe	3	mcq
18302	634192	10497	6	6	157809	śam	VERB	Past.Ind.1.Sing.NonPass	red	aśīśamam	aśīśamam	1159	atho yo viśvadāvyas taṃ kravyādam ___	atho yo viśvadāvyas taṃ kravyādam aśīśamam	śāmyati|śāmyanti|śāmyet	3	mcq
26498	708955	17580	6	1	157809	śam	VERB	Pres.Ind.3.Plur.NonPass		śāmyanti	śāmyanti	1159	___ yena sarvāṇi nirvapet pāyasaṃ carum	śāmyanti yena sarvāṇi nirvapet pāyasaṃ carum	śāmyati|śāmyet|śāmyatu	3	mcq
35160	555838	8787	6	6	157809	śam	VERB	Pres.Ind.3.Sing.NonPass		śāmyati	śāmyati	1159	asāraṃ ninditaṃ heyam iti niścitya ___	asāraṃ ninditaṃ heyam iti niścitya śāmyati	śāmyanti|śāmyet|śāmyatu	3	mcq
77884	577125	9716	7	2	9366	saṃjaya	NOUN	Voc.Sing		saṃjaya	saṃjayaiḥ	1157	api ___ vaira agneḥ pravṛddhasya śama ambuṣu	api saṃjaya vaira agneḥ pravṛddhasya śama ambuṣu	saṃjayaḥ|saṃjayam|saṃjayena	3	mcq
77892	577133	9716	7	3	9366	saṃjaya	NOUN	Nom.Sing		saṃjayaḥ	saṃjayaḥ	1157	śrutvā etat ___ rājñaḥ prasanna madhurāḥ giraḥ	śrutvā etat saṃjayaḥ rājñaḥ prasanna madhurāḥ giraḥ	saṃjayaiḥ|saṃjayam|saṃjayena	3	mcq
77904	577145	9716	5	1	9366	saṃjaya	NOUN	Ins.Sing		saṃjayena	saṃjayena	1157	___ iti abhihite dharmasūnuḥ abhāṣata	saṃjayena iti abhihite dharmasūnuḥ abhāṣata	saṃjayaḥ|saṃjayaiḥ|saṃjayam	3	mcq
10503	464529	7331	7	3	26133	bhojana	NOUN	Acc.Sing		bhojanam	bhojanam	1154	tṛtīye snāna ___ seveta svādhyāyaṃ ca kurvīta	tṛtīye snāna bhojanam seveta svādhyāyaṃ ca kurvīta	bhojane|bhojanaiḥ|bhojanaḥ	3	mcq
10511	464537	7331	6	3	26133	bhojana	NOUN	Acc.Sing		bhojanam	bhojanam	1154	dvitīye snāna ___ kurvīta svādhyāyaṃ ca	dvitīye snāna bhojanam kurvīta svādhyāyaṃ ca	bhojane|bhojanaiḥ|bhojanaḥ	3	mcq
26519	708976	17580	7	7	26133	bhojana	NOUN	Nom.Sing		bhojanam	bhojanam	1154	unnidrako 'tinidro vā ati alpam ati ___	unnidrako 'tinidro vā ati alpam ati bhojanam	bhojane|bhojanaiḥ|bhojanāḥ	3	mcq
8716	75874	491	6	1	87781	jaya	NOUN	Nom.Sing		jayo	jayaḥ	1152	___ 'tha kuṭajaḥ śakro vatsako girimallikā	jayo 'tha kuṭajaḥ śakro vatsako girimallikā	jayam|jaye|jayāya	3	mcq
17859	633779	11138	9	1	87781	jaya	NOUN	Acc.Sing		jayam	jayam	1152	___ kṣetrāṇi sahasā ayam indra kṛṇvāno anyān adharānt sapatnān	jayam kṣetrāṇi sahasā ayam indra kṛṇvāno anyān adharānt sapatnān	jayaḥ|jaye|jayāya	3	mcq
27267	642610	10995	6	1	87781	jaya	NOUN	Nom.Sing		jayo	jayaḥ	1152	___ vairaṃ prasavati duḥkhaṃ śete parājitaḥ	jayo vairaṃ prasavati duḥkhaṃ śete parājitaḥ	jayam|jaye|jayāya	3	mcq
13598	646581	13074	8	2	159218	hṛṣ	VERB	Pres.Imp.3.Plur.NonPass		dharṣantāṃ	harṣantām	1147	ud ___ maghavann āyudhāny ut satvanāṃ māmakānāṃ manāṃsi	ud dharṣantāṃ maghavann āyudhāny ut satvanāṃ māmakānāṃ manāṃsi	hṛṣyati|hṛṣyanti|jaharṣa	3	mcq
13599	646582	13074	9	2	159218	hṛṣ	VERB	Pres.Imp.3.Plur.NonPass		dharṣantāṃ	harṣantām	1147	ud ___ vājināṃ vājināny ud vīrāṇāṃ jayatām etu ghoṣaḥ	ud dharṣantāṃ vājināṃ vājināny ud vīrāṇāṃ jayatām etu ghoṣaḥ	hṛṣyati|hṛṣyanti|jaharṣa	3	mcq
14172	647096	11277	7	2	121081	vyāghra	NOUN	Acc.Sing		vyāghraṃ	vyāghram	1147	enā ___ pariṣasvajānāḥ siṃhaṃ hinvanti mahate saubhagāya	enā vyāghraṃ pariṣasvajānāḥ siṃhaṃ hinvanti mahate saubhagāya	vyāghraiḥ|vyāghraḥ|vyāghrāḥ	3	mcq
14174	647098	11277	7	1	121081	vyāghra	NOUN	Nom.Sing		vyāghro	vyāghraḥ	1147	___ adhi vaiyāghre vi kramasva diśo mahīḥ	vyāghro adhi vaiyāghre vi kramasva diśo mahīḥ	vyāghraiḥ|vyāghram|vyāghrāḥ	3	mcq
14528	647414_1	11408	5	1	121081	vyāghra	NOUN	Nom.Sing		vyāghraḥ	vyāghraḥ	1147	___ śatrūn abhi tiṣṭha sarvān	vyāghraḥ śatrūn abhi tiṣṭha sarvān	vyāghraiḥ|vyāghram|vyāghrāḥ	3	mcq
18253	634148_1	10495	4	2	159218	hṛṣ	VERB	Pres.Imp.3.Plur.NonPass		harṣantām	harṣantām	1147	ud ___ maghavan vājināni	ud harṣantām maghavan vājināni	hṛṣyati|hṛṣyanti|jaharṣa	3	mcq
15805	648632_1	11041	8	1	96222	tanū	NOUN	Acc.Sing		tanvam	tanvam	1146	___ kaḥ asyāḥ tām veda yayā udakrāmat ekayā	tanvam kaḥ asyāḥ tām veda yayā udakrāmat ekayā	tanūḥ|tanvā|tanvaḥ	3	mcq
16576	649377	17508	8	4	96222	tanū	NOUN	Abl.Sing		tanvo	tanvaḥ	1146	sa ghā te ___ rapaḥ pratīcīnam apa vyayat	sa ghā te tanvo rapaḥ pratīcīnam apa vyayat	tanūḥ|tanvam|tanvā	3	mcq
17094	649897	17561	10	1	96222	tanū	NOUN	Nom.Sing		tanūs	tanūḥ	1146	___ te vājin tanvaṃ vahantī vāmam asmabhyaṃ dhātu śarma tubhyam	tanūs te vājin tanvaṃ vahantī vāmam asmabhyaṃ dhātu śarma tubhyam	tanvam|tanvā|tanvaḥ	3	mcq
1638	484037	7675	8	1	80320	lakṣmaṇa	NOUN	Nom.Sing		lakṣmaṇaḥ	lakṣmaṇaḥ	1145	___ sa guho rātrau cakratuḥ jāgaram hi tau	lakṣmaṇaḥ sa guho rātrau cakratuḥ jāgaram hi tau	lakṣmaṇam|lakṣmaṇaiḥ|lakṣmaṇena	3	mcq
1901	484300	7683	7	3	80320	lakṣmaṇa	NOUN	Ins.Sing		lakṣmaṇena	lakṣmaṇena	1145	hataḥ tvayā ___ deva ādeḥ kṣemam icchatā	hataḥ tvayā lakṣmaṇena deva ādeḥ kṣemam icchatā	lakṣmaṇaḥ|lakṣmaṇam|lakṣmaṇaiḥ	3	mcq
2354	484753	7694	7	1	94302	pārśva	NOUN	Abl.Sing		pārśvato	pārśvāt	1145	___ vihariṣyāmi iti evam prāptaś ca īśvarāt	pārśvato vihariṣyāmi iti evam prāptaś ca īśvarāt	pārśve|pārśvam|pārśvayoḥ	3	mcq
6881	652596_6	12095	7	2	94302	pārśva	NOUN	Nom.Sing		pārśvam	pārśvam	1145	dakṣiṇam ___ sa aṃsam adhvaryoḥ savyam upagātṝṇām	dakṣiṇam pārśvam sa aṃsam adhvaryoḥ savyam upagātṝṇām	pārśve|pārśvayoḥ|pārśvāt	3	mcq
22261	637930	11404	6	1	94302	pārśva	NOUN	Nom.Dual		pārśve	pārśve	1145	___ āstām anumatyā bhagasya āstām anūvṛjau	pārśve āstām anumatyā bhagasya āstām anūvṛjau	pārśvam|pārśvayoḥ|pārśvāt	3	mcq
78781	578022	9716	8	1	80320	lakṣmaṇa	NOUN	Nom.Sing		lakṣmaṇaḥ	lakṣmaṇaḥ	1145	___ te putraḥ ca bhrātā duḥśāsanaḥ ca te	lakṣmaṇaḥ te putraḥ ca bhrātā duḥśāsanaḥ ca te	lakṣmaṇam|lakṣmaṇaiḥ|lakṣmaṇena	3	mcq
290	590048	9741	7	2	46119	upāya	NOUN	Nom.Sing		upāyaḥ	upāyaḥ	1144	mokṣa ___ yogo jñānaṃ śraddhānaṃ caraṇa ātmakaḥ	mokṣa upāyaḥ yogo jñānaṃ śraddhānaṃ caraṇa ātmakaḥ	upāyam|upāyaiḥ|upāyena	3	mcq
1594	483993	7675	8	1	46119	upāya	NOUN	Acc.Sing		upāyaṃ	upāyam	1144	___ tu na paśyāmi bharato yena rājya bhāj	upāyaṃ tu na paśyāmi bharato yena rājya bhāj	upāyaḥ|upāyaiḥ|upāyena	3	mcq
10834	464861	7289	4	3	46119	upāya	NOUN	Nom.Plur		upāyāḥ	upāyāḥ	1144	teṣāṃ haraṇa ___ catvāriṃśat	teṣāṃ haraṇa upāyāḥ catvāriṃśat	upāyaḥ|upāyam|upāyaiḥ	3	mcq
1894	484293	7683	7	2	57770	ātmaja	NOUN	Nom.Sing		ātmajaḥ	ātmajaḥ	1143	brahma ___ pulastyo 'bhūt viśravāḥ tasya naikaṣī	brahma ātmajaḥ pulastyo 'bhūt viśravāḥ tasya naikaṣī	ātmajam|ātmajāḥ|ātmajaiḥ	3	mcq
2024	484423	7684	7	2	57770	ātmaja	NOUN	Nom.Sing		ātmajaḥ	ātmajaḥ	1143	aniruddha ___ vajro mārkaṇḍeyāt tu sarva vid	aniruddha ātmajaḥ vajro mārkaṇḍeyāt tu sarva vid	ātmajam|ātmajāḥ|ātmajaiḥ	3	mcq
9069	76227	491	8	1	57770	ātmaja	NOUN	Nom.Sing		ātmajaḥ	ātmajaḥ	1143	___ tanayaḥ sūnuḥ sutaḥ putraḥ striyāṃ tu amī	ātmajaḥ tanayaḥ sūnuḥ sutaḥ putraḥ striyāṃ tu amī	ātmajam|ātmajāḥ|ātmajaiḥ	3	mcq
53264	520223	15302	11	7	159985	āśri	VERB	Pres.Ind.3.Plur.NonPass		āśrayanta	āśrayante	1143	tatra sarvāraṇyakā nāma dvividhā dvividham āraṇyam ___ indrāvasiktā retovasiktāś ca iti	tatra sarvāraṇyakā nāma dvividhā dvividham āraṇyam āśrayanta indrāvasiktā retovasiktāś ca iti	āśrayet|āśraya|āśrayate	3	mcq
134434	547305	8371	11	5	159985	āśri	VERB	Pres.Ind.3.Plur.NonPass		āśrayanti	āśrayanti	1143	te ca arthavantam punar ___ hi arthaḥ hi loke puruṣasya bandhuḥ	te ca arthavantam punar āśrayanti hi arthaḥ hi loke puruṣasya bandhuḥ	āśrayet|āśraya|āśrayate	3	mcq
138459	490001_1	8180	11	4	159985	āśri	VERB	Pres.Opt.3.Sing.NonPass		āśrayet	āśrayet	1143	yam ca āryam ___ bhartavyaḥ tena kṣīṇaḥ api tena ca uttaraḥ	yam ca āryam āśrayet bhartavyaḥ tena kṣīṇaḥ api tena ca uttaraḥ	āśrayanti|āśraya|āśrayante	3	mcq
463	590221	9744	11	1	31528	abhra	NOUN	Nom.Sing		abhraṃ	abhram	1141	___ sura abhra uḍu marut pathaḥ 'mbaraṃ khaṃ viṣṇupadaṃ viyant nabhaḥ	abhraṃ sura abhra uḍu marut pathaḥ 'mbaraṃ khaṃ viṣṇupadaṃ viyant nabhaḥ	abhrasya|abhre|abhrāṇi	3	mcq
8067	75225	488	5	1	31528	abhra	NOUN	Nom.Sing		abhraṃ	abhram	1141	___ megho vārivāhaḥ stanayitnuḥ balāhakaḥ	abhraṃ megho vārivāhaḥ stanayitnuḥ balāhakaḥ	abhrasya|abhre|abhrāṇi	3	mcq
17011	649814	17556	9	1	31528	abhra	NOUN	Abl.Sing		abhrāj	abhrāt	1141	___ jātaṃ varṣāj jātam atha u jātaṃ divas pari	abhrāj jātaṃ varṣāj jātam atha u jātaṃ divas pari	abhram|abhrasya|abhre	3	mcq
22453	638122	11414	6	1	51687	cetas	NOUN	Nom.Sing		ceto	cetaḥ	1141	___ hṛdayaṃ yakṛn medhā vrataṃ purītat	ceto hṛdayaṃ yakṛn medhā vrataṃ purītat	cetasā|cetasaḥ|cetasi	3	mcq
35768	26772	277	7	3	51687	cetas	NOUN	Gen.Plur		cetasām	cetasām	1141	deha vāc ___ ceṣṭāḥ prāk śramād vinivartayet	deha vāc cetasām ceṣṭāḥ prāk śramād vinivartayet	cetasā|cetasaḥ|cetāḥ	3	mcq
37721	28917	2729	8	4	51687	cetas	NOUN	Nom.Sing		cetāḥ	cetāḥ	1141	ṛju upaviṣṭaḥ tad ___ vivṛta āsyaḥ tri paryayam	ṛju upaviṣṭaḥ tad cetāḥ vivṛta āsyaḥ tri paryayam	cetasā|cetasaḥ|cetasi	3	mcq
9825	67903	292	7	4	65186	yogin	NOUN	Nom.Sing		yogī	yogī	1139	mṛtyu mārga sthitaḥ ___ jñātvā karma samabhyaset	mṛtyu mārga sthitaḥ yogī jñātvā karma samabhyaset	yoginām|yoginaḥ|yogibhiḥ	3	mcq
35107	555785	8752	7	4	65186	yogin	NOUN	Nom.Sing		yogī	yogī	1139	aho tatra sthito ___ na harṣam upagacchati	aho tatra sthito yogī na harṣam upagacchati	yoginām|yoginaḥ|yogibhiḥ	3	mcq
35307	555985	8841	10	6	65186	yogin	NOUN	Nom.Sing		yogī	yogī	1139	na ca jñānī na vā ___ kevalaṃ duḥkha bhāj asau	na ca jñānī na vā yogī kevalaṃ duḥkha bhāj asau	yoginām|yoginaḥ|yogibhiḥ	3	mcq
1892	484291	7683	8	3	70022	rāghava	NOUN	Acc.Sing		rāghavaṃ	rāghavam	1135	rājya stham ___ jagmur agastya ādyāḥ su pūjitāḥ	rājya stham rāghavaṃ jagmur agastya ādyāḥ su pūjitāḥ	rāghavaḥ|rāghavaiḥ|rāghavasya	3	mcq
1734	484133	7678	7	1	30049	samaya	NOUN	Loc.Sing		samaye	samaye	1132	___ tiṣṭha sugrīva mā vāli patham anvagāḥ	samaye tiṣṭha sugrīva mā vāli patham anvagāḥ	samayena|samayaḥ|samayam	3	mcq
8566	75724	491	7	3	156948	grāma	NOUN	Nom.Dual		grāmau	grāmau	1132	samau saṃvasatha ___ veśma bhūḥ vāstuḥ astryām	samau saṃvasatha grāmau veśma bhūḥ vāstuḥ astryām	grāmam|grāme|grāmaḥ	3	mcq
9388	76546	491	8	4	156948	grāma	NOUN	Nom.Plur		grāmāḥ	grāmāḥ	1132	ye nirjita indriya ___ yatino yatayaḥ ca te	ye nirjita indriya grāmāḥ yatino yatayaḥ ca te	grāmam|grāme|grāmaḥ	3	mcq
11598	465649	11751	7	2	156948	grāma	NOUN	Gen.Plur		grāmāṇām	grāmāṇām	1132	te ___ adhyakṣāṇāṃ ca śauca aśaucam vidyuḥ	te grāmāṇām adhyakṣāṇāṃ ca śauca aśaucam vidyuḥ	grāmam|grāme|grāmaḥ	3	mcq
27095	642438	10982	12	3	30049	samaya	NOUN	Ins.Sing		samayena	samayena	1132	tena khalu ___ uttara pañcāla rājaḥ dakṣiṇa pañcāla rājena saha prativiruddho babhūva	tena khalu samayena uttara pañcāla rājaḥ dakṣiṇa pañcāla rājena saha prativiruddho babhūva	samaye|samayaḥ|samayam	3	mcq
27161	642504	10989	6	3	30049	samaya	NOUN	Ins.Sing		samayena	samayena	1132	tena khalu ___ śrāvastyāṃ dvau śreṣṭhinau	tena khalu samayena śrāvastyāṃ dvau śreṣṭhinau	samaye|samayaḥ|samayam	3	mcq
28265	42872	1377	6	1	161481	nivṛt	VERB	Pres.Ind.3.Plur.NonPass		nivartante	nivartante	1132	___ adhikāḥ tatra pāko madhura iṣyate	nivartante adhikāḥ tatra pāko madhura iṣyate	nivartate|nivartasva|nyavartata	3	mcq
28267	42874	1377	6	1	161481	nivṛt	VERB	Pres.Ind.3.Plur.NonPass		nivartante	nivartante	1132	___ adhikāḥ tatra pākaḥ kaṭuka iṣyate	nivartante adhikāḥ tatra pākaḥ kaṭuka iṣyate	nivartate|nivartasva|nyavartata	3	mcq
37059	28069	1223	9	1	161481	nivṛt	VERB	Pres.Ind.3.Sing.NonPass		nivartate	nivartate	1132	___ tu kupito malo alpa alpam jala ogha vat	nivartate tu kupito malo alpa alpam jala ogha vat	nivartante|nivartasva|nyavartata	3	mcq
2084	484483	7686	6	3	64064	īśa	NOUN	Acc.Sing		īśam	īśam	1130	ekādaśa akṣauhiṇī ___ nṛpaṃ duryodhanaṃ tadā	ekādaśa akṣauhiṇī īśam nṛpaṃ duryodhanaṃ tadā	īśaḥ|īśaiḥ|īśasya	3	mcq
52942	519901	15289	8	1	64064	īśa	NOUN	Nom.Sing		īśaḥ	īśaḥ	1130	___ sarvasya jagataḥ prabhuḥ prīṇāti viśva bhuj iti	īśaḥ sarvasya jagataḥ prabhuḥ prīṇāti viśva bhuj iti	īśam|īśaiḥ|īśasya	3	mcq
60348	87501	611	10	2	64064	īśa	NOUN	Nom.Sing		īśaḥ	īśaḥ	1130	parāvara ___ manasā eva viśvaṃ sṛjati avati atti guṇaiḥ asaṅgaḥ	parāvara īśaḥ manasā eva viśvaṃ sṛjati avati atti guṇaiḥ asaṅgaḥ	īśam|īśaiḥ|īśasya	3	mcq
2381	484780	7694	6	1	75566	vasu	NOUN	Gen.Plur		vasūnāṃ	vasūnām	1128	___ pāvako rājā marutāṃ vāsavaḥ prabhuḥ	vasūnāṃ pāvako rājā marutāṃ vāsavaḥ prabhuḥ	vasavaḥ|vasubhiḥ|vasuḥ	3	mcq
5834	651562	11736	7	1	75566	vasu	NOUN	Nom.Sing		vasur	vasuḥ	1128	___ ity eṣa vai vasur antarikṣa sad	vasur ity eṣa vai vasur antarikṣa sad	vasavaḥ|vasūnām|vasubhiḥ	3	mcq
13800	646762_1	13225	5	3	75566	vasu	NOUN	Voc.Plur		vasavaḥ	vasavaḥ	1128	śreṣṭhe naḥ ___ dhatta dhāmni	śreṣṭhe naḥ vasavaḥ dhatta dhāmni	vasūnām|vasubhiḥ|vasuḥ	3	mcq
6837	652558	12091	12	4	162460	pratigrah	VERB	Pres.Opt.3.Sing.NonPass		pratigṛhṇīyād	pratigṛhṇīyāt	1126	yadi tv enām ___ apriyāya enām bhrātṛvyāya dadyāt parā ha eva bhavati	yadi tv enām pratigṛhṇīyād apriyāya enām bhrātṛvyāya dadyāt parā ha eva bhavati	pratigṛhṇāti|pratijagrāha|pratyagṛhṇāt	3	mcq
20390	636174	11376	12	5	162460	pratigrah	VERB	Past.Ind.1.Sing.NonPass		pratijagraha	pratijagraha	1126	yad eva kiṃ ca ___ aham agniṣ tat hotā su hutam kṛṇotu	yad eva kiṃ ca pratijagraha aham agniṣ tat hotā su hutam kṛṇotu	pratigṛhṇāti|pratijagrāha|pratigṛhṇīyāt	3	mcq
53771	436043	7528	9	2	162460	pratigrah	VERB	Pres.Opt.3.Sing.NonPass		pratigṛhṇīyāt	pratigṛhṇīyāt	1126	tāṃ ___ prajāpati strīṇām yaśaḥ ity etābhiḥ ṣaḍbhir anucchandasam	tāṃ pratigṛhṇīyāt prajāpati strīṇām yaśaḥ ity etābhiḥ ṣaḍbhir anucchandasam	pratigṛhṇāti|pratijagrāha|pratyagṛhṇāt	3	mcq
59027	673041	16480	6	3	160160	utsṛj	VERB	Pres.Opt.3.Sing.NonPass		utsṛjet	utsṛjet	1125	yat prācīm ___ sahasraṃ sahasratamy anviyāt	yat prācīm utsṛjet sahasraṃ sahasratamy anviyāt	utsasarja|utsṛjati|utsṛjanti	3	mcq
60425	87578	621	7	4	160160	utsṛj	VERB	Past.Ind.2.Sing.NonPass	s	udasrākṣīḥ	udasrākṣīḥ	1125	kathaṃ ca idam ___ kāle prāpte kalevaram	kathaṃ ca idam udasrākṣīḥ kāle prāpte kalevaram	utsṛjet|utsasarja|utsṛjati	3	mcq
71200	435391	14760	7	1	160160	utsṛj	VERB	Pres.Imp.2.Sing.NonPass		utsṛja	utsṛja	1125	___ imam śucī manaḥ tvaṃ piśaṅga lohitaḥ	utsṛja imam śucī manaḥ tvaṃ piśaṅga lohitaḥ	utsṛjet|utsasarja|utsṛjati	3	mcq
12046	466104	7302	7	3	106051	siddha	NOUN	Nom.Plur		siddhā	siddhāḥ	1123	adhyayana pāragāḥ ___ ye ca kailāsa tāpasāḥ	adhyayana pāragāḥ siddhā ye ca kailāsa tāpasāḥ	siddhaḥ|siddhaiḥ|siddhānām	3	mcq
12047	466105	7302	7	3	106051	siddha	NOUN	Abl.Plur		siddhebhyaḥ	siddhebhyaḥ	1123	etebhyaḥ sarva ___ kṛtaṃ te svāpanaṃ mahat	etebhyaḥ sarva siddhebhyaḥ kṛtaṃ te svāpanaṃ mahat	siddhāḥ|siddhaḥ|siddhaiḥ	3	mcq
12064	466122	7302	8	3	106051	siddha	NOUN	Nom.Plur		siddhāḥ	siddhāḥ	1123	prasuptāḥ sarva ___ hi etat te svāpanaṃ kṛtam	prasuptāḥ sarva siddhāḥ hi etat te svāpanaṃ kṛtam	siddhaḥ|siddhaiḥ|siddhānām	3	mcq
2627	748651_1	14905	7	1	157933	budh	VERB	Past.Ind.3.Sing.Pass		abodhi	abodhi	1118	___ agniḥ samidhā janānām iti kīrti kāmaḥ	abodhi agniḥ samidhā janānām iti kīrti kāmaḥ	budhyate|bubudhe|budhyase	3	mcq
24821	640471	12181	9	1	157933	budh	VERB	Past.Ind.3.Sing.Pass		abodhy	abodhi	1118	___ agniḥ samidhā janānāṃ prati dhenum iva āyatīm uṣasam	abodhy agniḥ samidhā janānāṃ prati dhenum iva āyatīm uṣasam	budhyate|bubudhe|budhyase	3	mcq
30094	644998	10837	4	4	157933	budh	VERB	Pres.Ind.3.Plur.NonPass		budhyante	budhyante	1118	a paśyantaḥ na ___	a paśyantaḥ na budhyante	budhyate|bubudhe|budhyase	3	mcq
839	506058	7429	7	4	72351	mokṣa	NOUN	Gen.Plur		mokṣāṇām	mokṣāṇām	1116	dharma artha kāma ___ ārogyaṃ mūlam ucyate	dharma artha kāma mokṣāṇām ārogyaṃ mūlam ucyate	mokṣaḥ|mokṣam|mokṣe	3	mcq
8207	75365	488	7	1	72351	mokṣa	NOUN	Loc.Sing		mokṣe	mokṣe	1116	___ dhīr jñānam anyatra vijñānaṃ śilpa śāstrayoḥ	mokṣe dhīr jñānam anyatra vijñānaṃ śilpa śāstrayoḥ	mokṣaḥ|mokṣam|mokṣāya	3	mcq
8209	75367	488	7	1	72351	mokṣa	NOUN	Nom.Sing		mokṣo	mokṣaḥ	1116	___ 'pavargo atha ajñānam avidyā ahaṃmatiḥ striyām	mokṣo 'pavargo atha ajñānam avidyā ahaṃmatiḥ striyām	mokṣam|mokṣe|mokṣāya	3	mcq
60084	87237	590	7	3	163524	vimuc	VERB	Pres.Opt.3.Sing.Pass		vimucyeta	vimucyeta	1113	tataḥ sadyo ___ yat bibheti svayaṃ bhayam	tataḥ sadyo vimucyeta yat bibheti svayaṃ bhayam	vimucyate|vimuñcati|vimuñca	3	mcq
63929	91174	903	6	1	163524	vimuc	VERB	Impf.Ind.3.Plur.NonPass		vyamuñcan	vyamuñcan	1113	___ vividhā vāco grāmasiṃhās tatas tataḥ	vyamuñcan vividhā vāco grāmasiṃhās tatas tataḥ	vimucyate|vimuñcati|vimuñca	3	mcq
64171	91416	909	8	1	163524	vimuc	VERB	Pres.Imp.2.Sing.NonPass		vimuñca	vimuñca	1113	___ ātma tanum ghorām ity ukto vimumoca ha	vimuñca ātma tanum ghorām ity ukto vimumoca ha	vimucyate|vimuñcati|vimokṣyase	3	mcq
289	590047	9741	8	2	50115	bhikṣu	NOUN	Nom.Sing		bhikṣuḥ	bhikṣuḥ	1110	nirgrantho ___ asya svaṃ tapas yoga śama ādayaḥ	nirgrantho bhikṣuḥ asya svaṃ tapas yoga śama ādayaḥ	bhikṣavaḥ|bhikṣūṇām|bhikṣūn	3	mcq
9384	76542	491	6	1	50115	bhikṣu	NOUN	Nom.Sing		bhikṣuḥ	bhikṣuḥ	1110	___ parivrāṭ karmandī pārāśarī api maskarī	bhikṣuḥ parivrāṭ karmandī pārāśarī api maskarī	bhikṣavaḥ|bhikṣūṇām|bhikṣūn	3	mcq
26646	641989	10654	5	4	50115	bhikṣu	NOUN	Voc.Plur		bhikṣavaḥ	bhikṣavaḥ	1110	ity evaṃ vo ___ śikṣitavyam	ity evaṃ vo bhikṣavaḥ śikṣitavyam	bhikṣuḥ|bhikṣūṇām|bhikṣūn	3	mcq
22571	638240	11423	10	2	157336	śī	VERB	Pres.Ind.3.Sing.NonPass		śaye	śaye	1109	anat ___ tura gātu jīvam ejad dhruvaṃ madhya ā pastyānām	anat śaye tura gātu jīvam ejad dhruvaṃ madhya ā pastyānām	śayīta|śerate|śeṣe	3	mcq
23209	638869	11591	8	3	157336	śī	VERB	Pres.Ind.3.Sing.NonPass		śaye	śaye	1109	yasmai kṛtā ___ sa yaś cakāra jajāra saḥ	yasmai kṛtā śaye sa yaś cakāra jajāra saḥ	śayīta|śerate|śeṣe	3	mcq
23989	639641	11911	6	3	157336	śī	VERB	Pres.Imp.3.Sing.NonPass		śayāṃ	śayām	1109	prablīno mṛditaḥ ___ hato 'mitro nyarbude	prablīno mṛditaḥ śayāṃ hato 'mitro nyarbude	śete|śayīta|śerate	3	mcq
929	506148	7429	6	1	98257	suvarṇa	NOUN	Gen.Sing		suvarṇasya	suvarṇasya	1107	___ api raupyasya abhāve lauhena kalpayet	suvarṇasya api raupyasya abhāve lauhena kalpayet	suvarṇam|suvarṇena|suvarṇe	3	mcq
11151	465178	7294	6	1	98257	suvarṇa	NOUN	Acc.Sing		suvarṇaṃ	suvarṇam	1107	___ pūrvaṃ nikaṣya paścād varṇikāṃ nikaṣayet	suvarṇaṃ pūrvaṃ nikaṣya paścād varṇikāṃ nikaṣayet	suvarṇasya|suvarṇena|suvarṇe	3	mcq
11166	465193	7294	8	5	98257	suvarṇa	NOUN	Nom.Sing		suvarṇaḥ	suvarṇaḥ	1107	āyukto vā sa rūpya ___ tena eva jīyeta	āyukto vā sa rūpya suvarṇaḥ tena eva jīyeta	suvarṇam|suvarṇasya|suvarṇena	3	mcq
1885	484284	7681	6	1	47050	vāsudeva	NOUN	Acc.Sing		vāsudevaṃ	vāsudevam	1106	___ svam ātmānam aśvamedhair atha ayajat	vāsudevaṃ svam ātmānam aśvamedhair atha ayajat	vāsudevaḥ|vāsudevasya|vāsudevena	3	mcq
60117	87270	591	4	1	47050	vāsudeva	NOUN	Loc.Sing		vāsudeve	vāsudeve	1106	___ bhagavati bhaktiyogaḥ prayojitaḥ	vāsudeve bhagavati bhaktiyogaḥ prayojitaḥ	vāsudevaḥ|vāsudevam|vāsudevasya	3	mcq
60148	87301	591	5	1	47050	vāsudeva	NOUN	Loc.Sing		vāsudeve	vāsudeve	1106	___ bhagavati kurvanti ātma prasādanām	vāsudeve bhagavati kurvanti ātma prasādanām	vāsudevaḥ|vāsudevam|vāsudevasya	3	mcq
18286	634176	10497	10	2	159946	āviś	VERB	Past.Ind.3.Sing.NonPass		āviveśa	āviveśa	1104	ya ___ oṣadhīḥ yo vanaspatīṃs tebhyo agnibhyo hutam astv etat	ya āviveśa oṣadhīḥ yo vanaspatīṃs tebhyo agnibhyo hutam astv etat	āviśat|āviśa|āviśanti	3	mcq
18288	634178	10497	10	2	159946	āviś	VERB	Past.Ind.3.Sing.NonPass		āviveśa	āviveśa	1104	ya ___ dvipado yaś catuṣpadas tebhyo agnibhyo hutam astv etat	ya āviveśa dvipado yaś catuṣpadas tebhyo agnibhyo hutam astv etat	āviśat|āviśa|āviśanti	3	mcq
24282	639932	12011	6	3	159946	āviś	VERB	Past.Ind.3.Sing.NonPass		āviveśa	āviveśa	1104	imaṃ kravyād ___ ayam kravyādam anvagāt	imaṃ kravyād āviveśa ayam kravyādam anvagāt	āviśat|āviśa|āviśanti	3	mcq
16223	649024	17475	6	1	157970	muh	VERB	Pres.Imp.3.Plur.NonPass		muhyantv	muhyantu	1103	___ adya amūḥ senā amitrāṇāṃ parastaram	muhyantv adya amūḥ senā amitrāṇāṃ parastaram	muhyati|mumoha|muhyanti	3	mcq
17215	650019	17578	4	1	157970	muh	VERB	Pres.Imp.3.Plur.NonPass		muhyantu	muhyantu	1103	___ sarve tantavo nāḍī	muhyantu sarve tantavo nāḍī	muhyati|mumoha|muhyanti	3	mcq
17217	650021	17578	6	1	157970	muh	VERB	Pres.Imp.3.Plur.NonPass		muhyantu	muhyantu	1103	___ sarve tantavo andhe vitata vāyau	muhyantu sarve tantavo andhe vitata vāyau	muhyati|mumoha|muhyanti	3	mcq
50944	43691	114	6	3	158673	abhidhā	VERB	Pres.Ind.3.Plur.Pass		abhidhīyante	abhidhīyante	1103	tāny uktāny ___ viprakīrṇāny ataḥ param	tāny uktāny abhidhīyante viprakīrṇāny ataḥ param	abhidhīyate|abhyadhāt|abhidhāsyāmi	3	mcq
61698	88939	8962	7	4	158673	abhidhā	VERB	Fut.Ind.1.Sing.NonPass		'bhidhāsyāmi	abhidhāsyāmi	1103	tat aham te ___ mahā pauruṣikaḥ bhavān	tat aham te 'bhidhāsyāmi mahā pauruṣikaḥ bhavān	abhidhīyate|abhyadhāt|abhidadhāti	3	mcq
61886	89127	8964	8	2	158673	abhidhā	VERB	Pres.Imp.2.Sing.NonPass		abhidhehi	abhidhehi	1103	atha ___ aṅga manaḥ anukūlam prabhāṣase bhāgavata pradhānaḥ	atha abhidhehi aṅga manaḥ anukūlam prabhāṣase bhāgavata pradhānaḥ	abhidhīyate|abhyadhāt|abhidhāsyāmi	3	mcq
1422	483821	7669	7	1	36151	manu	NOUN	Nom.Sing		manuḥ	manuḥ	1100	___ vaivasvataḥ tepe tapo vai bhukti muktaye	manuḥ vaivasvataḥ tepe tapo vai bhukti muktaye	manoḥ|manum|manave	3	mcq
1436	483835	7669	8	1	36151	manu	NOUN	Ins.Sing		manunā	manunā	1100	___ uktaḥ abravīt matsyaḥ manuṃ vai pālane ratam	manunā uktaḥ abravīt matsyaḥ manuṃ vai pālane ratam	manuḥ|manoḥ|manum	3	mcq
2259	484658	7692	6	1	36151	manu	NOUN	Abl.Sing		manoḥ	manoḥ	1100	___ ajāyanta daśa naḍvalāyāṃ suta uttamāḥ	manoḥ ajāyanta daśa naḍvalāyāṃ suta uttamāḥ	manuḥ|manum|manave	3	mcq
12040	466098	7302	6	2	160029	svap	VERB	Pres.Ind.3.Plur.NonPass		svapanti	svapanti	1100	yathā ___ ajagarāḥ svapanti api camūkhalāḥ	yathā svapanti ajagarāḥ svapanti api camūkhalāḥ	svapiti|suṣvāpa|svapet	3	mcq
12041	466099	7302	7	2	160029	svap	VERB	Pres.Imp.3.Plur.NonPass		svapantu	svapantu	1100	tathā ___ puruṣā ye ca grāme kutūhalāḥ	tathā svapantu puruṣā ye ca grāme kutūhalāḥ	svapiti|suṣvāpa|svapet	3	mcq
12062	466120	7302	7	2	160029	svap	VERB	Pres.Imp.3.Plur.NonPass		svapantu	svapantu	1100	sukhaṃ ___ śunakā ye ca grāme kutūhalāḥ	sukhaṃ svapantu śunakā ye ca grāme kutūhalāḥ	svapiti|suṣvāpa|svapet	3	mcq
28505	43156	97	5	3	9595	adhyāya	NOUN	Loc.Sing		'dhyāye	adhyāye	1099	yataḥ pūrve ___ bheṣajāni uktāni	yataḥ pūrve 'dhyāye bheṣajāni uktāni	adhyāyaḥ|adhyāyam|adhyāyāḥ	3	mcq
35684	26688	276	6	3	9595	adhyāya	NOUN	Nom.Plur		'dhyāyāḥ	adhyāyāḥ	1099	dvāviṃśatir ime ___ kalpasiddhir ataḥ param	dvāviṃśatir ime 'dhyāyāḥ kalpasiddhir ataḥ param	adhyāyaḥ|adhyāyam|adhyāye	3	mcq
35693	26697	276	5	3	9595	adhyāya	NOUN	Nom.Sing		adhyāyo	adhyāyaḥ	1099	catvāriṃśo 'napatyānām ___ bīja poṣaṇaḥ	catvāriṃśo 'napatyānām adhyāyo bīja poṣaṇaḥ	adhyāyam|adhyāye|adhyāyāḥ	3	mcq
1216	555591	8248	7	1	103828	sambhava	NOUN	Nom.Sing		saṃbhavaḥ	sambhavaḥ	1098	___ sarva bhāvānām vibhavo 'pi matas tathā	saṃbhavaḥ sarva bhāvānām vibhavo 'pi matas tathā	sambhavam|sambhavāḥ|sambhavaiḥ	3	mcq
9803	67881	292	8	4	58281	ānanda	NOUN	Acc.Sing		ānandam	ānandam	1098	vajra pūjā pada ___ yaḥ karoti sa manmathaḥ	vajra pūjā pada ānandam yaḥ karoti sa manmathaḥ	ānandaḥ|ānanda|ānandāḥ	3	mcq
12749	687575	11884	5	5	161438	nirvap	VERB	Pres.Opt.3.Sing.NonPass		nirvapet	nirvapet	1098	tatas tam eva punar ___	tatas tam eva punar nirvapet	nirvapati|niravapat|nirvapāmi	3	mcq
22703	638362	11428	7	1	58281	ānanda	NOUN	Acc.Plur		ānandān	ānandān	1098	___ ugro nandāṃś ca kasmād vahati pūruṣaḥ	ānandān ugro nandāṃś ca kasmād vahati pūruṣaḥ	ānandaḥ|ānanda|ānandam	3	mcq
23878	639529	11897	6	1	58281	ānanda	NOUN	Nom.Plur		ānandā	ānandāḥ	1098	___ modāḥ pramudo 'bhīmodamudaś ca ye	ānandā modāḥ pramudo 'bhīmodamudaś ca ye	ānandaḥ|ānanda|ānandam	3	mcq
35975	26979	308	9	9	103828	sambhava	NOUN	Nom.Plur		saṃbhavāḥ	saṃbhavāḥ	1098	ye bhūta viṣa vāyu agni kṣata bhaṅga ādi ___	ye bhūta viṣa vāyu agni kṣata bhaṅga ādi saṃbhavāḥ	sambhavaḥ|sambhavam|sambhavaiḥ	3	mcq
36509	27515	1152	7	7	103828	sambhava	NOUN	Nom.Sing		sambhavaḥ	sambhavaḥ	1098	phena ūrdhva rāji sīmanta tantu budbuda ___	phena ūrdhva rāji sīmanta tantu budbuda sambhavaḥ	sambhavam|sambhavāḥ|sambhavaiḥ	3	mcq
54982	437262	15871	7	2	161438	nirvap	VERB	Pres.Ind.3.Sing.NonPass		nirvapati	nirvapati	1098	dhānyān ___ prāṇāya vo juṣṭaṃ nirvapāmi iti	dhānyān nirvapati prāṇāya vo juṣṭaṃ nirvapāmi iti	nirvapet|niravapat|nirvapāmi	3	mcq
55351	669336_1	12741	5	2	161438	nirvap	VERB	Pres.Imp.2.Sing.NonPass		nirvapa	nirvapa	1098	om ___ iti yajamānaḥ anujānāti	om nirvapa iti yajamānaḥ anujānāti	nirvapet|nirvapati|niravapat	3	mcq
395	590153	9744	7	1	111820	sāgara	NOUN	Gen.Plur		sāgarāṇāṃ	sāgarāṇām	1095	___ suṣamā tu tisraḥ tu utkoṭi koṭayaḥ	sāgarāṇāṃ suṣamā tu tisraḥ tu utkoṭi koṭayaḥ	sāgaram|sāgare|sāgaraḥ	3	mcq
2115	484514	7687	7	7	111820	sāgara	NOUN	Loc.Sing		sāgare	sāgare	1095	virāṭa drupada ādyāḥ ca nimagnā droṇa ___	virāṭa drupada ādyāḥ ca nimagnā droṇa sāgare	sāgaram|sāgaraḥ|sāgarasya	3	mcq
8340	75498	488	7	4	126217	śīla	NOUN	Nom.Sing		śīlam	śīlam	1095	śucau tu carite ___ unmādaḥ citta vibhramaḥ	śucau tu carite śīlam unmādaḥ citta vibhramaḥ	śīlāḥ|śīlena|śīlasya	3	mcq
9314	76472	491	7	2	126217	śīla	NOUN	Nom.Sing		śīlaḥ	śīlaḥ	1095	ijyā ___ yāyajūko yajvā tu vidhinā iṣṭavan	ijyā śīlaḥ yāyajūko yajvā tu vidhinā iṣṭavan	śīlam|śīlāḥ|śīlena	3	mcq
10490	464516	7330	11	3	126217	śīla	NOUN	Ins.Plur		śīlābhiḥ	śīlābhiḥ	1095	atyaktaṃ tulya ___ strībhiḥ pānena mṛgayayā vā prasañjayitvā rātrāv upagṛhya ānayeyuḥ	atyaktaṃ tulya śīlābhiḥ strībhiḥ pānena mṛgayayā vā prasañjayitvā rātrāv upagṛhya ānayeyuḥ	śīlaḥ|śīlam|śīlāḥ	3	mcq
68225	95710	11055	11	4	111820	sāgara	NOUN	Acc.Sing		sāgaram	sāgaram	1095	duratyayaṃ kaurava sainya ___ kṛtvā ataran vatsa padam sma yad plavāḥ	duratyayaṃ kaurava sainya sāgaram kṛtvā ataran vatsa padam sma yad plavāḥ	sāgare|sāgaraḥ|sāgarasya	3	mcq
14150	647074	11274	11	8	160725	upās	VERB	Pres.Ind.3.Plur.NonPass		upāsate	upāsate	1094	ya ojaḥ dāḥ bala dāḥ yasya viśva ___ praśiṣaṃ yasya devāḥ	ya ojaḥ dāḥ bala dāḥ yasya viśva upāsate praśiṣaṃ yasya devāḥ	upāste|upāsīta|upāse	3	mcq
18469	634355	10514	11	8	160725	upās	VERB	Pres.Ind.3.Plur.NonPass		upāsate	upāsate	1094	ya ātma dāḥ bala dāḥ yasya viśva ___ praśiṣaṃ yasya devāḥ	ya ātma dāḥ bala dāḥ yasya viśva upāsate praśiṣaṃ yasya devāḥ	upāste|upāsīta|upāse	3	mcq
24893	640543	12253	11	8	160725	upās	VERB	Pres.Ind.3.Plur.NonPass		upāsate	upāsate	1094	ya ātma dāḥ bala dāḥ yasya viśva ___ praśiṣaṃ yasya devāḥ	ya ātma dāḥ bala dāḥ yasya viśva upāsate praśiṣaṃ yasya devāḥ	upāste|upāsīta|upāse	3	mcq
2943	748873	15018	10	2	130262	gāyatrī	NOUN	Loc.Plur		gāyatrīṣu	gāyatrīṣu	1093	tad ___ bhavaty agraṃ vai chandasāṃ gāyatry agram aṅgānāṃ śiraḥ	tad gāyatrīṣu bhavaty agraṃ vai chandasāṃ gāyatry agram aṅgānāṃ śiraḥ	gāyatrī|gāyatrīm|gāyatryā	3	mcq
3638	650090_1	10841	7	1	130262	gāyatrī	NOUN	Acc.Dual		gāyatryau	gāyatryau	1093	___ sviṣṭakṛtaḥ saṃyājye kurvīta tejaskāmaḥ brahmavarcasa kāmaḥ	gāyatryau sviṣṭakṛtaḥ saṃyājye kurvīta tejaskāmaḥ brahmavarcasa kāmaḥ	gāyatrī|gāyatrīm|gāyatryā	3	mcq
4922	650710_3	11162	6	1	130262	gāyatrī	NOUN	Ins.Sing		gāyatryā	gāyatryā	1093	___ vai devāḥ pāpmānam śamalam apāghnata	gāyatryā vai devāḥ pāpmānam śamalam apāghnata	gāyatrī|gāyatrīm|gāyatryaḥ	3	mcq
13456	646444	11315	4	4	157296	yam	VERB	Pres.Imp.3.Sing.NonPass		yachatu	yacchatu	1093	sa naḥ pūrṇena ___	sa naḥ pūrṇena yachatu	yaccha|yacchati|yacchet	3	mcq
17225	650029	17578	9	8	157296	yam	VERB	Pres.Imp.3.Sing.NonPass		yacchatu	yacchatu	1093	atha u yat sarvam ātmanvat pra ṇo ___ dakṣiṇām	atha u yat sarvam ātmanvat pra ṇo yacchatu dakṣiṇām	yaccha|yacchati|yacchet	3	mcq
18268	634158	10496	10	3	157296	yam	VERB	Pres.Imp.2.Sing.NonPass		yaccha	yaccha	1093	pra ṇo ___ viśāṃ pate dhana dāḥ asi nas tvam	pra ṇo yaccha viśāṃ pate dhana dāḥ asi nas tvam	yacchati|yacchatu|yacchet	3	mcq
5339	651072	11597	6	1	156177	kalpay	VERB	Pres.Ind.3.Sing.NonPass		kalpayati	kalpayati	1092	___ deva viśaḥ ya evaṃ veda	kalpayati deva viśaḥ ya evaṃ veda	kalpayet|akalpayat|kalpayanti	3	mcq
37439	28457	71	8	1	156177	kalpay	VERB	Pres.Opt.3.Sing.NonPass		kalpayet	kalpayet	1092	___ vīkṣya doṣa ādīn prāk eva tu hrasīyasīm	kalpayet vīkṣya doṣa ādīn prāk eva tu hrasīyasīm	kalpayati|akalpayat|kalpayanti	3	mcq
37925	29122	3005	6	2	156177	kalpay	VERB	Pres.Opt.3.Sing.NonPass		kalpayet	kalpayet	1092	vikalpya ___ buddhyā yathāsthūlaṃ tu vakṣyate	vikalpya kalpayet buddhyā yathāsthūlaṃ tu vakṣyate	kalpayati|akalpayat|kalpayanti	3	mcq
14803	647676	14629	10	2	78072	mahī	NOUN	Acc.Dual		mahī	mahī	1090	mahān ___ askabhāyad vi jāto dyāṃ dvitaḥ pārthivaṃ ca rajaḥ	mahān mahī askabhāyad vi jāto dyāṃ dvitaḥ pārthivaṃ ca rajaḥ	mahīm|mahyām|mahi	3	mcq
55171	437451	15896	8	3	78072	mahī	NOUN	Gen.Sing		mahyāḥ	mahyāḥ	1090	ayaṃ no ___ pāram etaṃ svasti neṣad vanaspatiḥ	ayaṃ no mahyāḥ pāram etaṃ svasti neṣad vanaspatiḥ	mahīm|mahī|mahyām	3	mcq
62869	90111	672	8	1	78072	mahī	NOUN	Acc.Sing		mahīṃ	mahīm	1090	___ gandha guṇām ādhāt kāla māyā aṃśa yogāt	mahīṃ gandha guṇām ādhāt kāla māyā aṃśa yogāt	mahī|mahyām|mahi	3	mcq
905	506124	7429	7	1	100937	dadhi	NOUN	Gen.Sing		dadhnaḥ	dadhinas	1089	___ pañcaka pañcakam guḍa palam saptadaśaḥ procyate	dadhnaḥ pañcaka pañcakam guḍa palam saptadaśaḥ procyate	dadhi|dadhinā|dadhnā	3	mcq
7418	652785_1	12168	6	3	100937	dadhi	NOUN	Acc.Sing		dadhi	dadhi	1089	atha yadi ___ vaiśyānām sa bhakṣaḥ	atha yadi dadhi vaiśyānām sa bhakṣaḥ	dadhinā|dadhnā|dadhnaḥ	3	mcq
36748	27757	1162	7	1	100937	dadhi	NOUN	Loc.Sing		dadhni	dadhini	1089	___ madye viṣe kṣaudre koṣṇaṃ piṣṭamayeṣu tu	dadhni madye viṣe kṣaudre koṣṇaṃ piṣṭamayeṣu tu	dadhi|dadhinā|dadhnā	3	mcq
2046	484445	7686	6	1	43000	dhṛtarāṣṭra	NOUN	Nom.Sing		dhṛtarāṣṭro	dhṛtarāṣṭraḥ	1088	___ 'mbālikāyāṃ pāṇḍuś ca vyāsataḥ sutaḥ	dhṛtarāṣṭro 'mbālikāyāṃ pāṇḍuś ca vyāsataḥ sutaḥ	dhṛtarāṣṭrasya|dhṛtarāṣṭram|dhṛtarāṣṭreṇa	3	mcq
2150	484549	7688	7	1	43000	dhṛtarāṣṭra	NOUN	Nom.Sing		dhṛtarāṣṭro	dhṛtarāṣṭraḥ	1088	___ vanam agāt gāndhārī ca pṛthā dvija	dhṛtarāṣṭro vanam agāt gāndhārī ca pṛthā dvija	dhṛtarāṣṭrasya|dhṛtarāṣṭram|dhṛtarāṣṭreṇa	3	mcq
22072	637748_1	12240	4	2	43000	dhṛtarāṣṭra	NOUN	Nom.Sing		dhṛtarāṣṭraḥ	dhṛtarāṣṭraḥ	1088	tām ___ airāvataḥ adhok	tām dhṛtarāṣṭraḥ airāvataḥ adhok	dhṛtarāṣṭrasya|dhṛtarāṣṭram|dhṛtarāṣṭreṇa	3	mcq
294	590052	9741	5	1	132861	śiṣya	NOUN	Nom.Sing		śiṣyo	śiṣyaḥ	1086	___ vineyo 'ntevāsī śaikṣaḥ prāthamakalpikaḥ	śiṣyo vineyo 'ntevāsī śaikṣaḥ prāthamakalpikaḥ	śiṣyam|śiṣyāḥ|śiṣyān	3	mcq
10235	464261	7309	8	1	132861	śiṣya	NOUN	Nom.Plur		śiṣyāḥ	śiṣyāḥ	1086	___ ca asya āvedayeyuḥ asau siddhaḥ sāmedhikaḥ iti	śiṣyāḥ ca asya āvedayeyuḥ asau siddhaḥ sāmedhikaḥ iti	śiṣyaḥ|śiṣyam|śiṣyān	3	mcq
51684	518671_1	9079	5	3	132861	śiṣya	NOUN	Loc.Plur		śiṣyeṣu	śiṣyeṣu	1086	bhrātṛ putra ___ ca evam	bhrātṛ putra śiṣyeṣu ca evam	śiṣyaḥ|śiṣyam|śiṣyāḥ	3	mcq
264	590022	9741	6	1	134074	kratu	NOUN	Gen.Plur		kratūnām	kratūnām	1085	___ indriyārthānām anukūla tvam iti amī	kratūnām indriyārthānām anukūla tvam iti amī	kratum|kratuḥ|kratubhiḥ	3	mcq
1560	483959	7673	7	2	134074	kratu	NOUN	Acc.Sing		kratuṃ	kratum	1085	gataḥ ___ maithilasya draṣṭuṃ cāpaṃ saha anujaḥ	gataḥ kratuṃ maithilasya draṣṭuṃ cāpaṃ saha anujaḥ	kratuḥ|kratubhiḥ|kratvā	3	mcq
3368	749296	15202	5	4	157953	mad	VERB	Pres.Ind.3.Plur.NonPass		madanty	madanti	1085	anu yaṃ viśve ___ ūmāḥ	anu yaṃ viśve madanty ūmāḥ	madema|amīmadanta|matsva	3	mcq
3907	650222_1	10860	6	1	134074	kratu	NOUN	Acc.Sing		kratum	kratum	1085	___ dakṣam varuṇa sam śiśādhi iti	kratum dakṣam varuṇa sam śiśādhi iti	kratuḥ|kratubhiḥ|kratvā	3	mcq
18395	634284	10505	9	5	157953	mad	VERB	Pres.Ind.3.Plur.NonPass		madanti	madanti	1085	yatrā suhārdaḥ su kṛtaḥ ___ vihāya rogaṃ tanvaḥ svāyāḥ	yatrā suhārdaḥ su kṛtaḥ madanti vihāya rogaṃ tanvaḥ svāyāḥ	madema|amīmadanta|matsva	3	mcq
18532	634420_1	10520	4	2	157953	mad	VERB	Past.Ind.2.Sing.NonPass		amīmadaḥ	amīmadaḥ	1085	na ___ nā arūrupaḥ	na amīmadaḥ nā arūrupaḥ	madanti|madema|amīmadanta	3	mcq
1158	506377	7430	8	6	142807	vṛddhi	NOUN	Acc.Sing		vṛddhim	vṛddhim	1084	agni kārī mahān uṣṇo vīrya ___ karoti ca	agni kārī mahān uṣṇo vīrya vṛddhim karoti ca	vṛddhiḥ|vṛddhyā|vṛddhau	3	mcq
1512	483911	7672	6	1	154379	bali	NOUN	Gen.Sing		baleḥ	baleḥ	1084	___ śrī yajamānasya rājadvāre 'gṛṇāt śrutiṃ	baleḥ śrī yajamānasya rājadvāre 'gṛṇāt śrutiṃ	balim|baliḥ|balinā	3	mcq
2352	484751	7694	9	1	154379	bali	NOUN	Gen.Sing		baleḥ	baleḥ	1084	___ putra śatam tu āsīt bāṇa śreṣṭham mahā mune	baleḥ putra śatam tu āsīt bāṇa śreṣṭham mahā mune	balim|baliḥ|balinā	3	mcq
11280	465307	11917	6	3	142807	vṛddhi	NOUN	Nom.Sing		vṛddhiḥ	vṛddhiḥ	1084	pañca bhāga ___ godhūmaḥ saktavaḥ ca	pañca bhāga vṛddhiḥ godhūmaḥ saktavaḥ ca	vṛddhim|vṛddhyā|vṛddhau	3	mcq
11288	465315	11917	4	3	142807	vṛddhi	NOUN	Nom.Sing		vṛddhiḥ	vṛddhiḥ	1084	pañca bhāga ___ bhṛṣṭānām	pañca bhāga vṛddhiḥ bhṛṣṭānām	vṛddhim|vṛddhyā|vṛddhau	3	mcq
12036	466094	7302	7	1	154379	bali	NOUN	Acc.Sing		baliṃ	balim	1084	___ vairocanaṃ vande śata māyam ca śambaram	baliṃ vairocanaṃ vande śata māyam ca śambaram	baliḥ|baleḥ|balinā	3	mcq
82	479353	7024	8	4	42661	dhī	NOUN	Nom.Sing		dhī	dhī	1082	pañca vijñāna sahajā ___ na dṛṣṭiḥ ati īraṇāt	pañca vijñāna sahajā dhī na dṛṣṭiḥ ati īraṇāt	dhiyā|dhyā|dhiyam	3	mcq
3902	650219_1	10860	7	2	42661	dhī	NOUN	Acc.Sing		dhiyam	dhiyam	1082	imām ___ śikṣamāṇasya deva iti vāruṇyā paridadhāti	imām dhiyam śikṣamāṇasya deva iti vāruṇyā paridadhāti	dhīḥ|dhiyā|dhyā	3	mcq
8197	75355	488	6	1	42661	dhī	NOUN	Nom.Sing		dhīr	dhī	1082	___ dhāraṇāvatī medhā saṃkalpaḥ karma mānasam	dhīr dhāraṇāvatī medhā saṃkalpaḥ karma mānasam	dhiyā|dhyā|dhiyam	3	mcq
42452	33653	4230	6	1	98826	suhṛd	NOUN	Gen.Plur		suhṛdāṃ	suhṛdām	1080	___ darśanaṃ gīta vāditra utsava saṃśrutiḥ	suhṛdāṃ darśanaṃ gīta vāditra utsava saṃśrutiḥ	suhṛd|suhṛdaḥ|suhṛdbhiḥ	3	mcq
60853	88006	5336	7	1	98826	suhṛd	NOUN	Gen.Plur		suhṛdāṃ	suhṛdām	1080	___ ca viśokāya svasuḥ ca priya kāmyayā	suhṛdāṃ ca viśokāya svasuḥ ca priya kāmyayā	suhṛd|suhṛdaḥ|suhṛdbhiḥ	3	mcq
61092	88246	8955	7	3	98826	suhṛd	NOUN	Nom.Plur		suhṛdaḥ	suhṛdaḥ	1080	api naḥ ___ tātaiḥ bāndhavāḥ kṛṣṇa devatāḥ	api naḥ suhṛdaḥ tātaiḥ bāndhavāḥ kṛṣṇa devatāḥ	suhṛd|suhṛdām|suhṛdbhiḥ	3	mcq
1124	506343	7430	5	3	94767	piṇḍa	NOUN	Ins.Sing		piṇḍena	piṇḍena	1079	vandhyākarkoṭikā mūla ___ mriyate rasaḥ	vandhyākarkoṭikā mūla piṇḍena mriyate rasaḥ	piṇḍam|piṇḍān|piṇḍaḥ	3	mcq
11479	465533	11737	5	2	94767	piṇḍa	NOUN	Nom.Sing		piṇḍaḥ	piṇḍaḥ	1079	tāmra ___ daśa bhāga kṣayaḥ	tāmra piṇḍaḥ daśa bhāga kṣayaḥ	piṇḍam|piṇḍān|piṇḍe	3	mcq
11482	465536	11737	6	3	94767	piṇḍa	NOUN	Nom.Sing		piṇḍaḥ	piṇḍaḥ	1079	sīsa trapu ___ viṃśati bhāga kṣayaḥ	sīsa trapu piṇḍaḥ viṃśati bhāga kṣayaḥ	piṇḍam|piṇḍān|piṇḍe	3	mcq
713	590472	9744	6	1	33717	nārada	NOUN	Gen.Sing		nāradasya	nāradasya	1078	___ tu mahatī gaṇānāṃ tu prabhāvatī	nāradasya tu mahatī gaṇānāṃ tu prabhāvatī	nāradaḥ|nāradam|nāradena	3	mcq
2013	484412	7684	7	3	33717	nārada	NOUN	Abl.Sing		nāradāt	nāradāt	1078	śrutvā tu ___ kṛṣṇaḥ pradyumna bala bhadravān	śrutvā tu nāradāt kṛṣṇaḥ pradyumna bala bhadravān	nāradaḥ|nāradam|nāradena	3	mcq
7141	652672_5	12121	6	4	33717	nārada	NOUN	Nom.Dual		nāradau	nāradau	1078	tasya ha parvata ___ gṛhe ūṣatuḥ	tasya ha parvata nāradau gṛhe ūṣatuḥ	nāradaḥ|nāradam|nāradena	3	mcq
9542	76700	491	8	1	99723	senā	NOUN	Loc.Sing		senāyāṃ	senāyām	1075	___ samavetā ye sainyāḥ te sainikāḥ ca te	senāyāṃ samavetā ye sainyāḥ te sainikāḥ ca te	senām|senā|senayā	3	mcq
9609	76767	491	6	2	99723	senā	NOUN	Ins.Sing		senayā	senayā	1075	yat ___ abhigamanam arau tat abhiṣeṇanam	yat senayā abhigamanam arau tat abhiṣeṇanam	senām|senā|senayoḥ	3	mcq
13473	646461	11321	6	2	99723	senā	NOUN	Nom.Plur		senā	senāḥ	1075	yāḥ ___ abhītvarīr āvyādhinīr ugaṇā uta	yāḥ senā abhītvarīr āvyādhinīr ugaṇā uta	senām|senā|senayā	3	mcq
2575	485019	7300	8	4	94501	pāśa	NOUN	Acc.Sing		pāśaṃ	pāśam	1074	tathā triṃśat samam ___ budhaḥ kuryāt su vartitam	tathā triṃśat samam pāśaṃ budhaḥ kuryāt su vartitam	pāśaiḥ|pāśāt|pāśān	3	mcq
9213	76371	491	9	1	94501	pāśa	NOUN	Nom.Sing		pāśaḥ	pāśaḥ	1074	___ pakṣaḥ ca hastaḥ ca kalāpa arthāḥ kacāt pare	pāśaḥ pakṣaḥ ca hastaḥ ca kalāpa arthāḥ kacāt pare	pāśam|pāśaiḥ|pāśāt	3	mcq
16734	649535	17519	8	3	94501	pāśa	NOUN	Nom.Plur		pāśā	pāśāḥ	1074	ye te ___ eka śatam mṛtyo martyāya hantave	ye te pāśā eka śatam mṛtyo martyāya hantave	pāśam|pāśaiḥ|pāśāt	3	mcq
62043	89284	8967	7	1	47856	vikrama	NOUN	Nom.Sing		vikramo	vikramaḥ	1074	___ bhūrbhuvaḥ svar ca kṣemasya śaraṇasya ca	vikramo bhūrbhuvaḥ svar ca kṣemasya śaraṇasya ca	vikramam|vikramāḥ|vikrameṇa	3	mcq
68187	95611	7449	7	7	47856	vikrama	NOUN	Nom.Sing		vikramaḥ	vikramaḥ	1074	snigdha kuñcita keśa anta subhagaḥ siṃha ___	snigdha kuñcita keśa anta subhagaḥ siṃha vikramaḥ	vikramam|vikramāḥ|vikrameṇa	3	mcq
75065	574305	9767	7	7	47856	vikrama	NOUN	Nom.Sing		vikramaḥ	vikramaḥ	1074	cañcat nija prabhā puñja vyañjita ananta ___	cañcat nija prabhā puñja vyañjita ananta vikramaḥ	vikramam|vikramāḥ|vikrameṇa	3	mcq
1561	483960	7673	4	2	27462	nimitta	NOUN	Ins.Sing		nimittena	nimittena	1073	śatānanda ___ viśvāmitra prabhāvitaḥ	śatānanda nimittena viśvāmitra prabhāvitaḥ	nimittam|nimitte|nimittāni	3	mcq
18007	633913	10475	10	3	157255	dru	VERB	Pres.Imp.2.Sing.NonPass		drava	drava	1073	ā pra ___ paramasyāḥ parāvataḥ śive te dyāvāpṛthivī ubhe stām	ā pra drava paramasyāḥ parāvataḥ śive te dyāvāpṛthivī ubhe stām	dravati|dravanti|dudruvuḥ	3	mcq
18664	634528_2	10529	9	2	157255	dru	VERB	Pres.Imp.2.Sing.NonPass		drava	drava	1073	pra ___ rathaḥ su cakraḥ su paviḥ su nābhiḥ	pra drava rathaḥ su cakraḥ su paviḥ su nābhiḥ	dravati|dravanti|dudruvuḥ	3	mcq
21234	636995	11680	11	2	157255	dru	VERB	Pres.Imp.2.Sing.NonPass		drava	drava	1073	upa ___ payasā go duh oṣam ā gharme siñca paya usriyāyāḥ	upa drava payasā go duh oṣam ā gharme siñca paya usriyāyāḥ	dravati|dravanti|dudruvuḥ	3	mcq
26487	708944	17590	6	1	27462	nimitta	NOUN	Loc.Plur		nimitteṣu	nimitteṣu	1073	___ mahā śāntim ulkāyāṃ ca viśeṣataḥ	nimitteṣu mahā śāntim ulkāyāṃ ca viśeṣataḥ	nimittam|nimitte|nimittāni	3	mcq
26490	708947	17580	6	1	27462	nimitta	NOUN	Ins.Plur		nimittair	nimittaiḥ	1073	___ yair vinaśyeta śāntiṃ tatra nibodhata	nimittair yair vinaśyeta śāntiṃ tatra nibodhata	nimittam|nimitte|nimittāni	3	mcq
15827	648647	11304	6	2	159014	vṛ	VERB	Impf.Ind.3.Sing.NonPass		avṛṇīta	avṛṇīta	1072	vṛṣāyamāṇo ___ somaṃ trikadrukeṣv apibat sutasya	vṛṣāyamāṇo avṛṇīta somaṃ trikadrukeṣv apibat sutasya	vṛṇīṣva|vṛṇīmahe|vavre	3	mcq
17611	633547	10454	6	2	159014	vṛ	VERB	Impf.Ind.3.Sing.NonPass		avṛṇīta	avṛṇīta	1072	vṛṣāyamāṇo ___ somaṃ trikadrukeṣu apibat sutasya	vṛṣāyamāṇo avṛṇīta somaṃ trikadrukeṣu apibat sutasya	vṛṇīṣva|vṛṇīmahe|vavre	3	mcq
63641	90884	840	8	2	159014	vṛ	VERB	Pres.Opt.3.Sing.NonPass		vṛṇīta	vṛṇīta	1072	kaṃ ___ varaṃ vatsā ity apṛcchata naḥ pṛthak	kaṃ vṛṇīta varaṃ vatsā ity apṛcchata naḥ pṛthak	vṛṇīṣva|vṛṇīmahe|vavre	3	mcq
46644	37847	4592	7	7	163082	praśaṃs	VERB	Pres.Ind.3.Sing.Pass		praśasyate	praśasyate	1071	vāta śleṣma ātmake prāyaḥ paittike tu ___	vāta śleṣma ātmake prāyaḥ paittike tu praśasyate	praśaṃsanti|praśaśaṃsuḥ|praśaṃsati	3	mcq
52196	519155	14854	8	4	163082	praśaṃs	VERB	Pres.Ind.3.Plur.NonPass		praśaṃsanti	praśaṃsanti	1071	gāndharvam apy eke ___ sarveṣāṃ sneha anugata tvāt	gāndharvam apy eke praśaṃsanti sarveṣāṃ sneha anugata tvāt	praśasyate|praśaśaṃsuḥ|praśaṃsati	3	mcq
64215	91461	909	7	6	163082	praśaṃs	VERB	Past.Ind.3.Plur.NonPass		praśaśaṃsuḥ	praśaśaṃsuḥ	1071	tān dṛṣṭvā ye purā sṛṣṭāḥ ___ prajāpatim	tān dṛṣṭvā ye purā sṛṣṭāḥ praśaśaṃsuḥ prajāpatim	praśasyate|praśaṃsanti|praśaṃsati	3	mcq
1170	555545	8248	7	1	114497	svabhāva	NOUN	Ins.Sing		svabhāvena	svabhāvena	1070	___ na taj jātam iti śūnyaṃ prakāśitam	svabhāvena na taj jātam iti śūnyaṃ prakāśitam	svabhāvaḥ|svabhāvāt|svabhāvam	3	mcq
1183	555558	8248	7	3	114497	svabhāva	NOUN	Nom.Sing		svabhāvo	svabhāvaḥ	1070	ajāte na ___ 'sti kutaḥ svasmāt samudbhavaḥ	ajāte na svabhāvo 'sti kutaḥ svasmāt samudbhavaḥ	svabhāvāt|svabhāvena|svabhāvam	3	mcq
1195	555570	8248	9	2	114497	svabhāva	NOUN	Nom.Sing		svabhāvo	svabhāvaḥ	1070	na ___ 'sti bhāvānāṃ para bhāvaḥ 'sti no yadā	na svabhāvo 'sti bhāvānāṃ para bhāvaḥ 'sti no yadā	svabhāvāt|svabhāvena|svabhāvam	3	mcq
1362	18208	57	8	1	156197	kṣi	VERB	Pres.Ind.3.Sing.Pass		kṣīyate	kṣīyate	1070	___ ca yathā muktā tathā maulyaṃ hi hīyate	kṣīyate ca yathā muktā tathā maulyaṃ hi hīyate	kṣīyante|kṣeṣṭhāḥ|kṣiṇoti	3	mcq
11500	465554	11737	7	4	2379	karaṇa	NOUN	Loc.Sing		karaṇe	karaṇe	1070	marma vadha vaiguṇya ___ daṇḍa pāruṣyam vidyāt	marma vadha vaiguṇya karaṇe daṇḍa pāruṣyam vidyāt	karaṇam|karaṇāni|karaṇaiḥ	3	mcq
11707	465758	11776	4	3	2379	karaṇa	NOUN	Acc.Sing		karaṇam	karaṇam	1070	tasmāt samāpta ___ niyamayet	tasmāt samāpta karaṇam niyamayet	karaṇe|karaṇāni|karaṇaiḥ	3	mcq
19047	634882	10566	12	4	156197	kṣi	VERB	Past.Jus.3.Sing.NonPass		kṣeṣṭa	kṣeṣṭa	1070	sa me mā ___ svadhayā pinvamāno viśva rūpā dhenuḥ kāmadughā me astu	sa me mā kṣeṣṭa svadhayā pinvamāno viśva rūpā dhenuḥ kāmadughā me astu	kṣīyate|kṣīyante|kṣeṣṭhāḥ	3	mcq
31380	551939	8830	4	2	2379	karaṇa	NOUN	Loc.Sing		karaṇe	karaṇe	1070	kartṛ ___ kṛtā bahulam	kartṛ karaṇe kṛtā bahulam	karaṇam|karaṇāni|karaṇaiḥ	3	mcq
35848	26852	279	7	2	156197	kṣi	VERB	Pres.Ind.3.Sing.Pass		kṣīyate	kṣīyate	1070	pratyahaṃ ___ śleṣmā tena vāyuś ca vardhate	pratyahaṃ kṣīyate śleṣmā tena vāyuś ca vardhate	kṣīyante|kṣeṣṭhāḥ|kṣiṇoti	3	mcq
889	506108	7429	9	1	74014	yava	NOUN	Nom.Sing		yavaḥ	yavaḥ	1068	___ syāt sarṣapaiḥ ṣaḍbhir guñjā tu syāt tribhir yavaiḥ	yavaḥ syāt sarṣapaiḥ ṣaḍbhir guñjā tu syāt tribhir yavaiḥ	yavān|yavaiḥ|yavāḥ	3	mcq
16575	649376	17508	7	2	74014	yava	NOUN	Acc.Sing		yavam	yavam	1068	imaṃ ___ aṣṭa yogaiḥ ṣaṣ yogebhiḥ acarkṛṣuḥ	imaṃ yavam aṣṭa yogaiḥ ṣaṣ yogebhiḥ acarkṛṣuḥ	yavān|yavaḥ|yavaiḥ	3	mcq
16702	649503	17517	9	1	74014	yava	NOUN	Voc.Sing		yava	yava	1068	___ ucchiṣṭam haviṣā vardhaya imam yathā dyumnī kṛṇavad vīryāṇi	yava ucchiṣṭam haviṣā vardhaya imam yathā dyumnī kṛṇavad vīryāṇi	yavān|yavaḥ|yavaiḥ	3	mcq
1868	484267	7681	8	2	43317	dhvaja	NOUN	Acc.Sing		dhvajaṃ	dhvajam	1067	tasya ___ sa cicheda ratham aśvān ca sārathim	tasya dhvajaṃ sa cicheda ratham aśvān ca sārathim	dhvajaḥ|dhvajāḥ|dhvajaiḥ	3	mcq
2011	484410	7684	6	2	43317	dhvaja	NOUN	Gen.Sing		dhvajasya	dhvajasya	1067	bāṇa ___ sampātai rakṣibhiḥ sa niveditaḥ	bāṇa dhvajasya sampātai rakṣibhiḥ sa niveditaḥ	dhvajam|dhvajaḥ|dhvajāḥ	3	mcq
10438	464464	7327	10	3	43317	dhvaja	NOUN	Ins.Sing		dhvajena	dhvajena	1067	tena hi ___ aditi kauśika vat asya mātṛ bāndhavāḥ bhikṣeran	tena hi dhvajena aditi kauśika vat asya mātṛ bāndhavāḥ bhikṣeran	dhvajam|dhvajaḥ|dhvajāḥ	3	mcq
24965	640615	12260	6	2	122839	vidhāna	NOUN	Ins.Plur		vidhānaiḥ	vidhānaiḥ	1067	āchad ___ gupito bārhataiḥ soma rakṣitaḥ	āchad vidhānaiḥ gupito bārhataiḥ soma rakṣitaḥ	vidhānena|vidhānāt|vidhānam	3	mcq
41654	32855	4195	9	3	122839	vidhāna	NOUN	Ins.Plur		vidhānaiḥ	vidhānaiḥ	1067	tais tair ___ sa guḍam bhallātakam atha api vā	tais tair vidhānaiḥ sa guḍam bhallātakam atha api vā	vidhānena|vidhānāt|vidhānam	3	mcq
41962	33163	4209	5	2	122839	vidhāna	NOUN	Ins.Sing		vidhānena	vidhānena	1067	rasāyana ___ pippalīr vā prayojayet	rasāyana vidhānena pippalīr vā prayojayet	vidhānāt|vidhānam|vidhānaiḥ	3	mcq
3791	650170_1	10855	10	1	121755	svasti	NOUN	Acc.Sing		svasti	svasti	1064	___ ha enam atyarjanti svargam lokam abhi yaḥ evam veda	svasti ha enam atyarjanti svargam lokam abhi yaḥ evam veda	svastaye|svastibhiḥ|svastiḥ	3	mcq
3835	650189_3	10858	8	1	121755	svasti	NOUN	Acc.Sing		svasti	svasti	1064	___ eva itas prayanti svasti udyanti svasti udyanti	svasti eva itas prayanti svasti udyanti svasti udyanti	svastaye|svastibhiḥ|svastiḥ	3	mcq
4350	650435_3	10916	6	5	121755	svasti	NOUN	Acc.Sing		svastim	svastim	1064	atho saṃvatsarīṇām eva etām ___ kurute	atho saṃvatsarīṇām eva etām svastim kurute	svasti|svastaye|svastibhiḥ	3	mcq
172	589912	9741	8	1	170735	sakhi	NOUN	Abl.Sing		sakhyuḥ	sakheḥ	1062	___ sakhi samāḥ vāhyāt gāmi yāna āsana ādayaḥ	sakhyuḥ sakhi samāḥ vāhyāt gāmi yāna āsana ādayaḥ	sakhā|sakhiḥ|sakhe	3	mcq
4012	650274_1	10866	4	1	170735	sakhi	NOUN	Nom.Sing		sakhā	sakhā	1062	___ sakhyā samidhyase iti	sakhā sakhyā samidhyase iti	sakhe|sakhāyaḥ|sakhāyam	3	mcq
4013	650274_2	10866	9	6	170735	sakhi	NOUN	Nom.Sing		sakhā	sakhā	1062	eṣa ha vai asya svaḥ ___ yat agniḥ agneḥ	eṣa ha vai asya svaḥ sakhā yat agniḥ agneḥ	sakhe|sakhāyaḥ|sakhāyam	3	mcq
13702	646675	13154	9	3	4545	keśa	NOUN	Nom.Sing		keśo	keśaḥ	1062	yas te ___ 'vatataḥ sa mūlaḥ yaś ca vṛhyate	yas te keśo 'vatataḥ sa mūlaḥ yaś ca vṛhyate	keśān|keśāḥ|keśeṣu	3	mcq
13705	646678	13154	8	1	4545	keśa	NOUN	Nom.Sing		keśo	keśaḥ	1062	___ naḍa iva vardhatāṃ śīrṣṇas te asitas pari	keśo naḍa iva vardhatāṃ śīrṣṇas te asitas pari	keśān|keśāḥ|keśeṣu	3	mcq
14590	647471_1	11413	7	2	157849	piṣ	VERB	Pres.Imp.2.Sing.NonPass		piṇḍhi	piṇḍhi	1062	ni ___ sarvān dhūrvataḥ abhīvardhaḥ yathā asasi	ni piṇḍhi sarvān dhūrvataḥ abhīvardhaḥ yathā asasi	pinaṣṭi|pipeṣa|piṃṣanti	3	mcq
16026	648831_1	14339	4	1	157849	piṣ	VERB	Pres.Imp.2.Sing.NonPass		piṇḍhi	piṇḍhi	1062	___ darbha sapatnān me	piṇḍhi darbha sapatnān me	pinaṣṭi|pipeṣa|piṃṣanti	3	mcq
16028	648832_1	14339	4	1	157849	piṣ	VERB	Pres.Imp.2.Sing.NonPass		piṇḍhi	piṇḍhi	1062	___ me sarvān durhārdaḥ	piṇḍhi me sarvān durhārdaḥ	pinaṣṭi|pipeṣa|piṃṣanti	3	mcq
20836	636608_1	11507	8	1	4545	keśa	NOUN	Nom.Plur		keśāḥ	keśāḥ	1062	___ naḍāḥ iva vardhantām śīrṣṇaḥ te asitāḥ pari	keśāḥ naḍāḥ iva vardhantām śīrṣṇaḥ te asitāḥ pari	keśān|keśaḥ|keśeṣu	3	mcq
17125	649928	17563	8	2	157624	spṛś	VERB	Past.Jus.2.Sing.NonPass		spṛkṣathā	spṛkṣathāḥ	1059	mā ___ niṣadanāya ut tiṣṭha pra ihi sabhām	mā spṛkṣathā niṣadanāya ut tiṣṭha pra ihi sabhām	spṛśet|spṛśati|aspṛśat	3	mcq
20741	636518	11489	10	2	157624	spṛś	VERB	Past.Ind.3.Sing.NonPass	sa	aspṛkṣat	aspṛkṣat	1059	yatra ___ tanvo yat ca vāsasa āpo nudantu nirṛtiṃ parācaiḥ	yatra aspṛkṣat tanvo yat ca vāsasa āpo nudantu nirṛtiṃ parācaiḥ	spṛśet|spṛśati|aspṛśat	3	mcq
42729	33930	4236	7	5	157624	spṛś	VERB	Pres.Opt.3.Sing.NonPass		spṛśeta	spṛśeta	1059	na vikṣaya dhvaṃsaka utthaiḥ ___ upadravaiḥ yathā	na vikṣaya dhvaṃsaka utthaiḥ spṛśeta upadravaiḥ yathā	spṛśati|aspṛśat|spṛśanti	3	mcq
44248	35449	4516	7	2	33635	nārāyaṇa	NOUN	Nom.Sing		nārāyaṇo	nārāyaṇaḥ	1057	eṣa ___ nāma cūrṇo roga gaṇa apahaḥ	eṣa nārāyaṇo nāma cūrṇo roga gaṇa apahaḥ	nārāyaṇam|nārāyaṇau|nārāyaṇāya	3	mcq
60111	87264	591	6	1	33635	nārāyaṇa	NOUN	Acc.Sing		nārāyaṇaṃ	nārāyaṇam	1057	___ namaskṛtya naraṃ ca eva narottamam	nārāyaṇaṃ namaskṛtya naraṃ ca eva narottamam	nārāyaṇaḥ|nārāyaṇau|nārāyaṇāya	3	mcq
60771	87924	5335	7	6	33635	nārāyaṇa	NOUN	Nom.Sing		nārāyaṇaḥ	nārāyaṇaḥ	1057	eṣa vai bhagavān sākṣāt ādyaḥ ___ pumān	eṣa vai bhagavān sākṣāt ādyaḥ nārāyaṇaḥ pumān	nārāyaṇam|nārāyaṇau|nārāyaṇāya	3	mcq
3434	749362	15212	8	8	160242	uddhṛ	VERB	Pres.Ind.3.Sing.NonPass		uddharati	uddharati	1056	ud gha id abhi śrutāmagham ity uttamām ___	ud gha id abhi śrutāmagham ity uttamām uddharati	uddharet|ujjahāra|uddhara	3	mcq
12169	686984	14332	11	2	160242	uddhṛ	VERB	Pres.Imp.2.Sing.NonPass		uddhara	uddhara	1056	uddhriyamāṇa ___ pāpmano mā yad a vidvān yac ca vidvāṃś cakāra	uddhriyamāṇa uddhara pāpmano mā yad a vidvān yac ca vidvāṃś cakāra	uddharet|uddharati|ujjahāra	3	mcq
27562	642905	11036	7	3	169357	tathāgata	NOUN	Gen.Sing		tathāgatasya	tathāgatasya	1056	idānīṃ me ___ sata iyaṃ śāsana śobhā	idānīṃ me tathāgatasya sata iyaṃ śāsana śobhā	tathāgataḥ|tathāgatāḥ|tathāgatena	3	mcq
27587	642930	11038	6	1	169357	tathāgata	NOUN	Gen.Sing		tathāgatasya	tathāgatasya	1056	___ arthe pañca vārṣikam kariṣyāmi iti	tathāgatasya arthe pañca vārṣikam kariṣyāmi iti	tathāgataḥ|tathāgatāḥ|tathāgatena	3	mcq
27620	642963	11038	7	5	169357	tathāgata	NOUN	Gen.Sing		tathāgatasya	tathāgatasya	1056	tad haitukaḥ ca idānīm ___ evaṃvidhaḥ satkāraḥ	tad haitukaḥ ca idānīm tathāgatasya evaṃvidhaḥ satkāraḥ	tathāgataḥ|tathāgatāḥ|tathāgatena	3	mcq
38286	29484	3875	7	1	160242	uddhṛ	VERB	Pres.Opt.3.Sing.NonPass		uddharet	uddharet	1056	___ śalyam evaṃ vā śākhāyāṃ kalpayet taroḥ	uddharet śalyam evaṃ vā śākhāyāṃ kalpayet taroḥ	uddharati|ujjahāra|uddhara	3	mcq
2488	484932	7280	6	5	6274	aṅgula	NOUN	Acc.Sing		aṅgulam	aṅgulam	1054	dṛṣṭam eva yathānyāyaṃ ṣoḍaśa ___ āyatam	dṛṣṭam eva yathānyāyaṃ ṣoḍaśa aṅgulam āyatam	aṅgulaḥ|aṅgule|aṅgulā	3	mcq
2511	484955	7280	8	3	6274	aṅgula	NOUN	Nom.Sing		aṅgulam	aṅgulam	1054	prathamaṃ tri ___ jñeyaṃ dvitīye dvi aṅgulam smṛtaṃ	prathamaṃ tri aṅgulam jñeyaṃ dvitīye dvi aṅgulam smṛtaṃ	aṅgule|aṅgulāt|aṅgulām	3	mcq
2512	484956	7280	6	2	6274	aṅgula	NOUN	Nom.Sing		'ṅgulam	aṅgulam	1054	tṛtīye ___ uddiṣṭam āyataṃ cibuka aṃsayoḥ	tṛtīye 'ṅgulam uddiṣṭam āyataṃ cibuka aṃsayoḥ	aṅgule|aṅgulāt|aṅgulām	3	mcq
13644	646625	13106	7	2	157330	viś	VERB	Pres.Imp.2.Dual.NonPass		viśataṃ	viśatam	1053	pra ___ prāṇa apānau anaḍvāhāv iva vrajam	pra viśataṃ prāṇa apānau anaḍvāhāv iva vrajam	viveśa|viviśuḥ|viśanti	3	mcq
15113	647986	16470	8	4	157330	viś	VERB	Pres.Ind.3.Plur.NonPass		viśanta	viśante	1053	yasya pratihitāyāḥ saṃ ___ āraṇyāḥ paśava uta grāmyāsaḥ	yasya pratihitāyāḥ saṃ viśanta āraṇyāḥ paśava uta grāmyāsaḥ	viveśa|viviśuḥ|viśati	3	mcq
16058	648859	17229	8	3	157330	viś	VERB	Pres.Imp.3.Plur.NonPass		viśantv	viśantu	1053	ā tvā ___ indavo vayo na vṛkṣam andhasā	ā tvā viśantv indavo vayo na vṛkṣam andhasā	viveśa|viviśuḥ|viśanti	3	mcq
9260	76418	491	7	1	103343	snāna	NOUN	Nom.Sing		snānaṃ	snānam	1052	___ carcā tu cārcikyaṃ sthāsako 'tha prabodhanam	snānaṃ carcā tu cārcikyaṃ sthāsako 'tha prabodhanam	snānena|snānāt|snāne	3	mcq
11859	465910	11812	9	3	103343	snāna	NOUN	Ins.Sing		snānena	snānena	1052	aśvamedha avabhṛtha ___ tulyo hastinā vadha iti pāda prakṣālanam	aśvamedha avabhṛtha snānena tulyo hastinā vadha iti pāda prakṣālanam	snānam|snānāt|snāne	3	mcq
35726	26730	277	7	4	103343	snāna	NOUN	Nom.Sing		snānam	snānam	1052	dīpanaṃ vṛṣyam āyuṣyaṃ ___ ūrjā bala pradam	dīpanaṃ vṛṣyam āyuṣyaṃ snānam ūrjā bala pradam	snānena|snānāt|snāne	3	mcq
580	590338	9744	8	1	116387	śaṅkha	NOUN	Nom.Sing		śaṅkho	śaṅkhaḥ	1051	___ 'sya pāñcajanyo 'ṅkaḥ śrīvatso asiḥ tu nandakaḥ	śaṅkho 'sya pāñcajanyo 'ṅkaḥ śrīvatso asiḥ tu nandakaḥ	śaṅkham|śaṅkhān|śaṅkhasya	3	mcq
7944	75102	488	5	1	116387	śaṅkha	NOUN	Nom.Sing		śaṅkho	śaṅkhaḥ	1051	___ lakṣmīpateḥ pāñcajanyaḥ cakram sudarśanaḥ	śaṅkho lakṣmīpateḥ pāñcajanyaḥ cakram sudarśanaḥ	śaṅkham|śaṅkhān|śaṅkhasya	3	mcq
14557	647437	11410	8	5	116387	śaṅkha	NOUN	Nom.Sing		śaṅkhaḥ	śaṅkhaḥ	1051	sa no hiraṇya jāḥ ___ kṛśanaḥ pātv aṃhasaḥ	sa no hiraṇya jāḥ śaṅkhaḥ kṛśanaḥ pātv aṃhasaḥ	śaṅkham|śaṅkhān|śaṅkhasya	3	mcq
7713	653017	12320	8	2	71129	rāṣṭra	NOUN	Loc.Sing		rāṣṭre	rāṣṭre	1050	asmin ___ śriyam āveśayāmy ato devīḥ pratipaśyāmy āpaḥ	asmin rāṣṭre śriyam āveśayāmy ato devīḥ pratipaśyāmy āpaḥ	rāṣṭram|rāṣṭrasya|rāṣṭrāt	3	mcq
10149	464161	5776	7	3	71129	rāṣṭra	NOUN	Nom.Plur		rāṣṭrāḥ	rāṣṭrāḥ	1050	sa bandhu ___ rājāno vineśur ajita indriyāḥ	sa bandhu rāṣṭrāḥ rājāno vineśur ajita indriyāḥ	rāṣṭram|rāṣṭre|rāṣṭrasya	3	mcq
12979	687805	14454	9	6	71129	rāṣṭra	NOUN	Voc.Plur		rāṣṭrāḥ	rāṣṭrāḥ	1050	mitra bhṛtaḥ kṣatra bhṛtaḥ sva ___ iha mā avata	mitra bhṛtaḥ kṣatra bhṛtaḥ sva rāṣṭrāḥ iha mā avata	rāṣṭram|rāṣṭre|rāṣṭrasya	3	mcq
2659	748664_1	14908	6	3	79717	retas	NOUN	Nom.Sing		retaḥ	retaḥ	1048	nyūne vai ___ sicyate nyūne prāṇāḥ	nyūne vai retaḥ sicyate nyūne prāṇāḥ	retasaḥ|retasā|retasi	3	mcq
2842	748773_1	14955	5	4	79717	retas	NOUN	Acc.Sing		retasam	retasam	1048	prāk vai deva ___ prajāyate	prāk vai deva retasam prajāyate	retaḥ|retasaḥ|retāḥ	3	mcq
3059	748989_1	15089	4	3	79717	retas	NOUN	Gen.Sing		retasaḥ	retasaḥ	1048	atha atas ___ sṛṣṭiḥ	atha atas retasaḥ sṛṣṭiḥ	retaḥ|retāḥ|retasā	3	mcq
9697	76855	491	7	2	82410	tila	NOUN	Loc.Sing		tile	tile	1045	dvau ___ tilapejaś ca tilapiñjaś ca niṣphale	dvau tile tilapejaś ca tilapiñjaś ca niṣphale	tilaiḥ|tilāḥ|tilān	3	mcq
33930	554489	8346	4	2	82410	tila	NOUN	Gen.Sing		tilasya	tilasya	1045	śyena ___ pāte ñe	śyena tilasya pāte ñe	tilaiḥ|tilāḥ|tilān	3	mcq
38518	29716	3877	7	2	82410	tila	NOUN	Gen.Plur		tilānāṃ	tilānām	1045	tatas ___ kutalair dagdhvā agnau vigate pṛthak	tatas tilānāṃ kutalair dagdhvā agnau vigate pṛthak	tilaiḥ|tilāḥ|tilān	3	mcq
1629	484028	7675	7	1	106472	sītā	NOUN	Ins.Sing		sītayā	sītayā	1043	___ bhāryayā sārdhaṃ sa rathaḥ sa sumantrakaḥ	sītayā bhāryayā sārdhaṃ sa rathaḥ sa sumantrakaḥ	sītā|sītām|sītāyāḥ	3	mcq
1640	484039	7675	7	3	106472	sītā	NOUN	Nom.Plur		sītāḥ	sītāḥ	1043	rāma lakṣmaṇa ___ ca tīrṇā āpuḥ prayāgakam	rāma lakṣmaṇa sītāḥ ca tīrṇā āpuḥ prayāgakam	sītā|sītām|sītayā	3	mcq
1643	484042	7675	5	1	106472	sītā	NOUN	Dat.Sing		sītāyai	sītāyai	1043	___ darśayāmāsa citrakūṭaṃ ca rāghavaḥ	sītāyai darśayāmāsa citrakūṭaṃ ca rāghavaḥ	sītā|sītām|sītayā	3	mcq
9155	76313	491	8	2	61292	asthi	NOUN	Loc.Sing		asthini	asthini	1042	śiras ___ karoṭiḥ strī pārśva asthini tu parśukā	śiras asthini karoṭiḥ strī pārśva asthini tu parśukā	asthi|asthīni|asthīnām	3	mcq
9779	67857	292	8	1	61292	asthi	NOUN	Nom.Sing		asthi	asthi	1042	___ māṃsaṃ tvak nāḍī romāṇi iti pañcaguṇā pṛthivī	asthi māṃsaṃ tvak nāḍī romāṇi iti pañcaguṇā pṛthivī	asthīni|asthīnām|asthibhiḥ	3	mcq
12007	466064_1	7272	11	2	61292	asthi	NOUN	Loc.Plur		asthiṣu	asthiṣu	1042	plavamānānām ___ kalmāṣa veṇunā nirmathitaḥ agniḥ na udakena śāmyati udakena jvalati	plavamānānām asthiṣu kalmāṣa veṇunā nirmathitaḥ agniḥ na udakena śāmyati udakena jvalati	asthi|asthīni|asthīnām	3	mcq
2386	484785	7694	6	1	104309	sarpa	NOUN	Gen.Plur		sarpāṇāṃ	sarpāṇām	1040	___ takṣako rājā garuḍaḥ pakṣiṇām atha	sarpāṇāṃ takṣako rājā garuḍaḥ pakṣiṇām atha	sarpaḥ|sarpāḥ|sarpebhyaḥ	3	mcq
8376	75534	488	6	1	104309	sarpa	NOUN	Nom.Sing		sarpaḥ	sarpaḥ	1040	___ pṛdākuḥ bhujagaḥ bhujaṃgo 'hir bhujaṃgamaḥ	sarpaḥ pṛdākuḥ bhujagaḥ bhujaṃgo 'hir bhujaṃgamaḥ	sarpāḥ|sarpāṇām|sarpebhyaḥ	3	mcq
10544	464570	7335	6	5	104309	sarpa	NOUN	Abl.Plur		sarpebhyaḥ	sarpebhyaḥ	1040	iti evam agni viṣa ___ pratikurvīta	iti evam agni viṣa sarpebhyaḥ pratikurvīta	sarpaḥ|sarpāḥ|sarpāṇām	3	mcq
439	590197	9744	7	2	63411	indu	NOUN	Nom.Sing		induḥ	induḥ	1034	dṛṣṭa ___ tu sinīvālī bhūteṣṭā tu caturdaśī	dṛṣṭa induḥ tu sinīvālī bhūteṣṭā tu caturdaśī	indo|indavaḥ|indum	3	mcq
4709	650612_2	11020	4	4	156121	aś	VERB	Pres.Opt.3.Sing.NonPass		aśnīyāt	aśnīyāt	1034	tasmāt eteṣām na ___	tasmāt eteṣām na aśnīyāt	aśnāti|aśnanti|aśnāmi	3	mcq
8147	75305	488	9	3	63411	indu	NOUN	Nom.Sing		induḥ	induḥ	1034	sā dṛṣṭa ___ sinīvālī sā naṣṭa indu kalā kuhūḥ	sā dṛṣṭa induḥ sinīvālī sā naṣṭa indu kalā kuhūḥ	indo|indavaḥ|indum	3	mcq
12989	687815	14457	6	1	63411	indu	NOUN	Nom.Sing		indur	induḥ	1034	___ indum avāgād indor indro 'pāt	indur indum avāgād indor indro 'pāt	indo|indavaḥ|indum	3	mcq
14775	647648_1	11437	7	2	156121	aś	VERB	Pres.Imp.3.Plur.NonPass		aśnantu	aśnantu	1034	pra ___ brahmāṇaḥ haviḥ yathā vedena kaśyapaḥ	pra aśnantu brahmāṇaḥ haviḥ yathā vedena kaśyapaḥ	aśnīyāt|aśnāti|aśnanti	3	mcq
20821	636594	11504	7	2	156121	aś	VERB	Pres.Ind.1.Sing.NonPass		aśnāmi	aśnāmi	1034	yad ___ balaṃ kurva itthaṃ vajram dade	yad aśnāmi balaṃ kurva itthaṃ vajram dade	aśnīyāt|aśnāti|aśnanti	3	mcq
13579	646563_1	13068	11	2	69437	varcas	NOUN	Nom.Sing		varcaḥ	varcaḥ	1032	idam ___ agninā dattam āgan bhargaḥ yaśaḥ sahaḥ ojaḥ vayaḥ balam	idam varcaḥ agninā dattam āgan bhargaḥ yaśaḥ sahaḥ ojaḥ vayaḥ balam	varcasā|varcase|varcasaḥ	3	mcq
13581	646565_1	13068	9	1	69437	varcas	NOUN	Acc.Sing		varcaḥ	varcaḥ	1032	___ ā dhehi me tanvām sahaḥ ojaḥ vayaḥ balam	varcaḥ ā dhehi me tanvām sahaḥ ojaḥ vayaḥ balam	varcasā|varcase|varcasaḥ	3	mcq
13853	646799_2	13053	12	1	69437	varcas	NOUN	Dat.Sing		varcase	varcase	1032	___ tvā ojase ca balāya ca yathā hiraṇya tejasā vibhāsāsi janāṁ anu	varcase tvā ojase ca balāya ca yathā hiraṇya tejasā vibhāsāsi janāṁ anu	varcasā|varcaḥ|varcasaḥ	3	mcq
7671	652976	12305	6	1	128527	gaṅgā	NOUN	Loc.Sing		gaṅgāyāṃ	gaṅgāyām	1031	___ vṛtra ghne 'badhnāt pañcapañcāśataṃ hayān	gaṅgāyāṃ vṛtra ghne 'badhnāt pañcapañcāśataṃ hayān	gaṅgā|gaṅgām|gaṅgāyāḥ	3	mcq
8458	75616	488	4	1	128527	gaṅgā	NOUN	Nom.Sing		gaṅgā	gaṅgā	1031	___ viṣṇupadī jahnutanayā suranimnagā	gaṅgā viṣṇupadī jahnutanayā suranimnagā	gaṅgām|gaṅgāyām|gaṅgāyāḥ	3	mcq
60258	87411	592	5	2	128527	gaṅgā	NOUN	Loc.Sing		gaṅgāyāṃ	gaṅgāyām	1031	prāyopaviṣṭaṃ ___ parītaṃ parama ṛṣibhiḥ	prāyopaviṣṭaṃ gaṅgāyāṃ parītaṃ parama ṛṣibhiḥ	gaṅgā|gaṅgām|gaṅgāyāḥ	3	mcq
13022	687848	14469	6	3	157677	kāmay	VERB	Pres.Opt.3.Sing.NonPass		kāmayeta	kāmayeta	1028	atra yat ___ tatra tad dadyāt	atra yat kāmayeta tatra tad dadyāt	akāmayata|kāmayate|kāmaye	3	mcq
14244	647162	11288	6	3	33685	nārī	NOUN	Nom.Plur		nārīr	nārīḥ	1028	vahyeśayāḥ proṣṭheśayā ___ yās talpa śīvarīḥ	vahyeśayāḥ proṣṭheśayā nārīr yās talpa śīvarīḥ	nārī|nārīṇām|nārīm	3	mcq
17075	649878	17561	6	3	157677	kāmay	VERB	Pres.Ind.1.Plur.NonPass		kāmayāmahe	kāmayāmahe	1028	yasmai ca ___ sarvasmai ca vipaśyate	yasmai ca kāmayāmahe sarvasmai ca vipaśyate	kāmayeta|akāmayata|kāmayate	3	mcq
18148	634047	10484	10	2	33685	nārī	NOUN	Voc.Sing		nāri	nāri	1028	pūrṇaṃ ___ pra bhara kumbham etaṃ ghṛtasya dhārām amṛtena saṃbhṛtām	pūrṇaṃ nāri pra bhara kumbham etaṃ ghṛtasya dhārām amṛtena saṃbhṛtām	nārī|nārīṇām|nāryaḥ	3	mcq
18517	634405	10519	6	3	33685	nārī	NOUN	Nom.Plur		nārīr	nārīḥ	1028	proṣṭheśayās talpeśayā ___ yā vahya śīvarīḥ	proṣṭheśayās talpeśayā nārīr yā vahya śīvarīḥ	nārī|nārīṇām|nārīm	3	mcq
54082	436354	12284	11	3	157677	kāmay	VERB	Pres.Opt.3.Sing.NonPass		kāmayeta	kāmayeta	1028	atha yadi ___ anūcānam janayeyam iti dvādaśa rātram etat vratam caret	atha yadi kāmayeta anūcānam janayeyam iti dvādaśa rātram etat vratam caret	akāmayata|kāmayate|kāmaye	3	mcq
78425	577666	9716	6	2	33018	nāga	NOUN	Nom.Sing		nāgo	nāgaḥ	1025	nāma ___ 'yaṃ kāntaḥ kandarpa vigrahaḥ	nāma nāgo 'yaṃ kāntaḥ kandarpa vigrahaḥ	nāgam|nāge|nāgasya	3	mcq
88364	331242	4558	11	1	33018	nāga	NOUN	Nom.Sing		nāgaḥ	nāgaḥ	1025	___ tu nāga śata tulya balam dadāti vyādhiṃ vināśayati jīvanam ātanoti	nāgaḥ tu nāga śata tulya balam dadāti vyādhiṃ vināśayati jīvanam ātanoti	nāgam|nāge|nāgasya	3	mcq
88533	331411	4558	7	1	33018	nāga	NOUN	Nom.Sing		nāgaṃ	nāgam	1025	___ tu nāga vat vahnau phūtkāraṃ parimuñcati	nāgaṃ tu nāga vat vahnau phūtkāraṃ parimuñcati	nāge|nāgasya|nāgena	3	mcq
153535	757845	16101	7	3	159952	āvṛ	VERB	Past.Ind.3.Plur.NonPass		āvavrur	āvavruḥ	1025	a rakṣyamāṇām ___ babhūva atha prajā kṣayaḥ	a rakṣyamāṇām āvavrur babhūva atha prajā kṣayaḥ	āvṛṇot|āvṛṇoti|āvriyate	3	mcq
3811	650179_2	10858	4	2	72933	yajus	NOUN	Nom.Sing		yajuḥ	yajuḥ	1024	saṃsthita ___ na juhuyāt	saṃsthita yajuḥ na juhuyāt	yajuṣā|yajūṃṣi|yajuṣām	3	mcq
4389	650458_1	10928	6	1	72933	yajus	NOUN	Ins.Sing		yajuṣā	yajuṣā	1024	___ vai ete pariśrīyete yat havirdhāne	yajuṣā vai ete pariśrīyete yat havirdhāne	yajuḥ|yajūṃṣi|yajuṣām	3	mcq
4390	650458_2	10928	5	1	72933	yajus	NOUN	Ins.Sing		yajuṣā	yajuṣā	1024	___ eva ene etat pariśrayanti	yajuṣā eva ene etat pariśrayanti	yajuḥ|yajūṃṣi|yajuṣām	3	mcq
14730	647604	11432	10	2	159885	ārabh	VERB	Past.Ind.2.Dual.NonPass		ārebhāthe	ārebhāthe	1020	yāv ___ bahu sākam ugrau pra ced asrāṣṭam abhibhāṃ janeṣu	yāv ārebhāthe bahu sākam ugrau pra ced asrāṣṭam abhibhāṃ janeṣu	ārabhate|ārabheta|ārabhante	3	mcq
18934	634784	10557	10	2	159885	ārabh	VERB	Past.Ind.2.Dual.NonPass		ārebhāthe	ārebhāthe	1020	yāv ___ bahu sākam agre pra ced asrāṣṭram abhibhāṃ janeṣu	yāv ārebhāthe bahu sākam agre pra ced asrāṣṭram abhibhāṃ janeṣu	ārabhate|ārabheta|ārabhante	3	mcq
26611	641954	10654	5	1	159885	ārabh	VERB	Impf.Ind.2.Plur.NonPass		ārabhadhvaṃ	ārabhadhvam	1020	___ niṣkrāmata yujyadhvaṃ buddha śāsane	ārabhadhvaṃ niṣkrāmata yujyadhvaṃ buddha śāsane	ārabhate|ārabheta|ārabhante	3	mcq
30408	645312	10867	4	1	109986	hita	NOUN	Dat.Sing		hitāya	hitāya	1020	___ sukhāya pratipannā lokasya	hitāya sukhāya pratipannā lokasya	hite|hitam|hitāt	3	mcq
42775	33976	4236	6	3	109986	hita	NOUN	Nom.Sing		hitam	hitam	1020	āśrita upāśrita ___ paramaṃ dharma sādhanam	āśrita upāśrita hitam paramaṃ dharma sādhanam	hitāya|hite|hitāt	3	mcq
52424	519383	14868	6	2	109986	hita	NOUN	Loc.Sing		hite	hite	1020	bhartṛ ___ yatamānāḥ svargaṃ lokaṃ jayeran	bhartṛ hite yatamānāḥ svargaṃ lokaṃ jayeran	hitāya|hitam|hitāt	3	mcq
44982	36184	4537	12	2	46498	vāra	NOUN	Acc.Plur		vārāṃs	vārān	1017	evaṃ ___ trīṃs tais tataḥ ślakṣṇa piṣṭaiḥ snuhyāḥ kṣīreṇa śvitra nāśāya lepaḥ	evaṃ vārāṃs trīṃs tais tataḥ ślakṣṇa piṣṭaiḥ snuhyāḥ kṣīreṇa śvitra nāśāya lepaḥ	vāram|vāreṇa|vāraiḥ	3	mcq
53750	520709	15320	7	2	46498	vāra	NOUN	Acc.Sing		vāram	vāram	1017	daśa ___ tathā homaḥ sarpiṣā savana trayam	daśa vāram tathā homaḥ sarpiṣā savana trayam	vārān|vārāṇi|vāreṇa	3	mcq
76505	575746	9767	7	1	46498	vāra	NOUN	Ins.Sing		vāreṇa	vāreṇa	1017	___ bhuṅkte paurāṇām ekam sa puruṣaṃ sadā	vāreṇa bhuṅkte paurāṇām ekam sa puruṣaṃ sadā	vāram|vārān|vārāṇi	3	mcq
8193	75351	488	9	1	88630	jāti	NOUN	Nom.Sing		jātiḥ	jātiḥ	1016	___ jātam ca sāmānyaṃ vyaktiḥ tu pṛthak ātma tā	jātiḥ jātam ca sāmānyaṃ vyaktiḥ tu pṛthak ātma tā	jātayaḥ|jātim|jātau	3	mcq
8947	76105	491	7	7	88630	jāti	NOUN	Nom.Plur		jātayaḥ	jātayaḥ	1016	ityādayo mṛgendra ādyāḥ go ādyāḥ paśu ___	ityādayo mṛgendra ādyāḥ go ādyāḥ paśu jātayaḥ	jātiḥ|jātim|jātau	3	mcq
10893	464920	7291	11	1	88630	jāti	NOUN	Acc.Sing		jātiṃ	jātim	1016	___ kulaṃ sthāna vayas śrutāni karma ṛddhi śīlāni atha deśa kālau	jātiṃ kulaṃ sthāna vayas śrutāni karma ṛddhi śīlāni atha deśa kālau	jātayaḥ|jātiḥ|jātau	3	mcq
77550	576791	9767	7	1	91609	dhanaṃjaya	NOUN	Nom.Sing		dhanaṃjayo	dhanaṃjayaḥ	1016	___ abravīt vahnim sajjaḥ tvam khāṇḍavaṃ viśa	dhanaṃjayo abravīt vahnim sajjaḥ tvam khāṇḍavaṃ viśa	dhanaṃjayam|dhanaṃjayaiḥ|dhanaṃjayau	3	mcq
79848	579089	9717	6	1	91609	dhanaṃjaya	NOUN	Nom.Sing		dhanaṃjayaḥ	dhanaṃjayaḥ	1016	___ kuru camūm śara jālaiḥ apūrayat	dhanaṃjayaḥ kuru camūm śara jālaiḥ apūrayat	dhanaṃjayam|dhanaṃjayaiḥ|dhanaṃjayau	3	mcq
79871	579112	9717	6	1	91609	dhanaṃjaya	NOUN	Nom.Sing		dhanaṃjayo	dhanaṃjayaḥ	1016	___ 'tha niḥśvasya viṣaṇṇa vadana ambujaḥ	dhanaṃjayo 'tha niḥśvasya viṣaṇṇa vadana ambujaḥ	dhanaṃjayam|dhanaṃjayaiḥ|dhanaṃjayau	3	mcq
36019	27023	309	7	7	161342	niyam	VERB	Pres.Ind.3.Sing.NonPass		niyacchati	niyacchati	1013	_ _ _ _ _ ambu ___	_ _ _ _ _ ambu niyacchati	niyaccha|niyacchanti|niyamyate	3	mcq
45383	36585	3609	6	6	161342	niyam	VERB	Pres.Ind.3.Sing.NonPass		niyacchati	niyacchati	1013	nimba arka anyatara kvātha samāyuktaḥ ___	nimba arka anyatara kvātha samāyuktaḥ niyacchati	niyaccha|niyacchanti|niyamyate	3	mcq
61714	88955	8962	6	1	161342	niyam	VERB	Pres.Opt.3.Sing.NonPass		niyacchet	niyacchet	1013	___ viṣayebhyaḥ 'kṣān manasā buddhi sārathiḥ	niyacchet viṣayebhyaḥ 'kṣān manasā buddhi sārathiḥ	niyacchati|niyaccha|niyacchanti	3	mcq
1442	483841	7669	7	3	158253	antardhā	VERB	Past.Ind.3.Sing.NonPass		antardadhe	antardadhe	1011	iti uktvā ___ matsyo manuḥ kāla pratīkṣakaḥ	iti uktvā antardadhe matsyo manuḥ kāla pratīkṣakaḥ	antardhīyante|antaradhīyata|antardadhāti	3	mcq
1503	483902	7672	9	8	158253	antardhā	VERB	Past.Ind.3.Sing.NonPass		'ntardadhe	antardadhe	1011	dharma deva ādi rakṣā kṛt tataḥ so ___ hariḥ	dharma deva ādi rakṣā kṛt tataḥ so 'ntardadhe hariḥ	antardhīyante|antaradhīyata|antardadhāti	3	mcq
13318	646309	11176	8	4	158094	vṛ	VERB	Past.Ind.3.Sing.NonPass		vavāra	vavāra	1011	viśvam anyā abhi ___ viśvam anyasyām adhi śritam	viśvam anyā abhi vavāra viśvam anyasyām adhi śritam	avṛṇot|ūrṇuhi|vṛdhi	3	mcq
13939	646876_1	13151	4	3	158094	vṛ	VERB	Pres.Imp.2.Plur.NonPass		ūrṇuta	ūrṇuta	1011	apāvarīḥ apa ___ asmat	apāvarīḥ apa ūrṇuta asmat	āvaḥ|avṛṇot|ūrṇuhi	3	mcq
24887	640537	12253	9	3	158094	vṛ	VERB	Impf.Ind.3.Sing.NonPass		aurṇot	aurṇot	1011	vi ya ___ pṛthivīṃ jāyamāna ā samudram adadhāt antarikṣe	vi ya aurṇot pṛthivīṃ jāyamāna ā samudram adadhāt antarikṣe	āvaḥ|ūrṇuhi|vṛdhi	3	mcq
25752	641330_2	12331	4	1	158253	antardhā	VERB	Pres.Ind.1.Sing.NonPass		antardadhe	antardadhe	1011	___ aham salilena vācaḥ	antardadhe aham salilena vācaḥ	antardhīyante|antaradhīyata|antardadhāti	3	mcq
409	590167	9744	7	1	12562	kalā	NOUN	Nom.Sing		kalā	kalā	1010	___ taiḥ pañcadaśabhiḥ leśaḥ tad dvitayena ca	kalā taiḥ pañcadaśabhiḥ leśaḥ tad dvitayena ca	kalām|kalāḥ|kalayā	3	mcq
1483	483882	7670	9	2	12562	kalā	NOUN	Nom.Dual		kale	kale	1010	tasmin ___ ca yat dānam dāsyante syāt tat akṣayam	tasmin kale ca yat dānam dāsyante syāt tat akṣayam	kalā|kalām|kalāḥ	3	mcq
8085	75243	488	8	1	12562	kalā	NOUN	Nom.Sing		kalā	kalā	1010	___ tu ṣoḍaśo bhāgo bimbo 'strī maṇḍalaṃ triṣu	kalā tu ṣoḍaśo bhāgo bimbo 'strī maṇḍalaṃ triṣu	kalām|kalāḥ|kalayā	3	mcq
2685	748679_3	14921	4	1	132281	śānti	NOUN	Nom.Sing		śāntiḥ	śāntiḥ	1009	___ vai pratiṣṭhā ekāhaḥ	śāntiḥ vai pratiṣṭhā ekāhaḥ	śāntim|śāntaye|śāntyai	3	mcq
2686	748679_4	14921	6	1	132281	śānti	NOUN	Loc.Sing		śāntyām	śāntyām	1009	___ eva tat pratiṣṭhāyām antatas pratitiṣṭhanti	śāntyām eva tat pratiṣṭhāyām antatas pratitiṣṭhanti	śāntim|śāntiḥ|śāntaye	3	mcq
2701	748694	14923	10	3	104125	sarasvatī	NOUN	Nom.Sing		sarasvatī	sarasvatī	1009	pāvakā naḥ ___ yajñaṃ vaṣṭu dhiyāvasur iti vāg vai dhiyāvasuḥ	pāvakā naḥ sarasvatī yajñaṃ vaṣṭu dhiyāvasur iti vāg vai dhiyāvasuḥ	sarasvatīm|sarasvatyai|sarasvati	3	mcq
2764	748731_3	14946	4	1	132281	śānti	NOUN	Nom.Sing		śāntiḥ	śāntiḥ	1009	___ vai pratiṣṭhā ekāhaḥ	śāntiḥ vai pratiṣṭhā ekāhaḥ	śāntim|śāntaye|śāntyai	3	mcq
4114	650321_6	10886	4	2	33491	nābhi	NOUN	Gen.Sing		nābheḥ	nābheḥ	1009	tat ___ nābhi tvam	tat nābheḥ nābhi tvam	nābhiḥ|nābhim|nābhau	3	mcq
4984	650734_9	11253	4	2	104125	sarasvatī	NOUN	Nom.Sing		sarasvatī	sarasvatī	1009	tam ___ samantam paryadhāvat	tam sarasvatī samantam paryadhāvat	sarasvatīm|sarasvatyai|sarasvati	3	mcq
14086	647017	13335	6	1	104125	sarasvatī	NOUN	Voc.Sing		sarasvati	sarasvati	1009	___ tvam asmāsu rāyaspoṣaṃ ni yaccha	sarasvati tvam asmāsu rāyaspoṣaṃ ni yaccha	sarasvatī|sarasvatīm|sarasvatyai	3	mcq
19993	635792	11090	6	2	33491	nābhi	NOUN	Nom.Sing		nābhir	nābhiḥ	1009	yāsāṃ ___ ārehaṇaṃ hṛdi saṃvananaṃ kṛtam	yāsāṃ nābhir ārehaṇaṃ hṛdi saṃvananaṃ kṛtam	nābhim|nābhau|nābhyāḥ	3	mcq
21179	636941	11663	8	1	33491	nābhi	NOUN	Loc.Sing		nābhā	nābhā	1009	___ pṛthivyāṃ nihito davidyutad adhaspadaṃ kṛṇutāṃ ye pṛtanyavaḥ	nābhā pṛthivyāṃ nihito davidyutad adhaspadaṃ kṛṇutāṃ ye pṛtanyavaḥ	nābhiḥ|nābhim|nābhyāḥ	3	mcq
253	590011	9741	11	1	135577	kṣetra	NOUN	Loc.Sing		kṣetre	kṣetre	1007	___ sthitiḥ yojana mātrake 'pi nṛ deva tiryañc jana koṭi koṭyāḥ	kṣetre sthitiḥ yojana mātrake 'pi nṛ deva tiryañc jana koṭi koṭyāḥ	kṣetram|kṣetrasya|kṣetrāṇi	3	mcq
811	590570	9885	7	1	147894	bāla	NOUN	Nom.Sing		bālaḥ	bālaḥ	1007	___ pākaḥ śiśuḥ ḍimbhaḥ potaḥ śāvaḥ stanaṃdhayaḥ	bālaḥ pākaḥ śiśuḥ ḍimbhaḥ potaḥ śāvaḥ stanaṃdhayaḥ	bālam|bālasya|bālāḥ	3	mcq
1202	555577	8248	8	4	147894	bāla	NOUN	Nom.Plur		bālās	bālāḥ	1007	jātās tattva vidaḥ ___ tattva jñānena kiṃ tadā	jātās tattva vidaḥ bālās tattva jñānena kiṃ tadā	bālaḥ|bālam|bālasya	3	mcq
9098	76256	491	7	1	147894	bāla	NOUN	Nom.Sing		bālaḥ	bālaḥ	1007	___ tu syāt māṇavakaḥ vayasthaḥ taruṇaḥ yuvā	bālaḥ tu syāt māṇavakaḥ vayasthaḥ taruṇaḥ yuvā	bālam|bālasya|bālāḥ	3	mcq
9671	76829	491	7	1	135577	kṣetra	NOUN	Nom.Sing		kṣetraṃ	kṣetram	1007	___ vraiheya śāleyam vrīhi śāli udbhava ucitam	kṣetraṃ vraiheya śāleyam vrīhi śāli udbhava ucitam	kṣetre|kṣetrasya|kṣetrāṇi	3	mcq
10598	464624	7282	6	4	135577	kṣetra	NOUN	Acc.Plur		kṣetrāṇi	kṣetrāṇi	1007	kara debhyaḥ kṛta ___ aikapuruṣikāṇi prayacchet	kara debhyaḥ kṛta kṣetrāṇi aikapuruṣikāṇi prayacchet	kṣetre|kṣetram|kṣetrasya	3	mcq
31	479302	7024	6	1	48288	vijñāna	NOUN	Nom.Sing		vijñānaṃ	vijñānam	1005	___ prativijñaptiḥ mana āyatanaṃ ca tat	vijñānaṃ prativijñaptiḥ mana āyatanaṃ ca tat	vijñānasya|vijñāne|vijñānāt	3	mcq
33	479304	7024	8	4	48288	vijñāna	NOUN	Nom.Sing		vijñānaṃ	vijñānam	1005	ṣaṇṇām anantara atītam ___ yat hi tat manaḥ	ṣaṇṇām anantara atītam vijñānaṃ yat hi tat manaḥ	vijñānasya|vijñāne|vijñānāt	3	mcq
84	479355	7024	7	1	48288	vijñāna	NOUN	Nom.Sing		vijñānaṃ	vijñānam	1005	___ dṛśyate rūpaṃ na kila antaritam yataḥ	vijñānaṃ dṛśyate rūpaṃ na kila antaritam yataḥ	vijñānasya|vijñāne|vijñānāt	3	mcq
599	590358	9744	6	1	148996	buddha	NOUN	Nom.Sing		buddhaḥ	buddhaḥ	1005	___ tu sugato dharmadhātuḥ trikālavit jinaḥ	buddhaḥ tu sugato dharmadhātuḥ trikālavit jinaḥ	buddhāḥ|buddhānām|buddham	3	mcq
1247	555622	8248	8	1	148996	buddha	NOUN	Gen.Plur		buddhānāṃ	buddhānām	1005	___ sattva dhātoḥ ca tena abhinna tvam arthataḥ	buddhānāṃ sattva dhātoḥ ca tena abhinna tvam arthataḥ	buddhaḥ|buddhāḥ|buddham	3	mcq
27179	642522	10989	9	3	148996	buddha	NOUN	Loc.Sing		buddhe	buddhe	1005	katamās tisraḥ ___ agra prajñaptiḥ dharme saṃghe agra prajñaptiḥ	katamās tisraḥ buddhe agra prajñaptiḥ dharme saṃghe agra prajñaptiḥ	buddhaḥ|buddhāḥ|buddhānām	3	mcq
834	506053	7429	11	1	127714	śaila	NOUN	Nom.Sing		śailo	śailaḥ	1004	___ mṛd kaṇa tām tṛṇaṃ dahana tām vajraṃ tṛṇa kṣīṇa tām	śailo mṛd kaṇa tām tṛṇaṃ dahana tām vajraṃ tṛṇa kṣīṇa tām	śailam|śailāḥ|śailān	3	mcq
10659	464685_1	7284	11	5	127714	śaila	NOUN	Acc.Sing		śailam	śailam	1004	pṛthu śilā saṃhatam _ ___ kārayet na tu eva kāṣṭha mayam	pṛthu śilā saṃhatam _ śailam kārayet na tu eva kāṣṭha mayam	śailaḥ|śailāḥ|śailān	3	mcq
45969	37171	4570	6	3	127714	śaila	NOUN	Abl.Dual		śailābhyām	śailābhyām	1004	himavat vindhya ___ prāyo vyāptā vasuṃdharā	himavat vindhya śailābhyām prāyo vyāptā vasuṃdharā	śailam|śailaḥ|śailāḥ	3	mcq
24444	640094	12127	7	4	26038	bhoga	NOUN	Dat.Sing		bhogāya	bhogāya	1002	yad asyāḥ kasmaicid ___ bālān kaścit prakṛntati	yad asyāḥ kasmaicid bhogāya bālān kaścit prakṛntati	bhogān|bhogaḥ|bhogāḥ	3	mcq
26381	708825	17587	7	4	26038	bhoga	NOUN	Acc.Plur		bhogān	bhogān	1002	sa bhuktvā vividhān ___ sapta sāgara mekhalām	sa bhuktvā vividhān bhogān sapta sāgara mekhalām	bhogaḥ|bhogāḥ|bhogaiḥ	3	mcq
35290	555968	8841	9	1	26038	bhoga	NOUN	Acc.Sing		bhogaṃ	bhogam	1002	___ karma samādhiṃ vā kuru vijña tathā api te	bhogaṃ karma samādhiṃ vā kuru vijña tathā api te	bhogān|bhogaḥ|bhogāḥ	3	mcq
4239	650376_2	10904	8	2	17663	saṃdhi	NOUN	Nom.Sing		saṃdhiḥ	saṃdhiḥ	1000	catur ___ hi iṣuḥ anīkam śalyaḥ tejanam parṇāni	catur saṃdhiḥ hi iṣuḥ anīkam śalyaḥ tejanam parṇāni	saṃdhim|saṃdhau|saṃdhiṣu	3	mcq
9455	76613	491	7	1	17663	saṃdhi	NOUN	Nom.Sing		saṃdhiḥ	saṃdhiḥ	1000	___ nā vigraho yānam āsanam dvaidham āśrayaḥ	saṃdhiḥ nā vigraho yānam āsanam dvaidham āśrayaḥ	saṃdhim|saṃdhau|saṃdhiṣu	3	mcq
25179	640829	12266	7	2	17663	saṃdhi	NOUN	Acc.Sing		saṃdhiṃ	saṃdhim	1000	saṃdhātā ___ maghavā purūvasur niṣkartā vihrutaṃ punaḥ	saṃdhātā saṃdhiṃ maghavā purūvasur niṣkartā vihrutaṃ punaḥ	saṃdhiḥ|saṃdhau|saṃdhiṣu	3	mcq
28084	42691	1282	9	2	93038	pāka	NOUN	Nom.Sing		pākaḥ	pākaḥ	1000	kaṭu ___ api pitta ghnaḥ mudgo māṣaḥ tu pittalaḥ	kaṭu pākaḥ api pitta ghnaḥ mudgo māṣaḥ tu pittalaḥ	pāke|pākam|pākāt	3	mcq
28085	42692	1282	9	2	93038	pāka	NOUN	Nom.Sing		pākaḥ	pākaḥ	1000	svādu ___ 'pi caya kṛt snigdha uṣṇam guru phāṇitam	svādu pākaḥ 'pi caya kṛt snigdha uṣṇam guru phāṇitam	pāke|pākam|pākāt	3	mcq
28274	42881	1377	12	2	93038	pāka	NOUN	Nom.Sing		pākaḥ	pākaḥ	1000	ṣoḍhā ___ tu saṃgrahe nirastaḥ yathārasaṃ jaguḥ pākān ṣaṭ kecit tad asāṃpratam	ṣoḍhā pākaḥ tu saṃgrahe nirastaḥ yathārasaṃ jaguḥ pākān ṣaṭ kecit tad asāṃpratam	pāke|pākam|pākāt	3	mcq
9203	76361	491	10	2	86502	dṛṣṭi	NOUN	Nom.Dual		dṛṣṭī	dṛṣṭī	998	dṛś ___ ca asru netrāmbu rodanaṃ ca asram aśru ca	dṛś dṛṣṭī ca asru netrāmbu rodanaṃ ca asram aśru ca	dṛṣṭiḥ|dṛṣṭim|dṛṣṭyā	3	mcq
10026	103027	950	11	6	86502	dṛṣṭi	NOUN	Gen.Sing		dṛṣṭyāḥ	dṛṣṭyāḥ	998	rathyā āli vīkṣaṇa niveśita lola ___ nūnaṃ chanacchaniti bāṣpa kaṇāḥ patanti	rathyā āli vīkṣaṇa niveśita lola dṛṣṭyāḥ nūnaṃ chanacchaniti bāṣpa kaṇāḥ patanti	dṛṣṭiḥ|dṛṣṭim|dṛṣṭyā	3	mcq
35327	556005	8845	7	2	86502	dṛṣṭi	NOUN	Nom.Sing		dṛṣṭir	dṛṣṭiḥ	998	śūnyā ___ vṛthā ceṣṭā vikalāni indriyāṇi ca	śūnyā dṛṣṭir vṛthā ceṣṭā vikalāni indriyāṇi ca	dṛṣṭim|dṛṣṭyā|dṛṣṭyāḥ	3	mcq
37976	29174	3005	8	3	67809	vaktra	NOUN	Nom.Dual		vaktre	vaktre	998	masūrī dala ___ dve syātām aṣṭa nava aṅgule	masūrī dala vaktre dve syātām aṣṭa nava aṅgule	vaktram|vaktrāt|vaktrāḥ	3	mcq
38044	29242	3872	7	2	67809	vaktra	NOUN	Nom.Sing		vaktrā	vaktrā	998	vrīhi ___ dhanus vakrā pakva āmāśaya marmasu	vrīhi vaktrā dhanus vakrā pakva āmāśaya marmasu	vaktram|vaktre|vaktrāt	3	mcq
39459	30660	3961	6	1	67809	vaktra	NOUN	Nom.Sing		vaktram	vaktram	998	___ āpūryate 'śrūṇāṃ svidyataḥ caraṇau bhṛśam	vaktram āpūryate 'śrūṇāṃ svidyataḥ caraṇau bhṛśam	vaktre|vaktrāt|vaktrāḥ	3	mcq
2437	484836	7696	7	2	86111	duhitṛ	NOUN	Nom.Sing		duhitrī	duhitrī	997	himavat ___ bhūtvā patnī śambhoḥ abhūt punaḥ	himavat duhitrī bhūtvā patnī śambhoḥ abhūt punaḥ	duhitryāḥ|duhitrīm|duhitaraḥ	3	mcq
11826	465877	11800	10	2	86111	duhitṛ	NOUN	Acc.Sing		duhitaram	duhitaram	997	gaṇikā ___ prakurvataḥ catuṣpañcāśat paṇaḥ daṇḍaḥ śulkaṃ mātur bhogaḥ ṣoḍaśaguṇaḥ	gaṇikā duhitaram prakurvataḥ catuṣpañcāśat paṇaḥ daṇḍaḥ śulkaṃ mātur bhogaḥ ṣoḍaśaguṇaḥ	duhitā|duhitrī|duhitryāḥ	3	mcq
14786	647659	11972	9	3	86111	duhitṛ	NOUN	Acc.Sing		duhitaraṃ	duhitaram	997	atha u ___ naptrīm atha u tvaṃ sāmanā bhava	atha u duhitaraṃ naptrīm atha u tvaṃ sāmanā bhava	duhitā|duhitrī|duhitryāḥ	3	mcq
8496	75654	491	8	1	137099	mṛd	NOUN	Nom.Sing		mṛd	mṛd	995	___ mṛttikā praśastā tu mṛtsā mṛtsnā ca mṛttikā	mṛd mṛttikā praśastā tu mṛtsā mṛtsnā ca mṛttikā	mṛdā|mṛdam|mṛdaḥ	3	mcq
28104	42711	1291	8	3	137099	mṛd	NOUN	Gen.Sing		mṛdo	mṛdaḥ	995	yathā piṇḍībhūtāyā ___ maṇika karaka śarāva ādi bhedaḥ	yathā piṇḍībhūtāyā mṛdo maṇika karaka śarāva ādi bhedaḥ	mṛdā|mṛdam|mṛd	3	mcq
35043	555721	8740	7	1	137099	mṛd	NOUN	Loc.Sing		mṛdi	mṛdi	995	___ kumbho jale vīciḥ kanake kaṭakaṃ yathā	mṛdi kumbho jale vīciḥ kanake kaṭakaṃ yathā	mṛdā|mṛdam|mṛd	3	mcq
1427	483826	7669	10	5	27173	matsya	NOUN	Nom.Sing		matsyaḥ	matsyaḥ	992	sa tu vṛddhaḥ punar ___ prāha taṃ dehi me bṛhat	sa tu vṛddhaḥ punar matsyaḥ prāha taṃ dehi me bṛhat	matsyāḥ|matsyān|matsyānām	3	mcq
1433	483832	7669	7	1	27173	matsya	NOUN	Acc.Sing		matsyaṃ	matsyam	992	___ tam adbhutam dṛṣṭvā vismitaḥ prābravīn manuḥ	matsyaṃ tam adbhutam dṛṣṭvā vismitaḥ prābravīn manuḥ	matsyaḥ|matsyāḥ|matsyān	3	mcq
1444	483843	7669	7	4	27173	matsya	NOUN	Nom.Sing		matsyo	matsyaḥ	992	eka śṛṅga dharaḥ ___ haimo niyuta yojanaḥ	eka śṛṅga dharaḥ matsyo haimo niyuta yojanaḥ	matsyāḥ|matsyān|matsyānām	3	mcq
4386	650455	10928	7	4	123966	gir	NOUN	Nom.Plur		gira	giraḥ	991	pari tvā girvaṇo ___ ity uttamayā paridadhāti	pari tvā girvaṇo gira ity uttamayā paridadhāti	girā|gīrbhiḥ|giram	3	mcq
5636	651364	11709	5	5	123966	gir	NOUN	Nom.Plur		giraḥ	giraḥ	991	asuryā ha vā itarā ___	asuryā ha vā itarā giraḥ	girā|gīrbhiḥ|giram	3	mcq
24717	640367	12160	6	1	123966	gir	NOUN	Ins.Plur		gīrbhir	gīrbhiḥ	991	___ ūrdhvān kalpayitvā rohito bhūmim abravīt	gīrbhir ūrdhvān kalpayitvā rohito bhūmim abravīt	girā|giraḥ|giram	3	mcq
3348	749276	15200	12	1	119779	svar	NOUN	Acc.Sing		svar	svar	990	___ amum iti yo 'sya priyaḥ syān na tu vakṣyantīm iti brūyāt	svar amum iti yo 'sya priyaḥ syān na tu vakṣyantīm iti brūyāt	suvar|sūraḥ|sūre	3	mcq
14035	646968_1	13289	9	1	119779	svar	NOUN	Acc.Sing		svar	svar	990	___ yat devāḥ vibhajantaḥ āyan trīṇi pātrāṇi prathamāni āsan	svar yat devāḥ vibhajantaḥ āyan trīṇi pātrāṇi prathamāni āsan	suvar|sūraḥ|sūre	3	mcq
14679	647553	11424	8	3	119779	svar	NOUN	Acc.Sing		svar	svar	990	yena idam ___ ābharan sa no muñcatv aṃhasaḥ	yena idam svar ābharan sa no muñcatv aṃhasaḥ	suvar|sūraḥ|sūre	3	mcq
63687	90931	840	7	3	163102	prasad	VERB	Pres.Imp.3.Sing.NonPass		prasīdatāṃ	prasīdatām	989	sa naḥ ___ bhāmo bhagavān uru anugrahaḥ	sa naḥ prasīdatāṃ bhāmo bhagavān uru anugrahaḥ	prasīda|prasīdati|prasīdanti	3	mcq
64561	91807	957	8	1	163102	prasad	VERB	Past.Ind.3.Plur.NonPass		praseduś	praseduḥ	989	___ ca diśaḥ sarvā ambhāṃsi ca manāṃsi ca	praseduś ca diśaḥ sarvā ambhāṃsi ca manāṃsi ca	prasīda|prasīdati|prasīdatu	3	mcq
65667	92959	8975	11	3	163102	prasad	VERB	Pres.Imp.2.Sing.NonPass		prasīda	prasīda	989	tan me ___ idam amartya vāñchitaṃ kartuṃ bhavān kāruṇiko bata arhati	tan me prasīda idam amartya vāñchitaṃ kartuṃ bhavān kāruṇiko bata arhati	prasīdati|prasīdatu|prasīdanti	3	mcq
27485	642828	11032	11	4	43702	nagara	NOUN	Nom.Sing		nagaraṃ	nagaram	986	sarvaṃ ca tan ___ buddha nimnam dharma pravaṇam saṃgha prāgbhāram saṃvṛttam	sarvaṃ ca tan nagaraṃ buddha nimnam dharma pravaṇam saṃgha prāgbhāram saṃvṛttam	nagare|nagarāt|nagarasya	3	mcq
27631	642974	11042	9	4	43702	nagara	NOUN	Acc.Plur		nagarāṇi	nagarāṇi	986	sa ṣaṣ mahā ___ a paṭukāni udghoṣayamāṇaḥ śrāvastīm anuprāptaḥ	sa ṣaṣ mahā nagarāṇi a paṭukāni udghoṣayamāṇaḥ śrāvastīm anuprāptaḥ	nagaram|nagare|nagarāt	3	mcq
33749	554308	8345	6	4	43702	nagara	NOUN	Loc.Sing		nagare	nagare	986	a mahat navam ___ an udīcām	a mahat navam nagare an udīcām	nagaram|nagarāt|nagarasya	3	mcq
60744	87897	5335	7	1	162415	praṇam	VERB	Past.Ind.3.Plur.NonPass		praṇemuḥ	praṇemuḥ	985	___ pāṇḍavā bhīṣmaṃ sa anugāḥ saha cakriṇā	praṇemuḥ pāṇḍavā bhīṣmaṃ sa anugāḥ saha cakriṇā	praṇamāmi|praṇamet|praṇamanti	3	mcq
65973	93265	8979	7	1	162415	praṇam	VERB	Past.Ind.3.Plur.NonPass		praṇemuḥ	praṇemuḥ	985	___ sahasā utthāya brahma indra tryakṣa nāyakāḥ	praṇemuḥ sahasā utthāya brahma indra tryakṣa nāyakāḥ	praṇamāmi|praṇamet|praṇamanti	3	mcq
76214	575455	9767	6	1	162415	praṇam	VERB	Past.Ind.3.Sing.NonPass		praṇanāma	praṇanāma	985	___ tataḥ karṇo baddha abhinava śekharaḥ	praṇanāma tataḥ karṇo baddha abhinava śekharaḥ	praṇemuḥ|praṇamāmi|praṇamet	3	mcq
38227	29425	3875	6	5	127801	śoṇita	NOUN	Acc.Sing		śoṇitaṃ	śoṇitam	984	dhyāmaṃ śopha rujāvantam sravantaṃ ___ muhuḥ	dhyāmaṃ śopha rujāvantam sravantaṃ śoṇitaṃ muhuḥ	śoṇitena|śoṇite|śoṇitaiḥ	3	mcq
39012	30210	1180	7	7	127801	śoṇita	NOUN	Acc.Sing		śoṇitam	śoṇitam	984	gūḍhāḥ sama sthitāḥ snigdhā rohiṇyaḥ śuddha ___	gūḍhāḥ sama sthitāḥ snigdhā rohiṇyaḥ śuddha śoṇitam	śoṇitena|śoṇite|śoṇitaiḥ	3	mcq
40744	31945	4123	8	1	127801	śoṇita	NOUN	Nom.Sing		śoṇitaṃ	śoṇitam	984	___ kurute tasyā vāta pitta uttha gulma jān	śoṇitaṃ kurute tasyā vāta pitta uttha gulma jān	śoṇitena|śoṇite|śoṇitaiḥ	3	mcq
6060	651785	11799	12	4	157561	hvā	VERB	Pres.Ind.1.Sing.NonPass		huva	huve	981	imaṃ nu māyinaṃ ___ iti paryāso havavāṃś caturthe 'hani caturthasya ahnaḥ rūpam	imaṃ nu māyinaṃ huva iti paryāso havavāṃś caturthe 'hani caturthasya ahnaḥ rūpam	havāmahe|havante|huvema	3	mcq
13273	646264	11169	9	1	157561	hvā	VERB	Pres.Ind.1.Sing.NonPass		huve	huve	981	___ devīm aditiṃ śūra putrām sajātānāṃ madhyameṣṭhāḥ syām aham	huve devīm aditiṃ śūra putrām sajātānāṃ madhyameṣṭhāḥ syām aham	havāmahe|havante|huvema	3	mcq
13274	646265	11169	9	1	157561	hvā	VERB	Pres.Ind.1.Sing.NonPass		huve	huve	981	___ somaṃ savitāraṃ namobhir viśvān devāṁ aham uttara tve	huve somaṃ savitāraṃ namobhir viśvān devāṁ aham uttara tve	havāmahe|havante|huvema	3	mcq
8329	75487	488	6	1	47808	vikāra	NOUN	Nom.Sing		vikāro	vikāraḥ	980	___ mānaso bhāvo 'nubhāvo bhāva bodhakaḥ	vikāro mānaso bhāvo 'nubhāvo bhāva bodhakaḥ	vikārāḥ|vikārān|vikāram	3	mcq
26443	708900	17589	6	2	47808	vikāra	NOUN	Nom.Sing		vikāraḥ	vikāraḥ	980	ulkā ___ boddhavyo dhiṣṇya ity abhisaṃjñitaḥ	ulkā vikāraḥ boddhavyo dhiṣṇya ity abhisaṃjñitaḥ	vikārāḥ|vikārān|vikāram	3	mcq
26446	708903	17589	8	2	47808	vikāra	NOUN	Nom.Sing		vikāraḥ	vikāraḥ	980	ulkā ___ so 'py uktas tārakā nāma nāmataḥ	ulkā vikāraḥ so 'py uktas tārakā nāma nāmataḥ	vikārāḥ|vikārān|vikāram	3	mcq
30627	645531	10875	6	1	7813	adharma	NOUN	Acc.Sing		adharmam	adharmam	980	___ api na samanupaśyati carati prajñāpāramitāyām	adharmam api na samanupaśyati carati prajñāpāramitāyām	adharmaḥ|adharmeṇa|adharmāt	3	mcq
34993	555671	8734	8	2	7813	adharma	NOUN	Nom.Dual		adharmau	adharmau	980	dharma ___ sukhaṃ duḥkhaṃ mānasāni na te vibho	dharma adharmau sukhaṃ duḥkhaṃ mānasāni na te vibho	adharmaḥ|adharmeṇa|adharmam	3	mcq
40221	31422	4062	8	2	7813	adharma	NOUN	Acc.Sing		adharmam	adharmam	980	dharma ___ sukhaṃ duḥkham artha anartham hita ahitam	dharma adharmam sukhaṃ duḥkham artha anartham hita ahitam	adharmaḥ|adharmeṇa|adharmāt	3	mcq
2495	484939	7280	6	1	50449	bhuja	NOUN	Ins.Dual		bhujābhyām	bhujābhyām	979	___ atra kuñjābhyāṃ prakoṣṭhābhyāṃ śubha vrataiḥ	bhujābhyām atra kuñjābhyāṃ prakoṣṭhābhyāṃ śubha vrataiḥ	bhujaḥ|bhujam|bhujau	3	mcq
50345	41548	1193	7	3	50449	bhuja	NOUN	Acc.Sing		bhujam	bhujam	979	cakra ujjvala ___ bhītā nārasiṃham iva asurāḥ	cakra ujjvala bhujam bhītā nārasiṃham iva asurāḥ	bhujaḥ|bhujābhyām|bhujau	3	mcq
62323	89564	8970	9	4	50449	bhuja	NOUN	Acc.Sing		bhujam	bhujam	979	kirīṭinaṃ kuṇḍalinaṃ catur ___ pīta aṃśukam vakṣasi lakṣitaṃ śriyā	kirīṭinaṃ kuṇḍalinaṃ catur bhujam pīta aṃśukam vakṣasi lakṣitaṃ śriyā	bhujaḥ|bhujābhyām|bhujau	3	mcq
9157	76315	491	6	1	130231	gātra	NOUN	Nom.Sing		gātraṃ	gātram	977	___ vapuḥ saṃhananaṃ śarīraṃ varṣma vigrahaḥ	gātraṃ vapuḥ saṃhananaṃ śarīraṃ varṣma vigrahaḥ	gātrāṇi|gātreṣu|gātraiḥ	3	mcq
11666	465717	11763	10	5	130231	gātra	NOUN	Acc.Sing		gātram	gātram	977	śoṇita anusiktam bhagna bhinna ___ kāṣṭhair aśmabhir vā hataṃ vidyāt	śoṇita anusiktam bhagna bhinna gātram kāṣṭhair aśmabhir vā hataṃ vidyāt	gātrāṇi|gātraḥ|gātreṣu	3	mcq
11667	465718	11763	5	3	130231	gātra	NOUN	Acc.Sing		gātram	gātram	977	saṃbhagna sphuṭita ___ avakṣiptaṃ vidyāt	saṃbhagna sphuṭita gātram avakṣiptaṃ vidyāt	gātrāṇi|gātraḥ|gātreṣu	3	mcq
9192	76350	491	8	1	1051	kaṇṭha	NOUN	Nom.Sing		kaṇṭho	kaṇṭhaḥ	976	___ galo 'tha grīvāyāṃ śirodhiḥ kaṃdharā iti api	kaṇṭho galo 'tha grīvāyāṃ śirodhiḥ kaṃdharā iti api	kaṇṭhe|kaṇṭham|kaṇṭhāt	3	mcq
37167	28177	1232	6	1	1051	kaṇṭha	NOUN	Loc.Sing		kaṇṭhe	kaṇṭhe	976	___ guṇānāṃ hārāṇāṃ maṇīnām urasā dhṛtiḥ	kaṇṭhe guṇānāṃ hārāṇāṃ maṇīnām urasā dhṛtiḥ	kaṇṭham|kaṇṭhaḥ|kaṇṭhāt	3	mcq
38779	29977	3934	8	2	1051	kaṇṭha	NOUN	Acc.Sing		kaṇṭham	kaṇṭham	976	tālu ___ spṛśed veṇyā mūrdhni dadyāt snuhī payaḥ	tālu kaṇṭham spṛśed veṇyā mūrdhni dadyāt snuhī payaḥ	kaṇṭhe|kaṇṭhaḥ|kaṇṭhāt	3	mcq
351	590109	9744	7	1	43546	nakṣatra	NOUN	Nom.Sing		nakṣatraṃ	nakṣatram	975	___ tārakā tārā jyotiṣī bham uḍu grahaḥ	nakṣatraṃ tārakā tārā jyotiṣī bham uḍu grahaḥ	nakṣatrāṇi|nakṣatre|nakṣatrāṇām	3	mcq
8096	75254	488	9	1	43546	nakṣatra	NOUN	Nom.Sing		nakṣatram	nakṣatram	975	___ ṛkṣam bhaṃ tārā tārakā api uḍu vā striyām	nakṣatram ṛkṣam bhaṃ tārā tārakā api uḍu vā striyām	nakṣatrāṇi|nakṣatre|nakṣatrāṇām	3	mcq
22728	638388	11428	8	4	43546	nakṣatra	NOUN	Acc.Sing		nakṣatraṃ	nakṣatram	975	kena idam anyan ___ kena sat kṣatram ucyate	kena idam anyan nakṣatraṃ kena sat kṣatram ucyate	nakṣatrāṇi|nakṣatre|nakṣatrāṇām	3	mcq
3287	749206_1	15190	7	4	30129	samidh	NOUN	Ins.Sing		samidhā	samidhā	973	ekaviṃśatau prāk upottamāyāḥ ___ agnim iti catasraḥ	ekaviṃśatau prāk upottamāyāḥ samidhā agnim iti catasraḥ	samidham|samidhaḥ|samidh	3	mcq
7583	652888	12204	7	1	30129	samidh	NOUN	Nom.Sing		samid	samidh	973	___ asi sam v vīryeṇa svāhā iti	samid asi sam v vīryeṇa svāhā iti	samidham|samidhaḥ|samidhā	3	mcq
7585	652890	12204	7	2	30129	samidh	NOUN	Acc.Sing		samidhaṃ	samidham	973	ādhāya ___ trīṇi padāni prāṅ udaṅṅ abhyutkrāmati	ādhāya samidhaṃ trīṇi padāni prāṅ udaṅṅ abhyutkrāmati	samidhaḥ|samidh|samidhā	3	mcq
11985	466039_1	7272	5	1	3066	kuṣṭha	NOUN	Gen.Sing		kuṣṭhasya	kuṣṭhasya	973	___ priyāla kalka kaṣāyaḥ pratīkāraḥ	kuṣṭhasya priyāla kalka kaṣāyaḥ pratīkāraḥ	kuṣṭham|kuṣṭhāni|kuṣṭhe	3	mcq
39517	30718	3961	7	1	3066	kuṣṭha	NOUN	Nom.Sing		kuṣṭhaṃ	kuṣṭham	973	___ viśīryamāṇa aṅgam rakta netram hata svaram	kuṣṭhaṃ viśīryamāṇa aṅgam rakta netram hata svaram	kuṣṭhāni|kuṣṭhe|kuṣṭhaiḥ	3	mcq
41011	32212	4150	6	1	3066	kuṣṭha	NOUN	Nom.Plur		kuṣṭhāni	kuṣṭhāni	973	___ saptadhā doṣaiḥ pṛthaṅ miśraiḥ samāgataiḥ	kuṣṭhāni saptadhā doṣaiḥ pṛthaṅ miśraiḥ samāgataiḥ	kuṣṭham|kuṣṭhe|kuṣṭhaiḥ	3	mcq
2655	748662_3	14908	4	4	162523	pratipad	VERB	Pres.Ind.3.Sing.NonPass		pratipadyate	pratipadyate	972	tat samena samam ___	tat samena samam pratipadyate	pratyapadyata|pratipede|pratipadyeta	3	mcq
2731	748717_3	14946	6	6	162523	pratipad	VERB	Pres.Ind.3.Sing.NonPass		pratipadyate	pratipadyate	972	tasmāt vāsukreṇa eva etat marutvatīyam ___	tasmāt vāsukreṇa eva etat marutvatīyam pratipadyate	pratyapadyata|pratipede|pratipadyeta	3	mcq
2851	748781	14957	12	4	162523	pratipad	VERB	Pres.Ind.3.Sing.NonPass		pratipadyate	pratipadyate	972	sa yat hiṃkṛtya ___ vācam eva tad vyāvartayati daivīṃ ca mānuṣīṃ ca	sa yat hiṃkṛtya pratipadyate vācam eva tad vyāvartayati daivīṃ ca mānuṣīṃ ca	pratyapadyata|pratipede|pratipadyeta	3	mcq
60091	87244	590	7	2	159722	ākhyā	VERB	Pres.Imp.2.Sing.NonPass		ākhyāhi	ākhyāhi	972	atha ___ hareḥ dhīman avatāra kathāḥ śubhāḥ	atha ākhyāhi hareḥ dhīman avatāra kathāḥ śubhāḥ	ākhyāyate|ācakhyau|ācakhyuḥ	3	mcq
61418	88659	8959	7	1	159722	ākhyā	VERB	Pres.Imp.2.Sing.NonPass		ākhyāhi	ākhyāhi	972	___ vṛṣa bhadraṃ vaḥ sādhūnām akṛta āgasām	ākhyāhi vṛṣa bhadraṃ vaḥ sādhūnām akṛta āgasām	ākhyāyate|ācakhyau|ācakhyuḥ	3	mcq
61526	88767	8960	7	1	159722	ākhyā	VERB	Pres.Imp.2.Sing.NonPass		ākhyāhy	ākhyāhi	972	___ ananta ācarita upapannam pārīkṣitaṃ bhāgavata abhirāmam	ākhyāhy ananta ācarita upapannam pārīkṣitaṃ bhāgavata abhirāmam	ākhyāyate|ācakhyau|ācakhyuḥ	3	mcq
13363	646356_1	11191	10	3	159738	ācar	VERB	Pres.Ind.3.Plur.NonPass		ācaranti	ācaranti	970	yāḥ adharāt ___ jihmā mukhā karikratīḥ āhatāḥ apa tāḥ itas	yāḥ adharāt ācaranti jihmā mukhā karikratīḥ āhatāḥ apa tāḥ itas	ācaret|ācara|ācarati	3	mcq
13422	646410	11263	7	3	159738	ācar	VERB	Pres.Ind.3.Plur.NonPass		ācaranti	ācaranti	970	yāḥ purastād ___ yā vā paścāt sadānvāḥ	yāḥ purastād ācaranti yā vā paścāt sadānvāḥ	ācaret|ācara|ācarati	3	mcq
13424	646412	11263	6	3	159738	ācar	VERB	Pres.Ind.3.Plur.NonPass		ācaranty	ācaranti	970	yā adharād ___ uttarād vā sadānvāḥ	yā adharād ācaranty uttarād vā sadānvāḥ	ācaret|ācara|ācarati	3	mcq
13649	646630	13106	12	1	87924	jarā	NOUN	Nom.Sing		jarā	jarā	970	___ tvā bhadrayā neṣad vy anye yantu mṛtyavo yān āhur itarāñ chatam	jarā tvā bhadrayā neṣad vy anye yantu mṛtyavo yān āhur itarāñ chatam	jarām|jarayā|jarāyāḥ	3	mcq
13826	646781_1	13046	6	1	87924	jarā	NOUN	Acc.Sing		jarām	jarām	970	___ mṛtyum pra īpsatu jīvaḥ eṣa	jarām mṛtyum pra īpsatu jīvaḥ eṣa	jarā|jarayā|jarāyāḥ	3	mcq
18126	634028	10483	8	1	87924	jarā	NOUN	Dat.Sing		jarāyai	jarāyai	970	___ tvā pari dadāmi jarāyai ni dhuvāmi tvā	jarāyai tvā pari dadāmi jarāyai ni dhuvāmi tvā	jarām|jarā|jarayā	3	mcq
12192	687007	14332	11	2	111114	homa	NOUN	Loc.Plur		homeṣu	homeṣu	969	saṃsthita ___ mitraḥ pṛthivyā adhyakṣa iti madhyata opya saṃsrāva bhāgaiḥ saṃsthāpayet	saṃsthita homeṣu mitraḥ pṛthivyā adhyakṣa iti madhyata opya saṃsrāva bhāgaiḥ saṃsthāpayet	homaḥ|homam|homān	3	mcq
12321	687148_1	14295	5	2	111114	homa	NOUN	Loc.Plur		homeṣu	homeṣu	969	saṃsthita ___ agne prāśnāhi prathamaḥ	saṃsthita homeṣu agne prāśnāhi prathamaḥ	homaḥ|homam|homān	3	mcq
12405	687231	11957	12	2	111114	homa	NOUN	Loc.Plur		homeṣu	homeṣu	969	saṃsthita ___ agnim īﾱe purohitaṃ viviciṃ ratna dhātamam pra ṇa āyūṃṣi tāriṣat	saṃsthita homeṣu agnim īﾱe purohitaṃ viviciṃ ratna dhātamam pra ṇa āyūṃṣi tāriṣat	homaḥ|homam|homān	3	mcq
9122	76280	491	7	1	116236	vraṇa	NOUN	Nom.Sing		vraṇo	vraṇaḥ	968	___ astryām īrmam aruḥ klībe nāḍīvraṇaḥ pumān	vraṇo astryām īrmam aruḥ klībe nāḍīvraṇaḥ pumān	vraṇam|vraṇān|vraṇe	3	mcq
35690	26694	276	7	5	116236	vraṇa	NOUN	Loc.Sing		vraṇe	vraṇe	968	karṇa nāsā mukha śiraḥ ___ bhaṅge bhagandare	karṇa nāsā mukha śiraḥ vraṇe bhaṅge bhagandare	vraṇam|vraṇaḥ|vraṇān	3	mcq
37794	28991	2932	7	6	116236	vraṇa	NOUN	Loc.Plur		vraṇeṣu	vraṇeṣu	968	arūṃṣikā śiras toda dāha pāka ___ tu	arūṃṣikā śiras toda dāha pāka vraṇeṣu tu	vraṇam|vraṇaḥ|vraṇān	3	mcq
434	590192	9744	7	2	20259	parvan	NOUN	Nom.Sing		parva	parva	967	sa ___ saṃdhiḥ pratipad pañcadaśyoḥ yat antaram	sa parva saṃdhiḥ pratipad pañcadaśyoḥ yat antaram	parvabhiḥ|parvaṇi|parvasu	3	mcq
11557	465610_1	11739	5	1	20259	parvan	NOUN	Loc.Plur		parvasu	parvasu	967	___ ca nadī pūjāḥ kārayet	parvasu ca nadī pūjāḥ kārayet	parvabhiḥ|parvaṇi|parva	3	mcq
11575	465626_1	11739	5	1	20259	parvan	NOUN	Loc.Plur		parvasu	parvasu	967	___ ca mūṣika pūjāḥ kārayet	parvasu ca mūṣika pūjāḥ kārayet	parvabhiḥ|parvaṇi|parva	3	mcq
6949	652619_3	12099	12	3	63112	āhavanīya	NOUN	Gen.Sing		āhavanīyasya	āhavanīyasya	966	atha uttaratas ___ uṣṇam bhasma nirūhya juhuyāt manasā vā prājāpatyayā vā ṛcā	atha uttaratas āhavanīyasya uṣṇam bhasma nirūhya juhuyāt manasā vā prājāpatyayā vā ṛcā	āhavanīyam|āhavanīye|āhavanīyaḥ	3	mcq
7127	652670_1	12119	5	3	63112	āhavanīya	NOUN	Acc.Dual		āhavanīyau	āhavanīyau	966	antareṇa gārhapatya ___ hoṣyan saṃcareta	antareṇa gārhapatya āhavanīyau hoṣyan saṃcareta	āhavanīyam|āhavanīye|āhavanīyaḥ	3	mcq
12177	686992	14332	5	4	63112	āhavanīya	NOUN	Acc.Sing		āhavanīyam	āhavanīyam	966	ārṣeyas tat paśyann ___ abhyuddharet	ārṣeyas tat paśyann āhavanīyam abhyuddharet	āhavanīye|āhavanīyaḥ|āhavanīyasya	3	mcq
21945	637682_1	12235	9	2	158373	tarpay	VERB	Past.Ind.3.Sing.NonPass		atarpayat	atarpayat	965	atha ___ caturaḥ caturdhā devān manuṣyāṁ asurān uta ṛṣīn	atha atarpayat caturaḥ caturdhā devān manuṣyāṁ asurān uta ṛṣīn	tarpayāmi|tarpayet|tarpayati	3	mcq
39301	30502	3957	7	1	158373	tarpay	VERB	Pres.Ind.3.Plur.NonPass		tarpayanti	tarpayanti	965	___ vapuḥ kṛtsnaṃ tā marmāṇi āśritāḥ tataḥ	tarpayanti vapuḥ kṛtsnaṃ tā marmāṇi āśritāḥ tataḥ	tarpayāmi|tarpayet|tarpayati	3	mcq
52653	519612	15284	5	5	158373	tarpay	VERB	Pres.Ind.1.Sing.NonPass		tarpayāmi	tarpayāmi	965	oṃ brahma pārṣadīḥ ca ___	oṃ brahma pārṣadīḥ ca tarpayāmi	tarpayet|tarpayati|tarpayata	3	mcq
2990	748920	15035	9	5	102445	stoma	NOUN	Gen.Plur		stomānāṃ	stomānām	962	atha u ekaviṃśo vai ___ pratiṣṭhā pratiṣṭhā udaram annādyānām	atha u ekaviṃśo vai stomānāṃ pratiṣṭhā pratiṣṭhā udaram annādyānām	stomaḥ|stomam|stomāḥ	3	mcq
3012	748942	15049	9	2	102445	stoma	NOUN	Nom.Sing		stomo	stomaḥ	962	eṣa ___ maha ugrāya vāha iti mahadvatyā rūpa samṛddhayā	eṣa stomo maha ugrāya vāha iti mahadvatyā rūpa samṛddhayā	stomam|stomāḥ|stomena	3	mcq
5573	651301	11691	10	7	102445	stoma	NOUN	Ins.Plur		stomaiḥ	stomaiḥ	962	atha ha enam eṣa etaiḥ sarvaiḥ ___ stauti yo yajate	atha ha enam eṣa etaiḥ sarvaiḥ stomaiḥ stauti yo yajate	stomaḥ|stomam|stomāḥ	3	mcq
35804	26808	279	8	7	163648	visṛj	VERB	Pres.Ind.3.Sing.NonPass		visṛjaty	visṛjati	962	_ _ visargaś ca yad balaṃ ___ ayam	_ _ visargaś ca yad balaṃ visṛjaty ayam	vyasṛjat|visṛjet|visasarja	3	mcq
45458	36660	3610	6	2	163648	visṛj	VERB	Pres.Opt.3.Sing.NonPass		visṛjet	visṛjet	962	gṛhītvā ___ kāṣṭhaṃ tvacaṃ śuṣkāṃ nidhāpayet	gṛhītvā visṛjet kāṣṭhaṃ tvacaṃ śuṣkāṃ nidhāpayet	visṛjate|vyasṛjat|visasarja	3	mcq
64152	91397	909	6	1	163648	visṛj	VERB	Past.Ind.3.Sing.NonPass		visasarja	visasarja	962	___ ātmanaḥ kāyaṃ na abhinandan tamomayam	visasarja ātmanaḥ kāyaṃ na abhinandan tamomayam	visṛjate|vyasṛjat|visṛjet	3	mcq
1241	555616	8248	11	3	160196	udi	VERB	Pres.Ind.3.Sing.NonPass		udeti	udeti	960	yan na ___ na ca vyeti na ucchedi na ca śāśvatam	yan na udeti na ca vyeti na ucchedi na ca śāśvatam	udāyan|udyanti|udiyāt	3	mcq
35073	555751	8740	5	1	160196	udi	VERB	Pres.Ind.3.Plur.NonPass		udyanti	udyanti	960	___ ghnanti khelanti praviśanti svabhāvataḥ	udyanti ghnanti khelanti praviśanti svabhāvataḥ	udeti|udāyan|udiyāt	3	mcq
35119	555797	8764	6	1	160196	udi	VERB	Pres.Ind.3.Sing.NonPass		udeti	udeti	960	___ bhavato viśvaṃ vāridher iva budbudaḥ	udeti bhavato viśvaṃ vāridher iva budbudaḥ	udāyan|udyanti|udiyāt	3	mcq
2588	485032	7300	7	1	157989	yojay	VERB	Pres.Opt.3.Sing.NonPass		yojayet	yojayet	958	___ vidhinā yena tathā tu aṅgadāt śṛṇu	yojayet vidhinā yena tathā tu aṅgadāt śṛṇu	yojayāmāsa|ayojayat|yojaya	3	mcq
10131	464142_1	5775	12	5	42174	saṃyoga	NOUN	Nom.Sing		saṃyogaḥ	saṃyogaḥ	958	nityaḥ ca vidyā vṛddha ___ vinaya vṛddhi artham tad mūla tvāt vinayasya	nityaḥ ca vidyā vṛddha saṃyogaḥ vinaya vṛddhi artham tad mūla tvāt vinayasya	saṃyogāt|saṃyoge|saṃyogam	3	mcq
10313	464339	7319	6	1	157989	yojay	VERB	Pres.Opt.3.Sing.NonPass		yojayeta	yojayeta	958	___ yathāśakti sa apasarpān sva karmasu	yojayeta yathāśakti sa apasarpān sva karmasu	yojayāmāsa|ayojayat|yojaya	3	mcq
28595	43246	5054	11	4	157989	yojay	VERB	Pres.Opt.3.Sing.NonPass		yojayet	yojayet	958	hrasīyasam eva prathamaṃ ___ iti āha prāk eva tu hrasīyasam iti	hrasīyasam eva prathamaṃ yojayet iti āha prāk eva tu hrasīyasam iti	yojayāmāsa|ayojayat|yojaya	3	mcq
31078	551636	8300	5	2	42174	saṃyoga	NOUN	Abl.Sing		saṃyogāt	saṃyogāt	958	a ___ liṭ k it	a saṃyogāt liṭ k it	saṃyogaḥ|saṃyoge|saṃyogam	3	mcq
34008	554567	8347	4	4	42174	saṃyoga	NOUN	Gen.Sing		saṃyogasya	saṃyogasya	958	sa anta mahataḥ ___	sa anta mahataḥ saṃyogasya	saṃyogāt|saṃyogaḥ|saṃyoge	3	mcq
524	590282	9744	6	1	72794	yakṣa	NOUN	Nom.Sing		yakṣaḥ	yakṣaḥ	955	___ puṇyajano rājā guhyako vaṭavāsī api	yakṣaḥ puṇyajano rājā guhyako vaṭavāsī api	yakṣāḥ|yakṣāṇām|yakṣaiḥ	3	mcq
1981	484380	7684	6	3	72794	yakṣa	NOUN	Gen.Plur		yakṣāṇām	yakṣāṇām	955	deva gandharva ___ tā uvāca janārdanaḥ	deva gandharva yakṣāṇām tā uvāca janārdanaḥ	yakṣaḥ|yakṣāḥ|yakṣaiḥ	3	mcq
46500	37703	4590	6	1	72794	yakṣa	NOUN	Dat.Sing		yakṣāya	yakṣāya	955	___ yakṣa āyatane saritor vā samāgame	yakṣāya yakṣa āyatane saritor vā samāgame	yakṣaḥ|yakṣāḥ|yakṣāṇām	3	mcq
1139	506358	7430	7	1	121731	svarṇa	NOUN	Loc.Sing		svarṇe	svarṇe	953	___ sahasraṃ gagane vajre ca anantaiḥ sūte	svarṇe sahasraṃ gagane vajre ca anantaiḥ sūte	svarṇam|svarṇasya|svarṇena	3	mcq
2067	484466	7686	7	2	121731	svarṇa	NOUN	Acc.Sing		svarṇam	svarṇam	953	bahu ___ rājasūyaṃ na sehe taṃ suyodhanaḥ	bahu svarṇam rājasūyaṃ na sehe taṃ suyodhanaḥ	svarṇe|svarṇasya|svarṇena	3	mcq
4093	650312_1	10885	8	2	157285	sad	VERB	Pres.Imp.2.Sing.NonPass		sīdasva	sīdasva	953	sam ___ mahāṁ asi iti eva enam samasādayan	sam sīdasva mahāṁ asi iti eva enam samasādayan	sīdati|sīdanti|sīdāmi	3	mcq
4328	650425_1	10916	7	1	157285	sad	VERB	Pres.Imp.2.Sing.NonPass		sīda	sīda	953	___ hotar sve u loke cikitvān iti	sīda hotar sve u loke cikitvān iti	sīdati|sīdanti|sīdāmi	3	mcq
4340	650429_1	10916	6	3	157285	sad	VERB	Past.Ind.3.Sing.NonPass		asadat	asadat	953	tveṣaḥ dīdivān ___ su dakṣaḥ iti	tveṣaḥ dīdivān asadat su dakṣaḥ iti	sīda|sīdati|sīdanti	3	mcq
9225	76383	491	6	1	121731	svarṇa	NOUN	Ins.Plur		svarṇaiḥ	svarṇaiḥ	953	___ prālambikā atha uraḥsūtrikā mauktikaiḥ kṛtā	svarṇaiḥ prālambikā atha uraḥsūtrikā mauktikaiḥ kṛtā	svarṇam|svarṇe|svarṇasya	3	mcq
37963	29161	3005	7	1	73751	yantra	NOUN	Loc.Sing		yantre	yantre	953	___ nāḍī vraṇa abhyaṅga kṣālanāya ṣaṣ aṅgule	yantre nāḍī vraṇa abhyaṅga kṣālanāya ṣaṣ aṅgule	yantram|yantreṇa|yantrāṇi	3	mcq
37967	29165	3005	6	4	73751	yantra	NOUN	Nom.Plur		yantrāṇi	yantrāṇi	953	dhūma vasti ādi ___ nirdiṣṭāni yathāyatham	dhūma vasti ādi yantrāṇi nirdiṣṭāni yathāyatham	yantre|yantram|yantreṇa	3	mcq
37994	29192	3005	8	4	73751	yantra	NOUN	Nom.Plur		yantrāṇi	yantrāṇi	953	svaṃ svam uktāni ___ meḍhra śuddhi añjana ādiṣu	svaṃ svam uktāni yantrāṇi meḍhra śuddhi añjana ādiṣu	yantre|yantram|yantreṇa	3	mcq
77763	577004	9716	5	1	4628	keśava	NOUN	Ins.Sing		keśavena	keśavena	951	___ abhyanujñātaḥ sa yayau hastināpuram	keśavena abhyanujñātaḥ sa yayau hastināpuram	keśavaḥ|keśavaiḥ|keśavam	3	mcq
78619	577860	9716	6	5	4628	keśava	NOUN	Gen.Dual		keśavayoḥ	keśavayoḥ	951	śrutaṃ kathayatoḥ gūḍham karṇa ___ mayā	śrutaṃ kathayatoḥ gūḍham karṇa keśavayoḥ mayā	keśavaḥ|keśavaiḥ|keśavam	3	mcq
79370	578611	9717	5	1	4628	keśava	NOUN	Ins.Sing		keśavena	keśavena	951	___ iti kathite babhāṣe śakranandanaḥ	keśavena iti kathite babhāṣe śakranandanaḥ	keśavaḥ|keśavaiḥ|keśavam	3	mcq
209	589967	9741	6	1	137750	megha	NOUN	Nom.Sing		megho	meghaḥ	950	___ dharaḥ pratiṣṭhaḥ ca mahāsena nareśvaraḥ	megho dharaḥ pratiṣṭhaḥ ca mahāsena nareśvaraḥ	meghāḥ|meghaiḥ|meghān	3	mcq
31633	552192	8883	7	6	137750	megha	NOUN	Abl.Plur		meghebhyaḥ	meghebhyaḥ	950	śabda vaira kalaha abhra kaṇva ___ karaṇe	śabda vaira kalaha abhra kaṇva meghebhyaḥ karaṇe	meghaḥ|meghāḥ|meghaiḥ	3	mcq
68146	95570	7449	6	1	137750	megha	NOUN	Nom.Plur		meghā	meghāḥ	950	___ mṛdaṅga paṇava muraja ānaka gomukhān	meghā mṛdaṅga paṇava muraja ānaka gomukhān	meghaḥ|meghaiḥ|meghān	3	mcq
4513	650521_1	10955	4	2	76319	vāja	NOUN	Gen.Sing		vājasya	vājasya	949	ūrdhvaḥ ___ sanitā iti	ūrdhvaḥ vājasya sanitā iti	vājam|vājaḥ|vāje	3	mcq
4612	650571_1	10972	4	3	76319	vāja	NOUN	Gen.Plur		vājānām	vājānām	949	eṣa hi ___ patiḥ	eṣa hi vājānām patiḥ	vājam|vājasya|vājaḥ	3	mcq
12383	687209	14304	10	1	76319	vāja	NOUN	Acc.Sing		vājaṃ	vājam	949	___ gomantam ābhara svāhā iti madhyata opya saṃsrāva bhāgaiḥ saṃsthāpayet	vājaṃ gomantam ābhara svāhā iti madhyata opya saṃsrāva bhāgaiḥ saṃsthāpayet	vājasya|vājaḥ|vāje	3	mcq
1642	484041	7675	7	2	144941	pūjā	NOUN	Acc.Sing		pūjām	pūjām	947	vāstu ___ tataḥ kṛtvā sthitā mandākinī taṭe	vāstu pūjām tataḥ kṛtvā sthitā mandākinī taṭe	pūjā|pūjāyām|pūjayā	3	mcq
2442	484841	7698	9	2	144941	pūjā	NOUN	Acc.Sing		pūjām	pūjām	947	sāmānya ___ viṣṇu ādeḥ vakṣye mantrāṃś ca sarva dān	sāmānya pūjām viṣṇu ādeḥ vakṣye mantrāṃś ca sarva dān	pūjā|pūjāyām|pūjayā	3	mcq
9367	76525	491	7	1	144941	pūjā	NOUN	Nom.Sing		pūjā	pūjā	947	___ namasyā apacitiḥ saparyā arcā arhaṇāḥ samāḥ	pūjā namasyā apacitiḥ saparyā arcā arhaṇāḥ samāḥ	pūjām|pūjāyām|pūjayā	3	mcq
173368	434834	4817	9	1	136588	mūṣā	NOUN	Nom.Sing		mūṣā	mūṣā	946	___ mṛd mayā suvarṇa ādi druta tva āpādane adhikaraṇam	mūṣā mṛd mayā suvarṇa ādi druta tva āpādane adhikaraṇam	mūṣāyām|mūṣām|mūṣāyāḥ	3	mcq
925	506144	7429	8	1	112959	sāra	NOUN	Nom.Sing		sāras	sāraḥ	945	___ tu khadira ādīnām nimba ādīnām tvacaṃ tathā	sāras tu khadira ādīnām nimba ādīnām tvacaṃ tathā	sāram|sāreṇa|sārāḥ	3	mcq
1378	483777	7592	9	1	112959	sāra	NOUN	Abl.Sing		sārāt	sārāt	945	___ sāraḥ hi bhagavān viṣṇuḥ sarga ādi kṛt vibhuḥ	sārāt sāraḥ hi bhagavān viṣṇuḥ sarga ādi kṛt vibhuḥ	sāram|sāraḥ|sāreṇa	3	mcq
1386	483785	7592	7	2	112959	sāra	NOUN	Acc.Sing		sāram	sāram	945	brahma ___ hi pṛcchantaṃ munibhiś ca parātparam	brahma sāram hi pṛcchantaṃ munibhiś ca parātparam	sāraḥ|sāreṇa|sārāḥ	3	mcq
1528	483927	7672	6	2	140977	prabhāva	NOUN	Ins.Sing		prabhāvena	prabhāvena	942	kāmadhenu ___ bhojitaḥ sa balaḥ nṛpaḥ	kāmadhenu prabhāvena bhojitaḥ sa balaḥ nṛpaḥ	prabhāvāt|prabhāvaḥ|prabhāvam	3	mcq
11625	465676	11756	8	3	140977	prabhāva	NOUN	Gen.Plur		prabhāvāṇām	prabhāvāṇām	942	upalabdha vidyā ___ puraścaraṇa ādi ādiśeyuḥ abhijñāna artham	upalabdha vidyā prabhāvāṇām puraścaraṇa ādi ādiśeyuḥ abhijñāna artham	prabhāvāt|prabhāvaḥ|prabhāvena	3	mcq
25073	640723	12260	9	1	160264	udyam	VERB	Pres.Imp.2.Plur.NonPass		udyacchadhvam	udyacchadhvam	942	___ apa rakṣo hanātha imām nārīṃ su kṛte dadhāta	udyacchadhvam apa rakṣo hanātha imām nārīṃ su kṛte dadhāta	udyacchati|udyacchate|udayacchat	3	mcq
28092	42699	1282	8	1	140977	prabhāva	NOUN	Nom.Sing		prabhāvaḥ	prabhāvaḥ	942	___ ca yato dravye dravyaṃ śreṣṭham ato matam	prabhāvaḥ ca yato dravye dravyaṃ śreṣṭham ato matam	prabhāvāt|prabhāvena|prabhāvam	3	mcq
55284	669259_1	11750	8	3	160264	udyam	VERB	Pres.Ind.3.Sing.NonPass		udyacchate	udyacchate	942	atha enat ___ indrasya tvā bāhubhyām udyacche iti	atha enat udyacchate indrasya tvā bāhubhyām udyacche iti	udayacchat|udayacchan|udyacche	3	mcq
71909	727030	16386	6	1	160264	udyam	VERB	Pres.Ind.3.Sing.NonPass		udyacchata	udyacchate	942	___ indrasya tvā bāhubhyām udyaccha iti	udyacchata indrasya tvā bāhubhyām udyaccha iti	udayacchat|udayacchan|udyacche	3	mcq
1837	484236	7681	7	3	153605	bandha	NOUN	Abl.Sing		bandhāt	bandhāt	940	indrajit śara ___ ca vimuktau rāma lakṣmaṇau	indrajit śara bandhāt ca vimuktau rāma lakṣmaṇau	bandhaḥ|bandham|bandhena	3	mcq
2582	485026	7300	5	4	153605	bandha	NOUN	Acc.Sing		bandhaṃ	bandham	940	tu yathānyāyaṃ tato ___ samācaret	tu yathānyāyaṃ tato bandhaṃ samācaret	bandhaḥ|bandhena|bandhe	3	mcq
10612	464638	7282	8	3	153605	bandha	NOUN	Abl.Sing		bandhāt	bandhāt	940	sambhūya setu ___ apakrāmataḥ karmakara balīvardāḥ karma kuryuḥ	sambhūya setu bandhāt apakrāmataḥ karmakara balīvardāḥ karma kuryuḥ	bandhaḥ|bandham|bandhena	3	mcq
93	479364	7024	8	2	41006	śrotra	NOUN	Nom.Sing		śrotraṃ	śrotram	939	tathā ___ trayāṇāṃ tu sarvam eva sva bhūmikam	tathā śrotraṃ trayāṇāṃ tu sarvam eva sva bhūmikam	śrotreṇa|śrotre|śrotrāya	3	mcq
3086	749005	15101	8	1	41006	śrotra	NOUN	Nom.Sing		śrotram	śrotram	939	___ udakrāmad a śṛṇvan aśnan pibann āsta eva	śrotram udakrāmad a śṛṇvan aśnan pibann āsta eva	śrotreṇa|śrotre|śrotrāya	3	mcq
3095	749014	15101	4	1	41006	śrotra	NOUN	Nom.Sing		śrotraṃ	śrotram	939	___ prāviśad aśayad eva	śrotraṃ prāviśad aśayad eva	śrotreṇa|śrotre|śrotrāya	3	mcq
1182	555557	8248	11	10	56494	udaya	NOUN	Nom.Sing		udayaḥ	udayaḥ	938	na san na asān na sat asān kutaḥ kasya ___ tadā	na san na asān na sat asān kutaḥ kasya udayaḥ tadā	udaye|udayam|udayāt	3	mcq
2015	484414	7684	6	2	116730	śaṃkara	NOUN	Gen.Dual		śaṃkarayoḥ	śaṃkarayoḥ	938	hari ___ yuddham babhūva atha śarāśari	hari śaṃkarayoḥ yuddham babhūva atha śarāśari	śaṃkaraḥ|śaṃkaram|śaṃkaraiḥ	3	mcq
11336	465363	7296	11	3	56494	udaya	NOUN	Loc.Sing		udaye	udaye	938	a sati ___ bhāṇḍa nirvahaṇena paṇya pratipaṇya ānayanena vā lābhaṃ paśyet	a sati udaye bhāṇḍa nirvahaṇena paṇya pratipaṇya ānayanena vā lābhaṃ paśyet	udayaḥ|udayam|udayāt	3	mcq
34979	555538	8843	8	4	56494	udaya	NOUN	Nom.Sing		udayam	udayam	938	na udātta svarita ___ a gārgya kāśyapa gālavānām	na udātta svarita udayam a gārgya kāśyapa gālavānām	udaye|udayāt|udayāḥ	3	mcq
59820	48133	184	10	1	116730	śaṃkara	NOUN	Voc.Sing		śaṅkara	śaṃkaraiḥ	938	___ satyam idaṃ vrata dāna snāna tapaḥ bhava tāpa vidāri	śaṅkara satyam idaṃ vrata dāna snāna tapaḥ bhava tāpa vidāri	śaṃkaraḥ|śaṃkaram|śaṃkarasya	3	mcq
79258	578499	9717	7	1	116730	śaṃkara	NOUN	Nom.Sing		śaṃkaro	śaṃkaraḥ	938	___ 'haṃ dhaneśaḥ ca vahniḥ suraguruḥ tathā	śaṃkaro 'haṃ dhaneśaḥ ca vahniḥ suraguruḥ tathā	śaṃkaram|śaṃkaraiḥ|śaṃkarasya	3	mcq
2939	748869	15018	5	2	159736	ācakṣ	VERB	Pres.Ind.3.Plur.NonPass		ācakṣate	ācakṣate	937	tā ___ yathāchandasam uṣṇiha iti	tā ācakṣate yathāchandasam uṣṇiha iti	ācakṣva|ācaṣṭa|ācacakṣe	3	mcq
12299	687120_1	14291	6	1	159736	ācakṣ	VERB	Pres.Ind.3.Sing.NonPass		ācakṣate	ācakṣate	937	___ paurṇamāsī amāvāsyā iti ca atipanne	ācakṣate paurṇamāsī amāvāsyā iti ca atipanne	ācakṣva|ācaṣṭa|ācacakṣe	3	mcq
12300	687121_1	14293	5	5	159736	ācakṣ	VERB	Pres.Ind.3.Plur.NonPass		ācakṣate	ācakṣate	937	atha atas abhyuddṛṣṭāni iti ___	atha atas abhyuddṛṣṭāni iti ācakṣate	ācakṣva|ācaṣṭa|ācacakṣe	3	mcq
296	590054	9741	6	4	57409	ācāra	NOUN	Nom.Plur		ācārāḥ	ācārāḥ	935	eka brahma vrata ___ mithaḥ sabrahmacāriṇaḥ	eka brahma vrata ācārāḥ mithaḥ sabrahmacāriṇaḥ	ācāraḥ|ācāram|ācārāt	3	mcq
5846	651573	11736	5	1	38665	ṛta	NOUN	Nom.Sing		ṛtam	ṛtam	935	___ ity eṣa vai satyam	ṛtam ity eṣa vai satyam	ṛtasya|ṛtena|ṛte	3	mcq
9320	76478	491	6	4	57409	ācāra	NOUN	Nom.Plur		ācārāḥ	ācārāḥ	935	eka brahma vrata ___ mithaḥ sabrahmacāriṇaḥ	eka brahma vrata ācārāḥ mithaḥ sabrahmacāriṇaḥ	ācāraḥ|ācāram|ācārāt	3	mcq
14034	646967_1	13289	9	1	38665	ṛta	NOUN	Gen.Sing		ṛtasya	ṛtasya	935	___ māne adhi yā dhruvāṇi ebhiḥ devāḥ amṛtam bhakṣayanti	ṛtasya māne adhi yā dhruvāṇi ebhiḥ devāḥ amṛtam bhakṣayanti	ṛtam|ṛtena|ṛte	3	mcq
18144	634043	10484	10	1	38665	ṛta	NOUN	Ins.Sing		ṛtena	ṛtena	935	___ sthūṇām adhi roha vaṃśa ugraḥ virājann apa vṛṅkṣva śatrūn	ṛtena sthūṇām adhi roha vaṃśa ugraḥ virājann apa vṛṅkṣva śatrūn	ṛtasya|ṛtam|ṛte	3	mcq
35447	556125	8847	7	3	57409	ācāra	NOUN	Acc.Sing		ācāram	ācāram	935	na eva ___ anācāram audāsyaṃ vā prapaśyati	na eva ācāram anācāram audāsyaṃ vā prapaśyati	ācāraḥ|ācārāḥ|ācārāt	3	mcq
8426	75584	488	7	4	103571	sparśa	NOUN	Loc.Sing		sparśe	sparśe	934	agādham a tala ___ kaivarte dāśa dhīvarau	agādham a tala sparśe kaivarte dāśa dhīvarau	sparśaḥ|sparśam|sparśāt	3	mcq
28100	42707	1291	9	1	32078	ambu	NOUN	Nom.Sing		ambu	ambu	934	___ udakaṃ yoniḥ vipariṇāma kāraṇam yasya tat ambu yoni	ambu udakaṃ yoniḥ vipariṇāma kāraṇam yasya tat ambu yoni	ambunā|ambuṣu|ambubhiḥ	3	mcq
33461	554020	8321	4	3	103571	sparśa	NOUN	Loc.Dual		sparśayoḥ	sparśayoḥ	934	drava mūrti ___ śyaḥ	drava mūrti sparśayoḥ śyaḥ	sparśaḥ|sparśam|sparśāt	3	mcq
35728	26732	277	6	2	32078	ambu	NOUN	Ins.Sing		ambunā	ambunā	934	uṣṇa ___ adhaḥkāyasya pariṣeko bala āvahaḥ	uṣṇa ambunā adhaḥkāyasya pariṣeko bala āvahaḥ	ambu|ambuṣu|ambubhiḥ	3	mcq
36200	27205	310	8	4	103571	sparśa	NOUN	Loc.Sing		sparśe	sparśe	934	uṣṇas tvacyo himaḥ ___ keśyo balyas tilo guruḥ	uṣṇas tvacyo himaḥ sparśe keśyo balyas tilo guruḥ	sparśaḥ|sparśam|sparśāt	3	mcq
37574	28594	1264	8	2	32078	ambu	NOUN	Acc.Sing		ambu	ambu	934	uṣṇa ___ svedayed asya pāṇi tāpena ca udaram	uṣṇa ambu svedayed asya pāṇi tāpena ca udaram	ambunā|ambuṣu|ambubhiḥ	3	mcq
7305	652741_2	12141	8	1	59245	āyudha	NOUN	Abl.Plur		āyudhebhyaḥ	āyudhebhyaḥ	933	___ ha sma asya vijamānaḥ parāṅ eva eti	āyudhebhyaḥ ha sma asya vijamānaḥ parāṅ eva eti	āyudham|āyudhaḥ|āyudhāḥ	3	mcq
7309	652741_6	12141	10	8	59245	āyudha	NOUN	Acc.Plur		āyudhāni	āyudhāni	933	saḥ āptaḥ parastāt niruddhaḥ tiṣṭhan jñātvā svāni ___ brahma upāvartata	saḥ āptaḥ parastāt niruddhaḥ tiṣṭhan jñātvā svāni āyudhāni brahma upāvartata	āyudham|āyudhaḥ|āyudhāḥ	3	mcq
9202	76360	491	6	1	67102	locana	NOUN	Nom.Sing		locanaṃ	locanam	933	___ nayanaṃ netram īkṣaṇam cakṣus akṣiṇī	locanaṃ nayanaṃ netram īkṣaṇam cakṣus akṣiṇī	locanām|locanāḥ|locanaiḥ	3	mcq
9584	76742	491	7	1	59245	āyudha	NOUN	Nom.Sing		āyudhaṃ	āyudham	933	___ tu praharaṇaṃ śastram astram atha astriyau	āyudhaṃ tu praharaṇaṃ śastram astram atha astriyau	āyudhāḥ|āyudhāni|āyudhaiḥ	3	mcq
9949	102950	950	9	5	67102	locana	NOUN	Nom.Sing		locanā	locanā	933	iyam asau tarala āyata ___ guru samunnata pīna payodharā	iyam asau tarala āyata locanā guru samunnata pīna payodharā	locanam|locanām|locanāḥ	3	mcq
15839	648659	11304	10	2	68966	vayas	NOUN	Nom.Sing		vayāḥ	vayāḥ	933	nīcā ___ abhavad vṛtra putrā indraḥ asyā ava vadhar jabhāra	nīcā vayāḥ abhavad vṛtra putrā indraḥ asyā ava vadhar jabhāra	vayaḥ|vayasā|vayasi	3	mcq
32966	553525	8948	4	2	68966	vayas	NOUN	Loc.Sing		vayasi	vayasi	933	a ___ ṭhaṃś ca	a vayasi ṭhaṃś ca	vayaḥ|vayasā|vayasaḥ	3	mcq
36461	27467	310	6	4	68966	vayas	NOUN	Gen.Sing		vayasaḥ	vayasaḥ	933	dīpanī pācanī medhyā ___ sthāpanī param	dīpanī pācanī medhyā vayasaḥ sthāpanī param	vayaḥ|vayasā|vayasi	3	mcq
61347	88588	8958	6	6	67102	locana	NOUN	Nom.Sing		locanaḥ	locanaḥ	933	tebhyaḥ parama saṃtuṣṭaḥ prīti ujjṛmbhita ___	tebhyaḥ parama saṃtuṣṭaḥ prīti ujjṛmbhita locanaḥ	locanam|locanām|locanāḥ	3	mcq
931	506150	7429	11	1	166710	drava	NOUN	Loc.Sing		drave	drave	929	___ 'py anukte jalam atra deyaṃ kāle 'py anukte divasasya pūrvam	drave 'py anukte jalam atra deyaṃ kāle 'py anukte divasasya pūrvam	dravaiḥ|dravam|draveṇa	3	mcq
945	506164	7429	8	1	166710	drava	NOUN	Ins.Sing		draveṇa	draveṇa	929	___ yāvad vā dravyam ekībhūya ārdra tām vrajet	draveṇa yāvad vā dravyam ekībhūya ārdra tām vrajet	dravaiḥ|dravam|drave	3	mcq
1107	506326	7430	7	2	166710	drava	NOUN	Ins.Plur		dravaiḥ	dravaiḥ	929	jambīra ___ ca api mardayet sa viśudhyati	jambīra dravaiḥ ca api mardayet sa viśudhyati	dravam|draveṇa|drave	3	mcq
1109	506328	7430	6	1	157821	pātay	VERB	Pres.Opt.3.Sing.NonPass		pātayet	pātayet	929	___ pātanayantre samyak śuddho raso bhavet	pātayet pātanayantre samyak śuddho raso bhavet	apātayat|pātayāmāsa|pātaya	3	mcq
13496	646484	11329	7	4	157821	pātay	VERB	Impf.Ind.3.Plur.NonPass		apātayann	apātayan	929	te sarve apy ___ āheyam arasaṃ viṣam	te sarve apy apātayann āheyam arasaṃ viṣam	pātayet|apātayat|pātayāmāsa	3	mcq
14212	647135	11281	7	3	157821	pātay	VERB	Pres.Imp.2.Sing.NonPass		pātaya	pātaya	929	ni stuvānasya ___ param akṣy uta avaram	ni stuvānasya pātaya param akṣy uta avaram	pātayet|apātayat|pātayāmāsa	3	mcq
7419	652785_2	12168	4	1	120428	vaiśya	NOUN	Acc.Plur		vaiśyān	vaiśyān	927	___ tena bhakṣeṇa jinviṣyasi	vaiśyān tena bhakṣeṇa jinviṣyasi	vaiśyaḥ|vaiśyasya|vaiśyāḥ	3	mcq
51809	518768	9097	9	1	120428	vaiśya	NOUN	Nom.Sing		vaiśyo	vaiśyaḥ	927	___ 'dbhiḥ prāśitābhiḥ syāt strī śūdrau spṛśya ca antataḥ	vaiśyo 'dbhiḥ prāśitābhiḥ syāt strī śūdrau spṛśya ca antataḥ	vaiśyasya|vaiśyāḥ|vaiśyam	3	mcq
52120	519079	14816	5	1	120428	vaiśya	NOUN	Abl.Sing		vaiśyāt	vaiśyāt	927	___ kṣatriyāyām āyogavo brāhmaṇyāṃ vaidehakaḥ	vaiśyāt kṣatriyāyām āyogavo brāhmaṇyāṃ vaidehakaḥ	vaiśyaḥ|vaiśyasya|vaiśyāḥ	3	mcq
55733	669723	12825	6	1	164822	saṃsthā	VERB	Pres.Ind.3.Sing.NonPass		saṃtiṣṭhata	saṃtiṣṭhate	927	___ āmāvāsyaṃ vā paurṇamāsyaṃ vā haviḥ	saṃtiṣṭhata āmāvāsyaṃ vā paurṇamāsyaṃ vā haviḥ	saṃtiṣṭhasva|saṃtiṣṭhante|samatiṣṭhata	3	mcq
56342	670356	13870	4	1	164822	saṃsthā	VERB	Pres.Ind.3.Sing.NonPass		saṃtiṣṭhate	saṃtiṣṭhate	927	___ paśubandhaḥ saṃtiṣṭhate paśubandhaḥ	saṃtiṣṭhate paśubandhaḥ saṃtiṣṭhate paśubandhaḥ	saṃtiṣṭhasva|saṃtiṣṭhante|samatiṣṭhata	3	mcq
58527	672541	16758	4	1	164822	saṃsthā	VERB	Pres.Ind.3.Sing.NonPass		saṃtiṣṭhate	saṃtiṣṭhate	927	___ 'gniṣṭomaḥ saṃtiṣṭhate 'gniṣṭomaḥ	saṃtiṣṭhate 'gniṣṭomaḥ saṃtiṣṭhate 'gniṣṭomaḥ	saṃtiṣṭhasva|saṃtiṣṭhante|samatiṣṭhata	3	mcq
18	479289	7024	7	3	62752	āśraya	NOUN	Nom.Plur		āśrayāḥ	āśrayāḥ	926	tad vijñāna ___ rūpa prasādāḥ cakṣus ādayaḥ	tad vijñāna āśrayāḥ rūpa prasādāḥ cakṣus ādayaḥ	āśrayaḥ|āśrayam|āśrayā	3	mcq
88	479359	7024	7	2	62752	āśraya	NOUN	Nom.Sing		āśrayaḥ	āśrayaḥ	926	caramasya ___ atītaḥ pañcānāṃ sahajaḥ ca taiḥ	caramasya āśrayaḥ atītaḥ pañcānāṃ sahajaḥ ca taiḥ	āśrayam|āśrayāḥ|āśrayāt	3	mcq
106	479377	7034	8	2	62752	āśraya	NOUN	Nom.Sing		āśrayaḥ	āśrayaḥ	926	citta ___ tad vikalpaḥ sthitiḥ saṃkleśa eva ca	citta āśrayaḥ tad vikalpaḥ sthitiḥ saṃkleśa eva ca	āśrayam|āśrayāḥ|āśrayāt	3	mcq
3722	650140_1	10847	10	3	7571	aditi	NOUN	Acc.Sing		aditim	aditim	926	yat uttamām ___ yajati tasmāt asau imām vṛṣṭyā abhyunatti abhijighrati	yat uttamām aditim yajati tasmāt asau imām vṛṣṭyā abhyunatti abhijighrati	aditiḥ|adityāḥ|adityai	3	mcq
3761	650158_5	10849	4	3	7571	aditi	NOUN	Acc.Sing		aditim	aditim	926	tat uttamām ___ yajati	tat uttamām aditim yajati	aditiḥ|adityāḥ|adityai	3	mcq
3762	650158_6	10849	9	3	7571	aditi	NOUN	Acc.Sing		aditim	aditim	926	yat uttamām ___ yajati yajñasya prajñātyai svargasya lokasya anukhyātyai	yat uttamām aditim yajati yajñasya prajñātyai svargasya lokasya anukhyātyai	aditiḥ|adityāḥ|adityai	3	mcq
3496	749424	15234	10	2	96158	tanu	NOUN	Nom.Sing		tanu	tanu	925	tapaḥ ___ indra jyeṣṭham sahasra dhāram ayuta akṣaram amṛtaṃ duhānam	tapaḥ tanu indra jyeṣṭham sahasra dhāram ayuta akṣaram amṛtaṃ duhānam	tanum|tanau|tanvaḥ	3	mcq
4124	650324_2	10891	8	2	96158	tanu	NOUN	Acc.Sing		tanum	tanum	925	sa ___ eva enam tat sa rūpam karoti	sa tanum eva enam tat sa rūpam karoti	tanuḥ|tanau|tanvaḥ	3	mcq
9111	76269	491	8	3	96158	tanu	NOUN	Loc.Sing		tanau	tanau	925	pṛśniḥ alpa ___ śroṇaḥ paṅgau muṇḍaḥ tu muṇḍite	pṛśniḥ alpa tanau śroṇaḥ paṅgau muṇḍaḥ tu muṇḍite	tanum|tanuḥ|tanvaḥ	3	mcq
1506	483905	7672	7	2	68906	vapus	NOUN	Acc.Sing		vapuḥ	vapuḥ	923	nārasiṃha ___ kṛtvā taṃ jaghāna suraiḥ saha	nārasiṃha vapuḥ kṛtvā taṃ jaghāna suraiḥ saha	vapuṣā|vapūḥ|vapuṣi	3	mcq
19183	635017	10646	8	4	68906	vapus	NOUN	Acc.Plur		vapūṃṣy	vapūṃṣi	923	kavi śastāni asmai ___ avocāma rodasī satya vācā	kavi śastāni asmai vapūṃṣy avocāma rodasī satya vācā	vapuḥ|vapuṣā|vapūḥ	3	mcq
35878	26882	279	7	3	68906	vapus	NOUN	Gen.Plur		vapuṣām	vapuṣām	923	ādāna glāna ___ agniḥ sanno 'pi sīdati	ādāna glāna vapuṣām agniḥ sanno 'pi sīdati	vapuḥ|vapuṣā|vapūḥ	3	mcq
39137	30338	1180	8	8	9484	adhipa	NOUN	Ins.Plur		adhipaiḥ	adhipaiḥ	923	brahma rudra indra varuṇa tārkṣya haṃsa gaja ___	brahma rudra indra varuṇa tārkṣya haṃsa gaja adhipaiḥ	adhipaḥ|adhipam|adhipāḥ	3	mcq
77279	576520	9767	8	8	9484	adhipa	NOUN	Acc.Dual		adhipau	adhipau	923	sā vindhya upavana āsīnau jñātvā tau asura ___	sā vindhya upavana āsīnau jñātvā tau asura adhipau	adhipaḥ|adhipaiḥ|adhipam	3	mcq
79429	578670	9717	7	3	9484	adhipa	NOUN	Nom.Sing		adhipaḥ	adhipaḥ	923	tato madra ___ kruddhaḥ śaktiṃ śaktimatāṃ varaḥ	tato madra adhipaḥ kruddhaḥ śaktiṃ śaktimatāṃ varaḥ	adhipaiḥ|adhipam|adhipāḥ	3	mcq
120922	654015	11107	7	4	77920	maheśvara	NOUN	Nom.Sing		maheśvaro	maheśvaraḥ	922	dṛṣṭvā ca yena ___ yakṣaḥ tena upasaṃkrāntaḥ	dṛṣṭvā ca yena maheśvaro yakṣaḥ tena upasaṃkrāntaḥ	maheśvaram|maheśvaraiḥ|maheśvarāt	3	mcq
120950	654043	11107	12	1	77920	maheśvara	NOUN	Nom.Sing		maheśvaro	maheśvaraḥ	922	___ yakṣaḥ kathayati ārya idaṃ gośīrṣa candana vanam rājñaḥ cakravartinaḥ 'rthāya dhāryate	maheśvaro yakṣaḥ kathayati ārya idaṃ gośīrṣa candana vanam rājñaḥ cakravartinaḥ 'rthāya dhāryate	maheśvaram|maheśvaraiḥ|maheśvarāt	3	mcq
128565	541432	8182	7	7	77920	maheśvara	NOUN	Acc.Sing		maheśvaram	maheśvaram	922	sarva bhūta hṛdistham vai sarva bhūta ___	sarva bhūta hṛdistham vai sarva bhūta maheśvaram	maheśvaraḥ|maheśvaraiḥ|maheśvarāt	3	mcq
15489	648332_1	14731	4	2	92634	pavitra	NOUN	Nom.Plur		pavitrā	pavitrā	921	śatam ___ vitatā tiraścā	śatam pavitrā vitatā tiraścā	pavitram|pavitreṇa|pavitre	3	mcq
20679	636456	11477	8	2	92634	pavitra	NOUN	Ins.Sing		pavitreṇa	pavitreṇa	921	pūtaṃ ___ iva ājyam viśve śumbhantu mā enasaḥ	pūtaṃ pavitreṇa iva ājyam viśve śumbhantu mā enasaḥ	pavitram|pavitre|pavitrāṇi	3	mcq
20743	636520	11489	12	2	92634	pavitra	NOUN	Nom.Plur		pavitrā	pavitrā	921	sarvā ___ vitatā adhi asmat tan mā tārīn nirṛtir mā u arātiḥ	sarvā pavitrā vitatā adhi asmat tan mā tārīn nirṛtir mā u arātiḥ	pavitram|pavitreṇa|pavitre	3	mcq
25332	640963_1	12286	8	1	76992	mahādeva	NOUN	Nom.Sing		mahādevaḥ	mahādevaḥ	921	___ enam iṣvāsaḥ ūrdhvāyāḥ diśaḥ antardeśāt anuṣṭhātā anutiṣṭhati	mahādevaḥ enam iṣvāsaḥ ūrdhvāyāḥ diśaḥ antardeśāt anuṣṭhātā anutiṣṭhati	mahādevam|mahādevaiḥ|mahādevasya	3	mcq
64851	92097	966	6	3	76992	mahādeva	NOUN	Nom.Sing		mahādevo	mahādevaḥ	921	tam āviśya ___ bahudhā nirbibheda kham	tam āviśya mahādevo bahudhā nirbibheda kham	mahādevam|mahādevaiḥ|mahādevasya	3	mcq
69855	97370	785	4	3	76992	mahādeva	NOUN	Nom.Sing		mahādevaḥ	mahādevaḥ	921	evaṃ pṛṣṭo ___ bhūtabhāvanaḥ	evaṃ pṛṣṭo mahādevaḥ bhūtabhāvanaḥ	mahādevam|mahādevaiḥ|mahādevasya	3	mcq
14292	647211	11305	8	2	21861	apsaras	NOUN	Nom.Plur		apsarasaḥ	apsarasaḥ	919	yā ___ sadhamādaṃ madanty antarā havirdhānaṃ sūryaṃ ca	yā apsarasaḥ sadhamādaṃ madanty antarā havirdhānaṃ sūryaṃ ca	apsarasām|apsarobhiḥ|apsarāḥ	3	mcq
14437	647340_1	11397	12	1	21861	apsaras	NOUN	Abl.Plur		apsarābhyaḥ	apsarābhyaḥ	919	___ gandharvebhyaḥ devebhyaḥ asurebhyaḥ atha u sarvasmāt pāpmanaḥ tasmāt naḥ pāhi jaṅgiḍa	apsarābhyaḥ gandharvebhyaḥ devebhyaḥ asurebhyaḥ atha u sarvasmāt pāpmanaḥ tasmāt naḥ pāhi jaṅgiḍa	apsarasaḥ|apsarasām|apsarobhiḥ	3	mcq
15552	648404_1	15421	10	2	21861	apsaras	NOUN	Voc.Plur		apsarasaḥ	apsarasaḥ	919	gandharva ___ sam nahyadhvam mama rāṣṭrāya jayantaḥ amitrebhyaḥ hetim asyantaḥ	gandharva apsarasaḥ sam nahyadhvam mama rāṣṭrāya jayantaḥ amitrebhyaḥ hetim asyantaḥ	apsarasām|apsarobhiḥ|apsarāḥ	3	mcq
1138	506357	7430	10	1	97328	tāra	NOUN	Loc.Sing		tāre	tāre	916	___ guṇa aśīti tad ardha kānte vaṃge raje tad ardham	tāre guṇa aśīti tad ardha kānte vaṃge raje tad ardham	tāram|tārasya|tāreṇa	3	mcq
47225	38428	4810	9	6	97328	tāra	NOUN	Nom.Sing		tāram	tāram	916	cūrṇitaṃ nalada pattra vimiśram bhinna ___ api rakṣati cakṣuḥ	cūrṇitaṃ nalada pattra vimiśram bhinna tāram api rakṣati cakṣuḥ	tāre|tārasya|tāreṇa	3	mcq
88307	331185	4558	8	1	97328	tāra	NOUN	Nom.Sing		tāraṃ	tāram	916	___ śulba ujjhitam snigdhaṃ komalaṃ guru hema sat	tāraṃ śulba ujjhitam snigdhaṃ komalaṃ guru hema sat	tāre|tārasya|tāreṇa	3	mcq
902	506121	7429	8	5	105191	salila	NOUN	Nom.Sing		salilam	salilam	914	kiñca lāja pāyasa nārikela ___ mūtraṃ jalaṃ kāñjikam	kiñca lāja pāyasa nārikela salilam mūtraṃ jalaṃ kāñjikam	salile|salilena|salilasya	3	mcq
2914	748844	14982	7	1	156119	aś	VERB	Pres.Ind.3.Sing.NonPass		aśnute	aśnute	914	___ yad yat kāmayate ya evaṃ veda	aśnute yad yat kāmayate ya evaṃ veda	aśīya|aśyāma|ānaśuḥ	3	mcq
3848	650193_1	10859	7	1	156119	aś	VERB	Pres.Ind.3.Sing.NonPass		aśnute	aśnute	914	___ yat yat kāmayate yaḥ evam veda	aśnute yat yat kāmayate yaḥ evam veda	aśīya|aśyāma|ānaśuḥ	3	mcq
5713	651441	11723	7	1	156119	aś	VERB	Pres.Ind.3.Sing.NonPass		aśnute	aśnute	914	___ yad yat kāmayate ya evaṃ veda	aśnute yad yat kāmayate ya evaṃ veda	aśīya|aśyāma|ānaśuḥ	3	mcq
38080	29278	3872	7	2	105191	salila	NOUN	Acc.Sing		salilaṃ	salilam	914	sīdantīḥ ___ prāpya rakta mattāḥ iti tyajet	sīdantīḥ salilaṃ prāpya rakta mattāḥ iti tyajet	salile|salilena|salilasya	3	mcq
38828	30026	3942	5	2	105191	salila	NOUN	Loc.Sing		salile	salile	914	kvathitāḥ ___ pānaṃ tṛṇadhānyāni bhojanam	kvathitāḥ salile pānaṃ tṛṇadhānyāni bhojanam	salilam|salilena|salilasya	3	mcq
1134	506353	7430	9	1	94045	pārada	NOUN	Nom.Sing		pāradaḥ	pāradaḥ	912	___ sakala roga nāśanaḥ ṣaṣ rasaḥ nikhila roga vāhakaḥ	pāradaḥ sakala roga nāśanaḥ ṣaṣ rasaḥ nikhila roga vāhakaḥ	pāradam|pāradasya|pārade	3	mcq
1136	506355	7430	7	1	94045	pārada	NOUN	Nom.Sing		pāradaḥ	pāradaḥ	912	___ kṛmi kuṣṭha ghnaḥ cakṣuṣyaś ca rasāyanaḥ	pāradaḥ kṛmi kuṣṭha ghnaḥ cakṣuṣyaś ca rasāyanaḥ	pāradam|pāradasya|pārade	3	mcq
1142	506361	7430	7	1	94045	pārada	NOUN	Nom.Sing		pāradaṃ	pāradam	912	___ pala mātram syād anyūnaṃ kurute bhiṣak	pāradaṃ pala mātram syād anyūnaṃ kurute bhiṣak	pāradasya|pārade|pāradena	3	mcq
22628	638299_1	11427	12	4	159907	ālabh	VERB	Past.Ind.3.Plur.NonPass		ālebhire	ālebhire	907	ye tvā kṛtvā ___ vidvalāḥ abhicāriṇaḥ śaṃbhu idam kṛtyā dūṣaṇam prativartma punaḥsaram	ye tvā kṛtvā ālebhire vidvalāḥ abhicāriṇaḥ śaṃbhu idam kṛtyā dūṣaṇam prativartma punaḥsaram	ālabheta|ālabhate|ālabhante	3	mcq
86819	586060	9729	4	1	159907	ālabh	VERB	Impf.Ind.3.Plur.NonPass		ālabhanta	ālabhanta	907	___ yathāśāstram upasaṃrodhya pārṣatīm	ālabhanta yathāśāstram upasaṃrodhya pārṣatīm	ālabheta|ālabhate|ālabhante	3	mcq
93356	568639_1	9101	6	6	159907	ālabh	VERB	Pres.Ind.3.Plur.NonPass		ālabhante	ālabhante	907	tasmāt sarva devatyam prokṣitam prājāpatyam ___	tasmāt sarva devatyam prokṣitam prājāpatyam ālabhante	ālabheta|ālabhate|ālabhyate	3	mcq
1055	506274	7429	6	5	23199	kāsa	NOUN	Acc.Plur		kāsān	kāsān	906	pradara gala balāsa śvāsa ___ nihanti	pradara gala balāsa śvāsa kāsān nihanti	kāsam|kāsaḥ|kāse	3	mcq
35940	26944	308	8	1	23199	kāsa	NOUN	Gen.Sing		kāsasya	kāsasya	906	___ rodhāt tad vṛddhiḥ śvāsa aruci hṛd āmayāḥ	kāsasya rodhāt tad vṛddhiḥ śvāsa aruci hṛd āmayāḥ	kāsam|kāsaḥ|kāse	3	mcq
36376	27382	310	6	4	23199	kāsa	NOUN	Acc.Plur		kāsān	kāsān	906	sahidhma apīnasa śvāsa ___ hanti rasāyanam	sahidhma apīnasa śvāsa kāsān hanti rasāyanam	kāsam|kāsaḥ|kāse	3	mcq
35503	556181	8847	6	3	73217	yatna	NOUN	Abl.Sing		yatnāt	yatnāt	899	nirvikalpo bahis ___ antar viṣaya lālasaḥ	nirvikalpo bahis yatnāt antar viṣaya lālasaḥ	yatnena|yatnam|yatnaḥ	3	mcq
38807	30005	3934	7	1	73217	yatna	NOUN	Ins.Sing		yatnena	yatnena	899	___ upacaret sūtāṃ duḥsādhyo hi tad āmayaḥ	yatnena upacaret sūtāṃ duḥsādhyo hi tad āmayaḥ	yatnāt|yatnam|yatnaḥ	3	mcq
43733	34934	4301	6	3	73217	yatna	NOUN	Ins.Dual		yatnābhyām	yatnābhyām	899	āsādya bala ___ aśmarīṃ guda meḍhrayoḥ	āsādya bala yatnābhyām aśmarīṃ guda meḍhrayoḥ	yatnena|yatnāt|yatnam	3	mcq
28179	42786	1340	12	2	365	auṣadha	NOUN	Nom.Sing		auṣadham	auṣadham	898	dvividham ___ śodhanaṃ śamanaṃ ca śodhanaṃ dvividham ūrdhva gamam adhas gamam ca	dvividham auṣadham śodhanaṃ śamanaṃ ca śodhanaṃ dvividham ūrdhva gamam adhas gamam ca	auṣadhaiḥ|auṣadhasya|auṣadhāni	3	mcq
35960	26964	308	7	3	365	auṣadha	NOUN	Acc.Sing		auṣadham	auṣadham	898	anna pāna ___ tasya yuñjīta atas 'nulomanam	anna pāna auṣadham tasya yuñjīta atas 'nulomanam	auṣadhaiḥ|auṣadhasya|auṣadhāni	3	mcq
36497	27503	310	8	8	365	auṣadha	NOUN	Ins.Plur		auṣadhaiḥ	auṣadhaiḥ	898	śūkaśimbī ja pakva anna māṃsa śāka phala ___	śūkaśimbī ja pakva anna māṃsa śāka phala auṣadhaiḥ	auṣadham|auṣadhasya|auṣadhāni	3	mcq
64068	91313	905	5	1	161308	nipat	VERB	Past.Ind.3.Plur.NonPass		nipetur	nipetuḥ	898	___ grāvāṇaḥ kṣepaṇaiḥ prahitā iva	nipetur grāvāṇaḥ kṣepaṇaiḥ prahitā iva	nipapāta|nipatanti|nyapatat	3	mcq
64402	91648	951	6	1	161308	nipat	VERB	Impf.Ind.3.Plur.NonPass		nyapatan	nyapatan	898	___ yatra romāṇi yajñasya aṅgam vidhunvataḥ	nyapatan yatra romāṇi yajñasya aṅgam vidhunvataḥ	nipapāta|nipetuḥ|nipatanti	3	mcq
66446	93738	8982	6	1	161308	nipat	VERB	Past.Ind.3.Plur.NonPass		nipetuḥ	nipetuḥ	898	___ gaganāt asya kabandhāny agrato 'nagha	nipetuḥ gaganāt asya kabandhāny agrato 'nagha	nipapāta|nipatanti|nyapatat	3	mcq
251	590009	9741	12	1	41364	śvāsa	NOUN	Nom.Sing		śvāso	śvāsaḥ	897	___ abja gandhaḥ rudhira āmiṣam tu go kṣīra dhārā dhavalam hi avisram	śvāso abja gandhaḥ rudhira āmiṣam tu go kṣīra dhārā dhavalam hi avisram	śvāsam|śvāse|śvāsāḥ	3	mcq
11944	465999_1	7269	11	6	42817	dhūma	NOUN	Nom.Sing		dhūmaḥ	dhūmaḥ	897	kṛta kaṇḍaka kṛkalāsa gṛhagolikā andhāhika ___ netra vadham unmādam ca karoti	kṛta kaṇḍaka kṛkalāsa gṛhagolikā andhāhika dhūmaḥ netra vadham unmādam ca karoti	dhūmam|dhūmena|dhūmāḥ	3	mcq
21824	637589	12232	7	1	42817	dhūma	NOUN	Acc.Sing		dhūmam	dhūmam	897	___ agnim parādṛśya amitrāḥ hṛtsv ādadhatāṃ bhayam	dhūmam agnim parādṛśya amitrāḥ hṛtsv ādadhatāṃ bhayam	dhūmaḥ|dhūmena|dhūmāḥ	3	mcq
22605	638274	11423	9	3	42817	dhūma	NOUN	Acc.Sing		dhūmam	dhūmam	897	śaka mayam ___ ārād apaśyaṃ viṣūvatā para enā avareṇa	śaka mayam dhūmam ārād apaśyaṃ viṣūvatā para enā avareṇa	dhūmaḥ|dhūmena|dhūmāḥ	3	mcq
36931	27941	1220	8	4	41364	śvāsa	NOUN	Acc.Sing		śvāsaṃ	śvāsam	897	alpe 'pi ceṣṭite ___ sphic stana udara lambanam	alpe 'pi ceṣṭite śvāsaṃ sphic stana udara lambanam	śvāsaḥ|śvāse|śvāsāḥ	3	mcq
39465	30666	3961	8	4	41364	śvāsa	NOUN	Nom.Sing		śvāsaḥ	śvāsaḥ	897	sa pralāpa bhrama ___ kṣīṇaṃ śūnaṃ hata analam	sa pralāpa bhrama śvāsaḥ kṣīṇaṃ śūnaṃ hata analam	śvāsam|śvāse|śvāsāḥ	3	mcq
13372	646364_2	11194	4	1	105710	sahas	NOUN	Acc.Sing		sahaḥ	sahaḥ	894	___ ojaḥ yajamānāya dhehi	sahaḥ ojaḥ yajamānāya dhehi	sahasā|sahasaḥ|sahase	3	mcq
14443	647344_1	11397	8	3	105710	sahas	NOUN	Ins.Sing		sahasā	sahasā	894	sahasvān naḥ ___ pātu jaṅgiḍaḥ yathā jayema pṛtanājyeṣu	sahasvān naḥ sahasā pātu jaṅgiḍaḥ yathā jayema pṛtanājyeṣu	sahaḥ|sahasaḥ|sahase	3	mcq
14890	647763	15398	7	1	105710	sahas	NOUN	Nom.Sing		sahaḥ	sahaḥ	894	___ sahasvaty asi itas kaṇvāḥ paro 'nudaḥ	sahaḥ sahasvaty asi itas kaṇvāḥ paro 'nudaḥ	sahasā|sahasaḥ|sahase	3	mcq
35753	26757	277	7	2	158707	pīḍay	VERB	Pres.Opt.3.Sing.NonPass		pīḍayed	pīḍayet	893	na ___ indriyāṇi na ca etāni atilālayet	na pīḍayed indriyāṇi na ca etāni atilālayet	pīḍyate|apīḍayat|pīḍayāmāsa	3	mcq
40379	31580	4075	7	3	158707	pīḍay	VERB	Pres.Ind.3.Sing.Pass		pīḍyate	pīḍyate	893	bheka ābhaḥ ___ duḥkhaiḥ śoṇita kṣaya sambhavaiḥ	bheka ābhaḥ pīḍyate duḥkhaiḥ śoṇita kṣaya sambhavaiḥ	pīḍayet|apīḍayat|pīḍayāmāsa	3	mcq
48620	39823	4926	6	1	158707	pīḍay	VERB	Pres.Opt.3.Sing.NonPass		pīḍayet	pīḍayet	893	___ pāṇinā padma palāśa antaritena tat	pīḍayet pāṇinā padma palāśa antaritena tat	pīḍyate|apīḍayat|pīḍayāmāsa	3	mcq
8124	75282	488	7	7	69540	raśmi	NOUN	Nom.Plur		raśmayaḥ	raśmayaḥ	891	kiraṇa usra mayūkha aṃśu gabhasti ghṛṇi ___	kiraṇa usra mayūkha aṃśu gabhasti ghṛṇi raśmayaḥ	raśmibhiḥ|raśmiḥ|raśmīn	3	mcq
13104	687930	14490	10	4	69540	raśmi	NOUN	Nom.Plur		raśmayaḥ	raśmayaḥ	891	ime nu te ___ sūryasya yebhiḥ sapitvaṃ pitaro na āsan	ime nu te raśmayaḥ sūryasya yebhiḥ sapitvaṃ pitaro na āsan	raśmibhiḥ|raśmiḥ|raśmīn	3	mcq
14415	647318_1	11387	4	2	69540	raśmi	NOUN	Acc.Plur		raśmīn	raśmīn	891	udyan ___ ā tanuṣva	udyan raśmīn ā tanuṣva	raśmibhiḥ|raśmayaḥ|raśmiḥ	3	mcq
14763	647637	11436	10	2	9039	saṃgrāma	NOUN	Acc.Plur		saṃgrāmān	saṃgrāmān	890	yaḥ ___ nayati saṃ yudhe vaśī yaḥ puṣṭāni saṃsṛjati dvayāni	yaḥ saṃgrāmān nayati saṃ yudhe vaśī yaḥ puṣṭāni saṃsṛjati dvayāni	saṃgrāme|saṃgrāmam|saṃgrāmaḥ	3	mcq
18284	634174	10496	8	2	158015	rudh	VERB	Pres.Imp.3.Sing.NonPass		rundhāṃ	rundhām	890	ā ___ sarvato vāyus tvaṣṭā poṣaṃ dadhātu me	ā rundhāṃ sarvato vāyus tvaṣṭā poṣaṃ dadhātu me	ruṇaddhi|runddhe|rurodha	3	mcq
18884	634734	10548	10	2	9039	saṃgrāma	NOUN	Acc.Plur		saṃgrāmān	saṃgrāmān	890	yaḥ ___ nayati saṃ yudhe vaśī yaḥ puṣṭāni saṃsṛjati dvayāni	yaḥ saṃgrāmān nayati saṃ yudhe vaśī yaḥ puṣṭāni saṃsṛjati dvayāni	saṃgrāme|saṃgrāmam|saṃgrāmaḥ	3	mcq
24183	639834	11938	7	2	9039	saṃgrāma	NOUN	Nom.Plur		saṃgrāmāḥ	saṃgrāmāḥ	890	ye ___ samitayas teṣu cāru vadema te	ye saṃgrāmāḥ samitayas teṣu cāru vadema te	saṃgrāme|saṃgrāmam|saṃgrāmaḥ	3	mcq
25934	641507	12402	11	4	158015	rudh	VERB	Past.Ind.3.Plur.NonPass	root	arudhan	arudhan	890	apa imam jīvā ___ gṛhebhyas taṃ nir vahata pari grāmād itaḥ	apa imam jīvā arudhan gṛhebhyas taṃ nir vahata pari grāmād itaḥ	ruṇaddhi|runddhe|rurodha	3	mcq
31007	551565	8177	4	3	155461	prayatna	NOUN	Nom.Sing		prayatnam	prayatnam	890	tulya āsya ___ savarṇam	tulya āsya prayatnam savarṇam	prayatnena|prayatnāt|prayatnataḥ	3	mcq
41343	32544	4191	6	1	155461	prayatna	NOUN	Ins.Sing		prayatnena	prayatnena	890	___ api duḥsādhyā bhaveyur vā anupakramāḥ	prayatnena api duḥsādhyā bhaveyur vā anupakramāḥ	prayatnāt|prayatnaḥ|prayatnam	3	mcq
45817	37019	4566	8	1	158015	rudh	VERB	Pres.Ind.3.Sing.NonPass		ruṇaddhi	ruṇaddhi	890	___ hṛdayaṃ śūlaiḥ itas ca itas ca dhāvati	ruṇaddhi hṛdayaṃ śūlaiḥ itas ca itas ca dhāvati	rurodha|rundhyāt|rurudhuḥ	3	mcq
50505	41708	5018	6	3	155461	prayatna	NOUN	Ins.Sing		prayatnena	prayatnena	890	mahatā api ___ vāryatāṃ katham anyathā	mahatā api prayatnena vāryatāṃ katham anyathā	prayatnāt|prayatnaḥ|prayatnam	3	mcq
1174	555549	8248	9	4	119695	svapna	NOUN	Ins.Plur		svapnair	svapnaiḥ	889	yady ajātāḥ saha ___ na syāt tad darśana ādikam	yady ajātāḥ saha svapnair na syāt tad darśana ādikam	svapne|svapnaḥ|svapnam	3	mcq
1213	555588	8248	8	5	119695	svapna	NOUN	Loc.Sing		svapne	svapne	889	utpannaś ca sthito naṣṭaḥ ___ yadvat sutas tathā	utpannaś ca sthito naṣṭaḥ svapne yadvat sutas tathā	svapnaḥ|svapnam|svapnān	3	mcq
3413	749341	15209	12	4	25015	bhuvana	NOUN	Acc.Plur		bhuvanā	bhuvanā	889	imā nu kaṃ ___ sīṣadhāma ā yāhi vanasā saha iti nava samāmnātāḥ	imā nu kaṃ bhuvanā sīṣadhāma ā yāhi vanasā saha iti nava samāmnātāḥ	bhuvanasya|bhuvanam|bhuvaneṣu	3	mcq
14252	647170	11288	7	1	119695	svapna	NOUN	Voc.Sing		svapna	svapna	889	___ svapna abhikaraṇena sarvaṃ ni ṣvāpayā janam	svapna svapna abhikaraṇena sarvaṃ ni ṣvāpayā janam	svapne|svapnaḥ|svapnam	3	mcq
15205	648078	16491	9	2	25015	bhuvana	NOUN	Gen.Sing		bhuvanasya	bhuvanasya	889	pramucyamānaṃ ___ gopaḥ paśuṃ no atra prati bhāgam etu	pramucyamānaṃ bhuvanasya gopaḥ paśuṃ no atra prati bhāgam etu	bhuvanāni|bhuvanam|bhuvaneṣu	3	mcq
17563	633499	10450	9	3	25015	bhuvana	NOUN	Acc.Plur		bhuvanāny	bhuvanāni	889	pari viśvā ___ āyam ṛtasya tantuṃ vitataṃ dṛśe kam	pari viśvā bhuvanāny āyam ṛtasya tantuṃ vitataṃ dṛśe kam	bhuvanasya|bhuvanam|bhuvaneṣu	3	mcq
1076	506295	7429	11	4	62886	āsya	NOUN	Nom.Sing		āsyā	āsyā	888	sā śuddhā śobhana ___ vara mṛga tanu jā rāja yogyā prasiddhā	sā śuddhā śobhana āsyā vara mṛga tanu jā rāja yogyā prasiddhā	āsyam|āsye|āsyena	3	mcq
9194	76352	491	7	2	62886	āsya	NOUN	Nom.Dual		āsye	āsye	888	vaktra ___ vadanaṃ tuṇḍam ānanam lapanaṃ mukham	vaktra āsye vadanaṃ tuṇḍam ānanam lapanaṃ mukham	āsyam|āsyaḥ|āsyena	3	mcq
19148	634982	10574	9	2	62886	āsya	NOUN	Nom.Plur		āsyāni	āsyāni	888	sapta ___ tava jātavedas tebhyo juhomi sa juṣasva havyam	sapta āsyāni tava jātavedas tebhyo juhomi sa juṣasva havyam	āsyam|āsye|āsyaḥ	3	mcq
60540	87693	644	6	2	116840	śaraṇa	NOUN	Acc.Sing		śaraṇam	śaraṇam	888	yadā ___ ātmānam aikṣata śrānta vājinam	yadā śaraṇam ātmānam aikṣata śrānta vājinam	śaraṇe|śaraṇaḥ|śaraṇāḥ	3	mcq
61402	88643	8959	9	4	116840	śaraṇa	NOUN	Loc.Sing		śaraṇe	śaraṇe	888	kaḥ tvam mad ___ loke balāt haṃsi abalān balī	kaḥ tvam mad śaraṇe loke balāt haṃsi abalān balī	śaraṇam|śaraṇaḥ|śaraṇāḥ	3	mcq
63824	91069	853	12	5	116840	śaraṇa	NOUN	Nom.Plur		śaraṇāḥ	śaraṇāḥ	888	ye 'ṅga tvad aṅghri ___ bhavataḥ kathāyāḥ kīrtanya tīrtha yaśasaḥ kuśalā rasajñāḥ	ye 'ṅga tvad aṅghri śaraṇāḥ bhavataḥ kathāyāḥ kīrtanya tīrtha yaśasaḥ kuśalā rasajñāḥ	śaraṇam|śaraṇe|śaraṇaḥ	3	mcq
4596	650558	10968	12	1	154308	barhis	NOUN	Acc.Sing		barhir	barhiḥ	887	___ yajati paśavo vai barhiḥ paśūn eva tat prīṇāti paśūn yajamāne dadhāti	barhir yajati paśavo vai barhiḥ paśūn eva tat prīṇāti paśūn yajamāne dadhāti	barhiṣi|barhiṣaḥ|barhiṣī	3	mcq
12358	687184	14300	8	3	154308	barhis	NOUN	Acc.Sing		barhir	barhiḥ	887	atha anyat ___ upakalpya udakena saṃprokṣya punaḥ stṛṇāti	atha anyat barhir upakalpya udakena saṃprokṣya punaḥ stṛṇāti	barhiṣi|barhiṣaḥ|barhiṣī	3	mcq
12359	687185	14300	10	2	154308	barhis	NOUN	Nom.Sing		barhir	barhiḥ	887	idaṃ ___ amṛtena iha siktaṃ hiraṇmayaṃ haritaṃ tat stṛtaṃ naḥ	idaṃ barhir amṛtena iha siktaṃ hiraṇmayaṃ haritaṃ tat stṛtaṃ naḥ	barhiṣi|barhiṣaḥ|barhiṣī	3	mcq
21165	636926	11657	6	2	157633	adhī	VERB	Pres.Ind.3.Sing.NonPass		adhyeti	adhyeti	886	yeṣām ___ pravasan yeṣu saumanaso bahuḥ	yeṣām adhyeti pravasan yeṣu saumanaso bahuḥ	adhīyīta|adhīyate|adhīhi	3	mcq
32484	553043	8932	4	2	157633	adhī	VERB	Pres.Ind.3.Sing.NonPass		adhīte	adhīte	886	tad ___ tad veda	tad adhīte tad veda	adhīyīta|adhīyate|adhīhi	3	mcq
53430	520389	15308	5	5	157633	adhī	VERB	Pres.Ind.3.Sing.NonPass		adhīte	adhīte	886	ya u ca enat ___	ya u ca enat adhīte	adhīyīta|adhīyate|adhīhi	3	mcq
3894	650215_1	10860	7	3	42443	dhāman	NOUN	Acc.Plur		dhāmāni	dhāmāni	885	yā te ___ haviṣā yajanti iti anvāha	yā te dhāmāni haviṣā yajanti iti anvāha	dhāma|dhāmnā|dhām	3	mcq
5292	651025	11592	6	5	42443	dhāman	NOUN	Ins.Sing		dhāmnā	dhāmnā	885	priyeṇa eva enam tad ___ samardhayati	priyeṇa eva enam tad dhāmnā samardhayati	dhāma|dhām|dhāmāni	3	mcq
5293	651026	11592	6	2	42443	dhāman	NOUN	Ins.Sing		dhāmnā	dhāmnā	885	priyeṇa ___ samṛdhyate ya evaṃ veda	priyeṇa dhāmnā samṛdhyate ya evaṃ veda	dhāma|dhām|dhāmāni	3	mcq
9382	76540	491	6	3	156931	grahaṇa	NOUN	Nom.Sing		grahaṇaṃ	grahaṇam	885	saṃskāra pūrvam ___ syāt upākaraṇam śruteḥ	saṃskāra pūrvam grahaṇaṃ syāt upākaraṇam śruteḥ	grahaṇāt|grahaṇe|grahaṇena	3	mcq
9383	76541	491	7	4	156931	grahaṇa	NOUN	Nom.Sing		grahaṇam	grahaṇam	885	same tu pāda ___ abhivādanam iti ubhe	same tu pāda grahaṇam abhivādanam iti ubhe	grahaṇāt|grahaṇe|grahaṇena	3	mcq
28154	42761	1326	6	2	156931	grahaṇa	NOUN	Nom.Sing		grahaṇam	grahaṇam	885	ulbaṇa ___ sarveṣāṃ sarva dharma tvāt	ulbaṇa grahaṇam sarveṣāṃ sarva dharma tvāt	grahaṇāt|grahaṇe|grahaṇena	3	mcq
2826	748760_1	14955	6	1	162399	prajan	VERB	Pres.Ind.3.Sing.NonPass		prajāyate	prajāyate	882	___ prajayā paśubhiḥ yaḥ evam veda	prajāyate prajayā paśubhiḥ yaḥ evam veda	prajāyante|prajāyeya|prajajñe	3	mcq
2847	748777	14957	6	1	162399	prajan	VERB	Pres.Ind.3.Sing.NonPass		prajāyate	prajāyate	882	___ prajayā paśubhir ya evaṃ veda	prajāyate prajayā paśubhir ya evaṃ veda	prajāyante|prajāyeya|prajajñe	3	mcq
2881	748811	14967	6	1	162399	prajan	VERB	Pres.Ind.3.Sing.NonPass		prajāyate	prajāyate	882	___ prajayā paśubhir ya evaṃ veda	prajāyate prajayā paśubhir ya evaṃ veda	prajāyante|prajāyeya|prajajñe	3	mcq
28660	643442	10745	6	3	151320	prajñāpāramitā	NOUN	Loc.Sing		prajñāpāramitāyāṃ	prajñāpāramitāyām	881	iha eva ___ śikṣitavyaṃ yogam āpattavyam	iha eva prajñāpāramitāyāṃ śikṣitavyaṃ yogam āpattavyam	prajñāpāramitām|prajñāpāramitā|prajñāpāramitāyāḥ	3	mcq
28662	643444	10745	6	3	151320	prajñāpāramitā	NOUN	Loc.Sing		prajñāpāramitāyāṃ	prajñāpāramitāyām	881	iha eva ___ śikṣitavyaṃ yogam āpattavyam	iha eva prajñāpāramitāyāṃ śikṣitavyaṃ yogam āpattavyam	prajñāpāramitām|prajñāpāramitā|prajñāpāramitāyāḥ	3	mcq
28664	643446	10745	12	3	151320	prajñāpāramitā	NOUN	Loc.Sing		prajñāpāramitāyām	prajñāpāramitāyām	881	iha eva ___ upāya kauśalya samanvāgatena sarva bodhisattva dharma samudāgamāya yogaḥ karaṇīyaḥ	iha eva prajñāpāramitāyām upāya kauśalya samanvāgatena sarva bodhisattva dharma samudāgamāya yogaḥ karaṇīyaḥ	prajñāpāramitām|prajñāpāramitā|prajñāpāramitāyāḥ	3	mcq
60589	87742	644	6	1	167768	niveday	VERB	Impf.Ind.3.Sing.NonPass		nyavedayat	nyavedayat	879	___ taṃ priyāyai śocantyā ātmajān hatān	nyavedayat taṃ priyāyai śocantyā ātmajān hatān	nivedayet|nyavedayan|nivedayāmāsa	3	mcq
61573	88814	8960	8	8	167768	niveday	VERB	Impf.Ind.3.Sing.NonPass		nyavedayat	nyavedayat	879	kena vā te 'pakṛtam iti uktaḥ sa ___	kena vā te 'pakṛtam iti uktaḥ sa nyavedayat	nivedayet|nyavedayan|nivedayāmāsa	3	mcq
63728	90972	853	5	1	167768	niveday	VERB	Impf.Ind.3.Plur.NonPass		nyavedayan	nyavedayan	879	___ viśvasṛje dhvānta vyatikaram diśām	nyavedayan viśvasṛje dhvānta vyatikaram diśām	nyavedayat|nivedayet|nivedayāmāsa	3	mcq
7157	652690_1	12126	4	3	101010	danta	NOUN	Nom.Plur		dantāḥ	dantāḥ	878	tasya ha ___ jajñire	tasya ha dantāḥ jajñire	dantān|dantaiḥ|dantaḥ	3	mcq
7161	652691_1	12126	4	3	101010	danta	NOUN	Nom.Plur		dantāḥ	dantāḥ	878	tasya ha ___ pedire	tasya ha dantāḥ pedire	dantān|dantaiḥ|dantaḥ	3	mcq
7165	652692_1	12126	5	3	101010	danta	NOUN	Nom.Plur		dantāḥ	dantāḥ	878	tasya ha ___ punar jajñire	tasya ha dantāḥ punar jajñire	dantān|dantaiḥ|dantaḥ	3	mcq
7475	652799_7	12173	6	3	157338	su	VERB	Pres.Opt.3.Sing.NonPass		sunuyāt	sunuyāt	878	abhi anyāni ___ mādhyaṃdināya anyāni pariśiṃṣyāt	abhi anyāni sunuyāt mādhyaṃdināya anyāni pariśiṃṣyāt	asāvi|suṣuma|sunavāma	3	mcq
16056	648857	17229	6	1	157338	su	VERB	Pres.Imp.2.Plur.NonPass		sunotā	sunota	878	___ soma pāvne somam indrāya vajriṇe	sunotā soma pāvne somam indrāya vajriṇe	asāvi|suṣuma|sunavāma	3	mcq
19947	635750_1	11008	6	1	157338	su	VERB	Pres.Imp.2.Plur.NonPass		sunota	sunota	878	___ soma pāvne somam indrāya vajriṇe	sunota soma pāvne somam indrāya vajriṇe	asāvi|suṣuma|sunavāma	3	mcq
8235	75393	488	9	1	40838	śruti	NOUN	Nom.Sing		śrutiḥ	śrutiḥ	877	___ strī veda āmnāyaḥ trayī dharmaḥ tu tad vidhiḥ	śrutiḥ strī veda āmnāyaḥ trayī dharmaḥ tu tad vidhiḥ	śruteḥ|śrutim|śrutyāḥ	3	mcq
12661	687487	14386	4	3	40838	śruti	NOUN	Nom.Sing		śrutir	śrutiḥ	877	iti ha ___ bhavati	iti ha śrutir bhavati	śruteḥ|śrutim|śrutyāḥ	3	mcq
12691	687517	14390	4	3	40838	śruti	NOUN	Nom.Sing		śrutir	śrutiḥ	877	iti hi ___ bhavati	iti hi śrutir bhavati	śruteḥ|śrutim|śrutyāḥ	3	mcq
103646	528542	7537	7	7	160455	upapad	VERB	Pres.Ind.3.Sing.NonPass		upapadyate	upapadyate	876	tan na kevalam etasyām adhikaṃ ca ___	tan na kevalam etasyām adhikaṃ ca upapadyate	upapatsyate|upapadyante|upapatsyante	3	mcq
111179	64252	5341	8	4	160455	upapad	VERB	Pres.Ind.3.Plur.NonPass		upapadyante	upapadyante	876	yāni ca api ___ teṣāṃ vīryaṃ na sidhyati	yāni ca api upapadyante teṣāṃ vīryaṃ na sidhyati	upapadyate|upapatsyate|upapatsyante	3	mcq
126100	749815	16786	7	3	160455	upapad	VERB	Pres.Opt.3.Sing.NonPass		upapadyeta	upapadyeta	876	yatra vā ___ na tāntaḥ kuryāt iti	yatra vā upapadyeta na tāntaḥ kuryāt iti	upapadyate|upapatsyate|upapadyante	3	mcq
24068	639718	11938	8	3	78957	mānava	NOUN	Gen.Plur		mānavānāṃ	mānavānām	875	asaṃbādhaṃ madhyato ___ yasyā udvataḥ pravataḥ samaṃ bahu	asaṃbādhaṃ madhyato mānavānāṃ yasyā udvataḥ pravataḥ samaṃ bahu	mānavaḥ|mānavāḥ|mānavam	3	mcq
45508	36710	3610	7	7	78957	mānava	NOUN	Loc.Sing		mānave	mānave	875	bāle vṛddhe kṣate kṣīṇe sukumāre ca ___	bāle vṛddhe kṣate kṣīṇe sukumāre ca mānave	mānavaḥ|mānavāḥ|mānavam	3	mcq
57062	671076	16638	10	3	160406	upadhā	VERB	Pres.Ind.3.Sing.NonPass		upadadhāti	upadadhāti	875	te saṃspṛṣṭe ___ rakṣaḥ haṇau valaga hanau upadadhāmi vaiṣṇavī iti	te saṃspṛṣṭe upadadhāti rakṣaḥ haṇau valaga hanau upadadhāmi vaiṣṇavī iti	upadadhyāt|upadadhāmi|upadhīyante	3	mcq
71095	435286	13610	8	3	78957	mānava	NOUN	Ins.Plur		mānavaiḥ	mānavaiḥ	875	sapta ca ___ imāḥ tisraḥ ca rāja bandhavaiḥ	sapta ca mānavaiḥ imāḥ tisraḥ ca rāja bandhavaiḥ	mānavaḥ|mānavāḥ|mānavam	3	mcq
10569	464595	7337	8	5	50269	bhiṣaj	NOUN	Nom.Plur		bhiṣajaḥ	bhiṣajaḥ	873	tasmād asya jāṅgulī vidaḥ ___ ca āsannāḥ syuḥ	tasmād asya jāṅgulī vidaḥ bhiṣajaḥ ca āsannāḥ syuḥ	bhiṣaj|bhiṣajā|bhiṣajām	3	mcq
15924	648744	14607	10	2	50269	bhiṣaj	NOUN	Nom.Sing		bhiṣag	bhiṣaj	873	tvaṃ ___ bheṣajasya api kartā tvayā gām aśvaṃ puruṣaṃ sanema	tvaṃ bhiṣag bheṣajasya api kartā tvayā gām aśvaṃ puruṣaṃ sanema	bhiṣajaḥ|bhiṣajā|bhiṣajām	3	mcq
17651	633584_1	10458	7	4	50269	bhiṣaj	NOUN	Nom.Plur		bhiṣajaḥ	bhiṣajaḥ	873	śatam hi asya ___ sahasram uta vīrudhaḥ	śatam hi asya bhiṣajaḥ sahasram uta vīrudhaḥ	bhiṣaj|bhiṣajā|bhiṣajām	3	mcq
9139	76297	491	8	1	163313	śukra	NOUN	Nom.Sing		śukraṃ	śukram	871	___ tejas retasī ca bīja vīrya indriyāṇi ca	śukraṃ tejas retasī ca bīja vīrya indriyāṇi ca	śukrasya|śukre|śukrāt	3	mcq
35622	26626	276	8	7	163313	śukra	NOUN	Nom.Plur		śukrāṇi	śukrāṇi	871	rasa asṛk māṃsa medaḥ asthi majja ___ dhātavaḥ	rasa asṛk māṃsa medaḥ asthi majja śukrāṇi dhātavaḥ	śukram|śukrasya|śukre	3	mcq
35952	26956	308	7	1	163313	śukra	NOUN	Abl.Sing		śukrāt	śukrāt	871	___ tad sravaṇam guhya vedanā śvayathu jvarāḥ	śukrāt tad sravaṇam guhya vedanā śvayathu jvarāḥ	śukram|śukrasya|śukre	3	mcq
10245	464271	7313	8	2	153639	bandhu	NOUN	Loc.Plur		bandhuṣu	bandhuṣu	869	ye ___ niḥsnehāḥ krūrā alasāḥ ca te rasadāḥ	ye bandhuṣu niḥsnehāḥ krūrā alasāḥ ca te rasadāḥ	bandhuḥ|bandhubhiḥ|bandhum	3	mcq
10436	464462	7327	6	3	153639	bandhu	NOUN	Loc.Plur		bandhuṣu	bandhuṣu	869	tasmān mātṛ ___ vāsaḥ śreyān iti	tasmān mātṛ bandhuṣu vāsaḥ śreyān iti	bandhuḥ|bandhubhiḥ|bandhum	3	mcq
10615	464641	7282	7	3	153639	bandhu	NOUN	Acc.Plur		bandhūn	bandhūn	869	dāsa āhitaka ___ aśṛṇvato rājā vinayaṃ grāhayet	dāsa āhitaka bandhūn aśṛṇvato rājā vinayaṃ grāhayet	bandhuḥ|bandhubhiḥ|bandhuṣu	3	mcq
1618	484017	7675	6	1	137506	muhūrta	NOUN	Abl.Sing		muhūrtāt	muhūrtāt	868	___ cetanām prāpya kaikeyīm idam abravīt	muhūrtāt cetanām prāpya kaikeyīm idam abravīt	muhūrtam|muhūrte|muhūrtena	3	mcq
35696	26700	277	7	2	137506	muhūrta	NOUN	Loc.Sing		muhūrta	muhūrte	868	brāhme ___ uttiṣṭhet svastho rakṣā artham āyuṣaḥ	brāhme muhūrta uttiṣṭhet svastho rakṣā artham āyuṣaḥ	muhūrtam|muhūrtāt|muhūrtena	3	mcq
46228	37430	4578	9	2	137506	muhūrta	NOUN	Acc.Sing		muhūrtaṃ	muhūrtam	868	sthito ___ dhauto 'nu pītas taṃ taṃ jayed gadam	sthito muhūrtaṃ dhauto 'nu pītas taṃ taṃ jayed gadam	muhūrte|muhūrtāt|muhūrtena	3	mcq
4153	650338_1	10891	7	3	158270	av	VERB	Past.Ind.2.Dual.NonPass		āvatam	āvatam	867	yābhiḥ amum ___ yābhiḥ amum āvatam iti	yābhiḥ amum āvatam yābhiḥ amum āvatam iti	avatu|avantu|ava	3	mcq
5656	651384	11715	10	1	158270	av	VERB	Pres.Ind.3.Sing.NonPass		avaty	avati	867	___ enaṃ satyaṃ na enam anṛtaṃ hinasti ya evaṃ veda	avaty enaṃ satyaṃ na enam anṛtaṃ hinasti ya evaṃ veda	avatu|avantu|ava	3	mcq
13684	646661_1	13122	4	4	158270	av	VERB	Pres.Imp.3.Sing.NonPass		avatu	avatu	867	anyā vaḥ anyām ___	anyā vaḥ anyām avatu	avantu|ava|avati	3	mcq
52535	519494	15280	7	3	160546	upaviś	VERB	Pres.Opt.3.Sing.NonPass		upaviśet	upaviśet	866	na tatra ___ yata enam anya utthāpayet	na tatra upaviśet yata enam anya utthāpayet	upaviśati|upāviśat|upaviśanti	3	mcq
53807	436079	7529	6	6	160546	upaviś	VERB	Pres.Ind.3.Sing.NonPass		upaviśati	upaviśati	866	taṃ pradakṣiṇaṃ paryasya udañc āvṛttaḥ ___	taṃ pradakṣiṇaṃ paryasya udañc āvṛttaḥ upaviśati	upaviśet|upāviśat|upaviśanti	3	mcq
56358	670372	16552	6	2	160546	upaviś	VERB	Pres.Ind.3.Dual.NonPass		upaviśato	upaviśataḥ	866	dakṣiṇata ___ brahmā ca yajamānaś ca	dakṣiṇata upaviśato brahmā ca yajamānaś ca	upaviśati|upaviśet|upāviśat	3	mcq
9283	76441	491	8	1	8368	saṃskāra	NOUN	Nom.Sing		saṃskāro	saṃskāraḥ	865	___ gandha mālya ādyaiḥ yaḥ syāt tat adhivāsanam	saṃskāro gandha mālya ādyaiḥ yaḥ syāt tat adhivāsanam	saṃskārāḥ|saṃskāram|saṃskārān	3	mcq
10445	464471	7327	5	3	8368	saṃskāra	NOUN	Acc.Sing		saṃskāram	saṃskāram	865	prajātāyāḥ putra ___ purohitaḥ kuryāt	prajātāyāḥ putra saṃskāram purohitaḥ kuryāt	saṃskāraḥ|saṃskārāḥ|saṃskārān	3	mcq
10718	464745	7285	5	4	8368	saṃskāra	NOUN	Nom.Plur		saṃskārāḥ	saṃskārāḥ	865	etena antapāla durga ___ vyākhyātāḥ	etena antapāla durga saṃskārāḥ vyākhyātāḥ	saṃskāraḥ|saṃskāram|saṃskārān	3	mcq
14593	647474_2	11413	4	2	10629	anīka	NOUN	Ins.Plur		anīkaiḥ	anīkaiḥ	865	abhi ___ paśubhiḥ bhavāsi	abhi anīkaiḥ paśubhiḥ bhavāsi	anīkam|anīkāni|anīkeṣu	3	mcq
14708	647582	11430	8	2	10629	anīka	NOUN	Nom.Sing		anīkaṃ	anīkam	865	tigmam ___ viditaṃ sahasvan mārutaṃ śardhaḥ pṛtanāsu ugram	tigmam anīkaṃ viditaṃ sahasvan mārutaṃ śardhaḥ pṛtanāsu ugram	anīkāni|anīkeṣu|anīke	3	mcq
18926	634776	10553	8	2	10629	anīka	NOUN	Nom.Sing		anīkam	anīkam	865	tigmam ___ viditaṃ sahasvan mārutaṃ śardhaḥ pṛtanāsu ugram	tigmam anīkam viditaṃ sahasvan mārutaṃ śardhaḥ pṛtanāsu ugram	anīkāni|anīkeṣu|anīke	3	mcq
2793	748743_2	14947	7	1	38395	ūrj	NOUN	Nom.Sing		ūrj	ūrj	862	___ vai annādyam udumbaraḥ ūrjaḥ annādyasya avaruddhyai	ūrj vai annādyam udumbaraḥ ūrjaḥ annādyasya avaruddhyai	ūrjam|ūrjā|ūrje	3	mcq
6348	652069	11939	4	1	38395	ūrj	NOUN	Nom.Sing		ūrg	ūrj	862	___ vā annādyam udumbaraḥ	ūrg vā annādyam udumbaraḥ	ūrjam|ūrjā|ūrje	3	mcq
7458	652796_2	12173	8	1	38395	ūrj	NOUN	Abl.Sing		ūrjaḥ	ūrjaḥ	862	___ vai eṣaḥ annādyāt vanaspatiḥ ajāyata yat udumbaraḥ	ūrjaḥ vai eṣaḥ annādyāt vanaspatiḥ ajāyata yat udumbaraḥ	ūrjam|ūrj|ūrjā	3	mcq
14027	646959_1	13171	7	3	157237	tṛ	VERB	Pres.Ind.3.Plur.NonPass		taranti	taranti	862	na tvā ___ oṣadhayaḥ bāhyāḥ parvatīyāḥ uta	na tvā taranti oṣadhayaḥ bāhyāḥ parvatīyāḥ uta	tarati|tarema|tira	3	mcq
15834	648654	11304	12	2	157237	tṛ	VERB	Past.Ind.3.Sing.NonPass	is	atārīt	atārīt	862	na ___ asya samṛtiṃ vadhānāṃ saṃ rujā an ās pipiṣa indra śatruḥ	na atārīt asya samṛtiṃ vadhānāṃ saṃ rujā an ās pipiṣa indra śatruḥ	tarati|taranti|tarema	3	mcq
17883	633803	11165	10	5	157237	tṛ	VERB	Pres.Ind.1.Sing.NonPass		tirāmi	tirāmi	862	śiṣṭān a śiṣṭān ni ___ vācā yathā krimīṇāṃ nakir ucchiṣātai	śiṣṭān a śiṣṭān ni tirāmi vācā yathā krimīṇāṃ nakir ucchiṣātai	tarati|taranti|tarema	3	mcq
2769	748733_3	14946	10	4	157564	atī	VERB	Pres.Ind.3.Plur.NonPass		atiyanti	atiyanti	856	atha yāḥ sapta ___ yā eva eṣā praśaṃsā sā āptyasya	atha yāḥ sapta atiyanti yā eva eṣā praśaṃsā sā āptyasya	atyeti|atīyāt|atyāyan	3	mcq
3032	748962	15061	8	3	157564	atī	VERB	Impf.Ind.3.Plur.NonPass		atyāyan	atyāyan	856	na hy ___ pūrve ye 'tyāyaṃs te parābabhūvuḥ	na hy atyāyan pūrve ye 'tyāyaṃs te parābabhūvuḥ	atyeti|atīyāt|atiyanti	3	mcq
24723	640373	12160	9	4	157564	atī	VERB	Pres.Ind.2.Sing.NonPass		atyeṣi	atyeṣi	856	yo mā abhichāyam ___ māṃ ca agnim ca antarā	yo mā abhichāyam atyeṣi māṃ ca agnim ca antarā	atyeti|atīyāt|atiyanti	3	mcq
67029	94321	8991	7	2	158652	dīkṣ	VERB	Impf.Ind.3.Sing.NonPass		adīkṣata	adīkṣata	855	atha ___ rājā tu hayamedha śatena saḥ	atha adīkṣata rājā tu hayamedha śatena saḥ	dīkṣate|dīkṣeta|dīkṣante	3	mcq
72747	727916	17038	8	3	158652	dīkṣ	VERB	Pres.Opt.3.Sing.NonPass		dīkṣeta	dīkṣeta	855	yaḥ kaścana ___ brāhmaṇa ity eva enam āvedayet	yaḥ kaścana dīkṣeta brāhmaṇa ity eva enam āvedayet	dīkṣate|dīkṣante|dīkṣatām	3	mcq
144567	689558	13313	8	7	158652	dīkṣ	VERB	Fut.Ind.3.Sing.NonPass		dīkṣiṣyati	dīkṣiṣyati	855	ko hi id a vijñāyamānena saha ___ iti	ko hi id a vijñāyamānena saha dīkṣiṣyati iti	dīkṣate|dīkṣeta|dīkṣante	3	mcq
2238	484637	7691	6	1	75287	vasiṣṭha	NOUN	Acc.Sing		vasiṣṭhaṃ	vasiṣṭham	854	___ mānasāḥ sapta brahmāṇa iti niścitāḥ	vasiṣṭhaṃ mānasāḥ sapta brahmāṇa iti niścitāḥ	vasiṣṭhaḥ|vasiṣṭhasya|vasiṣṭhena	3	mcq
60749	87902	5335	5	1	75287	vasiṣṭha	NOUN	Nom.Sing		vasiṣṭha	vasiṣṭhaḥ	854	___ indrapramadaḥ tritaḥ gṛtsamado 'sitaḥ	vasiṣṭha indrapramadaḥ tritaḥ gṛtsamado 'sitaḥ	vasiṣṭham|vasiṣṭhasya|vasiṣṭhena	3	mcq
75631	574872	9767	6	1	75287	vasiṣṭha	NOUN	Ins.Sing		vasiṣṭhena	vasiṣṭhena	854	___ vayaṃ śaptā nipatāmo mahī tale	vasiṣṭhena vayaṃ śaptā nipatāmo mahī tale	vasiṣṭhaḥ|vasiṣṭham|vasiṣṭhasya	3	mcq
10147	464159	5776	9	1	109141	harṣa	NOUN	Abl.Sing		harṣād	harṣāt	853	___ vātāpir agastyam atyāsādayan vṛṣṇi saṃghaḥ ca dvaipāyanam iti	harṣād vātāpir agastyam atyāsādayan vṛṣṇi saṃghaḥ ca dvaipāyanam iti	harṣaḥ|harṣam|harṣeṇa	3	mcq
35394	556072	8847	8	5	109141	harṣa	NOUN	Nom.Sing		harṣo	harṣaḥ	853	asaṃsārasya tu kvāpi na ___ na viṣādi tā	asaṃsārasya tu kvāpi na harṣo na viṣādi tā	harṣam|harṣāt|harṣeṇa	3	mcq
35587	556265	8850	8	2	109141	harṣa	NOUN	Nom.Sing		harṣaḥ	harṣaḥ	853	kva ___ kva viṣādo vā sarvadā niṣkriyasya me	kva harṣaḥ kva viṣādo vā sarvadā niṣkriyasya me	harṣam|harṣāt|harṣeṇa	3	mcq
1438	483837	7669	7	2	146892	divasa	NOUN	Loc.Sing		divase	divase	852	saptame ___ tv abdhiḥ plāvayiṣyati vai jagat	saptame divase tv abdhiḥ plāvayiṣyati vai jagat	divasam|divasān|divasaiḥ	3	mcq
4343	650431_1	10916	5	3	89128	jihvā	NOUN	Nom.Sing		jihvaḥ	jihvaḥ	852	sahasrambharaḥ śuci ___ agniḥ iti	sahasrambharaḥ śuci jihvaḥ agniḥ iti	jihvayā|jihvām|jihvāḥ	3	mcq
10501	464527	7331	11	3	146892	divasa	NOUN	Gen.Sing		divasasya	divasasya	852	tatra pūrve ___ aṣṭa bhāge rakṣā vidhānam āya vyayau ca śṛṇuyāt	tatra pūrve divasasya aṣṭa bhāge rakṣā vidhānam āya vyayau ca śṛṇuyāt	divase|divasam|divasān	3	mcq
11794	465845	11794	12	11	89128	jihvā	NOUN	Acc.Sing		jihvām	jihvām	852	rāja ākrośaka mantra bhedakayoḥ aniṣṭa pravṛttikasya brāhmaṇa mahānasa avalehinaḥ ca ___ utpāṭayet	rāja ākrośaka mantra bhedakayoḥ aniṣṭa pravṛttikasya brāhmaṇa mahānasa avalehinaḥ ca jihvām utpāṭayet	jihvā|jihvayā|jihvāḥ	3	mcq
12945	687771	14438	11	2	89128	jihvā	NOUN	Nom.Plur		jihvāḥ	jihvāḥ	852	agni ___ manavaḥ sūra cakṣasaḥ viśve no devā avasā gamann iha	agni jihvāḥ manavaḥ sūra cakṣasaḥ viśve no devā avasā gamann iha	jihvā|jihvayā|jihvām	3	mcq
27918	643261	11061	7	2	146892	divasa	NOUN	Loc.Sing		divase	divase	852	tad ___ divase vardhate na tu phullati	tad divase divase vardhate na tu phullati	divasam|divasān|divasaiḥ	3	mcq
2294	484693	7692	7	1	4957	kopa	NOUN	Acc.Sing		kopaṃ	kopam	851	___ yacchata dāsyanti kanyāṃ vo māriṣāṃ varām	kopaṃ yacchata dāsyanti kanyāṃ vo māriṣāṃ varām	kopāt|kopaḥ|kopena	3	mcq
2436	484835	7696	9	2	4957	kopa	NOUN	Abl.Sing		kopāt	kopāt	851	dakṣa ___ ca tad bhāryā dehaṃ tatyāja sā satī	dakṣa kopāt ca tad bhāryā dehaṃ tatyāja sā satī	kopam|kopaḥ|kopena	3	mcq
10143	464155	5776	7	1	4957	kopa	NOUN	Abl.Sing		kopāt	kopāt	851	___ janamejayaḥ brāhmaṇeṣu vikrāntaḥ tālajaṅghaḥ ca bhṛguṣu	kopāt janamejayaḥ brāhmaṇeṣu vikrāntaḥ tālajaṅghaḥ ca bhṛguṣu	kopam|kopaḥ|kopena	3	mcq
26432	708889	17589	8	2	9068	saṃgha	NOUN	Ins.Plur		saṃghaiḥ	saṃghaiḥ	851	ulkā ___ parivṛtā kā cid yāti dharā talam	ulkā saṃghaiḥ parivṛtā kā cid yāti dharā talam	saṃghāḥ|saṃgham|saṃghaḥ	3	mcq
26467	708924	17590	6	2	9068	saṃgha	NOUN	Ins.Plur		saṃghaiḥ	saṃghaiḥ	851	ulkā ___ parivṛtā yāḥ patanti nabhastalāt	ulkā saṃghaiḥ parivṛtā yāḥ patanti nabhastalāt	saṃghāḥ|saṃgham|saṃghaḥ	3	mcq
26663	642006	10667	8	4	9068	saṃgha	NOUN	Gen.Sing		saṃghasya	saṃghasya	851	upasaṃkramya purastād bhikṣu ___ prajñapta eva āsane niṣaṇṇaḥ	upasaṃkramya purastād bhikṣu saṃghasya prajñapta eva āsane niṣaṇṇaḥ	saṃghaiḥ|saṃghāḥ|saṃgham	3	mcq
720	590479	9744	7	4	40052	ogha	NOUN	Nom.Sing		oghaḥ	oghaḥ	847	drutaṃ vilambitaṃ madhyam ___ tattvam ghanaṃ kramāt	drutaṃ vilambitaṃ madhyam oghaḥ tattvam ghanaṃ kramāt	oghaiḥ|oghān|oghāḥ	3	mcq
12095	466153	7302	11	6	40052	ogha	NOUN	Nom.Sing		oghaḥ	oghaḥ	847	caṇḍālī kumbhī tumba kaṭuka sāra ___ sa nārī bhagaḥ 'si svāhā	caṇḍālī kumbhī tumba kaṭuka sāra oghaḥ sa nārī bhagaḥ 'si svāhā	oghaiḥ|oghān|oghāḥ	3	mcq
15315	648193_2	14652	5	1	40052	ogha	NOUN	Nom.Sing		oghaḥ	oghaḥ	847	___ kūlam iva ā ruja	oghaḥ kūlam iva ā ruja	oghaiḥ|oghān|oghāḥ	3	mcq
3705	650129_9	10847	7	3	50599	caru	NOUN	Nom.Sing		caruḥ	caruḥ	844	tasmāt ādityaḥ ___ prāyaṇīyaḥ bhavati ādityaḥ udayanīyaḥ	tasmāt ādityaḥ caruḥ prāyaṇīyaḥ bhavati ādityaḥ udayanīyaḥ	carum|caruṇā|caroḥ	3	mcq
11591	465642_1	11739	4	1	50599	caru	NOUN	Acc.Sing		carum	carum	844	___ vaḥ carāmaḥ iti	carum vaḥ carāmaḥ iti	caruḥ|caruṇā|caroḥ	3	mcq
11592	465642_2	11739	9	1	50599	caru	NOUN	Acc.Sing		carum	carum	844	___ vaḥ carāmaḥ iti evam sarva bhayeṣu ahorātram careyuḥ	carum vaḥ carāmaḥ iti evam sarva bhayeṣu ahorātram careyuḥ	caruḥ|caruṇā|caroḥ	3	mcq
986	506205	7429	7	4	135428	kṣāra	NOUN	Acc.Sing		kṣāram	kṣāram	842	sitā madhu guḍa ___ jīrakaṃ lavaṇaṃ tathā	sitā madhu guḍa kṣāram jīrakaṃ lavaṇaṃ tathā	kṣāraḥ|kṣāraiḥ|kṣāreṇa	3	mcq
8014	75172	488	7	1	135428	kṣāra	NOUN	Nom.Sing		kṣāro	kṣāraḥ	842	___ rakṣā ca dāvaḥ tu davo vanahutāśanaḥ	kṣāro rakṣā ca dāvaḥ tu davo vanahutāśanaḥ	kṣāram|kṣāraiḥ|kṣāreṇa	3	mcq
38533	29731	3877	9	4	135428	kṣāra	NOUN	Nom.Sing		kṣāro	kṣāraḥ	842	sthāpyo 'yaṃ madhyamaḥ ___ na tu piṣṭvā kṣipen mṛdau	sthāpyo 'yaṃ madhyamaḥ kṣāro na tu piṣṭvā kṣipen mṛdau	kṣāram|kṣāraiḥ|kṣāreṇa	3	mcq
2801	748746_2	14947	5	1	145820	darbha	NOUN	Nom.Sing		darbhaḥ	darbhaḥ	841	___ vai oṣadhīnām apahata pāpmā	darbhaḥ vai oṣadhīnām apahata pāpmā	darbhān|darbheṣu|darbhaiḥ	3	mcq
12179	686994	14332	5	1	145820	darbha	NOUN	Ins.Sing		darbheṇa	darbheṇa	841	___ hiraṇyaṃ baddhvā paścād dhārayet	darbheṇa hiraṇyaṃ baddhvā paścād dhārayet	darbhān|darbheṣu|darbhaiḥ	3	mcq
12182	686997	14332	5	1	145820	darbha	NOUN	Ins.Sing		darbheṇa	darbheṇa	841	___ rajataṃ baddhvā purastād dhārayet	darbheṇa rajataṃ baddhvā purastād dhārayet	darbhān|darbheṣu|darbhaiḥ	3	mcq
60319	87472	607	7	5	157236	tuṣ	VERB	Impf.Ind.3.Sing.NonPass		atuṣyat	atuṣyat	840	sarvātmakena api yadā na ___ hṛdayam tataḥ	sarvātmakena api yadā na atuṣyat hṛdayam tataḥ	tutoṣa|tuṣyati|tuṣyanti	3	mcq
60353	87506	611	9	5	157236	tuṣ	VERB	Pres.Opt.3.Sing.NonPass		tuṣyeta	tuṣyeta	840	yena eva asau na ___ manye tad darśanam khilam	yena eva asau na tuṣyeta manye tad darśanam khilam	tutoṣa|tuṣyati|tuṣyanti	3	mcq
65092	92338	969	8	3	157236	tuṣ	VERB	Pres.Ind.1.Sing.NonPass		tuṣye	tuṣye	840	na eva ___ 'rcito 'rcāyāṃ bhūta grāma avamāninaḥ	na eva tuṣye 'rcito 'rcāyāṃ bhūta grāma avamāninaḥ	tutoṣa|tuṣyati|tuṣyanti	3	mcq
84928	584169	9728	6	1	13350	kāñcana	NOUN	Loc.Sing		kāñcane	kāñcane	840	___ loṣṭa śakale paryaṅke pāṃsu saṃstare	kāñcane loṣṭa śakale paryaṅke pāṃsu saṃstare	kāñcanam|kāñcanaḥ|kāñcanaiḥ	3	mcq
86479	585720	9729	7	1	13350	kāñcana	NOUN	Nom.Sing		kāñcanaṃ	kāñcanam	840	___ vidyate bhūri yajña artham tat avāpsyasi	kāñcanaṃ vidyate bhūri yajña artham tat avāpsyasi	kāñcane|kāñcanaiḥ|kāñcanasya	3	mcq
88725	331603	4513	6	1	13350	kāñcana	NOUN	Loc.Sing		kāñcane	kāñcane	840	___ galite nāgaṃ ṣoḍaśa aṃśena nikṣipet	kāñcane galite nāgaṃ ṣoḍaśa aṃśena nikṣipet	kāñcanam|kāñcanaḥ|kāñcanaiḥ	3	mcq
468	590226	9744	5	1	142893	vṛṣṭi	NOUN	Ins.Sing		vṛṣṭyā	vṛṣṭyā	839	___ varṣaṇa varṣe tad vighne	vṛṣṭyā varṣaṇa varṣe tad vighne	vṛṣṭim|vṛṣṭiḥ|vṛṣṭibhiḥ	3	mcq
2065	484464	7686	7	2	142893	vṛṣṭi	NOUN	Acc.Sing		vṛṣṭim	vṛṣṭim	839	indra ___ vārayaṃś ca śara varṣeṇa pāṇḍavaḥ	indra vṛṣṭim vārayaṃś ca śara varṣeṇa pāṇḍavaḥ	vṛṣṭiḥ|vṛṣṭibhiḥ|vṛṣṭyā	3	mcq
3846	650192_5	10859	5	3	159612	avarudh	VERB	Past.Ind.3.Plur.NonPass		avārundhata	avārundhata	839	tāni aṣṭābhiḥ ___ aṣṭābhiḥ āśnuvata	tāni aṣṭābhiḥ avārundhata aṣṭābhiḥ āśnuvata	avarunddhe|avārunddha|avarundhate	3	mcq
3847	650192_6	10859	9	3	159612	avarudh	VERB	Past.Ind.3.Plur.NonPass		avārundhata	avārundhata	839	yat aṣṭābhiḥ ___ aṣṭābhiḥ āśnuvata tat aṣṭānām aṣṭa tvam	yat aṣṭābhiḥ avārundhata aṣṭābhiḥ āśnuvata tat aṣṭānām aṣṭa tvam	avarunddhe|avārunddha|avarundhate	3	mcq
21048	636813	11627	8	2	142893	vṛṣṭi	NOUN	Ins.Sing		vṛṣṭyā	vṛṣṭyā	839	abhīpato ___ tarpayantam ā no goṣṭhe rayiṣṭhāṃ sthāpayāti	abhīpato vṛṣṭyā tarpayantam ā no goṣṭhe rayiṣṭhāṃ sthāpayāti	vṛṣṭim|vṛṣṭiḥ|vṛṣṭibhiḥ	3	mcq
24387	640037	12076	10	3	159612	avarudh	VERB	Pres.Ind.3.Sing.NonPass		avarundhe	avarundhe	839	sarvās tā ___ svar gaḥ ṣaṣṭyāṃ śaratsu nidhi pāḥ abhīcchāt	sarvās tā avarundhe svar gaḥ ṣaṣṭyāṃ śaratsu nidhi pāḥ abhīcchāt	avārunddha|avarundhate|avārundhata	3	mcq
16581	649382	17508	7	3	64850	yudh	NOUN	Acc.Sing		yudham	yudham	838	amī ye ___ āyanti ketūn kṛtvā anīkaśas	amī ye yudham āyanti ketūn kṛtvā anīkaśas	yudhi|yudhā|yutsu	3	mcq
20590	636375	11463	7	3	64850	yudh	NOUN	Acc.Sing		yudham	yudham	838	amī ye ___ āyanti ketūn kṛtvā anīkaśas	amī ye yudham āyanti ketūn kṛtvā anīkaśas	yudhi|yudhā|yutsu	3	mcq
60805	87958	5335	7	1	64850	yudh	NOUN	Loc.Sing		yudhi	yudhi	838	___ kaca lulita śrama vāri alaṃkṛta āsye	yudhi kaca lulita śrama vāri alaṃkṛta āsye	yudhā|yutsu|yudham	3	mcq
10261	464287	7313	7	3	146659	dāra	NOUN	Acc.Plur		dārān	dārān	837	gṛhīta putra ___ ca kuryād ubhaya vetanān	gṛhīta putra dārān ca kuryād ubhaya vetanān	dārāḥ|dāraḥ|dāreṣu	3	mcq
10295	464321	7314	10	3	146659	dāra	NOUN	Acc.Plur		dārān	dārān	837	gupta putra ___ ākara karmānteṣu vā vāsayet pareṣām āspada bhayāt	gupta putra dārān ākara karmānteṣu vā vāsayet pareṣām āspada bhayāt	dārāḥ|dāraḥ|dāreṣu	3	mcq
10619	464645	7282	11	2	146659	dāra	NOUN	Acc.Sing		dāram	dāram	837	putra ___ a pratividhāya pravrajataḥ pūrvaḥ sāhasa daṇḍaḥ striyaṃ ca pravrājayataḥ	putra dāram a pratividhāya pravrajataḥ pūrvaḥ sāhasa daṇḍaḥ striyaṃ ca pravrājayataḥ	dārān|dārāḥ|dāraḥ	3	mcq
3903	650220_1	10860	10	10	162912	prapad	VERB	Pres.Ind.3.Sing.NonPass		prapadyate	prapadyate	836	varuṇa devatyaḥ vai eṣa tāvat yāvat upanaddhaḥ yāvat pariśritāni ___	varuṇa devatyaḥ vai eṣa tāvat yāvat upanaddhaḥ yāvat pariśritāni prapadyate	prapadye|prapede|prapedire	3	mcq
4439	650487_1	10938	10	10	162912	prapad	VERB	Pres.Ind.3.Sing.NonPass		prapadyate	prapadyate	836	varuṇa devatyaḥ vai eṣa tāvat yāvat upanaddhaḥ yāvat pariśritāni ___	varuṇa devatyaḥ vai eṣa tāvat yāvat upanaddhaḥ yāvat pariśritāni prapadyate	prapadye|prapede|prapedire	3	mcq
57734	671748	16707	4	1	162912	prapad	VERB	Pres.Ind.3.Sing.NonPass		prapadyate	prapadyate	836	___ 'dhvaryur viparyasya pātram	prapadyate 'dhvaryur viparyasya pātram	prapadye|prapede|prapedire	3	mcq
1383	483782	7592	8	1	121048	vyāsa	NOUN	Acc.Sing		vyāsaṃ	vyāsam	835	___ natvā pṛṣṭavantaḥ so 'smān sāram atha abravīt	vyāsaṃ natvā pṛṣṭavantaḥ so 'smān sāram atha abravīt	vyāsaḥ|vyāsena|vyāsaiḥ	3	mcq
2165	484564	7688	7	1	121048	vyāsa	NOUN	Ins.Sing		vyāsena	vyāsena	835	___ āśvāsitaḥ mene balaṃ me kṛṣṇa saṃnidhau	vyāsena āśvāsitaḥ mene balaṃ me kṛṣṇa saṃnidhau	vyāsaḥ|vyāsam|vyāsaiḥ	3	mcq
9373	76531	491	5	1	121048	vyāsa	NOUN	Nom.Sing		vyāso	vyāsaḥ	835	___ dvaipāyanaḥ pārāśaryaḥ satyavatī sutaḥ	vyāso dvaipāyanaḥ pārāśaryaḥ satyavatī sutaḥ	vyāsam|vyāsena|vyāsaiḥ	3	mcq
9240	76398	491	6	6	32041	ambara	NOUN	Loc.Sing		ambare	ambare	834	anāhataṃ niṣpravāṇi tantrakaṃ ca nava ___	anāhataṃ niṣpravāṇi tantrakaṃ ca nava ambare	ambaram|ambaraḥ|ambarāt	3	mcq
69442	96956	780	9	4	32041	ambara	NOUN	Nom.Sing		ambarā	ambarā	834	yoṣit hiraṇya ābharaṇa ___ ādi dravyeṣu māyā raciteṣu mūḍhaḥ	yoṣit hiraṇya ābharaṇa ambarā ādi dravyeṣu māyā raciteṣu mūḍhaḥ	ambare|ambaram|ambarāt	3	mcq
69987	97502	786	5	2	32041	ambara	NOUN	Acc.Sing		ambaram	ambaram	834	hema ___ ghanaśyāmaṃ śrīvatsa śrīniketanam	hema ambaram ghanaśyāmaṃ śrīvatsa śrīniketanam	ambare|ambaraḥ|ambarāt	3	mcq
35879	26883	279	8	3	157760	duṣ	VERB	Pres.Ind.3.Plur.NonPass		duṣyanti	duṣyanti	829	varṣāsu doṣair ___ te _ _ _ 'mbare	varṣāsu doṣair duṣyanti te _ _ _ 'mbare	duṣyati|duṣyet|duṣyate	3	mcq
51627	518603_1	7479	6	4	157760	duṣ	VERB	Pres.Ind.3.Sing.NonPass		duṣyati	duṣyati	829	itarat itarasmin kurvan ___ itarat itarasmin	itarat itarasmin kurvan duṣyati itarat itarasmin	duṣyanti|duṣyet|duṣyeyuḥ	3	mcq
51856	518815	10974	8	4	157760	duṣ	VERB	Pres.Ind.3.Plur.NonPass		duṣyanti	duṣyanti	829	teṣām api na ___ puṣpāṇi ca phalāni ca	teṣām api na duṣyanti puṣpāṇi ca phalāni ca	duṣyati|duṣyet|duṣyate	3	mcq
1591	483990	7675	8	1	36896	maraṇa	NOUN	Nom.Sing		maraṇaṃ	maraṇam	827	___ tava putrasya mama te na atra saṃśayaḥ	maraṇaṃ tava putrasya mama te na atra saṃśayaḥ	maraṇe|maraṇāt|maraṇāya	3	mcq
1889	484288	7681	8	3	36896	maraṇa	NOUN	Nom.Sing		maraṇam	maraṇam	827	na akāla ___ ca āsīt rāme rājyaṃ praśāsati	na akāla maraṇam ca āsīt rāme rājyaṃ praśāsati	maraṇe|maraṇāt|maraṇāya	3	mcq
2643	748660_1	14908	4	2	140020	pratiṣṭhā	NOUN	Nom.Sing		pratiṣṭhaḥ	pratiṣṭhaḥ	827	dvi ___ vai puruṣaḥ	dvi pratiṣṭhaḥ vai puruṣaḥ	pratiṣṭhām|pratiṣṭhāyai|pratiṣṭhāyām	3	mcq
2645	748660_3	14908	8	5	140020	pratiṣṭhā	NOUN	Acc.Sing		pratiṣṭham	pratiṣṭham	827	yajamānam eva tat dvi ___ catuṣpātsu paśuṣu pratiṣṭhāpayati	yajamānam eva tat dvi pratiṣṭham catuṣpātsu paśuṣu pratiṣṭhāpayati	pratiṣṭhā|pratiṣṭhāyai|pratiṣṭhāyām	3	mcq
4423	650472_3	10938	10	1	140020	pratiṣṭhā	NOUN	Loc.Sing		pratiṣṭhāyām	pratiṣṭhāyām	827	___ eva enau tat pratiṣṭhāpayati ātmanaḥ ca yajamānasya ca ahiṃsāyai	pratiṣṭhāyām eva enau tat pratiṣṭhāpayati ātmanaḥ ca yajamānasya ca ahiṃsāyai	pratiṣṭhā|pratiṣṭhām|pratiṣṭhāyai	3	mcq
10441	464467	7327	5	2	36896	maraṇa	NOUN	Nom.Sing		maraṇam	maraṇam	827	jīvat ___ etad iti kauṭilyaḥ	jīvat maraṇam etad iti kauṭilyaḥ	maraṇe|maraṇāt|maraṇāya	3	mcq
26525	708982	17580	6	3	157155	jval	VERB	Pres.Ind.3.Sing.NonPass		jvalate	jvalate	827	āmaṃ vā ___ māṃsaṃ bhaveyur visphuliṅgakāḥ	āmaṃ vā jvalate māṃsaṃ bhaveyur visphuliṅgakāḥ	jajvāla|jvalanti|jajvaluḥ	3	mcq
61149	88390	8956	8	2	157155	jval	VERB	Pres.Ind.3.Sing.NonPass		jvalati	jvalati	827	na ___ agniḥ ājyena kālo 'yaṃ kiṃ vidhāsyati	na jvalati agniḥ ājyena kālo 'yaṃ kiṃ vidhāsyati	jajvāla|jvalanti|jajvaluḥ	3	mcq
77518	576759	9767	7	2	157155	jval	VERB	Past.Ind.3.Sing.NonPass		jajvāla	jajvāla	827	sadā ___ yasya agniḥ sattre dvādaśa vārṣike	sadā jajvāla yasya agniḥ sattre dvādaśa vārṣike	jvalati|jvalanti|jajvaluḥ	3	mcq
426	590184	9744	6	1	74330	yāma	NOUN	Nom.Sing		yāmaḥ	yāmaḥ	824	___ praharo niśīthaḥ tu ardharātraḥ mahāniśā	yāmaḥ praharo niśīthaḥ tu ardharātraḥ mahāniśā	yāmam|yāme|yāmāt	3	mcq
1169	555544	8248	6	1	140053	pratyaya	NOUN	Abl.Plur		pratyayebhyaḥ	pratyayebhyaḥ	824	___ samutpannam an utpannam tvayā uditam	pratyayebhyaḥ samutpannam an utpannam tvayā uditam	pratyayaḥ|pratyayam|pratyayāt	3	mcq
21833	637598	12232	10	3	88861	jāla	NOUN	Nom.Sing		jālaṃ	jālam	824	bṛhat te ___ bṛhata indra śūra sahasra arghasya śata vīryasya	bṛhat te jālaṃ bṛhata indra śūra sahasra arghasya śata vīryasya	jālaiḥ|jālena|jālāni	3	mcq
26920	642263	10689	11	5	140053	pratyaya	NOUN	Acc.Sing		pratyayam	pratyayam	824	na a hetu a ___ ānanda tathāgatā arhantaḥ samyaksaṃbuddhāḥ smitaṃ prāviṣkurvanti	na a hetu a pratyayam ānanda tathāgatā arhantaḥ samyaksaṃbuddhāḥ smitaṃ prāviṣkurvanti	pratyayaḥ|pratyayāt|pratyayāḥ	3	mcq
27021	642364	10961	11	5	140053	pratyaya	NOUN	Acc.Sing		pratyayam	pratyayam	824	na a hetu a ___ ānanda tathāgatā arhantaḥ samyaksaṃbuddhāḥ smitaṃ prāviṣkurvanti	na a hetu a pratyayam ānanda tathāgatā arhantaḥ samyaksaṃbuddhāḥ smitaṃ prāviṣkurvanti	pratyayaḥ|pratyayāt|pratyayāḥ	3	mcq
37437	28455	71	7	4	74330	yāma	NOUN	Ins.Plur		yāmaiḥ	yāmaiḥ	824	dvābhyāṃ caturbhiḥ aṣṭabhiḥ ___ jīryanti yāḥ kramāt	dvābhyāṃ caturbhiḥ aṣṭabhiḥ yāmaiḥ jīryanti yāḥ kramāt	yāmam|yāme|yāmāt	3	mcq
38963	30161	1180	7	1	88861	jāla	NOUN	Nom.Plur		jālāni	jālāni	824	___ kaṇḍarāś ca aṅge pṛthak ṣoḍaśa nirdiśet	jālāni kaṇḍarāś ca aṅge pṛthak ṣoḍaśa nirdiśet	jālaiḥ|jālam|jālena	3	mcq
40787	31988	4134	5	3	88861	jāla	NOUN	Ins.Plur		jālaiḥ	jālaiḥ	824	gavākṣitaṃ sirā ___ sadā guḍaguḍāyate	gavākṣitaṃ sirā jālaiḥ sadā guḍaguḍāyate	jālam|jālena|jālāni	3	mcq
63314	90557	803	6	1	74330	yāma	NOUN	Nom.Plur		yāmāś	yāmāḥ	824	___ catvāraś catvāro martyānām ahanī ubhe	yāmāś catvāraś catvāro martyānām ahanī ubhe	yāmam|yāme|yāmāt	3	mcq
66710	94002	8986	5	3	28873	nṛpati	NOUN	Nom.Sing		nṛpatiḥ	nṛpatiḥ	824	yasmin vinaṣṭe ___ aiśvaryāt avarohati	yasmin vinaṣṭe nṛpatiḥ aiśvaryāt avarohati	nṛpateḥ|nṛpate|nṛpatim	3	mcq
66830	94122	8988	6	3	28873	nṛpati	NOUN	Acc.Sing		nṛpatiṃ	nṛpatim	824	iti bruvāṇaṃ ___ gāyakā muni coditāḥ	iti bruvāṇaṃ nṛpatiṃ gāyakā muni coditāḥ	nṛpatiḥ|nṛpateḥ|nṛpate	3	mcq
67290	94582	8993	6	3	28873	nṛpati	NOUN	Acc.Sing		nṛpatiṃ	nṛpatim	824	iti bruvāṇaṃ ___ pitṛ deva dvijātayaḥ	iti bruvāṇaṃ nṛpatiṃ pitṛ deva dvijātayaḥ	nṛpatiḥ|nṛpateḥ|nṛpate	3	mcq
3479	749407	15221	6	4	76427	vājin	NOUN	Acc.Sing		vājinaṃ	vājinam	823	tyam ū ṣu ___ deva jūtam	tyam ū ṣu vājinaṃ deva jūtam	vājī|vājinaḥ|vājinām	3	mcq
4608	650569_1	10972	5	1	76427	vājin	NOUN	Nom.Sing		vājī	vājī	823	___ san pari nīyate iti	vājī san pari nīyate iti	vājinaḥ|vājinām|vājinam	3	mcq
4609	650569_2	10972	6	1	76427	vājin	NOUN	Acc.Sing		vājinam	vājinam	823	___ iva hi enam santam pariṇayanti	vājinam iva hi enam santam pariṇayanti	vājī|vājinaḥ|vājinām	3	mcq
39159	30360	1180	8	2	121824	svara	NOUN	Nom.Sing		svaro	svaraḥ	822	dhīraḥ ___ 'nunādī ca varṇaḥ snigdhaḥ sthira prabhaḥ	dhīraḥ svaro 'nunādī ca varṇaḥ snigdhaḥ sthira prabhaḥ	svaram|svareṇa|svarāḥ	3	mcq
39398	30599	3961	9	3	121824	svara	NOUN	Nom.Sing		svaro	svaraḥ	822	hīno dīnaḥ ___ 'vyakto yasya syād gadgado 'pi vā	hīno dīnaḥ svaro 'vyakto yasya syād gadgado 'pi vā	svaram|svareṇa|svarāḥ	3	mcq
39400	30601	3961	6	1	121824	svara	NOUN	Gen.Sing		svarasya	svarasya	822	___ durbalībhāvaṃ hāniṃ ca bala varṇayoḥ	svarasya durbalībhāvaṃ hāniṃ ca bala varṇayoḥ	svaraḥ|svaram|svareṇa	3	mcq
48	479319	7024	7	2	59137	āyatana	NOUN	Nom.Sing		āyatanam	āyatanam	821	ekam ___ rūpam ekam dharma ākhyam ucyate	ekam āyatanam rūpam ekam dharma ākhyam ucyate	āyatane|āyataneṣu|āyatanāni	3	mcq
2663	748666_2	14908	4	2	59137	āyatana	NOUN	Nom.Plur		āyatanāni	āyatanāni	821	anuṣṭubh ___ hi ājyāni	anuṣṭubh āyatanāni hi ājyāni	āyatanam|āyatane|āyataneṣu	3	mcq
3571	650048_1	10828	8	2	59137	āyatana	NOUN	Ins.Plur		āyatanābhiḥ	āyatanābhiḥ	821	prajāpati ___ eva ābhiḥ rādhnoti yaḥ evam veda	prajāpati āyatanābhiḥ eva ābhiḥ rādhnoti yaḥ evam veda	āyatanam|āyatane|āyataneṣu	3	mcq
935	506154	7429	7	1	81159	lavaṇa	NOUN	Loc.Sing		lavaṇe	lavaṇe	820	___ saindhavaṃ dadyān mūtre go mūtram iṣyate	lavaṇe saindhavaṃ dadyān mūtre go mūtram iṣyate	lavaṇam|lavaṇaiḥ|lavaṇena	3	mcq
11123	465150	7293	5	2	81159	lavaṇa	NOUN	Acc.Sing		lavaṇam	lavaṇam	820	āgantu ___ ṣaṣ bhāgam dadyāt	āgantu lavaṇam ṣaṣ bhāgam dadyāt	lavaṇaiḥ|lavaṇena|lavaṇāni	3	mcq
11264	465291	11917	9	4	81159	lavaṇa	NOUN	Gen.Plur		lavaṇānām	lavaṇānām	820	dhānya sneha kṣāra ___ dhānya kalpam sītā adhyakṣe vakṣyāmaḥ	dhānya sneha kṣāra lavaṇānām dhānya kalpam sītā adhyakṣe vakṣyāmaḥ	lavaṇam|lavaṇaiḥ|lavaṇena	3	mcq
2711	748704	14928	11	1	163183	pre	VERB	Pres.Imp.3.Sing.NonPass		praitu	praitu	818	___ brahmaṇaspatir acchā vīram iti vīravad rūpa samṛddham etasya ahnaḥ rūpam	praitu brahmaṇaspatir acchā vīram iti vīravad rūpa samṛddham etasya ahnaḥ rūpam	prehi|praiti|prayanti	3	mcq
3820	650183_4	10858	6	1	163183	pre	VERB	Pres.Ind.3.Plur.NonPass		prayanti	prayanti	818	___ eva asmāt lokāt yajamānāḥ iti	prayanti eva asmāt lokāt yajamānāḥ iti	prehi|praiti|praitu	3	mcq
4166	650345_2	10894	4	1	163183	pre	VERB	Pres.Imp.3.Sing.NonPass		praitu	praitu	818	___ brahmaṇaspatiḥ iti anupraiti	praitu brahmaṇaspatiḥ iti anupraiti	prehi|praiti|prayanti	3	mcq
2424	484823	7696	8	1	94467	pāvaka	NOUN	Nom.Sing		pāvakaḥ	pāvakaḥ	815	___ pavamāno abhūt śuciḥ svāhā agni jaḥ 'bhavat	pāvakaḥ pavamāno abhūt śuciḥ svāhā agni jaḥ 'bhavat	pāvakam|pāvake|pāvakāt	3	mcq
20224	636025	11344	9	3	94467	pāvaka	NOUN	Nom.Sing		pāvako	pāvakaḥ	815	sa naḥ ___ draviṇe dadhātv āyuṣmantaḥ saha bhakṣāḥ syāma	sa naḥ pāvako draviṇe dadhātv āyuṣmantaḥ saha bhakṣāḥ syāma	pāvakam|pāvake|pāvakāt	3	mcq
39599	30800	3978	6	2	94467	pāvaka	NOUN	Acc.Sing		pāvakaṃ	pāvakam	815	juhvāne ___ piṇḍān pitṛbhyo nirvapati api	juhvāne pāvakaṃ piṇḍān pitṛbhyo nirvapati api	pāvakaḥ|pāvake|pāvakāt	3	mcq
35551	556229	8847	7	7	159656	avasthā	VERB	Pres.Ind.3.Sing.NonPass		avatiṣṭhate	avatiṣṭhate	814	yathā tathā yatra tatra sama eva ___	yathā tathā yatra tatra sama eva avatiṣṭhate	avatiṣṭhante|avatasthire|avatasthe	3	mcq
107300	60299	5115	5	2	159656	avasthā	VERB	Pres.Ind.3.Plur.NonPass		avatiṣṭhante	avatiṣṭhante	814	pratihatya ___ jāyante vyādhayaḥ tadā	pratihatya avatiṣṭhante jāyante vyādhayaḥ tadā	avatiṣṭhate|avatasthire|avatasthe	3	mcq
140054	103337_1	13489	12	4	159656	avasthā	VERB	Pres.Ind.3.Sing.NonPass		avatiṣṭhate	avatiṣṭhate	814	pariṇītā tathā eva ___ tathā ākrāmati tathā japati tathā āvapati tathā juhoti	pariṇītā tathā eva avatiṣṭhate tathā ākrāmati tathā japati tathā āvapati tathā juhoti	avatiṣṭhante|avatasthire|avatasthe	3	mcq
13278	646269	11170	9	2	75316	vasu	NOUN	Acc.Sing		vasu	vasu	809	asmin ___ vasavo dhārayantv indras tvaṣṭā varuṇo mitro agniḥ	asmin vasu vasavo dhārayantv indras tvaṣṭā varuṇo mitro agniḥ	vasūni|vasūnām|vasvaḥ	3	mcq
13929	646865	13097	9	4	75316	vasu	NOUN	Acc.Plur		vasūny	vasūni	809	ye bhakṣayanto na ___ ānṛdhur yān agnayo anvatapyanta dhiṣṇyāḥ	ye bhakṣayanto na vasūny ānṛdhur yān agnayo anvatapyanta dhiṣṇyāḥ	vasu|vasūnām|vasvaḥ	3	mcq
17232	633187_1	10439	4	1	75316	vasu	NOUN	Gen.Sing		vasoḥ	vasoḥ	809	___ pate ni ramaya	vasoḥ pate ni ramaya	vasu|vasūni|vasūnām	3	mcq
1441	483840	7669	6	3	127269	śṛṅga	NOUN	Loc.Sing		śṛṅge	śṛṅge	808	upasthitasya me ___ nibadhnīhi mahā ahinā	upasthitasya me śṛṅge nibadhnīhi mahā ahinā	śṛṅgam|śṛṅgaḥ|śṛṅgaiḥ	3	mcq
14240	647158	11288	6	2	127269	śṛṅga	NOUN	Nom.Sing		śṛṅgaḥ	śṛṅgaḥ	808	hiraṇya ___ vṛṣabho yaḥ samudrād udācarat	hiraṇya śṛṅgaḥ vṛṣabho yaḥ samudrād udācarat	śṛṅgam|śṛṅge|śṛṅgaiḥ	3	mcq
15294	648179_1	14652	8	2	127269	śṛṅga	NOUN	Nom.Sing		śṛṅgaḥ	śṛṅgaḥ	808	tīkṣṇa ___ ṛṣabhaḥ samudraḥ iva a kṣita udakaḥ	tīkṣṇa śṛṅgaḥ ṛṣabhaḥ samudraḥ iva a kṣita udakaḥ	śṛṅgam|śṛṅge|śṛṅgaiḥ	3	mcq
1034	506253	7429	7	3	69769	rasāyana	NOUN	Gen.Plur		rasāyanānām	rasāyanānām	806	saṃjīvanī sarva ___ somo yathā sarva vanaspatīnām	saṃjīvanī sarva rasāyanānām somo yathā sarva vanaspatīnām	rasāyane|rasāyanam|rasāyanāni	3	mcq
3498	749426	15234	7	4	158662	duh	VERB	Pres.Imp.2.Sing.NonPass		dhukṣva	dhukṣva	806	tābhir ma iha ___ amṛtasya śriyaṃ mahīm	tābhir ma iha dhukṣva amṛtasya śriyaṃ mahīm	duhe|duhanti|duhām	3	mcq
8919	76077	491	7	1	83182	tṛṇa	NOUN	Gen.Plur		tṛṇānāṃ	tṛṇānām	806	___ saṃhatiḥ tṛṇyā naḍyā tu naḍa saṃhatiḥ	tṛṇānāṃ saṃhatiḥ tṛṇyā naḍyā tu naḍa saṃhatiḥ	tṛṇam|tṛṇāni|tṛṇaiḥ	3	mcq
13991	646931	13198	11	1	158662	duh	VERB	Pres.Imp.3.Sing.NonPass		duhāṃ	duhām	806	___ me dyauḥ pṛthivī payo 'jagaro mā sodako 'bhi vi sarpatu	duhāṃ me dyauḥ pṛthivī payo 'jagaro mā sodako 'bhi vi sarpatu	duhe|duhanti|dhukṣva	3	mcq
14060	646991	13298	7	4	158662	duh	VERB	Pres.Imp.3.Sing.NonPass		duhām	duhām	806	sā naḥ payasvatī ___ uttarām uttarām samām	sā naḥ payasvatī duhām uttarām uttarām samām	duhe|duhanti|dhukṣva	3	mcq
16440	649241	17495	8	4	83182	tṛṇa	NOUN	Nom.Sing		tṛṇaṃ	tṛṇam	806	reṣma chinnam yathā ___ mayi te veṣṭatāṃ manaḥ	reṣma chinnam yathā tṛṇaṃ mayi te veṣṭatāṃ manaḥ	tṛṇāni|tṛṇaiḥ|tṛṇena	3	mcq
16618	649419	17510	8	4	83182	tṛṇa	NOUN	Nom.Sing		tṛṇaṃ	tṛṇam	806	reṣma chinnam yathā ___ veṣṭā asau manasā mayi	reṣma chinnam yathā tṛṇaṃ veṣṭā asau manasā mayi	tṛṇāni|tṛṇaiḥ|tṛṇena	3	mcq
35968	26972	308	7	1	69769	rasāyana	NOUN	Acc.Plur		rasāyanāni	rasāyanāni	806	___ siddhāni vṛṣya yogān ca kāla vid	rasāyanāni siddhāni vṛṣya yogān ca kāla vid	rasāyane|rasāyanam|rasāyanānām	3	mcq
37536	28556	1264	6	1	69769	rasāyana	NOUN	Nom.Sing		rasāyanam	rasāyanam	806	___ iva ṛṣīṇām amarāṇām iva amṛtam	rasāyanam iva ṛṣīṇām amarāṇām iva amṛtam	rasāyane|rasāyanāni|rasāyanānām	3	mcq
62556	89797	668	8	2	159062	abhiṣic	VERB	Impf.Ind.3.Sing.NonPass		abhyaṣiñcac	abhyaṣiñcat	805	yam ___ śatapattra netraḥ nṛpāsana āśām parihṛtya dūrāt	yam abhyaṣiñcac śatapattra netraḥ nṛpāsana āśām parihṛtya dūrāt	abhiṣiñcati|abhiṣiñcāmi|abhiṣiñcet	3	mcq
68148	95572	7449	6	2	159062	abhiṣic	VERB	Past.Ind.3.Plur.NonPass		abhiṣiṣicuḥ	abhiṣiṣicuḥ	805	tato ___ devīm śriyaṃ padmakarāṃ satīm	tato abhiṣiṣicuḥ devīm śriyaṃ padmakarāṃ satīm	abhiṣiñcati|abhyaṣiñcat|abhiṣiñcāmi	3	mcq
133781	546652	8360	6	3	159062	abhiṣic	VERB	Pres.Ind.1.Sing.NonPass		abhiṣiñcāmi	abhiṣiñcāmi	805	tena tvā ___ pāvamānyaḥ punantu te	tena tvā abhiṣiñcāmi pāvamānyaḥ punantu te	abhiṣiñcati|abhyaṣiñcat|abhiṣiñcet	3	mcq
10380	464406	7322	8	4	40407	śrāddha	NOUN	Acc.Sing		śrāddhaṃ	śrāddham	803	yathā hi aśrotriyaḥ ___ na satāṃ bhoktum arhati	yathā hi aśrotriyaḥ śrāddhaṃ na satāṃ bhoktum arhati	śrāddhe|śrāddhasya|śrāddhaiḥ	3	mcq
33103	553662	8949	5	1	40407	śrāddha	NOUN	Nom.Sing		śrāddham	śrāddham	803	___ anena bhuktam ini ṭhanau	śrāddham anena bhuktam ini ṭhanau	śrāddhe|śrāddhasya|śrāddhaiḥ	3	mcq
54620	436900	13653	9	2	40407	śrāddha	NOUN	Loc.Sing		śrāddhe	śrāddhe	803	aṣṭakā ___ kṣaṇaḥ kriyatām ity oṃ tathā iti prativacanam	aṣṭakā śrāddhe kṣaṇaḥ kriyatām ity oṃ tathā iti prativacanam	śrāddham|śrāddhasya|śrāddhaiḥ	3	mcq
7742	556280_1	8816	4	2	32142	ambhas	NOUN	Nom.Sing		ambhaḥ	ambhaḥ	802	adaḥ ___ pareṇa divam	adaḥ ambhaḥ pareṇa divam	ambhasi|ambhasā|ambhobhiḥ	3	mcq
8404	75562	488	8	1	32142	ambhas	NOUN	Nom.Sing		ambhaḥ	ambhaḥ	802	___ arṇaḥ toya pānīya nīra kṣīraḥ ambu śambaram	ambhaḥ arṇaḥ toya pānīya nīra kṣīraḥ ambu śambaram	ambhasi|ambhasā|ambhobhiḥ	3	mcq
15754	648595_1	10951	8	2	32142	ambhas	NOUN	Ins.Sing		ambhasā	ambhasā	802	iyam ___ tastabhe gauḥ yasyām indraḥ varuṇaḥ titviṣāte	iyam ambhasā tastabhe gauḥ yasyām indraḥ varuṇaḥ titviṣāte	ambhasi|ambhaḥ|ambhobhiḥ	3	mcq
35057	555735	8740	6	5	102988	sthiti	NOUN	Nom.Sing		sthitir	sthitiḥ	802	evaṃ vimṛśato nityaṃ nirvikalpe ___ mama	evaṃ vimṛśato nityaṃ nirvikalpe sthitir mama	sthitim|sthitau|sthityā	3	mcq
35454	556132	8847	6	4	102988	sthiti	NOUN	Nom.Sing		sthitir	sthitiḥ	802	ucchṛṅkhalā api akṛtikā ___ dhīrasya rājate	ucchṛṅkhalā api akṛtikā sthitir dhīrasya rājate	sthitim|sthitau|sthityā	3	mcq
37777	28973	2932	6	2	102988	sthiti	NOUN	Nom.Sing		sthitis	sthitiḥ	802	aśuṣkasya ___ tasya śuṣko dūṣayati chavim	aśuṣkasya sthitis tasya śuṣko dūṣayati chavim	sthitim|sthitau|sthityā	3	mcq
10067	87046	586	7	1	78193	mātrā	NOUN	Nom.Sing		mātrā	mātrā	801	___ liṅga padam tyaktvā śabda vyañjana varjitā	mātrā liṅga padam tyaktvā śabda vyañjana varjitā	mātrayā|mātrām|mātrāḥ	3	mcq
15254	648127	16502	6	2	78193	mātrā	NOUN	Nom.Plur		mātrā	mātrāḥ	801	tisro ___ gandharvāṇāṃ catasro gṛha patnyāḥ	tisro mātrā gandharvāṇāṃ catasro gṛha patnyāḥ	mātrā|mātrayā|mātrām	3	mcq
18344	634230_1	10501	6	2	78193	mātrā	NOUN	Nom.Plur		mātrāḥ	mātrāḥ	801	tisraḥ ___ gandharvāṇām catasraḥ gṛha patnyāḥ	tisraḥ mātrāḥ gandharvāṇām catasraḥ gṛha patnyāḥ	mātrā|mātrayā|mātrām	3	mcq
35742	26746	277	8	1	166499	arcay	VERB	Pres.Opt.3.Sing.NonPass		arcayed	arcayet	801	___ deva go vipra vṛddha vaidya nṛpa atithīn	arcayed deva go vipra vṛddha vaidya nṛpa atithīn	arcayanti|arcayāmāsa|arcyate	3	mcq
69693	97207	783	7	1	166499	arcay	VERB	Pres.Ind.3.Sing.Pass		arcyate	arcyate	801	___ vā kvacit tatra na vyatikriyate budhaḥ	arcyate vā kvacit tatra na vyatikriyate budhaḥ	arcayet|arcayanti|arcayāmāsa	3	mcq
92342	478444	6782	10	2	166499	arcay	VERB	Past.Ind.3.Dual.NonPass	peri	arcayāmāsatuḥ	arcayāmāsatuḥ	801	tau ___ arhatas taṃ divi iva śukra āṅgirasau mahā indram	tau arcayāmāsatuḥ arhatas taṃ divi iva śukra āṅgirasau mahā indram	arcayet|arcayanti|arcayāmāsa	3	mcq
1044	506263	7429	7	2	79248	māruta	NOUN	Acc.Sing		mārutaṃ	mārutam	800	dīpanī ___ śvāsaṃ kāsaṃ śleṣma kṣaya apahā	dīpanī mārutaṃ śvāsaṃ kāsaṃ śleṣma kṣaya apahā	mārutaḥ|mārutena|mārute	3	mcq
35627	26631	276	8	3	79248	māruta	NOUN	Acc.Sing		mārutaṃ	mārutam	800	tatra ādyāḥ ___ ghnanti trayas tikta ādayaḥ kapham	tatra ādyāḥ mārutaṃ ghnanti trayas tikta ādayaḥ kapham	mārutaḥ|mārutena|mārute	3	mcq
36589	27595	1152	8	2	125876	śuddhi	NOUN	Nom.Sing		śuddhir	śuddhiḥ	800	viruddhaṃ ___ atra iṣṭā śamo vā tad virodhibhiḥ	viruddhaṃ śuddhir atra iṣṭā śamo vā tad virodhibhiḥ	śuddhim|śuddhaye|śuddhau	3	mcq
36674	27682	1162	6	2	79248	māruta	NOUN	Ins.Sing		mārutena	mārutena	800	pīḍitaṃ ___ annam śleṣmaṇā ruddham antarā	pīḍitaṃ mārutena annam śleṣmaṇā ruddham antarā	mārutaḥ|mārutam|mārute	3	mcq
37683	28879	2726	8	2	125876	śuddhi	NOUN	Nom.Sing		śuddhir	śuddhiḥ	800	na ___ ūna daśame na ca atikrānta saptatau	na śuddhir ūna daśame na ca atikrānta saptatau	śuddhim|śuddhaye|śuddhau	3	mcq
38737	29935	3934	6	3	125876	śuddhi	NOUN	Dat.Sing		śuddhyai	śuddhaye	800	madhuraiḥ sādhitaṃ ___ purāṇa śakṛtaḥ tathā	madhuraiḥ sādhitaṃ śuddhyai purāṇa śakṛtaḥ tathā	śuddhiḥ|śuddhim|śuddhau	3	mcq
111	479382	7034	8	2	43197	dhyāna	NOUN	Loc.Sing		dhyāne	dhyāne	799	śātā ___ tṛtīye tu caitasī sā sukha indriyam	śātā dhyāne tṛtīye tu caitasī sā sukha indriyam	dhyānam|dhyānena|dhyānāt	3	mcq
305	590063	9741	7	1	43197	dhyāna	NOUN	Nom.Sing		dhyānaṃ	dhyānam	799	___ tu viṣaye tasmin eka pratyaya saṃtatiḥ	dhyānaṃ tu viṣaye tasmin eka pratyaya saṃtatiḥ	dhyānena|dhyānāt|dhyāne	3	mcq
66469	93761	8984	6	3	43197	dhyāna	NOUN	Abl.Sing		dhyānāt	dhyānāt	799	a tad ___ yayā bandha viparyayau	a tad dhyānāt yayā bandha viparyayau	dhyānam|dhyānena|dhyāne	3	mcq
38355	29553	3876	7	4	161564	nyas	VERB	Pres.Opt.3.Sing.NonPass		nyasyen	nyasyet	798	saṃmukho yantrayitvā āśu ___ marma ādi varjayan	saṃmukho yantrayitvā āśu nyasyen marma ādi varjayan	nyasyati|nyasyanti|nyasyate	3	mcq
43740	34941	4301	9	1	161564	nyas	VERB	Pres.Opt.3.Sing.NonPass		nyased	nyaset	798	___ ato 'nyathā hi āsām mūtra srāvī vraṇo bhavet	nyased ato 'nyathā hi āsām mūtra srāvī vraṇo bhavet	nyasyati|nyasyanti|nyasyate	3	mcq
46652	37855	4592	8	5	161564	nyas	VERB	Pres.Opt.3.Sing.NonPass		nyased	nyaset	798	baddhaṃ sarṣapa taila aktam ___ vā uttānam ātape	baddhaṃ sarṣapa taila aktam nyased vā uttānam ātape	nyasyati|nyasyanti|nyasyate	3	mcq
809	590568	9885	6	1	37121	martya	NOUN	Nom.Sing		martyaḥ	martyaḥ	797	___ pañcajano bhūspṛś puruṣaḥ pūruṣo naraḥ	martyaḥ pañcajano bhūspṛś puruṣaḥ pūruṣo naraḥ	martyānām|martyāḥ|martyeṣu	3	mcq
862	506081	7429	7	5	37121	martya	NOUN	Gen.Plur		martyānāṃ	martyānām	797	yama upamaḥ sa vijñeyo ___ mṛtyu rūpadhṛk	yama upamaḥ sa vijñeyo martyānāṃ mṛtyu rūpadhṛk	martyaḥ|martyāḥ|martyeṣu	3	mcq
20194	635993	11333	10	2	37121	martya	NOUN	Acc.Plur		martyāṁ	martyāṁ	797	amartyā ___ abhi naḥ sacadhvam āyur dhatta prataraṃ jīvase naḥ	amartyā martyāṁ abhi naḥ sacadhvam āyur dhatta prataraṃ jīvase naḥ	martyaḥ|martyānām|martyāḥ	3	mcq
10452	464478	7327	10	6	160400	upadiś	VERB	Pres.Opt.3.Sing.NonPass		upadiśet	upadiśet	796	tasmād dharmyam arthyaṃ ca asya ___ na adharmyam anarthyaṃ ca	tasmād dharmyam arthyaṃ ca asya upadiśet na adharmyam anarthyaṃ ca	upadiśyate|upadekṣyāmaḥ|upadiśanti	3	mcq
29402	644184	10782	4	1	160400	upadiś	VERB	Pres.Imp.2.Sing.NonPass		upadiśa	upadiśa	796	___ tvaṃ kauśika prajñāpāramitām	upadiśa tvaṃ kauśika prajñāpāramitām	upadiśyate|upadekṣyāmaḥ|upadiśanti	3	mcq
29748	644530	10807	10	3	160400	upadiś	VERB	Fut.Ind.3.Plur.NonPass		upadekṣyanti	upadekṣyanti	796	evaṃ ca ___ ya evaṃ gaveṣayiṣyati sa prajñāpāramitāyāṃ cariṣyati iti	evaṃ ca upadekṣyanti ya evaṃ gaveṣayiṣyati sa prajñāpāramitāyāṃ cariṣyati iti	upadiśyate|upadekṣyāmaḥ|upadiśanti	3	mcq
2049	484448	7686	7	2	130893	śāpa	NOUN	Abl.Sing		śāpāt	śāpāt	794	ṛṣi ___ tatas dharmāt kuntyāṃ pāṇḍoḥ yudhiṣṭhiraḥ	ṛṣi śāpāt tatas dharmāt kuntyāṃ pāṇḍoḥ yudhiṣṭhiraḥ	śāpaḥ|śāpam|śāpena	3	mcq
2163	484562	7688	7	3	130893	śāpa	NOUN	Abl.Sing		śāpāt	śāpāt	794	punar tad ___ nītā gopālair laguḍa āyudhaiḥ	punar tad śāpāt nītā gopālair laguḍa āyudhaiḥ	śāpaḥ|śāpam|śāpena	3	mcq
3262	749181	15171	4	2	93897	pāpman	NOUN	Acc.Sing		pāpmānam	pāpmānam	794	tena ___ apahatya brahmaṇā	tena pāpmānam apahatya brahmaṇā	pāpmā|pāpmanā|pāpmanaḥ	3	mcq
4924	650711_1	11162	6	2	93897	pāpman	NOUN	Acc.Sing		pāpmānam	pāpmānam	794	apa ___ hate yaḥ evam veda	apa pāpmānam hate yaḥ evam veda	pāpmā|pāpmanā|pāpmanaḥ	3	mcq
5672	651400	11719	6	2	93897	pāpman	NOUN	Acc.Sing		pāpmānaṃ	pāpmānam	794	apa ___ hate ya evaṃ veda	apa pāpmānaṃ hate ya evaṃ veda	pāpmā|pāpmanā|pāpmanaḥ	3	mcq
6390	652111	11944	8	3	5900	agnihotra	NOUN	Nom.Sing		agnihotraṃ	agnihotram	794	etad vā ___ vaiśvadevaṃ ṣoﾱaśa kalam paśuṣu pratiṣṭhitam	etad vā agnihotraṃ vaiśvadevaṃ ṣoﾱaśa kalam paśuṣu pratiṣṭhitam	agnihotre|agnihotrasya|agnihotreṇa	3	mcq
6391	652112	11944	10	2	5900	agnihotra	NOUN	Ins.Sing		agnihotreṇa	agnihotreṇa	794	vaiśvadevena ___ ṣoﾱaśa kalena paśuṣu pratiṣṭhitena rādhnoti ya evaṃ veda	vaiśvadevena agnihotreṇa ṣoﾱaśa kalena paśuṣu pratiṣṭhitena rādhnoti ya evaṃ veda	agnihotram|agnihotre|agnihotrasya	3	mcq
6402	652123	11947	11	10	5900	agnihotra	NOUN	Acc.Sing		agnihotraṃ	agnihotram	794	sarvaṃ vā asya barhiṣyaṃ sarvam parigṛhītaṃ ya evaṃ vidvān ___ juhoti	sarvaṃ vā asya barhiṣyaṃ sarvam parigṛhītaṃ ya evaṃ vidvān agnihotraṃ juhoti	agnihotre|agnihotrasya|agnihotreṇa	3	mcq
61586	88827	8960	10	9	130893	śāpa	NOUN	Acc.Sing		śāpam	śāpam	794	kṣudh tṛṣ śrama yutaḥ dīno na eva asmat ___ arhati	kṣudh tṛṣ śrama yutaḥ dīno na eva asmat śāpam arhati	śāpāt|śāpaḥ|śāpena	3	mcq
78165	577406	9716	7	1	87520	janārdana	NOUN	Nom.Sing		janārdano	janārdanaḥ	793	___ ari dalanāt damāt dāmodaraḥ ca yaḥ	janārdano ari dalanāt damāt dāmodaraḥ ca yaḥ	janārdanam|janārdanaiḥ|janārdane	3	mcq
79453	578694	9717	6	2	87520	janārdana	NOUN	Ins.Sing		janārdanena	janārdanena	793	ukte ___ iti tīvraṃ bhīṣma parākramam	ukte janārdanena iti tīvraṃ bhīṣma parākramam	janārdanaḥ|janārdanam|janārdanaiḥ	3	mcq
80218	579459	9722	6	2	87520	janārdana	NOUN	Ins.Sing		janārdanena	janārdanena	793	ukte ___ iti savyasācī sa kuñjaram	ukte janārdanena iti savyasācī sa kuñjaram	janārdanaḥ|janārdanam|janārdanaiḥ	3	mcq
12828	687654	14401	9	6	157709	anugam	VERB	Pres.Opt.3.Sing.NonPass		'nugacched	anugacchet	792	a hute cet prātaḥ pūrvo ___ avadāha iṣum aśnīyāt	a hute cet prātaḥ pūrvo 'nugacched avadāha iṣum aśnīyāt	anugacchati|anujagmuḥ|anvagacchat	3	mcq
12937	687763	14438	8	4	157709	anugam	VERB	Pres.Opt.3.Sing.NonPass		anugacched	anugacchet	792	āśv anupraṇītaś ced ___ etayā eva mathitvā avadadhyāt	āśv anupraṇītaś ced anugacched etayā eva mathitvā avadadhyāt	anugacchati|anujagmuḥ|anvagacchat	3	mcq
12957	687783	14438	12	4	157709	anugam	VERB	Pres.Opt.3.Sing.NonPass		anugacched	anugacchet	792	eka āgnidhrīyaḥ ced ___ gārhapatyāt praṇīya mama agne varca iti ṣaḍbhir juhuyāt	eka āgnidhrīyaḥ ced anugacched gārhapatyāt praṇīya mama agne varca iti ṣaḍbhir juhuyāt	anugacchati|anujagmuḥ|anvagacchat	3	mcq
13206	646197	11121	6	3	158840	sah	VERB	Past.Sub.1.Sing.NonPass		sāsahai	sāsahai	791	anena viśvā ___ yā jātāni piśācyāḥ	anena viśvā sāsahai yā jātāni piśācyāḥ	sahate|sahasva|saheta	3	mcq
13631	646615_1	13099	4	1	158840	sah	VERB	Past.Sub.1.Sing.NonPass		sāsahai	sāsahai	791	___ id aham patim	sāsahai id aham patim	sahate|sahasva|saheta	3	mcq
14336	647250	11311	10	1	158840	sah	VERB	Pres.Imp.2.Sing.NonPass		sahasva	sahasva	791	___ manyo abhimātim asme rujan mṛṇan pramṛṇann ā ihi śatrūn	sahasva manyo abhimātim asme rujan mṛṇan pramṛṇann ā ihi śatrūn	sahate|saheta|sahante	3	mcq
36587	27593	1152	8	8	78348	mākṣika	NOUN	Nom.Sing		mākṣikam	mākṣikam	791	bhasma pāṃsu paridhvastam tad eva ca sa ___	bhasma pāṃsu paridhvastam tad eva ca sa mākṣikam	mākṣikeṇa|mākṣikasya|mākṣikaiḥ	3	mcq
39484	30685	3961	6	6	78348	mākṣika	NOUN	Ins.Plur		mākṣikaiḥ	mākṣikaiḥ	791	mastuluṅga maṣi pūya vesavāra ambu ___	mastuluṅga maṣi pūya vesavāra ambu mākṣikaiḥ	mākṣikam|mākṣikeṇa|mākṣikasya	3	mcq
42366	33567	4230	8	8	78348	mākṣika	NOUN	Acc.Sing		mākṣikam	mākṣikam	791	kṣīri vṛkṣa aṅkura kvātha kalka siddham sa ___	kṣīri vṛkṣa aṅkura kvātha kalka siddham sa mākṣikam	mākṣikeṇa|mākṣikasya|mākṣikaiḥ	3	mcq
90205	99134	855	8	3	159812	āpad	VERB	Pres.Ind.3.Sing.NonPass		āpadyate	āpadyate	789	yat eva ___ karma tad karma vyasanī bhavet	yat eva āpadyate karma tad karma vyasanī bhavet	āpadyante|āpadyeta|āpatsyante	3	mcq
177874	659674_1	12822	11	5	159812	āpad	VERB	Pres.Opt.3.Sing.NonPass		āpadyeta	āpadyeta	789	yat prāc uddrutam amedhyam ___ kim tatra karma kā prāyaścittiḥ iti	yat prāc uddrutam amedhyam āpadyeta kim tatra karma kā prāyaścittiḥ iti	āpadyate|āpadyante|āpatsyante	3	mcq
3082	749001	15101	9	2	160035	hiṃs	VERB	Impf.Ind.3.Plur.NonPass		ahiṃsanta	ahiṃsanta	788	tā ___ aham uktham asmy aham uktham asmi iti	tā ahiṃsanta aham uktham asmy aham uktham asmi iti	hiṃsīḥ|hinasti|hiṃsyāt	3	mcq
3091	749010	15101	10	2	160035	hiṃs	VERB	Impf.Ind.3.Plur.NonPass		ahiṃsanta	ahiṃsanta	788	tā ___ eva aham uktham asmy aham uktham asmi iti	tā ahiṃsanta eva aham uktham asmy aham uktham asmi iti	hiṃsīḥ|hinasti|hiṃsyāt	3	mcq
7383	652775_5	12158	4	4	160035	hiṃs	VERB	Pres.Ind.3.Sing.NonPass		hinasti	hinasti	788	tat enam na ___	tat enam na hinasti	hiṃsīḥ|hiṃsyāt|hiṃsanti	3	mcq
36920	27930	1220	7	1	121812	sveda	NOUN	Gen.Sing		svedasya	svedasya	783	___ kleda vidhṛtiḥ vṛddhas tu kurute 'nilaḥ	svedasya kleda vidhṛtiḥ vṛddhas tu kurute 'nilaḥ	svedaḥ|svedam|svedaiḥ	3	mcq
36937	27947	1220	7	1	121812	sveda	NOUN	Nom.Sing		svedo	svedaḥ	783	___ atisveda daurgandhya _ evaṃ ca lakṣayet	svedo atisveda daurgandhya _ evaṃ ca lakṣayet	svedam|svedaiḥ|svedāt	3	mcq
36954	27964	1220	6	1	121812	sveda	NOUN	Loc.Sing		svede	svede	783	___ roma cyutiḥ stabdharomatā sphuṭanaṃ tvacaḥ	svede roma cyutiḥ stabdharomatā sphuṭanaṃ tvacaḥ	svedaḥ|svedam|svedaiḥ	3	mcq
1160	506379	7430	5	5	166113	vāri	NOUN	Ins.Plur		vāribhiḥ	vāribhiḥ	782	vidhivat kajjalīkṛtvā nyagrodha aṅkura ___	vidhivat kajjalīkṛtvā nyagrodha aṅkura vāribhiḥ	vāriṇā|vāri|vāriṇi	3	mcq
35868	26872	279	8	8	166113	vāri	NOUN	Loc.Sing		vāriṇi	vāriṇi	782	pusta strī stana hasta āsya pravṛtta uśīra ___	pusta strī stana hasta āsya pravṛtta uśīra vāriṇi	vāriṇā|vāri|vāribhiḥ	3	mcq
41503	32704	4195	8	5	166113	vāri	NOUN	Acc.Sing		vāri	vāri	782	tāni kvathita śītam ca ___ madyaṃ ca sātmyataḥ	tāni kvathita śītam ca vāri madyaṃ ca sātmyataḥ	vāriṇā|vāribhiḥ|vāriṇi	3	mcq
9427	76585	491	6	1	36523	mantrin	NOUN	Nom.Sing		mantrī	mantrī	781	___ dhīsacivo 'mātyo 'nye karmasacivāḥ tatas	mantrī dhīsacivo 'mātyo 'nye karmasacivāḥ tatas	mantribhiḥ|mantriṇaḥ|mantriṇām	3	mcq
10208	464234	7306	5	4	36523	mantrin	NOUN	Acc.Plur		mantriṇaḥ	mantriṇaḥ	781	sarva upadhā śuddhān ___ kuryāt	sarva upadhā śuddhān mantriṇaḥ kuryāt	mantrī|mantribhiḥ|mantriṇām	3	mcq
10239	464265	7309	6	1	36523	mantrin	NOUN	Nom.Sing		mantrī	mantrī	781	___ ca eṣām vṛtti karmabhyām viyateta	mantrī ca eṣām vṛtti karmabhyām viyateta	mantribhiḥ|mantriṇaḥ|mantriṇām	3	mcq
3564	650045_3	10828	4	4	84635	dīkṣā	NOUN	Nom.Sing		dīkṣā	dīkṣā	779	eṣā u ekā ___	eṣā u ekā dīkṣā	dīkṣām|dīkṣayā|dīkṣāḥ	3	mcq
5285	651018	11589	6	1	164962	saṃdhā	VERB	Pres.Ind.3.Sing.Pass		saṃdhīyate	saṃdhīyate	779	___ prajayā paśubhir ya evaṃ veda	saṃdhīyate prajayā paśubhir ya evaṃ veda	saṃdadhāti|saṃdadhe|saṃdadhyāt	3	mcq
5906	651633	11758	6	3	84635	dīkṣā	NOUN	Abl.Sing		dīkṣāyāḥ	dīkṣāyāḥ	779	sa purastād ___ prājāpatyam paśum ālabhate	sa purastād dīkṣāyāḥ prājāpatyam paśum ālabhate	dīkṣā|dīkṣām|dīkṣayā	3	mcq
16901	649704	17530	9	1	84635	dīkṣā	NOUN	Nom.Sing		dīkṣā	dīkṣā	779	___ tapo manaso mātariśvā bṛhaspatir vāco asyāḥ sa yoniḥ	dīkṣā tapo manaso mātariśvā bṛhaspatir vāco asyāḥ sa yoniḥ	dīkṣām|dīkṣayā|dīkṣāḥ	3	mcq
48750	39953	4934	6	1	164962	saṃdhā	VERB	Pres.Opt.3.Sing.NonPass		saṃdadhīta	saṃdadhīta	779	___ vraṇān vaidyo bandhanaiḥ ca upapādayet	saṃdadhīta vraṇān vaidyo bandhanaiḥ ca upapādayet	saṃdadhāti|saṃdhīyate|saṃdadhe	3	mcq
65943	93235	8979	5	1	164962	saṃdhā	VERB	Past.Ind.3.Plur.NonPass		saṃdadhuḥ	saṃdadhuḥ	779	___ kasya kāyena savanīyapaśoḥ śiraḥ	saṃdadhuḥ kasya kāyena savanīyapaśoḥ śiraḥ	saṃdadhāti|saṃdhīyate|saṃdadhe	3	mcq
12019	466077	7302	7	4	167156	akṣi	NOUN	Nom.Sing		akṣi	akṣi	778	eka amlakam varāha ___ khadyotaḥ kāla sārivā	eka amlakam varāha akṣi khadyotaḥ kāla sārivā	akṣiṇoḥ|akṣiṇī|akṣiṇi	3	mcq
13589	646575_1	13070	4	1	167156	akṣi	NOUN	Nom.Dual		akṣyau	akṣyau	778	___ me madhu saṃkāśe	akṣyau me madhu saṃkāśe	akṣi|akṣiṇoḥ|akṣiṇī	3	mcq
14254	647172	11289	6	1	167156	akṣi	NOUN	Abl.Plur		akṣībhyāṃ	akṣībhyām	778	___ te nāsikābhyāṃ karṇābhyām āsyād uta	akṣībhyāṃ te nāsikābhyāṃ karṇābhyām āsyād uta	akṣi|akṣiṇoḥ|akṣiṇī	3	mcq
35196	555874	8791	7	7	158023	lip	VERB	Pres.Ind.3.Sing.Pass		lipyate	lipyate	778	sādhya ādarśī nirāyāsaḥ kurvann api na ___	sādhya ādarśī nirāyāsaḥ kurvann api na lipyate	limpet|lipet|alipsata	3	mcq
38598	29796	3877	9	1	158023	lip	VERB	Pres.Opt.3.Sing.NonPass		limpet	limpet	778	___ sa ājya amṛtebhiḥ ūrdhvam pitta vidradhi vat kriyā	limpet sa ājya amṛtebhiḥ ūrdhvam pitta vidradhi vat kriyā	lipyate|alipsata|limpanti	3	mcq
43003	34204	4244	8	1	158023	lip	VERB	Pres.Opt.3.Sing.NonPass		limpet	limpet	778	___ kumbhaṃ tu phalinī kṛṣṇā cavya ājya mākṣikaiḥ	limpet kumbhaṃ tu phalinī kṛṣṇā cavya ājya mākṣikaiḥ	lipyate|alipsata|limpanti	3	mcq
1715	484114	7676	9	1	157904	śuc	VERB	Past.Ind.3.Sing.NonPass		śuśoca	śuśoca	777	___ vilalāpa ārtaḥ māṃ tyaktvā kva gatā asi vai	śuśoca vilalāpa ārtaḥ māṃ tyaktvā kva gatā asi vai	śocati|śocanti|śucaḥ	3	mcq
3629	650085_1	10839	7	1	142153	vṛtra	NOUN	Acc.Sing		vṛtram	vṛtram	777	___ vai eṣa hanti yam yajñaḥ upanamati	vṛtram vai eṣa hanti yam yajñaḥ upanamati	vṛtraḥ|vṛtrasya|vṛtrāya	3	mcq
14539	647423_1	11409	5	1	142153	vṛtra	NOUN	Gen.Sing		vṛtrasya	vṛtrasya	777	___ haraḥ asi nabhasaḥ napāt	vṛtrasya haraḥ asi nabhasaḥ napāt	vṛtram|vṛtraḥ|vṛtrāya	3	mcq
15838	648658	11304	9	3	142153	vṛtra	NOUN	Nom.Sing		vṛtro	vṛtraḥ	777	yāś cid ___ mahinā paryatiṣṭhat tāsām ahiḥ patsutaḥśīr babhūva	yāś cid vṛtro mahinā paryatiṣṭhat tāsām ahiḥ patsutaḥśīr babhūva	vṛtram|vṛtrasya|vṛtrāya	3	mcq
15885	648705	14364	10	3	156212	khyā	VERB	Past.Ind.3.Sing.NonPass	them	akhyat	akhyat	777	jāto vy ___ pitror upasthe bhuvo na veda janituḥ parasya	jāto vy akhyat pitror upasthe bhuvo na veda janituḥ parasya	khyāyate|khyeṣam|khyaḥ	3	mcq
16971	649774	17553	8	3	156212	khyā	VERB	Past.Ind.1.Sing.NonPass	them	akhyaṃ	akhyam	777	ati imām ___ pṛthivīm ati dyām ati sūryam	ati imām akhyaṃ pṛthivīm ati dyām ati sūryam	akhyat|khyāyate|khyeṣam	3	mcq
16972	649775	17553	7	6	156212	khyā	VERB	Past.Ind.1.Sing.NonPass	them	akhyaṃ	akhyam	777	ati viśvam idaṃ bhūtam aty ___ yātudhānyaḥ	ati viśvam idaṃ bhūtam aty akhyaṃ yātudhānyaḥ	akhyat|khyāyate|khyeṣam	3	mcq
42753	33954	4236	7	6	157904	śuc	VERB	Pres.Ind.3.Sing.NonPass		śocate	śocate	777	smṛtvā smṛtvā ca bahuśo viyuktaḥ ___ yayā	smṛtvā smṛtvā ca bahuśo viyuktaḥ śocate yayā	śocanti|śucaḥ|śocāmi	3	mcq
51925	518884	14795	5	1	157904	śuc	VERB	Pres.Opt.3.Sing.NonPass		śoceta	śoceta	777	___ manasā nityaṃ duṣkṛtāny anucintayan	śoceta manasā nityaṃ duṣkṛtāny anucintayan	śocati|śocanti|śucaḥ	3	mcq
11011	465038	7292	5	1	164351	candana	NOUN	Nom.Sing		candanaṃ	candanam	776	___ sātanaṃ raktaṃ bhūmi gandhi	candanaṃ sātanaṃ raktaṃ bhūmi gandhi	candanaiḥ|candanena|candanasya	3	mcq
37338	28352	1245	7	3	164351	candana	NOUN	Nom.Sing		candanam	candanam	776	paṭola kaṭurohiṇī ___ madhusrava guḍūcī pāṭhā anvitam	paṭola kaṭurohiṇī candanam madhusrava guḍūcī pāṭhā anvitam	candanaiḥ|candanena|candanasya	3	mcq
37786	28982	2932	6	6	164351	candana	NOUN	Nom.Sing		candanam	candanam	776	kumuda utpala kalhāra dūrvā madhuka ___	kumuda utpala kalhāra dūrvā madhuka candanam	candanaiḥ|candanena|candanasya	3	mcq
43744	34945	4301	8	3	157856	pūray	VERB	Pres.Ind.3.Sing.Pass		pūryate	pūryate	776	tathā na ___ 'sreṇa vastiḥ pūrṇe tu pīḍayet	tathā na pūryate 'sreṇa vastiḥ pūrṇe tu pīḍayet	pūrayet|apūrayat|pūrayati	3	mcq
47356	38559	4823	9	2	157856	pūray	VERB	Pres.Ind.3.Sing.Pass		pūryate	pūryate	776	śleṣmalaiḥ ___ ca āśu so 'nyaiḥ sa upadravaḥ cirāt	śleṣmalaiḥ pūryate ca āśu so 'nyaiḥ sa upadravaḥ cirāt	pūrayet|apūrayat|pūrayati	3	mcq
68133	95557	7449	8	1	157856	pūray	VERB	Pres.Ind.3.Sing.NonPass		pūrayaty	pūrayati	776	___ arthino yo 'rthaiḥ śaśvat bhuvi yathā bhavān	pūrayaty arthino yo 'rthaiḥ śaśvat bhuvi yathā bhavān	pūrayet|apūrayat|pūrayāmāsa	3	mcq
1918	484317	7683	9	2	141134	vistara	NOUN	Acc.Sing		vistaram	vistaram	773	sa ___ yat etat ca śṛṇuyāt saḥ divaṃ vrajet	sa vistaram yat etat ca śṛṇuyāt saḥ divaṃ vrajet	vistareṇa|vistarāt|vistaraḥ	3	mcq
40552	31753	4105	7	2	141134	vistara	NOUN	Abl.Sing		vistarataḥ	vistarāt	773	iti ___ proktā rogā mūtra apravṛtti jāḥ	iti vistarataḥ proktā rogā mūtra apravṛtti jāḥ	vistareṇa|vistaram|vistaraḥ	3	mcq
48444	39647	4913	4	3	141134	vistara	NOUN	Ins.Sing		vistareṇa	vistareṇa	773	parasparam asaṃkīrṇaṃ ___ prakāśitam	parasparam asaṃkīrṇaṃ vistareṇa prakāśitam	vistaram|vistarāt|vistaraḥ	3	mcq
23622	639273	11612	12	5	75625	vasti	NOUN	Ins.Sing		vastinā	vastinā	772	tataś ca enam anyena ___ prāśīr yena ca etam pūrva ṛṣayaḥ prāśnan	tataś ca enam anyena vastinā prāśīr yena ca etam pūrva ṛṣayaḥ prāśnan	vastiḥ|vastim|vastau	3	mcq
35648	26652	276	7	1	75625	vasti	NOUN	Nom.Sing		vastir	vastiḥ	772	___ vireko vamanaṃ tathā tailaṃ ghṛtaṃ madhu	vastir vireko vamanaṃ tathā tailaṃ ghṛtaṃ madhu	vastim|vastau|vastayaḥ	3	mcq
35972	26976	308	7	7	75625	vasti	NOUN	Ins.Plur		vastibhiḥ	vastibhiḥ	772	sa abhyaṅga udvartana snāna nirūha sneha ___	sa abhyaṅga udvartana snāna nirūha sneha vastibhiḥ	vastiḥ|vastim|vastau	3	mcq
4657	650596_1	11015	5	3	157681	kīrtay	VERB	Pres.Opt.3.Sing.NonPass		kīrtayet	kīrtayet	771	sa yadi ___ upāṃśu kīrtayet	sa yadi kīrtayet upāṃśu kīrtayet	kīrtyate|kīrtayiṣyāmi|kīrtayanti	3	mcq
4660	650597_1	11015	10	4	157681	kīrtay	VERB	Pres.Opt.3.Sing.NonPass		kīrtayet	kīrtayet	771	atha yat uccais ___ īśvaraḥ ha asya vācaḥ rakṣobhāṣaḥ janitoḥ	atha yat uccais kīrtayet īśvaraḥ ha asya vācaḥ rakṣobhāṣaḥ janitoḥ	kīrtyate|kīrtayiṣyāmi|kīrtayanti	3	mcq
10901	464928	7291	6	3	154572	prayoga	NOUN	Nom.Sing		prayogaḥ	prayogaḥ	771	pratīta śabda ___ spaṣṭa tvam iti	pratīta śabda prayogaḥ spaṣṭa tvam iti	prayogeṇa|prayogāt|prayoge	3	mcq
11638	465689	11760	7	2	154572	prayoga	NOUN	Abl.Sing		prayogāt	prayogāt	771	siddha ___ ūrdhvaṃ śaṅkā rūpa karma abhigrahaḥ	siddha prayogāt ūrdhvaṃ śaṅkā rūpa karma abhigrahaḥ	prayogaḥ|prayogeṇa|prayoge	3	mcq
21045	636809_2	11626	4	3	157681	kīrtay	VERB	Pres.Sub.2.Sing.NonPass		kīrtayāḥ	kīrtayāḥ	771	na anyāsām ___ cana	na anyāsām kīrtayāḥ cana	kīrtayet|kīrtyate|kīrtayiṣyāmi	3	mcq
31522	552081	8877	5	3	154572	prayoga	NOUN	Loc.Sing		prayoge	prayoge	771	kṛtvas artha ___ kāle 'dhikaraṇe	kṛtvas artha prayoge kāle 'dhikaraṇe	prayogaḥ|prayogeṇa|prayogāt	3	mcq
1973	484372	7684	7	2	168124	adhipati	NOUN	Acc.Sing		adhipatim	adhipatim	769	mathurā ___ kaṃsaṃ hatvā tad pitaram hariḥ	mathurā adhipatim kaṃsaṃ hatvā tad pitaram hariḥ	adhipatiḥ|adhipataye|adhipateḥ	3	mcq
22419	638088	11406	8	1	35146	nidhana	NOUN	Nom.Sing		nidhanaṃ	nidhanam	769	___ bhūtyāḥ prajāyāḥ paśūnāṃ bhavati ya evaṃ veda	nidhanaṃ bhūtyāḥ prajāyāḥ paśūnāṃ bhavati ya evaṃ veda	nidhanena|nidhane|nidhanāya	3	mcq
22422	638091	11406	8	1	35146	nidhana	NOUN	Nom.Sing		nidhanaṃ	nidhanam	769	___ bhūtyāḥ prajāyāḥ paśūnāṃ bhavati ya evaṃ veda	nidhanaṃ bhūtyāḥ prajāyāḥ paśūnāṃ bhavati ya evaṃ veda	nidhanena|nidhane|nidhanāya	3	mcq
22425	638094	11406	8	1	35146	nidhana	NOUN	Nom.Sing		nidhanaṃ	nidhanam	769	___ bhūtyāḥ prajāyāḥ paśūnāṃ bhavati ya evaṃ veda	nidhanaṃ bhūtyāḥ prajāyāḥ paśūnāṃ bhavati ya evaṃ veda	nidhanena|nidhane|nidhanāya	3	mcq
62553	89794	668	9	3	168124	adhipati	NOUN	Nom.Sing		adhipatiḥ	adhipatiḥ	769	kaccid varūtha ___ yadūnāṃ pradyumna āste sukham aṅga vīraḥ	kaccid varūtha adhipatiḥ yadūnāṃ pradyumna āste sukham aṅga vīraḥ	adhipataye|adhipatim|adhipateḥ	3	mcq
67801	95093	8997	6	2	168124	adhipati	NOUN	Nom.Sing		adhipatiḥ	adhipatiḥ	769	akṣaṇvatām ___ tābhyām yāti karoti ca	akṣaṇvatām adhipatiḥ tābhyām yāti karoti ca	adhipataye|adhipatim|adhipateḥ	3	mcq
1356	18202	57	7	2	52690	chāyā	NOUN	Nom.Sing		chāyaḥ	chāyaḥ	767	pīta ___ bhaved vaiśyaḥ śūdra ruciḥ bhavet	pīta chāyaḥ bhaved vaiśyaḥ śūdra ruciḥ bhavet	chāyām|chāyāyām|chāyayā	3	mcq
12164	686979	14330	6	2	52690	chāyā	NOUN	Gen.Plur		chāyānāṃ	chāyānām	767	purā ___ saṃbhedād gārhapatyād āhavanīyam abhyuddharet	purā chāyānāṃ saṃbhedād gārhapatyād āhavanīyam abhyuddharet	chāyā|chāyām|chāyāyām	3	mcq
14151	647075	11274	9	2	52690	chāyā	NOUN	Nom.Sing		chāyā	chāyā	767	yasya ___ amṛtam yasya mṛtyus tasmai devāya haviṣā vidhema	yasya chāyā amṛtam yasya mṛtyus tasmai devāya haviṣā vidhema	chāyām|chāyāyām|chāyayā	3	mcq
3258	749177	15171	4	3	12894	kavi	NOUN	Nom.Plur		kavayo	kavayaḥ	765	tad viyūyā ___ anvavindan	tad viyūyā kavayo anvavindan	kaviḥ|kavim|kave	3	mcq
4540	650537_1	10955	9	3	12894	kavi	NOUN	Nom.Plur		kavayaḥ	kavayaḥ	765	tam dhīrāsaḥ ___ ud nayanti svādhyaḥ manasā devayantaḥ iti	tam dhīrāsaḥ kavayaḥ ud nayanti svādhyaḥ manasā devayantaḥ iti	kaviḥ|kavim|kave	3	mcq
4541	650537_2	10955	5	5	12894	kavi	NOUN	Nom.Plur		kavayaḥ	kavayaḥ	765	ye vai anūcānāḥ te ___	ye vai anūcānāḥ te kavayaḥ	kaviḥ|kavim|kave	3	mcq
10374	464400	7322	6	4	5541	akṣa	NOUN	Acc.Sing		akṣam	akṣam	765	tasmād imaṃ dvi ___ sahasrākṣam āhuḥ	tasmād imaṃ dvi akṣam sahasrākṣam āhuḥ	akṣaḥ|akṣāḥ|akṣaiḥ	3	mcq
11665	465716	11763	10	3	5541	akṣa	NOUN	Acc.Sing		akṣam	akṣam	765	nistabdha guda ___ saṃdaṣṭa jihvam ādhmāta udaram udaka hatam vidyāt	nistabdha guda akṣam saṃdaṣṭa jihvam ādhmāta udaram udaka hatam vidyāt	akṣaḥ|akṣāḥ|akṣaiḥ	3	mcq
12024	466082	7302	8	4	5541	akṣa	NOUN	Nom.Sing		akṣaḥ	akṣaḥ	765	tato yathāsvam abhyakta ___ naṣṭa chāyā rūpaḥ carati	tato yathāsvam abhyakta akṣaḥ naṣṭa chāyā rūpaḥ carati	akṣam|akṣāḥ|akṣaiḥ	3	mcq
36637	27643	1152	6	2	66668	rati	NOUN	Gen.Sing		ratyāḥ	ratyāḥ	765	brahmacarya ___ grāmya sukha niḥspṛha cetasaḥ	brahmacarya ratyāḥ grāmya sukha niḥspṛha cetasaḥ	ratiḥ|ratim|ratau	3	mcq
40561	31762	4107	7	4	66668	rati	NOUN	Nom.Sing		ratiḥ	ratiḥ	765	eka sthāna āsana ___ śayanaṃ vidhi varjitam	eka sthāna āsana ratiḥ śayanaṃ vidhi varjitam	ratim|ratyāḥ|ratau	3	mcq
46433	37635	283	6	3	66668	rati	NOUN	Acc.Sing		ratim	ratim	765	gandha mālya ___ satya vādinam parivepinam	gandha mālya ratim satya vādinam parivepinam	ratiḥ|ratyāḥ|ratau	3	mcq
65873	93165	8978	8	1	90624	druma	NOUN	Ins.Plur		drumaiḥ	drumaiḥ	763	___ kāma dughaiḥ hṛdyaṃ citra mālya phala chadaiḥ	drumaiḥ kāma dughaiḥ hṛdyaṃ citra mālya phala chadaiḥ	drumāḥ|drumaḥ|drumam	3	mcq
67328	94620	8994	8	3	90624	druma	NOUN	Nom.Plur		drumāḥ	drumāḥ	763	vyāla ālaya ___ vai teṣu arikta akhila sampadaḥ	vyāla ālaya drumāḥ vai teṣu arikta akhila sampadaḥ	drumaḥ|drumam|drumān	3	mcq
77855	577096	9716	8	8	90624	druma	NOUN	Nom.Sing		drumaḥ	drumaḥ	763	saṃrambha srasta vastra agra niyama ālola dos ___	saṃrambha srasta vastra agra niyama ālola dos drumaḥ	drumāḥ|drumam|drumān	3	mcq
8538	75696	491	8	1	46945	vāsa	NOUN	Nom.Sing		vāsaḥ	vāsaḥ	762	___ kuṭī dvayoḥ śālā sabhā saṃjavanaṃ tv idam	vāsaḥ kuṭī dvayoḥ śālā sabhā saṃjavanaṃ tv idam	vāsam|vāsāya|vāse	3	mcq
53286	520245	15302	6	2	46945	vāsa	NOUN	Acc.Sing		vāsam	vāsam	762	vana ___ upāśritya brāhmaṇo na avasīdati	vana vāsam upāśritya brāhmaṇo na avasīdati	vāsaḥ|vāsāya|vāse	3	mcq
68233	95718	11055	7	2	46945	vāsa	NOUN	Acc.Sing		vāsaṃ	vāsam	762	kva ___ jñātibhiḥ sārdhaṃ kṛtavān sātvatām patiḥ	kva vāsaṃ jñātibhiḥ sārdhaṃ kṛtavān sātvatām patiḥ	vāsaḥ|vāsāya|vāse	3	mcq
2191	484590	7689	7	4	130656	śākhā	NOUN	Nom.Sing		śākhā	śākhā	761	daśa pañca ca ___ vai pramāṇena bhaviṣyati	daśa pañca ca śākhā vai pramāṇena bhaviṣyati	śākhām|śākhayā|śākhāḥ	3	mcq
3321	749250_1	15196	6	1	130656	śākhā	NOUN	Ins.Plur		śākhābhiḥ	śākhābhiḥ	761	___ bṛsībhiḥ vā paryṛṣanti a prakampi	śākhābhiḥ bṛsībhiḥ vā paryṛṣanti a prakampi	śākhām|śākhayā|śākhāḥ	3	mcq
3330	749258_1	15198	6	4	130656	śākhā	NOUN	Acc.Sing		śākham	śākham	761	atha enam sa ___ chandogebhyaḥ prayacchati	atha enam sa śākham chandogebhyaḥ prayacchati	śākhayā|śākhāḥ|śākhaḥ	3	mcq
60759	87912	5335	8	8	43960	nandana	NOUN	Voc.Plur		nandanāḥ	nandanāḥ	760	aho kaṣṭam aho 'nyāyyaṃ yat yūyam dharma ___	aho kaṣṭam aho 'nyāyyaṃ yat yūyam dharma nandanāḥ	nandanaiḥ|nandanaḥ|nandanam	3	mcq
67687	94979	8996	9	5	43960	nandana	NOUN	Voc.Plur		nandanāḥ	nandanāḥ	760	gītaṃ mayā idam naradeva ___ parasya puṃsaḥ paramātmanaḥ stavam	gītaṃ mayā idam naradeva nandanāḥ parasya puṃsaḥ paramātmanaḥ stavam	nandanaiḥ|nandanaḥ|nandanam	3	mcq
76462	575703	9767	6	6	43960	nandana	NOUN	Nom.Plur		nandanāḥ	nandanāḥ	760	jaṭā valkalinaḥ channāḥ vrajantaḥ pāṇḍu ___	jaṭā valkalinaḥ channāḥ vrajantaḥ pāṇḍu nandanāḥ	nandanaiḥ|nandanaḥ|nandanam	3	mcq
8187	75345	488	7	1	89894	daiva	NOUN	Nom.Sing		daivaṃ	daivam	758	___ diṣṭaṃ bhāgadheyaṃ bhāgyaṃ strī niyatiḥ vidhiḥ	daivaṃ diṣṭaṃ bhāgadheyaṃ bhāgyaṃ strī niyatiḥ vidhiḥ	daivāt|daivena|daive	3	mcq
36726	27734	1162	8	8	58264	ānana	NOUN	Nom.Sing		ānanaḥ	ānanaḥ	758	snātaḥ kṣudvān vivikta sthaḥ dhauta pāda kara ___	snātaḥ kṣudvān vivikta sthaḥ dhauta pāda kara ānanaḥ	ānanam|ānanāḥ|ānanām	3	mcq
38269	29467	3875	7	7	58264	ānana	NOUN	Ins.Plur		ānanaiḥ	ānanaiḥ	758	dṛśyaṃ siṃha ahi makara varmi karkaṭaka ___	dṛśyaṃ siṃha ahi makara varmi karkaṭaka ānanaiḥ	ānanaḥ|ānanam|ānanā	3	mcq
38271	29469	3875	6	6	58264	ānana	NOUN	Ins.Plur		ānanaiḥ	ānanaiḥ	758	kaṅka bhṛṅgāhva kurara śarāri vāyasa ___	kaṅka bhṛṅgāhva kurara śarāri vāyasa ānanaiḥ	ānanaḥ|ānanam|ānanā	3	mcq
40303	31504	4075	8	1	89894	daiva	NOUN	Abl.Sing		daivāt	daivāt	758	___ ca tābhyāṃ kopo hi saṃnipātasya tāni atas	daivāt ca tābhyāṃ kopo hi saṃnipātasya tāni atas	daivam|daivena|daive	3	mcq
52200	519159	14855	10	3	89894	daiva	NOUN	Loc.Sing		daive	daive	758	sā na ___ na sā pitrye dāsīṃ tāṃ kāśyapo 'bravīt	sā na daive na sā pitrye dāsīṃ tāṃ kāśyapo 'bravīt	daivam|daivāt|daivena	3	mcq
19304	635131	10653	7	2	158535	yāc	VERB	Pres.Ind.1.Sing.NonPass		yācāmy	yācāmi	755	yaṃ ___ ahaṃ vācā sarasvatyā manaḥ yujā	yaṃ yācāmy ahaṃ vācā sarasvatyā manaḥ yujā	ayācata|yācati|yayāce	3	mcq
24474	640124	12127	8	4	158535	yāc	VERB	Pres.Opt.3.Plur.NonPass		yāceyur	yāceyuḥ	755	yad anye śataṃ ___ brāhmaṇā go patim vaśām	yad anye śataṃ yāceyur brāhmaṇā go patim vaśām	ayācata|yācati|yāce	3	mcq
24483	640133	12127	7	2	158535	yāc	VERB	Pres.Ind.3.Plur.NonPass		yācanti	yācanti	755	tebhyo ___ brāhmaṇās teṣv āvṛścate a dadat	tebhyo yācanti brāhmaṇās teṣv āvṛścate a dadat	ayācata|yācati|yāce	3	mcq
16014	648825_1	14339	4	1	158867	bhañj	VERB	Pres.Imp.2.Sing.NonPass		bhaṅdhi	bhaṅdhi	754	___ darbha sapatnān me	bhaṅdhi darbha sapatnān me	babhañja|abhajyata|bhajyate	3	mcq
16016	648826_1	14339	4	1	158867	bhañj	VERB	Pres.Imp.2.Sing.NonPass		bhaṅdhi	bhaṅdhi	754	___ me sarvān durhārdaḥ	bhaṅdhi me sarvān durhārdaḥ	babhañja|abhajyata|bhajyate	3	mcq
16017	648826_2	14339	4	1	158867	bhañj	VERB	Pres.Imp.2.Sing.NonPass		bhaṅdhi	bhaṅdhi	754	___ me dviṣataḥ maṇe	bhaṅdhi me dviṣataḥ maṇe	babhañja|abhajyata|bhajyate	3	mcq
15232	648105	16498	10	1	18377	sabhā	NOUN	Loc.Sing		sabhāyāṃ	sabhāyām	752	___ varcaḥ samityāṃ ca varco vadhvāṃ varca uta varco vareṣu	sabhāyāṃ varcaḥ samityāṃ ca varco vadhvāṃ varca uta varco vareṣu	sabhām|sabhā|sabhāsu	3	mcq
20925	636694_1	11529	9	1	18377	sabhā	NOUN	Nom.Sing		sabhā	sabhā	752	___ ca mā samitiḥ ca avatām prajāpateḥ duhitarau saṃvidāne	sabhā ca mā samitiḥ ca avatām prajāpateḥ duhitarau saṃvidāne	sabhām|sabhāyām|sabhāsu	3	mcq
21043	636808_2	11626	4	1	18377	sabhā	NOUN	Loc.Sing		sabhāyām	sabhāyām	752	___ aha tvam vada	sabhāyām aha tvam vada	sabhām|sabhā|sabhāsu	3	mcq
14	479285	7024	9	3	9718	adhvan	NOUN	Nom.Sing		adhvā	adhvā	751	ta eva ___ kathā vastu sa niḥsārāḥ sa vastukāḥ	ta eva adhvā kathā vastu sa niḥsārāḥ sa vastukāḥ	adhvānam|adhvani|adhvanaḥ	3	mcq
6694	652415	12059	8	4	9718	adhvan	NOUN	Acc.Sing		adhva	adhva	751	tad yathā dīrgha ___ upavimokaṃ yāyāt tādṛk tat	tad yathā dīrgha adhva upavimokaṃ yāyāt tādṛk tat	adhvani|adhvā|adhvanaḥ	3	mcq
11906	465957	7259	6	2	9718	adhvan	NOUN	Gen.Sing		adhvanaḥ	adhvanaḥ	751	purastād ___ samyak praśāstā rakṣaṇāni ca	purastād adhvanaḥ samyak praśāstā rakṣaṇāni ca	adhvānam|adhvani|adhvā	3	mcq
53992	436264	7531	8	2	160195	udāhṛ	VERB	Pres.Ind.3.Plur.NonPass		udāharanti	udāharanti	751	tatra ___ āghāraṃ prakṛtiṃ prāha darvī homasya bādariḥ	tatra udāharanti āghāraṃ prakṛtiṃ prāha darvī homasya bādariḥ	udāharet|udāhariṣyāmaḥ|udāharat	3	mcq
55202	437482	15901	11	2	160195	udāhṛ	VERB	Pres.Ind.3.Plur.NonPass		udāharanti	udāharanti	751	tatra ___ bhūr ity ṛco bhuva iti yajūṃṣi suvar iti sāmāni	tatra udāharanti bhūr ity ṛco bhuva iti yajūṃṣi suvar iti sāmāni	udāharet|udāhariṣyāmaḥ|udāharat	3	mcq
68781	96293	774	6	3	160195	udāhṛ	VERB	Pres.Ind.3.Plur.NonPass		udāharanti	udāharanti	751	atra api ___ imam itihāsaṃ purātanam	atra api udāharanti imam itihāsaṃ purātanam	udāharet|udāhariṣyāmaḥ|udāharat	3	mcq
90384	99313	869	6	1	163114	prasū	VERB	Pres.Ind.3.Plur.Pass		prasūyante	prasūyante	751	___ striyaḥ anyeṣām aṭavī viṭapa ādiṣu	prasūyante striyaḥ anyeṣām aṭavī viṭapa ādiṣu	prasavet|prasuva|prasauti	3	mcq
109845	62916	3407	9	2	163114	prasū	VERB	Pres.Ind.3.Sing.NonPass		prasūte	prasūte	751	kasmāt ___ sucireṇa garbham ekaḥ abhivṛddhim ca yame abhyupaiti	kasmāt prasūte sucireṇa garbham ekaḥ abhivṛddhim ca yame abhyupaiti	prasavet|prasuva|prasūyante	3	mcq
110399	63470	3451	6	1	163114	prasū	VERB	Pres.Imp.2.Sing.NonPass		prasūṣva	prasūṣva	751	___ tvam avikliṣṭam avikliṣṭā śubha ānane	prasūṣva tvam avikliṣṭam avikliṣṭā śubha ānane	prasavet|prasauti|prasavati	3	mcq
9407	76565	491	7	5	3818	kṛcchra	NOUN	Nom.Sing		kṛcchram	kṛcchram	750	deva bhūya ādikam tadvat ___ sāṃtapana ādikam	deva bhūya ādikam tadvat kṛcchram sāṃtapana ādikam	kṛcchrāt|kṛcchreṇa|kṛcchreṣu	3	mcq
10352	464378	7322	8	5	3818	kṛcchra	NOUN	Loc.Plur		kṛcchreṣu	kṛcchreṣu	750	mantrayamāṇo hi ekena artha ___ niścayaṃ na adhigacchet	mantrayamāṇo hi ekena artha kṛcchreṣu niścayaṃ na adhigacchet	kṛcchrāt|kṛcchram|kṛcchreṇa	3	mcq
10355	464381	7322	6	5	3818	kṛcchra	NOUN	Ins.Sing		kṛcchreṇa	kṛcchreṇa	750	tat triṣu caturṣu vā ___ upapadyate	tat triṣu caturṣu vā kṛcchreṇa upapadyate	kṛcchrāt|kṛcchram|kṛcchraḥ	3	mcq
11919	465970	7260	10	1	65205	yojana	NOUN	Nom.Sing		yojanam	yojanam	749	___ adhamā adhyardhaṃ madhyamā dvi yojanam uttamā sambhāvyā vā gatiḥ	yojanam adhamā adhyardhaṃ madhyamā dvi yojanam uttamā sambhāvyā vā gatiḥ	yojanānām|yojane|yojanāni	3	mcq
14452	647350	11398	8	3	65205	yojana	NOUN	Acc.Sing		yojanaṃ	yojanam	749	āre asya ___ hariṣṭhā madhu tvā madhulā karat	āre asya yojanaṃ hariṣṭhā madhu tvā madhulā karat	yojanānām|yojane|yojanāni	3	mcq
14461	647359	11398	8	3	65205	yojana	NOUN	Acc.Sing		yojanaṃ	yojanam	749	āre asya ___ hariṣṭhā madhu tvā madhulā karat	āre asya yojanaṃ hariṣṭhā madhu tvā madhulā karat	yojanānām|yojane|yojanāni	3	mcq
75	479346	7024	7	2	42371	dhānya	NOUN	Loc.Sing		dhānye	dhānye	748	tri ___ dravyavān ekaḥ kṣaṇikāḥ paścimāḥ trayaḥ	tri dhānye dravyavān ekaḥ kṣaṇikāḥ paścimāḥ trayaḥ	dhānyam|dhānyānām|dhānyaiḥ	3	mcq
969	506188	7429	10	1	12685	kalka	NOUN	Nom.Sing		kalkaś	kalkaḥ	748	___ ca cūrṇaṃ ca ghaṭī tṛtīye kaṣāyakaṃ jīryati yāma mātre	kalkaś ca cūrṇaṃ ca ghaṭī tṛtīye kaṣāyakaṃ jīryati yāma mātre	kalkena|kalkam|kalkaiḥ	3	mcq
9702	76860	491	7	1	42371	dhānya	NOUN	Nom.Sing		dhānyaṃ	dhānyam	748	___ vrīhiḥ stambakariḥ stambo gucchas tṛṇa ādeḥ	dhānyaṃ vrīhiḥ stambakariḥ stambo gucchas tṛṇa ādeḥ	dhānye|dhānyānām|dhānyaiḥ	3	mcq
9706	76864	491	6	3	42371	dhānya	NOUN	Nom.Sing		dhānyaṃ	dhānyam	748	ṛddham āvasitam ___ pūtaṃ tu bahulīkṛtam	ṛddham āvasitam dhānyaṃ pūtaṃ tu bahulīkṛtam	dhānye|dhānyānām|dhānyaiḥ	3	mcq
37755	28951	2932	7	1	12685	kalka	NOUN	Ins.Plur		kalkair	kalkaiḥ	748	___ yuktaṃ vipakvaṃ vā yathā sparśam prayojayet	kalkair yuktaṃ vipakvaṃ vā yathā sparśam prayojayet	kalkena|kalkam|kalkaḥ	3	mcq
37772	28968	2932	5	1	12685	kalka	NOUN	Nom.Sing		kalko	kalkaḥ	748	___ rasakriyā cūrṇas trividhaṃ pratisāraṇam	kalko rasakriyā cūrṇas trividhaṃ pratisāraṇam	kalkena|kalkam|kalkaiḥ	3	mcq
7798	556339_1	8826	4	3	137465	mūrti	NOUN	Nom.Sing		mūrtiḥ	mūrtiḥ	747	tābhyaḥ abhitaptābhyaḥ ___ ajāyata	tābhyaḥ abhitaptābhyaḥ mūrtiḥ ajāyata	mūrtim|mūrtayaḥ|mūrtaye	3	mcq
7799	556340_1	8826	8	4	137465	mūrti	NOUN	Nom.Sing		mūrtiḥ	mūrtiḥ	747	yā vai sā ___ ajāyata annam vai tat	yā vai sā mūrtiḥ ajāyata annam vai tat	mūrtim|mūrtayaḥ|mūrtaye	3	mcq
47481	38684	4842	10	5	137465	mūrti	NOUN	Nom.Sing		mūrtiḥ	mūrtiḥ	747	tāmra stha dhānyāmla nimagna ___ artim jayati akṣiṇi na ekarūpām	tāmra stha dhānyāmla nimagna mūrtiḥ artim jayati akṣiṇi na ekarūpām	mūrtim|mūrtayaḥ|mūrtaye	3	mcq
3393	749321	15207	8	4	6485	aja	NOUN	Nom.Sing		ajaḥ	ajaḥ	745	ino vasuḥ sam ___ parvateṣṭhāḥ prati vām ṛjīṣī	ino vasuḥ sam ajaḥ parvateṣṭhāḥ prati vām ṛjīṣī	ajam|ajasya|ajāḥ	3	mcq
4699	650610_1	11020	5	2	6485	aja	NOUN	Loc.Sing		aje	aje	745	saḥ ___ jyoktamām iva aramata	saḥ aje jyoktamām iva aramata	ajaḥ|ajam|ajasya	3	mcq
4702	650611_2	11020	4	2	6485	aja	NOUN	Abl.Sing		ajāt	ajāt	745	saḥ ___ ālabdhāt udakrāmat	saḥ ajāt ālabdhāt udakrāmat	ajaḥ|ajam|ajasya	3	mcq
162809	767119	17452	7	1	165182	samāgam	VERB	Past.Ind.3.Plur.NonPass		samājagmur	samājagmuḥ	744	___ mahā vīryāḥ nānā digbhyaḥ śriyā anvitāḥ	samājagmur mahā vīryāḥ nānā digbhyaḥ śriyā anvitāḥ	samāgacchat|samājagāma|samāgacchanti	3	mcq
163408	767718	17457	4	2	165182	samāgam	VERB	Past.Ind.3.Plur.NonPass		samājagmur	samājagmuḥ	744	prīyamāṇāḥ ___ ālokya madhusūdanam	prīyamāṇāḥ samājagmur ālokya madhusūdanam	samāgacchat|samājagāma|samāgacchanti	3	mcq
10646	464672	7283	4	2	140873	pradhāna	NOUN	Nom.Sing		pradhānam	pradhānam	742	hasti ___ vijayo rājñaḥ	hasti pradhānam vijayo rājñaḥ	pradhānasya|pradhānāḥ|pradhānāt	3	mcq
15476	648321_3	14731	5	5	21299	apāna	NOUN	Nom.Dual		apānau	apānau	742	a kṣitau me prāṇa ___	a kṣitau me prāṇa apānau	apānaḥ|apānam|apānāya	3	mcq
15537	648389_1	15419	6	1	21299	apāna	NOUN	Acc.Plur		apānān	apānān	742	___ prāṇān saṃchidya dviṣataḥ pātaya adharān	apānān prāṇān saṃchidya dviṣataḥ pātaya adharān	apānaḥ|apānau|apānam	3	mcq
15948	648768	14726	7	1	21299	apāna	NOUN	Acc.Sing		apānam	apānam	742	___ asya prāṇaṃ ca agne vardhaya jīvase	apānam asya prāṇaṃ ca agne vardhaya jīvase	apānaḥ|apānau|apānāya	3	mcq
26510	708967	17580	8	3	140873	pradhāna	NOUN	Nom.Sing		pradhānaṃ	pradhānam	742	ud uttamaṃ ___ syāt pañca ājya āhutayaḥ tathā	ud uttamaṃ pradhānaṃ syāt pañca ājya āhutayaḥ tathā	pradhānasya|pradhānāḥ|pradhānāt	3	mcq
35097	555775	8743	6	2	78988	mānasa	NOUN	Nom.Sing		mānasaṃ	mānasam	742	niḥspṛhaṃ ___ yasya nairāśye 'pi mahātmanaḥ	niḥspṛhaṃ mānasaṃ yasya nairāśye 'pi mahātmanaḥ	mānasāḥ|mānase|mānasaiḥ	3	mcq
35481	556159	8847	7	7	78988	mānasa	NOUN	Nom.Sing		mānasaḥ	mānasaḥ	742	paśyan śṛṇvan spṛśan jighrann aśnan nistarṣa ___	paśyan śṛṇvan spṛśan jighrann aśnan nistarṣa mānasaḥ	mānasam|mānasāḥ|mānase	3	mcq
40011	31212	4017	5	2	140873	pradhāna	NOUN	Nom.Plur		pradhānāḥ	pradhānāḥ	742	vāyu ___ kupitā dhātavo rājayakṣmiṇaḥ	vāyu pradhānāḥ kupitā dhātavo rājayakṣmiṇaḥ	pradhānam|pradhānasya|pradhānāt	3	mcq
52227	519186	14855	5	1	78988	mānasa	NOUN	Loc.Sing		mānase	mānase	742	___ 'pi janana maraṇayoḥ anadhyāyaḥ	mānase 'pi janana maraṇayoḥ anadhyāyaḥ	mānasaḥ|mānasam|mānasāḥ	3	mcq
11044	465071	7292	5	5	50713	carman	NOUN	Nom.Sing		carma	carma	741	kāntanāvakaṃ praiyakaṃ ca uttaraparvatakam ___	kāntanāvakaṃ praiyakaṃ ca uttaraparvatakam carma	carmaṇi|carmaṇā|carmaṇām	3	mcq
11069	465096	7292	7	1	50713	carman	NOUN	Gen.Plur		carmaṇāṃ	carmaṇām	741	___ mṛdu snigdhaṃ bahula rom ca śreṣṭham	carmaṇāṃ mṛdu snigdhaṃ bahula rom ca śreṣṭham	carma|carmaṇi|carmaṇā	3	mcq
14183	647110_1	11280	6	3	157416	bhā	VERB	Pres.Imp.3.Sing.NonPass		bhātu	bhātu	741	ā ayam ___ pradiśaḥ pañca devīḥ	ā ayam bhātu pradiśaḥ pañca devīḥ	bhāti|babhau|bhānti	3	mcq
17164	649967	17570	7	1	50713	carman	NOUN	Acc.Sing		carma	carma	741	___ ābhyaḥ krūram ānahya hariṇasya bhiyaṃ kṛdhi	carma ābhyaḥ krūram ānahya hariṇasya bhiyaṃ kṛdhi	carmaṇi|carmaṇā|carmaṇām	3	mcq
26174	641747	12422	11	3	157416	bhā	VERB	Pres.Ind.3.Sing.NonPass		bhāti	bhāti	741	tasmai pra ___ nabhaso jyotiṣīmānt svargaḥ panthāḥ su kṛte deva yānaḥ	tasmai pra bhāti nabhaso jyotiṣīmānt svargaḥ panthāḥ su kṛte deva yānaḥ	babhau|bhānti|babhuḥ	3	mcq
35001	555679	8734	8	4	157416	bhā	VERB	Pres.Ind.3.Sing.NonPass		bhāti	bhāti	741	yatra viśvam idaṃ ___ kalpitaṃ rajju sarpa vat	yatra viśvam idaṃ bhāti kalpitaṃ rajju sarpa vat	babhau|bhānti|babhuḥ	3	mcq
300	590058	9741	6	1	27565	niyama	NOUN	Nom.Plur		niyamāḥ	niyamāḥ	738	___ śauca saṃtoṣau svādhyāya tapasī api	niyamāḥ śauca saṃtoṣau svādhyāya tapasī api	niyamaḥ|niyamena|niyamam	3	mcq
9376	76534	491	8	1	27565	niyama	NOUN	Nom.Sing		niyamo	niyamaḥ	738	___ vratam astrī tat ca upavāsa ādi puṇyakam	niyamo vratam astrī tat ca upavāsa ādi puṇyakam	niyamena|niyamam|niyamaiḥ	3	mcq
9399	76557	491	8	1	27565	niyama	NOUN	Nom.Sing		niyamaḥ	niyamaḥ	738	___ tu sa yat karma nityam āgantu sādhanam	niyamaḥ tu sa yat karma nityam āgantu sādhanam	niyamena|niyamam|niyamaiḥ	3	mcq
35946	26950	308	8	2	125197	gulma	NOUN	Nom.Plur		gulmāḥ	gulmāḥ	738	sa ___ bāṣpatas tatra svapno madyaṃ priyāḥ kathāḥ	sa gulmāḥ bāṣpatas tatra svapno madyaṃ priyāḥ kathāḥ	gulmam|gulmaḥ|gulme	3	mcq
39497	30698	3961	7	1	125197	gulma	NOUN	Nom.Sing		gulmaḥ	gulmaḥ	738	___ pṛthu parīṇāhaḥ ghanaḥ kūrma iva unnataḥ	gulmaḥ pṛthu parīṇāhaḥ ghanaḥ kūrma iva unnataḥ	gulmam|gulme|gulmān	3	mcq
39674	30875	3978	6	4	125197	gulma	NOUN	Ins.Sing		gulmena	gulmena	738	yasya tasya āśu ___ yasya vahnim	yasya tasya āśu gulmena yasya vahnim	gulmam|gulmaḥ|gulme	3	mcq
488	590246	9744	6	1	106647	sutā	NOUN	Nom.Sing		sutā	sutā	735	___ jayantī tavīṣī tāviṣī uccaiḥśravāḥ hayaḥ	sutā jayantī tavīṣī tāviṣī uccaiḥśravāḥ hayaḥ	sutām|sute|sutāḥ	3	mcq
2830	748763_1	14955	6	4	68657	vanaspati	NOUN	Nom.Plur		vanaspatayaḥ	vanaspatayaḥ	735	samutsṛpya vai oṣadhi ___ phalam gṛhṇanti	samutsṛpya vai oṣadhi vanaspatayaḥ phalam gṛhṇanti	vanaspatīnām|vanaspatīn|vanaspatiḥ	3	mcq
3189	749108	15129	11	2	68657	vanaspati	NOUN	Nom.Plur		vanaspatayaḥ	vanaspatayaḥ	735	oṣadhi ___ 'nnaṃ prāṇabhṛto anna ādam oṣadhi vanaspatīn hi prāṇabhṛto 'danti	oṣadhi vanaspatayaḥ 'nnaṃ prāṇabhṛto anna ādam oṣadhi vanaspatīn hi prāṇabhṛto 'danti	vanaspatīnām|vanaspatīn|vanaspatiḥ	3	mcq
3193	749112	15131	10	2	68657	vanaspati	NOUN	Nom.Plur		vanaspatayaḥ	vanaspatayaḥ	735	oṣadhi ___ yac ca kiṃca prāṇabhṛt sa ātmānam āvistarāṃ veda	oṣadhi vanaspatayaḥ yac ca kiṃca prāṇabhṛt sa ātmānam āvistarāṃ veda	vanaspatīnām|vanaspatīn|vanaspatiḥ	3	mcq
9290	76448	491	6	1	116774	śayana	NOUN	Nom.Sing		śayanaṃ	śayanam	735	___ mañca paryaṅka palyaṅkāḥ khaṭvayā samāḥ	śayanaṃ mañca paryaṅka palyaṅkāḥ khaṭvayā samāḥ	śayane|śayanāt|śayanāni	3	mcq
9885	102886	950	12	2	116774	śayana	NOUN	Loc.Sing		śayane	śayane	735	ekasmin ___ parāṅmukhatayā vītottaraṃ tāmyator anyonyasya hṛdi sthite api anunaye saṃrakṣatoḥ gauravam	ekasmin śayane parāṅmukhatayā vītottaraṃ tāmyator anyonyasya hṛdi sthite api anunaye saṃrakṣatoḥ gauravam	śayanam|śayanāt|śayanāni	3	mcq
36619	27625	1152	6	2	116774	śayana	NOUN	Abl.Sing		śayanāt	śayanāt	735	akāla ___ moha jvara staimitya pīnasāḥ	akāla śayanāt moha jvara staimitya pīnasāḥ	śayane|śayanam|śayanāni	3	mcq
65448	92740	8972	7	3	106647	sutā	NOUN	Nom.Plur		sutāḥ	sutāḥ	735	yāḥ kardama ___ proktā nava brahmarṣi patnayaḥ	yāḥ kardama sutāḥ proktā nava brahmarṣi patnayaḥ	sutā|sutām|sute	3	mcq
65665	92957	8975	11	2	106647	sutā	NOUN	Gen.Sing		sutāyāḥ	sutāyāḥ	735	kathaṃ ___ pitṛ geha kautukam niśamya dehaḥ sura varya na iṅgate	kathaṃ sutāyāḥ pitṛ geha kautukam niśamya dehaḥ sura varya na iṅgate	sutā|sutām|sute	3	mcq
6848	652569	12091	5	4	78842	māna	NOUN	Acc.Sing		mānam	mānam	732	uta īm āśu ___ piparti	uta īm āśu mānam piparti	mānaḥ|mānena|mānāt	3	mcq
10145	464157	5776	9	1	78842	māna	NOUN	Abl.Sing		mānād	mānāt	732	___ rāvaṇaḥ para dārān aprayacchan duryodhano rājyād aṃśaṃ ca	mānād rāvaṇaḥ para dārān aprayacchan duryodhano rājyād aṃśaṃ ca	mānam|mānaḥ|mānena	3	mcq
10241	464267	7309	7	4	78842	māna	NOUN	Ins.Dual		mānābhyām	mānābhyām	732	pūjitāḥ ca artha ___ rājñā rāja upajīvinām	pūjitāḥ ca artha mānābhyām rājñā rāja upajīvinām	mānam|mānaḥ|mānena	3	mcq
37050	28060	1223	5	1	156254	ci	VERB	Pres.Ind.3.Sing.Pass		cīyate	cīyate	732	___ laghu rūkṣābhiḥ oṣadhibhiḥ samīraṇaḥ	cīyate laghu rūkṣābhiḥ oṣadhibhiḥ samīraṇaḥ	cinute|cinoti|cinvīta	3	mcq
37054	28064	1223	6	1	156254	ci	VERB	Pres.Ind.3.Sing.Pass		cīyate	cīyate	732	___ snigdha śītābhiḥ udaka oṣadhibhiḥ kaphaḥ	cīyate snigdha śītābhiḥ udaka oṣadhibhiḥ kaphaḥ	cinute|cinoti|cinvīta	3	mcq
40966	32167	4137	9	9	156254	ci	VERB	Pres.Ind.3.Sing.Pass		cīyate	cīyate	732	śānta aṅgāra asitaḥ nīlo rakto vā āśu ca ___	śānta aṅgāra asitaḥ nīlo rakto vā āśu ca cīyate	cinute|cinoti|cinvīta	3	mcq
258	590016	9741	10	1	135665	kha	NOUN	Loc.Sing		khe	khe	731	___ dharma cakram camarāḥ sa pāda pīṭham mṛgendrāsanam ujjvalam ca	khe dharma cakram camarāḥ sa pāda pīṭham mṛgendrāsanam ujjvalam ca	kham|khāt|khāni	3	mcq
14582	647462	11411	7	1	135665	kha	NOUN	Loc.Sing		khe	khe	731	___ rathasya khe 'nasaḥ khe yugasya śatakrato	khe rathasya khe 'nasaḥ khe yugasya śatakrato	kham|khāt|khāni	3	mcq
22696	638355	11428	11	3	135665	kha	NOUN	Acc.Plur		khāni	khāni	731	kaḥ sapta ___ vi tatarda śīrṣaṇi karṇāv imau nāsike cakṣaṇī mukham	kaḥ sapta khāni vi tatarda śīrṣaṇi karṇāv imau nāsike cakṣaṇī mukham	kham|khe|khāt	3	mcq
37790	28987	2932	6	1	68347	vadana	NOUN	Nom.Sing		vadanaṃ	vadanam	730	___ ca aparimlānam ślakṣṇaṃ tāmarasa upamam	vadanaṃ ca aparimlānam ślakṣṇaṃ tāmarasa upamam	vadanāḥ|vadane|vadanāt	3	mcq
38090	29288	3872	7	4	68347	vadana	NOUN	Acc.Sing		vadanām	vadanām	730	paṭu taila akta ___ ślakṣṇa kaṇḍana rūṣitām	paṭu taila akta vadanām ślakṣṇa kaṇḍana rūṣitām	vadanaḥ|vadanāḥ|vadane	3	mcq
38646	29844	3934	6	3	68347	vadana	NOUN	Acc.Sing		vadanām	vadanām	730	kṣāma prasanna ___ sphurat śroṇi payodharām	kṣāma prasanna vadanām sphurat śroṇi payodharām	vadanaḥ|vadanāḥ|vadane	3	mcq
5833	651561	11736	7	1	121851	haṃsa	NOUN	Nom.Sing		haṃsaḥ	haṃsaḥ	729	___ śuciṣad ity eṣa vai haṃsaḥ śuciṣat	haṃsaḥ śuciṣad ity eṣa vai haṃsaḥ śuciṣat	haṃsāḥ|haṃsam|haṃsaiḥ	3	mcq
8975	76133	491	5	1	121851	haṃsa	NOUN	Nom.Plur		haṃsāḥ	haṃsāḥ	729	___ tu śvetagarutaḥ cakrāṅgāḥ mānasaukasaḥ	haṃsāḥ tu śvetagarutaḥ cakrāṅgāḥ mānasaukasaḥ	haṃsaḥ|haṃsam|haṃsaiḥ	3	mcq
8979	76137	491	6	1	121851	haṃsa	NOUN	Gen.Sing		haṃsasya	haṃsasya	729	___ yoṣit varaṭā sārasasya tu lakṣmaṇā	haṃsasya yoṣit varaṭā sārasasya tu lakṣmaṇā	haṃsaḥ|haṃsāḥ|haṃsam	3	mcq
315	590073	9744	7	2	74302	yāna	NOUN	Nom.Sing		yānaṃ	yānam	728	teṣāṃ ___ vimāno 'ndhaḥ pīyūṣam amṛtam sudhā	teṣāṃ yānaṃ vimāno 'ndhaḥ pīyūṣam amṛtam sudhā	yānena|yānaiḥ|yānāni	3	mcq
9521	76679	491	7	1	74302	yāna	NOUN	Loc.Sing		yāne	yāne	728	___ cakriṇi yuddha arthe śatāṅgaḥ syandano rathaḥ	yāne cakriṇi yuddha arthe śatāṅgaḥ syandano rathaḥ	yānam|yānena|yānaiḥ	3	mcq
11869	465920	11812	7	5	74302	yāna	NOUN	Acc.Sing		yānaṃ	yānam	728	bāla adhiṣṭhitam apuruṣaṃ vā ___ rājā haret	bāla adhiṣṭhitam apuruṣaṃ vā yānaṃ rājā haret	yānena|yānaiḥ|yānāni	3	mcq
1458	483857	7670	8	1	32676	ari	NOUN	Nom.Plur		arayo	arayaḥ	727	___ 'pi hi saṃdheyāḥ sati kārya artha gaurave	arayo 'pi hi saṃdheyāḥ sati kārya artha gaurave	arīn|ariḥ|arim	3	mcq
65679	92971	8975	10	2	32676	ari	NOUN	Ins.Plur		aribhiḥ	aribhiḥ	727	tathā ___ na vyathate śilīmukhaiḥ śete ardita aṅgaḥ hṛdayena dūyatā	tathā aribhiḥ na vyathate śilīmukhaiḥ śete ardita aṅgaḥ hṛdayena dūyatā	arīn|ariḥ|arayaḥ	3	mcq
67979	95403	7447	8	1	32676	ari	NOUN	Nom.Plur		arayo	arayaḥ	727	___ 'pi hi saṃdheyāḥ sati kārya artha gaurave	arayo 'pi hi saṃdheyāḥ sati kārya artha gaurave	arīn|ariḥ|arim	3	mcq
1527	483926	7672	5	3	32512	araṇya	NOUN	Loc.Sing		'raṇye	araṇye	726	śrānto nimantrito ___ muninā jamadagninā	śrānto nimantrito 'raṇye muninā jamadagninā	araṇyam|araṇyāt|araṇyeṣu	3	mcq
1850	484249	7681	7	2	24608	kumbha	NOUN	Nom.Sing		kumbho	kumbhaḥ	726	atha ___ nikumbhaś ca makarākṣaś ca rākṣasaḥ	atha kumbho nikumbhaś ca makarākṣaś ca rākṣasaḥ	kumbham|kumbhe|kumbhān	3	mcq
6697	652418	12059	9	2	32512	araṇya	NOUN	Nom.Plur		araṇyāni	araṇyāni	726	dīrghā ___ ha vai bhavanti yatra bahvībhiḥ stomo 'tiśasyate	dīrghā araṇyāni ha vai bhavanti yatra bahvībhiḥ stomo 'tiśasyate	araṇye|araṇyam|araṇyāt	3	mcq
7177	652695_4	12128	4	2	32512	araṇya	NOUN	Abl.Sing		araṇyāt	araṇyāt	726	saḥ ___ grāmam eyāya	saḥ araṇyāt grāmam eyāya	araṇye|araṇyam|araṇyeṣu	3	mcq
9494	76652	491	8	1	24608	kumbha	NOUN	Nom.Dual		kumbhau	kumbhau	726	___ tu piṇḍau śirasaḥ tayoḥ madhye viduḥ pumān	kumbhau tu piṇḍau śirasaḥ tayoḥ madhye viduḥ pumān	kumbham|kumbhe|kumbhaḥ	3	mcq
9497	76655	491	7	2	24608	kumbha	NOUN	Gen.Sing		kumbhasya	kumbhasya	726	adhaḥ ___ vāhitthaṃ pratimānam adhas 'sya yat	adhaḥ kumbhasya vāhitthaṃ pratimānam adhas 'sya yat	kumbham|kumbhe|kumbhaḥ	3	mcq
2415	484814	7696	6	1	114062	smṛti	NOUN	Loc.Sing		smṛtau	smṛtau	723	___ aṅgirasaḥ putrāḥ sinīvālī kuhūs tathā	smṛtau aṅgirasaḥ putrāḥ sinīvālī kuhūs tathā	smṛtiḥ|smṛtim|smṛtyā	3	mcq
8242	75400	488	7	1	114062	smṛti	NOUN	Nom.Sing		smṛtiḥ	smṛtiḥ	723	___ tu dharma saṃhitā samāhṛtiḥ tu saṃgrahaḥ	smṛtiḥ tu dharma saṃhitā samāhṛtiḥ tu saṃgrahaḥ	smṛtim|smṛtau|smṛtyā	3	mcq
21838	637603	12232	9	1	40221	śrama	NOUN	Nom.Sing		śramas	śramaḥ	723	___ tandrīś ca mohaś ca tair amūn abhidadhāmi sarvān	śramas tandrīś ca mohaś ca tair amūn abhidadhāmi sarvān	śramam|śrameṇa|śramāt	3	mcq
23141	638801	11575	7	2	40221	śrama	NOUN	Abl.Sing		śramāt	śramāt	723	yaḥ ___ tapaso jāto lokānt sarvānt samānaśe	yaḥ śramāt tapaso jāto lokānt sarvānt samānaśe	śramaḥ|śramam|śrameṇa	3	mcq
24538	640188	12150	7	1	40221	śrama	NOUN	Ins.Sing		śrameṇa	śrameṇa	723	___ tapasā sṛṣṭā brahmaṇā vittā ṛte śritā	śrameṇa tapasā sṛṣṭā brahmaṇā vittā ṛte śritā	śramaḥ|śramam|śramāt	3	mcq
29277	644059	10782	7	6	114062	smṛti	NOUN	Acc.Sing		smṛtiṃ	smṛtim	723	iti evam sa kṣipram eva ___ pratilabhate	iti evam sa kṣipram eva smṛtiṃ pratilabhate	smṛtiḥ|smṛtau|smṛtyā	3	mcq
1644	484043	7675	7	1	43607	nakha	NOUN	Ins.Plur		nakhair	nakhaiḥ	722	___ vidārayantaṃ tāṃ kākaṃ tad cakṣuḥ ākṣipat	nakhair vidārayantaṃ tāṃ kākaṃ tad cakṣuḥ ākṣipat	nakhāni|nakhaḥ|nakhāḥ	3	mcq
5441	651172_3	11632	4	3	43607	nakha	NOUN	Nom.Sing		nakham	nakham	722	tasmāt sa ___ iva	tasmāt sa nakham iva	nakhaiḥ|nakhāni|nakhāḥ	3	mcq
14741	647615	11435	9	2	6265	aṅgiras	NOUN	Acc.Plur		aṅgiraso	aṅgirasaḥ	722	yāv ___ 'vatho yāv agastiṃ mitra varuṇau jamadagnim atrim	yāv aṅgiraso 'vatho yāv agastiṃ mitra varuṇau jamadagnim atrim	aṅgirāḥ|aṅgirasām|aṅgiraḥ	3	mcq
17699	633631	10464	8	1	6265	aṅgiras	NOUN	Voc.Plur		aṅgirasaḥ	aṅgirasaḥ	722	___ pitaraḥ somyāsaḥ pāpam ā ṛcchatv apakāmasya kartā	aṅgirasaḥ pitaraḥ somyāsaḥ pāpam ā ṛcchatv apakāmasya kartā	aṅgirāḥ|aṅgirasām|aṅgiraḥ	3	mcq
18946	634796	10558	8	2	6265	aṅgiras	NOUN	Acc.Sing		aṅgirasam	aṅgirasam	722	yāv ___ avatho yāv agastiṃ mitrāvaruṇā jamadagnim atrim	yāv aṅgirasam avatho yāv agastiṃ mitrāvaruṇā jamadagnim atrim	aṅgirasaḥ|aṅgirāḥ|aṅgirasām	3	mcq
35781	26785	277	7	3	43607	nakha	NOUN	Ins.Plur		nakhaiḥ	nakhaiḥ	722	gātra vaktra ___ vādyaṃ hasta keśa avadhūnanam	gātra vaktra nakhaiḥ vādyaṃ hasta keśa avadhūnanam	nakhāni|nakhaḥ|nakhāḥ	3	mcq
36690	27698	1162	9	3	10080	anala	NOUN	Nom.Sing		'nalo	analaḥ	722	āma sannaḥ ___ na alam paktuṃ doṣa auṣadha aśanam	āma sannaḥ 'nalo na alam paktuṃ doṣa auṣadha aśanam	analam|anale|analena	3	mcq
40791	31992	4134	10	4	10080	anala	NOUN	Nom.Sing		'nalo	analaḥ	722	na ati mandaḥ ___ laulyaṃ na ca syād virasaṃ mukham	na ati mandaḥ 'nalo laulyaṃ na ca syād virasaṃ mukham	analam|anale|analena	3	mcq
43194	34395	4244	11	2	10080	anala	NOUN	Loc.Sing		'nale	anale	722	sanne ___ santi na santi dīpte rakṣed atas teṣu viśeṣato 'gnim	sanne 'nale santi na santi dīpte rakṣed atas teṣu viśeṣato 'gnim	analaḥ|analam|analena	3	mcq
37964	29162	3005	5	3	61834	ākṛti	NOUN	Nom.Dual		ākṛtinī	ākṛtinī	720	vasti yantra ___ mūle mukhe	vasti yantra ākṛtinī mūle mukhe	ākṛtiḥ|ākṛtim|ākṛti	3	mcq
38614	29812	3934	9	3	61834	ākṛti	NOUN	Acc.Plur		ākṛtīḥ	ākṛtīḥ	720	nānā yoni ___ sattvo dhatte 'to druta loha vat	nānā yoni ākṛtīḥ sattvo dhatte 'to druta loha vat	ākṛtiḥ|ākṛtim|ākṛti	3	mcq
40275	31476	4062	7	2	61834	ākṛti	NOUN	Nom.Sing		ākṛtiḥ	ākṛtiḥ	720	sarva ___ tribhir doṣaiḥ apasmāraḥ iva aparaḥ	sarva ākṛtiḥ tribhir doṣaiḥ apasmāraḥ iva aparaḥ	ākṛtim|ākṛtayaḥ|ākṛti	3	mcq
8485	75643	488	8	3	44339	naraka	NOUN	Nom.Sing		narakam	narakam	718	pātāla bhogi ___ vāri ca eṣām ca saṃgatam	pātāla bhogi narakam vāri ca eṣām ca saṃgatam	narake|narakān|narakāt	3	mcq
9339	76497	491	5	2	123947	gārhapatya	NOUN	Abl.Sing		gārhapatyāt	gārhapatyāt	718	yo ___ ānīya dakṣiṇāgniḥ praṇīyate	yo gārhapatyāt ānīya dakṣiṇāgniḥ praṇīyate	gārhapatyam|gārhapatye|gārhapatyaḥ	3	mcq
12215	687030	14338	8	2	123947	gārhapatya	NOUN	Abl.Sing		gārhapatyād	gārhapatyāt	718	iti ___ adhy āhavanīya uda tantum niṣiñcan iyāt	iti gārhapatyād adhy āhavanīya uda tantum niṣiñcan iyāt	gārhapatyam|gārhapatye|gārhapatyaḥ	3	mcq
12239	687054	14358	9	7	123947	gārhapatya	NOUN	Nom.Dual		gārhapatyau	gārhapatyau	718	etena ha vā asya saṃtvaramāṇasya āhavanīya ___ pāpmānam apahataḥ	etena ha vā asya saṃtvaramāṇasya āhavanīya gārhapatyau pāpmānam apahataḥ	gārhapatyam|gārhapatye|gārhapatyaḥ	3	mcq
52299	519258	14858	7	3	44339	naraka	NOUN	Acc.Sing		narakaṃ	narakam	718	sarve te ___ yānti dātṛ yājaka pañcamāḥ	sarve te narakaṃ yānti dātṛ yājaka pañcamāḥ	narake|narakān|narakāt	3	mcq
65193	92439	970	8	3	44339	naraka	NOUN	Nom.Sing		narakaḥ	narakaḥ	718	atra eva ___ svarga iti mā atas pracakṣate	atra eva narakaḥ svarga iti mā atas pracakṣate	narakam|narake|narakān	3	mcq
4331	650426_1	10916	6	1	157586	sāday	VERB	Pres.Imp.2.Sing.NonPass		sādaya	sādaya	717	___ yajñam su kṛtasya yonau iti	sādaya yajñam su kṛtasya yonau iti	sādayati|sādayāmi|sādayet	3	mcq
57324	671338	16675	9	6	157586	sāday	VERB	Pres.Ind.3.Sing.NonPass		sādayati	sādayati	717	atha enam dakṣiṇata upāṃśusavanena saṃspṛṣṭaṃ ___ prāṇāya tvā iti	atha enam dakṣiṇata upāṃśusavanena saṃspṛṣṭaṃ sādayati prāṇāya tvā iti	sādayāmi|sādayet|sādayatu	3	mcq
57370	671384	16678	9	6	157586	sāday	VERB	Pres.Ind.3.Sing.NonPass		sādayaty	sādayati	717	atha enam uttarata upāṃśusavanena saṃspṛṣṭaṃ ___ apānāya tvā iti	atha enam uttarata upāṃśusavanena saṃspṛṣṭaṃ sādayaty apānāya tvā iti	sādayāmi|sādayet|sādayatu	3	mcq
13173	646164	10879	9	5	157173	tan	VERB	Pres.Imp.2.Sing.NonPass		tanu	tanu	715	iha eva abhi vi ___ ubhe ārtnī iva jyayā	iha eva abhi vi tanu ubhe ārtnī iva jyayā	tāyate|tanvate|tanute	3	mcq
16425	649226	17493	9	3	157173	tan	VERB	Pres.Ind.1.Sing.NonPass		tanomi	tanomi	715	ā aham ___ te paso adhi jyām iva dhanvani	ā aham tanomi te paso adhi jyām iva dhanvani	tāyate|tanvate|tanute	3	mcq
17234	633188_1	10439	9	5	157173	tan	VERB	Pres.Imp.2.Sing.NonPass		tanu	tanu	715	iha eva abhi vi ___ ubhe ārtnī iva jyayā	iha eva abhi vi tanu ubhe ārtnī iva jyayā	tāyate|tanvate|tanute	3	mcq
26242	641815	12422	11	3	156262	cyu	VERB	Pres.Imp.2.Dual.NonPass		cyavethām	cyavethām	715	ā pra ___ apa tan mṛjethāṃ yad vām abhibhā atra ūcuḥ	ā pra cyavethām apa tan mṛjethāṃ yad vām abhibhā atra ūcuḥ	cyavate|cyavante|acucyavuḥ	3	mcq
110788	63859	5333	6	2	156262	cyu	VERB	Pres.Ind.3.Sing.NonPass		cyavate	cyavate	715	satataṃ ___ yasya dūrāt tam parivarjayet	satataṃ cyavate yasya dūrāt tam parivarjayet	cyavante|acucyavuḥ|cyavasva	3	mcq
11230	465257	7295	7	3	32168	amla	NOUN	Loc.Sing		amle	amle	714	abhyuddhāryaṃ badara ___ lavaṇa udake vā sādayanti	abhyuddhāryaṃ badara amle lavaṇa udake vā sādayanti	amlena|amlaiḥ|amlam	3	mcq
36560	27566	1152	7	2	32168	amla	NOUN	Nom.Sing		amlaṃ	amlam	714	viruddham ___ payasā saha sarvaṃ phalaṃ tathā	viruddham amlaṃ payasā saha sarvaṃ phalaṃ tathā	amlena|amlaiḥ|amle	3	mcq
43293	34494	4254	9	4	32168	amla	NOUN	Ins.Plur		amlaiḥ	amlaiḥ	714	tebhiḥ eva ca ___ saṃyojya siddhaṃ su ślakṣṇa kalkitaiḥ	tebhiḥ eva ca amlaiḥ saṃyojya siddhaṃ su ślakṣṇa kalkitaiḥ	amlena|amlam|amle	3	mcq
77648	576889	9767	6	1	18690	parākrama	NOUN	Ins.Sing		parākrameṇa	parākrameṇa	713	___ tat jiṣṇoḥ prabhāvāt ca _	parākrameṇa tat jiṣṇoḥ prabhāvāt ca _	parākramaḥ|parākramam|parākramāḥ	3	mcq
78976	578217	9716	7	7	18690	parākrama	NOUN	Nom.Sing		parākramaḥ	parākramaḥ	713	sarva astra śastra kuśalaḥ yakṣa tulya ___	sarva astra śastra kuśalaḥ yakṣa tulya parākramaḥ	parākramam|parākramāḥ|parākrame	3	mcq
83464	582705	9728	7	2	18690	parākrama	NOUN	Ins.Sing		parākrameṇa	parākrameṇa	713	tyaktvā ___ eva sa jagrāha bala utkaṭaḥ	tyaktvā parākrameṇa eva sa jagrāha bala utkaṭaḥ	parākramaḥ|parākramam|parākramāḥ	3	mcq
60906	88059	5336	5	2	93165	pāñcāla	NOUN	Acc.Plur		pāñcālān	pāñcālān	711	kurujāṅgala ___ śūrasenān sa yāmunān	kurujāṅgala pāñcālān śūrasenān sa yāmunān	pāñcālāḥ|pāñcālānām|pāñcālaiḥ	3	mcq
76608	575849	9767	6	1	93165	pāñcāla	NOUN	Acc.Plur		pāñcālān	pāñcālān	711	___ putraiḥ gacchāmaḥ samṛddhān kṛśa vetanāḥ	pāñcālān putraiḥ gacchāmaḥ samṛddhān kṛśa vetanāḥ	pāñcālāḥ|pāñcālānām|pāñcālaiḥ	3	mcq
76953	576194	9767	6	3	93165	pāñcāla	NOUN	Loc.Sing		pāñcāle	pāñcāle	711	iti uktavati ___ rāja putre nareśvarāḥ	iti uktavati pāñcāle rāja putre nareśvarāḥ	pāñcālāḥ|pāñcālān|pāñcālānām	3	mcq
5118	650851	11498	11	2	105296	savana	NOUN	Ins.Plur		savanai	savanaiḥ	709	cakṣuṣmadbhiḥ ___ rādhnoti cakṣuṣmadbhiḥ savanaiḥ svargaṃ lokam eti ya evaṃ veda	cakṣuṣmadbhiḥ savanai rādhnoti cakṣuṣmadbhiḥ savanaiḥ svargaṃ lokam eti ya evaṃ veda	savane|savanam|savanasya	3	mcq
5447	651175	11636	10	2	105296	savana	NOUN	Ins.Plur		savanaiḥ	savanaiḥ	709	sarvaiḥ ___ samāvat vīryaiḥ samāvat jāmibhiḥ rādhnoti ya evaṃ veda	sarvaiḥ savanaiḥ samāvat vīryaiḥ samāvat jāmibhiḥ rādhnoti ya evaṃ veda	savane|savanam|savanasya	3	mcq
5679	651407	11719	8	2	105296	savana	NOUN	Abl.Plur		savanebhyaḥ	savanebhyaḥ	709	sarvebhyaḥ ___ saṃnirmitena ṣoﾱaśinā rādhnoti ya evaṃ veda	sarvebhyaḥ savanebhyaḥ saṃnirmitena ṣoﾱaśinā rādhnoti ya evaṃ veda	savane|savanam|savanasya	3	mcq
643	590402	9744	8	1	99128	sūtra	NOUN	Nom.Sing		sūtraṃ	sūtram	708	___ sūcana kṛt bhāṣyam sūtra ukta artha prapañcakam	sūtraṃ sūcana kṛt bhāṣyam sūtra ukta artha prapañcakam	sūtreṇa|sūtre|sūtraiḥ	3	mcq
4005	650269_1	10866	4	3	125259	gṛhapati	NOUN	Acc.Sing		gṛhapatim	gṛhapatim	708	syone ā ___ iti	syone ā gṛhapatim iti	gṛhapatiḥ|gṛhapateḥ|gṛhapate	3	mcq
4094	650313_1	10885	8	1	156110	añj	VERB	Pres.Ind.3.Plur.NonPass		añjanti	añjanti	708	___ yam prathayantaḥ na viprāḥ iti ajyamānāya abhirūpā	añjanti yam prathayantaḥ na viprāḥ iti ajyamānāya abhirūpā	anakti|anaktu|ajyate	3	mcq
4495	650506_1	10955	6	1	156110	añj	VERB	Pres.Ind.1.Plur.NonPass		añjmaḥ	añjmaḥ	708	___ yūpam anubrūhi iti āha adhvaryuḥ	añjmaḥ yūpam anubrūhi iti āha adhvaryuḥ	anakti|anaktu|ajyate	3	mcq
4496	650507_1	10955	6	1	156110	añj	VERB	Pres.Ind.3.Plur.NonPass		añjanti	añjanti	708	___ tvām adhvare devayantaḥ iti anvāha	añjanti tvām adhvare devayantaḥ iti anvāha	anakti|anaktu|ajyate	3	mcq
6891	652596_16	12095	4	2	125259	gṛhapati	NOUN	Nom.Sing		gṛhapatiḥ	gṛhapatiḥ	708	tam ___ eva praśiṃṣyāt	tam gṛhapatiḥ eva praśiṃṣyāt	gṛhapateḥ|gṛhapate|gṛhapatinā	3	mcq
10988	465015	7292	4	1	99128	sūtra	NOUN	Nom.Sing		sūtram	sūtram	708	___ eka āvaliḥ śuddhā	sūtram eka āvaliḥ śuddhā	sūtreṇa|sūtre|sūtraiḥ	3	mcq
12697	687523	14394	5	3	125259	gṛhapati	NOUN	Gen.Sing		gṛhapater	gṛhapateḥ	708	na hi ___ upadīkṣā vidyate	na hi gṛhapater upadīkṣā vidyate	gṛhapatiḥ|gṛhapate|gṛhapatinā	3	mcq
18077	633981	10481	7	2	99128	sūtra	NOUN	Loc.Sing		sūtre	sūtre	708	piśaṅge ___ khṛgalaṃ tad ā badhnanti vedhasaḥ	piśaṅge sūtre khṛgalaṃ tad ā badhnanti vedhasaḥ	sūtreṇa|sūtram|sūtraiḥ	3	mcq
2614	748643_1	14905	4	1	7167	atithi	NOUN	Acc.Sing		atithim	atithim	705	___ iti padam bhavati	atithim iti padam bhavati	atithiḥ|atithīn|atithayaḥ	3	mcq
2616	748643_3	14905	4	2	7167	atithi	NOUN	Nom.Sing		atithiḥ	atithiḥ	705	īśvaraḥ ___ eva caritoḥ	īśvaraḥ atithiḥ eva caritoḥ	atithim|atithīn|atithayaḥ	3	mcq
4001	650266_1	10866	4	3	88590	jātavedas	NOUN	Loc.Sing		jātavedasi	jātavedasi	705	ā jātam ___ iti	ā jātam jātavedasi iti	jātavedaḥ|jātavedasam|jātavedāḥ	3	mcq
4002	650267_1	10866	4	3	88590	jātavedas	NOUN	Nom.Sing		jātavedāḥ	jātavedāḥ	705	jātaḥ itaraḥ ___ itaraḥ	jātaḥ itaraḥ jātavedāḥ itaraḥ	jātavedaḥ|jātavedasam|jātavedase	3	mcq
4004	650268_2	10866	9	6	7167	atithi	NOUN	Nom.Sing		atithiḥ	atithiḥ	705	eṣa ha vai asya priyaḥ ___ yat agniḥ agneḥ	eṣa ha vai asya priyaḥ atithiḥ yat agniḥ agneḥ	atithim|atithīn|atithayaḥ	3	mcq
4319	650420_1	10916	4	1	88590	jātavedas	NOUN	Voc.Sing		jātavedaḥ	jātavedaḥ	705	___ ni dhīmahi iti	jātavedaḥ ni dhīmahi iti	jātavedasam|jātavedāḥ|jātavedase	3	mcq
22402	638071	11406	11	1	23616	kīrti	NOUN	Acc.Sing		kīrtiṃ	kīrtim	705	___ vā eṣa yaśaś ca gṛhāṇām aśnāti yaḥ pūrvo 'tither aśnāti	kīrtiṃ vā eṣa yaśaś ca gṛhāṇām aśnāti yaḥ pūrvo 'tither aśnāti	kīrtiḥ|kīrtyā|kīrteḥ	3	mcq
25267	640901_1	12279	10	3	23616	kīrti	NOUN	Nom.Sing		kīrtiḥ	kīrtiḥ	705	ā enam ___ gacchati ā yaśaḥ gacchati yaḥ evam veda	ā enam kīrtiḥ gacchati ā yaśaḥ gacchati yaḥ evam veda	kīrtim|kīrtyā|kīrteḥ	3	mcq
25275	640908_1	12279	10	3	23616	kīrti	NOUN	Nom.Sing		kīrtiḥ	kīrtiḥ	705	ā enam ___ gacchati ā yaśaḥ gacchati yaḥ evam veda	ā enam kīrtiḥ gacchati ā yaśaḥ gacchati yaḥ evam veda	kīrtim|kīrtyā|kīrteḥ	3	mcq
35720	26724	277	6	1	83361	tṛṣṇā	NOUN	Nom.Sing		tṛṣṇā	tṛṣṇā	704	___ kṣayaḥ pratamako raktapittaṃ śramaḥ klamaḥ	tṛṣṇā kṣayaḥ pratamako raktapittaṃ śramaḥ klamaḥ	tṛṣṇām|tṛṣṇayā|tṛṣṇānām	3	mcq
35935	26939	308	7	1	83361	tṛṣṇā	NOUN	Gen.Sing		tṛṣṇāyā	tṛṣṇāyāḥ	704	___ nigrahāt tatra śītaḥ sarvo vidhir hitaḥ	tṛṣṇāyā nigrahāt tatra śītaḥ sarvo vidhir hitaḥ	tṛṣṇā|tṛṣṇām|tṛṣṇayā	3	mcq
39529	30730	3961	5	1	83361	tṛṣṇā	NOUN	Ins.Sing		tṛṣṇayā	tṛṣṇayā	704	___ anuparītasya sadyo muṣṇāti jīvitam	tṛṣṇayā anuparītasya sadyo muṣṇāti jīvitam	tṛṣṇā|tṛṣṇām|tṛṣṇānām	3	mcq
91753	477855	6778	10	2	144381	puṃgava	NOUN	Voc.Sing		puṃgavaiḥ	puṃgavaiḥ	704	nara ___ janma mṛtyu bhītaḥ śramaṇaḥ pravrajito 'smi mokṣa hetoḥ	nara puṃgavaiḥ janma mṛtyu bhītaḥ śramaṇaḥ pravrajito 'smi mokṣa hetoḥ	puṃgavaḥ|puṃgavāḥ|puṃgavam	3	mcq
113335	67694	1639	7	1	163598	vivarjay	VERB	Pres.Opt.3.Sing.NonPass		vivarjayet	vivarjayet	704	___ payas śeṣam tat pūtam kṣaudra sarpiṣā	vivarjayet payas śeṣam tat pūtam kṣaudra sarpiṣā	vivarjaya|vivarjayiṣyanti|vyavarjayan	3	mcq
160007	764317	17397	7	3	144381	puṃgava	NOUN	Nom.Sing		puṃgavaḥ	puṃgavaḥ	704	yathā hi ___ śreṣṭho magne dhuri niyujyate	yathā hi puṃgavaḥ śreṣṭho magne dhuri niyujyate	puṃgavaiḥ|puṃgavāḥ|puṃgavam	3	mcq
160046	764356	17397	7	3	144381	puṃgava	NOUN	Ins.Plur		puṃgavaiḥ	puṃgavaiḥ	704	yad vayaṃ ___ sārdhaṃ vardhāmaḥ prasavais tathā	yad vayaṃ puṃgavaiḥ sārdhaṃ vardhāmaḥ prasavais tathā	puṃgavaḥ|puṃgavāḥ|puṃgavam	3	mcq
2660	748664_2	14908	6	2	20433	annādya	NOUN	Nom.Sing		annādyam	annādyam	703	nyūne ___ pratiṣṭhitam eteṣām kāmānām avaruddhyai	nyūne annādyam pratiṣṭhitam eteṣām kāmānām avaruddhyai	annādyasya|annādyāya|annādyena	3	mcq
2808	748751_2	14955	5	4	20433	annādya	NOUN	Nom.Sing		annādyam	annādyam	703	etāvatā vai sarvam ___ kriyate	etāvatā vai sarvam annādyam kriyate	annādyasya|annādyāya|annādyena	3	mcq
2809	748751_3	14955	4	3	20433	annādya	NOUN	Nom.Sing		annādyam	annādyam	703	etāvatā sarvam ___ abhipannam	etāvatā sarvam annādyam abhipannam	annādyasya|annādyāya|annādyena	3	mcq
7892	75050	488	6	1	31658	amara	NOUN	Nom.Plur		amarā	amarāḥ	703	___ nirjarā devāḥ tridaśāḥ vibudhāḥ surāḥ	amarā nirjarā devāḥ tridaśāḥ vibudhāḥ surāḥ	amaraiḥ|amaraḥ|amarān	3	mcq
26722	642065	10679	12	7	147869	bāndhava	NOUN	Ins.Plur		bāndhavaiḥ	bāndhavaiḥ	703	sa śramaṇa brāhmaṇa naimittika suhṛd saṃbandhi ___ ucyate devatā yācanam kuruṣva iti	sa śramaṇa brāhmaṇa naimittika suhṛd saṃbandhi bāndhavaiḥ ucyate devatā yācanam kuruṣva iti	bāndhavāḥ|bāndhavaḥ|bāndhavān	3	mcq
46018	37220	4574	7	4	147869	bāndhava	NOUN	Acc.Sing		bāndhavaṃ	bāndhavam	703	nakṣatra devatā yuktam ___ vā sama akṣaram	nakṣatra devatā yuktam bāndhavaṃ vā sama akṣaram	bāndhavāḥ|bāndhavaḥ|bāndhavaiḥ	3	mcq
64693	91939	965	6	6	147869	bāndhava	NOUN	Nom.Plur		bāndhavāḥ	bāndhavāḥ	703	mad kṛte tyakta sva jana ___	mad kṛte tyakta sva jana bāndhavāḥ	bāndhavaḥ|bāndhavaiḥ|bāndhavān	3	mcq
78581	577822	9716	7	3	133996	kaurava	NOUN	Nom.Sing		kauravaḥ	kauravaḥ	703	iti uktvā ___ kṛṣṇa grahaṇe jāta niścayaḥ	iti uktvā kauravaḥ kṛṣṇa grahaṇe jāta niścayaḥ	kauravāṇām|kauravāḥ|kauravaiḥ	3	mcq
78715	577956	9716	5	3	133996	kaurava	NOUN	Ins.Sing		kauraveṇa	kauraveṇa	703	iti arthitaḥ ___ vyājahāra pitāmahaḥ	iti arthitaḥ kauraveṇa vyājahāra pitāmahaḥ	kauravāṇām|kauravāḥ|kauravaḥ	3	mcq
78816	578057	9716	6	3	133996	kaurava	NOUN	Ins.Sing		kauraveṇa	kauraveṇa	703	iti bruvan ___ pṛṣṭaḥ śāntanavaḥ punaḥ	iti bruvan kauraveṇa pṛṣṭaḥ śāntanavaḥ punaḥ	kauravāṇām|kauravāḥ|kauravaḥ	3	mcq
104978	57955	289	7	2	31658	amara	NOUN	Nom.Plur		amarāḥ	amarāḥ	703	sa ___ parama ṛṣīṇām śrutvā mumudire param	sa amarāḥ parama ṛṣīṇām śrutvā mumudire param	amaraiḥ|amaraḥ|amarān	3	mcq
111398	64471	1415	6	2	31658	amara	NOUN	Gen.Plur		amarāṇām	amarāṇām	703	yathā ___ amṛtaṃ yathā bhogavatāṃ sudhā	yathā amarāṇām amṛtaṃ yathā bhogavatāṃ sudhā	amaraiḥ|amarāḥ|amaraḥ	3	mcq
1792	484191	7680	6	2	86123	dūta	NOUN	Nom.Sing		dūtaḥ	dūtaḥ	702	rāma ___ rāghavāya sītāṃ dehi mariṣyasi	rāma dūtaḥ rāghavāya sītāṃ dehi mariṣyasi	dūtam|dūtāḥ|dūtān	3	mcq
2260	484659	7692	6	1	38368	ūru	NOUN	Nom.Sing		ūruḥ	ūruḥ	702	___ puruḥ śatadyumnaḥ tapasvī satyavāc kaviḥ	ūruḥ puruḥ śatadyumnaḥ tapasvī satyavāc kaviḥ	ūrum|ūrū|ūrau	3	mcq
2262	484661	7692	6	1	38368	ūru	NOUN	Abl.Sing		ūroḥ	ūroḥ	702	___ ajanayat putrān ṣaḍagneyī mahā prabhān	ūroḥ ajanayat putrān ṣaḍagneyī mahā prabhān	ūrum|ūrū|ūruḥ	3	mcq
4346	650433_1	10916	9	2	86123	dūta	NOUN	Nom.Sing		dūtaḥ	dūtaḥ	702	tvam ___ tvam u naḥ paraspāḥ iti uttamayā paridadhāti	tvam dūtaḥ tvam u naḥ paraspāḥ iti uttamayā paridadhāti	dūtam|dūtāḥ|dūtān	3	mcq
6232	651953	11887	12	1	86123	dūta	NOUN	Acc.Sing		dūtaṃ	dūtam	702	___ vo viśva vedasam iti jātavedasyam aniruktaṃ saptame 'hani saptamasya ahnaḥ rūpam	dūtaṃ vo viśva vedasam iti jātavedasyam aniruktaṃ saptame 'hani saptamasya ahnaḥ rūpam	dūtaḥ|dūtāḥ|dūtān	3	mcq
6884	652596_9	12095	5	2	38368	ūru	NOUN	Nom.Sing		ūruḥ	ūruḥ	702	dakṣiṇaḥ ___ achāvākasya savyaḥ āgnīdhrasya	dakṣiṇaḥ ūruḥ achāvākasya savyaḥ āgnīdhrasya	ūrum|ūrū|ūrau	3	mcq
2033	484432	7686	6	2	49686	bhāra	NOUN	Acc.Sing		bhāram	bhāram	700	bhū ___ aharat viṣṇuḥ nimittīkṛtya pāṇḍavān	bhū bhāram aharat viṣṇuḥ nimittīkṛtya pāṇḍavān	bhāraḥ|bhāreṇa|bhārā	3	mcq
2338	484737	7694	7	1	145337	pūṣan	NOUN	Nom.Sing		pūṣā	pūṣā	700	___ vivasvān savitā mitro 'tha varuṇo bhagaḥ	pūṣā vivasvān savitā mitro 'tha varuṇo bhagaḥ	pūṣṇaḥ|pūṣṇe|pūṣan	3	mcq
11179	465206	7294	8	2	49622	bhāṇḍa	NOUN	Acc.Sing		bhāṇḍam	bhāṇḍam	700	rūpya ___ ghanaṃ suṣiraṃ vā suvarṇa ardhena avalepayet	rūpya bhāṇḍam ghanaṃ suṣiraṃ vā suvarṇa ardhena avalepayet	bhāṇḍe|bhāṇḍasya|bhāṇḍāni	3	mcq
11212	465239	7295	6	3	49622	bhāṇḍa	NOUN	Acc.Sing		bhāṇḍam	bhāṇḍam	700	tulā pratimāna ___ pautava hastāt krīṇīyuḥ	tulā pratimāna bhāṇḍam pautava hastāt krīṇīyuḥ	bhāṇḍe|bhāṇḍasya|bhāṇḍāni	3	mcq
11246	465273	7295	11	4	49622	bhāṇḍa	NOUN	Nom.Plur		bhāṇḍāni	bhāṇḍāni	700	tena sauvarṇa rājatāni ___ kṣīyante na ca eṣām kiṃcid avarugṇaṃ bhavati	tena sauvarṇa rājatāni bhāṇḍāni kṣīyante na ca eṣām kiṃcid avarugṇaṃ bhavati	bhāṇḍe|bhāṇḍam|bhāṇḍasya	3	mcq
13159	646150	10822	9	3	145337	pūṣan	NOUN	Voc.Sing		pūṣann	pūṣan	700	vaṣaṭ te ___ asyai suvṛktim aryamā hotā kṛṇotu vedhāḥ	vaṣaṭ te pūṣann asyai suvṛktim aryamā hotā kṛṇotu vedhāḥ	pūṣā|pūṣṇaḥ|pūṣṇe	3	mcq
13416	646404	11261	7	1	145337	pūṣan	NOUN	Nom.Sing		pūṣā	pūṣā	700	___ jñāti vid mahyaṃ jāyām imām adāt	pūṣā jñāti vid mahyaṃ jāyām imām adāt	pūṣṇaḥ|pūṣṇe|pūṣan	3	mcq
16105	648906	17232	6	1	49686	bhāra	NOUN	Nom.Sing		bhāro	bhāraḥ	700	___ aghasya duḥsahaḥ pratyak kartāram ṛcchatu	bhāro aghasya duḥsahaḥ pratyak kartāram ṛcchatu	bhāram|bhāreṇa|bhāraiḥ	3	mcq
45511	36713	3610	5	3	49686	bhāra	NOUN	Acc.Sing		bhāraṃ	bhāram	700	teṣāṃ guṇavatāṃ ___ sikatāsu vinikṣipet	teṣāṃ guṇavatāṃ bhāraṃ sikatāsu vinikṣipet	bhāraḥ|bhāreṇa|bhārā	3	mcq
1410	483809	7592	10	9	164451	caraṇa	NOUN	Nom.Sing		caraṇam	caraṇam	699	yat tad a dṛśyam a grāhyam a gotra ___ dhruvam	yat tad a dṛśyam a grāhyam a gotra caraṇam dhruvam	caraṇau|caraṇaiḥ|caraṇe	3	mcq
13531	646519	13050	6	1	156113	ad	VERB	Pres.Ind.3.Plur.NonPass		adanti	adanti	699	___ tvā pipīlikā vi vṛścanti mayūryaḥ	adanti tvā pipīlikā vi vṛścanti mayūryaḥ	atti|adyāt|adyate	3	mcq
14487	647378_1	11402	6	1	156113	ad	VERB	Pres.Ind.3.Plur.NonPass		adanti	adanti	699	___ tvā kakkaṭāsaḥ kuruṅgāḥ adhi sānuṣu	adanti tvā kakkaṭāsaḥ kuruṅgāḥ adhi sānuṣu	atti|adyāt|adyate	3	mcq
15271	648157_1	14646	5	2	156113	ad	VERB	Pres.Imp.2.Plur.NonPass		atta	atta	699	tasya ___ putrān bhrātṝn ca	tasya atta putrān bhrātṝn ca	atti|adyāt|adanti	3	mcq
33016	553575	8948	6	2	164451	caraṇa	NOUN	Abl.Sing		caraṇāt	caraṇāt	699	gotra ___ ślāghā atyākāra tad aveteṣu	gotra caraṇāt ślāghā atyākāra tad aveteṣu	caraṇau|caraṇaḥ|caraṇam	3	mcq
39183	30384	3957	8	2	164451	caraṇa	NOUN	Gen.Dual		caraṇayoḥ	caraṇayoḥ	699	jaṅghā ___ saṃdhau gulpho ruj stambha māndya kṛt	jaṅghā caraṇayoḥ saṃdhau gulpho ruj stambha māndya kṛt	caraṇau|caraṇaḥ|caraṇam	3	mcq
10215	464241	7306	4	4	25937	bheṣaja	NOUN	Nom.Sing		bheṣajam	bheṣajam	698	kadācid hi praduṣṭasya ___	kadācid hi praduṣṭasya bheṣajam	bheṣajaiḥ|bheṣajasya|bheṣajāni	3	mcq
13188	646179	11112	7	1	25937	bheṣaja	NOUN	Nom.Sing		bheṣajaṃ	bheṣajam	698	___ su bheṣajam yat te kṛṇomi bheṣajam	bheṣajaṃ su bheṣajam yat te kṛṇomi bheṣajam	bheṣajaiḥ|bheṣajasya|bheṣajāni	3	mcq
15123	647996	16473	5	3	25937	bheṣaja	NOUN	Gen.Plur		bheṣajānāṃ	bheṣajānām	698	īśānaṃ tvā ___ vijeṣāya vṛṇīmahe	īśānaṃ tvā bheṣajānāṃ vijeṣāya vṛṇīmahe	bheṣajam|bheṣajaiḥ|bheṣajasya	3	mcq
7909	75067	488	7	1	125510	gautama	NOUN	Nom.Sing		gautamaḥ	gautamaḥ	697	___ ca arkabandhuḥ ca māyādevīsutaś ca saḥ	gautamaḥ ca arkabandhuḥ ca māyādevīsutaś ca saḥ	gautamasya|gautamam|gautamāḥ	3	mcq
12029	466087	7302	7	2	6646	añjana	NOUN	Acc.Sing		añjanaṃ	añjanam	697	tad ___ puṣyeṇa uddhṛtya tasyām añjanyāṃ nidadhyāt	tad añjanaṃ puṣyeṇa uddhṛtya tasyām añjanyāṃ nidadhyāt	añjanena|añjane|añjanaiḥ	3	mcq
26788	642131	10679	7	3	157215	atikram	VERB	Pres.Opt.3.Sing.NonPass		atikramet	atikramet	697	api evā ___ velāṃ sāgaro makara ālayaḥ	api evā atikramet velāṃ sāgaro makara ālayaḥ	atikrāmati|atyakrāmat|aticakrāma	3	mcq
26966	642309	10961	7	3	157215	atikram	VERB	Pres.Opt.3.Sing.NonPass		atikramet	atikramet	697	apy eva ___ velāṃ sāgaro makara ālayaḥ	apy eva atikramet velāṃ sāgaro makara ālayaḥ	atikrāmati|atyakrāmat|aticakrāma	3	mcq
27418	642761	11027	7	3	157215	atikram	VERB	Pres.Opt.3.Sing.NonPass		atikramet	atikramet	697	apy eva ___ velāṃ sāgaro makara ālayaḥ	apy eva atikramet velāṃ sāgaro makara ālayaḥ	atikrāmati|atyakrāmat|aticakrāma	3	mcq
37336	28350	1245	6	1	6646	añjana	NOUN	Nom.Sing		añjanaṃ	añjanam	697	___ phalinī māṃsī padma utpala rasāñjanam	añjanaṃ phalinī māṃsī padma utpala rasāñjanam	añjanena|añjane|añjanaiḥ	3	mcq
37828	29025	2948	8	2	6646	añjana	NOUN	Nom.Sing		añjanam	añjanam	697	atha ___ śuddha tanoḥ netra mātra āśraye male	atha añjanam śuddha tanoḥ netra mātra āśraye male	añjanena|añjane|añjanaiḥ	3	mcq
51629	518605_1	7479	4	4	125510	gautama	NOUN	Nom.Sing		gautamaḥ	gautamaḥ	697	mithyā etat iti ___	mithyā etat iti gautamaḥ	gautamasya|gautamam|gautamāḥ	3	mcq
76060	575301	9767	5	4	125510	gautama	NOUN	Gen.Sing		gautamasya	gautamasya	697	punar tapasyataḥ pūrvaṃ ___ śaradvataḥ	punar tapasyataḥ pūrvaṃ gautamasya śaradvataḥ	gautamaḥ|gautamam|gautamāḥ	3	mcq
52834	519793	15285	4	1	157239	tṛp	VERB	Pres.Imp.2.Plur.NonPass		tṛpyata	tṛpyata	696	___ tṛpyata tṛpyata iti	tṛpyata tṛpyata tṛpyata iti	tṛpyati|tṛpyanti|tṛpyatu	3	mcq
58255	672269	16741	7	2	157239	tṛp	VERB	Pres.Imp.3.Plur.NonPass		tṛmpantāṃ	tṛmpantām	696	anuvaṣaṭkṛte ___ hotrā madhor ghṛtasya svāhā iti	anuvaṣaṭkṛte tṛmpantāṃ hotrā madhor ghṛtasya svāhā iti	tṛpyati|tṛpyanti|tṛpyatu	3	mcq
61519	88760	8960	9	3	157239	tṛp	VERB	Pres.Opt.3.Sing.NonPass		tṛpyet	tṛpyet	696	ko nāma ___ rasa vid kathāyāṃ mahattama ekānta parāyaṇasya	ko nāma tṛpyet rasa vid kathāyāṃ mahattama ekānta parāyaṇasya	tṛpyati|tṛpyanti|tṛpyatu	3	mcq
508	590266	9744	6	1	168327	purī	NOUN	Nom.Sing		purī	purī	695	___ punaḥ saṃyamanī pratīhāraḥ tu vaidhyataḥ	purī punaḥ saṃyamanī pratīhāraḥ tu vaidhyataḥ	purīm|puryām|puryāḥ	3	mcq
1979	484378	7684	7	1	168327	purī	NOUN	Acc.Sing		purīṃ	purīm	695	___ ca dvārakāṃ kṛtvā nyavasad yādavair vṛtaḥ	purīṃ ca dvārakāṃ kṛtvā nyavasad yādavair vṛtaḥ	purī|puryām|puryāḥ	3	mcq
8488	75646	491	8	1	69400	varga	NOUN	Nom.Plur		vargāḥ	vargāḥ	695	___ pṛthvī pura kṣmābhṛt vana oṣadhi mṛga ādibhiḥ	vargāḥ pṛthvī pura kṣmābhṛt vana oṣadhi mṛga ādibhiḥ	vargaḥ|vargam|varge	3	mcq
9431	76589	491	8	2	69400	varga	NOUN	Nom.Sing		vargaḥ	vargaḥ	695	rakṣi ___ tu anīkasthaḥ atha adhyakṣa adhikṛtau samau	rakṣi vargaḥ tu anīkasthaḥ atha adhyakṣa adhikṛtau samau	vargam|varge|vargeṇa	3	mcq
11128	465155	7293	7	5	69400	varga	NOUN	Nom.Sing		vargaḥ	vargaḥ	695	ato 'nyo lavaṇa kṣāra ___ śulkaṃ dadyāt	ato 'nyo lavaṇa kṣāra vargaḥ śulkaṃ dadyāt	vargam|varge|vargeṇa	3	mcq
16099	648900	17232	7	5	11945	antika	NOUN	Abl.Sing		antikād	antikāt	695	ubhau saṃbṛhya tau tasmād ___ dhetim asyatām	ubhau saṃbṛhya tau tasmād antikād dhetim asyatām	antikam|antike|antikeṣu	3	mcq
18735	634596_1	10536	6	4	11945	antika	NOUN	Abl.Sing		antikāt	antikāt	695	bṛhan eṣām adhiṣṭhātā ___ iva paśyati	bṛhan eṣām adhiṣṭhātā antikāt iva paśyati	antikam|antike|antikeṣu	3	mcq
29491	644273	10782	12	6	11945	antika	NOUN	Abl.Sing		antikāt	antikāt	695	atha hi mayā yo bhagavato ___ asyāḥ prajñāpāramitāyāḥ pradeśa udgṛhītaḥ sa pravartitaḥ	atha hi mayā yo bhagavato antikāt asyāḥ prajñāpāramitāyāḥ pradeśa udgṛhītaḥ sa pravartitaḥ	antikam|antike|antikeṣu	3	mcq
35779	26783	277	6	1	17733	saṃdhyā	NOUN	Loc.Plur		saṃdhyāsv	saṃdhyāsu	695	___ abhyavahāra strī svapna adhyayana cintanam	saṃdhyāsv abhyavahāra strī svapna adhyayana cintanam	saṃdhyām|saṃdhyā|saṃdhyayoḥ	3	mcq
37227	28237	1232	7	2	170862	vṛtta	NOUN	Acc.Sing		vṛttam	vṛttam	695	svastha ___ abhipretya vyādhau vyādhi vaśena tu	svastha vṛttam abhipretya vyādhau vyādhi vaśena tu	vṛttena|vṛtte|vṛttaḥ	3	mcq
52583	519542	15281	7	1	17733	saṃdhyā	NOUN	Gen.Dual		saṃdhyayoś	saṃdhyayoḥ	695	___ ca saṃpattāv ahar rātrayoḥ ca saṃtatyai	saṃdhyayoś ca saṃpattāv ahar rātrayoḥ ca saṃtatyai	saṃdhyām|saṃdhyā|saṃdhyāyām	3	mcq
52586	519545	15281	8	1	17733	saṃdhyā	NOUN	Acc.Sing		saṃdhyāṃ	saṃdhyām	695	___ na upāsate viprāḥ kathaṃ te brāhmaṇāḥ smṛtāḥ	saṃdhyāṃ na upāsate viprāḥ kathaṃ te brāhmaṇāḥ smṛtāḥ	saṃdhyā|saṃdhyayoḥ|saṃdhyāyām	3	mcq
55791	669781	12837	7	2	170862	vṛtta	NOUN	Nom.Sing		vṛttam	vṛttam	695	yoni ___ vidyā ca pramāṇam ity eke	yoni vṛttam vidyā ca pramāṇam ity eke	vṛttena|vṛtte|vṛttasya	3	mcq
61164	88405	8956	8	3	168327	purī	NOUN	Loc.Sing		puryām	puryām	695	kaccit ānarta ___ naḥ sva janāḥ sukham āsate	kaccit ānarta puryām naḥ sva janāḥ sukham āsate	purīm|purī|puryāḥ	3	mcq
63446	90689	804	7	2	170862	vṛtta	NOUN	Acc.Sing		vṛttam	vṛttam	695	yat ___ anutiṣṭhan vai lokaḥ kṣemāya kalpate	yat vṛttam anutiṣṭhan vai lokaḥ kṣemāya kalpate	vṛttena|vṛtte|vṛttaḥ	3	mcq
587	590346	9744	10	1	80344	lakṣmī	NOUN	Nom.Sing		lakṣmīḥ	lakṣmī	694	___ padmā ramā yā mā tā sā śrīḥ kamalā indirā	lakṣmīḥ padmā ramā yā mā tā sā śrīḥ kamalā indirā	lakṣmīm|lakṣmyā|lakṣmyāḥ	3	mcq
7941	75099	488	6	1	80344	lakṣmī	NOUN	Nom.Sing		lakṣmīḥ	lakṣmī	694	___ padmālayā padmā kamalā śrīr haripriyā	lakṣmīḥ padmālayā padmā kamalā śrīr haripriyā	lakṣmīm|lakṣmyā|lakṣmyāḥ	3	mcq
17395	633341	10588	6	2	80344	lakṣmī	NOUN	Acc.Sing		lakṣmyaṃ	lakṣmyam	694	nir ___ lalāmyaṃ nir arātiṃ suvāmasi	nir lakṣmyaṃ lalāmyaṃ nir arātiṃ suvāmasi	lakṣmī|lakṣmyā|lakṣmīḥ	3	mcq
5001	650744	11257	9	5	42551	dhārā	NOUN	Nom.Plur		dhārāḥ	dhārāḥ	693	āvarvṛtatīr adha nu dvi ___ ity a vṛttāsu ekadhanāsu	āvarvṛtatīr adha nu dvi dhārāḥ ity a vṛttāsu ekadhanāsu	dhārayā|dhārām|dhārābhiḥ	3	mcq
14977	647850	16449	7	2	42551	dhārā	NOUN	Acc.Sing		dhāram	dhāram	693	sahasra ___ sukṛtasya loke ghṛta pṛṣṭham amartyau	sahasra dhāram sukṛtasya loke ghṛta pṛṣṭham amartyau	dhārayā|dhārāḥ|dhārābhiḥ	3	mcq
19040	634876_1	10566	10	3	42551	dhārā	NOUN	Nom.Plur		dhārāḥ	dhārāḥ	693	etāḥ tvā ___ upa yantu sarvāḥ svarge loke madhumat pinvamānāḥ	etāḥ tvā dhārāḥ upa yantu sarvāḥ svarge loke madhumat pinvamānāḥ	dhārayā|dhārām|dhārābhiḥ	3	mcq
37225	28235	1232	9	9	62035	āgama	NOUN	Nom.Plur		āgamāḥ	āgamāḥ	693	ati uṣṇa varṣa śītāḥ hi grīṣma varṣā hima ___	ati uṣṇa varṣa śītāḥ hi grīṣma varṣā hima āgamāḥ	āgamaḥ|āgame|āgamam	3	mcq
41795	32996	4206	6	2	62035	āgama	NOUN	Loc.Sing		āgame	āgame	693	guda ___ viśeṣeṇa śoṇite vastiḥ iṣyate	guda āgame viśeṣeṇa śoṇite vastiḥ iṣyate	āgamaḥ|āgamam|āgamāt	3	mcq
69821	97336	785	9	1	62035	āgama	NOUN	Nom.Sing		āgamo	āgamaḥ	693	___ 'paḥ prajā deśaḥ kālaḥ karma ca janma ca	āgamo 'paḥ prajā deśaḥ kālaḥ karma ca janma ca	āgame|āgamam|āgamāt	3	mcq
1688	484087	7676	8	3	71778	rudhira	NOUN	Nom.Sing		rudhiram	rudhiram	692	teṣām yat ___ sa uṣṇam pāyayiṣyasi māṃ yadi	teṣām yat rudhiram sa uṣṇam pāyayiṣyasi māṃ yadi	rudhireṇa|rudhire|rudhiraiḥ	3	mcq
9143	76301	491	7	1	71778	rudhira	NOUN	Loc.Sing		rudhire	rudhire	692	___ asṛj lohita asra rakta kṣataja śoṇitam	rudhire asṛj lohita asra rakta kṣataja śoṇitam	rudhiram|rudhireṇa|rudhiraiḥ	3	mcq
32309	552868	8931	4	1	9140	sakhī	NOUN	Nom.Sing		sakhy	sakhī	692	___ aśiśvī iti bhāṣāyām	sakhy aśiśvī iti bhāṣāyām	sakhi|sakhīm|sakhībhiḥ	3	mcq
38434	29632	3876	7	2	71778	rudhira	NOUN	Acc.Sing		rudhiram	rudhiram	692	saṃjāta ___ sīvyet saṃdhānaṃ hi asya śoṇitam	saṃjāta rudhiram sīvyet saṃdhānaṃ hi asya śoṇitam	rudhireṇa|rudhire|rudhiraiḥ	3	mcq
65885	93177	8978	6	2	9140	sakhī	NOUN	Ins.Sing		sakhyā	sakhyā	692	upāsyamānaṃ ___ ca bhartrā guhyaka rakṣasām	upāsyamānaṃ sakhyā ca bhartrā guhyaka rakṣasām	sakhi|sakhī|sakhīm	3	mcq
75512	574753	9767	7	1	9140	sakhī	NOUN	Gen.Sing		sakhyāḥ	sakhyāḥ	692	___ patiḥ kṣitipate mama tvaṃ dharmataḥ patiḥ	sakhyāḥ patiḥ kṣitipate mama tvaṃ dharmataḥ patiḥ	sakhi|sakhī|sakhīm	3	mcq
40334	31535	4075	7	1	158891	mṛd	VERB	Pres.Ind.3.Sing.NonPass		mṛdnāti	mṛdnāti	691	___ agnim tataḥ sarvo bhavati prāyaśo 'rśasaḥ	mṛdnāti agnim tataḥ sarvo bhavati prāyaśo 'rśasaḥ	mamarda|mṛdnīyāt|mamṛduḥ	3	mcq
40495	31696	4105	6	1	158891	mṛd	VERB	Pres.Ind.3.Sing.NonPass		mṛdnāti	mṛdnāti	691	___ mehanaṃ nābhiṃ pīḍayati aniśam kvaṇan	mṛdnāti mehanaṃ nābhiṃ pīḍayati aniśam kvaṇan	mamarda|mṛdnīyāt|mamṛduḥ	3	mcq
42442	33643	4230	7	1	158891	mṛd	VERB	Pres.Opt.3.Sing.NonPass		mṛdnīyāt	mṛdnīyāt	691	___ sukham āsīnaṃ sukhaṃ ca udvartayet param	mṛdnīyāt sukham āsīnaṃ sukhaṃ ca udvartayet param	mamarda|mamṛduḥ|mṛdnāti	3	mcq
75963	575204	9767	7	4	130360	kaunteya	NOUN	Nom.Sing		kaunteyo	kaunteyaḥ	691	tasmin eva sa ___ bhīma karmā vṛkodaraḥ	tasmin eva sa kaunteyo bhīma karmā vṛkodaraḥ	kaunteyaiḥ|kaunteyam|kaunteya	3	mcq
78206	577447	9716	6	3	130360	kaunteya	NOUN	Nom.Sing		kaunteyaḥ	kaunteyaḥ	691	etat ākarṇya ___ punaḥ keśavam abravīt	etat ākarṇya kaunteyaḥ punaḥ keśavam abravīt	kaunteyaiḥ|kaunteyam|kaunteya	3	mcq
78999	578240	9716	6	3	130360	kaunteya	NOUN	Loc.Sing		kaunteye	kaunteye	691	iti uktavati ___ praharṣāt bhuja śālinām	iti uktavati kaunteye praharṣāt bhuja śālinām	kaunteyaiḥ|kaunteyaḥ|kaunteyam	3	mcq
2346	484745	7694	6	2	140992	prabhṛti	NOUN	Nom.Plur		prabhṛtayaḥ	prabhṛtayaḥ	690	rāhu ___ tasyām saiṃhikeyā iti śrutāḥ	rāhu prabhṛtayaḥ tasyām saiṃhikeyā iti śrutāḥ	prabhṛtibhiḥ|prabhṛti|prabhṛtīnām	3	mcq
3298	749221_2	15190	6	2	140992	prabhṛti	NOUN	Acc.Sing		prabhṛti	prabhṛti	690	viharaṇa ___ madhyandine mārjālīyaḥ jāgaritaḥ bhavati	viharaṇa prabhṛti madhyandine mārjālīyaḥ jāgaritaḥ bhavati	prabhṛtayaḥ|prabhṛtibhiḥ|prabhṛtīnām	3	mcq
4233	650374_1	10904	7	1	63823	iṣu	NOUN	Acc.Sing		iṣum	iṣum	690	___ vai etām devāḥ samaskurvata yat upasadaḥ	iṣum vai etām devāḥ samaskurvata yat upasadaḥ	iṣubhiḥ|iṣuḥ|iṣavaḥ	3	mcq
4241	650377_2	10904	6	3	63823	iṣu	NOUN	Nom.Sing		iṣuḥ	iṣuḥ	690	triṣaṃdhiḥ hi ___ anīkam śalyaḥ tejanam	triṣaṃdhiḥ hi iṣuḥ anīkam śalyaḥ tejanam	iṣubhiḥ|iṣavaḥ|iṣum	3	mcq
4243	650377_4	10904	9	3	63823	iṣu	NOUN	Nom.Sing		iṣuḥ	iṣuḥ	690	dviṣaṃdhiḥ hi ___ śalyaḥ ca hi eva tejanam ca	dviṣaṃdhiḥ hi iṣuḥ śalyaḥ ca hi eva tejanam ca	iṣubhiḥ|iṣavaḥ|iṣum	3	mcq
12665	687491	14389	10	4	140992	prabhṛti	NOUN	Ins.Plur		prabhṛtibhiḥ	prabhṛtibhiḥ	690	ity etāvatā aṅga ___ saṃsthāpya evam pātra viniyogam ity anucchādayet	ity etāvatā aṅga prabhṛtibhiḥ saṃsthāpya evam pātra viniyogam ity anucchādayet	prabhṛtayaḥ|prabhṛti|prabhṛtīnām	3	mcq
55509	669498_2	12773	4	2	157862	avekṣ	VERB	Pres.Opt.3.Sing.NonPass		avekṣeta	avekṣeta	690	nimīlya ___ iti brāhmaṇam	nimīlya avekṣeta iti brāhmaṇam	avekṣate|avaikṣata|avekṣasva	3	mcq
57314	671328	16675	8	3	157862	avekṣ	VERB	Pres.Ind.3.Sing.NonPass		avekṣate	avekṣate	690	atha enam ___ madhumatīr na iṣas kṛdhī iti	atha enam avekṣate madhumatīr na iṣas kṛdhī iti	avekṣeta|avaikṣata|avekṣasva	3	mcq
57361	671375	16678	8	3	157862	avekṣ	VERB	Pres.Ind.3.Sing.NonPass		avekṣate	avekṣate	690	atha enam ___ madhumatīr na iṣas kṛdhī iti	atha enam avekṣate madhumatīr na iṣas kṛdhī iti	avekṣeta|avaikṣata|avekṣasva	3	mcq
5003	650746	11257	7	2	43076	dhenu	NOUN	Nom.Plur		dhenavaḥ	dhenavaḥ	689	ā ___ payasā tūrṇi arthāḥ ity upāyatīṣu	ā dhenavaḥ payasā tūrṇi arthāḥ ity upāyatīṣu	dhenuḥ|dhenum|dhenūḥ	3	mcq
14790	647663	11972	9	1	43076	dhenu	NOUN	Nom.Sing		dhenur	dhenuḥ	689	___ vā atra ya sthāsyaty anaḍvān vā irayā saha	dhenur vā atra ya sthāsyaty anaḍvān vā irayā saha	dhenum|dhenavaḥ|dhenūḥ	3	mcq
15826	648646	11304	9	3	43076	dhenu	NOUN	Nom.Plur		dhenavaḥ	dhenavaḥ	689	vāśrā iva ___ syandamānā añjaḥ samudram ava jagmur āpaḥ	vāśrā iva dhenavaḥ syandamānā añjaḥ samudram ava jagmur āpaḥ	dhenuḥ|dhenum|dhenūḥ	3	mcq
28773	643555	10745	10	5	108251	subhūti	NOUN	Dat.Sing		subhūtaye	subhūtaye	689	atha khalu bhagavān āyuṣmate ___ sādhukāram adāt sādhu sādhu subhūte	atha khalu bhagavān āyuṣmate subhūtaye sādhukāram adāt sādhu sādhu subhūte	subhūte|subhūtiḥ|subhūtim	3	mcq
28774	643556	10745	5	3	108251	subhūti	NOUN	Voc.Sing		subhūte	subhūte	689	evam etat ___ evam etat	evam etat subhūte evam etat	subhūtiḥ|subhūtim|subhūteḥ	3	mcq
28799	643581	10745	7	5	108251	subhūti	NOUN	Nom.Sing		subhūtiḥ	subhūtiḥ	689	sādhu bhagavan iti āyuṣmān ___ bhagavataḥ pratyaśrauṣīt	sādhu bhagavan iti āyuṣmān subhūtiḥ bhagavataḥ pratyaśrauṣīt	subhūte|subhūtim|subhūteḥ	3	mcq
55372	669362_1	12745	9	3	160044	āhvā	VERB	Pres.Ind.3.Sing.NonPass		āhvayati	āhvayati	689	atha haviṣkṛtam ___ haviṣkṛt ehi haviṣkṛt ehi iti tris	atha haviṣkṛtam āhvayati haviṣkṛt ehi haviṣkṛt ehi iti tris	ājuhāva|āhvaya|āhvayat	3	mcq
56828	670842	16623	7	1	160044	āhvā	VERB	Pres.Ind.3.Sing.NonPass		āhvayati	āhvayati	689	___ subrahmaṇyaḥ subrahmaṇyāṃ tri stana vratam dohayati	āhvayati subrahmaṇyaḥ subrahmaṇyāṃ tri stana vratam dohayati	ājuhāva|āhvaya|āhvayat	3	mcq
57785	671799	16709	4	3	160044	āhvā	VERB	Pres.Ind.3.Sing.NonPass		āhvayate	āhvayate	689	abhy enam ___ hotā	abhy enam āhvayate hotā	ājuhāva|āhvaya|āhvayat	3	mcq
13703	646676	13154	7	6	158080	sic	VERB	Pres.Ind.1.Sing.NonPass		ṣiñcāmi	siñcāmi	687	sarvaṃ taṃ viśva bheṣajyā abhi ___ vīrudhā	sarvaṃ taṃ viśva bheṣajyā abhi ṣiñcāmi vīrudhā	siñcati|sicyate|siñcet	3	mcq
14949	647822	15465	7	3	158080	sic	VERB	Pres.Imp.2.Sing.NonPass		siñcasva	siñcasva	687	tatra ā ___ vṛṣṇyaṃ daśamāsyam a vihrutam	tatra ā siñcasva vṛṣṇyaṃ daśamāsyam a vihrutam	siñcati|sicyate|siñcet	3	mcq
15389	648257_2	14676	5	4	158080	sic	VERB	Pres.Imp.2.Sing.NonPass		siñca	siñca	687	abhiṣiktaḥ abhi mā ___ varcasā	abhiṣiktaḥ abhi mā siñca varcasā	siñcati|sicyate|siñcet	3	mcq
462	590220	9744	8	1	115316	vyoman	NOUN	Nom.Sing		vyom	vyom	686	___ antarikṣam gaganaṃ ghanāśrayo vihāya ākāśam ananta puṣkare	vyom antarikṣam gaganaṃ ghanāśrayo vihāya ākāśam ananta puṣkare	vyomni|vyoman|vyomnā	3	mcq
1028	506247	7429	4	2	84088	triphalā	NOUN	Nom.Sing		triphalā	triphalā	686	eva ___ sā prakīrtitā	eva triphalā sā prakīrtitā	triphalām|triphalāyāḥ|triphalayā	3	mcq
1180	555555	8248	7	2	33823	nāśa	NOUN	Abl.Sing		nāśād	nāśāt	686	kasya ___ atītaṃ syād utpitsuḥ kim apekṣate	kasya nāśād atītaṃ syād utpitsuḥ kim apekṣate	nāśaḥ|nāśam|nāśāya	3	mcq
1554	483953	7673	6	3	122903	vināśa	NOUN	Dat.Sing		vināśāya	vināśāya	686	yajña vighna ___ viśvāmitra arthitaḥ nṛpaḥ	yajña vighna vināśāya viśvāmitra arthitaḥ nṛpaḥ	vināśaḥ|vināśam|vināśe	3	mcq
9652	76810	491	7	2	33823	nāśa	NOUN	Nom.Sing		nāśo	nāśaḥ	686	anto ___ dvayor mṛtyur maraṇaṃ nidhano 'striyām	anto nāśo dvayor mṛtyur maraṇaṃ nidhano 'striyām	nāśam|nāśāya|nāśe	3	mcq
11416	465470	7467	9	2	33823	nāśa	NOUN	Loc.Sing		nāśe	nāśe	686	tad ___ vaṇijaḥ tat ca tāvat ca daṇḍaṃ dadyuḥ	tad nāśe vaṇijaḥ tat ca tāvat ca daṇḍaṃ dadyuḥ	nāśaḥ|nāśam|nāśāya	3	mcq
29747	644529	10807	7	2	122903	vināśa	NOUN	Nom.Sing		vināśaḥ	vināśaḥ	686	vijñāna ___ vijñāna anitya tā iti upadekṣyanti	vijñāna vināśaḥ vijñāna anitya tā iti upadekṣyanti	vināśāya|vināśam|vināśe	3	mcq
35021	555699	8734	8	4	115316	vyoman	NOUN	Nom.Sing		vyoma	vyom	686	ekaṃ sarva gatam ___ bahir antar yathā ghaṭe	ekaṃ sarva gatam vyoma bahir antar yathā ghaṭe	vyomni|vyoman|vyomnā	3	mcq
36471	27477	310	7	4	84088	triphalā	NOUN	Nom.Sing		triphalā	triphalā	686	iyaṃ rasāyana varā ___ akṣi āmaya apahā	iyaṃ rasāyana varā triphalā akṣi āmaya apahā	triphalām|triphalāyāḥ|triphalayā	3	mcq
36740	27749	1162	7	1	84088	triphalā	NOUN	Acc.Sing		triphalāṃ	triphalām	686	___ madhu sarpirbhyām niśi netra balāya ca	triphalāṃ madhu sarpirbhyām niśi netra balāya ca	triphalā|triphalāyāḥ|triphalayā	3	mcq
42033	33234	4209	8	1	128746	khaṇḍa	NOUN	Abl.Sing		khaṇḍāt	khaṇḍāt	686	___ śatam kaṇā _ dvi palam jīrakād api	khaṇḍāt śatam kaṇā _ dvi palam jīrakād api	khaṇḍe|khaṇḍam|khaṇḍena	3	mcq
46662	37865	4592	7	3	122903	vināśa	NOUN	Abl.Sing		vināśāt	vināśāt	686	iṣṭa dravya ___ tu mano yasya upahanyate	iṣṭa dravya vināśāt tu mano yasya upahanyate	vināśāya|vināśaḥ|vināśam	3	mcq
47708	38911	4861	6	3	128746	khaṇḍa	NOUN	Gen.Plur		khaṇḍānām	khaṇḍānām	686	śuṣka mūlaka ___ kṣāro hiṅgu mahauṣadham	śuṣka mūlaka khaṇḍānām kṣāro hiṅgu mahauṣadham	khaṇḍe|khaṇḍam|khaṇḍena	3	mcq
63104	90347	737	7	1	115316	vyoman	NOUN	Loc.Sing		vyomni	vyomni	686	___ vivṛtta netraḥ catvāri lebhe 'nudiśaṃ mukhāni	vyomni vivṛtta netraḥ catvāri lebhe 'nudiśaṃ mukhāni	vyom|vyomnā|vyoma	3	mcq
67074	94366	8991	7	3	128746	khaṇḍa	NOUN	Nom.Plur		khaṇḍāni	khaṇḍāni	686	tāni pāpasya ___ liṅgaṃ khaṇḍam iha ucyate	tāni pāpasya khaṇḍāni liṅgaṃ khaṇḍam iha ucyate	khaṇḍe|khaṇḍam|khaṇḍena	3	mcq
11876	465927	11812	5	4	129464	gamana	NOUN	Loc.Sing		gamane	gamane	684	sarvatra rāja bhāryā ___ kumbhīpākaḥ	sarvatra rāja bhāryā gamane kumbhīpākaḥ	gamanam|gamanāya|gamanāt	3	mcq
11877	465928	11812	12	2	129464	gamana	NOUN	Loc.Sing		gamane	gamane	684	śvapākī ___ kṛta kabandha aṅkaḥ para viṣayam gacchet śvapāka tvam vā śūdraḥ	śvapākī gamane kṛta kabandha aṅkaḥ para viṣayam gacchet śvapāka tvam vā śūdraḥ	gamanam|gamanāya|gamanāt	3	mcq
11879	465930	11812	5	2	129464	gamana	NOUN	Loc.Sing		gamane	gamane	684	pravrajitā ___ caturviṃśati paṇaḥ daṇḍaḥ	pravrajitā gamane caturviṃśati paṇaḥ daṇḍaḥ	gamanam|gamanāya|gamanāt	3	mcq
2823	748759_3	14955	5	1	142874	vṛṣan	NOUN	Nom.Sing		vṛṣā	vṛṣā	683	___ vai preṅkhaḥ yoṣā āsandī	vṛṣā vai preṅkhaḥ yoṣā āsandī	vṛṣṇaḥ|vṛṣaṇā|vṛṣaṇam	3	mcq
12889	687715	14430	9	3	142874	vṛṣan	NOUN	Ins.Plur		vṛṣabhis	vṛṣabhiḥ	683	tam ajarebhir ___ tava svais tapā tapiṣṭha tapasā tapasvān	tam ajarebhir vṛṣabhis tava svais tapā tapiṣṭha tapasā tapasvān	vṛṣā|vṛṣṇaḥ|vṛṣaṇā	3	mcq
12980	687806	14454	7	1	142874	vṛṣan	NOUN	Gen.Sing		vṛṣṇo	vṛṣṇaḥ	683	___ aśvasya saṃdānam asi vṛṣṭyai tvā upanahyāmi	vṛṣṇo aśvasya saṃdānam asi vṛṣṭyai tvā upanahyāmi	vṛṣā|vṛṣaṇā|vṛṣaṇam	3	mcq
31358	551917	8830	4	3	8936	saṃkhyā	NOUN	Nom.Plur		saṅkhyāḥ	saṅkhyāḥ	683	akṣa śalākā ___ pariṇā	akṣa śalākā saṅkhyāḥ pariṇā	saṃkhyā|saṃkhyayā|saṃkhyām	3	mcq
31445	552004	8876	8	1	8936	saṃkhyā	NOUN	Ins.Sing		saṅkhyayā	saṅkhyayā	683	___ avyaya āsanna a dūra adhika saṅkhyāḥ saṃkhyeye	saṅkhyayā avyaya āsanna a dūra adhika saṅkhyāḥ saṃkhyeye	saṃkhyā|saṃkhyām|saṃkhyāḥ	3	mcq
32904	553463	8948	6	1	8936	saṃkhyā	NOUN	Abl.Sing		saṅkhyāyā	saṅkhyāyāḥ	683	___ a ti śat antāyāḥ kan	saṅkhyāyā a ti śat antāyāḥ kan	saṃkhyā|saṃkhyayā|saṃkhyām	3	mcq
19193	635027	10647	9	1	158613	coday	VERB	Pres.Ind.1.Sing.NonPass		codayāmi	codayāmi	682	___ ta āyudhā vacobhiḥ saṃ te śiśāmi brahmaṇā vayāṃsi	codayāmi ta āyudhā vacobhiḥ saṃ te śiśāmi brahmaṇā vayāṃsi	acodayat|codayāmāsa|codaya	3	mcq
55808	669798	12837	12	3	158613	coday	VERB	Pres.Opt.3.Sing.NonPass		codayed	codayet	682	ekaikam upasaṃgṛhya ___ asāv aham ādhvaryaveṇa tvā gacchāmi yājayatu māṃ bhavān iti	ekaikam upasaṃgṛhya codayed asāv aham ādhvaryaveṇa tvā gacchāmi yājayatu māṃ bhavān iti	acodayat|codayāmāsa|codaya	3	mcq
73010	728179	17058	10	6	158613	coday	VERB	Pres.Opt.3.Sing.NonPass		codayed	codayet	682	yatra kva ca bahūn kartṝṃś ___ adhvaryava eva tat kuryuḥ	yatra kva ca bahūn kartṝṃś codayed adhvaryava eva tat kuryuḥ	acodayat|codayāmāsa|codaya	3	mcq
55940	669930	13477	5	4	165584	sambhṛ	VERB	Pres.Ind.1.Sing.NonPass		saṃbharāmi	saṃbharāmi	681	tāṃ ta iha ___ iti	tāṃ ta iha saṃbharāmi iti	saṃbharati|samabharan|saṃbharanti	3	mcq
55949	669939	13477	8	3	165584	sambhṛ	VERB	Impf.Ind.1.Sing.NonPass		samabharaṃ	samabharam	681	yaṃ tvā ___ jātavedo yathā śarīraṃ bhūteṣu nyaktam	yaṃ tvā samabharaṃ jātavedo yathā śarīraṃ bhūteṣu nyaktam	saṃbharati|samabharan|saṃbharanti	3	mcq
71894	727015	16386	11	3	165584	sambhṛ	VERB	Pres.Ind.3.Sing.NonPass		saṃbharati	saṃbharati	681	atha enat ___ pṛthivyā saṃpṛcaḥ pāhi su saṃbhṛtā tvā saṃbharāmi iti	atha enat saṃbharati pṛthivyā saṃpṛcaḥ pāhi su saṃbhṛtā tvā saṃbharāmi iti	samabharan|saṃbharanti|saṃbharāmi	3	mcq
61433	88674	8959	8	8	28187	niścaya	NOUN	Nom.Sing		niścayaḥ	niścayaḥ	679	a pratarkyāt a nirdeśyāt iti keṣu api ___	a pratarkyāt a nirdeśyāt iti keṣu api niścayaḥ	niścayam|niścayāḥ|niścayāt	3	mcq
83646	582887	9728	7	7	28187	niścaya	NOUN	Acc.Sing		niścayam	niścayam	679	iti bruvāṇaṃ taṃ sarve vijñāya dṛḍha ___	iti bruvāṇaṃ taṃ sarve vijñāya dṛḍha niścayam	niścayaḥ|niścayāḥ|niścayāt	3	mcq
91931	478033	6779	7	6	28187	niścaya	NOUN	Nom.Sing		niścayaḥ	niścayaḥ	679	ayaṃ ca kila pūrvāṇām naḥ ___ sthiraḥ	ayaṃ ca kila pūrvāṇām naḥ niścayaḥ sthiraḥ	niścayam|niścayāḥ|niścayāt	3	mcq
137714	550587	8426	6	1	159873	āyam	VERB	Pres.Ind.3.Plur.NonPass		āyacchanti	āyacchanti	678	___ tanor doṣāḥ sarvam pāda mastakam	āyacchanti tanor doṣāḥ sarvam pāda mastakam	āyacchet|āyamyate|āyacchat	3	mcq
179121	660912	12411	4	1	159873	āyam	VERB	Pres.Opt.3.Sing.NonPass		āyacched	āyacchet	678	___ ūrdhvaṃ pratihārād udgātā	āyacched ūrdhvaṃ pratihārād udgātā	āyamyate|āyacchat|āyacchasva	3	mcq
71084	435275	14753	4	4	159415	alaṃkṛ	VERB	Pres.Ind.3.Plur.NonPass		alaṃkurvanti	alaṃkurvanti	677	atha enam snātam ___	atha enam snātam alaṃkurvanti	alaṃkuru|alaṃkaroti|alaṃcakāra	3	mcq
71961	727082	16388	4	1	159415	alaṃkṛ	VERB	Pres.Ind.3.Dual.NonPass		alaṃkurvāte	alaṃkurvāte	677	___ yajamānaḥ patnī ca	alaṃkurvāte yajamānaḥ patnī ca	alaṃkuru|alaṃkaroti|alaṃkurvanti	3	mcq
163246	767556	17456	6	1	159415	alaṃkṛ	VERB	Past.Ind.3.Sing.NonPass		alaṃcakre	alaṃcakre	677	___ samantād vai yathā indrasya amarāvatī	alaṃcakre samantād vai yathā indrasya amarāvatī	alaṃkuru|alaṃkaroti|alaṃkurvanti	3	mcq
29	479300	7024	8	5	102096	skandha	NOUN	Nom.Sing		skandhaḥ	skandhaḥ	676	caturbhyaḥ anye tu saṃskāra ___ ete punar trayaḥ	caturbhyaḥ anye tu saṃskāra skandhaḥ ete punar trayaḥ	skandham|skandhe|skandhena	3	mcq
43	479314	7024	8	1	102096	skandha	NOUN	Loc.Plur		skandheṣu	skandheṣu	676	___ asaṃskṛtam na uktam artha ayogāt kramaḥ punaḥ	skandheṣu asaṃskṛtam na uktam artha ayogāt kramaḥ punaḥ	skandhaḥ|skandham|skandhe	3	mcq
1176	555551	8248	7	7	33334	nātha	NOUN	Voc.Sing		nātha	nāthaiḥ	676	tadvat pratyaya jam viśvaṃ tvayā uktam ___	tadvat pratyaya jam viśvaṃ tvayā uktam nātha	nāthaḥ|nātham|nāthāḥ	3	mcq
9173	76331	491	8	1	102096	skandha	NOUN	Nom.Sing		skandho	skandhaḥ	676	___ bhujaśiraḥ aṃsaḥ 'strī sandhī tasya eva jatruṇī	skandho bhujaśiraḥ aṃsaḥ 'strī sandhī tasya eva jatruṇī	skandham|skandhe|skandhena	3	mcq
9918	102919	950	12	3	33334	nātha	NOUN	Loc.Sing		nāthe	nāthe	676	iti nigadati ___ tiryañc āmīlita akṣyā nayanajalam analpam muktam uktam na kiṃcit	iti nigadati nāthe tiryañc āmīlita akṣyā nayanajalam analpam muktam uktam na kiṃcit	nāthaḥ|nāthaiḥ|nātham	3	mcq
11897	465948	7259	5	2	109702	hastin	NOUN	Nom.Plur		hastinaḥ	hastinaḥ	676	tṛtīye ___ śreṇyaḥ praśāstā ca	tṛtīye hastinaḥ śreṇyaḥ praśāstā ca	hastī|hastinam|hastinām	3	mcq
15319	648196_1	14659	4	1	109702	hastin	NOUN	Nom.Sing		hastī	hastī	676	___ iva naḍvalān bhaṅdhi	hastī iva naḍvalān bhaṅdhi	hastinam|hastinaḥ|hastinām	3	mcq
16835	649638	17527	6	2	109702	hastin	NOUN	Nom.Sing		hastī	hastī	676	yathā ___ hastinyāḥ padena padam anvagāt	yathā hastī hastinyāḥ padena padam anvagāt	hastinam|hastinaḥ|hastinām	3	mcq
59807	48120	184	10	2	33334	nātha	NOUN	Acc.Sing		nātham	nātham	676	bhairava ___ anātha śaraṇyam tvad maya citta tayā hṛdi vande	bhairava nātham anātha śaraṇyam tvad maya citta tayā hṛdi vande	nāthaḥ|nāthaiḥ|nāthāḥ	3	mcq
1050	506269	7429	7	2	95610	ṭaṅkaṇa	NOUN	Nom.Sing		ṭaṅkaṇaṃ	ṭaṅkaṇam	675	tṛtīyaṃ ___ kṣāraṃ gulma aśmarī ādi nāśanam	tṛtīyaṃ ṭaṅkaṇaṃ kṣāraṃ gulma aśmarī ādi nāśanam	ṭaṅkaṇena|ṭaṅkaṇaiḥ|ṭaṅkaṇasya	3	mcq
87911	330788	1917	9	1	95610	ṭaṅkaṇa	NOUN	Nom.Sing		ṭaṅkaṇaṃ	ṭaṅkaṇam	675	___ vahni kṛt rūkṣam kapha hṛt vāta pitta kṛt	ṭaṅkaṇaṃ vahni kṛt rūkṣam kapha hṛt vāta pitta kṛt	ṭaṅkaṇena|ṭaṅkaṇaiḥ|ṭaṅkaṇasya	3	mcq
87913	330790	1917	6	1	95610	ṭaṅkaṇa	NOUN	Ins.Sing		ṭaṅkaṇena	ṭaṅkaṇena	675	___ yutaṃ tat tu kṣāratrayam udīritam	ṭaṅkaṇena yutaṃ tat tu kṣāratrayam udīritam	ṭaṅkaṇam|ṭaṅkaṇaiḥ|ṭaṅkaṇasya	3	mcq
639	590398	9744	7	1	104272	sarga	NOUN	Nom.Sing		sargaḥ	sargaḥ	674	___ ca pratisargaḥ ca vaṃśo manvantarāṇi ca	sargaḥ ca pratisargaḥ ca vaṃśo manvantarāṇi ca	sargam|sarge|sargāḥ	3	mcq
1402	483801	7592	5	1	104272	sarga	NOUN	Gen.Sing		sargasya	sargasya	674	___ pratisargasya vaṃśa manvantarasya ca	sargasya pratisargasya vaṃśa manvantarasya ca	sargaḥ|sargam|sarge	3	mcq
2305	484704	7692	6	2	104272	sarga	NOUN	Acc.Sing		sargam	sargam	674	dharma ___ pravakṣyāmi daśa patnīṣu dharmataḥ	dharma sargam pravakṣyāmi daśa patnīṣu dharmataḥ	sargaḥ|sarge|sargāḥ	3	mcq
5008	650748_4	11257	6	1	25735	bhṛgu	NOUN	Nom.Sing		bhṛguḥ	bhṛguḥ	674	___ apaśyat āpaḥ vai spardhante iti	bhṛguḥ apaśyat āpaḥ vai spardhante iti	bhṛgoḥ|bhṛgavaḥ|bhṛgūṇām	3	mcq
18690	634555	10534	8	2	25735	bhṛgu	NOUN	Ins.Plur		bhṛgubhiḥ	bhṛgubhiḥ	674	iyakṣamāṇā ___ sa joṣāḥ svar yantu yajamānāḥ svasti	iyakṣamāṇā bhṛgubhiḥ sa joṣāḥ svar yantu yajamānāḥ svasti	bhṛguḥ|bhṛgoḥ|bhṛgavaḥ	3	mcq
19579	635384	10753	5	1	25735	bhṛgu	NOUN	Acc.Sing		bhṛguṃ	bhṛgum	674	___ hiṃsitvā sṛñjayā vaitahavyāḥ parābhavan	bhṛguṃ hiṃsitvā sṛñjayā vaitahavyāḥ parābhavan	bhṛguḥ|bhṛgoḥ|bhṛgavaḥ	3	mcq
88487	331365	4558	8	1	67774	vaṅga	NOUN	Ins.Sing		vaṅgena	vaṅgena	674	___ kuṣṭhaṃ bhujagena ṣaṇḍho bhavet atas asau pariśodhanīyaḥ	vaṅgena kuṣṭhaṃ bhujagena ṣaṇḍho bhavet atas asau pariśodhanīyaḥ	vaṅgam|vaṅge|vaṅgasya	3	mcq
88850	331728	4513	9	1	67774	vaṅga	NOUN	Nom.Sing		vaṅgaṃ	vaṅgam	674	___ ca giri jam tat ca khurakaṃ miśrakaṃ dvidhā	vaṅgaṃ ca giri jam tat ca khurakaṃ miśrakaṃ dvidhā	vaṅge|vaṅgasya|vaṅgau	3	mcq
88852	331730	4513	10	1	67774	vaṅga	NOUN	Nom.Sing		vaṅgaṃ	vaṅgam	674	___ vidhatte khalu śuddhi hīnam ākṣepa kampau ca kilāsa gulmau	vaṅgaṃ vidhatte khalu śuddhi hīnam ākṣepa kampau ca kilāsa gulmau	vaṅge|vaṅgasya|vaṅgau	3	mcq
12022	466080	7302	9	4	79462	mālā	NOUN	Acc.Sing		mālām	mālām	672	tato yava virūḍha ___ ābadhya naṣṭa chāyā rūpaḥ carati	tato yava virūḍha mālām ābadhya naṣṭa chāyā rūpaḥ carati	mālā|mālābhiḥ|mālayā	3	mcq
33924	554483	8346	6	3	79462	mālā	NOUN	Gen.Plur		mālānām	mālānām	672	iṣṭakā iṣīkā ___ cita tūla bhāriṣu	iṣṭakā iṣīkā mālānām cita tūla bhāriṣu	mālām|mālā|mālābhiḥ	3	mcq
47629	38832	4853	6	2	87596	jantu	NOUN	Nom.Plur		jantavaḥ	jantavaḥ	672	khādanto ___ kuryuḥ tīvrām sa kṛmikarṇakaḥ	khādanto jantavaḥ kuryuḥ tīvrām sa kṛmikarṇakaḥ	jantuḥ|jantoḥ|jantūnām	3	mcq
48983	40186	4958	7	2	79462	mālā	NOUN	Nom.Sing		mālā	mālā	672	anena ___ gaṇḍānāṃ cira jā pūya vāhinī	anena mālā gaṇḍānāṃ cira jā pūya vāhinī	mālām|mālābhiḥ|mālayā	3	mcq
49263	40466	4978	8	2	87596	jantu	NOUN	Nom.Sing		jantuḥ	jantuḥ	672	saṃjāta ___ kaṇḍūlā kaṇḍvā ca ati rati priyā	saṃjāta jantuḥ kaṇḍūlā kaṇḍvā ca ati rati priyā	jantoḥ|jantavaḥ|jantūnām	3	mcq
65143	92389	970	8	1	87596	jantu	NOUN	Nom.Sing		jantur	jantuḥ	672	___ vai bhava etasmin yāṃ yāṃ yonim anuvrajet	jantur vai bhava etasmin yāṃ yāṃ yonim anuvrajet	jantoḥ|jantavaḥ|jantūnām	3	mcq
122457	655551	11452	12	6	162023	parityaj	VERB	Pres.Ind.3.Sing.NonPass		parityajati	parityajati	672	sa yadi śataṃ sahasraṃ vā ___ tadā pūrṇa eva tiṣṭhati na parikṣīyate	sa yadi śataṃ sahasraṃ vā parityajati tadā pūrṇa eva tiṣṭhati na parikṣīyate	parityajet|parityaja|parityajanti	3	mcq
133424	546295	8355	8	8	162023	parityaj	VERB	Pres.Opt.3.Sing.NonPass		parityajet	parityajet	672	aduṣṭāṃ hi tyajan daṇḍyaḥ su duṣṭām tu ___	aduṣṭāṃ hi tyajan daṇḍyaḥ su duṣṭām tu parityajet	parityajati|parityaja|parityajanti	3	mcq
150763	558584	8888	7	1	162023	parityaj	VERB	Pres.Opt.3.Sing.NonPass		parityajen	parityajet	672	___ mṛdaś ca etāḥ sakalāḥ śauca sādhane	parityajen mṛdaś ca etāḥ sakalāḥ śauca sādhane	parityajati|parityaja|parityajanti	3	mcq
2413	484812	7696	6	1	79282	mārkaṇḍeya	NOUN	Nom.Sing		mārkaṇḍeyo	mārkaṇḍeyaḥ	671	___ mṛkaṇḍoś ca jajñe vedaśirāḥ tatas	mārkaṇḍeyo mṛkaṇḍoś ca jajñe vedaśirāḥ tatas	mārkaṇḍeyam|mārkaṇḍeyasya|mārkaṇḍeyena	3	mcq
9168	76326	491	7	1	48450	bhaga	NOUN	Nom.Sing		bhagaṃ	bhagam	671	___ yoniḥ dvayoḥ śiśno meḍhro mehana śephasī	bhagaṃ yoniḥ dvayoḥ śiśno meḍhro mehana śephasī	bhagāya|bhagasya|bhaga	3	mcq
13246	646237	11143	9	3	48450	bhaga	NOUN	Acc.Sing		bhagam	bhagam	671	ahaṃ te ___ ā dade 'dhi śīrṣṇa iva srajam	ahaṃ te bhagam ā dade 'dhi śīrṣṇa iva srajam	bhagaḥ|bhagāya|bhagasya	3	mcq
13555	646540_2	13065	4	1	48450	bhaga	NOUN	Ins.Sing		bhagena	bhagena	671	___ adya bhagavantaḥ syāma	bhagena adya bhagavantaḥ syāma	bhagaḥ|bhagam|bhagāya	3	mcq
24263	639914	12011	12	4	161677	parigrah	VERB	Pres.Ind.1.Sing.NonPass		parigṛhṇāmi	parigṛhṇāmi	671	mayy ahaṃ taṃ ___ devaṃ mā so asmān dvikṣata mā vayaṃ tam	mayy ahaṃ taṃ parigṛhṇāmi devaṃ mā so asmān dvikṣata mā vayaṃ tam	parigṛhṇāti|parijagrāha|parigṛhṇīyāt	3	mcq
65519	92811	8972	5	1	79282	mārkaṇḍeya	NOUN	Nom.Sing		mārkaṇḍeyo	mārkaṇḍeyaḥ	671	___ mṛkaṇḍasya prāṇād vedaśirā muniḥ	mārkaṇḍeyo mṛkaṇḍasya prāṇād vedaśirā muniḥ	mārkaṇḍeyam|mārkaṇḍeyasya|mārkaṇḍeyena	3	mcq
101464	526358	7523	6	6	161677	parigrah	VERB	Pres.Imp.3.Sing.Pass		parigṛhyatām	parigṛhyatām	671	sarvam arpitam āvābhyāṃ tubhyaṃ tat ___	sarvam arpitam āvābhyāṃ tubhyaṃ tat parigṛhyatām	parigṛhṇāti|parigṛhṇāmi|parijagrāha	3	mcq
132974	545845	8342	7	1	79282	mārkaṇḍeya	NOUN	Nom.Sing		mārkaṇḍeyaḥ	mārkaṇḍeyaḥ	671	___ pitṛ stotram krauñcukiṃ prāha tat śṛṇu	mārkaṇḍeyaḥ pitṛ stotram krauñcukiṃ prāha tat śṛṇu	mārkaṇḍeyam|mārkaṇḍeyasya|mārkaṇḍeyena	3	mcq
12020	466078	7302	6	3	44212	nayana	NOUN	Nom.Sing		nayanaḥ	nayanaḥ	670	etena abhyakta ___ rātrau rūpāṇi paśyati	etena abhyakta nayanaḥ rātrau rūpāṇi paśyati	nayane|nayanam|nayanāḥ	3	mcq
37827	29024	2948	6	3	44212	nayana	NOUN	Loc.Sing		nayane	nayane	670	ūrdhva gān ___ nyastam apavartayate malān	ūrdhva gān nayane nyastam apavartayate malān	nayanaḥ|nayanam|nayanā	3	mcq
37835	29032	2948	6	4	44212	nayana	NOUN	Loc.Sing		nayane	nayane	670	tīkṣṇa añjana abhisaṃtapte ___ tat prasādanam	tīkṣṇa añjana abhisaṃtapte nayane tat prasādanam	nayanaḥ|nayanam|nayanā	3	mcq
21498	637262	11749	8	8	158014	rud	VERB	Past.Jus.3.Plur.NonPass		rudan	rudan	669	mā tvā vyasta keśyaḥ mā tvā agharudaḥ ___	mā tvā vyasta keśyaḥ mā tvā agharudaḥ rudan	ruroda|ruruduḥ|roditi	3	mcq
25047	640697	12260	9	2	158014	rud	VERB	Pres.Ind.3.Plur.NonPass		rudanti	rudanti	669	jīvaṃ ___ vinayanty adhvaraṃ dīrghām anu prasitiṃ dīdhyur naraḥ	jīvaṃ rudanti vinayanty adhvaraṃ dīrghām anu prasitiṃ dīdhyur naraḥ	ruroda|ruruduḥ|roditi	3	mcq
46243	37445	4582	7	6	158014	rud	VERB	Pres.Ind.3.Sing.NonPass		roditi	roditi	669	danta khādī stana dveṣī trasyan ___ visvaram	danta khādī stana dveṣī trasyan roditi visvaram	ruroda|ruruduḥ|rudanti	3	mcq
2367	484766	7694	8	7	14637	pakṣin	NOUN	Nom.Plur		pakṣiṇo	pakṣiṇaḥ	668	daṃṣṭriṇaḥ krodha vaśa jāḥ dharā utthāḥ ___ jale	daṃṣṭriṇaḥ krodha vaśa jāḥ dharā utthāḥ pakṣiṇo jale	pakṣiṇām|pakṣī|pakṣibhiḥ	3	mcq
8059	75217	488	6	1	69469	ravi	NOUN	Nom.Sing		raviḥ	raviḥ	668	___ śukro mahīsānuḥ svarbhānuḥ bhānujaḥ vidhuḥ	raviḥ śukro mahīsānuḥ svarbhānuḥ bhānujaḥ vidhuḥ	raveḥ|ravim|ravau	3	mcq
9119	76277	491	6	1	127819	śopha	NOUN	Nom.Sing		śophaḥ	śophaḥ	668	___ tu śvayathuḥ śothaḥ pādasphoṭo vipādikā	śophaḥ tu śvayathuḥ śothaḥ pādasphoṭo vipādikā	śopham|śophe|śophān	3	mcq
37064	28074	1223	7	2	14637	pakṣin	NOUN	Nom.Sing		pakṣī	pakṣī	668	yathā ___ paripatan sarvataḥ sarvam apy ahaḥ	yathā pakṣī paripatan sarvataḥ sarvam apy ahaḥ	pakṣiṇaḥ|pakṣiṇām|pakṣibhiḥ	3	mcq
37926	29123	3005	8	8	14637	pakṣin	NOUN	Gen.Plur		pakṣiṇām	pakṣiṇām	668	tulyāni kaṅka siṃha ṛkṣa kāka ādi mṛga ___	tulyāni kaṅka siṃha ṛkṣa kāka ādi mṛga pakṣiṇām	pakṣiṇaḥ|pakṣī|pakṣibhiḥ	3	mcq
38231	29429	3875	7	1	127819	śopha	NOUN	Nom.Sing		śopho	śophaḥ	668	___ bhavati māṃsa sthe coṣaḥ śopho vivardhate	śopho bhavati māṃsa sthe coṣaḥ śopho vivardhate	śopham|śophe|śophān	3	mcq
38326	29524	3876	11	1	127819	śopha	NOUN	Nom.Sing		śopho	śophaḥ	668	___ 'lpo alpa ūṣma ruj sa āmaḥ sa varṇaḥ kaṭhinaḥ sthiraḥ	śopho 'lpo alpa ūṣma ruj sa āmaḥ sa varṇaḥ kaṭhinaḥ sthiraḥ	śopham|śophe|śophān	3	mcq
59844	572926	9670	10	1	69469	ravi	NOUN	Nom.Sing		ravir	raviḥ	668	___ asāv iyatā asya guṇeṣu kā sakala loka camatkṛtiṣu kṣatiḥ	ravir asāv iyatā asya guṇeṣu kā sakala loka camatkṛtiṣu kṣatiḥ	raveḥ|ravim|ravau	3	mcq
62719	89961	671	6	2	69469	ravi	NOUN	Loc.Sing		ravāv	ravau	668	nimrocati ___ āsīd veṇūnām iva mardanam	nimrocati ravāv āsīd veṇūnām iva mardanam	raviḥ|raveḥ|ravim	3	mcq
904	506123	7429	9	1	135639	kṣaudra	NOUN	Nom.Sing		kṣaudraṃ	kṣaudram	667	___ taila ghṛte ca viṃśati palam kṣīrasya triṃśat palam	kṣaudraṃ taila ghṛte ca viṃśati palam kṣīrasya triṃśat palam	kṣaudraiḥ|kṣaudreṇa|kṣaudre	3	mcq
1592	483991	7675	8	7	58897	ābharaṇa	NOUN	Acc.Sing		ābharaṇam	ābharaṇam	667	kubjayā uktam ca tac chrutvā ekam ___ dadau	kubjayā uktam ca tac chrutvā ekam ābharaṇam dadau	ābharaṇāni|ābharaṇaiḥ|ābharaṇāḥ	3	mcq
11268	465295	11917	4	1	135639	kṣaudra	NOUN	Nom.Sing		kṣaudraṃ	kṣaudram	667	___ mārdvīkaṃ ca madhu	kṣaudraṃ mārdvīkaṃ ca madhu	kṣaudraiḥ|kṣaudreṇa|kṣaudre	3	mcq
41741	32942	4206	8	4	135639	kṣaudra	NOUN	Acc.Plur		kṣaudrāḥ	kṣaudrāḥ	667	śītāḥ sa śarkarā ___ tadvan māṃsa rasān api	śītāḥ sa śarkarā kṣaudrāḥ tadvan māṃsa rasān api	kṣaudram|kṣaudraiḥ|kṣaudreṇa	3	mcq
59960	573042	9670	9	2	58897	ābharaṇa	NOUN	Nom.Sing		ābharaṇam	ābharaṇam	667	kāñcana ___ aśmanā samaṃ yat tvayā evam adhiropyate tulām	kāñcana ābharaṇam aśmanā samaṃ yat tvayā evam adhiropyate tulām	ābharaṇāni|ābharaṇaiḥ|ābharaṇāḥ	3	mcq
59972	573054	9670	10	4	58897	ābharaṇa	NOUN	Gen.Sing		ābharaṇasya	ābharaṇasya	667	yeṣām aśeṣa bhuvana ___ hemnas tattvaṃ vivektum upalāḥ paramaṃ pramāṇam	yeṣām aśeṣa bhuvana ābharaṇasya hemnas tattvaṃ vivektum upalāḥ paramaṃ pramāṇam	ābharaṇāni|ābharaṇam|ābharaṇaiḥ	3	mcq
1166	555541	8248	9	2	157381	nam	VERB	Pres.Ind.1.Sing.NonPass		namāmy	namāmi	666	taṃ ___ a sama jñānam a cintyam a nidarśanam	taṃ namāmy a sama jñānam a cintyam a nidarśanam	namati|nanāma|namanti	3	mcq
5298	651031	11593	10	2	143092	vedi	NOUN	Loc.Sing		vedyām	vedyām	666	taṃ ___ anvavindan yad vedyām anvavindaṃs tad veder vedi tvam	taṃ vedyām anvavindan yad vedyām anvavindaṃs tad veder vedi tvam	vedim|vediḥ|vedeḥ	3	mcq
9333	76491	491	6	1	143092	vedi	NOUN	Nom.Sing		vediḥ	vediḥ	666	___ pariṣkṛtā bhūmiḥ same sthaṇḍila catvare	vediḥ pariṣkṛtā bhūmiḥ same sthaṇḍila catvare	vedim|vedyām|vedeḥ	3	mcq
10843	464870	7289	12	3	54714	avasthā	NOUN	Nom.Sing		avasthaḥ	avasthaḥ	666	kṛta pratighāta ___ sūcako niṣpanna arthaḥ ṣaṣṭham aṃśaṃ labheta dvādaśam aṃśaṃ bhṛtakaḥ	kṛta pratighāta avasthaḥ sūcako niṣpanna arthaḥ ṣaṣṭham aṃśaṃ labheta dvādaśam aṃśaṃ bhṛtakaḥ	avasthām|avasthāyām|avasthāsu	3	mcq
13908	646851_1	13109	4	4	157381	nam	VERB	Pres.Imp.2.Sing.NonPass		nama	nama	666	ṛjīte pari naḥ ___	ṛjīte pari naḥ nama	namāmi|namati|nanāma	3	mcq
14830	647703	14630	8	2	157381	nam	VERB	Pres.Imp.3.Plur.NonPass		namantāṃ	namantām	666	mahyaṃ ___ pradiśaś catasras tvayā adhyakṣeṇa pṛtanā jayema	mahyaṃ namantāṃ pradiśaś catasras tvayā adhyakṣeṇa pṛtanā jayema	namāmi|namati|nanāma	3	mcq
19658	635462	10769	8	1	143092	vedi	NOUN	Nom.Sing		vedir	vediḥ	666	___ barhiḥ samidhaḥ śośucānā apa dveṣāṃsy amuyā bhavantu	vedir barhiḥ samidhaḥ śośucānā apa dveṣāṃsy amuyā bhavantu	vedim|vedyām|vedeḥ	3	mcq
41698	32899	4195	7	3	54714	avasthā	NOUN	Loc.Sing		avasthāyāṃ	avasthāyām	666	tasyāṃ tasyām ___ tat tat kuryād bhiṣagjitam	tasyāṃ tasyām avasthāyāṃ tat tat kuryād bhiṣagjitam	avasthām|avasthā|avasthāsu	3	mcq
41709	32910	4206	7	4	54714	avasthā	NOUN	Acc.Sing		avasthām	avasthām	666	deśa kāla ādi ___ ca raktapitte prayojayet	deśa kāla ādi avasthām ca raktapitte prayojayet	avasthāyām|avasthā|avasthāsu	3	mcq
210	589968	9741	6	1	107166	sugrīva	NOUN	Nom.Sing		sugrīvaḥ	sugrīvaḥ	665	___ ca dṛḍharatho viṣṇuḥ ca vasupūjyarāṭ	sugrīvaḥ ca dṛḍharatho viṣṇuḥ ca vasupūjyarāṭ	sugrīvam|sugrīveṇa|sugrīvasya	3	mcq
1735	484134	7678	7	1	107166	sugrīva	NOUN	Nom.Sing		sugrīva	sugrīvaḥ	665	___ āha saṃsakto gataṃ kālaṃ na buddhavān	sugrīva āha saṃsakto gataṃ kālaṃ na buddhavān	sugrīvam|sugrīveṇa|sugrīvasya	3	mcq
1830	484229	7681	9	5	107166	sugrīva	NOUN	Nom.Sing		sugrīva	sugrīvaḥ	665	ete ca anye ca ___ etair yukto hy asaṃkhyakaiḥ	ete ca anye ca sugrīva etair yukto hy asaṃkhyakaiḥ	sugrīvam|sugrīveṇa|sugrīvasya	3	mcq
14332	647246	11311	8	2	36530	manyu	NOUN	Voc.Sing		manyo	manyo	664	tvayā ___ sa ratham ārujanto harṣamāṇāso hṛṣitā marutvan	tvayā manyo sa ratham ārujanto harṣamāṇāso hṛṣitā marutvan	manyuḥ|manyum|manyunā	3	mcq
14654	647528	11421	9	3	36530	manyu	NOUN	Voc.Sing		manyo	manyo	664	yas te ___ 'vidhad vajra sāyaka saha ojaḥ puṣyati	yas te manyo 'vidhad vajra sāyaka saha ojaḥ puṣyati	manyuḥ|manyum|manyunā	3	mcq
14656	647530	11421	10	1	36530	manyu	NOUN	Nom.Sing		manyur	manyuḥ	664	___ indro manyur eva āsa devo manyur hotā varuṇo jātavedāḥ	manyur indro manyur eva āsa devo manyur hotā varuṇo jātavedāḥ	manyum|manyunā|manyave	3	mcq
9630	76788	491	5	5	63182	āhava	NOUN	Nom.Plur		āhavāḥ	āhavāḥ	663	abhyāmarda samāghāta saṃgrāma abhyāgama ___	abhyāmarda samāghāta saṃgrāma abhyāgama āhavāḥ	āhave|āhavam|āhaveṣu	3	mcq
10144	464156	5776	6	1	81872	lobha	NOUN	Abl.Sing		lobhād	lobhāt	663	___ ailaḥ cāturvarṇyam sauvīraḥ ca ajabinduḥ	lobhād ailaḥ cāturvarṇyam sauvīraḥ ca ajabinduḥ	lobhaḥ|lobham|lobhena	3	mcq
53719	520678	15320	8	2	81872	lobha	NOUN	Abl.Sing		lobhāt	lobhāt	663	ati ___ pramādād vā yaḥ karoti kriyām imām	ati lobhāt pramādād vā yaḥ karoti kriyām imām	lobhaḥ|lobham|lobhena	3	mcq
61461	88702	8959	11	1	81872	lobha	NOUN	Nom.Sing		lobho	lobhaḥ	663	___ 'nṛtaṃ cauryam anāryam aṃho jyeṣṭhā ca māyā kalahaḥ ca dambhaḥ	lobho 'nṛtaṃ cauryam anāryam aṃho jyeṣṭhā ca māyā kalahaḥ ca dambhaḥ	lobhāt|lobham|lobhena	3	mcq
160128	764438	17397	8	6	63182	āhava	NOUN	Loc.Plur		āhaveṣu	āhaveṣu	663	tvayā hi nityaṃ rakṣyaḥ sa ___ mahatsu ca	tvayā hi nityaṃ rakṣyaḥ sa āhaveṣu mahatsu ca	āhave|āhavam|āhavāt	3	mcq
161890	766200	17442	7	2	63182	āhava	NOUN	Loc.Sing		āhave	āhave	663	tṛṣitāny ___ bhoktuṃ nṛpa māṃsāni vai bhṛśam	tṛṣitāny āhave bhoktuṃ nṛpa māṃsāni vai bhṛśam	āhavam|āhaveṣu|āhavāt	3	mcq
39096	30296	1180	7	2	6672	añjali	NOUN	Nom.Dual		añjalī	añjalī	662	dvāv ___ tu stanyasya catvāro rajasaḥ striyāḥ	dvāv añjalī tu stanyasya catvāro rajasaḥ striyāḥ	añjalim|añjaliḥ|añjalinā	3	mcq
44492	35693	4521	9	2	6672	añjali	NOUN	Acc.Sing		añjalim	añjalim	662	drākṣā ___ vā mṛditaṃ tat pibet pāṇḍu roga jit	drākṣā añjalim vā mṛditaṃ tat pibet pāṇḍu roga jit	añjaliḥ|añjalinā|añjalau	3	mcq
44495	35696	4521	9	3	6672	añjali	NOUN	Ins.Sing		añjalinā	añjalinā	662	go mūtra ___ piṣṭaṃ śṛtaṃ tena eva vā pibet	go mūtra añjalinā piṣṭaṃ śṛtaṃ tena eva vā pibet	añjalim|añjaliḥ|añjalau	3	mcq
517	590275	9744	6	1	123117	vimāna	NOUN	Nom.Sing		vimānaṃ	vimānam	661	___ puṣpakaṃ caitrarathaṃ vanaṃ purī prabhā	vimānaṃ puṣpakaṃ caitrarathaṃ vanaṃ purī prabhā	vimānena|vimāne|vimānaiḥ	3	mcq
63765	91010	853	12	12	123117	vimāna	NOUN	Ins.Plur		vimānaiḥ	vimānaiḥ	661	yat saṃkulaṃ hari pada ānati mātra dṛṣṭaiḥ vaiḍūrya mārakata hema mayaiḥ ___	yat saṃkulaṃ hari pada ānati mātra dṛṣṭaiḥ vaiḍūrya mārakata hema mayaiḥ vimānaiḥ	vimānam|vimānena|vimāne	3	mcq
64451	91697	952	6	1	123117	vimāna	NOUN	Acc.Sing		vimānaṃ	vimānam	661	___ kāmagaṃ kṣattas tarhy eva āviracīkarat	vimānaṃ kāmagaṃ kṣattas tarhy eva āviracīkarat	vimānena|vimāne|vimānaiḥ	3	mcq
8342	75500	488	8	1	63860	icchā	NOUN	Nom.Sing		icchā	icchā	660	___ kāṅkṣā spṛhā īhā tṛḍ vāñchā lipsā manorathaḥ	icchā kāṅkṣā spṛhā īhā tṛḍ vāñchā lipsā manorathaḥ	icchayā|icchāyāḥ|icchām	3	mcq
35158	555836	8787	7	2	63860	icchā	NOUN	Nom.Sing		icchā	icchā	660	jīvita ___ bubhukṣā ca bubhutsā upaśamaḥ gatāḥ	jīvita icchā bubhukṣā ca bubhutsā upaśamaḥ gatāḥ	icchayā|icchāyāḥ|icchām	3	mcq
37045	28055	1223	8	3	63860	icchā	NOUN	Nom.Sing		icchā	icchā	660	viparīta guṇa ___ ca kopas tu unmārga gamitā	viparīta guṇa icchā ca kopas tu unmārga gamitā	icchayā|icchāyāḥ|icchām	3	mcq
50012	41215	1193	7	7	16348	parāyaṇa	NOUN	Nom.Sing		parāyaṇaḥ	parāyaṇaḥ	660	dāna śīla dayā satya vrata dharma ___	dāna śīla dayā satya vrata dharma parāyaṇaḥ	parāyaṇāḥ|parāyaṇam|parāyaṇān	3	mcq
60924	88077	8953	11	1	16348	parāyaṇa	NOUN	Acc.Sing		parāyaṇaṃ	parāyaṇam	660	___ kṣemam iha icchatām paraṃ na yatra kālaḥ prabhavet paraḥ prabhuḥ	parāyaṇaṃ kṣemam iha icchatām paraṃ na yatra kālaḥ prabhavet paraḥ prabhuḥ	parāyaṇaḥ|parāyaṇāḥ|parāyaṇā	3	mcq
61530	88771	8960	8	8	16348	parāyaṇa	NOUN	Gen.Sing		parāyaṇasya	parāyaṇasya	660	kutaḥ punar gṛṇataḥ nāma tasya mahattama ekānta ___	kutaḥ punar gṛṇataḥ nāma tasya mahattama ekānta parāyaṇasya	parāyaṇaḥ|parāyaṇāḥ|parāyaṇam	3	mcq
66	479337	7024	8	2	150817	prajñā	NOUN	Nom.Sing		prajñā	prajñā	658	tau ___ mānasī vyagrā smṛtiḥ sarvā eva mānasī	tau prajñā mānasī vyagrā smṛtiḥ sarvā eva mānasī	prajñayā|prajñām|prajñāḥ	3	mcq
4240	650377_1	10904	5	2	102167	stana	NOUN	Acc.Plur		stanān	stanān	658	trīn ___ vratam upaiti upasatsu	trīn stanān vratam upaiti upasatsu	stanam|stanau|stanaḥ	3	mcq
4242	650377_3	10904	5	2	102167	stana	NOUN	Acc.Dual		stanau	stanau	658	dvau ___ vratam upaiti upasatsu	dvau stanau vratam upaiti upasatsu	stanam|stanaḥ|stanāḥ	3	mcq
4244	650377_5	10904	5	2	102167	stana	NOUN	Acc.Sing		stanam	stanam	658	ekam ___ vratam upaiti upasatsu	ekam stanam vratam upaiti upasatsu	stanau|stanaḥ|stanāḥ	3	mcq
61330	88571	8958	8	3	150817	prajñā	NOUN	Gen.Sing		prajñasya	prajñasya	658	mandasya manda ___ vayo manda āyuṣaḥ ca vai	mandasya manda prajñasya vayo manda āyuṣaḥ ca vai	prajñā|prajñayā|prajñām	3	mcq
67834	95126	8998	7	5	150817	prajñā	NOUN	Nom.Sing		prajñaḥ	prajñaḥ	658	guṇa pravāha patitaḥ naṣṭa ___ vrajati adhas	guṇa pravāha patitaḥ naṣṭa prajñaḥ vrajati adhas	prajñayā|prajñām|prajñāḥ	3	mcq
90169	99098	855	12	12	90329	dyuti	NOUN	Nom.Plur		dyutayaḥ	dyutayaḥ	658	vipula sugandhi śītala saroruha garbha gatāḥ madhura jina svara aśanakṛtā upacita ___	vipula sugandhi śītala saroruha garbha gatāḥ madhura jina svara aśanakṛtā upacita dyutayaḥ	dyutiḥ|dyute|dyutim	3	mcq
91877	477979	6778	10	4	90329	dyuti	NOUN	Nom.Sing		dyutiḥ	dyutiḥ	658	sitam asita gati ___ vapuṣmān raviḥ iva śāradam abhram āruroha	sitam asita gati dyutiḥ vapuṣmān raviḥ iva śāradam abhram āruroha	dyute|dyutim|dyutī	3	mcq
99381	524273	7520	6	6	90329	dyuti	NOUN	Nom.Sing		dyutiḥ	dyutiḥ	658	pīvara krodha saṃjāta prajvalat jvalana ___	pīvara krodha saṃjāta prajvalat jvalana dyutiḥ	dyute|dyutim|dyutī	3	mcq
966	506185	7429	12	1	134303	kvātha	NOUN	Nom.Sing		kvāthaś	kvāthaḥ	657	___ ca kalkaś ca rasaś ca yāmaṃ yāma trayam modaka vartī cūrṇam	kvāthaś ca kalkaś ca rasaś ca yāmaṃ yāma trayam modaka vartī cūrṇam	kvāthe|kvāthaiḥ|kvātham	3	mcq
1001	506220	7429	6	1	134303	kvātha	NOUN	Acc.Sing		kvāthaṃ	kvātham	657	___ caturguṇaṃ vāri kalkam aṣṭaguṇaṃ tathā	kvāthaṃ caturguṇaṃ vāri kalkam aṣṭaguṇaṃ tathā	kvāthe|kvāthaiḥ|kvāthena	3	mcq
38834	30032	3942	6	3	134303	kvātha	NOUN	Loc.Sing		kvāthe	kvāthe	657	bilvādi pañcaka ___ tila uddālaka taṇḍulaiḥ	bilvādi pañcaka kvāthe tila uddālaka taṇḍulaiḥ	kvāthaiḥ|kvātham|kvāthena	3	mcq
452	590210	9744	7	1	116088	śarad	NOUN	Nom.Sing		śarad	śarad	656	___ ghanātyayaḥ 'yanaṃ śiśira ādyaiḥ tribhiḥ tribhiḥ	śarad ghanātyayaḥ 'yanaṃ śiśira ādyaiḥ tribhiḥ tribhiḥ	śaradaḥ|śaradi|śaradām	3	mcq
4321	650421_1	10916	4	1	109387	havya	NOUN	Acc.Sing		havyam	havyam	656	___ hi vakṣyan bhavati	havyam hi vakṣyan bhavati	havyā|havyāni|havyaiḥ	3	mcq
4750	650634_1	11079	11	4	109387	havya	NOUN	Nom.Sing		havyam	havyam	656	jīvam ha asya ___ devān apyeti yatra evam vidvān vanaspatim yajati	jīvam ha asya havyam devān apyeti yatra evam vidvān vanaspatim yajati	havyā|havyāni|havyaiḥ	3	mcq
4792	650656_1	11091	8	2	109387	havya	NOUN	Acc.Plur		havyā	havyā	656	imā ___ jātavedaḥ juṣasva iti havya juṣṭim āśāste	imā havyā jātavedaḥ juṣasva iti havya juṣṭim āśāste	havyam|havyaiḥ|havyāya	3	mcq
12946	687772	14438	11	4	116088	śarad	NOUN	Acc.Plur		śarado	śaradaḥ	656	śatam in nu ___ anti devā yatra naś cakrā jarasaṃ tanūnāṃ	śatam in nu śarado anti devā yatra naś cakrā jarasaṃ tanūnāṃ	śaradi|śarad|śaradām	3	mcq
16292	649093	17483	9	1	116088	śarad	NOUN	Nom.Sing		śarad	śarad	656	___ dhemantaḥ śiśiro vasanto grīṣmo varṣā suvite no dadhāta	śarad dhemantaḥ śiśiro vasanto grīṣmo varṣā suvite no dadhāta	śaradaḥ|śaradi|śaradām	3	mcq
26440	708897	17589	8	3	8781	saṃkāśa	NOUN	Nom.Plur		saṃkāśāḥ	saṃkāśāḥ	654	jvalita aṅgāra ___ jihma gāḥ atha śīghra gāḥ	jvalita aṅgāra saṃkāśāḥ jihma gāḥ atha śīghra gāḥ	saṃkāśam|saṃkāśaḥ|saṃkāśaiḥ	3	mcq
35130	555808	8765	8	4	8781	saṃkāśa	NOUN	Nom.Sing		saṃkāśaḥ	saṃkāśaḥ	654	ahaṃ sa śukti ___ rūpya vat viśva kalpanā	ahaṃ sa śukti saṃkāśaḥ rūpya vat viśva kalpanā	saṃkāśam|saṃkāśāḥ|saṃkāśaiḥ	3	mcq
40688	31889	4123	7	3	8781	saṃkāśa	NOUN	Nom.Sing		saṃkāśaḥ	saṃkāśaḥ	654	pakva udumbara ___ pittād dāha ūṣma pākavān	pakva udumbara saṃkāśaḥ pittād dāha ūṣma pākavān	saṃkāśam|saṃkāśāḥ|saṃkāśaiḥ	3	mcq
2825	748759_5	14955	7	1	135873	mithuna	NOUN	Acc.Sing		mithunam	mithunam	653	___ eva tat uktha mukhe karoti prajātyai	mithunam eva tat uktha mukhe karoti prajātyai	mithunena|mithunāt|mithunasya	3	mcq
3560	650043_3	10828	8	1	135873	mithuna	NOUN	Ins.Sing		mithunena	mithunena	653	___ eva enam tat prajayā paśubhiḥ prajanayati prajātyai	mithunena eva enam tat prajayā paśubhiḥ prajanayati prajātyai	mithunam|mithunāt|mithunasya	3	mcq
4182	650356_1	10894	6	4	135873	mithuna	NOUN	Nom.Sing		mithunam	mithunam	653	tat etat deva ___ yat gharmaḥ	tat etat deva mithunam yat gharmaḥ	mithunena|mithunāt|mithunasya	3	mcq
6229	651950	11887	11	1	120452	vaiśvānara	NOUN	Nom.Sing		vaiśvānaro	vaiśvānaraḥ	653	___ ājījanad ity āgnimārutasya pratipaj jātavat saptame 'hani saptamasya ahnaḥ rūpam	vaiśvānaro ājījanad ity āgnimārutasya pratipaj jātavat saptame 'hani saptamasya ahnaḥ rūpam	vaiśvānaram|vaiśvānarāya|vaiśvānarasya	3	mcq
11214	465241	7295	9	1	157044	ghana	NOUN	Nom.Sing		ghanaṃ	ghanam	653	___ suṣiraṃ saṃyūhyam avalepyaṃ saṃghātyaṃ vāsitakaṃ ca kāru karma	ghanaṃ suṣiraṃ saṃyūhyam avalepyaṃ saṃghātyaṃ vāsitakaṃ ca kāru karma	ghanaiḥ|ghanāḥ|ghanān	3	mcq
11244	465271	7295	6	2	157044	ghana	NOUN	Gen.Plur		ghanānāṃ	ghanānām	653	yad ___ tīkṣṇena ullikhanti tad ullekhanam	yad ghanānāṃ tīkṣṇena ullikhanti tad ullekhanam	ghanam|ghanaḥ|ghanaiḥ	3	mcq
15481	648325_1	14731	8	1	120452	vaiśvānara	NOUN	Nom.Sing		vaiśvānaraḥ	vaiśvānaraḥ	653	___ raśmibhiḥ naḥ punātu vātaḥ prāṇena iṣiraḥ nabhobhiḥ	vaiśvānaraḥ raśmibhiḥ naḥ punātu vātaḥ prāṇena iṣiraḥ nabhobhiḥ	vaiśvānaram|vaiśvānarāya|vaiśvānarasya	3	mcq
16138	648939	17470	5	2	120452	vaiśvānara	NOUN	Acc.Sing		vaiśvānaram	vaiśvānaram	653	ṛtāvānaṃ ___ ṛtasya jyotiṣas patim	ṛtāvānaṃ vaiśvānaram ṛtasya jyotiṣas patim	vaiśvānaraḥ|vaiśvānarāya|vaiśvānarasya	3	mcq
22828	638488	11433	6	1	157044	ghana	NOUN	Ins.Sing		ghanena	ghanena	653	___ hanmi vṛścikam ahiṃ daṇḍena āgatam	ghanena hanmi vṛścikam ahiṃ daṇḍena āgatam	ghanam|ghanaḥ|ghanaiḥ	3	mcq
16147	648948	17470	8	7	158095	vāray	VERB	Pres.Ind.1.Sing.NonPass		vāraye	vāraye	652	yad bhūtaṃ bhavyam āsanvat tena te ___ viṣam	yad bhūtaṃ bhavyam āsanvat tena te vāraye viṣam	vārayāmāsa|avārayat|vārayet	3	mcq
18547	634432_2	10521	4	3	158095	vāray	VERB	Pres.Ind.1.Sing.NonPass		vāraye	vāraye	652	tena te ___ viṣam	tena te vāraye viṣam	vārayāmāsa|avārayat|vārayet	3	mcq
22754	638414	11429	7	1	158095	vāray	VERB	Impf.Ind.3.Plur.NonPass		avārayanta	avārayanta	652	___ varaṇena devā abhyācāram asurāṇāṃ śvaḥ śvaḥ	avārayanta varaṇena devā abhyācāram asurāṇāṃ śvaḥ śvaḥ	vārayāmāsa|avārayat|vārayet	3	mcq
1083	506302	7429	7	3	99925	saindhava	NOUN	Nom.Sing		saindhavaṃ	saindhavam	651	teṣu mukhyaṃ ___ syāt sarva bhāveṣu kṣepayet	teṣu mukhyaṃ saindhavaṃ syāt sarva bhāveṣu kṣepayet	saindhavaiḥ|saindhavena|saindhavasya	3	mcq
7790	556330_1	8819	5	1	167043	candramas	NOUN	Nom.Sing		candramāḥ	candramāḥ	651	___ manaḥ bhūtvā hṛdayam prāviśat	candramāḥ manaḥ bhūtvā hṛdayam prāviśat	candramasam|candramasi|candramasaḥ	3	mcq
9743	76901	491	6	1	99925	saindhava	NOUN	Nom.Sing		saindhavo	saindhavaḥ	651	___ 'strī śītaśivaṃ māṇimanthaṃ ca sindhuje	saindhavo 'strī śītaśivaṃ māṇimanthaṃ ca sindhuje	saindhavam|saindhavaiḥ|saindhavena	3	mcq
14192	647115_2	11280	6	1	167043	candramas	NOUN	Nom.Sing		candramāḥ	candramāḥ	651	___ nakṣatraiḥ anu tvā idam āvīt	candramāḥ nakṣatraiḥ anu tvā idam āvīt	candramasam|candramasi|candramasaḥ	3	mcq
15550	648402_1	15420	10	2	167043	candramas	NOUN	Voc.Dual		candramasau	candramasau	651	sūrya ___ sam nahyethām mama rāṣṭrāya jayantau amitrebhyaḥ hetim asyantau	sūrya candramasau sam nahyethām mama rāṣṭrāya jayantau amitrebhyaḥ hetim asyantau	candramāḥ|candramasam|candramasi	3	mcq
36442	27448	310	7	1	99925	saindhava	NOUN	Nom.Sing		saindhavaṃ	saindhavam	651	___ tatra sasvādu vṛṣyaṃ hṛdyaṃ tridoṣa nud	saindhavaṃ tatra sasvādu vṛṣyaṃ hṛdyaṃ tridoṣa nud	saindhavaiḥ|saindhavena|saindhavasya	3	mcq
4317	650418	10916	8	1	63299	iḍā	NOUN	Gen.Sing		iﾱāyās	iﾱāyāḥ	650	___ tvā pade vayaṃ nābhā pṛthivyā adhi iti	iﾱāyās tvā pade vayaṃ nābhā pṛthivyā adhi iti	iḍā|iḍām|iḍāyām	3	mcq
4318	650419_1	10916	8	3	63299	iḍā	NOUN	Gen.Sing		iḍāyāḥ	iḍāyāḥ	650	etat vai ___ padam yat uttara vedī nābhiḥ	etat vai iḍāyāḥ padam yat uttara vedī nābhiḥ	iḍā|iḍām|iḍāyām	3	mcq
6900	652596_25	12095	4	1	63299	iḍā	NOUN	Nom.Sing		iﾱā	iﾱā	650	___ sarveṣām hotuḥ vā	iﾱā sarveṣām hotuḥ vā	iḍām|iḍāyām|iḍāyāḥ	3	mcq
35335	556013	8845	9	2	159181	nind	VERB	Pres.Ind.3.Sing.NonPass		nindati	nindati	649	na ___ na ca stauti na hṛṣyati na kupyati	na nindati na ca stauti na hṛṣyati na kupyati	nindanti|nindet|nininda	3	mcq
69824	97339	785	7	1	159181	nind	VERB	Pres.Ind.3.Plur.NonPass		nindanti	nindanti	649	___ tāmasaṃ tat tad rājasaṃ tad upekṣitam	nindanti tāmasaṃ tat tad rājasaṃ tad upekṣitam	nindati|nindet|nininda	3	mcq
80490	579731	9722	9	1	159181	nind	VERB	Pres.Ind.3.Plur.NonPass		nindanti	nindanti	649	___ ye striyaṃ bhuktvā ye ca śāstra artha varjitāḥ	nindanti ye striyaṃ bhuktvā ye ca śāstra artha varjitāḥ	nindati|nindet|nininda	3	mcq
2648	748661_3	14908	5	3	6278	aṅguli	NOUN	Nom.Plur		aṅgulayaḥ	aṅgulayaḥ	648	daśa hastyāḥ ___ daśa pādyāḥ	daśa hastyāḥ aṅgulayaḥ daśa pādyāḥ	aṅgulyā|aṅgulīḥ|aṅguliḥ	3	mcq
4102	650318_2	10885	5	3	6278	aṅguli	NOUN	Nom.Plur		aṅgulayaḥ	aṅgulayaḥ	648	daśa hastyāḥ ___ daśa pādyāḥ	daśa hastyāḥ aṅgulayaḥ daśa pādyāḥ	aṅgulyā|aṅgulīḥ|aṅguliḥ	3	mcq
9180	76338	491	6	1	6278	aṅguli	NOUN	Nom.Plur		aṅgulyaḥ	aṅgulayaḥ	648	___ karaśākhāḥ syuḥ puṃsi aṅguṣṭhaḥ pradeśinī	aṅgulyaḥ karaśākhāḥ syuḥ puṃsi aṅguṣṭhaḥ pradeśinī	aṅgulyā|aṅgulīḥ|aṅguliḥ	3	mcq
14892	647765	15398	12	8	157962	mā	VERB	Past.Sub.3.Sing.NonPass		māsatai	māsatai	648	na tā itthā na tā iha ava ___ ukhā iva śṛṅgavat śiraḥ	na tā itthā na tā iha ava māsatai ukhā iva śṛṅgavat śiraḥ	mimīte|amimīta|mamire	3	mcq
19417	635234	10663	9	4	157962	mā	VERB	Impf.Ind.3.Sing.NonPass		amimīta	amimīta	648	sadyo jāto vy ___ yajñam agnir devānām abhavat purogāḥ	sadyo jāto vy amimīta yajñam agnir devānām abhavat purogāḥ	mimīte|mamire|mame	3	mcq
24365	640015	12076	10	1	157962	mā	VERB	Past.Ind.1.Sing.NonPass	s	amāsi	amāsi	648	___ pātrair udakaṃ yad etan mitās taṇḍulāḥ pradiśo yadi imāḥ	amāsi pātrair udakaṃ yad etan mitās taṇḍulāḥ pradiśo yadi imāḥ	mimīte|amimīta|mamire	3	mcq
35392	556070	8847	5	5	154232	bandhana	NOUN	Nom.Sing		bandhanaḥ	bandhanaḥ	648	nirvāsano nirālambaḥ svacchando mukta ___	nirvāsano nirālambaḥ svacchando mukta bandhanaḥ	bandhanam|bandhanāt|bandhane	3	mcq
38435	29633	3876	8	1	154232	bandhana	NOUN	Acc.Plur		bandhanāni	bandhanāni	648	___ tu deśa ādīn vīkṣya yuñjīta teṣu ca	bandhanāni tu deśa ādīn vīkṣya yuñjīta teṣu ca	bandhanam|bandhanāt|bandhane	3	mcq
48728	39931	4934	6	6	154232	bandhana	NOUN	Ins.Plur		bandhanaiḥ	bandhanaiḥ	648	āñchana utpīḍana unnāma carma saṃkṣepa ___	āñchana utpīḍana unnāma carma saṃkṣepa bandhanaiḥ	bandhanam|bandhanāt|bandhane	3	mcq
26614	641957	10654	6	3	8295	saṃsāra	NOUN	Acc.Sing		saṃsāram	saṃsāram	646	prahāya jāti ___ duḥkhasya antam kariṣyati	prahāya jāti saṃsāram duḥkhasya antam kariṣyati	saṃsāre|saṃsāraḥ|saṃsārāt	3	mcq
26679	642022	10667	6	3	8295	saṃsāra	NOUN	Acc.Sing		saṃsāram	saṃsāram	646	prahāya jāti ___ duḥkhasya antam kariṣyati	prahāya jāti saṃsāram duḥkhasya antam kariṣyati	saṃsāre|saṃsāraḥ|saṃsārāt	3	mcq
26821	642164	10679	6	3	8295	saṃsāra	NOUN	Acc.Sing		saṃsāram	saṃsāram	646	prahāya jāti ___ duḥkhasya antam kariṣyati	prahāya jāti saṃsāram duḥkhasya antam kariṣyati	saṃsāre|saṃsāraḥ|saṃsārāt	3	mcq
60643	87796	660	5	1	160529	upalabh	VERB	Past.Ind.3.Sing.NonPass		upalebhe	upalebhe	646	___ 'bhidhāvantīm uttarāṃ bhaya vihvalām	upalebhe 'bhidhāvantīm uttarāṃ bhaya vihvalām	upalabhyate|upalabhyante|upalabhāmahe	3	mcq
68962	96474	775	11	3	160529	upalabh	VERB	Pres.Ind.3.Sing.Pass		upalabhyata	upalabhyate	646	tasmin viśuddha ___ ātma tattvam sākṣād yathā amala dṛśoḥ savitṛ prakāśaḥ	tasmin viśuddha upalabhyata ātma tattvam sākṣād yathā amala dṛśoḥ savitṛ prakāśaḥ	upalabhyante|upalabhāmahe|upalabhate	3	mcq
102767	527663	7533	6	3	160529	upalabh	VERB	Pres.Opt.3.Sing.Pass		upalabhyeta	upalabhyeta	646	kadācic ca ___ tatra pānthāt kutaścana	kadācic ca upalabhyeta tatra pānthāt kutaścana	upalabhyate|upalabhyante|upalabhāmahe	3	mcq
1274	555649	8248	6	3	33353	nāda	NOUN	Nom.Sing		nādaḥ	nādaḥ	645	naiḥsvābhāvya mahā ___ dharma śaṅkhaḥ prapūritaḥ	naiḥsvābhāvya mahā nādaḥ dharma śaṅkhaḥ prapūritaḥ	nādam|nādena|nādān	3	mcq
27423	642766	11027	5	4	33353	nāda	NOUN	Acc.Sing		nādaṃ	nādam	645	dṛṣṭvā ca uccair ___ muktavantaḥ	dṛṣṭvā ca uccair nādaṃ muktavantaḥ	nādaḥ|nādena|nādān	3	mcq
40051	31252	4018	5	4	33353	nāda	NOUN	Ins.Sing		nādena	nādena	645	mahatā mahatā dīno ___ śvasiti	mahatā mahatā dīno nādena śvasiti	nādam|nādaḥ|nādān	3	mcq
11266	465293	11917	7	5	116207	śarkarā	NOUN	Nom.Plur		śarkarāḥ	śarkarāḥ	643	phāṇita guḍa matsyaṇḍikā khaṇḍa ___ kṣāra vargaḥ	phāṇita guḍa matsyaṇḍikā khaṇḍa śarkarāḥ kṣāra vargaḥ	śarkarā|śarkaram|śarkarām	3	mcq
12090	466148	7302	5	3	116207	śarkarā	NOUN	Gen.Plur		śarkarāṇāṃ	śarkarāṇām	643	abhyantaraṃ catasṛṇāṃ ___ dvāram apāvriyate	abhyantaraṃ catasṛṇāṃ śarkarāṇāṃ dvāram apāvriyate	śarkarā|śarkaram|śarkarāḥ	3	mcq
23868	639519	11897	6	1	116207	śarkarā	NOUN	Nom.Plur		śarkarāḥ	śarkarāḥ	643	___ sikatā aśmāna oṣadhayo vīrudhas tṛṇā	śarkarāḥ sikatā aśmāna oṣadhayo vīrudhas tṛṇā	śarkarā|śarkaram|śarkarām	3	mcq
18315	634205	10499	7	2	165409	same	VERB	Pres.Imp.3.Sing.NonPass		samaitv	samaitu	641	tāvat ___ indriyaṃ mayi tat hasti varcasam	tāvat samaitv indriyaṃ mayi tat hasti varcasam	samaiti|sameta|sameyātām	3	mcq
20977	636744	11543	9	1	165409	same	VERB	Pres.Imp.2.Plur.NonPass		sameta	sameta	641	___ viśve vacasā patiṃ diva eko vibhūr atithir janānām	sameta viśve vacasā patiṃ diva eko vibhūr atithir janānām	samaiti|sameyātām|sameyuḥ	3	mcq
21090	636855	11643	6	1	165409	same	VERB	Pres.Imp.3.Sing.NonPass		samaitu	samaitu	641	___ viśvato bhago antarhastaṃ kṛtaṃ mama	samaitu viśvato bhago antarhastaṃ kṛtaṃ mama	samaiti|sameta|sameyātām	3	mcq
54407	436687	12342	10	1	160649	upaspṛś	VERB	Pres.Imp.2.Sing.NonPass		upaspṛśa	upaspṛśa	641	___ divyaṃ sā nu stūpaiḥ saṃ raśmibhis tatanaḥ sūryasya iti	upaspṛśa divyaṃ sā nu stūpaiḥ saṃ raśmibhis tatanaḥ sūryasya iti	upaspṛśet|upaspṛśati|upaspṛśata	3	mcq
150807	558628	8888	6	1	160649	upaspṛś	VERB	Pres.Opt.3.Sing.NonPass		upaspṛśed	upaspṛśet	641	___ vihīnāyāṃ tuṣa aṅgāra asthi bhasmabhiḥ	upaspṛśed vihīnāyāṃ tuṣa aṅgāra asthi bhasmabhiḥ	upaspṛśati|upaspṛśata|upaspṛśa	3	mcq
169001	425153	7373	5	2	160649	upaspṛś	VERB	Pres.Opt.3.Sing.NonPass		upaspṛśed	upaspṛśet	641	yady ___ duriṣṭaṃ yajñasya pratimuñcīta	yady upaspṛśed duriṣṭaṃ yajñasya pratimuñcīta	upaspṛśati|upaspṛśata|upaspṛśa	3	mcq
75289	574530	9767	6	1	112093	sātyaki	NOUN	Nom.Sing		sātyakiḥ	sātyakiḥ	640	___ marutām aṃśaḥ hārdikyo drupadaḥ tathā	sātyakiḥ marutām aṃśaḥ hārdikyo drupadaḥ tathā	sātyakim|sātyakeḥ|sātyakinā	3	mcq
77714	576955	9716	7	3	112093	sātyaki	NOUN	Nom.Sing		sātyakiḥ	sātyakiḥ	640	uktvā iti ___ tūrṇam babhūva bhrakuṭi mukhaḥ	uktvā iti sātyakiḥ tūrṇam babhūva bhrakuṭi mukhaḥ	sātyakim|sātyakeḥ|sātyakinā	3	mcq
77719	576960	9716	7	1	112093	sātyaki	NOUN	Nom.Sing		sātyakiḥ	sātyakiḥ	640	___ śaurya sadṛśam dhanyaṃ kiṃ vā prabhāṣatām	sātyakiḥ śaurya sadṛśam dhanyaṃ kiṃ vā prabhāṣatām	sātyakim|sātyakeḥ|sātyakinā	3	mcq
419	590177	9744	6	1	28101	niśā	NOUN	Nom.Sing		niśā	niśā	638	___ niśīthinī rātriḥ śarvarī kṣaṇadā kṣapā	niśā niśīthinī rātriḥ śarvarī kṣaṇadā kṣapā	niśām|niśāyām|niśāsu	3	mcq
8137	75295	488	6	1	28101	niśā	NOUN	Nom.Sing		niśā	niśā	638	___ niśīthinī rātriḥ triyāmā kṣaṇadā kṣapā	niśā niśīthinī rātriḥ triyāmā kṣaṇadā kṣapā	niśām|niśāyām|niśāsu	3	mcq
31855	552414	8891	6	5	144442	puṇya	NOUN	Loc.Plur		puṇyeṣu	puṇyeṣu	638	su karma pāpa mantra ___ kṛñaḥ	su karma pāpa mantra puṇyeṣu kṛñaḥ	puṇyam|puṇyena|puṇyaḥ	3	mcq
36233	27238	310	9	7	28101	niśā	NOUN	Loc.Sing		niśāyāṃ	niśāyām	638	na udaka antaritān na dvir na ___ na kevalān	na udaka antaritān na dvir na niśāyāṃ na kevalān	niśām|niśā|niśāsu	3	mcq
67863	95155	8998	9	4	144442	puṇya	NOUN	Nom.Plur		puṇyāḥ	puṇyāḥ	638	nūnaṃ tva kṛta ___ te bhṛtyā yeṣv īśvarāḥ śubhe	nūnaṃ tva kṛta puṇyāḥ te bhṛtyā yeṣv īśvarāḥ śubhe	puṇyam|puṇyena|puṇyaḥ	3	mcq
69639	97153	782	8	2	144442	puṇya	NOUN	Nom.Sing		puṇyaḥ	puṇyaḥ	638	kṣīṇa ___ pataty arvāg an icchan kāla cālitaḥ	kṣīṇa puṇyaḥ pataty arvāg an icchan kāla cālitaḥ	puṇyam|puṇyena|puṇyaiḥ	3	mcq
8047	75205	488	6	1	44077	nabhas	NOUN	Nom.Sing		nabho	nabhaḥ	637	___ 'ntarikṣaṃ gaganam anantam suravartma kham	nabho 'ntarikṣaṃ gaganam anantam suravartma kham	nabhasi|nabhasā|nabhasaḥ	3	mcq
16528	649329	17502	7	3	44077	nabhas	NOUN	Gen.Sing		nabhasas	nabhasaḥ	637	ayaṃ no ___ patiḥ saṃsphāno abhi rakṣatu	ayaṃ no nabhasas patiḥ saṃsphāno abhi rakṣatu	nabhaḥ|nabhasi|nabhasā	3	mcq
16530	649331	17502	7	3	44077	nabhas	NOUN	Gen.Sing		nabhasas	nabhasaḥ	637	tvaṃ no ___ pata ūrjaṃ gṛheṣu dhāraya	tvaṃ no nabhasas pata ūrjaṃ gṛheṣu dhāraya	nabhaḥ|nabhasi|nabhasā	3	mcq
248	590006	9741	7	1	48140	vijaya	NOUN	Nom.Sing		vijayo	vijayaḥ	636	___ malla devau ca anantavīryaḥ ca bhadrakṛt	vijayo malla devau ca anantavīryaḥ ca bhadrakṛt	vijayāya|vijayam|vijaye	3	mcq
3587	650056_1	10835	8	4	38775	ṛtvij	NOUN	Nom.Plur		ṛtvijaḥ	ṛtvijaḥ	636	punar vai etam ___ garbham kurvanti yam dīkṣayanti	punar vai etam ṛtvijaḥ garbham kurvanti yam dīkṣayanti	ṛtvijām|ṛtvigbhyaḥ|ṛtvigbhiḥ	3	mcq
7243	652716_1	12136	11	2	38775	ṛtvij	NOUN	Nom.Plur		ṛtvijaḥ	ṛtvijaḥ	636	tam ___ ūcuḥ tvam eva naḥ asya ahnaḥ saṃsthām adhigaccha iti	tam ṛtvijaḥ ūcuḥ tvam eva naḥ asya ahnaḥ saṃsthām adhigaccha iti	ṛtvijām|ṛtvigbhyaḥ|ṛtvigbhiḥ	3	mcq
12185	687000	14332	4	2	144586	puroḍāśa	NOUN	Nom.Sing		puroḍāśaś	puroḍāśaḥ	636	maitraḥ ___ carur vā	maitraḥ puroḍāśaś carur vā	puroḍāśam|puroḍāśasya|puroḍāśān	3	mcq
12188	687003	14332	4	2	144586	puroḍāśa	NOUN	Nom.Sing		puroḍāśo	puroḍāśaḥ	636	vāruṇaḥ ___ nityāḥ purastāddhomāḥ	vāruṇaḥ puroḍāśo nityāḥ purastāddhomāḥ	puroḍāśam|puroḍāśasya|puroḍāśān	3	mcq
12191	687006	14332	4	2	144586	puroḍāśa	NOUN	Nom.Sing		puroḍāśo	puroḍāśaḥ	636	maitraḥ ___ nityāḥ purastāddhomāḥ	maitraḥ puroḍāśo nityāḥ purastāddhomāḥ	puroḍāśam|puroḍāśasya|puroḍāśān	3	mcq
12695	687521	14394	6	3	38775	ṛtvij	NOUN	Gen.Plur		ṛtvijāṃ	ṛtvijām	636	na vā ___ ca ekam iva	na vā ṛtvijāṃ ca ekam iva	ṛtvijaḥ|ṛtvigbhyaḥ|ṛtvigbhiḥ	3	mcq
15869	648689	14361	9	4	163307	viji	VERB	Pres.Ind.3.Plur.NonPass		vijayante	vijayante	636	yasmān na ṛte ___ janāso yaṃ yudhyamānā avase havante	yasmān na ṛte vijayante janāso yaṃ yudhyamānā avase havante	vijayate|vijigye|vyajayat	3	mcq
22697	638356	11428	8	3	48140	vijaya	NOUN	Gen.Sing		vijayasya	vijayasya	636	yeṣāṃ purutrā ___ mahmani catuṣpādo dvipado yanti yāmam	yeṣāṃ purutrā vijayasya mahmani catuṣpādo dvipado yanti yāmam	vijayaḥ|vijayāya|vijayam	3	mcq
63189	90432	744	11	3	48140	vijaya	NOUN	Dat.Sing		vijayāya	vijayāya	636	utthāya viśva ___ ca no viṣādaṃ mādhvyā girā apanayatāt puruṣaḥ purāṇaḥ	utthāya viśva vijayāya ca no viṣādaṃ mādhvyā girā apanayatāt puruṣaḥ purāṇaḥ	vijayaḥ|vijayam|vijaye	3	mcq
96825	521707	7510	6	1	163307	viji	VERB	Pres.Imp.2.Sing.NonPass		vijayasva	vijayasva	636	___ mahā rājaiḥ putreṇa dviṣatāṃ gaṇam	vijayasva mahā rājaiḥ putreṇa dviṣatāṃ gaṇam	vijayate|vijigye|vyajayat	3	mcq
103785	528681	7559	7	2	163307	viji	VERB	Pres.Ind.3.Sing.NonPass		vijayate	vijayate	636	yadā ___ dyūte sa sarvaṃ draviṇaṃ tadā	yadā vijayate dyūte sa sarvaṃ draviṇaṃ tadā	vijigye|vyajayat|vyajayanta	3	mcq
4462	650493_3	10950	5	3	64966	yūpa	NOUN	Ins.Sing		yūpena	yūpena	634	tam vai ___ eva ayopayan	tam vai yūpena eva ayopayan	yūpam|yūpaḥ|yūpe	3	mcq
4463	650493_4	10950	9	3	64966	yūpa	NOUN	Ins.Sing		yūpena	yūpena	634	tam yat ___ eva ayopayan tat yūpasya yūpa tvam	tam yat yūpena eva ayopayan tat yūpasya yūpa tvam	yūpam|yūpaḥ|yūpe	3	mcq
4466	650493_7	10950	8	3	64966	yūpa	NOUN	Acc.Sing		yūpam	yūpam	634	te vai ___ eva avindan avācīna agram nimitam	te vai yūpam eva avindan avācīna agram nimitam	yūpaḥ|yūpe|yūpasya	3	mcq
28602	43253	5054	8	5	71545	ruj	NOUN	Dat.Sing		ruje	_	634	ciraṃ ca balyā na ___ vyāpannā api prakalpate	ciraṃ ca balyā na ruje vyāpannā api prakalpate	ruj|rujaḥ|rujam	3	mcq
36022	27026	309	8	6	71545	ruj	NOUN	Loc.Plur		_	_	634	kāsa āma pīnasa śvāsa pārśva ___ ca śasyate	kāsa āma pīnasa śvāsa pārśva _ ca śasyate	ruj|rujaḥ|rujam	3	mcq
37425	28443	71	8	8	71545	ruj	NOUN	Loc.Sing		_	_	634	tathā dagdha āhata bhraṣṭa yoni karṇa śiras ___	tathā dagdha āhata bhraṣṭa yoni karṇa śiras _	ruj|rujaḥ|rujam	3	mcq
66770	94062	8986	8	1	161504	niṣad	VERB	Pres.Imp.2.Sing.NonPass		niṣīda	niṣīda	634	___ iti abruvan tāta sa niṣādaḥ tatas 'bhavat	niṣīda iti abruvan tāta sa niṣādaḥ tatas 'bhavat	niṣasāda|niṣeduḥ|nyaṣīdat	3	mcq
83383	582624	9728	8	4	161504	niṣad	VERB	Pres.Imp.2.Sing.NonPass		niṣīda	niṣīda	634	sa taiḥ uktaḥ ___ iti niṣāda janakaḥ 'bhavat	sa taiḥ uktaḥ niṣīda iti niṣāda janakaḥ 'bhavat	niṣasāda|niṣeduḥ|nyaṣīdat	3	mcq
87326	586567	9738	8	1	161504	niṣad	VERB	Pres.Imp.2.Sing.NonPass		niṣīda	niṣīda	634	___ iti atriṇā uktaḥ 'sau niṣāda janakaḥ 'bhavat	niṣīda iti atriṇā uktaḥ 'sau niṣāda janakaḥ 'bhavat	niṣasāda|niṣeduḥ|nyaṣīdat	3	mcq
10392	464418	7325	9	1	132505	śāsana	NOUN	Acc.Sing		śāsanaṃ	śāsanam	632	___ ca yathā uktam brūyāt prāṇa ābādhe 'pi dṛṣṭe	śāsanaṃ ca yathā uktam brūyāt prāṇa ābādhe 'pi dṛṣṭe	śāsanāt|śāsane|śāsanaḥ	3	mcq
10413	464439	7325	11	1	132505	śāsana	NOUN	Acc.Sing		śāsanam	śāsanam	632	___ aniṣṭam uktvā bandha vadha bhayāt avisṛṣṭo api apagacchet anyathā niyamyeta	śāsanam aniṣṭam uktvā bandha vadha bhayāt avisṛṣṭo api apagacchet anyathā niyamyeta	śāsanāt|śāsane|śāsanaḥ	3	mcq
10889	464916	7291	4	1	132505	śāsana	NOUN	Loc.Sing		śāsane	śāsane	632	___ śāsanam iti ācakṣate	śāsane śāsanam iti ācakṣate	śāsanāt|śāsanam|śāsanaḥ	3	mcq
60970	88124	8953	6	1	158941	vand	VERB	Past.Ind.3.Sing.NonPass		vavande	vavande	632	___ śirasā sapta devakī pramukhāḥ mudā	vavande śirasā sapta devakī pramukhāḥ mudā	vande|avandata|vandate	3	mcq
85703	584944	9728	7	2	158941	vand	VERB	Past.Ind.3.Sing.NonPass		vavande	vavande	632	smṛtvā ___ sa ānandaḥ puṇyāṃ mandākinīṃ muniḥ	smṛtvā vavande sa ānandaḥ puṇyāṃ mandākinīṃ muniḥ	vande|avandata|vandate	3	mcq
96245	521126	7507	6	1	158941	vand	VERB	Past.Ind.3.Sing.NonPass		vavande	vavande	632	___ caraṇau tasyāḥ saṃspṛśya śirasā mahīm	vavande caraṇau tasyāḥ saṃspṛśya śirasā mahīm	vande|avandata|vandate	3	mcq
761	590520	9744	6	1	35136	nidrā	NOUN	Nom.Sing		nidrā	nidrā	631	___ pramīlā śayanaṃ saṃveśa svāpa saṃlayāḥ	nidrā pramīlā śayanaṃ saṃveśa svāpa saṃlayāḥ	nidrām|nidrayā|nidrāyām	3	mcq
10202	464228	7306	5	2	31771	amātya	NOUN	Nom.Sing		'mātyaḥ	amātyaḥ	631	eko ___ sarvān amātyān āvāhayet	eko 'mātyaḥ sarvān amātyān āvāhayet	amātyāḥ|amātyān|amātyaiḥ	3	mcq
10210	464236	7306	6	4	31771	amātya	NOUN	Acc.Plur		amātyān	amātyān	631	trivarga bhaya saṃśuddhān ___ sveṣu karmasu	trivarga bhaya saṃśuddhān amātyān sveṣu karmasu	amātyāḥ|amātyaḥ|amātyaiḥ	3	mcq
27168	642511	10989	8	2	31771	amātya	NOUN	Gen.Plur		amātyānām	amātyānām	631	tena ___ ājñā dattā tayor mīmāṃsā kartavyā iti	tena amātyānām ājñā dattā tayor mīmāṃsā kartavyā iti	amātyāḥ|amātyaḥ|amātyān	3	mcq
35938	26942	308	7	1	35136	nidrā	NOUN	Abl.Sing		nidrāyā	nidrāyāḥ	631	___ moha mūrdha akṣi gaurava ālasya jṛmbhikāḥ	nidrāyā moha mūrdha akṣi gaurava ālasya jṛmbhikāḥ	nidrām|nidrā|nidrayā	3	mcq
36624	27630	1152	8	4	35136	nidrā	NOUN	Gen.Sing		nidrāyā	nidrāyāḥ	631	ebhir eva ca ___ nāśaḥ śleṣma ati saṃkṣayāt	ebhir eva ca nidrāyā nāśaḥ śleṣma ati saṃkṣayāt	nidrām|nidrā|nidrayā	3	mcq
42808	34009	4236	6	1	40019	aiśvarya	NOUN	Gen.Sing		aiśvaryasya	aiśvaryasya	631	___ upabhogaḥ 'yaṃ spṛhaṇīyaḥ suraiḥ api	aiśvaryasya upabhogaḥ 'yaṃ spṛhaṇīyaḥ suraiḥ api	aiśvaryam|aiśvarye|aiśvaryāt	3	mcq
59690	673704	16545	5	2	40019	aiśvarya	NOUN	Acc.Sing		aiśvaryam	aiśvaryam	631	samānānām ___ ādhipatyaṃ rājyaṃ paryeti	samānānām aiśvaryam ādhipatyaṃ rājyaṃ paryeti	aiśvarye|aiśvaryāt|aiśvaryeṇa	3	mcq
60262	87415	592	7	3	157605	adhigam	VERB	Past.Ind.1.Sing.NonPass	them	adhyagamam	adhyagamam	631	ahaṃ ca ___ tatra niviṣṭaḥ tad anugrahāt	ahaṃ ca adhyagamam tatra niviṣṭaḥ tad anugrahāt	adhigacchati|adhigamyate|adhigacchāmi	3	mcq
61266	88507	8957	7	6	157605	adhigam	VERB	Past.Ind.3.Sing.NonPass	them	adhyagamat	adhyagamat	631	kāla karma tamaḥ ruddham punar ___ prabhuḥ	kāla karma tamaḥ ruddham punar adhyagamat prabhuḥ	adhigacchati|adhigamyate|adhigacchāmi	3	mcq
62302	89543	8970	11	3	157605	adhigam	VERB	Impf.Ind.3.Sing.NonPass		adhyagacchat	adhyagacchat	631	tāṃ na ___ dṛśam atra saṃmatāṃ prapañca nirmāṇa vidhiḥ yayā bhavet	tāṃ na adhyagacchat dṛśam atra saṃmatāṃ prapañca nirmāṇa vidhiḥ yayā bhavet	adhigacchati|adhigamyate|adhigacchāmi	3	mcq
65288	92580	972	7	1	40019	aiśvarya	NOUN	Acc.Sing		aiśvaryaṃ	aiśvaryam	631	___ pārameṣṭhyaṃ ca te 'pi dharma vinirmitam	aiśvaryaṃ pārameṣṭhyaṃ ca te 'pi dharma vinirmitam	aiśvarye|aiśvaryāt|aiśvaryeṇa	3	mcq
922	506141	7429	8	8	161261	nikṣip	VERB	Pres.Opt.3.Sing.NonPass		nikṣipet	nikṣipet	630	yoga yuktam yadā prāpyaṃ yukti tulyam ca ___	yoga yuktam yadā prāpyaṃ yukti tulyam ca nikṣipet	nikṣipati|nikṣipanti|nikṣepsyāmi	3	mcq
38182	29380	3873	6	2	161261	nikṣip	VERB	Pres.Opt.3.Sing.NonPass		nikṣiped	nikṣipet	630	māṃsale ___ deśe vrīhyāsyaṃ vrīhi mātrakam	māṃsale nikṣiped deśe vrīhyāsyaṃ vrīhi mātrakam	nikṣipati|nikṣipanti|nikṣepsyāmi	3	mcq
38799	29997	3934	9	1	163614	viśudh	VERB	Pres.Ind.3.Sing.NonPass		viśudhyati	viśudhyati	630	___ ca duṣṭa asram dvi tri rātram ayaṃ kramaḥ	viśudhyati ca duṣṭa asram dvi tri rātram ayaṃ kramaḥ	viśudhyanti|viśudhyate|viśudhyeta	3	mcq
53567	520526	15314	12	7	163614	viśudh	VERB	Pres.Ind.3.Sing.Pass		viśudhyate	viśudhyate	630	mati pravṛtte 'pi ca pātaka upamaiḥ ___ atha api ca sarva pātakaiḥ	mati pravṛtte 'pi ca pātaka upamaiḥ viśudhyate atha api ca sarva pātakaiḥ	viśudhyati|viśudhyanti|viśudhyeta	3	mcq
75925	575166	9767	7	2	24419	kuntī	NOUN	Gen.Sing		kuntyāḥ	kuntyāḥ	630	etat ___ vacaḥ śrutvā pāṇḍuḥ punar abhāṣata	etat kuntyāḥ vacaḥ śrutvā pāṇḍuḥ punar abhāṣata	kuntī|kuntīm|kuntyā	3	mcq
75956	575197	9767	7	4	24419	kuntī	NOUN	Nom.Sing		kuntī	kuntī	630	tathā iti śrutvā ___ ca jagatprāṇāt samīraṇāt	tathā iti śrutvā kuntī ca jagatprāṇāt samīraṇāt	kuntīm|kuntyāḥ|kuntyā	3	mcq
75970	575211	9767	6	4	24419	kuntī	NOUN	Nom.Sing		kuntī	kuntī	630	tato mantra samāhūtāt ___ prāpa śatakratoḥ	tato mantra samāhūtāt kuntī prāpa śatakratoḥ	kuntīm|kuntyāḥ|kuntyā	3	mcq
89016	331894	4513	9	3	161261	nikṣip	VERB	Pres.Opt.3.Sing.NonPass		nikṣipet	nikṣipet	630	tad madhye ___ sūtaṃ baddhvā tat tri dinam pacet	tad madhye nikṣipet sūtaṃ baddhvā tat tri dinam pacet	nikṣipati|nikṣipanti|nikṣepsyāmi	3	mcq
37875	29072	2955	8	8	63981	īkṣaṇa	NOUN	Loc.Sing		īkṣaṇe	īkṣaṇe	629	vāta pitta āture jihme śīrṇa pakṣma āvila ___	vāta pitta āture jihme śīrṇa pakṣma āvila īkṣaṇe	īkṣaṇaḥ|īkṣaṇā|īkṣaṇam	3	mcq
